,index,Unnamed: 0,year,case,par,repjur,crash_dt,crash_tm,accday,accmon,holiday,county,co_char,city,weather,weather2,lightcond,surfcond,surftype,numfatal,nmforms,pforms,vforms,not_tm,arr_tm,hosp_tm,fhevent,hitrun,manncol,milepnt,reljunc,reljuncinter,intersectiontype,funcsystem,landuse,ownership,route,schlbus,spejur,contdev,devfunc,trafid1,trafid2,lon,lat,wk_zone,vnumber,crashtype,criticalevent,criticaleventcat,spdlim,body,trailer,emerg,hazcargo,leave,mhevent,roadalgn,roadprof,traflane,trafflow,vehmanvr,numoccs,regowner,regstate,spuse,make,model,modelyr,vrf1,vrf2,seqevent1,seqevent2,seqevent3,seqevent4,seqevent5,seqevent6,pnumber,ptype,age,sex,hispanic,race,injury,diedscene,restraint,restraintmisuse,seatpos,takehosp,death_dt,death_tm,cert,cernum_wa,commlic,licendor,licrestrict,liccomp,drivpres,drf1,drf2,drf3,drf4,distract1,distract2,distract3,distract4,distract5,distract6,dricond1,dricond2,dricond3,dricond4,dricond5,dricond6,dzip,licstate,drhgt_in,weight,noncdl,noncdltype,prevdwi,prevoth,prevacc,prevspd,prevsus,driviol1,driviol2,driviol3,driviol4,driviol5,driviol6,spdrel,first_dt,last_dt,airbag,ejection,ejectpath,extricat,injurwrk,methalc,methdrug,nmlocat,strikveh,prf1,prf2,prf3,druginv,alcinvol,drugsts,drugres1,drugres2,drugres3,drugtst1,drugtst2,drugtst3,alcsts,alctst,alcres,nmact1,nmact2,nmact3,nmact4,nmact5,nmact6,nmprior1,nmprior2,nmprior3,nmprior4,nmprior5,nmprior6,nmcond1,nmcond2,nmcond3,nmcond4,nmcond5,nmcond6,nmsafe_helmet,nmsafe_pads,nmsafe_oth,nmprev_ref,nmprev_lgt,nmprev_oth,crashlocation,nmcrashtype,crosswalk,schoolzone,sidewalk,train_inv,wildlife_inv,rotr_fars,intersect_fars,dd_inv,aid_inv,dpd_inv,id_inv,mj_inv,impnm_inv,ainm_inv,dpnm_inv,speed_inv,unlic_inv,unendmc_inv,drowsy_inv,drdist_inv,nmdist_inv,fty_inv,unrestfat_inv,dr1617_inv,dr1820_inv,dr1620_inv,dr2125_inv,dr1625_inv,dr65_inv,dr70_inv,dr75_inv,mc_inv,pv_inv,ht_inv,ped_inv,bike_inv,unrest_fat,mc_fat,unhelmet_mc,pv_fat,ht_fat,ped_fat,bike_fat,dr_alc7,dr_alc8,dr_drug,dr_imp,dr_dist,dr_spd,dr_fty,dr_unlic,dr_alc7only,dr_alc8only,dr_drugonly,dr_drink,nm_imp,nm_alc7,nm_alc8,nm_drug,nm_dist,agegrp1,agegrp2,roadclass,urbrur,dayweek,restuse,vehtype,race_me,intersect,lanedep,oppdir,wrongway,rep_typ,investag,repag_long,rotr,st_rd,cty_rd,city_rd,oth_rd,drug_thc,thc_res,drug_cthc,cthc_res,drug_cann,prevpersemin,prevperse,prevsusoth,drugtst4,drugtst5,drugtst6,drugtst7,drugtst8,drugres4,drugres5,drugres6,drugres7,drugres8,adspresent,adsengaged,adslevel,race1,race2,race3,race4,race5,helmet,helmetmisuse,nmdistract1,nmdistract2,nmdistract3,nmdistract4,nmdistract5,nmdistract6,lab,isedtcase,crf1,crf2,crf3,CoRoadName,CoMP,IntCoRoadName,IntCoMP,crashzip,dcity,crashcity
56,57,57,2017,38,E635532,25.0,2017-01-17,22:43,17,1,0.0,33,King,0,2,0.0,3,2,2,1,0,2,2,,,,12,0,6,3.7,2,0,3,3,2,2,4,0,0,3,3,CR-AVONDALE RD NE,NE 132ND ST,-122.0879417,47.717611111,0,2,82,15,2,40,4,0,0,1,5,12,8,8,3,1,11,1,1,53,0,49,43,2000,0,0.0,12,,,,,,1,1,63,1,7.0,1.0,4,0,3,0,11,4,01/26/2017,5:30,196053004513.0,4513.0,0.0,0.0,3.0,3.0,1,0,0.0,0.0,0.0,96,,,,,,0,,,,,,98034,53,71.0,145.0,6.0,1.0,0.0,1.0,0.0,0.0,0.0,97,,,,,,0,01/15/2016,01/15/2016,8,0,0,0,0.0,9,8,,,0,0.0,0.0,8,0,0.0,0.0,0.0,0.0,0.0,0.0,0.0,0,0,996.0,,,,,,,,,,,,,,,,,,,,,,,,,,,,,,0,0,0,1,1,0,0,0,0,0,0,0,0,0,0,0,0,0,0,0,0,0,0,0,0,0,0,0,0,1,1,0,0,0,0,,1,0,0,0,0,0,0,0,0,0,0,0,0,0,0,0,,,,,,61-65,56-65,County road,U,Tuesday,Belt Used,PV,White,1,0,0,0,County Road,County Sheriff,King County Police,0,0,1,0,0,,,,,,,,,,,,,,,,,,,,,,,,,,,,,,,,,,,,,,,,,,,,98052,Kirkland,Redmond
57,58,58,2017,39,E638933,337.0,2017-01-29,19:14,29,1,0.0,73,Whatcom,110,1,0.0,3,1,2,1,1,2,1,,,,8,0,0,21.0,16,0,1,3,2,1,3,0,0,4,3,SR-11,,-122.4810861,48.714666667,0,1,13,80,5,35,4,0,0,1,2,8,1,1,3,5,1,2,1,53,0,35,47,2010,0,0.0,8,,,,,,1,1,22,2,0.0,0.0,0,0,3,0,11,0,,,,,0.0,0.0,0.0,3.0,1,0,0.0,0.0,0.0,93,,,,,,98,,,,,,98611,53,67.0,130.0,6.0,1.0,0.0,0.0,0.0,7.0,0.0,0,,,,,,9,05/15/2013,01/15/2017,20,0,0,0,8.0,3,2,,,0,0.0,0.0,0,0,0.0,0.0,0.0,0.0,0.0,0.0,0.0,0,0,996.0,,,,,,,,,,,,,,,,,,,,,,,,,,,,,,0,0,0,0,0,0,0,0,0,1,0,1,0,0,0,0,1,0,0,0,0,0,0,1,1,0,0,0,0,1,0,1,0,0,0,,0,0,0,0,0,0,0,0,1,0,0,0,0,0,0,0,,,,,,21-25,16-25,State route,U,Sunday,Belt Used,PV,Not Fatal,0,0,0,0,State Route,Municipal/City Police,Bellingham Police Department,0,1,0,0,0,,,,,,,,,,,,,,,,,,,,,,,,,,,,,,,,,,,,,,,,,,,,98225,Castle Rock,Bellingham
58,59,59,2017,40,E633587,25.0,2017-01-16,15:51,16,1,0.0,33,King,0,1,0.0,1,1,2,1,0,2,1,16:27,17:08,17:24,42,0,0,3.3,8,0,1,6,1,2,4,0,0,0,0,CR-196TH AVE SE,,-122.079925,47.195080556,0,1,1,70,4,35,20,0,0,1,5,42,1,1,2,1,1,2,1,53,0,20,443,2002,0,0.0,63,42.0,,,,,1,1,87,2,0.0,0.0,1,0,3,0,11,5,,,,,0.0,0.0,0.0,3.0,1,0,0.0,0.0,0.0,96,,,,,,0,,,,,,98022,53,63.0,155.0,6.0,1.0,0.0,0.0,0.0,0.0,0.0,0,,,,,,4,,,1,0,0,0,8.0,3,2,,,0,0.0,0.0,0,0,0.0,0.0,0.0,0.0,0.0,0.0,0.0,0,0,996.0,,,,,,,,,,,,,,,,,,,,,,,,,,,,,,0,0,1,0,0,0,0,0,0,0,0,0,1,0,0,0,0,0,0,0,0,0,0,0,0,1,1,1,0,1,0,0,0,0,0,,0,0,0,0,0,0,0,0,0,1,0,0,0,0,0,0,,,,,,81+,76+,County road,R,Monday,Belt Used,PV,Not Fatal,0,0,0,0,County Road,County Sheriff,King County Police,0,0,1,0,0,,,,,,,,,,,,,,,,,,,,,,,,,,,,,,,,,,,,,,,,,,,,98022,Enumclaw,Enumclaw
59,60,60,2017,41,E648561,3.0,2017-01-09,11:34,9,1,0.0,53,Pierce,0,1,0.0,1,1,2,1,0,3,2,,,,12,0,1,0.7,1,0,1,7,2,2,4,0,0,0,0,CR-113TH ST S,,-122.4350528,47.136388889,0,1,20,50,3,25,14,0,0,1,5,12,1,1,2,1,1,1,2,53,0,49,401,1995,0,0.0,12,,,,,,1,1,30,2,0.0,0.0,0,0,3,0,11,0,,,,,0.0,0.0,0.0,3.0,1,0,0.0,0.0,0.0,93,,,,,,0,,,,,,98424,53,66.0,125.0,6.0,1.0,0.0,1.0,0.0,0.0,1.0,97,,,,,,0,02/15/2015,07/15/2016,20,0,0,0,8.0,9,8,,,0,0.0,0.0,8,0,0.0,0.0,0.0,0.0,0.0,0.0,0.0,0,0,996.0,,,,,,,,,,,,,,,,,,,,,,,,,,,,,,0,0,0,0,0,0,0,0,0,0,0,0,0,0,0,0,1,0,0,0,0,0,0,0,0,0,0,0,0,1,0,0,0,0,0,,0,0,0,0,0,0,0,0,1,0,0,0,0,0,0,0,,,,,,26-30,26-35,County road,U,Monday,Belt Used,PV,Not Fatal,0,0,0,0,County Road,County Sheriff,Law Enforcement Support Agency,0,0,1,0,0,,,,,,,,,,,,,,,,,,,,,,,,,,,,,,,,,,,,,,,,,,,,98444,Fife,Tacoma
60,61,61,2017,41,E648561,3.0,2017-01-09,11:34,9,1,0.0,53,Pierce,0,1,0.0,1,1,2,1,0,3,2,,,,12,0,1,0.7,1,0,1,7,2,2,4,0,0,0,0,CR-113TH ST S,,-122.4350528,47.136388889,0,2,21,80,5,25,4,0,0,1,5,12,1,1,2,1,5,2,1,53,0,63,38,2015,0,0.0,12,,,,,,1,1,41,2,0.0,0.0,0,0,3,0,11,0,,,,,0.0,0.0,0.0,3.0,1,0,0.0,0.0,0.0,0,,,,,,0,,,,,,98444,53,65.0,210.0,6.0,1.0,0.0,0.0,2.0,0.0,0.0,0,,,,,,0,12/15/2012,08/15/2016,20,0,0,0,8.0,9,8,,,0,0.0,0.0,8,0,0.0,0.0,0.0,0.0,0.0,0.0,0.0,0,0,996.0,,,,,,,,,,,,,,,,,,,,,,,,,,,,,,0,0,0,0,0,0,0,0,0,0,0,0,0,0,0,0,1,0,0,0,0,0,0,0,0,0,0,0,0,1,0,0,0,0,0,,0,0,0,0,0,0,0,0,0,0,0,0,0,0,0,0,,,,,,41-45,36-45,County road,U,Monday,Belt Used,PV,Not Fatal,0,0,0,0,County Road,County Sheriff,Law Enforcement Support Agency,0,0,1,0,0,,,,,,,,,,,,,,,,,,,,,,,,,,,,,,,,,,,,,,,,,,,,98444,Tacoma,Tacoma
61,62,62,2017,42,E642159,2.0,2017-02-03,15:17,3,2,0.0,61,Snohomish,0,2,0.0,1,2,2,2,0,9,3,15:17,15:27,16:20,12,0,1,183.9,1,0,1,1,2,1,1,0,0,0,0,I-5,,-122.25735,47.8495,0,1,24,51,3,60,34,0,0,1,2,12,1,1,4,3,1,1,3,53,0,12,481,2001,0,0.0,12,,,,,,1,1,51,1,0.0,0.0,1,0,3,0,11,0,,,,,0.0,0.0,0.0,3.0,1,91,0.0,0.0,0.0,96,,,,,,0,,,,,,98258,53,72.0,230.0,6.0,1.0,0.0,1.0,1.0,0.0,0.0,1,,,,,,4,09/15/2014,09/15/2014,1,0,0,0,8.0,3,1,,,0,0.0,0.0,1,0,2.0,401.0,417.0,0.0,1.0,1.0,0.0,2,1,0.0,,,,,,,,,,,,,,,,,,,,,,,,,,,,,,0,0,0,0,0,0,1,1,0,0,0,0,1,0,0,0,0,0,0,0,0,0,0,0,0,0,0,0,0,1,0,0,0,0,0,,0,0,0,0,0,0,1,1,0,1,0,0,0,0,1,0,,,,,,51-55,46-55,Interstate,U,Friday,Belt Used,PV,Not Fatal,0,0,0,0,State Route,State Patrol,Washington State Patrol Headquarter,0,1,0,0,0,,,,,,,,,,,,,,,,,,,,,,,,,,,,,,,,,,,,,,,,,,,,98087,Lake Stevens,Lynnwood
62,63,63,2017,42,E642159,2.0,2017-02-03,15:17,3,2,0.0,61,Snohomish,0,2,0.0,1,2,2,2,0,9,3,15:17,15:27,16:20,12,0,1,183.9,1,0,1,1,2,1,1,0,0,0,0,I-5,,-122.25735,47.8495,0,2,25,53,3,60,20,0,0,1,2,12,1,1,4,3,1,6,2,53,0,35,443,2000,0,0.0,12,12.0,,,,,1,1,43,1,0.0,0.0,1,0,3,0,11,5,,,,,0.0,0.0,0.0,3.0,1,0,0.0,0.0,0.0,0,,,,,,0,,,,,,98270,53,72.0,300.0,6.0,1.0,0.0,0.0,0.0,0.0,0.0,0,,,,,,0,,,8,0,0,0,8.0,9,8,,,0,0.0,0.0,8,0,0.0,0.0,0.0,0.0,0.0,0.0,0.0,0,0,996.0,,,,,,,,,,,,,,,,,,,,,,,,,,,,,,0,0,0,0,0,0,1,1,0,0,0,0,1,0,0,0,0,0,0,0,0,0,0,0,0,0,0,0,0,1,0,0,0,0,0,,0,0,0,0,0,0,0,0,0,0,0,0,0,0,0,0,,,,,,41-45,36-45,Interstate,U,Friday,Belt Used,PV,Not Fatal,0,0,0,0,State Route,State Patrol,Washington State Patrol Headquarter,0,1,0,0,0,,,,,,,,,,,,,,,,,,,,,,,,,,,,,,,,,,,,,,,,,,,,98087,Marysville,Lynnwood
63,64,64,2017,42,E642159,2.0,2017-02-03,15:17,3,2,0.0,61,Snohomish,0,2,0.0,1,2,2,2,0,9,3,15:17,15:27,16:20,12,0,1,183.9,1,0,1,1,2,1,1,0,0,0,0,I-5,,-122.25735,47.8495,0,3,98,53,3,60,4,0,0,1,3,12,1,1,4,3,2,2,1,53,0,6,51,2006,0,0.0,12,64.0,25.0,,,,1,1,52,2,0.0,0.0,1,0,3,0,11,8,,,,,0.0,0.0,3.0,3.0,1,0,0.0,0.0,0.0,0,,,,,,0,,,,,,98023,53,65.0,200.0,6.0,1.0,0.0,0.0,0.0,0.0,0.0,0,,,,,,0,,,20,0,0,0,8.0,9,8,,,0,0.0,0.0,8,0,8.0,95.0,0.0,0.0,6.0,0.0,0.0,8,95,995.0,,,,,,,,,,,,,,,,,,,,,,,,,,,,,,0,0,0,0,0,0,1,1,0,0,0,0,1,0,0,0,0,0,0,0,0,0,0,0,0,0,0,0,0,1,0,0,0,0,0,,0,0,0,0,0,0,0,0,0,0,0,0,0,0,0,0,,,,,,51-55,46-55,Interstate,U,Friday,Belt Used,PV,Not Fatal,0,0,0,0,State Route,State Patrol,Washington State Patrol Headquarter,0,1,0,0,0,,,,,,,,,,,,,,,,,,,,,,,,,,,,,,,,,,,,,,,,,,,,98087,Federal Way,Lynnwood
64,65,65,2017,43,E639820,1.0,2017-02-01,5:45,1,2,0.0,5,Benton,0,5,0.0,2,4,2,2,0,4,2,,,,12,0,6,172.8,1,0,1,4,1,1,3,0,0,0,0,SR-14,,-119.4869472,45.945558333,0,1,66,6,1,55,20,0,0,1,2,12,1,2,2,1,6,3,2,41,0,6,442,2000,0,0.0,68,68.0,68.0,12.0,,,1,1,48,1,0.0,0.0,3,0,3,0,11,4,,,,,0.0,0.0,0.0,0.0,1,28,87.0,0.0,0.0,96,,,,,,0,,,,,,99301,53,66.0,170.0,0.0,0.0,0.0,0.0,0.0,0.0,0.0,23,,,,,,4,,,8,0,0,0,8.0,9,8,,,0,0.0,0.0,8,0,0.0,0.0,0.0,0.0,0.0,0.0,0.0,0,0,996.0,,,,,,,,,,,,,,,,,,,,,,,,,,,,,,0,0,0,0,0,0,0,0,0,0,0,0,1,1,0,0,0,0,0,0,0,0,0,0,0,0,0,0,0,1,1,0,0,0,0,,0,0,0,0,0,0,0,0,0,1,0,1,0,0,0,0,,,,,,46-50,46-55,State route,R,Wednesday,Belt Used,PV,Not Fatal,0,1,1,0,State Route,State Patrol,Washington State Patrol Headquarter,0,1,0,0,0,,,,,,,,,,,,,,,,,,,,,,,,,,,,,,,,,,,,,,,,,,,,99346,Pasco,Plymouth
65,66,66,2017,43,E639820,1.0,2017-02-01,5:45,1,2,0.0,5,Benton,0,5,0.0,2,4,2,2,0,4,2,,,,12,0,6,172.8,1,0,1,4,1,1,3,0,0,0,0,SR-14,,-119.4869472,45.945558333,0,2,66,62,4,55,66,1,0,1,2,12,1,2,2,1,1,1,3,53,0,85,881,2014,0,0.0,12,,,,,,1,1,37,1,0.0,0.0,1,0,3,0,11,0,,,,,6.0,1.0,0.0,3.0,1,0,0.0,0.0,0.0,0,,,,,,0,,,,,,98948,53,72.0,210.0,6.0,1.0,0.0,0.0,0.0,0.0,0.0,0,,,,,,0,,,20,0,0,0,8.0,9,8,,,0,0.0,0.0,8,0,0.0,0.0,0.0,0.0,0.0,0.0,0.0,0,0,996.0,,,,,,,,,,,,,,,,,,,,,,,,,,,,,,0,0,0,0,0,0,0,0,0,0,0,0,1,1,0,0,0,0,0,0,0,0,0,0,0,0,0,0,0,1,1,0,0,0,0,,0,0,0,0,0,0,0,0,0,0,0,0,0,0,0,0,,,,,,36-40,36-45,State route,R,Wednesday,,MHTRUCK,Not Fatal,0,1,1,0,State Route,State Patrol,Washington State Patrol Headquarter,0,1,0,0,0,,,,,,,,,,,,,,,,,,,,,,,,,,,,,,,,,,,,,,,,,,,,99346,Toppenish,Plymouth
66,67,67,2017,44,E643131,1.0,2017-02-01,19:32,1,2,0.0,77,Yakima,0,1,0.0,3,1,2,1,0,2,2,19:31,19:41,20:00,12,0,6,195.8,2,0,2,3,2,1,2,0,0,20,3,US-12,MAPLEWAY RD,-120.6203528,46.660566667,0,1,87,17,2,35,90,0,0,1,2,12,1,1,2,1,1,1,2,53,0,53,734,2008,0,0.0,12,,,,,,1,1,18,1,7.0,1.0,4,0,17,0,11,5,02/01/2017,20:02,259053006273.0,6273.0,0.0,0.0,3.0,3.0,1,38,0.0,0.0,0.0,93,,,,,,9,,,,,,98908,53,69.0,190.0,6.0,1.0,1.0,2.0,1.0,1.0,1.0,0,,,,,,0,01/15/2015,01/15/2017,20,1,9,0,0.0,9,1,,,0,0.0,0.0,1,0,2.0,605.0,0.0,0.0,1.0,0.0,0.0,2,1,0.0,,,,,,,,,,,,,,,,,,,,,,,,,,,,,,0,0,0,1,0,0,1,1,1,0,0,0,0,0,0,0,1,0,1,0,0,1,1,0,1,0,0,0,0,1,0,0,0,0,0,,0,0,0,0,0,0,1,1,1,0,1,0,0,0,1,0,,,,,,18-20,16-25,US highway,U,Wednesday,,OTHVT,White,0,0,0,0,State Route,State Patrol,Washington State Patrol,0,1,0,0,0,thc,28.0,carboxy-thc,90.0,,,,,,,,,,,,,,,,,,,,,,,,,,,,,,,,,,,,,,,,98908,Yakima,Yakima
67,68,68,2017,44,E643131,1.0,2017-02-01,19:32,1,2,0.0,77,Yakima,0,1,0.0,3,1,2,1,0,2,2,19:31,19:41,20:00,12,0,6,195.8,2,0,2,3,2,1,2,0,0,0,0,US-12,MAPLEWAY RD,-120.6203528,46.660566667,0,2,86,66,4,60,14,0,0,1,2,12,1,1,4,2,1,1,1,53,0,55,401,2013,0,0.0,12,,,,,,1,1,46,2,0.0,0.0,2,0,3,0,11,5,,,,,6.0,0.0,3.0,3.0,1,0,0.0,0.0,0.0,0,,,,,,0,,,,,,98937,53,69.0,130.0,6.0,1.0,0.0,0.0,0.0,0.0,0.0,0,,,,,,0,,,8,0,0,0,8.0,9,2,,,0,0.0,0.0,0,0,2.0,155.0,996.0,996.0,1.0,1.0,1.0,2,1,0.0,,,,,,,,,,,,,,,,,,,,,,,,,,,,,,0,0,0,1,0,0,1,1,1,0,0,0,0,0,0,0,1,0,1,0,0,1,1,0,1,0,0,0,0,1,0,0,0,0,0,,0,0,0,0,0,0,1,1,0,0,0,0,0,0,1,0,,,,,,46-50,46-55,US highway,U,Wednesday,Belt Used,PV,Not Fatal,0,0,0,0,State Route,State Patrol,Washington State Patrol,0,1,0,0,0,,,,,,,,,,,,,,,,,,,,,,,,,,,,,,,,,,,,,,,,,,,,98908,Naches,Yakima
68,69,69,2017,45,E638895,4.0,2017-02-03,9:50,3,2,0.0,75,Whitman,0,4,0.0,1,4,1,1,0,2,2,,,,12,0,6,57.8,1,0,1,3,1,1,2,0,0,0,0,US-195,,-117.3797389,47.168369444,0,1,66,6,1,60,34,0,0,1,2,12,2,1,2,1,14,1,2,53,0,12,471,1996,0,0.0,68,12.0,,,,,1,1,20,1,7.0,1.0,4,7,3,0,11,0,02/03/2017,9:50,53006172.0,6172.0,0.0,0.0,3.0,3.0,1,28,87.0,0.0,0.0,96,,,,,,99,,,,,,99223,53,69.0,150.0,6.0,1.0,0.0,0.0,1.0,1.0,0.0,0,,,,,,4,03/15/2013,12/15/2014,1,0,0,0,0.0,9,8,,,0,0.0,0.0,8,0,2.0,1.0,0.0,0.0,1.0,0.0,0.0,2,1,0.0,,,,,,,,,,,,,,,,,,,,,,,,,,,,,,0,0,0,0,0,0,0,0,0,0,0,0,1,0,0,0,0,0,0,0,0,1,1,0,1,0,0,0,0,0,1,0,0,0,0,,0,0,0,0,0,0,0,0,0,1,0,0,0,0,0,0,,,,,,18-20,16-25,US highway,R,Friday,Belt Used,PV,White,0,1,1,0,State Route,State Patrol,Washington State Patrol,0,1,0,0,0,,,,,,,,,,,,,,,,,,,,,,,,,,,,,,,,,,,,,,,,,,,,99170,Spokane,Rosalia
69,70,70,2017,45,E638895,4.0,2017-02-03,9:50,3,2,0.0,75,Whitman,0,4,0.0,1,4,1,1,0,2,2,,,,12,0,6,57.8,1,0,1,3,1,1,2,0,0,0,0,US-195,,-117.3797389,47.168369444,0,2,66,62,4,60,63,1,0,1,2,12,3,1,2,1,14,1,9,99,0,98,804,2014,0,0.0,12,,,,,,1,1,57,1,0.0,0.0,0,0,3,0,11,0,,,,,6.0,1.0,3.0,3.0,1,0,0.0,0.0,0.0,0,,,,,,0,,,,,,83544,16,72.0,210.0,6.0,1.0,0.0,0.0,0.0,0.0,0.0,0,,,,,,0,,,20,0,0,0,8.0,9,8,,,0,0.0,0.0,8,0,0.0,0.0,0.0,0.0,0.0,0.0,0.0,0,0,996.0,,,,,,,,,,,,,,,,,,,,,,,,,,,,,,0,0,0,0,0,0,0,0,0,0,0,0,1,0,0,0,0,0,0,0,0,1,1,0,1,0,0,0,0,0,1,0,0,0,0,,0,0,0,0,0,0,0,0,0,0,0,0,0,0,0,0,,,,,,56-60,56-65,US highway,R,Friday,,MHTRUCK,Not Fatal,0,1,1,0,State Route,State Patrol,Washington State Patrol,0,1,0,0,0,,,,,,,,,,,,,,,,,,,,,,,,,,,,,,,,,,,,,,,,,,,,99170,Orofino,Rosalia
70,71,71,2017,46,E639471,14.0,2017-02-06,2:16,6,2,0.0,11,Clark,0,1,0.0,2,2,2,1,0,1,1,,,,38,0,0,1.5,1,0,1,7,1,2,4,0,0,0,0,CR-NE 144TH ST,,-122.5237694,45.726391667,0,1,10,99,9,50,4,0,0,1,2,42,1,4,2,1,1,1,1,53,0,52,46,2004,0,0.0,68,64.0,38.0,42.0,,,1,1,27,1,7.0,1.0,4,7,2,0,11,0,02/06/2017,2:16,237053006663.0,6663.0,0.0,0.0,3.0,2.0,1,0,0.0,0.0,0.0,96,,,,,,99,,,,,,98606,53,72.0,155.0,1.0,1.0,1.0,0.0,0.0,1.0,4.0,0,,,,,,9,07/15/2015,10/15/2015,1,0,0,0,0.0,9,8,,,0,0.0,0.0,9,9,2.0,1.0,0.0,0.0,1.0,0.0,0.0,2,1,0.26,,,,,,,,,,,,,,,,,,,,,,,,,,,,,,0,0,1,0,1,1,0,1,0,0,0,0,0,1,0,0,0,0,0,0,0,0,0,0,0,0,0,0,0,1,0,0,0,0,0,,1,0,0,0,0,1,0,1,0,0,0,1,0,1,0,1,,,,,,26-30,26-35,County road,R,Monday,Belt Used,PV,White,0,1,0,0,County Road,County Sheriff,Clark County Sheriff's Office,1,0,1,0,0,,,,,,,,,,,,,,,,,,,,,,,,,,,,,,,,,,,,,,,,,,,,98606,Brush Prairie,Brush Prairie
71,72,72,2017,47,E643622,5.0,2017-02-06,18:56,6,2,0.0,15,Cowlitz,0,4,0.0,2,3,2,1,0,2,2,18:57,19:20,19:43,12,0,6,3.5,1,0,1,4,1,1,3,0,0,0,0,SR-504,,-122.8613972,46.297847222,0,1,66,6,1,55,40,0,0,1,2,12,1,2,3,2,6,1,1,53,0,49,472,2001,0,0.0,68,12.0,,,,,1,1,62,1,7.0,1.0,4,7,3,0,11,0,02/06/2017,18:56,53006855.0,6855.0,0.0,0.0,0.0,3.0,1,28,87.0,0.0,0.0,96,,,,,,99,,,,,,98649,53,75.0,242.0,6.0,1.0,0.0,0.0,0.0,0.0,0.0,0,,,,,,4,,,8,2,9,0,0.0,9,8,,,0,0.0,0.0,8,9,2.0,1.0,0.0,0.0,1.0,0.0,0.0,2,1,0.0,,,,,,,,,,,,,,,,,,,,,,,,,,,,,,0,0,0,0,0,0,0,0,0,0,0,0,1,0,0,0,0,0,0,0,0,0,0,0,0,0,0,0,0,1,1,0,0,0,0,,1,0,0,0,0,0,0,0,0,1,0,0,0,0,0,0,,,,,,61-65,56-65,State route,R,Monday,Belt Used,PV,White,0,1,1,0,State Route,State Patrol,Washington State Patrol Headquarter,0,1,0,0,0,,,,,,,,,,,,,,,,,,,,,,,,,,,,,,,,,,,,,,,,,,,,98611,Toutle,Castle Rock
72,73,73,2017,47,E643622,5.0,2017-02-06,18:56,6,2,0.0,15,Cowlitz,0,4,0.0,2,3,2,1,0,2,2,18:57,19:20,19:43,12,0,6,3.5,1,0,1,4,1,1,3,0,0,0,0,SR-504,,-122.8613972,46.297847222,0,2,66,62,4,55,63,0,0,1,2,12,1,2,3,2,1,1,3,53,0,87,884,2012,0,0.0,12,,,,,,1,1,45,1,0.0,0.0,1,0,3,0,11,4,,,,,6.0,1.0,0.0,3.0,1,0,0.0,0.0,0.0,0,,,,,,0,,,,,,98683,53,74.0,225.0,6.0,1.0,0.0,0.0,0.0,0.0,0.0,0,,,,,,0,,,20,0,0,0,8.0,3,2,,,0,0.0,0.0,0,0,0.0,0.0,0.0,0.0,0.0,0.0,0.0,0,0,996.0,,,,,,,,,,,,,,,,,,,,,,,,,,,,,,0,0,0,0,0,0,0,0,0,0,0,0,1,0,0,0,0,0,0,0,0,0,0,0,0,0,0,0,0,1,1,0,0,0,0,,0,0,0,0,0,0,0,0,0,0,0,0,0,0,0,0,,,,,,41-45,36-45,State route,R,Monday,,MHTRUCK,Not Fatal,0,1,1,0,State Route,State Patrol,Washington State Patrol Headquarter,0,1,0,0,0,,,,,,,,,,,,,,,,,,,,,,,,,,,,,,,,,,,,,,,,,,,,98611,Vancouver,Castle Rock
73,74,74,2017,48,3762437,263.0,2017-02-02,16:30,2,2,0.0,33,King,1960,1,0.0,1,1,2,1,1,1,1,,,,8,0,0,32.2,3,0,2,3,2,1,3,0,0,0,0,SR-99,N NORTHGATE WY,-122.3446972,47.704922222,0,1,13,80,5,35,21,0,0,1,2,8,1,1,6,2,15,1,1,53,0,23,461,1999,0,0.0,8,,,,,,1,1,52,1,0.0,0.0,0,0,3,0,11,0,,,,,6.0,0.0,0.0,3.0,1,0,0.0,0.0,0.0,0,,,,,,0,,,,,,98043,53,74.0,195.0,6.0,1.0,0.0,3.0,0.0,2.0,1.0,0,,,,,,0,07/15/2012,07/15/2016,20,0,0,0,8.0,3,2,,,0,0.0,0.0,0,0,0.0,0.0,0.0,0.0,0.0,0.0,0.0,0,0,996.0,,,,,,,,,,,,,,,,,,,,,,,,,,,,,,0,0,0,1,0,0,0,0,0,0,0,0,0,0,0,0,0,0,0,0,0,0,0,0,0,0,0,0,0,1,0,1,0,0,0,,0,0,0,0,0,0,0,0,0,0,0,0,0,0,0,0,,,,,,51-55,46-55,State route,U,Thursday,Belt Used,PV,Not Fatal,0,0,0,0,State Route,Municipal/City Police,Seattle Police Department,0,1,0,0,0,,,,,,,,,,,,,,,,,,,,,,,,,,,,,,,,,,,,,,,,,,,,98133,Mountlake Terrace,Seattle
74,75,75,2017,49,3762593,263.0,2017-02-04,15:20,4,2,0.0,33,King,1960,2,0.0,1,2,2,1,1,1,1,,,,8,0,0,0.0,3,0,2,4,2,4,6,0,0,2,3,NE 65 ST,20 AVE NE,-122.3065444,47.675797222,0,1,13,80,5,30,34,0,0,1,5,8,1,3,2,1,11,1,1,53,0,7,482,2003,0,0.0,8,,,,,,1,1,45,1,0.0,0.0,0,0,3,0,11,0,,,,,0.0,0.0,3.0,3.0,1,0,0.0,0.0,0.0,96,,,,,,0,,,,,,98144,53,64.0,160.0,6.0,1.0,0.0,1.0,0.0,1.0,0.0,0,,,,,,9,05/15/2012,04/15/2015,2,0,0,0,8.0,3,2,,,0,0.0,0.0,0,0,0.0,0.0,0.0,0.0,0.0,0.0,0.0,0,0,996.0,,,,,,,,,,,,,,,,,,,,,,,,,,,,,,0,0,0,1,0,0,0,0,0,0,0,0,0,0,0,0,0,0,0,0,0,0,0,0,0,0,0,0,0,0,0,1,0,0,0,,0,0,0,0,0,0,0,0,0,0,0,0,0,0,0,0,,,,,,41-45,36-45,City street,U,Saturday,Belt Used,PV,Not Fatal,1,0,0,0,City Street,Municipal/City Police,Seattle Police Department,0,0,0,1,0,,,,,,,,,,,,,,,,,,,,,,,,,,,,,,,,,,,,,,,,,,,,98115,Seattle,Seattle