,index,Unnamed: 0,year,case,par,repjur,crash_dt,crash_tm,accday,accmon,holiday,county,co_char,city,weather,weather2,lightcond,surfcond,surftype,numfatal,nmforms,pforms,vforms,not_tm,arr_tm,hosp_tm,fhevent,hitrun,manncol,milepnt,reljunc,reljuncinter,intersectiontype,funcsystem,landuse,ownership,route,schlbus,spejur,contdev,devfunc,trafid1,trafid2,lon,lat,wk_zone,vnumber,crashtype,criticalevent,criticaleventcat,spdlim,body,trailer,emerg,hazcargo,leave,mhevent,roadalgn,roadprof,traflane,trafflow,vehmanvr,numoccs,regowner,regstate,spuse,make,model,modelyr,vrf1,vrf2,seqevent1,seqevent2,seqevent3,seqevent4,seqevent5,seqevent6,pnumber,ptype,age,sex,hispanic,race,injury,diedscene,restraint,restraintmisuse,seatpos,takehosp,death_dt,death_tm,cert,cernum_wa,commlic,licendor,licrestrict,liccomp,drivpres,drf1,drf2,drf3,drf4,distract1,distract2,distract3,distract4,distract5,distract6,dricond1,dricond2,dricond3,dricond4,dricond5,dricond6,dzip,licstate,drhgt_in,weight,noncdl,noncdltype,prevdwi,prevoth,prevacc,prevspd,prevsus,driviol1,driviol2,driviol3,driviol4,driviol5,driviol6,spdrel,first_dt,last_dt,airbag,ejection,ejectpath,extricat,injurwrk,methalc,methdrug,nmlocat,strikveh,prf1,prf2,prf3,druginv,alcinvol,drugsts,drugres1,drugres2,drugres3,drugtst1,drugtst2,drugtst3,alcsts,alctst,alcres,nmact1,nmact2,nmact3,nmact4,nmact5,nmact6,nmprior1,nmprior2,nmprior3,nmprior4,nmprior5,nmprior6,nmcond1,nmcond2,nmcond3,nmcond4,nmcond5,nmcond6,nmsafe_helmet,nmsafe_pads,nmsafe_oth,nmprev_ref,nmprev_lgt,nmprev_oth,crashlocation,nmcrashtype,crosswalk,schoolzone,sidewalk,train_inv,wildlife_inv,rotr_fars,intersect_fars,dd_inv,aid_inv,dpd_inv,id_inv,mj_inv,impnm_inv,ainm_inv,dpnm_inv,speed_inv,unlic_inv,unendmc_inv,drowsy_inv,drdist_inv,nmdist_inv,fty_inv,unrestfat_inv,dr1617_inv,dr1820_inv,dr1620_inv,dr2125_inv,dr1625_inv,dr65_inv,dr70_inv,dr75_inv,mc_inv,pv_inv,ht_inv,ped_inv,bike_inv,unrest_fat,mc_fat,unhelmet_mc,pv_fat,ht_fat,ped_fat,bike_fat,dr_alc7,dr_alc8,dr_drug,dr_imp,dr_dist,dr_spd,dr_fty,dr_unlic,dr_alc7only,dr_alc8only,dr_drugonly,dr_drink,nm_imp,nm_alc7,nm_alc8,nm_drug,nm_dist,agegrp1,agegrp2,roadclass,urbrur,dayweek,restuse,vehtype,race_me,intersect,lanedep,oppdir,wrongway,rep_typ,investag,repag_long,rotr,st_rd,cty_rd,city_rd,oth_rd,drug_thc,thc_res,drug_cthc,cthc_res,drug_cann,prevpersemin,prevperse,prevsusoth,drugtst4,drugtst5,drugtst6,drugtst7,drugtst8,drugres4,drugres5,drugres6,drugres7,drugres8,adspresent,adsengaged,adslevel,race1,race2,race3,race4,race5,helmet,helmetmisuse,nmdistract1,nmdistract2,nmdistract3,nmdistract4,nmdistract5,nmdistract6,lab,isedtcase,crf1,crf2,crf3,CoRoadName,CoMP,IntCoRoadName,IntCoMP,crashzip,dcity,crashcity
202,206,206,2017,139,E669280,2.0,2017-05-05,22:07,5,5,0.0,57,Skagit,0,10,0.0,2,2,2,1,0,3,2,22:09,22:17,22:40,12,0,2,1.6,1,0,1,4,2,1,3,0,0,0,0,SR-536,,-122.3990806,48.442822222,0,1,50,10,2,45,34,0,0,1,2,12,1,1,2,1,1,1,1,53,0,12,471,1999,0,0.0,68,12.0,,,,,1,1,30,1,0.0,0.0,3,0,3,0,11,4,,,,,0.0,0.0,3.0,3.0,1,28,0.0,0.0,0.0,96,,,,,,9,,,,,,98284,53,72.0,220.0,6.0,1.0,1.0,1.0,0.0,0.0,9.0,97,,,,,,0,10/15/2012,03/15/2015,20,0,0,0,8.0,9,8,,,0,0.0,0.0,8,1,2.0,695.0,0.0,0.0,1.0,0.0,0.0,2,1,0.25,,,,,,,,,,,,,,,,,,,,,,,,,,,,,,0,0,0,0,1,1,1,1,1,0,0,0,0,0,0,0,0,0,0,1,0,0,0,1,1,0,0,0,0,1,0,0,0,0,0,,0,0,0,0,0,1,1,1,0,0,0,0,0,0,0,1,,,,,,26-30,26-35,State route,U,Friday,Belt Used,PV,Not Fatal,0,1,1,0,State Route,State Patrol,Washington State Patrol Headquarter,0,1,0,0,0,,,carboxy-thc,888.0,,,,,,,,,,,,,,,,,,,,,,,,,,,,,,,,,,,,,,,,98273,Sedro Woolley,Mount Vernon
203,207,207,2017,139,E669280,2.0,2017-05-05,22:07,5,5,0.0,57,Skagit,0,10,0.0,2,2,2,1,0,3,2,22:09,22:17,22:40,12,0,2,1.6,1,0,1,4,2,1,3,0,0,0,0,SR-536,,-122.3990806,48.442822222,0,2,51,62,4,45,4,0,0,1,2,12,1,1,2,1,1,2,2,53,0,30,40,2014,0,0.0,12,,,,,,1,1,23,1,7.0,1.0,4,7,20,0,11,0,05/05/2017,22:07,141053020971.0,20971.0,0.0,0.0,0.0,3.0,1,0,0.0,0.0,0.0,0,,,,,,9,,,,,,98611,53,68.0,160.0,6.0,1.0,0.0,0.0,0.0,0.0,0.0,0,,,,,,0,,,8,0,0,0,0.0,1,8,,,0,0.0,0.0,8,1,2.0,1.0,0.0,0.0,1.0,0.0,0.0,2,1,0.13,,,,,,,,,,,,,,,,,,,,,,,,,,,,,,0,0,0,0,1,1,1,1,1,0,0,0,0,0,0,0,0,0,0,1,0,0,0,1,1,0,0,0,0,1,0,0,0,1,0,,1,0,0,0,0,1,0,1,0,0,0,0,0,1,0,1,,,,,,21-25,16-25,State route,U,Friday,Not Used,PV,White,0,1,1,0,State Route,State Patrol,Washington State Patrol Headquarter,0,1,0,0,0,,,,,,,,,,,,,,,,,,,,,,,,,,,,,,,,,,,,,,,,,,,,98273,Castle Rock,Mount Vernon
204,208,208,2017,141,E674098,35.0,2017-05-11,11:15,11,5,0.0,53,Pierce,2230,2,0.0,1,6,2,1,0,4,4,11:12,11:22,11:34,12,0,1,129.6,1,0,1,1,2,1,1,0,0,0,0,I-5,,-122.4644944,47.182202778,0,1,20,50,3,60,66,1,0,1,2,30,1,1,4,3,1,1,3,18,0,51,881,2017,0,0.0,12,64.0,25.0,30.0,,,1,1,46,1,7.0,1.0,4,7,3,0,11,0,05/11/2017,11:15,112453022557.0,22557.0,6.0,1.0,0.0,3.0,1,26,0.0,0.0,0.0,96,,,,,,99,,,,,,98632,53,75.0,280.0,6.0,1.0,0.0,0.0,0.0,1.0,0.0,0,,,,,,4,04/15/2016,04/15/2016,20,0,0,0,1.0,9,8,,,0,0.0,0.0,8,9,2.0,1.0,0.0,0.0,1.0,0.0,0.0,2,1,0.0,,,,,,,,,,,,,,,,,,,,,,,,,,,,,,0,0,0,0,0,0,0,0,0,0,0,0,1,0,0,0,0,0,0,0,0,0,0,1,1,1,0,0,0,1,1,0,0,0,0,,0,1,0,0,0,0,0,0,0,1,0,0,0,0,0,0,,,,,,46-50,46-55,Interstate,U,Thursday,,MHTRUCK,White,0,0,0,0,State Route,State Patrol,Washington State Patrol Headquarter,0,1,0,0,0,,,,,,,,,,,,,,,,,,,,,,,,,,,,,,,,,,,,,,,,,,,,98409,Longview,Tacoma
205,209,209,2017,141,E674098,35.0,2017-05-11,11:15,11,5,0.0,53,Pierce,2230,2,0.0,1,6,2,1,0,4,4,11:12,11:22,11:34,12,0,1,129.6,1,0,1,1,2,1,1,0,0,0,0,I-5,,-122.4644944,47.182202778,0,2,21,53,3,60,61,0,0,1,2,12,1,1,4,3,5,1,3,53,0,12,881,2015,0,0.0,12,12.0,,,,,1,1,22,1,0.0,0.0,1,0,3,0,11,8,,,,,0.0,0.0,0.0,3.0,1,0,0.0,0.0,0.0,0,,,,,,0,,,,,,98499,53,81.0,250.0,6.0,1.0,0.0,0.0,0.0,1.0,0.0,0,,,,,,0,12/15/2015,12/15/2015,20,0,0,0,8.0,9,8,,,0,0.0,0.0,8,0,0.0,0.0,0.0,0.0,0.0,0.0,0.0,0,0,996.0,,,,,,,,,,,,,,,,,,,,,,,,,,,,,,0,0,0,0,0,0,0,0,0,0,0,0,1,0,0,0,0,0,0,0,0,0,0,1,1,1,0,0,0,1,1,0,0,0,0,,0,0,0,0,0,0,0,0,0,0,0,0,0,0,0,0,,,,,,21-25,16-25,Interstate,U,Thursday,,MHTRUCK,Not Fatal,0,0,0,0,State Route,State Patrol,Washington State Patrol Headquarter,0,1,0,0,0,,,,,,,,,,,,,,,,,,,,,,,,,,,,,,,,,,,,,,,,,,,,98409,Lakewood,Tacoma
206,210,210,2017,141,E674098,35.0,2017-05-11,11:15,11,5,0.0,53,Pierce,2230,2,0.0,1,6,2,1,0,4,4,11:12,11:22,11:34,12,0,1,129.6,1,0,1,1,2,1,1,0,0,0,0,I-5,,-122.4644944,47.182202778,0,3,98,98,7,60,5,0,0,1,2,12,1,1,4,3,5,1,1,40,0,41,51,2012,0,0.0,12,12.0,,,,,1,1,33,1,0.0,0.0,1,0,3,0,11,8,,,,,0.0,0.0,0.0,3.0,1,0,0.0,0.0,0.0,0,,,,,,0,,,,,,73505,40,70.0,220.0,6.0,1.0,0.0,0.0,0.0,0.0,0.0,0,,,,,,0,,,20,0,0,0,8.0,9,8,,,0,0.0,0.0,8,0,0.0,0.0,0.0,0.0,0.0,0.0,0.0,0,0,996.0,,,,,,,,,,,,,,,,,,,,,,,,,,,,,,0,0,0,0,0,0,0,0,0,0,0,0,1,0,0,0,0,0,0,0,0,0,0,1,1,1,0,0,0,1,1,0,0,0,0,,0,0,0,0,0,0,0,0,0,0,0,0,0,0,0,0,,,,,,31-35,26-35,Interstate,U,Thursday,Belt Used,PV,Not Fatal,0,0,0,0,State Route,State Patrol,Washington State Patrol Headquarter,0,1,0,0,0,,,,,,,,,,,,,,,,,,,,,,,,,,,,,,,,,,,,,,,,,,,,98409,Lawton,Tacoma
207,211,211,2017,141,E674098,35.0,2017-05-11,11:15,11,5,0.0,53,Pierce,2230,2,0.0,1,6,2,1,0,4,4,11:12,11:22,11:34,12,0,1,129.6,1,0,1,1,2,1,1,0,0,0,0,I-5,,-122.4644944,47.182202778,0,4,98,98,7,60,14,0,0,1,2,12,1,1,4,3,5,1,1,53,0,55,401,2013,0,0.0,12,,,,,,1,1,67,2,0.0,0.0,1,0,3,0,11,8,,,,,0.0,0.0,3.0,3.0,1,0,0.0,0.0,0.0,0,,,,,,0,,,,,,98512,53,68.0,140.0,6.0,1.0,0.0,2.0,1.0,0.0,0.0,0,,,,,,0,11/15/2015,01/15/2016,20,0,0,0,8.0,9,8,,,0,0.0,0.0,8,0,0.0,0.0,0.0,0.0,0.0,0.0,0.0,0,0,996.0,,,,,,,,,,,,,,,,,,,,,,,,,,,,,,0,0,0,0,0,0,0,0,0,0,0,0,1,0,0,0,0,0,0,0,0,0,0,1,1,1,0,0,0,1,1,0,0,0,0,,0,0,0,0,0,0,0,0,0,0,0,0,0,0,0,0,,,,,,66-70,66-75,Interstate,U,Thursday,Belt Used,PV,Not Fatal,0,0,0,0,State Route,State Patrol,Washington State Patrol Headquarter,0,1,0,0,0,,,,,,,,,,,,,,,,,,,,,,,,,,,,,,,,,,,,,,,,,,,,98409,Olympia,Tacoma
208,212,212,2017,142,E669260,35.0,2017-05-06,18:28,6,5,0.0,53,Pierce,0,1,0.0,1,1,2,1,0,1,1,18:24,18:31,,42,0,0,0.4,3,0,3,6,1,2,4,0,0,0,0,CR-PATTERSON RD E,213TH AVE CT E,-122.1509556,47.089927778,0,1,6,12,2,35,14,0,0,1,2,42,3,2,2,1,14,1,1,53,0,12,401,1995,0,0.0,68,64.0,42.0,,,,1,1,58,1,7.0,1.0,4,7,20,0,11,0,05/06/2017,19:22,162053020964.0,20964.0,0.0,0.0,0.0,3.0,1,0,0.0,0.0,0.0,96,,,,,,99,,,,,,98360,53,72.0,245.0,6.0,1.0,0.0,0.0,0.0,0.0,0.0,0,,,,,,4,,,20,0,0,0,0.0,9,8,,,0,0.0,0.0,8,9,2.0,1.0,0.0,0.0,1.0,0.0,0.0,2,1,0.26,,,,,,,,,,,,,,,,,,,,,,,,,,,,,,0,0,1,1,1,1,0,1,0,0,0,0,1,0,0,0,0,0,0,1,0,0,0,0,0,0,0,0,0,1,0,0,0,1,0,,1,0,0,0,0,1,0,1,0,1,0,0,0,1,0,1,,,,,,56-60,56-65,County road,R,Saturday,Not Used,PV,White,0,1,0,0,County Road,County Sheriff,Law Enforcement Support Agency,1,0,1,0,0,,,,,,,,,,,,,,,,,,,,,,,,,,,,,,,,,,,,,,,,,,,,98360,Orting,Orting
209,213,213,2017,143,E673190,2.0,2017-05-12,17:22,12,5,0.0,57,Skagit,0,10,0.0,1,1,2,1,0,2,2,17:21,17:31,,12,0,2,236.6,1,0,1,1,1,1,1,0,0,0,0,I-5,,-122.3499083,48.557852778,0,1,50,10,2,70,6,0,0,1,2,12,1,1,4,2,1,1,1,53,0,30,40,2002,0,0.0,65,12.0,,,,,1,1,86,1,7.0,1.0,4,7,3,0,11,0,05/12/2017,17:22,53021660.0,21660.0,0.0,0.0,0.0,3.0,1,28,0.0,0.0,0.0,96,,,,,,1,,,,,,98273,53,66.0,160.0,6.0,1.0,0.0,0.0,0.0,0.0,0.0,0,,,,,,0,,,20,0,0,0,0.0,9,8,,,0,0.0,0.0,8,0,2.0,1.0,0.0,0.0,1.0,0.0,0.0,2,1,0.0,,,,,,,,,,,,,,,,,,,,,,,,,,,,,,0,0,0,0,0,0,0,0,0,0,0,0,0,0,0,0,0,0,0,0,0,0,0,0,0,1,1,1,0,1,1,0,0,0,0,,1,0,0,0,0,0,0,0,0,0,0,0,0,0,0,0,,,,,,81+,76+,Interstate,R,Friday,Belt Used,PV,White,0,1,1,0,State Route,State Patrol,Washington State Patrol Headquarter,0,1,0,0,0,,,,,,,,,,,,,,,,,,,,,,,,,,,,,,,,,,,,,,,,,,,,98232,Mount Vernon,Bow
210,214,214,2017,143,E673190,2.0,2017-05-12,17:22,12,5,0.0,57,Skagit,0,10,0.0,1,1,2,1,0,2,2,17:21,17:31,,12,0,2,236.6,1,0,1,1,1,1,1,0,0,0,0,I-5,,-122.3499083,48.557852778,0,2,51,62,4,70,63,0,0,1,2,2,1,1,4,2,1,1,3,53,0,12,881,2000,0,0.0,12,63.0,24.0,2.0,,,1,1,36,1,0.0,0.0,0,0,3,0,11,0,,,,,6.0,1.0,0.0,3.0,1,0,0.0,0.0,0.0,0,,,,,,0,,,,,,98226,53,67.0,180.0,6.0,1.0,0.0,0.0,0.0,2.0,1.0,0,,,,,,0,10/15/2012,07/15/2016,1,0,0,0,8.0,9,8,,,0,0.0,0.0,8,0,0.0,0.0,0.0,0.0,0.0,0.0,0.0,0,0,996.0,,,,,,,,,,,,,,,,,,,,,,,,,,,,,,0,0,0,0,0,0,0,0,0,0,0,0,0,0,0,0,0,0,0,0,0,0,0,0,0,1,1,1,0,1,1,0,0,0,0,,0,0,0,0,0,0,0,0,0,0,0,0,0,0,0,0,,,,,,36-40,36-45,Interstate,R,Friday,,MHTRUCK,Not Fatal,0,1,1,0,State Route,State Patrol,Washington State Patrol Headquarter,0,1,0,0,0,,,,,,,,,,,,,,,,,,,,,,,,,,,,,,,,,,,,,,,,,,,,98232,Bellingham,Bow
211,215,215,2017,144,E672966,5.0,2017-05-14,2:40,14,5,0.0,11,Clark,2370,2,0.0,3,2,2,1,0,1,1,,,,24,0,0,4.9,1,0,1,2,2,1,3,0,0,0,0,SR-14,,-122.5518389,45.6038,0,1,1,13,2,60,34,0,0,1,2,1,1,1,4,3,1,1,1,53,0,49,472,2007,0,0.0,63,24.0,1.0,2.0,,,1,1,45,1,7.0,1.0,4,7,99,0,11,0,05/14/2017,2:40,237053022051.0,22051.0,6.0,0.0,0.0,3.0,1,0,0.0,0.0,0.0,96,,,,,,9,,,,,,98683,53,73.0,198.0,6.0,1.0,0.0,0.0,0.0,1.0,0.0,0,,,,,,0,03/15/2016,03/15/2016,8,0,0,0,0.0,1,8,,,0,0.0,0.0,8,1,2.0,996.0,0.0,0.0,1.0,0.0,0.0,2,1,0.18,,,,,,,,,,,,,,,,,,,,,,,,,,,,,,0,0,1,0,1,1,1,1,0,0,0,0,0,0,0,0,0,0,0,0,0,0,0,0,0,0,0,0,0,0,0,0,0,0,0,,0,0,0,0,0,1,1,1,0,0,0,0,0,0,0,1,,,,,,41-45,36-45,State route,U,Sunday,Unknown,PV,White,0,1,0,0,State Route,State Patrol,Washington State Patrol Headquarter,1,1,0,0,0,,,,,,,,,,,,,,,,,,,,,,,,,,,,,,,,,,,,,,,,,,,,98683,Vancouver,Vancouver
212,216,216,2017,145,E672920,3.0,2017-05-15,1:10,15,5,0.0,53,Pierce,1124,1,0.0,3,1,2,1,0,2,2,,,,12,0,1,124.5,1,0,1,1,2,1,1,0,0,0,0,I-5,,-122.5351028,47.131713889,0,1,21,18,2,60,4,0,0,1,2,12,1,1,4,3,7,1,2,53,0,49,40,2000,0,0.0,12,63.0,24.0,,,,1,1,27,1,4.0,98.0,4,7,3,0,11,0,05/15/2017,1:10,112453023317.0,23317.0,0.0,0.0,0.0,3.0,1,0,0.0,0.0,0.0,96,,,,,,9,,,,,,98499,53,60.0,135.0,6.0,1.0,1.0,0.0,0.0,0.0,0.0,0,,,,,,0,10/15/2014,10/15/2014,20,0,0,0,0.0,1,8,,,0,0.0,0.0,8,1,2.0,1.0,0.0,0.0,1.0,0.0,0.0,2,1,0.18,,,,,,,,,,,,,,,,,,,,,,,,,,,,,,0,0,0,0,1,1,0,1,0,0,0,0,0,0,0,0,0,0,0,0,0,0,0,0,0,0,0,0,0,1,1,0,0,0,0,,1,0,0,0,0,1,0,1,0,0,0,0,0,1,0,1,,,,,,26-30,26-35,Interstate,U,Monday,Belt Used,PV,Hispanic,0,0,0,0,State Route,State Patrol,Washington State Patrol Headquarter,0,1,0,0,0,,,,,,,,,,,,,,,,,,,,,,,,,,,,,,,,,,,,,,,,,,,,98439,Lakewood,Lakewood
213,217,217,2017,145,E672920,3.0,2017-05-15,1:10,15,5,0.0,53,Pierce,1124,1,0.0,3,1,2,1,0,2,2,,,,12,0,1,124.5,1,0,1,1,2,1,1,0,0,0,0,I-5,,-122.5351028,47.131713889,0,2,20,52,3,60,66,1,0,1,2,12,1,1,4,3,1,1,3,53,0,82,881,2005,0,0.0,12,63.0,24.0,,,,1,1,58,1,0.0,0.0,0,0,3,0,11,0,,,,,6.0,1.0,0.0,3.0,1,0,0.0,0.0,0.0,0,,,,,,0,,,,,,98387,53,72.0,180.0,6.0,1.0,0.0,1.0,0.0,1.0,0.0,0,,,,,,0,12/15/2012,02/15/2013,20,0,0,0,8.0,3,2,,,0,0.0,0.0,0,0,2.0,1.0,0.0,0.0,1.0,0.0,0.0,2,1,0.0,,,,,,,,,,,,,,,,,,,,,,,,,,,,,,0,0,0,0,1,1,0,1,0,0,0,0,0,0,0,0,0,0,0,0,0,0,0,0,0,0,0,0,0,1,1,0,0,0,0,,0,0,0,0,0,0,0,0,0,0,0,0,0,0,0,0,,,,,,56-60,56-65,Interstate,U,Monday,,MHTRUCK,Not Fatal,0,0,0,0,State Route,State Patrol,Washington State Patrol Headquarter,0,1,0,0,0,,,,,,,,,,,,,,,,,,,,,,,,,,,,,,,,,,,,,,,,,,,,98439,Spanaway,Lakewood
214,218,218,2017,147,E671087,31.0,2017-05-04,16:30,4,5,0.0,45,Mason,0,2,0.0,1,2,7,1,0,1,1,,,,30,0,0,6.8,1,0,1,5,1,2,4,0,0,0,0,CR-E MASON LAKE RD,,-122.975825,47.309766667,0,1,1,9,1,45,4,0,0,1,2,30,3,1,2,1,14,1,1,53,0,52,46,2006,0,0.0,68,64.0,69.0,68.0,63.0,30.0,1,1,20,2,7.0,3.0,4,7,3,0,11,0,05/04/2017,16:30,53021076.0,21076.0,0.0,0.0,0.0,3.0,1,0,0.0,0.0,0.0,92,,,,,,99,,,,,,98584,53,68.0,150.0,6.0,1.0,0.0,0.0,0.0,1.0,0.0,0,,,,,,0,07/15/2016,07/15/2016,1,0,0,0,0.0,9,8,,,0,0.0,0.0,8,9,2.0,605.0,0.0,0.0,1.0,0.0,0.0,2,1,0.035,,,,,,,,,,,,,,,,,,,,,,,,,,,,,,0,0,1,0,1,0,1,1,1,0,0,0,0,0,0,0,1,0,0,0,0,1,1,0,1,0,0,0,0,1,0,0,0,0,0,,1,0,0,0,1,0,1,1,1,0,0,0,0,0,0,1,,,,,,18-20,16-25,County road,R,Thursday,Belt Used,PV,AIAN,0,1,0,0,County Road,County Sheriff,Mason County Sheriff's Office,1,0,1,0,0,thc,27.0,carboxy-thc,39.0,,,,,,,,,,,,,,,,,,,,,,,,,,,,,,,,,,,,,,,,98546,Shelton,Grapeview
215,219,219,2017,148,E676815,4.0,2017-05-29,4:50,29,5,4.0,1,Adams,0,1,0.0,4,1,2,1,0,2,1,,,,1,0,0,78.6,1,0,1,3,1,1,2,0,0,0,0,US-395,,-118.3661167,47.116683333,0,1,7,9,1,70,14,0,0,1,2,1,1,1,2,2,1,2,2,16,0,20,403,2005,0,0.0,64,69.0,68.0,64.0,1.0,,1,1,18,1,0.0,0.0,0,0,3,0,11,0,,,,,0.0,0.0,3.0,3.0,1,58,0.0,0.0,0.0,0,,,,,,2,,,,,,83455,16,68.0,999.0,6.0,1.0,0.0,0.0,0.0,0.0,0.0,1,,,,,,3,,,20,0,0,0,8.0,9,2,,,0,0.0,0.0,0,0,0.0,0.0,0.0,0.0,0.0,0.0,0.0,0,0,996.0,,,,,,,,,,,,,,,,,,,,,,,,,,,,,,0,0,0,0,0,0,0,0,0,0,0,0,1,0,0,1,0,0,0,1,0,1,1,0,1,0,0,0,0,1,0,0,0,0,0,,0,0,0,0,0,0,0,0,0,1,0,0,0,0,0,0,,,,,,18-20,16-25,US highway,R,Monday,Belt Used,PV,Not Fatal,0,1,0,0,State Route,State Patrol,Washington State Patrol Headquarter,1,1,0,0,0,,,,,,,,,,,,,,,,,,,,,,,,,,,,,,,,,,,,,,,,,,,,99169,Victor,Ritzville
216,220,220,2017,149,E671245,42.0,2017-05-13,22:38,13,5,0.0,67,Thurston,0,10,0.0,1,1,2,1,1,1,1,,,,8,0,0,0.4,1,0,1,5,2,2,4,0,0,0,0,CR-OLD HIGHWAY 9,,-123.0173139,46.787097222,0,1,13,80,5,50,4,0,0,1,2,8,1,1,2,1,1,1,1,53,0,30,40,2016,0,0.0,8,,,,,,1,1,21,2,0.0,0.0,0,0,3,0,11,0,,,,,0.0,0.0,0.0,3.0,1,0,0.0,0.0,0.0,0,,,,,,0,,,,,,98579,53,66.0,135.0,6.0,1.0,0.0,0.0,0.0,0.0,0.0,0,,,,,,0,,,20,0,0,0,8.0,9,8,,,0,0.0,0.0,8,0,0.0,0.0,0.0,0.0,0.0,0.0,0.0,0,0,996.0,,,,,,,,,,,,,,,,,,,,,,,,,,,,,,0,0,0,0,0,0,0,0,0,1,1,1,0,0,0,0,0,0,0,0,0,0,0,1,1,0,0,0,0,1,0,1,0,0,0,,0,0,0,0,0,0,0,0,0,0,0,0,0,0,0,0,,,,,,21-25,16-25,County road,U,Saturday,Belt Used,PV,Not Fatal,0,0,0,0,County Road,County Sheriff,Thurston County Sheriff's Office,0,0,1,0,0,,,,,,,,,,,,,,,,,,,,,,,,,,,,,,,,,,,,,,,,,,,,98531,Rochester,Centralia
217,221,221,2017,150,E671874,173.0,2017-05-17,0:20,17,5,0.0,53,Pierce,1124,10,0.0,3,2,2,1,0,2,1,,,,30,0,0,0.0,3,0,3,4,2,4,6,0,0,0,0,108TH ST SW,DOUGLAS DR SW,-122.5090806,47.159480556,0,1,1,13,2,25,34,0,0,1,2,30,1,1,2,1,1,2,2,53,0,49,471,1994,0,0.0,63,30.0,59.0,59.0,,,1,1,21,1,0.0,0.0,1,0,99,0,11,8,,,,,0.0,0.0,0.0,3.0,1,0,0.0,0.0,0.0,92,,,,,,99,,,,,,98513,53,71.0,200.0,6.0,1.0,0.0,0.0,0.0,0.0,0.0,0,,,,,,3,,,99,0,0,0,8.0,9,8,,,0,0.0,0.0,8,9,2.0,1.0,0.0,0.0,1.0,0.0,0.0,2,1,0.16,,,,,,,,,,,,,,,,,,,,,,,,,,,,,,0,0,1,1,1,1,0,1,0,0,0,0,1,0,0,0,1,0,0,0,0,0,0,1,1,0,0,0,0,0,0,0,0,0,0,,0,0,0,0,0,1,0,1,1,1,0,0,0,1,0,1,,,,,,21-25,16-25,City street,U,Wednesday,Unknown,PV,Not Fatal,0,1,0,0,City Street,Municipal/City Police,Lakewood Police Department,1,0,0,1,0,,,,,,,,,,,,,,,,,,,,,,,,,,,,,,,,,,,,,,,,,,,,98499,Olympia,Lakewood
218,222,222,2017,151,E678121,5.0,2017-06-02,0:00,2,6,0.0,15,Cowlitz,0,1,0.0,2,1,2,1,0,1,1,,,,1,0,0,0.2,20,1,1,1,1,1,1,0,0,0,0,I-5 RAMP P102740,,-122.8229861,45.979686111,0,1,98,10,2,70,14,0,0,1,2,1,1,2,1,6,1,1,1,53,0,49,401,2005,0,0.0,64,1.0,69.0,63.0,59.0,,1,1,36,2,2.0,1.0,4,7,3,0,11,0,06/02/2017,0:02,53025936.0,25936.0,0.0,0.0,0.0,3.0,1,0,0.0,0.0,0.0,96,,,,,,99,,,,,,98674,53,66.0,150.0,6.0,1.0,0.0,1.0,1.0,0.0,1.0,0,,,,,,5,09/15/2014,09/15/2014,8,0,0,0,0.0,9,8,,,0,0.0,0.0,8,1,2.0,605.0,0.0,0.0,1.0,0.0,0.0,2,1,0.27,,,,,,,,,,,,,,,,,,,,,,,,,,,,,,0,0,0,0,1,1,1,1,1,0,0,0,1,0,0,0,0,0,0,0,0,0,0,0,0,0,0,0,0,1,0,0,0,0,0,,1,0,0,0,0,1,1,1,0,1,0,0,0,0,0,1,,,,,,36-40,36-45,Interstate,R,Friday,Belt Used,PV,Hispanic,0,1,0,0,State Route,State Patrol,Washington State Patrol Headquarter,1,1,0,0,0,thc,8.6,carboxy-thc,57.0,,,,,,,,,,,,,,,,,,,,,,,,,,,,,,,,,,,,,,,,98625,Woodland,Kalama
219,223,223,2017,152,E678394,5.0,2017-06-01,3:00,1,6,0.0,11,Clark,240,2,0.0,2,2,2,1,0,1,1,,,,41,0,0,11.6,1,0,1,2,2,1,3,0,0,0,0,SR-14,,-122.4452667,45.578561111,0,1,98,13,2,60,5,0,0,1,5,25,2,1,2,3,14,1,1,53,0,63,32,2003,0,0.0,68,63.0,41.0,69.0,68.0,64.0,1,1,24,1,7.0,1.0,4,7,3,0,11,0,06/01/2017,3:00,24053025313.0,25313.0,0.0,0.0,0.0,3.0,1,0,0.0,0.0,0.0,96,,,,,,0,,,,,,98661,53,72.0,190.0,6.0,1.0,0.0,1.0,0.0,0.0,0.0,0,,,,,,5,11/15/2014,11/15/2014,20,1,9,0,0.0,1,8,,,0,0.0,0.0,8,1,2.0,1.0,0.0,0.0,1.0,0.0,0.0,2,1,0.023,,,,,,,,,,,,,,,,,,,,,,,,,,,,,,0,0,0,0,1,0,0,0,0,0,0,0,1,0,0,0,0,0,0,0,0,0,0,1,1,0,0,0,0,1,0,0,0,0,0,,1,0,0,0,1,0,0,0,0,1,0,0,1,0,0,1,,,,,,21-25,16-25,State route,U,Thursday,Belt Used,PV,White,0,1,0,0,State Route,State Patrol,Washington State Patrol Headquarter,1,1,0,0,0,,,,,,,,,,,,,,,,,,,,,,,,,,,,,,,,,,,,,,,,,,,,98607,Vancouver,Camas