,index,Unnamed: 0,year,case,par,repjur,crash_dt,crash_tm,accday,accmon,holiday,county,co_char,city,weather,weather2,lightcond,surfcond,surftype,numfatal,nmforms,pforms,vforms,not_tm,arr_tm,hosp_tm,fhevent,hitrun,manncol,milepnt,reljunc,reljuncinter,intersectiontype,funcsystem,landuse,ownership,route,schlbus,spejur,contdev,devfunc,trafid1,trafid2,lon,lat,wk_zone,vnumber,crashtype,criticalevent,criticaleventcat,spdlim,body,trailer,emerg,hazcargo,leave,mhevent,roadalgn,roadprof,traflane,trafflow,vehmanvr,numoccs,regowner,regstate,spuse,make,model,modelyr,vrf1,vrf2,seqevent1,seqevent2,seqevent3,seqevent4,seqevent5,seqevent6,pnumber,ptype,age,sex,hispanic,race,injury,diedscene,restraint,restraintmisuse,seatpos,takehosp,death_dt,death_tm,cert,cernum_wa,commlic,licendor,licrestrict,liccomp,drivpres,drf1,drf2,drf3,drf4,distract1,distract2,distract3,distract4,distract5,distract6,dricond1,dricond2,dricond3,dricond4,dricond5,dricond6,dzip,licstate,drhgt_in,weight,noncdl,noncdltype,prevdwi,prevoth,prevacc,prevspd,prevsus,driviol1,driviol2,driviol3,driviol4,driviol5,driviol6,spdrel,first_dt,last_dt,airbag,ejection,ejectpath,extricat,injurwrk,methalc,methdrug,nmlocat,strikveh,prf1,prf2,prf3,druginv,alcinvol,drugsts,drugres1,drugres2,drugres3,drugtst1,drugtst2,drugtst3,alcsts,alctst,alcres,nmact1,nmact2,nmact3,nmact4,nmact5,nmact6,nmprior1,nmprior2,nmprior3,nmprior4,nmprior5,nmprior6,nmcond1,nmcond2,nmcond3,nmcond4,nmcond5,nmcond6,nmsafe_helmet,nmsafe_pads,nmsafe_oth,nmprev_ref,nmprev_lgt,nmprev_oth,crashlocation,nmcrashtype,crosswalk,schoolzone,sidewalk,train_inv,wildlife_inv,rotr_fars,intersect_fars,dd_inv,aid_inv,dpd_inv,id_inv,mj_inv,impnm_inv,ainm_inv,dpnm_inv,speed_inv,unlic_inv,unendmc_inv,drowsy_inv,drdist_inv,nmdist_inv,fty_inv,unrestfat_inv,dr1617_inv,dr1820_inv,dr1620_inv,dr2125_inv,dr1625_inv,dr65_inv,dr70_inv,dr75_inv,mc_inv,pv_inv,ht_inv,ped_inv,bike_inv,unrest_fat,mc_fat,unhelmet_mc,pv_fat,ht_fat,ped_fat,bike_fat,dr_alc7,dr_alc8,dr_drug,dr_imp,dr_dist,dr_spd,dr_fty,dr_unlic,dr_alc7only,dr_alc8only,dr_drugonly,dr_drink,nm_imp,nm_alc7,nm_alc8,nm_drug,nm_dist,agegrp1,agegrp2,roadclass,urbrur,dayweek,restuse,vehtype,race_me,intersect,lanedep,oppdir,wrongway,rep_typ,investag,repag_long,rotr,st_rd,cty_rd,city_rd,oth_rd,drug_thc,thc_res,drug_cthc,cthc_res,drug_cann,prevpersemin,prevperse,prevsusoth,drugtst4,drugtst5,drugtst6,drugtst7,drugtst8,drugres4,drugres5,drugres6,drugres7,drugres8,adspresent,adsengaged,adslevel,race1,race2,race3,race4,race5,helmet,helmetmisuse,nmdistract1,nmdistract2,nmdistract3,nmdistract4,nmdistract5,nmdistract6,lab,isedtcase,crf1,crf2,crf3,CoRoadName,CoMP,IntCoRoadName,IntCoMP,crashzip,dcity,crashcity
256,260,260,2017,175,E661438,160.0,2017-04-14,3:53,14,4,0.0,33,King,1030,1,0.0,3,1,2,1,0,2,2,,,,12,0,6,2.1,2,0,2,3,2,1,3,0,0,0,0,SR-181,S 216TH ST,-122.2494167,47.408519444,0,1,86,17,2,50,6,0,0,1,5,12,1,1,8,5,1,1,1,53,0,32,42,2006,0,0.0,12,2.0,,,,,1,1,20,1,0.0,0.0,0,0,99,0,11,0,,,,,0.0,0.0,0.0,3.0,1,0,0.0,0.0,0.0,96,,,,,,0,,,,,,98032,53,72.0,186.0,6.0,1.0,0.0,1.0,2.0,0.0,0.0,97,,,,,,3,10/15/2014,08/15/2015,99,0,0,0,8.0,9,8,,,0,0.0,0.0,8,0,0.0,0.0,0.0,0.0,0.0,0.0,0.0,0,0,996.0,,,,,,,,,,,,,,,,,,,,,,,,,,,,,,0,0,0,1,0,0,1,1,0,0,0,0,1,0,0,0,0,0,0,1,0,1,1,0,1,0,0,0,0,1,0,0,0,0,0,,0,0,0,0,0,0,0,0,0,1,0,0,0,0,0,0,,,,,,18-20,16-25,State route,U,Friday,Unknown,PV,Not Fatal,1,0,0,0,State Route,Municipal/City Police,Kent Police Department,0,1,0,0,0,,,,,,,,,,,,,,,,,,,,,,,,,,,,,,,,,,,,,,,,,,,,98032,Kent,Kent
257,261,261,2017,175,E661438,160.0,2017-04-14,3:53,14,4,0.0,33,King,1030,1,0.0,3,1,2,1,0,2,2,,,,12,0,6,2.1,2,0,2,3,2,1,3,0,0,20,3,SR-181,S 216TH ST,-122.2494167,47.408519444,0,2,87,66,4,25,14,0,0,1,5,1,8,8,2,1,3,1,1,53,0,37,401,1998,0,0.0,12,68.0,64.0,1.0,,,1,1,42,1,7.0,98.0,4,0,20,0,11,5,04/17/2017,9:37,196053018256.0,18256.0,0.0,0.0,0.0,3.0,1,0,0.0,0.0,0.0,0,,,,,,0,,,,,,98444,53,64.0,150.0,6.0,1.0,0.0,1.0,0.0,0.0,1.0,0,,,,,,0,05/15/2012,01/15/2013,1,0,0,0,0.0,9,8,,,0,0.0,0.0,8,9,2.0,996.0,0.0,0.0,1.0,0.0,0.0,2,1,0.0,,,,,,,,,,,,,,,,,,,,,,,,,,,,,,0,0,0,1,0,0,1,1,0,0,0,0,1,0,0,0,0,0,0,1,0,1,1,0,1,0,0,0,0,1,0,0,0,1,0,,1,0,0,0,0,0,1,1,0,0,0,0,0,0,1,0,,,,,,41-45,36-45,State route,U,Friday,Not Used,PV,Oth/Unk,1,0,0,0,State Route,Municipal/City Police,Kent Police Department,0,1,0,0,0,,,,,,,,,,,,,,,,,,,,,,,,,,,,,,,,,,,,,,,,,,,,98032,Tacoma,Kent
258,262,262,2017,176,000TECH,8.0,2017-01-01,18:51,1,1,1.0,9,Clallam,0,4,0.0,1,3,2,2,0,5,1,19:31,19:52,20:09,7,0,0,203.5,1,0,1,3,1,1,2,0,0,0,0,US-101,,-123.8656194,48.051025,0,1,0,8,1,35,14,0,0,1,2,7,1,1,2,1,1,5,2,53,0,52,401,1995,0,0.0,7,,,,,,1,1,51,1,0.0,0.0,3,0,3,0,11,5,,,,,0.0,0.0,0.0,3.0,1,0,0.0,0.0,0.0,96,,,,,,98,,,,,,98003,53,65.0,180.0,6.0,1.0,0.0,0.0,0.0,0.0,0.0,0,,,,,,0,,,98,0,0,0,8.0,9,8,,,0,0.0,0.0,8,8,0.0,0.0,0.0,0.0,0.0,0.0,0.0,0,0,996.0,,,,,,,,,,,,,,,,,,,,,,,,,,,,,,0,0,0,0,0,0,0,0,0,0,0,0,0,0,0,0,0,0,0,0,0,0,0,0,0,0,0,0,0,1,0,0,0,0,0,,0,0,0,0,0,0,0,0,0,0,0,0,0,0,0,0,,,,,,51-55,46-55,US highway,R,Sunday,Belt Used,PV,Not Fatal,0,0,0,0,State Route,,,0,1,0,0,0,,,,,,,,,,,,,,,,,,,,,,,,,,,,,,,,,,,,,,,,,,,,98363,Federal Way,Port Angeles
259,263,263,2017,177,3769457,263.0,2017-05-21,19:15,21,5,0.0,33,King,1960,1,0.0,1,1,1,1,0,1,2,,,,14,0,0,32.4,1,0,1,3,2,1,3,0,0,0,0,SR-99,,-122.344725,47.707430556,0,1,1,13,2,35,84,0,0,1,2,14,1,1,5,5,1,1,1,53,0,76,703,2008,0,0.0,63,14.0,,,,,1,1,56,1,7.0,7.0,4,0,19,0,11,5,05/21/2017,20:20,196053024205.0,24205.0,0.0,0.0,0.0,3.0,1,0,0.0,0.0,0.0,96,,,,,,2,,,,,,98121,53,66.0,185.0,6.0,1.0,0.0,0.0,0.0,0.0,0.0,0,,,,,,0,,,20,8,0,0,0.0,9,8,,,0,0.0,0.0,8,0,2.0,167.0,300.0,605.0,1.0,1.0,1.0,2,1,0.0,,,,,,,,,,,,,,,,,,,,,,,,,,,,,,0,0,1,0,0,0,1,1,1,0,0,0,0,0,0,1,0,0,0,0,0,0,0,0,0,0,0,0,0,0,0,0,0,0,0,,0,0,0,0,0,0,1,1,0,0,0,0,0,0,1,0,,,,,,56-60,56-65,State route,U,Sunday,,OTHMC,API,0,1,0,0,State Route,Municipal/City Police,Seattle Police Department,1,1,0,0,0,thc,7.9,carboxy-thc,25.0,,,,,,,,,,,,,,,,,,,,,,,,,,,,,,,,,,,,,,,,98133,Seattle,Seattle
260,264,264,2017,178,E680633,6.0,2017-05-25,4:36,25,5,0.0,25,Grant,0,1,0.0,2,1,2,3,0,12,2,4:36,5:06,6:19,12,0,6,6.3,2,0,2,5,1,2,4,0,0,20,3,CR-ADAM RD S,FRENCHMAN HILLS RD W,-119.7605083,46.986352778,0,1,88,17,2,50,15,0,0,1,2,12,1,2,2,1,1,1,1,53,0,35,421,2005,0,0.0,12,,,,,,1,1,51,2,0.0,0.0,1,0,3,0,11,8,,,,,99.0,9.0,9.0,9.0,1,38,39.0,0.0,0.0,93,,,,,,0,,,,,,98848,96,,999.0,9.0,9.0,99.0,99.0,99.0,99.0,99.0,37,,,,,,0,,,8,0,0,0,8.0,9,8,,,0,0.0,0.0,8,0,0.0,0.0,0.0,0.0,0.0,0.0,0.0,0,0,996.0,,,,,,,,,,,,,,,,,,,,,,,,,,,,,,0,0,0,1,0,0,0,0,0,0,0,0,0,0,0,0,1,0,1,1,0,0,0,0,0,0,0,0,0,1,0,0,0,0,0,,0,0,0,0,0,0,0,0,1,0,1,0,0,0,0,0,,,,,,51-55,46-55,County road,R,Thursday,Belt Used,PV,Not Fatal,1,0,0,0,County Road,County Sheriff,Grant County Sheriff's Office,0,0,1,0,0,,,,,,,,,,,,,,,,,,,,,,,,,,,,,,,,,,,,,,,,,,,,98848,Quincy,Quincy
261,265,265,2017,178,E680633,6.0,2017-05-25,4:36,25,5,0.0,25,Grant,0,1,0.0,2,1,2,3,0,12,2,4:36,5:06,6:19,12,0,6,6.3,2,0,2,5,1,2,4,0,0,0,0,CR-ADAM RD S,FRENCHMAN HILLS RD W,-119.7605083,46.986352778,0,2,89,66,4,60,21,0,0,1,2,1,1,1,2,1,1,11,1,53,0,20,461,2001,0,0.0,12,63.0,1.0,,,,1,1,42,1,0.0,0.0,3,0,3,0,11,8,,,,,0.0,0.0,0.0,3.0,1,0,0.0,0.0,0.0,0,,,,,,0,,,,,,99344,53,68.0,200.0,6.0,1.0,0.0,0.0,0.0,2.0,0.0,0,,,,,,0,04/15/2013,11/15/2015,1,0,0,0,8.0,9,8,,,0,0.0,0.0,8,0,0.0,0.0,0.0,0.0,0.0,0.0,0.0,0,0,996.0,,,,,,,,,,,,,,,,,,,,,,,,,,,,,,0,0,0,1,0,0,0,0,0,0,0,0,0,0,0,0,1,0,1,1,0,0,0,0,0,0,0,0,0,1,0,0,0,0,0,,0,0,0,0,0,0,0,0,0,0,0,0,0,0,0,0,,,,,,41-45,36-45,County road,R,Thursday,Belt Used,PV,Not Fatal,1,0,0,0,County Road,County Sheriff,Grant County Sheriff's Office,0,0,1,0,0,,,,,,,,,,,,,,,,,,,,,,,,,,,,,,,,,,,,,,,,,,,,98848,Othello,Quincy
262,266,266,2017,179,E683891,1.0,2017-05-27,22:13,27,5,4.0,77,Yakima,0,1,0.0,2,1,2,1,0,1,1,,,,24,0,0,2.6,1,0,1,5,1,2,4,0,0,0,0,CR-NILE RD,,-120.9342306,46.819261111,0,1,2,13,2,35,80,0,0,1,5,24,3,1,2,1,14,1,9,99,0,37,703,2007,0,0.0,63,24.0,,,,,1,1,49,1,7.0,1.0,4,7,19,0,11,0,05/27/2017,22:13,144053024101.0,24101.0,0.0,0.0,0.0,2.0,1,0,0.0,0.0,0.0,96,,,,,,9,,,,,,98368,53,71.0,185.0,6.0,1.0,0.0,1.0,0.0,2.0,0.0,0,,,,,,0,07/15/2013,01/15/2014,20,8,0,0,0.0,1,8,,,0,0.0,0.0,8,1,2.0,1.0,0.0,0.0,1.0,0.0,0.0,2,1,0.24,,,,,,,,,,,,,,,,,,,,,,,,,,,,,,0,0,0,0,1,1,0,1,0,0,0,0,0,0,1,0,0,0,0,0,0,0,0,0,0,0,0,0,1,0,0,0,0,0,1,0.0,0,0,0,0,0,1,0,1,0,0,0,0,0,1,0,1,,,,,,46-50,46-55,County road,R,Saturday,,MC,White,0,1,0,0,County Road,State Patrol,Washington State Patrol Headquarter,1,0,1,0,0,,,,,,,,,,,,,,,,,,,,,,,,,,,,,,,,,,,,,,,,,,,,98937,Port Townsend,Naches
263,267,267,2017,180,E677481,2.0,2017-05-29,14:57,29,5,4.0,73,Whatcom,1210,1,0.0,1,1,2,1,0,2,2,,,,12,0,6,3.5,2,0,5,3,2,1,3,0,0,21,3,SR-546,NORTHWOOD RD,-122.407525,48.964058333,0,1,86,17,2,50,34,0,0,1,2,12,1,1,2,1,1,1,2,41,0,20,481,1996,0,0.0,12,,,,,,1,1,37,1,7.0,1.0,4,7,20,0,11,0,05/29/2017,14:57,53024435.0,24435.0,0.0,0.0,0.0,3.0,1,38,0.0,0.0,0.0,96,,,,,,9,,,,,,98248,53,71.0,151.0,6.0,8.0,0.0,1.0,1.0,1.0,0.0,0,,,,,,3,06/15/2012,02/15/2016,20,0,0,0,0.0,1,8,,,0,0.0,0.0,8,1,2.0,996.0,996.0,0.0,1.0,1.0,0.0,2,1,0.25,,,,,,,,,,,,,,,,,,,,,,,,,,,,,,0,0,0,1,1,1,1,1,0,0,0,0,1,0,0,0,0,0,1,0,0,0,0,0,0,0,0,0,0,0,1,0,0,1,0,,0,0,0,0,0,1,1,1,0,1,1,0,0,0,0,1,,,,,,36-40,36-45,State route,U,Monday,Not Used,PV,White,1,0,0,0,State Route,State Patrol,Washington State Patrol Headquarter,0,1,0,0,0,,,,,,,,,,,,,,,,,,,,,,,,,,,,,,,,,,,,,,,,,,,,98264,Ferndale,Lynden
264,268,268,2017,180,E677481,2.0,2017-05-29,14:57,29,5,4.0,73,Whatcom,1210,1,0.0,1,1,2,1,0,2,2,,,,12,0,6,3.5,2,0,5,3,2,1,3,0,0,21,3,SR-546,NORTHWOOD RD,-122.407525,48.964058333,0,2,87,66,4,55,66,1,0,1,5,12,3,1,1,4,14,1,1,95,0,87,884,2013,0,0.0,12,,,,,,1,1,53,1,0.0,0.0,0,0,3,0,11,0,,,,,99.0,9.0,9.0,9.0,1,0,0.0,0.0,0.0,0,,,,,,0,,,,,,0,95,,999.0,9.0,9.0,99.0,99.0,99.0,99.0,99.0,0,,,,,,0,,,20,0,0,0,8.0,9,2,,,0,0.0,0.0,0,0,2.0,1.0,0.0,0.0,1.0,0.0,0.0,2,1,0.0,,,,,,,,,,,,,,,,,,,,,,,,,,,,,,0,0,0,1,1,1,1,1,0,0,0,0,1,0,0,0,0,0,1,0,0,0,0,0,0,0,0,0,0,0,1,0,0,0,0,,0,0,0,0,0,0,0,0,0,0,0,0,0,0,0,0,,,,,,51-55,46-55,State route,U,Monday,,MHTRUCK,Not Fatal,1,0,0,0,State Route,State Patrol,Washington State Patrol Headquarter,0,1,0,0,0,,,,,,,,,,,,,,,,,,,,,,,,,,,,,,,,,,,,,,,,,,,,98264,Canada,Lynden
265,269,269,2017,181,3630656,6.0,2017-05-29,23:53,29,5,4.0,17,Douglas,0,1,0.0,2,1,2,1,0,1,1,,,,24,0,0,138.6,1,0,1,3,1,1,2,0,0,0,0,US-2,,-120.1303389,47.660183333,0,1,6,12,2,60,80,0,0,1,2,24,2,2,2,1,14,1,1,53,0,72,706,2016,0,0.0,68,64.0,24.0,,,,1,1,44,1,7.0,1.0,4,7,19,0,11,0,05/29/2017,23:53,53024318.0,24318.0,0.0,0.0,0.0,3.0,1,0,0.0,0.0,0.0,92,,,,,,99,,,,,,98801,53,70.0,190.0,6.0,1.0,0.0,0.0,0.0,1.0,0.0,0,,,,,,0,11/15/2016,11/15/2016,20,8,0,0,0.0,9,8,,,0,0.0,0.0,8,9,2.0,1.0,0.0,0.0,1.0,0.0,0.0,2,1,0.17,,,,,,,,,,,,,,,,,,,,,,,,,,,,,,0,0,1,0,1,1,0,1,0,0,0,0,0,0,0,0,1,0,0,0,0,0,0,0,0,0,0,0,1,0,0,0,0,0,1,0.0,0,0,0,0,0,1,0,1,1,0,0,0,0,1,0,1,,,,,,41-45,36-45,US highway,R,Monday,,MC,White,0,1,0,0,State Route,State Patrol,Washington State Patrol,1,1,0,0,0,,,,,,,,,,,,,,,,,,,,,,,,,,,,,,,,,,,,,,,,,,,,98858,Wenatchee,Waterville
266,270,270,2017,182,E680679,2.0,2017-05-29,20:20,29,5,4.0,29,Island,0,1,0.0,1,1,2,1,0,4,2,,,,12,0,2,1.9,1,0,1,6,1,2,4,0,0,0,0,CR-BAILEY RD,,-122.4046056,47.938394444,0,1,50,10,2,35,3,0,0,1,2,12,2,1,2,1,6,3,2,53,0,37,31,1996,0,0.0,68,12.0,,,,,1,1,30,1,0.0,0.0,2,0,3,0,11,8,,,,,0.0,0.0,0.0,2.0,1,27,0.0,0.0,0.0,96,,,,,,9,,,,,,98236,53,74.0,232.0,1.0,1.0,1.0,3.0,1.0,2.0,3.0,1,,,,,,3,06/15/2012,08/15/2016,1,0,0,0,8.0,9,8,,,0,0.0,0.0,8,1,2.0,605.0,0.0,0.0,1.0,0.0,0.0,2,1,0.12,,,,,,,,,,,,,,,,,,,,,,,,,,,,,,0,0,0,0,1,1,1,1,1,0,0,0,1,1,0,0,0,0,0,0,0,0,0,0,0,1,0,0,0,1,0,0,0,0,0,,0,0,0,0,0,1,1,1,0,1,0,1,0,0,0,1,,,,,,26-30,26-35,County road,R,Monday,Belt Used,PV,Not Fatal,0,1,1,0,County Road,State Patrol,Washington State Patrol Headquarter,0,0,1,0,0,thc,7.0,carboxy-thc,40.0,,,,,,,,,,,,,,,,,,,,,,,,,,,,,,,,,,,,,,,,98236,Clinton,Clinton
267,271,271,2017,182,E680679,2.0,2017-05-29,20:20,29,5,4.0,29,Island,0,1,0.0,1,1,2,1,0,4,2,,,,12,0,2,1.9,1,0,1,6,1,2,4,0,0,0,0,CR-BAILEY RD,,-122.4046056,47.938394444,0,2,51,54,3,35,84,0,0,1,5,12,3,1,2,1,14,1,1,53,0,98,703,2009,0,0.0,12,,,,,,1,1,69,2,7.0,1.0,4,7,19,0,11,0,05/29/2017,20:20,53024603.0,24603.0,6.0,1.0,3.0,3.0,1,0,0.0,0.0,0.0,0,,,,,,0,,,,,,98258,53,65.0,135.0,6.0,1.0,0.0,0.0,1.0,0.0,0.0,0,,,,,,0,11/15/2012,11/15/2012,20,8,0,0,0.0,9,8,,,0,0.0,0.0,8,0,0.0,0.0,0.0,0.0,0.0,0.0,0.0,0,0,996.0,,,,,,,,,,,,,,,,,,,,,,,,,,,,,,0,0,0,0,1,1,1,1,1,0,0,0,1,1,0,0,0,0,0,0,0,0,0,0,0,1,0,0,0,1,0,0,0,0,0,,0,0,0,0,0,0,0,0,0,0,0,0,0,0,0,0,,,,,,66-70,66-75,County road,R,Monday,,OTHMC,White,0,1,1,0,County Road,State Patrol,Washington State Patrol Headquarter,0,0,1,0,0,,,,,,,,,,,,,,,,,,,,,,,,,,,,,,,,,,,,,,,,,,,,98236,Lake Stevens,Clinton
268,272,272,2017,183,3751757,40.0,2017-05-17,,17,5,,63,Spokane,0,1,0.0,1,1,2,1,0,1,1,6:44,7:02,,1,0,0,7.2,1,0,1,5,1,2,4,0,0,0,0,CR-ROCK LAKE RD,,-117.5895556,47.345247222,0,1,6,12,2,55,14,0,0,1,2,1,3,1,2,1,14,1,2,53,0,12,402,2006,0,0.0,63,69.0,68.0,64.0,1.0,30.0,1,1,19,2,7.0,1.0,4,0,3,0,11,5,05/17/2017,11:16,211053023691.0,23691.0,0.0,0.0,3.0,3.0,1,0,0.0,0.0,0.0,93,,,,,,99,,,,,,99206,53,70.0,155.0,6.0,1.0,0.0,0.0,0.0,0.0,0.0,0,,,,,,3,,,20,0,0,0,0.0,9,8,,,0,0.0,0.0,8,9,2.0,1.0,0.0,0.0,1.0,0.0,0.0,2,1,0.0,,,,,,,,,,,,,,,,,,,,,,,,,,,,,,0,0,1,0,0,0,0,0,0,0,0,0,1,0,0,0,1,0,0,0,0,1,1,0,1,0,0,0,0,1,0,0,0,0,0,,1,0,0,0,0,0,0,0,1,1,0,0,0,0,0,0,,,,,,18-20,16-25,County road,R,Wednesday,Belt Used,PV,White,0,1,0,0,County Road,County Sheriff,Spokane County Sheriff's Office,1,0,1,0,0,,,,,,,,,,,,,,,,,,,,,,,,,,,,,,,,,,,,,,,,,,,,99004,Spokane,Cheney
269,273,273,2017,184,E677398,2.0,2017-05-13,21:30,13,5,0.0,73,Whatcom,0,99,0.0,9,99,2,1,1,1,1,,,,8,1,0,2.5,1,0,1,5,1,2,4,0,0,0,0,CR-BIRCH BAY LINDEN RD,,-122.6933,48.935627778,0,1,13,13,2,50,34,0,0,1,5,8,1,1,2,1,1,1,2,53,0,7,482,2004,0,0.0,63,8.0,,,,,1,1,37,1,0.0,0.0,0,0,99,0,11,0,,,,,0.0,0.0,0.0,2.0,1,0,0.0,0.0,0.0,92,,,,,,99,,,,,,98264,53,72.0,175.0,1.0,1.0,0.0,2.0,0.0,1.0,5.0,97,,,,,,0,01/15/2016,02/15/2017,99,0,0,0,8.0,9,8,,,0,0.0,0.0,8,9,0.0,0.0,0.0,0.0,0.0,0.0,0.0,0,0,996.0,,,,,,,,,,,,,,,,,,,,,,,,,,,,,,0,0,0,0,0,0,0,0,0,1,0,1,0,1,0,0,1,0,0,0,0,0,0,0,0,0,0,0,0,0,0,1,0,0,0,,0,0,0,0,0,0,0,0,1,0,0,1,0,0,0,0,,,,,,36-40,36-45,County road,R,Saturday,Unknown,PV,Not Fatal,0,0,0,0,County Road,State Patrol,Washington State Patrol Headquarter,0,0,1,0,0,,,,,,,,,,,,,,,,,,,,,,,,,,,,,,,,,,,,,,,,,,,,98240,Lynden,Custer
270,274,274,2017,185,E677443,34.0,2017-05-20,13:52,20,5,0.0,51,Pend Oreille,0,1,0.0,1,8,4,1,0,1,1,,,,42,0,0,1.8,1,0,1,7,1,2,4,0,0,0,0,CR-LEHIGH HILL RD,,-117.3923806,48.811530556,0,1,6,12,2,98,90,0,0,1,2,42,2,2,2,1,14,1,1,53,0,98,734,2014,0,0.0,64,42.0,,,,,1,1,51,1,7.0,1.0,4,7,19,0,11,0,05/20/2017,13:52,53023223.0,23223.0,0.0,0.0,0.0,2.0,1,0,0.0,0.0,0.0,96,,,,,,99,,,,,,99217,53,70.0,250.0,6.0,1.0,0.0,0.0,0.0,0.0,0.0,0,,,,,,4,,,20,0,0,0,0.0,9,8,,,0,0.0,0.0,8,1,2.0,605.0,0.0,0.0,1.0,0.0,0.0,2,1,0.24,,,,,,,,,,,,,,,,,,,,,,,,,,,,,,0,0,1,0,1,1,1,1,1,0,0,0,1,0,0,0,0,0,0,0,0,0,0,0,0,0,0,0,0,0,0,0,0,0,0,,0,0,0,0,0,1,1,1,0,1,0,0,0,0,0,1,,,,,,51-55,46-55,County road,R,Saturday,,OTHVT,White,0,1,0,0,County Road,County Sheriff,Pend Oreille County Sheriff's Offic,1,0,1,0,0,thc,45.0,carboxy-thc,81.0,,,,,,,,,,,,,,,,,,,,,,,,,,,,,,,,,,,,,,,,99153,Spokane,Metaline Falls
271,275,275,2017,186,E677561,35.0,2017-05-31,19:50,31,5,0.0,53,Pierce,0,1,0.0,1,1,2,1,0,2,1,,,,1,0,0,2.0,3,0,2,3,2,2,4,0,0,0,0,CR-152ND ST E,27TH AVE E,-122.3931611,47.118594444,0,1,2,8,1,35,80,0,0,1,2,1,1,1,2,1,1,2,2,51,0,76,706,2010,0,0.0,63,1.0,,,,,1,1,49,1,0.0,0.0,0,0,19,0,11,0,,,,,0.0,0.0,0.0,2.0,1,91,0.0,0.0,0.0,96,,,,,,0,,,,,,98387,53,71.0,235.0,6.0,1.0,0.0,1.0,0.0,1.0,0.0,2,,,,,,4,01/15/2016,10/15/2016,20,8,0,0,8.0,9,8,,,0,0.0,0.0,8,0,0.0,0.0,0.0,0.0,0.0,0.0,0.0,0,0,996.0,,,,,,,,,,,,,,,,,,,,,,,,,,,,,,0,0,0,1,0,0,0,0,0,0,0,0,1,0,1,0,0,0,0,0,0,0,0,0,0,0,0,0,1,0,0,0,0,0,0,0.0,0,0,0,0,0,0,0,0,0,1,0,0,0,0,0,0,,,,,,46-50,46-55,County road,U,Wednesday,,MC,Not Fatal,1,0,0,0,County Road,County Sheriff,Law Enforcement Support Agency,0,0,1,0,0,,,,,,,,,,,,,,,,,,,,,,,,,,,,,,,,,,,,,,,,,,,,98445,Spanaway,Tacoma
272,277,277,2017,188,E678568,305.0,2017-05-23,23:57,23,5,0.0,11,Clark,2370,10,0.0,3,1,1,1,1,1,1,23:57,23:59,0:15,8,0,0,0.0,3,0,2,3,2,4,6,0,0,0,0,SE MILL PLAIN BLVD,SE PARK CREST BLVD,-122.5225639,45.617544444,0,1,13,80,5,40,4,0,0,1,2,8,1,1,8,1,1,1,2,53,0,49,32,1998,0,0.0,8,,,,,,1,1,25,2,0.0,0.0,0,0,3,0,11,0,,,,,0.0,0.0,3.0,3.0,1,0,0.0,0.0,0.0,0,,,,,,0,,,,,,98563,53,63.0,175.0,6.0,1.0,0.0,0.0,0.0,0.0,0.0,0,,,,,,0,,,20,0,0,0,8.0,9,8,,,0,0.0,0.0,8,0,0.0,0.0,0.0,0.0,0.0,0.0,0.0,0,0,996.0,,,,,,,,,,,,,,,,,,,,,,,,,,,,,,0,0,0,1,0,0,0,0,0,1,1,0,0,0,0,0,0,0,0,0,0,0,0,1,1,0,0,0,0,1,0,1,0,0,0,,0,0,0,0,0,0,0,0,0,0,0,0,0,0,0,0,,,,,,21-25,16-25,City street,U,Tuesday,Belt Used,PV,Not Fatal,1,0,0,0,City Street,Municipal/City Police,Vancouver Police Department,0,0,0,1,0,,,,,,,,,,,,,,,,,,,,,,,,,,,,,,,,,,,,,,,,,,,,98684,Montesano,Vancouver
273,278,278,2017,189,3766555,75.0,2017-05-16,10:31,16,5,0.0,11,Clark,240,10,0.0,1,1,2,1,0,2,1,,,,10,0,0,0.0,6,0,1,96,6,96,8,0,0,65,3,SW VIOLA ST,,-122.4582833,45.580608333,0,1,98,98,7,98,5,0,0,1,3,10,3,2,8,8,14,2,1,41,0,35,50,2014,0,0.0,10,,,,,,1,1,34,2,1.0,1.0,4,7,3,0,11,0,05/16/2017,10:31,24053022480.0,22480.0,0.0,0.0,0.0,3.0,1,38,0.0,0.0,0.0,93,,,,,,0,,,,,,98684,53,65.0,165.0,6.0,1.0,0.0,0.0,0.0,0.0,0.0,0,,,,,,0,,,8,0,0,0,0.0,9,8,,,0,0.0,0.0,8,0,2.0,1.0,0.0,0.0,1.0,0.0,0.0,2,1,0.0,,,,,,,,,,,,,,,,,,,,,,,,,,,,,,1,0,0,0,0,0,0,0,0,0,0,0,0,0,0,0,1,0,1,0,0,0,0,0,0,0,0,0,0,1,0,0,0,0,0,,1,0,0,0,0,0,0,0,1,0,1,0,0,0,0,0,,,,,,31-35,26-35,Other,,Tuesday,Belt Used,PV,Hispanic,1,0,0,0,City Street,Municipal/City Police,Camas Police Department,0,0,0,1,0,,,,,,,,,,,,,,,,,,,,,,,,,,,,,,,,,,,,,,,,,,,,98607,Vancouver,Camas
274,279,279,2017,190,E680244,13.0,2017-05-25,20:40,25,5,0.0,9,Clallam,0,1,0.0,1,1,5,1,0,5,1,20:43,21:10,21:51,42,0,0,2.2,1,0,1,96,6,96,8,0,0,0,0,WOODS DR,,-123.0116167,47.992819444,0,1,7,12,2,98,4,0,0,1,2,42,2,2,8,1,14,5,2,53,0,35,43,2005,0,0.0,64,67.0,42.0,,,,1,1,15,1,0.0,0.0,2,0,99,0,11,8,,,,,0.0,0.0,0.0,0.0,1,0,0.0,0.0,0.0,96,,,,,,0,,,,,,98382,53,,999.0,0.0,0.0,99.0,99.0,99.0,99.0,99.0,97,,,,,,0,,,1,0,0,0,8.0,9,8,,,0,0.0,0.0,8,0,0.0,0.0,0.0,0.0,0.0,0.0,0.0,0,0,996.0,,,,,,,,,,,,,,,,,,,,,,,,,,,,,,0,0,0,0,0,0,0,0,0,0,0,0,0,1,0,0,0,0,0,0,0,0,0,0,0,0,0,0,0,1,0,0,0,0,0,,0,0,0,0,0,0,0,0,0,0,0,1,0,0,0,0,,,,,,10-15,0-15,Other,,Thursday,Unknown,PV,Not Fatal,0,1,0,0,Other,County Sheriff,Clallam County Sheriff's Office,1,0,0,0,1,,,,,,,,,,,,,,,,,,,,,,,,,,,,,,,,,,,,,,,,,,,,98382,Sequim,Sequim