,index,Unnamed: 0,year,case,par,repjur,crash_dt,crash_tm,accday,accmon,holiday,county,co_char,city,weather,weather2,lightcond,surfcond,surftype,numfatal,nmforms,pforms,vforms,not_tm,arr_tm,hosp_tm,fhevent,hitrun,manncol,milepnt,reljunc,reljuncinter,intersectiontype,funcsystem,landuse,ownership,route,schlbus,spejur,contdev,devfunc,trafid1,trafid2,lon,lat,wk_zone,vnumber,crashtype,criticalevent,criticaleventcat,spdlim,body,trailer,emerg,hazcargo,leave,mhevent,roadalgn,roadprof,traflane,trafflow,vehmanvr,numoccs,regowner,regstate,spuse,make,model,modelyr,vrf1,vrf2,seqevent1,seqevent2,seqevent3,seqevent4,seqevent5,seqevent6,pnumber,ptype,age,sex,hispanic,race,injury,diedscene,restraint,restraintmisuse,seatpos,takehosp,death_dt,death_tm,cert,cernum_wa,commlic,licendor,licrestrict,liccomp,drivpres,drf1,drf2,drf3,drf4,distract1,distract2,distract3,distract4,distract5,distract6,dricond1,dricond2,dricond3,dricond4,dricond5,dricond6,dzip,licstate,drhgt_in,weight,noncdl,noncdltype,prevdwi,prevoth,prevacc,prevspd,prevsus,driviol1,driviol2,driviol3,driviol4,driviol5,driviol6,spdrel,first_dt,last_dt,airbag,ejection,ejectpath,extricat,injurwrk,methalc,methdrug,nmlocat,strikveh,prf1,prf2,prf3,druginv,alcinvol,drugsts,drugres1,drugres2,drugres3,drugtst1,drugtst2,drugtst3,alcsts,alctst,alcres,nmact1,nmact2,nmact3,nmact4,nmact5,nmact6,nmprior1,nmprior2,nmprior3,nmprior4,nmprior5,nmprior6,nmcond1,nmcond2,nmcond3,nmcond4,nmcond5,nmcond6,nmsafe_helmet,nmsafe_pads,nmsafe_oth,nmprev_ref,nmprev_lgt,nmprev_oth,crashlocation,nmcrashtype,crosswalk,schoolzone,sidewalk,train_inv,wildlife_inv,rotr_fars,intersect_fars,dd_inv,aid_inv,dpd_inv,id_inv,mj_inv,impnm_inv,ainm_inv,dpnm_inv,speed_inv,unlic_inv,unendmc_inv,drowsy_inv,drdist_inv,nmdist_inv,fty_inv,unrestfat_inv,dr1617_inv,dr1820_inv,dr1620_inv,dr2125_inv,dr1625_inv,dr65_inv,dr70_inv,dr75_inv,mc_inv,pv_inv,ht_inv,ped_inv,bike_inv,unrest_fat,mc_fat,unhelmet_mc,pv_fat,ht_fat,ped_fat,bike_fat,dr_alc7,dr_alc8,dr_drug,dr_imp,dr_dist,dr_spd,dr_fty,dr_unlic,dr_alc7only,dr_alc8only,dr_drugonly,dr_drink,nm_imp,nm_alc7,nm_alc8,nm_drug,nm_dist,agegrp1,agegrp2,roadclass,urbrur,dayweek,restuse,vehtype,race_me,intersect,lanedep,oppdir,wrongway,rep_typ,investag,repag_long,rotr,st_rd,cty_rd,city_rd,oth_rd,drug_thc,thc_res,drug_cthc,cthc_res,drug_cann,prevpersemin,prevperse,prevsusoth,drugtst4,drugtst5,drugtst6,drugtst7,drugtst8,drugres4,drugres5,drugres6,drugres7,drugres8,adspresent,adsengaged,adslevel,race1,race2,race3,race4,race5,helmet,helmetmisuse,nmdistract1,nmdistract2,nmdistract3,nmdistract4,nmdistract5,nmdistract6,lab,isedtcase,crf1,crf2,crf3,CoRoadName,CoMP,IntCoRoadName,IntCoMP,crashzip,dcity,crashcity
293,298,298,2017,204,E685651,21.0,2017-06-17,16:17,17,6,0.0,25,Grant,0,1,0.0,1,1,7,1,0,1,1,,,,1,0,0,0.0,1,0,1,7,1,2,4,0,0,0,0,CR-24 SW,,-119.9383194,46.737502778,0,1,7,13,2,50,34,0,0,1,2,1,1,1,2,1,1,1,2,53,0,20,481,2004,0,0.0,63,69.0,68.0,64.0,1.0,17.0,1,1,28,1,99.0,1.0,4,7,3,0,11,0,06/17/2017,16:17,129353027480.0,27480.0,0.0,0.0,0.0,3.0,1,58,0.0,0.0,0.0,96,,,,,,9,,,,,,99349,53,69.0,180.0,6.0,1.0,0.0,0.0,0.0,0.0,0.0,0,,,,,,3,,,99,0,0,0,0.0,9,8,,,0,0.0,0.0,8,1,2.0,1.0,0.0,0.0,1.0,0.0,0.0,2,1,0.11,,,,,,,,,,,,,,,,,,,,,,,,,,,,,,0,0,0,0,1,1,0,1,0,0,0,0,1,0,0,0,0,0,0,0,0,0,0,0,0,0,0,0,0,0,0,0,0,0,0,,0,0,0,0,0,1,0,1,0,1,0,0,0,1,0,1,,,,,,26-30,26-35,County road,R,Saturday,Belt Used,PV,White,0,1,0,0,County Road,County Sheriff,Grant County Sheriff's Office,1,0,1,0,0,,,,,,,,,,,,,,,,,,,,,,,,,,,,,,,,,,,,,,,,,,,,99349,Mattawa,Mattawa
294,299,299,2017,205,E686753,4.0,2017-06-18,4:00,18,6,0.0,1,Adams,0,1,0.0,2,1,2,1,0,4,2,4:01,4:30,4:55,12,0,2,65.9,1,0,1,5,1,1,3,0,0,0,0,SR-24,,-119.3504111,46.737811111,0,1,50,10,2,60,4,0,0,1,2,12,1,1,2,1,1,1,2,53,0,18,20,1993,0,0.0,68,12.0,,,,,1,1,18,1,0.0,0.0,3,0,3,0,11,5,,,,,0.0,0.0,3.0,3.0,1,28,0.0,0.0,0.0,96,,,,,,9,,,,,,99344,53,69.0,160.0,6.0,1.0,1.0,0.0,0.0,0.0,1.0,0,,,,,,0,12/15/2016,02/15/2017,20,0,0,0,8.0,9,8,,,0,0.0,0.0,8,1,0.0,0.0,0.0,0.0,0.0,0.0,0.0,0,0,996.0,,,,,,,,,,,,,,,,,,,,,,,,,,,,,,0,0,0,0,1,0,0,0,0,0,0,0,0,0,0,0,0,0,0,0,0,1,1,0,1,0,0,0,0,1,0,0,0,0,0,,0,0,0,0,0,0,0,0,0,0,0,0,0,0,0,1,,,,,,18-20,16-25,State route,R,Sunday,Belt Used,PV,Not Fatal,0,1,1,0,State Route,State Patrol,Washington State Patrol Headquarter,0,1,0,0,0,,,,,,,,,,,,,,,,,,,,,,,,,,,,,,,,,,,,,,,,,,,,99344,Othello,Othello
295,300,300,2017,205,E686753,4.0,2017-06-18,4:00,18,6,0.0,1,Adams,0,1,0.0,2,1,2,1,0,4,2,4:01,4:30,4:55,12,0,2,65.9,1,0,1,5,1,1,3,0,0,0,0,SR-24,,-119.3504111,46.737811111,0,2,51,62,4,60,20,0,0,1,2,12,1,1,2,1,1,3,1,53,0,37,441,2006,0,0.0,12,,,,,,1,1,42,1,0.0,0.0,1,0,3,0,11,5,,,,,0.0,0.0,0.0,3.0,1,0,0.0,0.0,0.0,0,,,,,,0,,,,,,99344,53,75.0,205.0,6.0,1.0,0.0,0.0,0.0,0.0,0.0,0,,,,,,0,,,8,0,0,0,8.0,9,8,,,0,0.0,0.0,8,0,0.0,0.0,0.0,0.0,0.0,0.0,0.0,0,0,996.0,,,,,,,,,,,,,,,,,,,,,,,,,,,,,,0,0,0,0,1,0,0,0,0,0,0,0,0,0,0,0,0,0,0,0,0,1,1,0,1,0,0,0,0,1,0,0,0,0,0,,0,0,0,0,0,0,0,0,0,0,0,0,0,0,0,0,,,,,,41-45,36-45,State route,R,Sunday,Belt Used,PV,Not Fatal,0,1,1,0,State Route,State Patrol,Washington State Patrol Headquarter,0,1,0,0,0,,,,,,,,,,,,,,,,,,,,,,,,,,,,,,,,,,,,,,,,,,,,99344,Othello,Othello
296,301,301,2017,206,E685188,55.0,2017-06-19,17:32,19,6,0.0,33,King,100,1,0.0,1,1,2,1,0,5,5,17:48,17:53,18:17,12,0,1,0.0,3,0,2,3,2,1,3,0,0,3,3,SR-167 RAMP LX01577,15TH ST NW,-122.2558361,47.295619444,0,1,98,53,3,35,4,0,0,1,2,12,1,2,2,1,5,1,3,53,0,20,22,2008,0,0.0,12,,,,,,1,1,33,1,0.0,0.0,1,0,3,0,11,8,,,,,0.0,0.0,0.0,3.0,1,0,0.0,0.0,0.0,0,,,,,,0,,,,,,98367,53,75.0,325.0,6.0,1.0,0.0,0.0,0.0,1.0,0.0,0,,,,,,0,06/15/2012,06/15/2012,20,0,0,0,8.0,9,8,,,0,0.0,0.0,8,0,0.0,0.0,0.0,0.0,0.0,0.0,0.0,0,0,996.0,,,,,,,,,,,,,,,,,,,,,,,,,,,,,,0,0,0,1,0,0,1,1,1,0,0,0,1,0,0,0,0,0,0,0,0,0,0,0,0,0,0,0,1,1,0,0,0,0,0,,0,0,0,0,0,0,0,0,0,0,0,0,0,0,0,0,,,,,,31-35,26-35,State route,U,Monday,Belt Used,PV,Not Fatal,1,0,0,0,State Route,Municipal/City Police,Auburn Police Department,0,1,0,0,0,,,,,,,,,,,,,,,,,,,,,,,,,,,,,,,,,,,,,,,,,,,,98001,Port Orchard,Auburn
297,302,302,2017,206,E685188,55.0,2017-06-19,17:32,19,6,0.0,33,King,100,1,0.0,1,1,2,1,0,5,5,17:48,17:53,18:17,12,0,1,0.0,3,0,2,3,2,1,3,0,0,3,3,SR-167 RAMP LX01577,15TH ST NW,-122.2558361,47.295619444,0,2,98,53,3,35,14,0,0,1,5,12,1,2,2,1,5,1,3,53,0,12,401,2015,0,0.0,12,,,,,,1,1,55,2,0.0,0.0,0,0,3,0,11,0,,,,,0.0,0.0,0.0,3.0,1,0,0.0,0.0,0.0,0,,,,,,0,,,,,,98022,53,65.0,135.0,6.0,1.0,0.0,1.0,1.0,0.0,0.0,0,,,,,,0,06/15/2015,06/15/2015,20,0,0,0,8.0,9,8,,,0,0.0,0.0,8,0,0.0,0.0,0.0,0.0,0.0,0.0,0.0,0,0,996.0,,,,,,,,,,,,,,,,,,,,,,,,,,,,,,0,0,0,1,0,0,1,1,1,0,0,0,1,0,0,0,0,0,0,0,0,0,0,0,0,0,0,0,1,1,0,0,0,0,0,,0,0,0,0,0,0,0,0,0,0,0,0,0,0,0,0,,,,,,51-55,46-55,State route,U,Monday,Belt Used,PV,Not Fatal,1,0,0,0,State Route,Municipal/City Police,Auburn Police Department,0,1,0,0,0,,,,,,,,,,,,,,,,,,,,,,,,,,,,,,,,,,,,,,,,,,,,98001,Enumclaw,Auburn
298,303,303,2017,206,E685188,55.0,2017-06-19,17:32,19,6,0.0,33,King,100,1,0.0,1,1,2,1,0,5,5,17:48,17:53,18:17,12,0,1,0.0,3,0,2,3,2,1,3,0,0,3,3,SR-167 RAMP LX01577,15TH ST NW,-122.2558361,47.295619444,0,3,98,53,3,35,4,0,0,1,5,12,1,2,2,1,5,1,1,53,0,49,40,2012,0,0.0,12,,,,,,1,1,47,2,0.0,0.0,0,0,3,0,11,0,,,,,0.0,0.0,0.0,3.0,1,0,0.0,0.0,0.0,0,,,,,,0,,,,,,98092,53,60.0,110.0,6.0,1.0,0.0,0.0,0.0,0.0,0.0,0,,,,,,0,,,20,0,0,0,8.0,9,8,,,0,0.0,0.0,8,0,0.0,0.0,0.0,0.0,0.0,0.0,0.0,0,0,996.0,,,,,,,,,,,,,,,,,,,,,,,,,,,,,,0,0,0,1,0,0,1,1,1,0,0,0,1,0,0,0,0,0,0,0,0,0,0,0,0,0,0,0,1,1,0,0,0,0,0,,0,0,0,0,0,0,0,0,0,0,0,0,0,0,0,0,,,,,,46-50,46-55,State route,U,Monday,Belt Used,PV,Not Fatal,1,0,0,0,State Route,Municipal/City Police,Auburn Police Department,0,1,0,0,0,,,,,,,,,,,,,,,,,,,,,,,,,,,,,,,,,,,,,,,,,,,,98001,Auburn,Auburn
299,304,304,2017,206,E685188,55.0,2017-06-19,17:32,19,6,0.0,33,King,100,1,0.0,1,1,2,1,0,5,5,17:48,17:53,18:17,12,0,1,0.0,3,0,2,3,2,1,3,0,0,3,3,SR-167 RAMP LX01577,15TH ST NW,-122.2558361,47.295619444,0,4,21,53,3,35,80,0,0,1,2,12,1,2,2,1,5,1,1,53,0,72,706,2014,0,0.0,12,,,,,,1,1,36,1,7.0,1.0,4,7,19,0,11,0,06/19/2017,17:32,10053028116.0,28116.0,0.0,0.0,0.0,3.0,1,0,0.0,0.0,0.0,0,,,,,,0,,,,,,98038,53,72.0,180.0,6.0,1.0,0.0,0.0,0.0,0.0,0.0,0,,,,,,0,,,20,8,0,0,0.0,9,8,,,0,0.0,0.0,8,0,2.0,605.0,0.0,0.0,1.0,0.0,0.0,2,1,0.0,,,,,,,,,,,,,,,,,,,,,,,,,,,,,,0,0,0,1,0,0,1,1,1,0,0,0,1,0,0,0,0,0,0,0,0,0,0,0,0,0,0,0,1,1,0,0,0,0,1,0.0,0,0,0,0,0,0,1,1,0,0,0,0,0,0,1,0,,,,,,36-40,36-45,State route,U,Monday,,MC,White,1,0,0,0,State Route,Municipal/City Police,Auburn Police Department,0,1,0,0,0,thc,1.6,carboxy-thc,8.0,,,,,,,,,,,,,,,,,,,,,,,,,,,,,,,,,,,,,,,,98001,Maple Valley,Auburn
300,305,305,2017,206,E685188,55.0,2017-06-19,17:32,19,6,0.0,33,King,100,1,0.0,1,1,2,1,0,5,5,17:48,17:53,18:17,12,0,1,0.0,3,0,2,3,2,1,3,0,0,3,3,SR-167 RAMP LX01577,15TH ST NW,-122.2558361,47.295619444,0,5,20,50,3,35,6,0,0,1,2,1,1,2,2,1,1,1,1,53,0,48,45,2015,0,0.0,12,12.0,1.0,12.0,12.0,,1,1,47,2,0.0,0.0,1,0,3,0,11,8,,,,,0.0,0.0,3.0,3.0,1,0,0.0,0.0,0.0,96,,,,,,99,,,,,,98002,53,68.0,180.0,6.0,1.0,0.0,0.0,0.0,0.0,0.0,97,,,,,,4,,,8,0,0,0,8.0,9,8,,,0,0.0,0.0,8,9,0.0,0.0,0.0,0.0,0.0,0.0,0.0,0,0,996.0,,,,,,,,,,,,,,,,,,,,,,,,,,,,,,0,0,0,1,0,0,1,1,1,0,0,0,1,0,0,0,0,0,0,0,0,0,0,0,0,0,0,0,1,1,0,0,0,0,0,,0,0,0,0,0,0,0,0,0,1,0,0,0,0,0,0,,,,,,46-50,46-55,State route,U,Monday,Belt Used,PV,Not Fatal,1,0,0,0,State Route,Municipal/City Police,Auburn Police Department,0,1,0,0,0,,,,,,,,,,,,,,,,,,,,,,,,,,,,,,,,,,,,,,,,,,,,98001,Auburn,Auburn
301,306,306,2017,207,E684437,7.0,2017-06-20,23:18,20,6,0.0,33,King,0,1,0.0,2,1,1,1,1,3,3,,,,14,0,0,22.5,1,0,1,1,1,1,1,0,0,0,0,I-90,,-121.9086361,47.510636111,0,1,11,13,2,70,34,0,0,1,2,8,1,2,3,2,1,1,1,53,0,35,472,2005,0,0.0,63,14.0,8.0,14.0,,,1,1,42,1,0.0,0.0,0,0,99,0,11,0,,,,,0.0,0.0,0.0,3.0,1,91,0.0,0.0,0.0,96,,,,,,9,,,,,,98155,53,72.0,165.0,6.0,1.0,0.0,1.0,2.0,1.0,0.0,1,,,,,,0,08/15/2014,08/15/2016,20,0,0,0,8.0,9,8,,,0,0.0,0.0,8,1,0.0,0.0,0.0,0.0,0.0,0.0,0.0,0,0,996.0,,,,,,,,,,,,,,,,,,,,,,,,,,,,,,0,0,0,0,1,0,0,0,0,0,0,0,0,0,0,0,0,0,0,0,0,0,0,0,0,0,0,0,0,1,0,1,0,0,0,,0,0,0,0,0,0,0,0,0,0,0,0,0,0,0,1,,,,,,41-45,36-45,Interstate,R,Tuesday,Unknown,PV,Not Fatal,0,1,0,0,State Route,State Patrol,Washington State Patrol Headquarter,1,1,0,0,0,,,,,,,,,,,,,,,,,,,,,,,,,,,,,,,,,,,,,,,,,,,,98027,Seattle,Issaquah
302,307,307,2017,208,E683774,39.0,2017-06-19,15:03,19,6,0.0,61,Snohomish,0,1,0.0,1,1,2,1,0,1,2,,,,42,0,0,0.1,1,0,1,5,2,2,4,0,0,0,0,CR-ADMIRALTY WAY,121ST ST SW,-122.2519472,47.888377778,0,1,2,6,1,35,80,0,0,1,2,42,1,1,2,1,1,1,2,53,0,73,705,2006,0,0.0,63,42.0,14.0,,,,1,1,25,1,7.0,2.0,4,7,19,0,11,0,06/19/2017,15:03,69053027723.0,27723.0,0.0,0.0,0.0,3.0,1,0,0.0,0.0,0.0,96,,,,,,99,,,,,,98275,53,69.0,160.0,6.0,1.0,0.0,0.0,1.0,0.0,0.0,0,,,,,,4,03/15/2017,03/15/2017,20,8,0,0,0.0,9,8,,,0,0.0,0.0,8,9,2.0,605.0,0.0,0.0,1.0,0.0,0.0,2,1,0.0,,,,,,,,,,,,,,,,,,,,,,,,,,,,,,0,0,0,0,0,0,1,1,1,0,0,0,1,0,0,0,0,0,0,0,0,0,0,1,1,0,0,0,1,1,0,0,0,0,1,0.0,0,0,0,0,0,0,1,1,0,1,0,0,0,0,1,0,,,,,,21-25,16-25,County road,U,Monday,,MC,Black,0,1,0,0,County Road,County Sheriff,Snohomish County Sheriff's Office,1,0,1,0,0,thc,19.0,carboxy-thc,13.0,,,,,,,,,,,,,,,,,,,,,,,,,,,,,,,,,,,,,,,,98204,Mukilteo,Everett
303,308,308,2017,209,E683703,3.0,2017-06-16,22:57,16,6,0.0,53,Pierce,2230,1,0.0,3,1,2,1,0,4,2,,,,14,0,0,0.1,1,0,1,1,2,1,1,0,0,0,0,I-5 RAMP Q113002,,-122.4622139,47.191572222,1,1,11,13,2,60,4,0,0,1,2,14,2,2,2,3,14,1,2,53,0,12,13,2001,0,0.0,63,14.0,,,,,1,1,30,1,7.0,2.0,4,0,20,0,11,8,06/17/2017,0:04,223053028062.0,28062.0,0.0,0.0,0.0,2.0,1,0,0.0,0.0,0.0,92,,,,,,99,,,,,,98409,53,75.0,180.0,1.0,1.0,0.0,2.0,0.0,0.0,4.0,0,,,,,,0,01/15/2013,06/15/2017,8,0,0,0,0.0,9,8,,,0,0.0,0.0,8,9,0.0,0.0,0.0,0.0,0.0,0.0,0.0,0,0,996.0,,,,,,,,,,,,,,,,,,,,,,,,,,,,,,0,0,0,0,0,0,0,0,0,0,0,0,0,1,0,0,1,0,0,1,0,0,0,0,0,0,0,0,0,1,1,0,0,1,0,,1,0,0,0,0,0,0,0,1,0,0,1,0,0,0,0,,,,,,26-30,26-35,Interstate,U,Friday,Not Used,PV,Black,0,1,0,0,State Route,State Patrol,Washington State Patrol Headquarter,1,1,0,0,0,,,,,,,,,,,,,,,,,,,,,,,,,,,,,,,,,,,,,,,,,,,,98408,Tacoma,Tacoma
304,309,309,2017,211,E683961,55.0,2017-06-21,21:56,21,6,0.0,33,King,100,1,0.0,3,1,2,1,0,2,2,,,,12,0,6,0.0,8,0,1,5,2,4,6,0,0,0,0,A ST E,,-122.2289,47.270580556,0,1,68,15,2,35,4,0,0,1,5,12,1,1,5,5,11,1,1,53,0,7,20,2000,0,0.0,12,,,,,,1,1,25,1,0.0,0.0,0,0,3,0,11,0,,,,,0.0,0.0,0.0,3.0,1,48,0.0,0.0,0.0,1,,,,,,0,,,,,,98002,53,74.0,154.0,6.0,1.0,1.0,0.0,2.0,1.0,1.0,97,,,,,,0,02/15/2014,04/15/2017,20,0,0,0,8.0,9,8,,,0,0.0,0.0,8,0,0.0,0.0,0.0,0.0,0.0,0.0,0.0,0,0,996.0,,,,,,,,,,,,,,,,,,,,,,,,,,,,,,0,0,0,0,1,1,0,1,0,0,0,0,0,0,0,0,1,0,0,0,0,0,0,1,1,0,0,0,1,1,0,0,0,0,0,,0,0,0,0,0,0,0,0,1,0,0,0,0,0,0,0,,,,,,21-25,16-25,City street,U,Wednesday,Belt Used,PV,Not Fatal,0,0,0,0,City Street,Municipal/City Police,Auburn Police Department,0,0,0,1,0,,,,,,,,,,,,,,,,,,,,,,,,,,,,,,,,,,,,,,,,,,,,98002,Auburn,Auburn
305,310,310,2017,211,E683961,55.0,2017-06-21,21:56,21,6,0.0,33,King,100,1,0.0,3,1,2,1,0,2,2,,,,12,0,6,0.0,8,0,1,5,2,4,6,0,0,0,0,A ST E,,-122.2289,47.270580556,0,2,69,62,4,35,80,0,0,1,5,12,1,1,5,5,1,1,1,53,0,53,706,2011,0,0.0,12,,,,,,1,1,62,1,7.0,1.0,4,0,19,0,11,4,06/21/2017,23:20,96053028405.0,28405.0,0.0,0.0,0.0,3.0,1,0,0.0,0.0,0.0,0,,,,,,0,,,,,,98002,53,70.0,175.0,6.0,1.0,0.0,1.0,1.0,1.0,0.0,0,,,,,,0,09/15/2014,01/15/2016,20,8,0,0,0.0,9,8,,,0,0.0,0.0,8,0,2.0,1.0,0.0,0.0,1.0,0.0,0.0,2,1,0.11,,,,,,,,,,,,,,,,,,,,,,,,,,,,,,0,0,0,0,1,1,0,1,0,0,0,0,0,0,0,0,1,0,0,0,0,0,0,1,1,0,0,0,1,1,0,0,0,0,1,0.0,0,0,0,0,0,1,0,1,0,0,0,0,0,1,0,1,,,,,,61-65,56-65,City street,U,Wednesday,,MC,White,0,0,0,0,City Street,Municipal/City Police,Auburn Police Department,0,0,0,1,0,,,,,,,,,,,,,,,,,,,,,,,,,,,,,,,,,,,,,,,,,,,,98002,Auburn,Auburn
306,311,311,2017,212,E685220,5.0,2017-06-25,19:00,25,6,0.0,41,Lewis,0,1,0.0,1,1,2,1,0,1,1,19:04,19:13,19:26,24,0,0,2.0,1,0,1,4,1,1,3,0,0,0,0,SR-7,,-122.2570583,46.574638889,0,1,1,13,2,55,80,0,0,1,2,24,3,2,2,1,14,1,1,53,0,76,706,2013,0,0.0,63,24.0,,,,,1,1,53,1,7.0,1.0,4,0,5,0,11,5,06/25/2017,19:30,138053028472.0,28472.0,0.0,0.0,3.0,3.0,1,0,0.0,0.0,0.0,96,,,,,,99,,,,,,98855,53,73.0,220.0,6.0,1.0,0.0,0.0,0.0,0.0,0.0,0,,,,,,0,,,20,8,0,0,0.0,9,8,,,0,0.0,0.0,8,9,2.0,1.0,0.0,0.0,1.0,0.0,0.0,2,1,0.0,,,,,,,,,,,,,,,,,,,,,,,,,,,,,,0,0,1,0,0,0,0,0,0,0,0,0,0,0,0,0,0,0,0,0,0,0,0,0,0,0,0,0,1,0,0,0,0,0,1,0.0,0,0,0,0,0,0,0,0,0,0,0,0,0,0,0,0,,,,,,51-55,46-55,State route,R,Sunday,,MC,White,0,1,0,0,State Route,State Patrol,Washington State Patrol Headquarter,1,1,0,0,0,,,,,,,,,,,,,,,,,,,,,,,,,,,,,,,,,,,,,,,,,,,,98356,Tonasket,Morton
307,312,312,2017,213,E693720,2.0,2017-06-21,3:17,21,6,0.0,57,Skagit,50,1,0.0,3,1,2,1,1,1,1,,,,8,0,0,51.9,3,0,2,3,2,1,3,0,0,2,3,SR-20,COMMERCIAL AVE,-122.6126361,48.512613889,0,1,13,80,5,25,66,1,0,1,5,8,1,1,4,1,11,1,3,53,0,82,881,2005,0,0.0,8,,,,,,1,1,51,1,0.0,0.0,0,0,3,0,11,0,,,,,6.0,1.0,0.0,3.0,1,0,0.0,0.0,0.0,0,,,,,,0,,,,,,98274,53,73.0,240.0,6.0,1.0,0.0,1.0,0.0,0.0,0.0,0,,,,,,0,05/15/2015,05/15/2015,20,0,0,0,8.0,9,2,,,0,0.0,0.0,0,0,0.0,0.0,0.0,0.0,0.0,0.0,0.0,0,0,996.0,,,,,,,,,,,,,,,,,,,,,,,,,,,,,,0,0,0,1,0,0,0,0,0,1,0,1,0,0,0,0,0,0,0,0,0,0,0,0,0,0,0,0,0,0,1,1,0,0,0,,0,0,0,0,0,0,0,0,0,0,0,0,0,0,0,0,,,,,,51-55,46-55,State route,U,Wednesday,,MHTRUCK,Not Fatal,1,0,0,0,State Route,State Patrol,Washington State Patrol Headquarter,0,1,0,0,0,,,,,,,,,,,,,,,,,,,,,,,,,,,,,,,,,,,,,,,,,,,,98221,Mount Vernon,Anacortes
308,313,313,2017,214,E688516,1.0,2017-06-25,7:22,25,6,0.0,77,Yakima,0,1,0.0,1,1,2,1,0,2,2,7:23,7:35,,12,0,6,2.1,4,0,1,3,1,1,3,0,0,3,3,SR-24,BIRCHFIELD RD,-120.4679111,46.584847222,0,1,77,17,2,55,4,0,0,1,2,12,1,1,5,1,1,1,1,53,0,37,32,2014,0,0.0,12,,,,,,1,1,39,2,7.0,3.0,4,7,20,0,11,0,06/25/2017,7:41,259053028161.0,28161.0,0.0,0.0,3.0,2.0,1,39,0.0,0.0,0.0,96,,,,,,9,,,,,,98902,53,60.0,115.0,1.0,1.0,3.0,0.0,0.0,1.0,4.0,0,,,,,,3,11/15/2015,10/15/2016,8,0,0,0,0.0,1,8,,,0,0.0,0.0,8,1,2.0,1.0,0.0,0.0,1.0,0.0,0.0,2,1,0.26,,,,,,,,,,,,,,,,,,,,,,,,,,,,,,0,0,0,0,1,1,0,1,0,0,0,0,1,1,0,0,0,0,0,1,0,0,0,0,0,0,0,0,0,1,0,0,0,1,0,,1,0,0,0,0,1,0,1,0,1,0,1,0,1,0,1,,,,,,36-40,36-45,State route,R,Sunday,Not Used,PV,AIAN,1,0,0,0,State Route,State Patrol,Washington State Patrol Headquarter,0,1,0,0,0,,,,,,,,,,,,,,,,,,,,,,,,,,,,,,,,,,,,,,,,,,,,98901,Yakima,Yakima
309,314,314,2017,214,E688516,1.0,2017-06-25,7:22,25,6,0.0,77,Yakima,0,1,0.0,1,1,2,1,0,2,2,7:23,7:35,,12,0,6,2.1,4,0,1,3,1,1,3,0,0,3,3,SR-24,BIRCHFIELD RD,-120.4679111,46.584847222,0,2,76,66,4,55,34,0,0,1,2,12,1,1,2,1,11,1,1,53,0,20,481,2009,0,0.0,12,,,,,,1,1,40,1,0.0,0.0,1,0,20,0,11,4,,,,,0.0,0.0,0.0,3.0,1,0,0.0,0.0,0.0,0,,,,,,0,,,,,,98901,53,67.0,155.0,6.0,1.0,0.0,0.0,0.0,0.0,0.0,0,,,,,,0,,,20,0,0,0,8.0,9,8,,,0,0.0,0.0,8,0,0.0,0.0,0.0,0.0,0.0,0.0,0.0,0,0,996.0,,,,,,,,,,,,,,,,,,,,,,,,,,,,,,0,0,0,0,1,1,0,1,0,0,0,0,1,1,0,0,0,0,0,1,0,0,0,0,0,0,0,0,0,1,0,0,0,0,0,,0,0,0,0,0,0,0,0,0,0,0,0,0,0,0,0,,,,,,36-40,36-45,State route,R,Sunday,Not Used,PV,Not Fatal,1,0,0,0,State Route,State Patrol,Washington State Patrol Headquarter,0,1,0,0,0,,,,,,,,,,,,,,,,,,,,,,,,,,,,,,,,,,,,,,,,,,,,98901,Yakima,Yakima
310,315,315,2017,215,E688196,7.0,2017-06-27,14:32,27,6,0.0,33,King,0,1,0.0,1,1,2,1,0,4,1,,,,32,0,0,5.3,1,0,1,6,1,2,4,0,0,0,0,CR-KELLY RD NE,,-121.9085194,47.732427778,0,1,1,13,2,45,6,0,0,1,2,32,1,1,2,1,1,4,2,53,0,12,17,1994,0,0.0,63,32.0,,,,,1,1,42,2,0.0,0.0,3,0,20,0,11,5,,,,,0.0,0.0,3.0,3.0,1,0,0.0,0.0,0.0,10,,,,,,99,,,,,,98019,53,64.0,135.0,6.0,1.0,0.0,0.0,1.0,1.0,4.0,97,,,,,,0,08/15/2012,05/15/2017,20,9,0,0,8.0,9,8,,,0,0.0,0.0,8,9,0.0,0.0,0.0,0.0,0.0,0.0,0.0,0,0,996.0,,,,,,,,,,,,,,,,,,,,,,,,,,,,,,0,0,1,0,0,0,0,0,0,0,0,0,0,0,0,0,1,0,0,1,0,0,0,0,0,0,0,0,0,1,0,0,0,0,0,,0,0,0,0,0,0,0,0,1,0,0,0,0,0,0,0,,,,,,41-45,36-45,County road,R,Tuesday,Not Used,PV,Not Fatal,0,1,0,0,County Road,County Sheriff,King County Police,1,0,1,0,0,,,,,,,,,,,,,,,,,,,,,,,,,,,,,,,,,,,,,,,,,,,,98019,Duvall,Duvall