,index,Unnamed: 0,year,case,par,repjur,crash_dt,crash_tm,accday,accmon,holiday,county,co_char,city,weather,weather2,lightcond,surfcond,surftype,numfatal,nmforms,pforms,vforms,not_tm,arr_tm,hosp_tm,fhevent,hitrun,manncol,milepnt,reljunc,reljuncinter,intersectiontype,funcsystem,landuse,ownership,route,schlbus,spejur,contdev,devfunc,trafid1,trafid2,lon,lat,wk_zone,vnumber,crashtype,criticalevent,criticaleventcat,spdlim,body,trailer,emerg,hazcargo,leave,mhevent,roadalgn,roadprof,traflane,trafflow,vehmanvr,numoccs,regowner,regstate,spuse,make,model,modelyr,vrf1,vrf2,seqevent1,seqevent2,seqevent3,seqevent4,seqevent5,seqevent6,pnumber,ptype,age,sex,hispanic,race,injury,diedscene,restraint,restraintmisuse,seatpos,takehosp,death_dt,death_tm,cert,cernum_wa,commlic,licendor,licrestrict,liccomp,drivpres,drf1,drf2,drf3,drf4,distract1,distract2,distract3,distract4,distract5,distract6,dricond1,dricond2,dricond3,dricond4,dricond5,dricond6,dzip,licstate,drhgt_in,weight,noncdl,noncdltype,prevdwi,prevoth,prevacc,prevspd,prevsus,driviol1,driviol2,driviol3,driviol4,driviol5,driviol6,spdrel,first_dt,last_dt,airbag,ejection,ejectpath,extricat,injurwrk,methalc,methdrug,nmlocat,strikveh,prf1,prf2,prf3,druginv,alcinvol,drugsts,drugres1,drugres2,drugres3,drugtst1,drugtst2,drugtst3,alcsts,alctst,alcres,nmact1,nmact2,nmact3,nmact4,nmact5,nmact6,nmprior1,nmprior2,nmprior3,nmprior4,nmprior5,nmprior6,nmcond1,nmcond2,nmcond3,nmcond4,nmcond5,nmcond6,nmsafe_helmet,nmsafe_pads,nmsafe_oth,nmprev_ref,nmprev_lgt,nmprev_oth,crashlocation,nmcrashtype,crosswalk,schoolzone,sidewalk,train_inv,wildlife_inv,rotr_fars,intersect_fars,dd_inv,aid_inv,dpd_inv,id_inv,mj_inv,impnm_inv,ainm_inv,dpnm_inv,speed_inv,unlic_inv,unendmc_inv,drowsy_inv,drdist_inv,nmdist_inv,fty_inv,unrestfat_inv,dr1617_inv,dr1820_inv,dr1620_inv,dr2125_inv,dr1625_inv,dr65_inv,dr70_inv,dr75_inv,mc_inv,pv_inv,ht_inv,ped_inv,bike_inv,unrest_fat,mc_fat,unhelmet_mc,pv_fat,ht_fat,ped_fat,bike_fat,dr_alc7,dr_alc8,dr_drug,dr_imp,dr_dist,dr_spd,dr_fty,dr_unlic,dr_alc7only,dr_alc8only,dr_drugonly,dr_drink,nm_imp,nm_alc7,nm_alc8,nm_drug,nm_dist,agegrp1,agegrp2,roadclass,urbrur,dayweek,restuse,vehtype,race_me,intersect,lanedep,oppdir,wrongway,rep_typ,investag,repag_long,rotr,st_rd,cty_rd,city_rd,oth_rd,drug_thc,thc_res,drug_cthc,cthc_res,drug_cann,prevpersemin,prevperse,prevsusoth,drugtst4,drugtst5,drugtst6,drugtst7,drugtst8,drugres4,drugres5,drugres6,drugres7,drugres8,adspresent,adsengaged,adslevel,race1,race2,race3,race4,race5,helmet,helmetmisuse,nmdistract1,nmdistract2,nmdistract3,nmdistract4,nmdistract5,nmdistract6,lab,isedtcase,crf1,crf2,crf3,CoRoadName,CoMP,IntCoRoadName,IntCoMP,crashzip,dcity,crashcity
329,334,334,2017,228,E686545,290.0,2017-06-26,3:17,26,6,0.0,53,Pierce,2230,1,0.0,3,1,2,1,0,4,1,3:18,3:33,4:19,59,0,0,0.0,3,0,3,5,2,4,6,0,0,0,0,TACOMA AVE N,N 9TH ST,-122.4594944,47.268213889,0,1,2,6,1,30,6,0,0,1,5,30,1,2,2,1,1,4,1,53,0,48,34,2002,0,0.0,63,59.0,30.0,,,,1,1,25,1,7.0,1.0,4,0,3,0,11,5,06/30/2017,18:15,223053029085.0,29085.0,0.0,0.0,3.0,3.0,1,0,0.0,0.0,0.0,92,,,,,,99,,,,,,28411,37,71.0,999.0,6.0,1.0,0.0,2.0,1.0,0.0,2.0,97,,,,,,4,10/15/2012,12/15/2014,1,0,0,9,0.0,9,8,,,0,0.0,0.0,8,9,2.0,522.0,605.0,0.0,1.0,1.0,0.0,2,1,0.053,,,,,,,,,,,,,,,,,,,,,,,,,,,,,,0,0,0,1,1,0,1,1,1,0,0,0,1,0,0,0,1,0,0,0,0,0,0,1,1,0,0,0,0,1,0,0,0,0,0,,1,0,0,0,1,0,1,1,1,1,0,0,0,0,0,1,,,,,,21-25,16-25,City street,U,Monday,Belt Used,PV,White,0,1,0,0,City Street,Municipal/City Police,Tacoma Police Department,1,0,0,1,0,thc,3.9,carboxy-thc,18.0,,,,,,,,,,,,,,,,,,,,,,,,,,,,,,,,,,,,,,,,98403,Wilmington,Tacoma
330,335,335,2017,229,E687349,8.0,2017-07-01,14:00,1,7,5.0,45,Mason,0,1,0.0,1,1,2,1,0,3,1,14:03,14:20,15:18,42,0,0,9.5,1,0,1,4,1,1,3,0,0,0,0,SR-108,,-123.1331583,47.109727778,0,1,1,13,2,50,34,0,0,1,2,42,1,1,2,1,1,3,2,53,0,20,481,2002,0,0.0,63,42.0,,,,,1,1,25,1,0.0,0.0,5,0,99,0,11,0,,,,,0.0,0.0,3.0,2.0,1,91,0.0,0.0,0.0,96,,,,,,9,,,,,,98582,53,70.0,195.0,2.0,1.0,2.0,8.0,1.0,1.0,1.0,1,,,,,,3,11/15/2015,04/15/2016,1,0,0,0,8.0,9,8,,,0,0.0,0.0,8,1,0.0,0.0,0.0,0.0,0.0,0.0,0.0,0,0,996.0,,,,,,,,,,,,,,,,,,,,,,,,,,,,,,0,0,1,0,1,0,0,0,0,0,0,0,1,1,0,0,0,0,0,0,0,0,0,1,1,0,0,0,0,0,0,0,0,0,0,,0,0,0,0,0,0,0,0,0,1,0,1,0,0,0,1,,,,,,21-25,16-25,State route,R,Saturday,Unknown,PV,Not Fatal,0,1,0,0,State Route,State Patrol,Washington State Patrol Headquarter,1,1,0,0,0,,,,,,,,,,,,,,,,,,,,,,,,,,,,,,,,,,,,,,,,,,,,98584,Salkum,Shelton
331,336,336,2017,230,E687419,184.0,2017-07-03,2:11,3,7,5.0,61,Snohomish,1215,1,0.0,3,1,2,1,0,1,1,,,,39,0,0,41.6,1,0,1,3,2,1,3,0,0,0,0,SR-99,,-122.3039417,47.834111111,0,1,6,12,2,45,4,0,0,1,2,39,1,1,7,5,1,1,1,53,0,41,35,2001,0,0.0,68,64.0,39.0,,,,1,1,52,1,6.0,98.0,4,7,3,0,11,0,07/03/2017,2:11,121553029834.0,29834.0,0.0,0.0,0.0,0.0,1,0,0.0,0.0,0.0,96,,,,,,99,,,,,,98205,53,65.0,200.0,0.0,0.0,0.0,0.0,0.0,0.0,0.0,0,,,,,,0,,,8,0,0,0,0.0,9,8,,,0,0.0,0.0,8,9,2.0,1.0,0.0,0.0,1.0,0.0,0.0,2,1,0.2,,,,,,,,,,,,,,,,,,,,,,,,,,,,,,0,0,1,0,1,1,0,1,0,0,0,0,0,1,0,0,0,0,0,0,0,0,0,0,0,0,0,0,0,1,0,0,0,0,0,,1,0,0,0,0,1,0,1,0,0,0,1,0,1,0,1,,,,,,51-55,46-55,State route,U,Monday,Belt Used,PV,Hispanic,0,0,0,0,State Route,Municipal/City Police,Lynnwood Police Department,0,1,0,0,0,,,,,,,,,,,,,,,,,,,,,,,,,,,,,,,,,,,,,,,,,,,,98037,Everett,Lynnwood
332,337,337,2017,231,E687652,8.0,2017-07-02,16:53,2,7,5.0,35,Kitsap,0,1,0.0,1,1,2,1,1,1,1,,,,9,0,0,0.3,3,1,2,4,2,1,3,0,0,0,0,SR-3 LX04848,SR-308,-122.6856278,47.701205556,0,1,13,83,5,40,4,0,0,1,5,9,1,2,4,1,1,1,2,53,0,55,33,2014,0,0.0,9,,,,,,1,1,21,1,0.0,0.0,0,0,3,0,11,0,,,,,0.0,0.0,3.0,3.0,1,0,0.0,0.0,0.0,0,,,,,,0,,,,,,84015,49,71.0,165.0,6.0,1.0,0.0,1.0,98.0,0.0,0.0,0,,,,,,0,03/15/2014,03/15/2014,20,0,0,0,8.0,9,2,,,0,0.0,0.0,0,0,0.0,0.0,0.0,0.0,0.0,0.0,0.0,0,0,996.0,,,,,,,,,,,,,,,,,,,,,,,,,,,,,,0,0,0,1,0,0,0,0,0,0,0,0,0,0,0,0,0,0,0,0,0,0,0,1,1,0,0,0,0,1,0,0,1,0,0,,0,0,0,0,0,0,0,0,0,0,0,0,0,0,0,0,,,,,,21-25,16-25,State route,U,Sunday,Belt Used,PV,Not Fatal,1,0,0,0,State Route,State Patrol,Washington State Patrol Headquarter,0,1,0,0,0,,,,,,,,,,,,,,,,,,,,,,,,,,,,,,,,,,,,,,,,,,,,98370,Clearfield,Poulsbo
333,338,338,2017,232,E687665,3.0,2017-07-02,23:46,2,7,5.0,67,Thurston,0,1,0.0,2,1,2,1,0,3,2,,,,12,0,1,86.0,1,0,1,1,1,1,1,0,0,0,0,I-5,,-122.9994639,46.776344444,0,1,24,52,3,70,66,2,0,1,2,12,1,1,3,3,1,1,3,53,0,87,884,2017,0,0.0,12,,,,,,1,1,36,1,0.0,0.0,0,0,3,0,11,0,,,,,6.0,1.0,0.0,3.0,1,91,0.0,0.0,0.0,96,,,,,,9,,,,,,98597,53,74.0,185.0,6.0,1.0,0.0,0.0,2.0,0.0,0.0,1,,,,,,0,05/15/2016,08/15/2016,20,0,0,0,8.0,9,2,,,0,0.0,0.0,0,0,0.0,0.0,0.0,0.0,0.0,0.0,0.0,0,0,996.0,,,,,,,,,,,,,,,,,,,,,,,,,,,,,,0,0,0,0,0,0,0,0,0,0,0,0,0,0,0,0,0,0,0,0,0,0,0,0,0,1,1,1,0,1,1,0,0,0,0,,0,0,0,0,0,0,0,0,0,0,0,0,0,0,0,0,,,,,,36-40,36-45,Interstate,R,Sunday,,MHTRUCK,Not Fatal,0,0,0,0,State Route,State Patrol,Washington State Patrol Headquarter,0,1,0,0,0,,,,,,,,,,,,,,,,,,,,,,,,,,,,,,,,,,,,,,,,,,,,98531,Yelm,Centralia
334,339,339,2017,232,E687665,3.0,2017-07-02,23:46,2,7,5.0,67,Thurston,0,1,0.0,2,1,2,1,0,3,2,,,,12,0,1,86.0,1,0,1,1,1,1,1,0,0,0,0,I-5,,-122.9994639,46.776344444,0,2,27,53,3,70,4,0,0,1,2,12,1,1,3,3,15,2,1,41,0,48,34,1993,0,0.0,12,,,,,,1,1,80,2,7.0,1.0,4,7,3,0,11,0,07/02/2017,23:46,53029547.0,29547.0,0.0,0.0,0.0,3.0,1,0,0.0,0.0,0.0,0,,,,,,0,,,,,,97006,41,70.0,175.0,6.0,1.0,0.0,3.0,0.0,0.0,0.0,0,,,,,,0,09/15/2013,10/15/2013,20,0,0,0,0.0,9,8,,,0,0.0,0.0,8,0,2.0,1.0,0.0,0.0,1.0,0.0,0.0,2,1,0.0,,,,,,,,,,,,,,,,,,,,,,,,,,,,,,0,0,0,0,0,0,0,0,0,0,0,0,0,0,0,0,0,0,0,0,0,0,0,0,0,1,1,1,0,1,1,0,0,0,0,,1,0,0,0,0,0,0,0,0,0,0,0,0,0,0,0,,,,,,76-80,76+,Interstate,R,Sunday,Belt Used,PV,White,0,0,0,0,State Route,State Patrol,Washington State Patrol Headquarter,0,1,0,0,0,,,,,,,,,,,,,,,,,,,,,,,,,,,,,,,,,,,,,,,,,,,,98531,Beaverton,Centralia
335,340,340,2017,233,E689355,5.0,2017-07-01,23:54,1,7,5.0,11,Clark,1860,1,0.0,2,1,2,1,1,4,1,,,,8,0,0,14.2,1,0,1,1,1,1,1,0,0,0,0,I-5,,-122.6857833,45.815913889,0,1,13,80,5,70,34,0,0,1,2,8,1,1,3,3,1,4,1,41,0,23,481,2015,0,0.0,8,,,,,,1,1,29,1,0.0,0.0,0,0,3,0,11,0,,,,,0.0,0.0,0.0,3.0,1,0,0.0,0.0,0.0,0,,,,,,0,,,,,,97071,41,71.0,180.0,6.0,1.0,0.0,0.0,0.0,1.0,0.0,0,,,,,,0,08/15/2014,08/15/2014,1,0,0,0,8.0,9,2,,,0,0.0,0.0,0,0,0.0,0.0,0.0,0.0,0.0,0.0,0.0,0,0,996.0,,,,,,,,,,,,,,,,,,,,,,,,,,,,,,0,0,0,0,0,0,0,0,0,1,1,0,0,0,0,0,0,0,0,0,0,0,0,0,0,0,0,0,0,0,0,1,0,0,0,,0,0,0,0,0,0,0,0,0,0,0,0,0,0,0,0,,,,,,26-30,26-35,Interstate,R,Saturday,Belt Used,PV,Not Fatal,0,0,0,0,State Route,State Patrol,Washington State Patrol Headquarter,0,1,0,0,0,,,,,,,,,,,,,,,,,,,,,,,,,,,,,,,,,,,,,,,,,,,,98642,Woodburn,Ridgefield
336,341,341,2017,234,E689913,7.0,2017-07-03,16:39,3,7,5.0,33,King,1960,1,0.0,1,1,1,1,0,2,2,,,,12,0,1,163.5,1,0,1,1,2,1,1,0,0,0,0,I-5,,-122.3200472,47.573280556,0,1,28,52,3,60,80,0,0,1,2,12,1,1,5,3,2,1,2,53,0,76,705,2015,0,0.0,12,,,,,,1,1,45,1,7.0,1.0,4,7,5,0,11,0,07/03/2017,16:39,196053029593.0,29593.0,0.0,0.0,0.0,3.0,1,0,0.0,0.0,0.0,96,,,,,,99,,,,,,98006,53,67.0,180.0,6.0,1.0,0.0,0.0,0.0,2.0,0.0,0,,,,,,4,12/15/2013,06/15/2016,20,8,0,0,0.0,9,8,,,0,0.0,0.0,8,0,2.0,1.0,0.0,0.0,1.0,0.0,0.0,2,1,0.0,,,,,,,,,,,,,,,,,,,,,,,,,,,,,,0,0,0,0,0,0,0,0,0,0,0,0,1,0,0,0,0,0,0,0,0,0,0,0,0,0,0,0,1,1,0,0,0,0,1,0.0,0,0,0,0,0,0,0,0,0,1,0,0,0,0,0,0,,,,,,41-45,36-45,Interstate,U,Monday,,MC,White,0,0,0,0,State Route,State Patrol,Washington State Patrol Headquarter,0,1,0,0,0,,,,,,,,,,,,,,,,,,,,,,,,,,,,,,,,,,,,,,,,,,,,98134,Bellevue,Seattle
337,342,342,2017,234,E689913,7.0,2017-07-03,16:39,3,7,5.0,33,King,1960,1,0.0,1,1,1,1,0,2,2,,,,12,0,1,163.5,1,0,1,1,2,1,1,0,0,0,0,I-5,,-122.3200472,47.573280556,0,2,29,53,3,60,20,0,0,1,2,12,1,1,5,3,2,1,1,53,0,49,442,2001,0,0.0,12,,,,,,1,1,47,2,0.0,0.0,0,0,3,0,11,0,,,,,0.0,0.0,0.0,3.0,1,0,0.0,0.0,0.0,0,,,,,,0,,,,,,98116,53,63.0,128.0,6.0,1.0,0.0,1.0,0.0,1.0,0.0,0,,,,,,0,12/15/2012,04/15/2015,20,0,0,0,8.0,9,8,,,0,0.0,0.0,8,0,0.0,0.0,0.0,0.0,0.0,0.0,0.0,0,0,996.0,,,,,,,,,,,,,,,,,,,,,,,,,,,,,,0,0,0,0,0,0,0,0,0,0,0,0,1,0,0,0,0,0,0,0,0,0,0,0,0,0,0,0,1,1,0,0,0,0,0,,0,0,0,0,0,0,0,0,0,0,0,0,0,0,0,0,,,,,,46-50,46-55,Interstate,U,Monday,Belt Used,PV,Not Fatal,0,0,0,0,State Route,State Patrol,Washington State Patrol Headquarter,0,1,0,0,0,,,,,,,,,,,,,,,,,,,,,,,,,,,,,,,,,,,,,,,,,,,,98134,Seattle,Seattle
338,343,343,2017,235,E688738,2.0,2017-07-04,0:02,4,7,5.0,61,Snohomish,0,1,0.0,2,1,2,1,0,1,1,,,,52,0,0,34.3,1,0,1,3,1,1,2,0,0,0,0,US-2,,-121.5625194,47.809011111,0,1,1,13,2,60,4,0,0,1,2,2,3,1,2,1,14,1,1,53,0,22,20,2001,0,0.0,63,52.0,2.0,,,,1,1,63,1,7.0,1.0,4,7,99,0,11,0,07/04/2017,0:02,53030557.0,30557.0,8.0,0.0,0.0,3.0,1,0,0.0,0.0,0.0,96,,,,,,9,,,,,,98251,53,74.0,250.0,6.0,1.0,0.0,0.0,1.0,2.0,0.0,0,,,,,,4,07/15/2013,08/15/2014,99,0,0,0,0.0,1,8,,,0,0.0,0.0,8,1,2.0,1.0,0.0,0.0,1.0,0.0,0.0,2,1,0.19,,,,,,,,,,,,,,,,,,,,,,,,,,,,,,0,0,1,0,1,1,0,1,0,0,0,0,1,0,0,0,0,0,0,0,0,0,0,0,0,0,0,0,0,1,0,0,0,0,0,,1,0,0,0,0,1,0,1,0,1,0,0,0,1,0,1,,,,,,61-65,56-65,US highway,R,Tuesday,Unknown,PV,White,0,1,0,0,State Route,State Patrol,Washington State Patrol Headquarter,1,1,0,0,0,,,,,,,,,,,,,,,,,,,,,,,,,,,,,,,,,,,,,,,,,,,,98251,Gold Bar,Gold Bar
339,344,344,2017,236,E690706,7.0,2017-07-04,7:25,4,7,5.0,33,King,1960,1,0.0,1,1,1,1,0,2,2,,,,25,0,0,0.2,5,1,1,1,2,1,1,0,0,0,0,I-5 RAMP R116473,,-122.3195083,47.594394444,0,1,1,13,2,40,80,0,0,1,2,12,3,2,2,4,14,1,2,53,0,72,706,1988,0,0.0,63,25.0,1.0,12.0,,,1,1,29,1,7.0,1.0,4,7,5,0,11,0,07/04/2017,7:25,196053029594.0,29594.0,0.0,0.0,3.0,3.0,1,0,0.0,0.0,0.0,96,,,,,,9,,,,,,98272,53,71.0,135.0,6.0,1.0,0.0,2.0,2.0,7.0,4.0,0,,,,,,4,01/15/2013,03/15/2017,20,8,0,0,0.0,9,1,,,0,0.0,0.0,1,9,2.0,605.0,0.0,0.0,1.0,0.0,0.0,2,1,0.0,,,,,,,,,,,,,,,,,,,,,,,,,,,,,,0,0,1,0,0,0,1,1,1,0,0,0,1,0,0,0,0,0,0,0,0,0,0,0,0,0,0,0,1,1,0,0,0,0,1,0.0,0,0,0,0,0,0,1,1,0,1,0,0,0,0,1,0,,,,,,26-30,26-35,Interstate,U,Tuesday,,MC,White,0,1,0,0,State Route,State Patrol,Washington State Patrol Headquarter,1,1,0,0,0,thc,6.9,carboxy-thc,21.0,,,,,,,,,,,,,,,,,,,,,,,,,,,,,,,,,,,,,,,,98134,Monroe,Seattle
340,345,345,2017,236,E690706,7.0,2017-07-04,7:25,4,7,5.0,33,King,1960,1,0.0,1,1,1,1,0,2,2,,,,25,0,0,0.2,5,1,1,1,2,1,1,0,0,0,0,I-5 RAMP R116473,,-122.3195083,47.594394444,0,2,98,98,7,60,5,0,0,1,2,12,8,8,4,3,1,1,2,53,0,7,25,2008,0,0.0,12,,,,,,1,1,47,1,0.0,0.0,0,0,3,0,11,0,,,,,0.0,0.0,0.0,3.0,1,0,0.0,0.0,0.0,0,,,,,,0,,,,,,98056,53,71.0,170.0,6.0,1.0,0.0,0.0,0.0,0.0,0.0,0,,,,,,0,,,20,0,0,0,8.0,9,8,,,0,0.0,0.0,8,0,0.0,0.0,0.0,0.0,0.0,0.0,0.0,0,0,996.0,,,,,,,,,,,,,,,,,,,,,,,,,,,,,,0,0,1,0,0,0,1,1,1,0,0,0,1,0,0,0,0,0,0,0,0,0,0,0,0,0,0,0,1,1,0,0,0,0,0,,0,0,0,0,0,0,0,0,0,0,0,0,0,0,0,0,,,,,,46-50,46-55,Interstate,U,Tuesday,Belt Used,PV,Not Fatal,0,1,0,0,State Route,State Patrol,Washington State Patrol Headquarter,1,1,0,0,0,,,,,,,,,,,,,,,,,,,,,,,,,,,,,,,,,,,,,,,,,,,,98134,Renton,Seattle
341,346,346,2017,237,E689811,2.0,2017-07-04,12:52,4,7,5.0,57,Skagit,0,1,0.0,1,1,2,1,0,1,1,12:49,13:03,13:27,11,0,0,1.2,1,0,1,7,1,2,4,0,0,0,0,CR-MUD LAKE,,-122.2584222,48.458325,0,1,13,87,6,35,80,0,0,1,5,11,1,1,2,1,1,1,1,53,0,37,703,2009,0,0.0,11,,,,,,1,1,76,1,7.0,1.0,4,0,5,0,11,5,07/04/2017,14:43,141053029317.0,29317.0,0.0,0.0,3.0,3.0,1,0,0.0,0.0,0.0,96,,,,,,0,,,,,,98235,53,72.0,215.0,6.0,1.0,0.0,0.0,1.0,0.0,0.0,0,,,,,,0,07/15/2013,07/15/2013,20,8,0,0,0.0,9,8,,,0,0.0,0.0,8,0,2.0,1.0,0.0,0.0,1.0,0.0,0.0,2,1,0.0,,,,,,,,,,,,,,,,,,,,,,,,,,,,,,0,1,0,0,0,0,0,0,0,0,0,0,0,0,0,0,0,0,0,0,0,0,0,0,0,1,1,1,1,0,0,0,0,0,1,0.0,0,0,0,0,0,0,0,0,0,0,0,0,0,0,0,0,,,,,,76-80,76+,County road,R,Tuesday,,MC,White,0,0,0,0,County Road,State Patrol,Washington State Patrol Headquarter,0,0,1,0,0,,,,,,,,,,,,,,,,,,,,,,,,,,,,,,,,,,,,,,,,,,,,98273,Clearlake,Mount Vernon
342,347,347,2017,238,E690227,6.0,2017-07-06,11:21,6,7,0.0,47,Okanogan,0,1,0.0,1,1,2,2,0,3,2,,,,12,0,2,8.8,1,0,1,4,1,1,3,0,0,0,0,SR-153,,-120.0128444,48.102858333,0,1,50,10,2,55,62,0,0,1,2,12,3,2,2,1,14,2,3,53,0,84,881,2009,0,0.0,68,12.0,,,,,1,1,25,1,7.0,2.0,4,7,3,0,11,0,07/06/2017,11:21,53030243.0,30243.0,6.0,1.0,0.0,3.0,1,28,0.0,0.0,0.0,93,,,,,,0,,,,,,98953,53,71.0,165.0,6.0,1.0,0.0,0.0,1.0,0.0,0.0,0,,,,,,0,07/15/2017,07/15/2017,20,0,0,0,1.0,9,8,,,0,0.0,0.0,8,0,2.0,1.0,0.0,0.0,1.0,0.0,0.0,2,1,0.0,,,,,,,,,,,,,,,,,,,,,,,,,,,,,,0,0,0,0,0,0,0,0,0,0,0,0,0,0,0,0,1,0,0,0,0,0,0,1,1,0,0,0,0,0,1,0,0,0,0,,0,1,0,0,0,0,0,0,1,0,0,0,0,0,0,0,,,,,,21-25,16-25,State route,R,Thursday,,MHTRUCK,Black,0,1,1,0,State Route,State Patrol,Washington State Patrol Headquarter,0,1,0,0,0,,,,,,,,,,,,,,,,,,,,,,,,,,,,,,,,,,,,,,,,,,,,98846,Zillah,Pateros
343,348,348,2017,238,E690227,6.0,2017-07-06,11:21,6,7,0.0,47,Okanogan,0,1,0.0,1,1,2,2,0,3,2,,,,12,0,2,8.8,1,0,1,4,1,1,3,0,0,0,0,SR-153,,-120.0128444,48.102858333,0,2,51,62,4,55,66,1,0,1,2,12,2,2,2,1,14,1,3,16,0,85,881,2009,0,0.0,12,,,,,,1,1,60,1,7.0,1.0,4,7,3,0,11,0,07/06/2017,11:21,53029416.0,29416.0,6.0,1.0,3.0,3.0,1,0,0.0,0.0,0.0,0,,,,,,0,,,,,,99403,53,72.0,190.0,6.0,1.0,0.0,0.0,0.0,0.0,0.0,0,,,,,,0,,,20,0,0,0,1.0,9,8,,,0,0.0,0.0,8,0,2.0,1.0,0.0,0.0,1.0,0.0,0.0,2,1,0.0,,,,,,,,,,,,,,,,,,,,,,,,,,,,,,0,0,0,0,0,0,0,0,0,0,0,0,0,0,0,0,1,0,0,0,0,0,0,1,1,0,0,0,0,0,1,0,0,0,0,,0,1,0,0,0,0,0,0,0,0,0,0,0,0,0,0,,,,,,56-60,56-65,State route,R,Thursday,,MHTRUCK,White,0,1,1,0,State Route,State Patrol,Washington State Patrol Headquarter,0,1,0,0,0,,,,,,,,,,,,,,,,,,,,,,,,,,,,,,,,,,,,,,,,,,,,98846,Clarkston,Pateros
344,349,349,2017,239,E690047,3.0,2017-07-07,18:32,7,7,0.0,67,Thurston,0,1,0.0,1,1,2,1,0,1,1,,,,1,0,0,7.4,1,0,1,5,1,1,3,0,0,0,0,SR-507,,-122.9165333,46.778611111,0,1,98,9,1,35,80,0,0,1,2,1,1,1,2,1,1,1,1,53,0,72,706,2002,0,0.0,1,,,,,,1,1,38,1,7.0,1.0,4,7,5,0,11,0,07/10/2017,15:54,196053030481.0,30481.0,0.0,0.0,0.0,3.0,1,0,0.0,0.0,0.0,96,,,,,,99,,,,,,98589,53,70.0,170.0,6.0,1.0,0.0,0.0,1.0,0.0,0.0,0,,,,,,4,07/15/2016,07/15/2016,20,8,0,0,0.0,9,8,,,0,0.0,0.0,8,9,2.0,348.0,605.0,0.0,1.0,1.0,0.0,2,1,0.0,,,,,,,,,,,,,,,,,,,,,,,,,,,,,,0,0,0,0,0,0,1,1,1,0,0,0,1,0,0,0,0,0,0,0,0,0,0,0,0,0,0,0,1,0,0,0,0,0,1,0.0,0,0,0,0,0,0,1,1,0,1,0,0,0,0,1,0,,,,,,36-40,36-45,State route,R,Friday,,MC,White,0,0,0,0,State Route,State Patrol,Washington State Patrol Headquarter,0,1,0,0,0,thc,14.0,carboxy-thc,77.0,,,,,,,,,,,,,,,,,,,,,,,,,,,,,,,,,,,,,,,,98531,Tenino,Centralia
345,350,350,2017,240,E690560,160.0,2017-07-11,3:39,11,7,0.0,33,King,1030,1,0.0,3,1,2,1,0,1,1,,,,18,0,0,0.0,1,0,1,7,2,4,6,0,0,0,0,145 AVE SE,,-122.1481722,47.355472222,0,1,12,90,6,25,80,0,0,1,2,18,1,1,2,1,1,1,1,53,0,73,705,2007,0,0.0,18,,,,,,1,1,26,1,7.0,1.0,4,7,19,0,11,0,07/11/2017,3:39,103053030400.0,30400.0,0.0,0.0,3.0,3.0,1,0,0.0,0.0,0.0,0,,,,,,9,,,,,,98042,53,68.0,240.0,6.0,1.0,0.0,2.0,0.0,2.0,0.0,0,,,,,,4,01/15/2013,05/15/2017,20,8,0,0,0.0,9,8,,,0,0.0,0.0,8,1,2.0,1.0,0.0,0.0,1.0,0.0,0.0,2,1,0.18,,,,,,,,,,,,,,,,,,,,,,,,,,,,,,0,0,0,0,1,1,0,1,0,0,0,0,1,0,0,0,0,0,0,0,0,0,0,0,0,0,0,0,1,0,0,0,0,0,1,0.0,0,0,0,0,0,1,0,1,0,1,0,0,0,1,0,1,,,,,,26-30,26-35,City street,U,Tuesday,,MC,White,0,1,0,0,City Street,Municipal/City Police,Kent Police Department,1,0,0,1,0,,,,,,,,,,,,,,,,,,,,,,,,,,,,,,,,,,,,,,,,,,,,98042,Kent,Kent
346,351,351,2017,241,E694233,1.0,2017-07-12,22:30,12,7,0.0,77,Yakima,0,1,0.0,2,1,2,1,0,1,1,,,,17,0,0,0.6,1,0,1,6,1,2,4,0,0,0,0,CR-WEIKEL RD,,-120.6668611,46.645844444,0,1,6,12,2,50,80,0,0,1,2,17,2,1,2,1,14,1,1,53,0,76,706,2008,0,0.0,68,64.0,17.0,1.0,,,1,1,37,1,7.0,1.0,4,7,5,0,11,0,07/12/2017,22:30,53031303.0,31303.0,0.0,0.0,3.0,3.0,1,0,0.0,0.0,0.0,96,,,,,,99,,,,,,98908,53,72.0,175.0,6.0,1.0,0.0,0.0,0.0,0.0,0.0,0,,,,,,4,,,20,8,0,0,0.0,1,8,,,0,0.0,0.0,8,1,2.0,1.0,0.0,0.0,1.0,0.0,0.0,2,1,0.036,,,,,,,,,,,,,,,,,,,,,,,,,,,,,,0,0,1,0,1,0,0,0,0,0,0,0,1,0,0,0,0,0,0,0,0,0,0,0,0,0,0,0,1,0,0,0,0,0,1,0.0,0,0,0,0,1,0,0,0,0,1,0,0,1,0,0,1,,,,,,36-40,36-45,County road,R,Wednesday,,MC,White,0,1,0,0,County Road,State Patrol,Washington State Patrol Headquarter,1,0,1,0,0,,,,,,,,,,,,,,,,,,,,,,,,,,,,,,,,,,,,,,,,,,,,98908,Yakima,Yakima