,index,Unnamed: 0,year,case,par,repjur,crash_dt,crash_tm,accday,accmon,holiday,county,co_char,city,weather,weather2,lightcond,surfcond,surftype,numfatal,nmforms,pforms,vforms,not_tm,arr_tm,hosp_tm,fhevent,hitrun,manncol,milepnt,reljunc,reljuncinter,intersectiontype,funcsystem,landuse,ownership,route,schlbus,spejur,contdev,devfunc,trafid1,trafid2,lon,lat,wk_zone,vnumber,crashtype,criticalevent,criticaleventcat,spdlim,body,trailer,emerg,hazcargo,leave,mhevent,roadalgn,roadprof,traflane,trafflow,vehmanvr,numoccs,regowner,regstate,spuse,make,model,modelyr,vrf1,vrf2,seqevent1,seqevent2,seqevent3,seqevent4,seqevent5,seqevent6,pnumber,ptype,age,sex,hispanic,race,injury,diedscene,restraint,restraintmisuse,seatpos,takehosp,death_dt,death_tm,cert,cernum_wa,commlic,licendor,licrestrict,liccomp,drivpres,drf1,drf2,drf3,drf4,distract1,distract2,distract3,distract4,distract5,distract6,dricond1,dricond2,dricond3,dricond4,dricond5,dricond6,dzip,licstate,drhgt_in,weight,noncdl,noncdltype,prevdwi,prevoth,prevacc,prevspd,prevsus,driviol1,driviol2,driviol3,driviol4,driviol5,driviol6,spdrel,first_dt,last_dt,airbag,ejection,ejectpath,extricat,injurwrk,methalc,methdrug,nmlocat,strikveh,prf1,prf2,prf3,druginv,alcinvol,drugsts,drugres1,drugres2,drugres3,drugtst1,drugtst2,drugtst3,alcsts,alctst,alcres,nmact1,nmact2,nmact3,nmact4,nmact5,nmact6,nmprior1,nmprior2,nmprior3,nmprior4,nmprior5,nmprior6,nmcond1,nmcond2,nmcond3,nmcond4,nmcond5,nmcond6,nmsafe_helmet,nmsafe_pads,nmsafe_oth,nmprev_ref,nmprev_lgt,nmprev_oth,crashlocation,nmcrashtype,crosswalk,schoolzone,sidewalk,train_inv,wildlife_inv,rotr_fars,intersect_fars,dd_inv,aid_inv,dpd_inv,id_inv,mj_inv,impnm_inv,ainm_inv,dpnm_inv,speed_inv,unlic_inv,unendmc_inv,drowsy_inv,drdist_inv,nmdist_inv,fty_inv,unrestfat_inv,dr1617_inv,dr1820_inv,dr1620_inv,dr2125_inv,dr1625_inv,dr65_inv,dr70_inv,dr75_inv,mc_inv,pv_inv,ht_inv,ped_inv,bike_inv,unrest_fat,mc_fat,unhelmet_mc,pv_fat,ht_fat,ped_fat,bike_fat,dr_alc7,dr_alc8,dr_drug,dr_imp,dr_dist,dr_spd,dr_fty,dr_unlic,dr_alc7only,dr_alc8only,dr_drugonly,dr_drink,nm_imp,nm_alc7,nm_alc8,nm_drug,nm_dist,agegrp1,agegrp2,roadclass,urbrur,dayweek,restuse,vehtype,race_me,intersect,lanedep,oppdir,wrongway,rep_typ,investag,repag_long,rotr,st_rd,cty_rd,city_rd,oth_rd,drug_thc,thc_res,drug_cthc,cthc_res,drug_cann,prevpersemin,prevperse,prevsusoth,drugtst4,drugtst5,drugtst6,drugtst7,drugtst8,drugres4,drugres5,drugres6,drugres7,drugres8,adspresent,adsengaged,adslevel,race1,race2,race3,race4,race5,helmet,helmetmisuse,nmdistract1,nmdistract2,nmdistract3,nmdistract4,nmdistract5,nmdistract6,lab,isedtcase,crf1,crf2,crf3,CoRoadName,CoMP,IntCoRoadName,IntCoMP,crashzip,dcity,crashcity
402,407,407,2017,277,E698122,19.0,2017-07-30,19:25,30,7,0.0,21,Franklin,0,1,0.0,1,1,1,1,0,2,2,,,,12,0,1,0.1,1,0,1,7,1,2,4,0,0,0,0,CR-MCCLENNY RD,,-118.7829917,46.370836111,0,1,20,50,3,50,20,0,0,1,5,12,2,1,2,1,14,1,1,53,0,6,441,2001,0,0.0,12,,,,,,1,1,30,1,0.0,0.0,1,0,3,0,11,8,,,,,0.0,0.0,0.0,0.0,1,0,0.0,0.0,0.0,93,,,,,,0,,,,,,99301,53,,999.0,0.0,0.0,99.0,99.0,99.0,99.0,99.0,72,,,,,,0,,,1,0,0,0,8.0,9,8,,,0,0.0,0.0,8,0,0.0,0.0,0.0,0.0,0.0,0.0,0.0,0,0,996.0,,,,,,,,,,,,,,,,,,,,,,,,,,,,,,0,0,0,0,0,0,1,1,0,0,0,0,0,1,0,0,1,0,0,0,0,0,0,0,0,1,1,0,0,1,0,0,0,0,0,,0,0,0,0,0,0,0,0,1,0,0,1,0,0,0,0,,,,,,26-30,26-35,County road,R,Sunday,Belt Used,PV,Not Fatal,0,0,0,0,County Road,County Sheriff,Franklin County Sheriff's Office,0,0,1,0,0,,,,,,,,,,,,,,,,,,,,,,,,,,,,,,,,,,,,,,,,,,,,99301,Pasco,Pasco
403,408,408,2017,277,E698122,19.0,2017-07-30,19:25,30,7,0.0,21,Franklin,0,1,0.0,1,1,1,1,0,2,2,,,,12,0,1,0.1,1,0,1,7,1,2,4,0,0,0,0,CR-MCCLENNY RD,,-118.7829917,46.370836111,0,2,21,53,3,50,90,0,0,1,5,12,2,1,2,1,5,1,0,53,0,76,734,2016,0,0.0,12,,,,,,1,1,74,1,7.0,1.0,4,7,17,0,11,0,07/30/2017,19:25,53033527.0,33527.0,0.0,0.0,0.0,1.0,1,0,0.0,0.0,0.0,92,,,,,,99,,,,,,99301,53,71.0,265.0,6.0,1.0,0.0,0.0,0.0,0.0,0.0,0,,,,,,0,,,20,0,0,0,0.0,9,8,,,0,0.0,0.0,8,9,2.0,996.0,996.0,0.0,1.0,1.0,0.0,2,1,0.0,,,,,,,,,,,,,,,,,,,,,,,,,,,,,,0,0,0,0,0,0,1,1,0,0,0,0,0,1,0,0,1,0,0,0,0,0,0,0,0,1,1,0,0,1,0,0,0,0,0,,0,0,0,0,0,0,1,1,1,0,0,0,0,0,1,0,,,,,,71-75,66-75,County road,R,Sunday,,OTHVT,White,0,0,0,0,County Road,County Sheriff,Franklin County Sheriff's Office,0,0,1,0,0,,,,,,,,,,,,,,,,,,,,,,,,,,,,,,,,,,,,,,,,,,,,99301,Pasco,Pasco
404,409,409,2017,278,E697816,2.0,2017-07-31,15:38,31,7,0.0,73,Whatcom,110,1,0.0,1,1,1,1,0,1,1,,,,1,0,0,250.5,1,0,1,1,2,1,1,0,0,0,0,I-5,,-122.4747222,48.713247222,0,1,98,12,2,60,40,0,0,1,2,1,2,1,2,3,14,1,1,53,0,49,472,1996,0,0.0,64,69.0,1.0,,,,1,1,42,1,7.0,1.0,4,0,99,0,11,1,08/03/2017,1:45,196053034680.0,34680.0,0.0,0.0,3.0,3.0,1,0,0.0,0.0,0.0,0,,,,,,1,,,,,,98273,53,72.0,250.0,6.0,1.0,0.0,0.0,0.0,0.0,0.0,0,,,,,,0,,,1,0,0,0,0.0,9,8,,,0,0.0,0.0,8,0,2.0,1.0,0.0,0.0,1.0,0.0,0.0,2,1,0.0,,,,,,,,,,,,,,,,,,,,,,,,,,,,,,0,0,0,0,0,0,0,0,0,0,0,0,0,0,0,0,0,0,0,0,0,0,0,0,0,0,0,0,0,1,0,0,0,0,0,,1,0,0,0,0,0,0,0,0,0,0,0,0,0,0,0,,,,,,41-45,36-45,Interstate,U,Monday,Unknown,PV,White,0,0,0,0,State Route,State Patrol,Washington State Patrol Headquarter,0,1,0,0,0,,,,,,,,,,,,,,,,,,,,,,,,,,,,,,,,,,,,,,,,,,,,98225,Mount Vernon,Bellingham
405,410,410,2017,279,E693779,5.0,2017-07-15,18:44,15,7,0.0,41,Lewis,0,1,0.0,1,1,2,1,0,1,1,18:43,18:49,19:37,10,0,0,46.1,6,0,1,4,1,1,3,0,0,65,3,SR-6,,-123.0709694,46.626988889,0,1,98,17,2,55,34,0,0,1,2,10,1,1,2,1,1,1,1,53,0,20,481,2003,0,0.0,10,,,,,,1,1,82,1,7.0,1.0,4,0,3,0,11,8,07/28/2017,1:40,196053033055.0,33055.0,0.0,0.0,0.0,3.0,1,39,0.0,0.0,0.0,1,,,,,,0,,,,,,98538,53,72.0,210.0,6.0,1.0,0.0,1.0,0.0,1.0,0.0,36,,,,,,0,08/15/2014,03/15/2015,8,0,0,0,0.0,9,8,,,0,0.0,0.0,8,0,2.0,348.0,0.0,0.0,1.0,0.0,0.0,2,1,0.0,,,,,,,,,,,,,,,,,,,,,,,,,,,,,,1,0,0,0,0,0,1,1,0,0,0,0,0,0,0,0,1,0,0,0,0,0,0,0,0,1,1,1,0,0,0,0,0,0,0,,0,0,0,0,0,0,1,1,1,0,0,0,0,0,1,0,,,,,,81+,76+,State route,R,Saturday,Belt Used,PV,White,1,0,0,0,State Route,State Patrol,Washington State Patrol Headquarter,0,1,0,0,0,,,,,,,,,,,,,,,,,,,,,,,,,,,,,,,,,,,,,,,,,,,,98532,Curtis,Chehalis
406,411,411,2017,280,E697830,14.0,2017-07-30,19:59,30,7,0.0,11,Clark,240,1,0.0,1,1,2,1,0,2,2,,,,12,0,6,0.0,2,0,2,4,2,4,6,0,0,20,3,NW BRADY RD,NW 16TH AVE,-122.4527167,45.590652778,0,1,88,17,2,35,80,0,0,1,2,12,1,1,2,1,1,1,1,53,0,73,705,2008,0,0.0,12,,,,,,1,1,28,1,7.0,99.0,4,0,19,0,11,5,07/31/2017,2:15,24053033426.0,33426.0,0.0,0.0,0.0,3.0,1,39,0.0,0.0,0.0,96,,,,,,99,,,,,,98664,53,71.0,180.0,6.0,1.0,0.0,1.0,2.0,1.0,2.0,0,,,,,,4,08/15/2012,07/15/2016,20,8,0,0,0.0,9,8,,,0,0.0,0.0,8,9,0.0,0.0,0.0,0.0,0.0,0.0,0.0,0,0,996.0,,,,,,,,,,,,,,,,,,,,,,,,,,,,,,0,0,0,1,0,0,0,0,0,0,0,0,1,0,0,0,0,0,0,0,0,1,1,0,1,0,0,0,1,1,0,0,0,0,1,0.0,0,0,0,0,0,0,0,0,0,1,0,0,0,0,0,0,,,,,,26-30,26-35,City street,U,Sunday,,MC,Oth/Unk,1,0,0,0,City Street,Municipal/City Police,Camas Police Department,0,0,0,1,0,,,,,,,,,,,,,,,,,,,,,,,,,,,,,,,,,,,,,,,,,,,,98607,Vancouver,Camas
407,412,412,2017,280,E697830,14.0,2017-07-30,19:59,30,7,0.0,11,Clark,240,1,0.0,1,1,2,1,0,2,2,,,,12,0,6,0.0,2,0,2,4,2,4,6,0,0,20,3,NW BRADY RD,NW 16TH AVE,-122.4527167,45.590652778,0,2,89,66,4,35,4,0,0,1,2,12,1,1,2,1,3,1,2,53,0,63,34,2009,0,0.0,12,,,,,,1,1,18,2,0.0,0.0,1,0,3,0,11,0,,,,,0.0,0.0,3.0,3.0,1,0,0.0,0.0,0.0,0,,,,,,0,,,,,,98607,53,70.0,140.0,6.0,1.0,0.0,0.0,0.0,0.0,0.0,0,,,,,,0,,,20,0,0,0,8.0,9,8,,,0,0.0,0.0,8,0,0.0,0.0,0.0,0.0,0.0,0.0,0.0,0,0,996.0,,,,,,,,,,,,,,,,,,,,,,,,,,,,,,0,0,0,1,0,0,0,0,0,0,0,0,1,0,0,0,0,0,0,0,0,1,1,0,1,0,0,0,1,1,0,0,0,0,0,,0,0,0,0,0,0,0,0,0,0,0,0,0,0,0,0,,,,,,18-20,16-25,City street,U,Sunday,Belt Used,PV,Not Fatal,1,0,0,0,City Street,Municipal/City Police,Camas Police Department,0,0,0,1,0,,,,,,,,,,,,,,,,,,,,,,,,,,,,,,,,,,,,,,,,,,,,98607,Camas,Camas
408,413,413,2017,281,E697117,278.0,2017-07-31,17:17,31,7,0.0,63,Spokane,2110,1,0.0,1,1,2,1,0,2,2,17:19,17:24,17:54,12,0,6,0.0,2,0,2,3,2,4,6,0,0,0,0,E LINCOLN RD,N DAKOTA ST,-117.4005778,47.729447222,0,1,98,17,2,30,80,0,0,1,5,12,1,1,4,1,6,1,2,53,0,53,705,2000,0,0.0,12,,,,,,1,1,32,1,7.0,1.0,4,0,19,0,11,4,07/31/2017,21:12,211053033405.0,33405.0,0.0,0.0,3.0,2.0,1,33,0.0,0.0,0.0,96,,,,,,99,,,,,,99208,53,71.0,185.0,1.0,1.0,0.0,2.0,0.0,1.0,3.0,0,,,,,,3,05/15/2013,07/15/2017,20,8,0,0,0.0,9,8,,,0,0.0,0.0,8,9,2.0,177.0,417.0,605.0,1.0,1.0,1.0,2,1,0.0,,,,,,,,,,,,,,,,,,,,,,,,,,,,,,0,0,0,1,0,0,1,1,1,0,0,0,1,1,1,0,0,0,0,0,0,0,0,0,0,0,0,0,1,1,0,0,0,0,1,0.0,0,0,0,0,0,0,1,1,0,1,0,1,0,0,1,0,,,,,,31-35,26-35,City street,U,Monday,,MC,White,1,0,0,0,City Street,Municipal/City Police,Spokane Police Department,0,0,0,1,0,thc,1.8,carboxy-thc,10.0,,,,,,,,,,,,,,,,,,,,,,,,,,,,,,,,,,,,,,,,99208,Spokane,Spokane
409,414,414,2017,281,E697117,278.0,2017-07-31,17:17,31,7,0.0,63,Spokane,2110,1,0.0,1,1,2,1,0,2,2,17:19,17:24,17:54,12,0,6,0.0,2,0,2,3,2,4,6,0,0,0,0,E LINCOLN RD,N DAKOTA ST,-117.4005778,47.729447222,0,2,98,60,4,30,4,0,0,1,5,12,1,1,4,1,11,1,2,53,0,49,40,2016,0,0.0,12,,,,,,1,1,51,2,0.0,0.0,1,0,3,0,11,8,,,,,0.0,0.0,0.0,3.0,1,0,0.0,0.0,0.0,0,,,,,,0,,,,,,99208,53,65.0,160.0,6.0,1.0,0.0,0.0,1.0,0.0,0.0,0,,,,,,0,06/15/2013,06/15/2013,8,0,0,0,8.0,9,8,,,0,0.0,0.0,8,0,0.0,0.0,0.0,0.0,0.0,0.0,0.0,0,0,996.0,,,,,,,,,,,,,,,,,,,,,,,,,,,,,,0,0,0,1,0,0,1,1,1,0,0,0,1,1,1,0,0,0,0,0,0,0,0,0,0,0,0,0,1,1,0,0,0,0,0,,0,0,0,0,0,0,0,0,0,0,0,0,0,0,0,0,,,,,,51-55,46-55,City street,U,Monday,Belt Used,PV,Not Fatal,1,0,0,0,City Street,Municipal/City Police,Spokane Police Department,0,0,0,1,0,,,,,,,,,,,,,,,,,,,,,,,,,,,,,,,,,,,,,,,,,,,,99208,Spokane,Spokane
410,415,415,2017,282,E690507,55.0,2017-07-08,14:20,8,7,0.0,33,King,100,1,0.0,1,1,2,1,1,3,1,,,,15,0,0,0.0,3,0,3,5,2,4,6,0,0,3,3,R ST NE,8TH ST NE,-122.2082,47.31545,0,1,13,83,5,30,34,0,0,1,5,15,1,1,4,1,11,3,2,53,0,23,472,2016,0,0.0,15,,,,,,1,1,38,2,0.0,0.0,0,0,3,0,11,0,,,,,0.0,0.0,0.0,3.0,1,91,0.0,0.0,0.0,17,,,,,,0,,,,,,98002,53,66.0,125.0,6.0,1.0,0.0,0.0,1.0,2.0,0.0,2,,,,,,0,10/15/2012,01/15/2015,20,0,0,0,8.0,9,8,,,0,0.0,0.0,8,0,0.0,0.0,0.0,0.0,0.0,0.0,0.0,0,0,996.0,,,,,,,,,,,,,,,,,,,,,,,,,,,,,,0,0,0,1,0,0,0,0,0,0,0,0,0,0,0,0,1,0,0,0,0,0,0,0,0,0,0,0,0,0,0,1,0,0,0,,0,0,0,0,0,0,0,0,1,0,0,0,0,0,0,0,,,,,,36-40,36-45,City street,U,Saturday,Belt Used,PV,Not Fatal,1,0,0,0,City Street,Municipal/City Police,Auburn Police Department,0,0,0,1,0,,,,,,,,,,,,,,,,,,,,,,,,,,,,,,,,,,,,,,,,,,,,98002,Auburn,Auburn
411,416,416,2017,283,E712979,180.0,2017-07-06,22:19,6,7,0.0,15,Cowlitz,1190,1,0.0,3,1,1,1,1,2,1,,,,8,0,0,0.0,1,0,1,3,2,4,6,0,0,0,0,15TH AVE,,-122.9411417,46.127119444,0,1,13,80,5,98,6,0,0,1,5,8,8,8,6,1,1,2,1,53,0,20,23,2006,0,0.0,8,,,,,,1,1,70,2,0.0,0.0,0,0,3,0,11,0,,,,,0.0,0.0,0.0,3.0,1,0,0.0,0.0,0.0,0,,,,,,0,,,,,,98632,53,62.0,235.0,6.0,1.0,0.0,0.0,0.0,0.0,0.0,0,,,,,,0,,,20,0,0,0,8.0,9,8,,,0,0.0,0.0,8,0,0.0,0.0,0.0,0.0,0.0,0.0,0.0,0,0,996.0,,,,,,,,,,,,,,,,,,,,,,,,,,,,,,0,0,0,0,0,0,0,0,0,1,0,1,0,0,0,0,0,0,0,0,0,0,0,0,0,1,1,0,0,1,0,1,0,0,0,,0,0,0,0,0,0,0,0,0,0,0,0,0,0,0,0,,,,,,66-70,66-75,City street,U,Thursday,Belt Used,PV,Not Fatal,0,0,0,0,City Street,Municipal/City Police,Longview Police Department,0,0,0,1,0,,,,,,,,,,,,,,,,,,,,,,,,,,,,,,,,,,,,,,,,,,,,98632,Longview,Longview
412,417,417,2017,284,E714882,11.0,2017-07-30,12:00,30,7,0.0,5,Benton,0,1,0.0,1,1,2,1,0,1,1,,,,1,0,0,0.0,1,0,1,5,1,2,4,0,0,0,0,CR-SELLARDS RD,,-119.8508361,46.126088889,0,1,98,13,2,50,80,0,0,1,2,1,3,1,2,1,14,1,1,53,0,72,706,2013,0,0.0,63,69.0,1.0,,,,1,1,65,1,7.0,1.0,4,7,19,0,11,0,07/30/2017,12:00,53033844.0,33844.0,0.0,0.0,3.0,2.0,1,58,0.0,0.0,0.0,96,,,,,,9,,,,,,99352,53,69.0,185.0,1.0,1.0,1.0,0.0,0.0,0.0,1.0,0,,,,,,0,12/15/2014,12/15/2014,20,8,0,0,0.0,9,8,,,0,0.0,0.0,8,1,2.0,605.0,0.0,0.0,1.0,0.0,0.0,2,1,0.22,,,,,,,,,,,,,,,,,,,,,,,,,,,,,,0,0,0,0,1,1,1,1,1,0,0,0,0,1,1,0,0,0,0,0,0,0,0,0,0,1,0,0,1,0,0,0,0,0,1,0.0,0,0,0,0,0,1,1,1,0,0,0,1,0,0,0,1,,,,,,61-65,56-65,County road,R,Sunday,,MC,White,0,0,0,0,County Road,County Sheriff,Benton County Sheriff's Office,0,0,1,0,0,thc,22.0,carboxy-thc,27.0,,,,,,,,,,,,,,,,,,,,,,,,,,,,,,,,,,,,,,,,99350,Richland,Prosser
413,418,418,2017,285,E718658,7.0,2017-07-16,3:38,16,7,0.0,33,King,1030,1,0.0,3,1,1,1,0,1,1,,,,42,0,0,147.0,1,0,1,1,2,1,1,0,0,0,0,I-5,,-122.2964583,47.359355556,0,1,1,13,2,60,4,0,0,1,5,42,1,3,5,3,1,1,1,53,0,55,33,2010,0,0.0,63,42.0,,,,,1,1,23,1,7.0,2.0,4,7,99,0,11,0,07/16/2017,3:53,103053031902.0,31902.0,0.0,0.0,0.0,3.0,1,0,0.0,0.0,0.0,96,,,,,,99,,,,,,77433,48,,999.0,6.0,1.0,0.0,0.0,0.0,0.0,0.0,0,,,,,,0,,,99,0,0,0,0.0,9,8,,,0,0.0,0.0,8,9,2.0,605.0,0.0,0.0,1.0,0.0,0.0,2,1,0.16,,,,,,,,,,,,,,,,,,,,,,,,,,,,,,0,0,1,0,1,1,1,1,1,0,0,0,0,0,0,0,0,0,0,0,0,0,0,1,1,0,0,0,0,1,0,0,0,0,0,,1,0,0,0,0,1,1,1,0,0,0,0,0,0,0,1,,,,,,21-25,16-25,Interstate,U,Sunday,Unknown,PV,Black,0,1,0,0,State Route,State Patrol,Washington State Patrol Headquarter,1,1,0,0,0,thc,4.0,,,,,,,,,,,,,,,,,,,,,,,,,,,,,,,,,,,,,,,,,,98032,Cypress,Kent
414,419,419,2017,286,E688347,200.0,2017-07-04,19:25,4,7,5.0,61,Snohomish,1360,1,0.0,1,1,1,1,0,3,2,,,,12,0,6,13.0,2,0,2,3,2,1,2,0,0,3,3,US-2,ROOSEVELT RD,-122.0078833,47.872463889,0,1,68,10,2,55,14,0,0,1,5,12,1,1,5,1,11,1,1,53,0,20,401,1994,0,0.0,12,,,,,,1,1,54,2,0.0,0.0,3,0,99,0,11,8,,,,,0.0,0.0,3.0,3.0,1,38,39.0,0.0,0.0,96,,,,,,99,,,,,,88310,35,65.0,155.0,6.0,1.0,0.0,0.0,98.0,0.0,0.0,9,,,,,,0,,,20,0,0,0,8.0,9,8,,,0,0.0,0.0,8,1,2.0,316.0,605.0,996.0,1.0,1.0,1.0,2,1,0.21,,,,,,,,,,,,,,,,,,,,,,,,,,,,,,0,0,0,1,1,1,1,1,1,0,0,0,0,0,0,0,0,0,1,0,0,0,0,0,0,0,0,0,0,1,0,0,0,0,0,,0,0,0,0,0,1,1,1,0,0,1,0,0,0,0,1,,,,,,51-55,46-55,US highway,U,Tuesday,Unknown,PV,Not Fatal,1,0,0,0,State Route,Municipal/City Police,Monroe Police Department,0,1,0,0,0,thc,15.0,carboxy-thc,35.0,,,,,,,,,,,,,,,,,,,,,,,,,,,,,,,,,,,,,,,,98272,Alamogordo,Monroe
415,420,420,2017,286,E688347,200.0,2017-07-04,19:25,4,7,5.0,61,Snohomish,1360,1,0.0,1,1,1,1,0,3,2,,,,12,0,6,13.0,2,0,2,3,2,1,2,0,0,3,3,US-2,ROOSEVELT RD,-122.0078833,47.872463889,0,2,69,62,4,55,4,0,0,1,5,12,1,1,5,1,1,2,2,53,0,20,37,2006,0,0.0,12,,,,,,1,1,64,1,0.0,0.0,2,0,3,0,11,8,,,,,6.0,0.0,3.0,3.0,1,0,0.0,0.0,0.0,0,,,,,,0,,,,,,98270,53,68.0,228.0,6.0,1.0,0.0,0.0,0.0,0.0,0.0,0,,,,,,0,,,8,0,0,0,8.0,9,8,,,0,0.0,0.0,8,0,0.0,0.0,0.0,0.0,0.0,0.0,0.0,0,0,996.0,,,,,,,,,,,,,,,,,,,,,,,,,,,,,,0,0,0,1,1,1,1,1,1,0,0,0,0,0,0,0,0,0,1,0,0,0,0,0,0,0,0,0,0,1,0,0,0,0,0,,0,0,0,0,0,0,0,0,0,0,0,0,0,0,0,0,,,,,,61-65,56-65,US highway,U,Tuesday,Belt Used,PV,Not Fatal,1,0,0,0,State Route,Municipal/City Police,Monroe Police Department,0,1,0,0,0,,,,,,,,,,,,,,,,,,,,,,,,,,,,,,,,,,,,,,,,,,,,98272,Marysville,Monroe
416,421,421,2017,287,3722441,297.0,2017-07-16,0:54,16,7,0.0,33,King,2310,1,0.0,3,1,1,1,1,2,1,,,,8,1,0,0.0,1,0,1,3,2,4,6,0,0,0,0,E MARGINAL WAY S,,-122.2926861,47.510538889,0,1,13,80,5,40,14,0,0,1,2,8,1,1,2,2,1,2,2,53,0,12,401,2006,0,0.0,8,,,,,,1,1,39,2,0.0,0.0,0,0,99,0,11,0,,,,,0.0,0.0,0.0,3.0,1,0,0.0,0.0,0.0,92,,,,,,9,,,,,,98144,53,68.0,175.0,6.0,1.0,0.0,1.0,1.0,0.0,0.0,7,,,,,,0,12/15/2014,12/15/2014,20,0,0,0,8.0,9,8,,,0,0.0,0.0,8,1,0.0,0.0,0.0,0.0,0.0,0.0,0.0,0,0,996.0,,,,,,,,,,,,,,,,,,,,,,,,,,,,,,0,0,0,0,1,0,0,0,0,0,0,0,0,0,0,0,1,1,0,0,0,0,0,0,0,0,0,0,0,1,0,1,0,0,0,,0,0,0,0,0,0,0,0,1,0,0,0,0,0,0,1,,,,,,36-40,36-45,City street,U,Sunday,Unknown,PV,Not Fatal,0,0,0,0,City Street,Municipal/City Police,Tukwila Police Department,0,0,0,1,0,,,,,,,,,,,,,,,,,,,,,,,,,,,,,,,,,,,,,,,,,,,,98168,Seattle,Seattle
417,423,423,2017,291,E697630,6.0,2017-08-01,16:22,1,8,0.0,37,Kittitas,0,1,0.0,1,1,1,1,0,3,2,,,,12,0,8,13.5,1,0,1,1,1,1,1,0,0,0,0,I-82,,-120.3924278,46.855133333,0,1,66,60,4,70,4,0,0,1,2,1,1,2,2,3,6,1,2,53,0,35,47,1995,0,0.0,64,69.0,12.0,1.0,,,1,1,24,1,7.0,1.0,4,7,20,0,11,0,08/01/2017,17:37,53034325.0,34325.0,0.0,0.0,0.0,3.0,1,33,0.0,0.0,0.0,96,,,,,,9,,,,,,98901,53,65.0,200.0,6.0,1.0,0.0,1.0,0.0,0.0,1.0,0,,,,,,0,02/15/2013,06/15/2013,20,1,9,0,0.0,1,8,,,0,0.0,0.0,8,1,2.0,401.0,417.0,0.0,1.0,1.0,0.0,2,1,0.15,,,,,,,,,,,,,,,,,,,,,,,,,,,,,,0,0,0,0,1,1,1,1,0,0,0,0,0,0,0,0,0,0,0,1,0,0,0,1,1,0,0,0,0,1,0,0,0,1,0,,1,0,0,0,0,1,1,1,0,0,0,0,0,0,0,1,,,,,,21-25,16-25,Interstate,R,Tuesday,Not Used,PV,White,0,0,0,0,State Route,State Patrol,Washington State Patrol Headquarter,0,1,0,0,0,,,,,,,,,,,,,,,,,,,,,,,,,,,,,,,,,,,,,,,,,,,,98926,Yakima,Ellensburg
418,424,424,2017,291,E697630,6.0,2017-08-01,16:22,1,8,0.0,37,Kittitas,0,1,0.0,1,1,1,1,0,3,2,,,,12,0,8,13.5,1,0,1,1,1,1,1,0,0,0,0,I-82,,-120.3924278,46.855133333,0,2,66,98,7,70,34,1,0,1,2,12,1,2,2,3,1,2,1,53,0,7,482,2005,0,0.0,12,,,,,,1,1,45,2,0.0,0.0,0,0,3,0,11,0,,,,,0.0,0.0,3.0,3.0,1,0,0.0,0.0,0.0,0,,,,,,0,,,,,,98903,53,70.0,200.0,6.0,1.0,0.0,0.0,0.0,0.0,0.0,0,,,,,,0,,,20,0,0,0,8.0,9,8,,,0,0.0,0.0,8,0,0.0,0.0,0.0,0.0,0.0,0.0,0.0,0,0,996.0,,,,,,,,,,,,,,,,,,,,,,,,,,,,,,0,0,0,0,1,1,1,1,0,0,0,0,0,0,0,0,0,0,0,1,0,0,0,1,1,0,0,0,0,1,0,0,0,0,0,,0,0,0,0,0,0,0,0,0,0,0,0,0,0,0,0,,,,,,41-45,36-45,Interstate,R,Tuesday,Belt Used,PV,Not Fatal,0,0,0,0,State Route,State Patrol,Washington State Patrol Headquarter,0,1,0,0,0,,,,,,,,,,,,,,,,,,,,,,,,,,,,,,,,,,,,,,,,,,,,98926,Yakima,Ellensburg
419,425,425,2017,292,E697700,5.0,2017-08-01,9:28,1,8,0.0,11,Clark,0,1,0.0,1,1,2,1,0,5,4,9:25,9:28,10:25,12,0,8,10.9,1,0,1,4,1,1,3,0,0,0,0,SR-500,,-122.4898556,45.672,0,1,64,10,2,50,15,0,0,1,2,12,3,1,2,1,14,1,2,53,0,19,421,2004,0,0.0,68,12.0,12.0,,,,1,1,53,2,0.0,0.0,3,0,3,0,11,4,,,,,0.0,0.0,0.0,3.0,1,28,0.0,0.0,0.0,96,,,,,,9,,,,,,98607,53,67.0,130.0,6.0,1.0,0.0,0.0,0.0,1.0,0.0,97,,,,,,0,11/15/2015,11/15/2015,1,0,0,0,8.0,9,2,,,0,0.0,0.0,1,0,2.0,189.0,300.0,996.0,1.0,1.0,1.0,2,1,0.0,,,,,,,,,,,,,,,,,,,,,,,,,,,,,,0,0,0,0,0,0,1,1,0,0,0,0,0,0,0,0,0,0,0,0,0,0,0,0,0,1,0,0,0,1,0,0,0,0,0,,0,0,0,0,0,0,1,1,0,0,0,0,0,0,1,0,,,,,,51-55,46-55,State route,R,Tuesday,Belt Used,PV,Not Fatal,0,1,1,0,State Route,State Patrol,Washington State Patrol Headquarter,0,1,0,0,0,,,,,,,,,,,,,,,,,,,,,,,,,,,,,,,,,,,,,,,,,,,,98682,Camas,Vancouver