,index,Unnamed: 0,year,case,par,repjur,crash_dt,crash_tm,accday,accmon,holiday,county,co_char,city,weather,weather2,lightcond,surfcond,surftype,numfatal,nmforms,pforms,vforms,not_tm,arr_tm,hosp_tm,fhevent,hitrun,manncol,milepnt,reljunc,reljuncinter,intersectiontype,funcsystem,landuse,ownership,route,schlbus,spejur,contdev,devfunc,trafid1,trafid2,lon,lat,wk_zone,vnumber,crashtype,criticalevent,criticaleventcat,spdlim,body,trailer,emerg,hazcargo,leave,mhevent,roadalgn,roadprof,traflane,trafflow,vehmanvr,numoccs,regowner,regstate,spuse,make,model,modelyr,vrf1,vrf2,seqevent1,seqevent2,seqevent3,seqevent4,seqevent5,seqevent6,pnumber,ptype,age,sex,hispanic,race,injury,diedscene,restraint,restraintmisuse,seatpos,takehosp,death_dt,death_tm,cert,cernum_wa,commlic,licendor,licrestrict,liccomp,drivpres,drf1,drf2,drf3,drf4,distract1,distract2,distract3,distract4,distract5,distract6,dricond1,dricond2,dricond3,dricond4,dricond5,dricond6,dzip,licstate,drhgt_in,weight,noncdl,noncdltype,prevdwi,prevoth,prevacc,prevspd,prevsus,driviol1,driviol2,driviol3,driviol4,driviol5,driviol6,spdrel,first_dt,last_dt,airbag,ejection,ejectpath,extricat,injurwrk,methalc,methdrug,nmlocat,strikveh,prf1,prf2,prf3,druginv,alcinvol,drugsts,drugres1,drugres2,drugres3,drugtst1,drugtst2,drugtst3,alcsts,alctst,alcres,nmact1,nmact2,nmact3,nmact4,nmact5,nmact6,nmprior1,nmprior2,nmprior3,nmprior4,nmprior5,nmprior6,nmcond1,nmcond2,nmcond3,nmcond4,nmcond5,nmcond6,nmsafe_helmet,nmsafe_pads,nmsafe_oth,nmprev_ref,nmprev_lgt,nmprev_oth,crashlocation,nmcrashtype,crosswalk,schoolzone,sidewalk,train_inv,wildlife_inv,rotr_fars,intersect_fars,dd_inv,aid_inv,dpd_inv,id_inv,mj_inv,impnm_inv,ainm_inv,dpnm_inv,speed_inv,unlic_inv,unendmc_inv,drowsy_inv,drdist_inv,nmdist_inv,fty_inv,unrestfat_inv,dr1617_inv,dr1820_inv,dr1620_inv,dr2125_inv,dr1625_inv,dr65_inv,dr70_inv,dr75_inv,mc_inv,pv_inv,ht_inv,ped_inv,bike_inv,unrest_fat,mc_fat,unhelmet_mc,pv_fat,ht_fat,ped_fat,bike_fat,dr_alc7,dr_alc8,dr_drug,dr_imp,dr_dist,dr_spd,dr_fty,dr_unlic,dr_alc7only,dr_alc8only,dr_drugonly,dr_drink,nm_imp,nm_alc7,nm_alc8,nm_drug,nm_dist,agegrp1,agegrp2,roadclass,urbrur,dayweek,restuse,vehtype,race_me,intersect,lanedep,oppdir,wrongway,rep_typ,investag,repag_long,rotr,st_rd,cty_rd,city_rd,oth_rd,drug_thc,thc_res,drug_cthc,cthc_res,drug_cann,prevpersemin,prevperse,prevsusoth,drugtst4,drugtst5,drugtst6,drugtst7,drugtst8,drugres4,drugres5,drugres6,drugres7,drugres8,adspresent,adsengaged,adslevel,race1,race2,race3,race4,race5,helmet,helmetmisuse,nmdistract1,nmdistract2,nmdistract3,nmdistract4,nmdistract5,nmdistract6,lab,isedtcase,crf1,crf2,crf3,CoRoadName,CoMP,IntCoRoadName,IntCoMP,crashzip,dcity,crashcity
420,426,426,2017,292,E697700,5.0,2017-08-01,9:28,1,8,0.0,11,Clark,0,1,0.0,1,1,2,1,0,5,4,9:25,9:28,10:25,12,0,8,10.9,1,0,1,4,1,1,3,0,0,0,0,SR-500,,-122.4898556,45.672,0,2,65,62,4,50,34,0,0,1,2,12,2,1,2,1,14,2,2,53,0,12,481,2004,0,0.0,12,63.0,69.0,68.0,12.0,,1,1,38,2,0.0,0.0,1,0,3,0,11,0,,,,,0.0,0.0,0.0,3.0,1,0,0.0,0.0,0.0,0,,,,,,0,,,,,,98663,53,65.0,150.0,6.0,1.0,0.0,0.0,1.0,0.0,0.0,0,,,,,,0,07/15/2016,07/15/2016,1,0,0,0,8.0,9,8,,,0,0.0,0.0,8,8,0.0,0.0,0.0,0.0,0.0,0.0,0.0,0,0,996.0,,,,,,,,,,,,,,,,,,,,,,,,,,,,,,0,0,0,0,0,0,1,1,0,0,0,0,0,0,0,0,0,0,0,0,0,0,0,0,0,1,0,0,0,1,0,0,0,0,0,,0,0,0,0,0,0,0,0,0,0,0,0,0,0,0,0,,,,,,36-40,36-45,State route,R,Tuesday,Belt Used,PV,Not Fatal,0,1,1,0,State Route,State Patrol,Washington State Patrol Headquarter,0,1,0,0,0,,,,,,,,,,,,,,,,,,,,,,,,,,,,,,,,,,,,,,,,,,,,98682,Vancouver,Vancouver
421,427,427,2017,292,E697700,5.0,2017-08-01,9:28,1,8,0.0,11,Clark,0,1,0.0,1,1,2,1,0,5,4,9:25,9:28,10:25,12,0,8,10.9,1,0,1,4,1,1,3,0,0,0,0,SR-500,,-122.4898556,45.672,0,3,98,62,4,50,6,0,0,1,2,12,2,1,2,1,14,1,1,53,0,22,32,2005,0,0.0,63,12.0,,,,,1,1,68,2,7.0,1.0,4,0,3,0,11,4,08/01/2017,10:17,237053033488.0,33488.0,0.0,0.0,0.0,3.0,1,0,0.0,0.0,0.0,0,,,,,,0,,,,,,98662,53,62.0,135.0,6.0,1.0,0.0,0.0,0.0,0.0,0.0,0,,,,,,0,,,8,0,0,0,0.0,9,8,,,0,0.0,0.0,8,0,2.0,996.0,996.0,996.0,1.0,1.0,1.0,2,1,0.0,,,,,,,,,,,,,,,,,,,,,,,,,,,,,,0,0,0,0,0,0,1,1,0,0,0,0,0,0,0,0,0,0,0,0,0,0,0,0,0,1,0,0,0,1,0,0,0,0,0,,1,0,0,0,0,0,1,1,0,0,0,0,0,0,1,0,,,,,,66-70,66-75,State route,R,Tuesday,Belt Used,PV,White,0,1,1,0,State Route,State Patrol,Washington State Patrol Headquarter,0,1,0,0,0,,,,,,,,,,,,,,,,,,,,,,,,,,,,,,,,,,,,,,,,,,,,98682,Vancouver,Vancouver
422,428,428,2017,292,E697700,5.0,2017-08-01,9:28,1,8,0.0,11,Clark,0,1,0.0,1,1,2,1,0,5,4,9:25,9:28,10:25,12,0,8,10.9,1,0,1,4,1,1,3,0,0,0,0,SR-500,,-122.4898556,45.672,0,4,98,62,4,50,4,0,0,1,2,12,3,1,2,1,14,1,1,53,0,30,40,2011,0,0.0,12,,,,,,1,1,44,1,0.0,0.0,1,0,3,0,11,4,,,,,0.0,0.0,0.0,3.0,1,0,0.0,0.0,0.0,0,,,,,,0,,,,,,98671,53,73.0,220.0,6.0,1.0,0.0,0.0,0.0,0.0,0.0,0,,,,,,0,,,1,0,0,0,8.0,9,8,,,0,0.0,0.0,8,0,0.0,0.0,0.0,0.0,0.0,0.0,0.0,0,0,996.0,,,,,,,,,,,,,,,,,,,,,,,,,,,,,,0,0,0,0,0,0,1,1,0,0,0,0,0,0,0,0,0,0,0,0,0,0,0,0,0,1,0,0,0,1,0,0,0,0,0,,0,0,0,0,0,0,0,0,0,0,0,0,0,0,0,0,,,,,,41-45,36-45,State route,R,Tuesday,Belt Used,PV,Not Fatal,0,1,1,0,State Route,State Patrol,Washington State Patrol Headquarter,0,1,0,0,0,,,,,,,,,,,,,,,,,,,,,,,,,,,,,,,,,,,,,,,,,,,,98682,Washougal,Vancouver
423,429,429,2017,293,E697740,2.0,2017-08-02,18:16,2,8,0.0,73,Whatcom,0,1,0.0,1,1,1,1,0,1,1,,,,38,0,0,0.7,1,0,1,7,1,2,4,0,0,0,0,CR-NOON RD,,-122.3989139,48.812863889,0,1,2,6,1,35,34,0,0,1,2,1,1,1,2,1,1,1,2,53,0,23,481,1999,0,0.0,68,68.0,63.0,38.0,1.0,,1,1,30,1,7.0,1.0,4,7,20,0,11,0,08/02/2017,18:22,53034392.0,34392.0,0.0,0.0,0.0,3.0,1,58,0.0,0.0,0.0,96,,,,,,99,,,,,,98230,53,69.0,170.0,6.0,1.0,0.0,0.0,0.0,0.0,1.0,0,,,,,,4,06/15/2013,06/15/2013,20,1,9,0,0.0,9,1,,,0,0.0,0.0,1,0,2.0,605.0,0.0,0.0,1.0,0.0,0.0,2,1,0.0,,,,,,,,,,,,,,,,,,,,,,,,,,,,,,0,0,0,0,0,0,1,1,1,0,0,0,1,0,0,0,0,0,0,0,0,0,0,0,0,0,0,0,0,0,0,0,0,1,0,,0,0,0,0,0,0,1,1,0,1,0,0,0,0,1,0,,,,,,26-30,26-35,County road,R,Wednesday,Not Used,PV,White,0,1,0,0,County Road,State Patrol,Washington State Patrol Headquarter,1,0,1,0,0,thc,5.0,carboxy-thc,10.0,,,,,,,,,,,,,,,,,,,,,,,,,,,,,,,,,,,,,,,,98226,Blaine,Bellingham
424,430,430,2017,294,E698792,40.0,2017-08-04,9:43,4,8,0.0,63,Spokane,2113,1,0.0,1,1,2,1,0,1,3,9:43,9:46,,14,0,0,0.0,1,0,1,4,2,4,6,0,0,0,0,S ADAMS RD,,-117.2074417,47.636544444,0,1,11,13,2,25,15,0,0,1,2,14,1,1,2,1,1,1,1,53,0,19,421,2002,0,0.0,63,14.0,14.0,,,,1,1,76,2,7.0,1.0,4,7,3,0,11,0,08/04/2017,10:09,211353034396.0,34396.0,0.0,0.0,3.0,3.0,1,0,0.0,0.0,0.0,0,,,,,,2,,,,,,99037,53,66.0,149.0,6.0,1.0,0.0,0.0,0.0,0.0,0.0,0,,,,,,0,,,8,0,0,0,0.0,9,8,,,0,0.0,0.0,8,9,2.0,387.0,996.0,996.0,1.0,1.0,1.0,2,1,0.0,,,,,,,,,,,,,,,,,,,,,,,,,,,,,,0,0,0,0,0,0,1,1,0,0,0,0,0,0,0,1,0,0,0,0,0,0,0,0,0,1,1,1,0,1,1,0,0,0,0,,1,0,0,0,0,0,1,1,0,0,0,0,0,0,1,0,,,,,,76-80,76+,City street,U,Friday,Belt Used,PV,White,0,1,0,0,City Street,County Sheriff,Spokane County Sheriff's Office,1,0,0,1,0,,,,,,,,,,,,,,,,,,,,,,,,,,,,,,,,,,,,,,,,,,,,99037,Veradale,Veradale
425,431,431,2017,295,E694387,55.0,2017-07-21,12:51,21,7,0.0,33,King,100,1,0.0,1,1,2,1,0,3,2,13:05,13:11,13:41,12,0,6,0.0,2,0,3,5,2,4,6,0,0,20,3,A ST SE,12TH ST SE,-122.2289389,47.297188889,0,1,82,15,2,30,4,0,0,1,2,12,1,1,2,1,11,1,1,53,0,20,25,2011,0,0.0,12,,,,,,1,1,87,1,7.0,1.0,4,0,3,0,11,5,08/04/2017,17:11,196053034649.0,34649.0,0.0,0.0,3.0,3.0,1,38,48.0,0.0,0.0,96,,,,,,0,,,,,,98002,53,69.0,180.0,6.0,1.0,0.0,0.0,0.0,0.0,0.0,48,,,,,,0,,,8,0,0,0,0.0,9,8,,,0,0.0,0.0,8,0,0.0,0.0,0.0,0.0,0.0,0.0,0.0,0,0,996.0,,,,,,,,,,,,,,,,,,,,,,,,,,,,,,0,0,0,1,0,0,0,0,0,0,0,0,0,0,0,0,0,0,1,0,0,0,0,0,0,1,1,1,0,1,0,0,0,0,0,,1,0,0,0,0,0,0,0,0,0,1,0,0,0,0,0,,,,,,81+,76+,City street,U,Friday,Belt Used,PV,White,1,0,0,0,City Street,Municipal/City Police,Auburn Police Department,0,0,0,1,0,,,,,,,,,,,,,,,,,,,,,,,,,,,,,,,,,,,,,,,,,,,,98002,Auburn,Auburn
426,432,432,2017,295,E694387,55.0,2017-07-21,12:51,21,7,0.0,33,King,100,1,0.0,1,1,2,1,0,3,2,13:05,13:11,13:41,12,0,6,0.0,2,0,3,5,2,4,6,0,0,0,0,A ST SE,12TH ST SE,-122.2289389,47.297188889,0,2,83,67,4,40,34,0,0,1,2,12,1,1,2,1,1,2,2,53,0,20,481,2016,0,0.0,12,,,,,,1,1,35,2,0.0,0.0,2,0,3,0,11,5,,,,,0.0,0.0,0.0,3.0,1,0,0.0,0.0,0.0,0,,,,,,0,,,,,,98002,53,61.0,124.0,6.0,1.0,0.0,3.0,0.0,2.0,0.0,0,,,,,,0,03/15/2013,12/15/2015,8,0,0,0,8.0,9,8,,,0,0.0,0.0,8,0,0.0,0.0,0.0,0.0,0.0,0.0,0.0,0,0,996.0,,,,,,,,,,,,,,,,,,,,,,,,,,,,,,0,0,0,1,0,0,0,0,0,0,0,0,0,0,0,0,0,0,1,0,0,0,0,0,0,1,1,1,0,1,0,0,0,0,0,,0,0,0,0,0,0,0,0,0,0,0,0,0,0,0,0,,,,,,31-35,26-35,City street,U,Friday,Belt Used,PV,Not Fatal,1,0,0,0,City Street,Municipal/City Police,Auburn Police Department,0,0,0,1,0,,,,,,,,,,,,,,,,,,,,,,,,,,,,,,,,,,,,,,,,,,,,98002,Auburn,Auburn
427,433,433,2017,296,E695985,7.0,2017-07-25,14:39,25,7,0.0,33,King,735,1,0.0,1,1,2,1,0,2,1,,,,42,0,0,0.2,5,1,1,1,2,1,1,0,0,0,0,I-5 RAMP R114234,,-122.3064083,47.291955556,0,1,6,12,2,98,14,0,0,1,2,42,2,2,1,6,14,2,1,53,0,2,404,2006,0,0.0,64,42.0,,,,,1,1,63,1,7.0,1.0,4,0,3,0,11,8,08/17/2017,1:10,233753035911.0,35911.0,0.0,0.0,3.0,3.0,1,0,0.0,0.0,0.0,12,,,,,,0,,,,,,98014,53,68.0,195.0,6.0,1.0,0.0,1.0,1.0,0.0,0.0,23,,,,,,4,12/15/2014,12/15/2014,1,0,0,0,0.0,9,8,,,0,0.0,0.0,8,0,0.0,0.0,0.0,0.0,0.0,0.0,0.0,0,0,996.0,,,,,,,,,,,,,,,,,,,,,,,,,,,,,,0,0,1,0,0,0,0,0,0,0,0,0,1,0,0,0,1,0,0,0,0,0,0,0,0,0,0,0,0,1,0,0,0,0,0,,1,0,0,0,0,0,0,0,1,1,0,0,0,0,0,0,,,,,,61-65,56-65,Interstate,U,Tuesday,Belt Used,PV,White,0,1,0,0,State Route,State Patrol,Washington State Patrol Headquarter,1,1,0,0,0,,,,,,,,,,,,,,,,,,,,,,,,,,,,,,,,,,,,,,,,,,,,98003,Carnation,Federal Way
428,434,434,2017,297,3764477,263.0,2017-07-26,8:40,26,7,0.0,33,King,1960,1,0.0,1,1,2,1,1,1,1,,,,8,0,0,0.0,3,0,2,3,2,4,6,0,0,2,3,RAINER AVE S,S WALDEN ST,-122.2940472,47.572902778,0,1,13,80,5,30,4,0,0,1,5,8,1,1,2,1,10,1,1,53,0,13,1,2004,0,0.0,8,,,,,,1,1,35,1,0.0,0.0,0,0,99,0,11,0,,,,,0.0,0.0,0.0,3.0,1,0,0.0,0.0,0.0,92,,,,,,99,,,,,,98144,53,65.0,170.0,6.0,1.0,0.0,1.0,0.0,0.0,1.0,97,,,,,,0,08/15/2013,06/15/2017,20,0,0,0,8.0,9,8,,,0,0.0,0.0,8,9,0.0,0.0,0.0,0.0,0.0,0.0,0.0,0,0,996.0,,,,,,,,,,,,,,,,,,,,,,,,,,,,,,0,0,0,1,0,0,0,0,0,0,0,0,0,0,0,0,1,0,0,0,0,0,0,0,0,0,0,0,0,1,0,1,0,0,0,,0,0,0,0,0,0,0,0,1,0,0,0,0,0,0,0,,,,,,31-35,26-35,City street,U,Wednesday,Unknown,PV,Not Fatal,1,0,0,0,City Street,Municipal/City Police,Seattle Police Department,0,0,0,1,0,,,,,,,,,,,,,,,,,,,,,,,,,,,,,,,,,,,,,,,,,,,,98144,Seattle,Seattle
429,435,435,2017,298,E699342,4.0,2017-08-02,13:15,2,8,0.0,19,Ferry,0,1,0.0,1,1,2,1,0,2,2,,,,12,0,6,313.0,1,0,1,4,1,1,3,0,0,0,0,SR-20,,-118.5766333,48.613141667,0,1,64,9,1,50,80,0,0,1,2,12,2,2,2,1,14,1,1,32,0,72,706,1991,0,0.0,68,12.0,,,,,1,1,65,1,7.0,1.0,4,7,29,0,11,0,08/02/2017,13:15,53034100.0,34100.0,0.0,0.0,0.0,3.0,1,28,0.0,0.0,0.0,96,,,,,,99,,,,,,89027,32,74.0,250.0,6.0,1.0,0.0,1.0,0.0,0.0,0.0,0,,,,,,0,04/15/2014,04/15/2014,20,8,0,0,0.0,9,8,,,0,0.0,0.0,8,9,2.0,996.0,996.0,0.0,1.0,1.0,0.0,2,1,0.0,,,,,,,,,,,,,,,,,,,,,,,,,,,,,,0,0,0,0,0,0,1,1,0,0,0,0,0,0,0,0,0,0,0,0,0,0,0,0,0,1,0,0,1,0,1,0,0,0,1,0.0,0,0,0,0,0,0,1,1,0,0,0,0,0,0,1,0,,,,,,61-65,56-65,State route,R,Wednesday,,MC,White,0,0,0,1,State Route,State Patrol,Washington State Patrol Headquarter,0,1,0,0,0,,,,,,,,,,,,,,,,,,,,,,,,,,,,,,,,,,,,,,,,,,,,99166,Mesquite,Republic
430,436,436,2017,298,E699342,4.0,2017-08-02,13:15,2,8,0.0,19,Ferry,0,1,0.0,1,1,2,1,0,2,2,,,,12,0,6,313.0,1,0,1,4,1,1,3,0,0,0,0,SR-20,,-118.5766333,48.613141667,0,2,65,62,4,50,66,0,0,1,2,12,3,2,2,1,14,1,3,53,0,87,884,2001,0,0.0,12,,,,,,1,1,51,1,0.0,0.0,0,0,3,0,11,0,,,,,6.0,3.0,0.0,3.0,1,0,0.0,0.0,0.0,0,,,,,,0,,,,,,98841,53,69.0,213.0,6.0,1.0,0.0,1.0,0.0,2.0,1.0,0,,,,,,0,10/15/2012,04/15/2017,20,0,0,0,8.0,9,8,,,0,0.0,0.0,8,0,0.0,0.0,0.0,0.0,0.0,0.0,0.0,0,0,996.0,,,,,,,,,,,,,,,,,,,,,,,,,,,,,,0,0,0,0,0,0,1,1,0,0,0,0,0,0,0,0,0,0,0,0,0,0,0,0,0,1,0,0,1,0,1,0,0,0,0,,0,0,0,0,0,0,0,0,0,0,0,0,0,0,0,0,,,,,,51-55,46-55,State route,R,Wednesday,,MHTRUCK,Not Fatal,0,0,0,1,State Route,State Patrol,Washington State Patrol Headquarter,0,1,0,0,0,,,,,,,,,,,,,,,,,,,,,,,,,,,,,,,,,,,,,,,,,,,,99166,Omak,Republic
431,437,437,2017,299,E699986,42.0,2017-08-09,17:06,9,8,0.0,67,Thurston,0,1,0.0,1,1,2,1,0,2,2,,,,12,0,2,4.0,1,0,1,5,1,2,4,0,0,0,0,CR-MCDUFF RD SE,,-122.8629667,46.865066667,0,1,50,10,2,50,34,0,0,1,2,12,2,2,2,1,14,1,1,53,0,12,481,2003,0,0.0,68,12.0,,,,,1,1,57,1,0.0,0.0,1,0,3,0,11,8,,,,,0.0,0.0,0.0,3.0,1,28,0.0,0.0,0.0,96,,,,,,9,,,,,,98589,53,70.0,225.0,6.0,1.0,0.0,0.0,0.0,0.0,0.0,1,,,,,,0,,,1,0,0,0,8.0,9,8,,,0,0.0,0.0,8,1,2.0,605.0,0.0,0.0,1.0,0.0,0.0,2,1,0.1,,,,,,,,,,,,,,,,,,,,,,,,,,,,,,0,0,0,0,1,1,1,1,1,0,0,0,0,0,0,0,0,0,0,0,0,0,0,0,0,1,0,0,0,1,0,0,0,0,0,,0,0,0,0,0,1,1,1,0,0,0,0,0,0,0,1,,,,,,56-60,56-65,County road,R,Wednesday,Belt Used,PV,Not Fatal,0,1,1,0,County Road,County Sheriff,Thurston County Sheriff's Office,0,0,1,0,0,thc,7.8,carboxy-thc,51.0,,,,,,,,,,,,,,,,,,,,,,,,,,,,,,,,,,,,,,,,98589,Tenino,Tenino
432,438,438,2017,299,E699986,42.0,2017-08-09,17:06,9,8,0.0,67,Thurston,0,1,0.0,1,1,2,1,0,2,2,,,,12,0,2,4.0,1,0,1,5,1,2,4,0,0,0,0,CR-MCDUFF RD SE,,-122.8629667,46.865066667,0,2,51,62,4,50,3,0,0,1,2,12,3,2,2,1,14,1,1,53,0,12,37,2007,0,0.0,12,,,,,,1,1,66,1,7.0,1.0,4,7,3,0,11,0,08/09/2017,17:06,225053035985.0,35985.0,0.0,0.0,0.0,3.0,1,0,0.0,0.0,0.0,0,,,,,,0,,,,,,98589,53,74.0,250.0,6.0,1.0,0.0,0.0,0.0,0.0,0.0,0,,,,,,0,,,8,0,0,0,0.0,9,8,,,0,0.0,0.0,8,9,2.0,1.0,0.0,0.0,1.0,0.0,0.0,2,1,0.0,,,,,,,,,,,,,,,,,,,,,,,,,,,,,,0,0,0,0,1,1,1,1,1,0,0,0,0,0,0,0,0,0,0,0,0,0,0,0,0,1,0,0,0,1,0,0,0,0,0,,1,0,0,0,0,0,0,0,0,0,0,0,0,0,0,0,,,,,,66-70,66-75,County road,R,Wednesday,Belt Used,PV,White,0,1,1,0,County Road,County Sheriff,Thurston County Sheriff's Office,0,0,1,0,0,,,,,,,,,,,,,,,,,,,,,,,,,,,,,,,,,,,,,,,,,,,,98589,Tenino,Tenino
433,439,439,2017,300,3764489,263.0,2017-08-04,5:28,4,8,0.0,33,King,1960,1,0.0,4,1,1,1,0,2,2,,,,12,0,7,0.0,1,0,1,3,2,4,6,0,0,0,0,1ST AVE S,S FIDALGO ST,-122.3341694,47.550388889,0,1,46,11,2,35,4,0,0,1,2,12,1,1,5,1,15,1,1,53,0,37,32,1985,0,0.0,12,,,,,,1,1,29,1,0.0,0.0,0,0,99,0,11,0,,,,,0.0,0.0,0.0,0.0,1,38,0.0,0.0,0.0,96,,,,,,0,,,,,,98106,53,72.0,310.0,0.0,0.0,0.0,0.0,0.0,0.0,0.0,97,,,,,,0,,,20,0,0,0,8.0,9,2,,,0,0.0,0.0,0,0,0.0,0.0,0.0,0.0,0.0,0.0,0.0,0,0,996.0,,,,,,,,,,,,,,,,,,,,,,,,,,,,,,0,0,0,0,0,0,1,1,0,0,0,0,0,1,0,0,0,0,1,0,0,0,0,0,0,0,0,0,1,1,0,0,0,0,0,,0,0,0,0,0,0,0,0,0,0,1,1,0,0,0,0,,,,,,26-30,26-35,City street,U,Friday,Unknown,PV,Not Fatal,0,0,0,0,City Street,Municipal/City Police,Seattle Police Department,0,0,0,1,0,,,,,,,,,,,,,,,,,,,,,,,,,,,,,,,,,,,,,,,,,,,,98108,Seattle,Seattle
434,440,440,2017,300,3764489,263.0,2017-08-04,5:28,4,8,0.0,33,King,1960,1,0.0,4,1,1,1,0,2,2,,,,12,0,7,0.0,1,0,1,3,2,4,6,0,0,0,0,1ST AVE S,S FIDALGO ST,-122.3341694,47.550388889,0,2,45,61,4,35,80,0,0,1,2,42,1,1,5,1,1,1,2,53,0,73,705,2004,0,0.0,12,63.0,42.0,,,,1,1,44,1,7.0,1.0,4,7,19,0,11,0,08/04/2017,5:28,196053034508.0,34508.0,0.0,0.0,0.0,3.0,1,0,0.0,0.0,0.0,0,,,,,,99,,,,,,98271,53,72.0,265.0,6.0,1.0,0.0,1.0,1.0,0.0,0.0,0,,,,,,0,10/15/2015,10/15/2015,20,8,0,0,0.0,9,2,,,0,0.0,0.0,0,9,2.0,423.0,0.0,0.0,1.0,0.0,0.0,2,1,0.0,,,,,,,,,,,,,,,,,,,,,,,,,,,,,,0,0,0,0,0,0,1,1,0,0,0,0,0,1,0,0,0,0,1,0,0,0,0,0,0,0,0,0,1,1,0,0,0,0,1,0.0,0,0,0,0,0,0,1,1,0,0,0,0,0,0,1,0,,,,,,41-45,36-45,City street,U,Friday,,MC,White,0,0,0,0,City Street,Municipal/City Police,Seattle Police Department,0,0,0,1,0,,,,,,,,,,,,,,,,,,,,,,,,,,,,,,,,,,,,,,,,,,,,98108,Marysville,Seattle
435,441,441,2017,301,E700076,243.0,2017-08-01,8:15,1,8,0.0,25,Grant,1780,1,0.0,1,1,2,1,0,2,2,8:16,8:21,8:38,12,0,6,33.8,2,0,2,4,2,1,3,0,0,3,3,SR-28,SR-281,-119.8533806,47.233438889,0,1,83,17,2,35,20,0,0,1,2,12,1,1,8,1,1,1,1,53,0,37,441,2001,0,0.0,12,,,,,,1,1,88,1,7.0,1.0,4,0,20,0,11,5,08/03/2017,1:45,246053034177.0,34177.0,0.0,0.0,3.0,3.0,1,39,0.0,0.0,0.0,0,,,,,,1,,,,,,98848,53,75.0,205.0,6.0,1.0,0.0,0.0,0.0,0.0,0.0,35,,,,,,0,,,1,0,0,0,0.0,9,8,,,0,0.0,0.0,8,0,0.0,0.0,0.0,0.0,0.0,0.0,0.0,0,0,996.0,,,,,,,,,,,,,,,,,,,,,,,,,,,,,,0,0,0,1,0,0,0,0,0,0,0,0,0,0,0,0,0,0,0,1,0,0,0,0,0,1,1,1,0,1,0,0,0,1,0,,1,0,0,0,0,0,0,0,0,0,0,0,0,0,0,0,,,,,,81+,76+,State route,U,Tuesday,Not Used,PV,White,1,0,0,0,State Route,Municipal/City Police,Quincy Police Department,0,1,0,0,0,,,,,,,,,,,,,,,,,,,,,,,,,,,,,,,,,,,,,,,,,,,,98848,Quincy,Quincy
436,442,442,2017,301,E700076,243.0,2017-08-01,8:15,1,8,0.0,25,Grant,1780,1,0.0,1,1,2,1,0,2,2,8:16,8:21,8:38,12,0,6,33.8,2,0,2,4,2,1,3,0,0,3,3,SR-28,SR-281,-119.8533806,47.233438889,0,2,82,66,4,35,34,0,0,1,2,12,1,1,8,1,11,1,1,53,0,20,481,2016,0,0.0,12,,,,,,1,1,75,1,0.0,0.0,1,0,3,0,11,5,,,,,0.0,0.0,3.0,3.0,1,0,0.0,0.0,0.0,0,,,,,,0,,,,,,98445,53,70.0,200.0,6.0,1.0,0.0,0.0,0.0,0.0,0.0,0,,,,,,0,,,2,0,0,0,8.0,9,8,,,0,0.0,0.0,8,0,0.0,0.0,0.0,0.0,0.0,0.0,0.0,0,0,996.0,,,,,,,,,,,,,,,,,,,,,,,,,,,,,,0,0,0,1,0,0,0,0,0,0,0,0,0,0,0,0,0,0,0,1,0,0,0,0,0,1,1,1,0,1,0,0,0,0,0,,0,0,0,0,0,0,0,0,0,0,0,0,0,0,0,0,,,,,,71-75,66-75,State route,U,Tuesday,Belt Used,PV,Not Fatal,1,0,0,0,State Route,Municipal/City Police,Quincy Police Department,0,1,0,0,0,,,,,,,,,,,,,,,,,,,,,,,,,,,,,,,,,,,,,,,,,,,,98848,Tacoma,Quincy
437,443,443,2017,302,E700637,155.0,2017-08-13,1:07,13,8,0.0,33,King,980,10,0.0,3,2,2,1,0,1,1,,,,42,0,0,0.0,1,0,1,4,2,4,6,0,0,0,0,NW GILMAN BLVD,,-122.0464361,47.542994444,0,1,6,12,2,35,6,0,0,1,5,42,1,1,4,2,1,1,1,53,0,48,34,2003,0,0.0,64,42.0,,,,,1,1,25,1,7.0,1.0,4,7,99,0,11,0,08/13/2017,1:07,98053035477.0,35477.0,0.0,0.0,0.0,3.0,1,0,0.0,0.0,0.0,96,,,,,,99,,,,,,98029,53,70.0,160.0,6.0,1.0,0.0,0.0,0.0,0.0,0.0,0,,,,,,4,,,8,0,0,0,0.0,9,8,,,0,0.0,0.0,8,9,0.0,0.0,0.0,0.0,0.0,0.0,0.0,0,0,996.0,,,,,,,,,,,,,,,,,,,,,,,,,,,,,,0,0,1,0,0,0,0,0,0,0,0,0,1,0,0,0,0,0,0,0,0,0,0,1,1,0,0,0,0,1,0,0,0,0,0,,1,0,0,0,0,0,0,0,0,1,0,0,0,0,0,0,,,,,,21-25,16-25,City street,U,Sunday,Unknown,PV,White,0,1,0,0,City Street,Municipal/City Police,Issaquah Police Department,1,0,0,1,0,,,,,,,,,,,,,,,,,,,,,,,,,,,,,,,,,,,,,,,,,,,,98027,Issaquah,Issaquah
438,444,444,2017,303,E701231,3.0,2017-08-13,13:58,13,8,0.0,67,Thurston,0,1,0.0,1,1,2,1,1,1,1,,,,9,0,0,30.7,1,0,1,4,2,1,3,0,0,0,0,SR-507,,-122.5691694,46.932291667,0,1,13,11,2,45,34,0,0,1,2,9,1,2,2,1,1,1,2,53,0,7,472,1998,0,0.0,63,9.0,,,,,1,1,56,1,0.0,0.0,0,0,3,0,11,0,,,,,0.0,0.0,0.0,2.0,1,91,0.0,0.0,0.0,93,,,,,,0,,,,,,98338,53,71.0,255.0,1.0,1.0,0.0,3.0,2.0,1.0,6.0,2,,,,,,0,10/15/2012,09/15/2016,20,0,0,0,8.0,9,2,,,0,0.0,0.0,0,0,0.0,0.0,0.0,0.0,0.0,0.0,0.0,0,0,996.0,,,,,,,,,,,,,,,,,,,,,,,,,,,,,,0,0,0,0,0,0,0,0,0,0,0,0,0,1,0,0,1,0,0,0,0,0,0,0,0,0,0,0,0,0,0,0,1,0,0,,0,0,0,0,0,0,0,0,1,0,0,1,0,0,0,0,,,,,,56-60,56-65,State route,U,Sunday,Belt Used,PV,Not Fatal,0,0,0,0,State Route,State Patrol,Washington State Patrol Headquarter,0,1,0,0,0,,,,,,,,,,,,,,,,,,,,,,,,,,,,,,,,,,,,,,,,,,,,98597,Graham,Yelm