,index,Unnamed: 0,year,case,par,repjur,crash_dt,crash_tm,accday,accmon,holiday,county,co_char,city,weather,weather2,lightcond,surfcond,surftype,numfatal,nmforms,pforms,vforms,not_tm,arr_tm,hosp_tm,fhevent,hitrun,manncol,milepnt,reljunc,reljuncinter,intersectiontype,funcsystem,landuse,ownership,route,schlbus,spejur,contdev,devfunc,trafid1,trafid2,lon,lat,wk_zone,vnumber,crashtype,criticalevent,criticaleventcat,spdlim,body,trailer,emerg,hazcargo,leave,mhevent,roadalgn,roadprof,traflane,trafflow,vehmanvr,numoccs,regowner,regstate,spuse,make,model,modelyr,vrf1,vrf2,seqevent1,seqevent2,seqevent3,seqevent4,seqevent5,seqevent6,pnumber,ptype,age,sex,hispanic,race,injury,diedscene,restraint,restraintmisuse,seatpos,takehosp,death_dt,death_tm,cert,cernum_wa,commlic,licendor,licrestrict,liccomp,drivpres,drf1,drf2,drf3,drf4,distract1,distract2,distract3,distract4,distract5,distract6,dricond1,dricond2,dricond3,dricond4,dricond5,dricond6,dzip,licstate,drhgt_in,weight,noncdl,noncdltype,prevdwi,prevoth,prevacc,prevspd,prevsus,driviol1,driviol2,driviol3,driviol4,driviol5,driviol6,spdrel,first_dt,last_dt,airbag,ejection,ejectpath,extricat,injurwrk,methalc,methdrug,nmlocat,strikveh,prf1,prf2,prf3,druginv,alcinvol,drugsts,drugres1,drugres2,drugres3,drugtst1,drugtst2,drugtst3,alcsts,alctst,alcres,nmact1,nmact2,nmact3,nmact4,nmact5,nmact6,nmprior1,nmprior2,nmprior3,nmprior4,nmprior5,nmprior6,nmcond1,nmcond2,nmcond3,nmcond4,nmcond5,nmcond6,nmsafe_helmet,nmsafe_pads,nmsafe_oth,nmprev_ref,nmprev_lgt,nmprev_oth,crashlocation,nmcrashtype,crosswalk,schoolzone,sidewalk,train_inv,wildlife_inv,rotr_fars,intersect_fars,dd_inv,aid_inv,dpd_inv,id_inv,mj_inv,impnm_inv,ainm_inv,dpnm_inv,speed_inv,unlic_inv,unendmc_inv,drowsy_inv,drdist_inv,nmdist_inv,fty_inv,unrestfat_inv,dr1617_inv,dr1820_inv,dr1620_inv,dr2125_inv,dr1625_inv,dr65_inv,dr70_inv,dr75_inv,mc_inv,pv_inv,ht_inv,ped_inv,bike_inv,unrest_fat,mc_fat,unhelmet_mc,pv_fat,ht_fat,ped_fat,bike_fat,dr_alc7,dr_alc8,dr_drug,dr_imp,dr_dist,dr_spd,dr_fty,dr_unlic,dr_alc7only,dr_alc8only,dr_drugonly,dr_drink,nm_imp,nm_alc7,nm_alc8,nm_drug,nm_dist,agegrp1,agegrp2,roadclass,urbrur,dayweek,restuse,vehtype,race_me,intersect,lanedep,oppdir,wrongway,rep_typ,investag,repag_long,rotr,st_rd,cty_rd,city_rd,oth_rd,drug_thc,thc_res,drug_cthc,cthc_res,drug_cann,prevpersemin,prevperse,prevsusoth,drugtst4,drugtst5,drugtst6,drugtst7,drugtst8,drugres4,drugres5,drugres6,drugres7,drugres8,adspresent,adsengaged,adslevel,race1,race2,race3,race4,race5,helmet,helmetmisuse,nmdistract1,nmdistract2,nmdistract3,nmdistract4,nmdistract5,nmdistract6,lab,isedtcase,crf1,crf2,crf3,CoRoadName,CoMP,IntCoRoadName,IntCoMP,crashzip,dcity,crashcity
439,445,445,2017,304,E702879,2.0,2017-08-07,12:36,7,8,0.0,57,Skagit,0,1,0.0,1,1,2,1,0,3,2,,,,12,0,6,145.5,1,0,1,4,1,1,3,0,0,0,0,SR-20,,-120.8589944,48.653952778,0,1,98,10,2,50,80,0,0,1,2,12,2,2,2,1,14,1,1,95,0,72,706,2016,0,0.0,68,12.0,,,,,1,1,62,2,7.0,1.0,4,7,5,0,11,0,08/07/2017,12:36,53034502.0,34502.0,99.0,9.0,9.0,9.0,1,0,0.0,0.0,0.0,96,,,,,,0,,,,,,0,95,,999.0,9.0,9.0,99.0,99.0,99.0,99.0,99.0,0,,,,,,4,,,20,8,0,0,0.0,9,8,,,0,0.0,0.0,8,0,2.0,1.0,0.0,0.0,1.0,0.0,0.0,2,1,0.0,,,,,,,,,,,,,,,,,,,,,,,,,,,,,,0,0,0,0,0,0,0,0,0,0,0,0,1,0,0,0,0,0,0,0,0,0,0,0,0,1,1,1,1,1,0,0,0,0,1,0.0,0,0,0,0,0,0,0,0,0,1,0,0,0,0,0,0,,,,,,61-65,56-65,State route,R,Monday,,MC,White,0,1,1,0,State Route,State Patrol,Washington State Patrol Headquarter,0,1,0,0,0,,,,,,,,,,,,,,,,,,,,,,,,,,,,,,,,,,,,,,,,,,,,98267,Canada,Marblemount
440,446,446,2017,304,E702879,2.0,2017-08-07,12:36,7,8,0.0,57,Skagit,0,1,0.0,1,1,2,1,0,3,2,,,,12,0,6,145.5,1,0,1,4,1,1,3,0,0,0,0,SR-20,,-120.8589944,48.653952778,0,2,98,63,4,50,4,0,0,1,2,12,3,2,2,1,14,2,1,30,0,49,43,2013,0,0.0,12,,,,,,1,1,81,1,0.0,0.0,1,0,3,0,11,0,,,,,0.0,0.0,0.0,3.0,1,0,0.0,0.0,0.0,0,,,,,,0,,,,,,59930,30,,999.0,6.0,1.0,0.0,0.0,98.0,0.0,0.0,0,,,,,,0,,,8,0,0,0,8.0,9,8,,,0,0.0,0.0,8,0,0.0,0.0,0.0,0.0,0.0,0.0,0.0,0,0,996.0,,,,,,,,,,,,,,,,,,,,,,,,,,,,,,0,0,0,0,0,0,0,0,0,0,0,0,1,0,0,0,0,0,0,0,0,0,0,0,0,1,1,1,1,1,0,0,0,0,0,,0,0,0,0,0,0,0,0,0,0,0,0,0,0,0,0,,,,,,81+,76+,State route,R,Monday,Belt Used,PV,Not Fatal,0,1,1,0,State Route,State Patrol,Washington State Patrol Headquarter,0,1,0,0,0,,,,,,,,,,,,,,,,,,,,,,,,,,,,,,,,,,,,,,,,,,,,98267,Rexford,Marblemount
441,447,447,2017,305,E700463,2.0,2017-08-10,10:17,10,8,0.0,73,Whatcom,0,1,0.0,1,1,2,1,0,2,2,10:17,10:29,11:15,12,0,2,7.9,2,0,2,5,1,2,4,0,0,4,3,CR-BIRCH BAY LINDEN RD,N ENTERPRISE RD,-122.5743889,48.9353,0,1,50,51,3,50,5,0,0,1,2,12,1,1,2,1,1,1,1,53,0,37,39,2007,0,0.0,68,12.0,,,,,1,1,88,2,7.0,1.0,4,0,3,0,11,5,08/10/2017,18:44,74053035206.0,35206.0,0.0,0.0,0.0,3.0,1,28,39.0,0.0,0.0,93,,,,,,0,,,,,,98382,53,64.0,150.0,6.0,1.0,0.0,0.0,0.0,0.0,0.0,32,,,,,,0,,,8,0,0,0,0.0,9,8,,,0,0.0,0.0,8,0,2.0,522.0,996.0,0.0,1.0,1.0,0.0,2,1,0.0,,,,,,,,,,,,,,,,,,,,,,,,,,,,,,0,0,0,1,0,0,1,1,0,0,0,0,0,0,0,0,1,0,0,0,0,0,0,0,0,1,1,1,0,1,0,0,0,0,0,,1,0,0,0,0,0,1,1,1,0,0,0,0,0,1,0,,,,,,81+,76+,County road,R,Thursday,Belt Used,PV,White,1,0,0,0,County Road,County Sheriff,Whatcom County Sheriff's Office,0,0,1,0,0,,,,,,,,,,,,,,,,,,,,,,,,,,,,,,,,,,,,,,,,,,,,98248,Sequim,Ferndale
442,448,448,2017,305,E700463,2.0,2017-08-10,10:17,10,8,0.0,73,Whatcom,0,1,0.0,1,1,2,1,0,2,2,10:17,10:29,11:15,12,0,2,7.9,2,0,2,5,1,2,4,0,0,4,3,CR-BIRCH BAY LINDEN RD,N ENTERPRISE RD,-122.5743889,48.9353,0,2,51,62,4,50,14,0,0,1,2,12,1,1,2,1,5,1,2,53,0,20,402,2003,0,0.0,12,,,,,,1,1,72,2,0.0,0.0,2,0,3,0,11,5,,,,,0.0,0.0,3.0,3.0,1,0,0.0,0.0,0.0,0,,,,,,0,,,,,,98248,53,63.0,190.0,6.0,1.0,0.0,0.0,0.0,0.0,0.0,0,,,,,,0,,,8,0,0,0,8.0,9,8,,,0,0.0,0.0,8,0,0.0,0.0,0.0,0.0,0.0,0.0,0.0,0,0,996.0,,,,,,,,,,,,,,,,,,,,,,,,,,,,,,0,0,0,1,0,0,1,1,0,0,0,0,0,0,0,0,1,0,0,0,0,0,0,0,0,1,1,1,0,1,0,0,0,0,0,,0,0,0,0,0,0,0,0,0,0,0,0,0,0,0,0,,,,,,71-75,66-75,County road,R,Thursday,Belt Used,PV,Not Fatal,1,0,0,0,County Road,County Sheriff,Whatcom County Sheriff's Office,0,0,1,0,0,,,,,,,,,,,,,,,,,,,,,,,,,,,,,,,,,,,,,,,,,,,,98248,Ferndale,Ferndale
443,449,449,2017,306,3659694,344.0,2017-08-03,22:42,3,8,0.0,77,Yakima,0,1,0.0,2,1,2,1,1,1,1,,,,8,0,0,1.6,1,0,1,5,1,2,4,0,3,0,0,CR-S WAPATO RD,,-120.4173139,46.410052778,0,1,13,80,5,50,14,0,0,1,5,8,1,1,2,1,1,1,2,53,0,49,403,2004,0,0.0,8,,,,,,1,1,29,1,0.0,0.0,0,0,3,0,11,0,,,,,0.0,0.0,0.0,2.0,1,0,0.0,0.0,0.0,0,,,,,,0,,,,,,98952,53,73.0,280.0,1.0,1.0,0.0,1.0,0.0,0.0,1.0,0,,,,,,0,11/15/2016,02/15/2017,20,0,0,0,8.0,9,2,,,0,0.0,0.0,0,0,0.0,0.0,0.0,0.0,0.0,0.0,0.0,0,0,996.0,,,,,,,,,,,,,,,,,,,,,,,,,,,,,,0,0,0,0,0,0,0,0,0,1,1,1,0,1,0,0,0,0,0,0,0,0,0,0,0,0,0,0,0,1,0,1,0,0,0,,0,0,0,0,0,0,0,0,0,0,0,1,0,0,0,0,,,,,,26-30,26-35,County road,R,Thursday,Belt Used,PV,Not Fatal,0,0,0,0,County Road,Other Law Enforcement,Yakama Tribal Police Department,0,0,1,0,0,,,,,,,,,,,,,,,,,,,,,,,,,,,,,,,,,,,,,,,,,,,,98951,White Swan,Wapato
444,450,450,2017,307,E700409,2.0,2017-08-09,14:23,9,8,0.0,61,Snohomish,0,1,0.0,1,1,2,1,0,3,3,,,,12,0,1,203.9,1,0,1,1,2,1,1,0,0,0,0,I-5,,-122.1851667,48.122361111,0,1,24,51,3,60,4,0,0,1,2,12,1,1,3,3,1,1,2,6,0,32,43,2010,0,0.0,12,63.0,69.0,12.0,,,1,1,40,1,7.0,78.0,4,0,3,0,11,4,08/11/2017,14:35,69053036439.0,36439.0,0.0,0.0,0.0,2.0,1,26,58.0,0.0,0.0,96,,,,,,9,,,,,,90057,6,69.0,170.0,1.0,1.0,0.0,1.0,0.0,0.0,1.0,15,,,,,,0,12/15/2014,12/15/2015,2,0,0,0,0.0,9,1,,,0,0.0,0.0,1,0,2.0,401.0,417.0,0.0,1.0,1.0,0.0,2,1,0.0,,,,,,,,,,,,,,,,,,,,,,,,,,,,,,0,0,0,0,0,0,1,1,0,0,0,0,0,1,0,0,0,0,0,0,0,0,0,0,0,0,0,0,0,1,1,0,0,0,0,,1,0,0,0,0,0,1,1,0,0,0,1,0,0,1,0,,,,,,36-40,36-45,Interstate,U,Wednesday,Belt Used,PV,API,0,0,0,0,State Route,State Patrol,Washington State Patrol Headquarter,0,1,0,0,0,,,,,,,,,,,,,,,,,,,,,,,,,,,,,,,,,,,,,,,,,,,,98271,Los Angeles,Marysville
445,451,451,2017,307,E700409,2.0,2017-08-09,14:23,9,8,0.0,61,Snohomish,0,1,0.0,1,1,2,1,0,3,3,,,,12,0,1,203.9,1,0,1,1,2,1,1,0,0,0,0,I-5,,-122.1851667,48.122361111,0,2,25,53,3,60,66,1,0,1,5,12,1,1,3,3,1,1,3,53,0,85,881,2005,0,0.0,12,,,,,,1,1,32,1,0.0,0.0,0,0,3,0,11,0,,,,,6.0,1.0,1.0,3.0,1,0,0.0,0.0,0.0,0,,,,,,0,,,,,,98247,53,77.0,230.0,6.0,1.0,0.0,1.0,0.0,0.0,0.0,0,,,,,,0,12/15/2013,12/15/2013,20,0,0,0,8.0,9,8,,,0,0.0,0.0,8,0,0.0,0.0,0.0,0.0,0.0,0.0,0.0,0,0,996.0,,,,,,,,,,,,,,,,,,,,,,,,,,,,,,0,0,0,0,0,0,1,1,0,0,0,0,0,1,0,0,0,0,0,0,0,0,0,0,0,0,0,0,0,1,1,0,0,0,0,,0,0,0,0,0,0,0,0,0,0,0,0,0,0,0,0,,,,,,31-35,26-35,Interstate,U,Wednesday,,MHTRUCK,Not Fatal,0,0,0,0,State Route,State Patrol,Washington State Patrol Headquarter,0,1,0,0,0,,,,,,,,,,,,,,,,,,,,,,,,,,,,,,,,,,,,,,,,,,,,98271,Everson,Marysville
446,452,452,2017,307,E700409,2.0,2017-08-09,14:23,9,8,0.0,61,Snohomish,0,1,0.0,1,1,2,1,0,3,3,,,,12,0,1,203.9,1,0,1,1,2,1,1,0,0,0,0,I-5,,-122.1851667,48.122361111,0,3,98,60,4,60,66,1,0,1,2,12,1,1,3,3,1,1,9,99,0,87,884,2012,0,0.0,12,,,,,,1,1,38,1,0.0,0.0,0,0,3,0,11,0,,,,,6.0,1.0,0.0,3.0,1,0,0.0,0.0,0.0,0,,,,,,0,,,,,,98270,53,75.0,220.0,6.0,1.0,0.0,2.0,5.0,2.0,0.0,0,,,,,,0,02/15/2013,04/15/2017,20,0,0,0,8.0,9,8,,,0,0.0,0.0,8,0,0.0,0.0,0.0,0.0,0.0,0.0,0.0,0,0,996.0,,,,,,,,,,,,,,,,,,,,,,,,,,,,,,0,0,0,0,0,0,1,1,0,0,0,0,0,1,0,0,0,0,0,0,0,0,0,0,0,0,0,0,0,1,1,0,0,0,0,,0,0,0,0,0,0,0,0,0,0,0,0,0,0,0,0,,,,,,36-40,36-45,Interstate,U,Wednesday,,MHTRUCK,Not Fatal,0,0,0,0,State Route,State Patrol,Washington State Patrol Headquarter,0,1,0,0,0,,,,,,,,,,,,,,,,,,,,,,,,,,,,,,,,,,,,,,,,,,,,98271,Marysville,Marysville
447,453,453,2017,308,E703191,4.0,2017-08-11,21:30,11,8,0.0,43,Lincoln,0,1,0.0,2,1,2,1,0,2,2,21:55,22:28,,12,0,8,217.0,1,0,1,3,1,1,2,0,0,0,0,US-2,,-118.63475,47.757847222,0,1,64,10,2,98,34,0,0,1,2,12,2,1,2,1,14,1,2,53,0,12,473,2002,0,0.0,68,12.0,63.0,1.0,,,1,1,24,1,7.0,1.0,4,7,20,0,11,0,08/11/2017,21:30,53035277.0,35277.0,0.0,0.0,0.0,3.0,1,28,0.0,0.0,0.0,96,,,,,,0,,,,,,99185,53,70.0,155.0,6.0,1.0,0.0,2.0,1.0,0.0,1.0,0,,,,,,0,01/15/2013,03/15/2016,1,2,9,0,0.0,9,8,,,0,0.0,0.0,8,0,2.0,1.0,0.0,0.0,1.0,0.0,0.0,2,1,0.0,,,,,,,,,,,,,,,,,,,,,,,,,,,,,,0,0,0,0,0,0,0,0,0,0,0,0,0,0,0,0,0,0,0,0,0,0,0,1,1,1,0,0,0,0,1,0,0,1,0,,0,0,0,0,0,0,0,0,0,0,0,0,0,0,0,0,,,,,,21-25,16-25,US highway,R,Friday,Not Used,PV,White,0,1,1,0,State Route,State Patrol,Washington State Patrol Headquarter,0,1,0,0,0,,,,,,,,,,,,,,,,,,,,,,,,,,,,,,,,,,,,,,,,,,,,99185,Wilbur,Wilbur
448,454,454,2017,308,E703191,4.0,2017-08-11,21:30,11,8,0.0,43,Lincoln,0,1,0.0,2,1,2,1,0,2,2,21:55,22:28,,12,0,8,217.0,1,0,1,3,1,1,2,0,0,0,0,US-2,,-118.63475,47.757847222,0,2,65,62,4,60,66,1,0,1,2,12,3,1,2,1,14,1,3,19,0,82,881,2006,0,0.0,12,,,,,,1,1,67,1,0.0,0.0,0,0,3,0,11,0,,,,,6.0,3.0,3.0,3.0,1,0,0.0,0.0,0.0,0,,,,,,0,,,,,,68128,31,72.0,250.0,6.0,1.0,0.0,0.0,0.0,0.0,0.0,0,,,,,,0,,,20,0,0,0,8.0,9,8,,,0,0.0,0.0,8,0,2.0,1.0,0.0,0.0,1.0,0.0,0.0,2,1,0.0,,,,,,,,,,,,,,,,,,,,,,,,,,,,,,0,0,0,0,0,0,0,0,0,0,0,0,0,0,0,0,0,0,0,0,0,0,0,1,1,1,0,0,0,0,1,0,0,0,0,,0,0,0,0,0,0,0,0,0,0,0,0,0,0,0,0,,,,,,66-70,66-75,US highway,R,Friday,,MHTRUCK,Not Fatal,0,1,1,0,State Route,State Patrol,Washington State Patrol Headquarter,0,1,0,0,0,,,,,,,,,,,,,,,,,,,,,,,,,,,,,,,,,,,,,,,,,,,,99185,La Vista,Wilbur
449,455,455,2017,309,E704326,1.0,2017-08-12,15:45,12,8,0.0,5,Benton,0,1,0.0,1,1,2,1,0,3,2,,,,12,0,11,17.3,1,0,1,4,1,1,3,0,0,0,0,SR-221,,-119.6014694,46.184980556,0,1,98,13,2,65,2,0,0,1,2,12,3,1,2,1,14,1,1,53,0,20,16,2004,0,0.0,63,69.0,68.0,12.0,2.0,,1,1,30,1,7.0,1.0,4,7,3,0,11,0,08/12/2017,15:45,53035019.0,35019.0,0.0,0.0,0.0,3.0,1,0,0.0,0.0,0.0,96,,,,,,9,,,,,,98901,53,75.0,185.0,6.0,1.0,0.0,0.0,0.0,1.0,0.0,0,,,,,,0,12/15/2016,12/15/2016,99,0,0,0,0.0,1,8,,,0,0.0,0.0,8,1,2.0,605.0,0.0,0.0,1.0,0.0,0.0,2,1,0.23,,,,,,,,,,,,,,,,,,,,,,,,,,,,,,0,0,0,0,1,1,1,1,1,0,0,0,0,0,0,0,0,0,0,0,0,0,0,0,0,0,0,0,0,1,0,0,0,0,0,,1,0,0,0,0,1,1,1,0,0,0,0,0,0,0,1,,,,,,26-30,26-35,State route,R,Saturday,Belt Used,PV,White,0,1,1,0,State Route,State Patrol,Washington State Patrol Headquarter,0,1,0,0,0,thc,3.1,carboxy-thc,29.0,,,,,,,,,,,,,,,,,,,,,,,,,,,,,,,,,,,,,,,,99350,Yakima,Prosser
450,456,456,2017,309,E704326,1.0,2017-08-12,15:45,12,8,0.0,5,Benton,0,1,0.0,1,1,2,1,0,3,2,,,,12,0,11,17.3,1,0,1,4,1,1,3,0,0,0,0,SR-221,,-119.6014694,46.184980556,0,2,98,62,4,65,3,0,0,1,2,2,2,1,2,1,14,2,1,53,0,12,37,2000,0,0.0,12,2.0,,,,,1,1,47,1,0.0,0.0,2,0,3,0,11,4,,,,,0.0,0.0,0.0,3.0,1,0,0.0,0.0,0.0,0,,,,,,0,,,,,,98944,53,64.0,180.0,6.0,1.0,0.0,1.0,1.0,1.0,0.0,0,,,,,,0,12/15/2012,06/15/2017,99,0,0,0,8.0,9,8,,,0,0.0,0.0,8,0,0.0,0.0,0.0,0.0,0.0,0.0,0.0,0,0,996.0,,,,,,,,,,,,,,,,,,,,,,,,,,,,,,0,0,0,0,1,1,1,1,1,0,0,0,0,0,0,0,0,0,0,0,0,0,0,0,0,0,0,0,0,1,0,0,0,0,0,,0,0,0,0,0,0,0,0,0,0,0,0,0,0,0,0,,,,,,46-50,46-55,State route,R,Saturday,Belt Used,PV,Not Fatal,0,1,1,0,State Route,State Patrol,Washington State Patrol Headquarter,0,1,0,0,0,,,,,,,,,,,,,,,,,,,,,,,,,,,,,,,,,,,,,,,,,,,,99350,Sunnyside,Prosser
451,457,457,2017,310,E698484,278.0,2017-08-04,21:07,4,8,0.0,63,Spokane,2110,1,0.0,3,1,2,1,1,3,1,,,,9,0,0,0.0,2,0,3,7,2,4,6,0,0,0,0,S FRETA ST,E 12TH ST,-117.3576944,47.644572222,0,1,13,15,2,30,20,0,0,1,5,9,1,2,2,1,11,3,2,53,0,7,442,1998,0,0.0,9,,,,,,1,1,20,1,0.0,0.0,0,0,3,0,11,0,,,,,0.0,0.0,0.0,2.0,1,38,48.0,0.0,0.0,93,,,,,,0,,,,,,99212,53,74.0,180.0,1.0,1.0,0.0,1.0,0.0,0.0,1.0,97,,,,,,0,08/15/2015,06/15/2016,20,0,0,0,8.0,9,8,,,0,0.0,0.0,8,0,0.0,0.0,0.0,0.0,0.0,0.0,0.0,0,0,996.0,,,,,,,,,,,,,,,,,,,,,,,,,,,,,,0,0,0,1,0,0,0,0,0,1,0,1,0,1,0,0,1,0,1,0,0,1,1,0,1,0,0,0,0,1,0,0,1,0,0,,0,0,0,0,0,0,0,0,1,0,1,1,0,0,0,0,,,,,,18-20,16-25,City street,U,Friday,Belt Used,PV,Not Fatal,1,0,0,0,City Street,Municipal/City Police,Spokane Police Department,0,0,0,1,0,,,,,,,,,,,,,,,,,,,,,,,,,,,,,,,,,,,,,,,,,,,,99202,Spokane,Spokane
452,458,458,2017,311,E703810,6.0,2017-08-17,13:15,17,8,0.0,47,Okanogan,1600,1,0.0,1,1,2,1,0,2,2,13:28,13:48,15:30,12,0,6,277.4,2,0,4,3,2,1,2,0,0,3,3,US-97,ENGH RD,-119.508675,48.416769444,0,1,68,15,2,50,4,0,0,1,2,12,1,1,4,1,11,1,1,53,0,37,32,2004,0,0.0,12,,,,,,1,1,79,2,7.0,1.0,4,0,99,0,11,4,08/17/2017,15:56,211053036325.0,36325.0,0.0,0.0,3.0,3.0,1,39,0.0,0.0,0.0,96,,,,,,99,,,,,,98902,53,62.0,174.0,6.0,1.0,0.0,0.0,0.0,0.0,0.0,0,,,,,,0,,,8,0,0,0,0.0,9,8,,,0,0.0,0.0,8,9,2.0,1.0,0.0,0.0,1.0,0.0,0.0,2,1,0.0,,,,,,,,,,,,,,,,,,,,,,,,,,,,,,0,0,0,1,0,0,0,0,0,0,0,0,0,0,0,0,0,0,0,0,0,0,0,0,0,1,1,1,0,1,1,0,0,0,0,,1,0,0,0,0,0,0,0,0,0,0,0,0,0,0,0,,,,,,76-80,76+,US highway,U,Thursday,Unknown,PV,White,1,0,0,0,State Route,State Patrol,Washington State Patrol Headquarter,0,1,0,0,0,,,,,,,,,,,,,,,,,,,,,,,,,,,,,,,,,,,,,,,,,,,,98841,Yakima,Omak
453,459,459,2017,311,E703810,6.0,2017-08-17,13:15,17,8,0.0,47,Okanogan,1600,1,0.0,1,1,2,1,0,2,2,13:28,13:48,15:30,12,0,6,277.4,2,0,4,3,2,1,2,0,0,3,3,US-97,ENGH RD,-119.508675,48.416769444,0,2,69,62,4,50,66,1,0,1,2,12,1,1,4,1,1,1,3,53,0,85,881,2006,0,0.0,12,,,,,,1,1,57,1,0.0,0.0,0,0,3,0,11,0,,,,,6.0,1.0,3.0,3.0,1,0,0.0,0.0,0.0,0,,,,,,0,,,,,,98840,53,68.0,230.0,6.0,1.0,0.0,0.0,0.0,0.0,0.0,0,,,,,,0,,,20,0,0,0,8.0,9,8,,,0,0.0,0.0,8,0,0.0,0.0,0.0,0.0,0.0,0.0,0.0,0,0,996.0,,,,,,,,,,,,,,,,,,,,,,,,,,,,,,0,0,0,1,0,0,0,0,0,0,0,0,0,0,0,0,0,0,0,0,0,0,0,0,0,1,1,1,0,1,1,0,0,0,0,,0,0,0,0,0,0,0,0,0,0,0,0,0,0,0,0,,,,,,56-60,56-65,US highway,U,Thursday,,MHTRUCK,Not Fatal,1,0,0,0,State Route,State Patrol,Washington State Patrol Headquarter,0,1,0,0,0,,,,,,,,,,,,,,,,,,,,,,,,,,,,,,,,,,,,,,,,,,,,98841,Okanogan,Omak
454,460,460,2017,312,E704620,3.0,2017-08-18,4:04,18,8,0.0,53,Pierce,0,1,0.0,2,1,2,1,1,1,1,4:05,4:14,,8,0,0,7.1,1,0,1,3,2,1,3,0,0,0,0,SR-512,,-122.3260917,47.158186111,0,1,13,80,5,60,34,0,0,1,2,8,1,1,2,3,1,1,3,53,0,20,473,2015,0,0.0,8,,,,,,1,1,54,1,0.0,0.0,0,0,3,0,11,0,,,,,0.0,0.0,2.0,2.0,1,74,0.0,0.0,0.0,0,,,,,,0,,,,,,98373,53,74.0,215.0,6.0,1.0,1.0,2.0,0.0,0.0,2.0,0,,,,,,0,04/15/2013,11/15/2013,20,0,0,0,8.0,9,8,,,0,0.0,0.0,8,0,0.0,0.0,0.0,0.0,0.0,0.0,0.0,0,0,996.0,,,,,,,,,,,,,,,,,,,,,,,,,,,,,,0,0,0,0,0,0,0,0,0,0,0,0,0,0,0,0,0,0,0,0,0,0,0,0,0,0,0,0,0,0,0,1,0,0,0,,0,0,0,0,0,0,0,0,0,0,0,0,0,0,0,0,,,,,,51-55,46-55,State route,U,Friday,Belt Used,PV,Not Fatal,0,0,0,0,State Route,State Patrol,Washington State Patrol Headquarter,0,1,0,0,0,,,,,,,,,,,,,,,,,,,,,,,,,,,,,,,,,,,,,,,,,,,,98373,Puyallup,Puyallup
455,461,461,2017,313,E702924,42.0,2017-08-16,14:45,16,8,0.0,67,Thurston,0,1,0.0,1,1,2,1,0,6,3,,,,12,0,6,2.3,2,0,3,5,2,2,4,0,0,20,3,CR-OLD HWY 99 SW,SARGENT RD SW,-123.0120583,46.797825,0,1,82,15,2,35,4,0,0,1,2,12,1,1,2,1,11,1,1,53,0,49,40,2007,0,0.0,12,60.0,54.0,,,,1,1,18,2,7.0,78.0,4,7,3,0,11,0,08/16/2017,14:51,53035896.0,35896.0,0.0,0.0,0.0,3.0,1,0,0.0,0.0,0.0,92,,,,,,99,,,,,,98579,53,62.0,120.0,6.0,1.0,0.0,0.0,1.0,1.0,0.0,0,,,,,,0,06/15/2016,01/15/2017,8,0,0,0,0.0,9,8,,,0,0.0,0.0,8,9,2.0,1.0,0.0,0.0,1.0,0.0,0.0,2,1,0.0,,,,,,,,,,,,,,,,,,,,,,,,,,,,,,0,0,0,1,0,0,0,0,0,0,0,0,0,0,0,0,1,0,0,0,0,1,1,1,1,0,0,0,0,1,1,0,0,0,0,,1,0,0,0,0,0,0,0,1,0,0,0,0,0,0,0,,,,,,18-20,16-25,County road,U,Wednesday,Belt Used,PV,API,1,0,0,0,County Road,County Sheriff,Thurston County Sheriff's Office,0,0,1,0,0,,,,,,,,,,,,,,,,,,,,,,,,,,,,,,,,,,,,,,,,,,,,98579,Rochester,Rochester
456,462,462,2017,313,E702924,42.0,2017-08-16,14:45,16,8,0.0,67,Thurston,0,1,0.0,1,1,2,1,0,6,3,,,,12,0,6,2.3,2,0,3,5,2,2,4,0,0,0,0,CR-OLD HWY 99 SW,SARGENT RD SW,-123.0120583,46.797825,0,2,83,67,4,35,63,0,0,1,5,12,1,1,2,1,1,3,3,53,0,51,881,2011,0,0.0,12,,,,,,1,1,53,1,0.0,0.0,0,0,3,0,11,0,,,,,6.0,1.0,0.0,3.0,1,0,0.0,0.0,0.0,0,,,,,,0,,,,,,98579,53,70.0,235.0,6.0,1.0,0.0,1.0,0.0,0.0,0.0,0,,,,,,0,05/15/2015,05/15/2015,20,0,0,0,8.0,9,8,,,0,0.0,0.0,8,0,0.0,0.0,0.0,0.0,0.0,0.0,0.0,0,0,996.0,,,,,,,,,,,,,,,,,,,,,,,,,,,,,,0,0,0,1,0,0,0,0,0,0,0,0,0,0,0,0,1,0,0,0,0,1,1,1,1,0,0,0,0,1,1,0,0,0,0,,0,0,0,0,0,0,0,0,0,0,0,0,0,0,0,0,,,,,,51-55,46-55,County road,U,Wednesday,,MHTRUCK,Not Fatal,1,0,0,0,County Road,County Sheriff,Thurston County Sheriff's Office,0,0,1,0,0,,,,,,,,,,,,,,,,,,,,,,,,,,,,,,,,,,,,,,,,,,,,98579,Rochester,Rochester