,index,Unnamed: 0,year,case,par,repjur,crash_dt,crash_tm,accday,accmon,holiday,county,co_char,city,weather,weather2,lightcond,surfcond,surftype,numfatal,nmforms,pforms,vforms,not_tm,arr_tm,hosp_tm,fhevent,hitrun,manncol,milepnt,reljunc,reljuncinter,intersectiontype,funcsystem,landuse,ownership,route,schlbus,spejur,contdev,devfunc,trafid1,trafid2,lon,lat,wk_zone,vnumber,crashtype,criticalevent,criticaleventcat,spdlim,body,trailer,emerg,hazcargo,leave,mhevent,roadalgn,roadprof,traflane,trafflow,vehmanvr,numoccs,regowner,regstate,spuse,make,model,modelyr,vrf1,vrf2,seqevent1,seqevent2,seqevent3,seqevent4,seqevent5,seqevent6,pnumber,ptype,age,sex,hispanic,race,injury,diedscene,restraint,restraintmisuse,seatpos,takehosp,death_dt,death_tm,cert,cernum_wa,commlic,licendor,licrestrict,liccomp,drivpres,drf1,drf2,drf3,drf4,distract1,distract2,distract3,distract4,distract5,distract6,dricond1,dricond2,dricond3,dricond4,dricond5,dricond6,dzip,licstate,drhgt_in,weight,noncdl,noncdltype,prevdwi,prevoth,prevacc,prevspd,prevsus,driviol1,driviol2,driviol3,driviol4,driviol5,driviol6,spdrel,first_dt,last_dt,airbag,ejection,ejectpath,extricat,injurwrk,methalc,methdrug,nmlocat,strikveh,prf1,prf2,prf3,druginv,alcinvol,drugsts,drugres1,drugres2,drugres3,drugtst1,drugtst2,drugtst3,alcsts,alctst,alcres,nmact1,nmact2,nmact3,nmact4,nmact5,nmact6,nmprior1,nmprior2,nmprior3,nmprior4,nmprior5,nmprior6,nmcond1,nmcond2,nmcond3,nmcond4,nmcond5,nmcond6,nmsafe_helmet,nmsafe_pads,nmsafe_oth,nmprev_ref,nmprev_lgt,nmprev_oth,crashlocation,nmcrashtype,crosswalk,schoolzone,sidewalk,train_inv,wildlife_inv,rotr_fars,intersect_fars,dd_inv,aid_inv,dpd_inv,id_inv,mj_inv,impnm_inv,ainm_inv,dpnm_inv,speed_inv,unlic_inv,unendmc_inv,drowsy_inv,drdist_inv,nmdist_inv,fty_inv,unrestfat_inv,dr1617_inv,dr1820_inv,dr1620_inv,dr2125_inv,dr1625_inv,dr65_inv,dr70_inv,dr75_inv,mc_inv,pv_inv,ht_inv,ped_inv,bike_inv,unrest_fat,mc_fat,unhelmet_mc,pv_fat,ht_fat,ped_fat,bike_fat,dr_alc7,dr_alc8,dr_drug,dr_imp,dr_dist,dr_spd,dr_fty,dr_unlic,dr_alc7only,dr_alc8only,dr_drugonly,dr_drink,nm_imp,nm_alc7,nm_alc8,nm_drug,nm_dist,agegrp1,agegrp2,roadclass,urbrur,dayweek,restuse,vehtype,race_me,intersect,lanedep,oppdir,wrongway,rep_typ,investag,repag_long,rotr,st_rd,cty_rd,city_rd,oth_rd,drug_thc,thc_res,drug_cthc,cthc_res,drug_cann,prevpersemin,prevperse,prevsusoth,drugtst4,drugtst5,drugtst6,drugtst7,drugtst8,drugres4,drugres5,drugres6,drugres7,drugres8,adspresent,adsengaged,adslevel,race1,race2,race3,race4,race5,helmet,helmetmisuse,nmdistract1,nmdistract2,nmdistract3,nmdistract4,nmdistract5,nmdistract6,lab,isedtcase,crf1,crf2,crf3,CoRoadName,CoMP,IntCoRoadName,IntCoMP,crashzip,dcity,crashcity
457,463,463,2017,313,E702924,42.0,2017-08-16,14:45,16,8,0.0,67,Thurston,0,1,0.0,1,1,2,1,0,6,3,,,,12,0,6,2.3,2,0,3,5,2,2,4,0,0,0,0,CR-OLD HWY 99 SW,SARGENT RD SW,-123.0120583,46.797825,0,3,98,90,6,35,34,0,0,1,5,54,1,1,2,1,1,2,2,53,0,20,481,1999,0,0.0,54,,,,,,1,1,25,2,0.0,0.0,0,0,3,0,11,0,,,,,0.0,0.0,3.0,3.0,1,0,0.0,0.0,0.0,0,,,,,,0,,,,,,98570,53,63.0,210.0,6.0,1.0,0.0,0.0,0.0,0.0,0.0,0,,,,,,0,,,20,0,0,0,8.0,9,8,,,0,0.0,0.0,8,0,0.0,0.0,0.0,0.0,0.0,0.0,0.0,0,0,996.0,,,,,,,,,,,,,,,,,,,,,,,,,,,,,,0,0,0,1,0,0,0,0,0,0,0,0,0,0,0,0,1,0,0,0,0,1,1,1,1,0,0,0,0,1,1,0,0,0,0,,0,0,0,0,0,0,0,0,0,0,0,0,0,0,0,0,,,,,,21-25,16-25,County road,U,Wednesday,Belt Used,PV,Not Fatal,1,0,0,0,County Road,County Sheriff,Thurston County Sheriff's Office,0,0,1,0,0,,,,,,,,,,,,,,,,,,,,,,,,,,,,,,,,,,,,,,,,,,,,98579,Onalaska,Rochester
458,464,464,2017,314,E706379,2.0,2017-08-19,11:12,19,8,0.0,73,Whatcom,0,1,0.0,1,1,2,1,0,1,1,,,,17,0,0,125.9,1,0,1,4,1,1,3,0,0,0,0,SR-20,,-121.1493417,48.712230556,0,1,7,12,2,50,80,0,0,1,2,17,3,3,2,1,14,1,1,53,0,76,706,2009,0,0.0,68,64.0,17.0,,,,1,1,36,1,7.0,98.0,4,7,5,0,11,0,08/19/2017,11:12,53036380.0,36380.0,0.0,0.0,3.0,3.0,1,0,0.0,0.0,0.0,96,,,,,,99,,,,,,98513,53,67.0,210.0,6.0,1.0,0.0,0.0,0.0,0.0,0.0,0,,,,,,4,,,20,8,0,0,0.0,9,8,,,0,0.0,0.0,8,0,2.0,1.0,0.0,0.0,1.0,0.0,0.0,2,1,0.0,,,,,,,,,,,,,,,,,,,,,,,,,,,,,,0,0,0,0,0,0,0,0,0,0,0,0,1,0,0,0,0,0,0,0,0,0,0,0,0,0,0,0,1,0,0,0,0,0,1,0.0,0,0,0,0,0,0,0,0,0,1,0,0,0,0,0,0,,,,,,36-40,36-45,State route,R,Saturday,,MC,Oth/Unk,0,1,0,0,State Route,State Patrol,Washington State Patrol Headquarter,1,1,0,0,0,,,,,,,,,,,,,,,,,,,,,,,,,,,,,,,,,,,,,,,,,,,,98267,Olympia,Marblemount
459,465,465,2017,315,E700452,1.0,2017-08-09,14:03,9,8,0.0,77,Yakima,2590,1,0.0,1,1,1,1,0,1,1,13:59,14:07,14:18,25,0,0,0.4,5,1,1,1,2,1,1,0,0,0,0,I-82 RAMP R203175,,-120.5110194,46.624897222,0,1,6,12,2,98,80,0,0,1,2,25,2,6,1,6,14,1,1,53,0,72,706,2008,0,0.0,64,25.0,,,,,1,1,93,1,7.0,1.0,4,0,5,0,11,8,08/19/2017,8:25,259053035945.0,35945.0,0.0,0.0,3.0,3.0,1,0,0.0,0.0,0.0,96,,,,,,0,,,,,,98932,53,67.0,200.0,6.0,1.0,0.0,0.0,0.0,0.0,0.0,0,,,,,,4,,,20,8,0,0,0.0,9,8,,,0,0.0,0.0,8,0,0.0,0.0,0.0,0.0,0.0,0.0,0.0,0,0,996.0,,,,,,,,,,,,,,,,,,,,,,,,,,,,,,0,0,1,0,0,0,0,0,0,0,0,0,1,0,0,0,0,0,0,0,0,0,0,0,0,1,1,1,1,0,0,0,0,0,1,0.0,0,0,0,0,0,0,0,0,0,1,0,0,0,0,0,0,,,,,,81+,76+,Interstate,U,Wednesday,,MC,White,0,1,0,0,State Route,State Patrol,Washington State Patrol Headquarter,1,1,0,0,0,,,,,,,,,,,,,,,,,,,,,,,,,,,,,,,,,,,,,,,,,,,,98901,Granger,Yakima
460,466,466,2017,316,E703741,6.0,2017-08-21,12:26,21,8,0.0,25,Grant,0,1,0.0,1,1,2,1,0,1,1,,,,39,0,0,81.1,1,0,1,4,1,1,3,0,0,0,0,SR-17,,-119.4592167,47.557475,0,1,2,6,1,60,82,0,0,1,2,39,2,1,2,1,6,1,1,53,0,72,706,2011,0,0.0,63,39.0,,,,,1,1,78,1,7.0,1.0,4,7,5,0,11,0,08/21/2017,12:26,53036342.0,36342.0,0.0,0.0,0.0,3.0,1,33,0.0,0.0,0.0,96,,,,,,0,,,,,,99115,53,68.0,220.0,6.0,1.0,0.0,0.0,0.0,0.0,0.0,0,,,,,,4,,,20,8,0,0,0.0,9,8,,,0,0.0,0.0,8,0,2.0,128.0,155.0,0.0,1.0,1.0,0.0,2,1,0.0,,,,,,,,,,,,,,,,,,,,,,,,,,,,,,0,0,0,0,0,0,1,1,0,0,0,0,1,0,0,0,0,0,0,0,0,0,0,0,0,1,1,1,1,0,0,0,0,0,1,0.0,0,0,0,0,0,0,1,1,0,1,0,0,0,0,1,0,,,,,,76-80,76+,State route,R,Monday,,MC,White,0,1,0,0,State Route,State Patrol,Washington State Patrol Headquarter,1,1,0,0,0,,,,,,,,,,,,,,,,,,,,,,,,,,,,,,,,,,,,,,,,,,,,99115,Coulee City,Coulee City
461,467,467,2017,317,E704024,180.0,2017-08-18,15:37,18,8,0.0,15,Cowlitz,1190,1,0.0,1,1,2,1,2,1,1,15:40,15:41,15:43,8,0,0,0.0,1,0,1,5,2,4,6,0,0,0,0,7TH AVE,DELAWARE ST,-122.9293417,46.128722222,0,1,13,80,5,35,4,0,0,1,5,8,1,1,2,1,1,1,1,53,0,63,34,2013,0,0.0,8,8.0,,,,,1,1,21,2,0.0,0.0,0,0,99,0,11,0,,,,,0.0,0.0,0.0,3.0,1,0,0.0,0.0,0.0,17,,,,,,99,,,,,,98632,53,65.0,118.0,6.0,1.0,0.0,0.0,0.0,2.0,1.0,97,,,,,,0,02/15/2014,08/15/2015,20,0,0,0,8.0,9,8,,,0,0.0,0.0,8,9,0.0,0.0,0.0,0.0,0.0,0.0,0.0,0,0,996.0,,,,,,,,,,,,,,,,,,,,,,,,,,,,,,0,0,0,0,0,0,0,0,0,0,0,0,0,0,0,0,1,0,0,0,0,0,0,1,1,0,0,0,0,1,0,1,0,0,0,,0,0,0,0,0,0,0,0,1,0,0,0,0,0,0,0,,,,,,21-25,16-25,City street,U,Friday,Unknown,PV,Not Fatal,1,0,0,0,City Street,Municipal/City Police,Longview Police Department,0,0,0,1,0,,,,,,,,,,,,,,,,,,,,,,,,,,,,,,,,,,,,,,,,,,,,98632,Longview,Longview
462,468,468,2017,318,E703950,122.0,2017-08-21,18:59,21,8,0.0,61,Snohomish,690,1,0.0,1,1,2,1,1,2,1,18:58,19:07,19:33,8,0,0,7.6,1,0,1,3,2,1,3,0,0,2,3,SR-527,,-122.2048444,47.895663889,0,1,13,80,5,98,4,0,0,1,2,8,1,1,2,1,1,2,4,53,0,41,35,2003,0,0.0,8,,,,,,1,1,19,1,0.0,0.0,0,0,3,0,11,0,,,,,0.0,0.0,0.0,3.0,1,38,0.0,0.0,0.0,1,,,,,,0,,,,,,98208,53,75.0,182.0,6.0,1.0,0.0,0.0,0.0,0.0,0.0,97,,,,,,0,,,20,0,0,0,8.0,9,8,,,0,0.0,0.0,8,0,2.0,1.0,0.0,0.0,1.0,0.0,0.0,2,1,0.0,,,,,,,,,,,,,,,,,,,,,,,,,,,,,,0,0,0,0,0,0,0,0,0,1,0,1,0,0,0,0,1,0,1,0,0,1,1,0,1,0,0,0,0,1,0,1,0,0,0,,0,0,0,0,0,0,0,0,1,0,1,0,0,0,0,0,,,,,,18-20,16-25,State route,U,Monday,Belt Used,PV,Not Fatal,0,0,0,0,State Route,Municipal/City Police,Everett Police Department,0,1,0,0,0,,,carboxy-thc,5.0,,,,,,,,,,,,,,,,,,,,,,,,,,,,,,,,,,,,,,,,98208,Everett,Everett
463,469,469,2017,319,E705153,5.0,2017-08-15,2:01,15,8,0.0,11,Clark,2370,1,0.0,3,1,2,1,0,1,1,,,,25,0,0,0.3,5,1,1,1,2,1,1,0,0,0,0,I-5 RAMP P500039,,-122.6696639,45.623125,0,1,6,12,2,98,80,0,0,1,2,25,2,2,1,6,14,1,1,6,0,76,705,2013,0,0.0,64,25.0,,,,,1,1,43,1,7.0,1.0,4,7,5,0,11,0,08/15/2017,,237053036239.0,36239.0,0.0,0.0,0.0,3.0,1,0,0.0,0.0,0.0,96,,,,,,9,,,,,,98642,53,68.0,200.0,6.0,1.0,0.0,0.0,1.0,1.0,0.0,0,,,,,,4,10/15/2014,03/15/2015,20,8,0,0,0.0,1,8,,,0,0.0,0.0,8,1,2.0,321.0,351.0,996.0,1.0,1.0,1.0,2,1,0.14,,,,,,,,,,,,,,,,,,,,,,,,,,,,,,0,0,1,0,1,1,1,1,0,0,0,0,1,0,0,0,0,0,0,0,0,0,0,0,0,0,0,0,1,0,0,0,0,0,1,0.0,0,0,0,0,0,1,1,1,0,1,0,0,0,0,0,1,,,,,,41-45,36-45,Interstate,U,Tuesday,,MC,White,0,1,0,0,State Route,State Patrol,Washington State Patrol Headquarter,1,1,0,0,0,,,,,,,,,,,,,,,,,,,,,,,,,,,,,,,,,,,,,,,,,,,,98661,Ridgefield,Vancouver
464,470,470,2017,320,E706112,1.0,2017-08-22,23:30,22,8,0.0,77,Yakima,1440,1,0.0,2,1,2,2,0,3,5,23:32,23:46,,12,0,2,190.0,1,0,1,3,2,1,2,0,0,0,0,US-12,,-120.6985056,46.727633333,0,1,50,10,2,35,4,0,0,1,2,12,2,1,2,1,14,1,1,53,0,20,2,2004,0,0.0,68,12.0,63.0,2.0,14.0,14.0,1,1,33,1,7.0,1.0,4,7,99,0,11,0,08/22/2017,23:30,144053036852.0,36852.0,0.0,0.0,0.0,3.0,1,28,0.0,0.0,0.0,96,,,,,,9,,,,,,98935,53,66.0,200.0,6.0,1.0,0.0,0.0,0.0,0.0,0.0,0,,,,,,4,,,99,0,0,0,0.0,9,1,,,0,0.0,0.0,1,0,2.0,605.0,0.0,0.0,1.0,0.0,0.0,2,1,0.0,,,,,,,,,,,,,,,,,,,,,,,,,,,,,,0,0,0,0,0,0,1,1,1,0,0,0,1,0,0,0,0,0,0,0,0,0,0,0,0,0,0,0,0,1,0,0,0,0,0,,1,0,0,0,0,0,1,1,0,1,0,0,0,0,1,0,,,,,,31-35,26-35,US highway,U,Tuesday,Unknown,PV,White,0,1,1,0,State Route,State Patrol,Washington State Patrol Headquarter,0,1,0,0,0,thc,1.2,,,,,,,,,,,,,,,,,,,,,,,,,,,,,,,,,,,,,,,,,,98937,Mabton,Naches
465,471,471,2017,320,E706112,1.0,2017-08-22,23:30,22,8,0.0,77,Yakima,1440,1,0.0,2,1,2,2,0,3,5,23:32,23:46,,12,0,2,190.0,1,0,1,3,2,1,2,0,0,0,0,US-12,,-120.6985056,46.727633333,0,2,51,62,4,35,34,0,0,1,2,12,3,1,2,1,14,1,2,53,0,20,481,1999,0,0.0,12,12.0,,,,,1,1,42,2,7.0,1.0,4,7,3,0,11,0,08/22/2017,23:30,144053037268.0,37268.0,0.0,0.0,3.0,3.0,1,0,0.0,0.0,0.0,0,,,,,,0,,,,,,98909,53,69.0,220.0,6.0,1.0,0.0,0.0,0.0,0.0,0.0,0,,,,,,0,,,1,0,0,0,0.0,9,8,,,0,0.0,0.0,8,0,2.0,1.0,0.0,0.0,1.0,0.0,0.0,2,1,0.0,,,,,,,,,,,,,,,,,,,,,,,,,,,,,,0,0,0,0,0,0,1,1,1,0,0,0,1,0,0,0,0,0,0,0,0,0,0,0,0,0,0,0,0,1,0,0,0,0,0,,0,0,0,0,0,0,0,0,0,0,0,0,0,0,0,0,,,,,,41-45,36-45,US highway,U,Tuesday,Belt Used,PV,White,0,1,1,0,State Route,State Patrol,Washington State Patrol Headquarter,0,1,0,0,0,,,,,,,,,,,,,,,,,,,,,,,,,,,,,,,,,,,,,,,,,,,,98937,Yakima,Naches
466,472,472,2017,320,E706112,1.0,2017-08-22,23:30,22,8,0.0,77,Yakima,1440,1,0.0,2,1,2,2,0,3,5,23:32,23:46,,12,0,2,190.0,1,0,1,3,2,1,2,0,0,0,0,US-12,,-120.6985056,46.727633333,0,3,98,98,7,35,16,0,0,1,5,12,3,1,2,1,14,1,1,53,0,20,431,2001,0,0.0,12,,,,,,1,1,27,1,0.0,0.0,0,0,3,0,11,0,,,,,0.0,0.0,3.0,3.0,1,0,0.0,0.0,0.0,0,,,,,,0,,,,,,98937,53,77.0,250.0,6.0,1.0,0.0,0.0,0.0,0.0,0.0,0,,,,,,0,,,20,0,0,0,8.0,9,8,,,0,0.0,0.0,8,0,0.0,0.0,0.0,0.0,0.0,0.0,0.0,0,0,996.0,,,,,,,,,,,,,,,,,,,,,,,,,,,,,,0,0,0,0,0,0,1,1,1,0,0,0,1,0,0,0,0,0,0,0,0,0,0,0,0,0,0,0,0,1,0,0,0,0,0,,0,0,0,0,0,0,0,0,0,0,0,0,0,0,0,0,,,,,,26-30,26-35,US highway,U,Tuesday,Belt Used,PV,Not Fatal,0,1,1,0,State Route,State Patrol,Washington State Patrol Headquarter,0,1,0,0,0,,,,,,,,,,,,,,,,,,,,,,,,,,,,,,,,,,,,,,,,,,,,98937,Naches,Naches
467,473,473,2017,321,E704187,20.0,2017-08-21,2:30,21,8,0.0,23,Garfield,0,1,0.0,2,1,2,1,0,1,1,6:10,6:41,,38,0,0,18.4,1,0,1,5,1,2,4,0,0,0,0,CR-KRBY MAYVIEW RD,,-117.4431389,46.601969444,0,1,6,6,1,50,34,0,0,1,2,1,2,2,2,1,14,1,1,53,0,20,481,2003,0,0.0,68,64.0,38.0,1.0,,,1,1,24,1,7.0,1.0,4,7,20,0,11,0,08/21/2017,2:30,53036458.0,36458.0,0.0,0.0,0.0,3.0,1,0,0.0,0.0,0.0,96,,,,,,99,,,,,,99019,53,71.0,150.0,6.0,1.0,0.0,2.0,0.0,2.0,0.0,0,,,,,,3,10/15/2012,11/15/2016,20,1,9,0,0.0,9,8,,,0,0.0,0.0,8,9,0.0,0.0,0.0,0.0,0.0,0.0,0.0,0,0,996.0,,,,,,,,,,,,,,,,,,,,,,,,,,,,,,0,0,1,0,0,0,0,0,0,0,0,0,1,0,0,0,0,0,0,0,0,0,0,1,1,0,0,0,0,0,0,0,0,1,0,,0,0,0,0,0,0,0,0,0,1,0,0,0,0,0,0,,,,,,21-25,16-25,County road,R,Monday,Not Used,PV,White,0,1,0,0,County Road,County Sheriff,Garfield County Sheriff's Office,1,0,1,0,0,,,,,,,,,,,,,,,,,,,,,,,,,,,,,,,,,,,,,,,,,,,,99347,Liberty Lake,Pomeroy
468,474,474,2017,322,E704312,21.0,2017-08-05,20:30,5,8,0.0,25,Grant,0,1,0.0,5,1,2,1,0,1,1,,,,34,0,0,1.1,1,0,1,6,1,2,4,0,0,0,0,CR-RD Q SE,,-119.1255556,47.436083333,0,1,7,13,2,50,2,0,0,1,2,1,3,2,2,1,14,1,2,53,0,7,28,2016,0,0.0,63,69.0,68.0,64.0,34.0,1.0,1,1,47,1,7.0,1.0,4,7,20,0,11,0,08/05/2017,20:30,253053034618.0,34618.0,6.0,0.0,0.0,3.0,1,58,0.0,0.0,0.0,96,,,,,,9,,,,,,98860,53,71.0,270.0,6.0,1.0,0.0,0.0,0.0,1.0,1.0,0,,,,,,3,08/15/2013,10/15/2013,8,2,9,0,0.0,9,8,,,0,0.0,0.0,8,1,2.0,1.0,0.0,0.0,1.0,0.0,0.0,2,1,0.16,,,,,,,,,,,,,,,,,,,,,,,,,,,,,,0,0,0,0,1,1,0,1,0,0,0,0,1,0,0,0,0,0,0,1,0,0,0,0,0,0,0,0,0,1,0,0,0,1,0,,1,0,0,0,0,1,0,1,0,1,0,0,0,1,0,1,,,,,,46-50,46-55,County road,R,Saturday,Not Used,PV,White,0,1,0,0,County Road,County Sheriff,Grant County Sheriff's Office,1,0,1,0,0,,,,,,,,,,,,,,,,,,,,,,,,,,,,,,,,,,,,,,,,,,,,99115,Wilson Creek,Coulee City
469,475,475,2017,323,E704148,160.0,2017-08-23,6:48,23,8,0.0,33,King,1030,1,0.0,1,1,2,1,0,5,4,,,,12,0,7,11.3,3,0,2,3,2,1,3,0,0,3,3,SR-99,S 240 ST,-122.2964528,47.386472222,0,1,46,11,2,45,6,0,0,1,2,12,1,1,3,1,15,2,1,53,0,20,23,2011,0,0.0,12,,,,,,1,1,61,1,0.0,0.0,0,0,3,0,11,0,,,,,0.0,0.0,0.0,3.0,1,91,0.0,0.0,0.0,96,,,,,,0,,,,,,98168,53,72.0,215.0,6.0,1.0,0.0,0.0,0.0,1.0,0.0,2,,,,,,0,05/15/2017,05/15/2017,20,0,0,0,8.0,1,1,,,0,0.0,0.0,0,0,2.0,1.0,0.0,0.0,1.0,0.0,0.0,2,1,0.0,,,,,,,,,,,,,,,,,,,,,,,,,,,,,,0,0,0,1,0,0,0,0,0,0,0,0,0,0,0,0,0,0,0,0,0,0,0,0,0,0,0,0,1,1,0,0,0,0,0,,0,0,0,0,0,0,0,0,0,0,0,0,0,0,0,0,,,,,,61-65,56-65,State route,U,Wednesday,Belt Used,PV,Not Fatal,0,0,0,0,State Route,Municipal/City Police,Kent Police Department,0,1,0,0,0,,,,,,,,,,,,,,,,,,,,,,,,,,,,,,,,,,,,,,,,,,,,98032,Seattle,Kent
470,476,476,2017,323,E704148,160.0,2017-08-23,6:48,23,8,0.0,33,King,1030,1,0.0,1,1,2,1,0,5,4,,,,12,0,7,11.3,3,0,2,3,2,1,3,0,0,3,3,SR-99,S 240 ST,-122.2964528,47.386472222,0,2,45,61,4,45,80,0,0,1,2,12,1,1,3,1,1,1,1,53,0,76,706,2009,0,0.0,12,12.0,12.0,,,,1,1,64,2,7.0,1.0,4,7,19,0,11,0,08/23/2017,7:15,103053037977.0,37977.0,0.0,0.0,3.0,3.0,1,0,0.0,0.0,0.0,0,,,,,,0,,,,,,98198,53,70.0,160.0,6.0,1.0,0.0,0.0,0.0,0.0,0.0,0,,,,,,0,,,20,8,0,0,0.0,9,8,,,0,0.0,0.0,8,0,2.0,1.0,0.0,0.0,1.0,0.0,0.0,2,1,0.0,,,,,,,,,,,,,,,,,,,,,,,,,,,,,,0,0,0,1,0,0,0,0,0,0,0,0,0,0,0,0,0,0,0,0,0,0,0,0,0,0,0,0,1,1,0,0,0,0,1,0.0,0,0,0,0,0,0,0,0,0,0,0,0,0,0,0,0,,,,,,61-65,56-65,State route,U,Wednesday,,MC,White,0,0,0,0,State Route,Municipal/City Police,Kent Police Department,0,1,0,0,0,,,,,,,,,,,,,,,,,,,,,,,,,,,,,,,,,,,,,,,,,,,,98032,Seattle,Kent
471,477,477,2017,323,E704148,160.0,2017-08-23,6:48,23,8,0.0,33,King,1030,1,0.0,1,1,2,1,0,5,4,,,,12,0,7,11.3,3,0,2,3,2,1,3,0,0,3,3,SR-99,S 240 ST,-122.2964528,47.386472222,0,3,98,61,4,45,5,0,0,1,5,12,1,1,3,1,1,1,1,53,0,63,38,2015,0,0.0,12,,,,,,1,1,39,2,0.0,0.0,0,0,3,0,11,0,,,,,0.0,0.0,3.0,3.0,1,0,0.0,0.0,0.0,0,,,,,,0,,,,,,98311,53,64.0,150.0,6.0,1.0,0.0,0.0,0.0,1.0,0.0,0,,,,,,0,11/15/2015,11/15/2015,20,0,0,0,8.0,9,8,,,0,0.0,0.0,8,0,0.0,0.0,0.0,0.0,0.0,0.0,0.0,0,0,996.0,,,,,,,,,,,,,,,,,,,,,,,,,,,,,,0,0,0,1,0,0,0,0,0,0,0,0,0,0,0,0,0,0,0,0,0,0,0,0,0,0,0,0,1,1,0,0,0,0,0,,0,0,0,0,0,0,0,0,0,0,0,0,0,0,0,0,,,,,,36-40,36-45,State route,U,Wednesday,Belt Used,PV,Not Fatal,0,0,0,0,State Route,Municipal/City Police,Kent Police Department,0,1,0,0,0,,,,,,,,,,,,,,,,,,,,,,,,,,,,,,,,,,,,,,,,,,,,98032,Bremerton,Kent
472,478,478,2017,323,E704148,160.0,2017-08-23,6:48,23,8,0.0,33,King,1030,1,0.0,1,1,2,1,0,5,4,,,,12,0,7,11.3,3,0,2,3,2,1,3,0,0,3,3,SR-99,S 240 ST,-122.2964528,47.386472222,0,4,98,61,4,45,14,0,0,1,5,12,1,1,3,1,1,1,2,53,0,35,402,2001,0,0.0,12,,,,,,1,1,30,2,0.0,0.0,0,0,3,0,11,0,,,,,0.0,0.0,0.0,3.0,1,0,0.0,0.0,0.0,0,,,,,,0,,,,,,98001,53,62.0,160.0,6.0,1.0,0.0,0.0,0.0,0.0,0.0,0,,,,,,0,,,20,0,0,0,8.0,9,8,,,0,0.0,0.0,8,0,0.0,0.0,0.0,0.0,0.0,0.0,0.0,0,0,996.0,,,,,,,,,,,,,,,,,,,,,,,,,,,,,,0,0,0,1,0,0,0,0,0,0,0,0,0,0,0,0,0,0,0,0,0,0,0,0,0,0,0,0,1,1,0,0,0,0,0,,0,0,0,0,0,0,0,0,0,0,0,0,0,0,0,0,,,,,,26-30,26-35,State route,U,Wednesday,Belt Used,PV,Not Fatal,0,0,0,0,State Route,Municipal/City Police,Kent Police Department,0,1,0,0,0,,,,,,,,,,,,,,,,,,,,,,,,,,,,,,,,,,,,,,,,,,,,98032,Auburn,Kent
473,479,479,2017,325,E704729,6.0,2017-08-24,10:40,24,8,0.0,37,Kittitas,0,5,0.0,1,1,2,1,0,7,4,,,,12,0,1,123.3,1,0,1,1,1,1,1,0,0,0,0,I-90,,-120.2225722,46.942855556,0,1,29,53,3,70,34,0,0,1,5,12,1,2,2,3,2,2,1,53,0,7,482,2004,0,0.0,12,,,,,,1,1,58,1,0.0,0.0,0,0,3,0,11,0,,,,,0.0,0.0,0.0,3.0,1,0,0.0,0.0,0.0,0,,,,,,0,,,,,,98812,53,68.0,250.0,6.0,1.0,0.0,0.0,0.0,0.0,0.0,0,,,,,,0,,,20,0,0,0,8.0,9,2,,,0,0.0,0.0,0,0,0.0,0.0,0.0,0.0,0.0,0.0,0.0,0,0,996.0,,,,,,,,,,,,,,,,,,,,,,,,,,,,,,0,0,0,0,0,0,0,0,0,0,0,0,0,0,0,0,0,0,0,0,0,0,0,1,1,0,0,0,0,1,1,0,0,0,0,,0,0,0,0,0,0,0,0,0,0,0,0,0,0,0,0,,,,,,56-60,56-65,Interstate,R,Thursday,Belt Used,PV,Not Fatal,0,0,0,0,State Route,State Patrol,Washington State Patrol Headquarter,0,1,0,0,0,,,,,,,,,,,,,,,,,,,,,,,,,,,,,,,,,,,,,,,,,,,,98926,Brewster,Ellensburg
474,480,480,2017,325,E704729,6.0,2017-08-24,10:40,24,8,0.0,37,Kittitas,0,5,0.0,1,1,2,1,0,7,4,,,,12,0,1,123.3,1,0,1,1,1,1,1,0,0,0,0,I-90,,-120.2225722,46.942855556,0,2,28,52,3,70,66,1,0,1,5,12,1,2,2,3,2,2,3,13,0,82,881,2016,0,0.0,12,12.0,,,,,1,1,59,1,0.0,0.0,0,0,3,0,11,0,,,,,6.0,3.0,0.0,3.0,1,0,0.0,0.0,0.0,0,,,,,,0,,,,,,30605,13,66.0,218.0,6.0,1.0,0.0,0.0,98.0,0.0,0.0,0,,,,,,0,,,20,0,0,0,8.0,9,2,,,0,0.0,0.0,0,0,0.0,0.0,0.0,0.0,0.0,0.0,0.0,0,0,996.0,,,,,,,,,,,,,,,,,,,,,,,,,,,,,,0,0,0,0,0,0,0,0,0,0,0,0,0,0,0,0,0,0,0,0,0,0,0,1,1,0,0,0,0,1,1,0,0,0,0,,0,0,0,0,0,0,0,0,0,0,0,0,0,0,0,0,,,,,,56-60,56-65,Interstate,R,Thursday,,MHTRUCK,Not Fatal,0,0,0,0,State Route,State Patrol,Washington State Patrol Headquarter,0,1,0,0,0,,,,,,,,,,,,,,,,,,,,,,,,,,,,,,,,,,,,,,,,,,,,98926,Athens,Ellensburg