,index,Unnamed: 0,year,case,par,repjur,crash_dt,crash_tm,accday,accmon,holiday,county,co_char,city,weather,weather2,lightcond,surfcond,surftype,numfatal,nmforms,pforms,vforms,not_tm,arr_tm,hosp_tm,fhevent,hitrun,manncol,milepnt,reljunc,reljuncinter,intersectiontype,funcsystem,landuse,ownership,route,schlbus,spejur,contdev,devfunc,trafid1,trafid2,lon,lat,wk_zone,vnumber,crashtype,criticalevent,criticaleventcat,spdlim,body,trailer,emerg,hazcargo,leave,mhevent,roadalgn,roadprof,traflane,trafflow,vehmanvr,numoccs,regowner,regstate,spuse,make,model,modelyr,vrf1,vrf2,seqevent1,seqevent2,seqevent3,seqevent4,seqevent5,seqevent6,pnumber,ptype,age,sex,hispanic,race,injury,diedscene,restraint,restraintmisuse,seatpos,takehosp,death_dt,death_tm,cert,cernum_wa,commlic,licendor,licrestrict,liccomp,drivpres,drf1,drf2,drf3,drf4,distract1,distract2,distract3,distract4,distract5,distract6,dricond1,dricond2,dricond3,dricond4,dricond5,dricond6,dzip,licstate,drhgt_in,weight,noncdl,noncdltype,prevdwi,prevoth,prevacc,prevspd,prevsus,driviol1,driviol2,driviol3,driviol4,driviol5,driviol6,spdrel,first_dt,last_dt,airbag,ejection,ejectpath,extricat,injurwrk,methalc,methdrug,nmlocat,strikveh,prf1,prf2,prf3,druginv,alcinvol,drugsts,drugres1,drugres2,drugres3,drugtst1,drugtst2,drugtst3,alcsts,alctst,alcres,nmact1,nmact2,nmact3,nmact4,nmact5,nmact6,nmprior1,nmprior2,nmprior3,nmprior4,nmprior5,nmprior6,nmcond1,nmcond2,nmcond3,nmcond4,nmcond5,nmcond6,nmsafe_helmet,nmsafe_pads,nmsafe_oth,nmprev_ref,nmprev_lgt,nmprev_oth,crashlocation,nmcrashtype,crosswalk,schoolzone,sidewalk,train_inv,wildlife_inv,rotr_fars,intersect_fars,dd_inv,aid_inv,dpd_inv,id_inv,mj_inv,impnm_inv,ainm_inv,dpnm_inv,speed_inv,unlic_inv,unendmc_inv,drowsy_inv,drdist_inv,nmdist_inv,fty_inv,unrestfat_inv,dr1617_inv,dr1820_inv,dr1620_inv,dr2125_inv,dr1625_inv,dr65_inv,dr70_inv,dr75_inv,mc_inv,pv_inv,ht_inv,ped_inv,bike_inv,unrest_fat,mc_fat,unhelmet_mc,pv_fat,ht_fat,ped_fat,bike_fat,dr_alc7,dr_alc8,dr_drug,dr_imp,dr_dist,dr_spd,dr_fty,dr_unlic,dr_alc7only,dr_alc8only,dr_drugonly,dr_drink,nm_imp,nm_alc7,nm_alc8,nm_drug,nm_dist,agegrp1,agegrp2,roadclass,urbrur,dayweek,restuse,vehtype,race_me,intersect,lanedep,oppdir,wrongway,rep_typ,investag,repag_long,rotr,st_rd,cty_rd,city_rd,oth_rd,drug_thc,thc_res,drug_cthc,cthc_res,drug_cann,prevpersemin,prevperse,prevsusoth,drugtst4,drugtst5,drugtst6,drugtst7,drugtst8,drugres4,drugres5,drugres6,drugres7,drugres8,adspresent,adsengaged,adslevel,race1,race2,race3,race4,race5,helmet,helmetmisuse,nmdistract1,nmdistract2,nmdistract3,nmdistract4,nmdistract5,nmdistract6,lab,isedtcase,crf1,crf2,crf3,CoRoadName,CoMP,IntCoRoadName,IntCoMP,crashzip,dcity,crashcity
475,481,481,2017,325,E704729,6.0,2017-08-24,10:40,24,8,0.0,37,Kittitas,0,5,0.0,1,1,2,1,0,7,4,,,,12,0,1,123.3,1,0,1,1,1,1,1,0,0,0,0,I-90,,-120.2225722,46.942855556,0,3,98,52,3,70,34,1,0,1,2,12,1,2,2,3,1,2,1,53,0,12,481,2011,0,0.0,12,12.0,,,,,1,1,61,2,0.0,0.0,3,0,3,0,11,5,,,,,0.0,0.0,0.0,3.0,1,0,0.0,0.0,0.0,0,,,,,,0,,,,,,98294,53,66.0,190.0,6.0,1.0,0.0,0.0,0.0,0.0,0.0,0,,,,,,0,,,1,0,0,0,8.0,9,2,,,0,0.0,0.0,0,0,0.0,0.0,0.0,0.0,0.0,0.0,0.0,0,0,996.0,,,,,,,,,,,,,,,,,,,,,,,,,,,,,,0,0,0,0,0,0,0,0,0,0,0,0,0,0,0,0,0,0,0,0,0,0,0,1,1,0,0,0,0,1,1,0,0,0,0,,0,0,0,0,0,0,0,0,0,0,0,0,0,0,0,0,,,,,,61-65,56-65,Interstate,R,Thursday,Belt Used,PV,Not Fatal,0,0,0,0,State Route,State Patrol,Washington State Patrol Headquarter,0,1,0,0,0,,,,,,,,,,,,,,,,,,,,,,,,,,,,,,,,,,,,,,,,,,,,98926,Sultan,Ellensburg
476,482,482,2017,325,E704729,6.0,2017-08-24,10:40,24,8,0.0,37,Kittitas,0,5,0.0,1,1,2,1,0,7,4,,,,12,0,1,123.3,1,0,1,1,1,1,1,0,0,0,0,I-90,,-120.2225722,46.942855556,0,4,98,52,3,70,14,0,0,1,5,12,1,2,2,3,1,1,1,53,0,20,403,2006,0,0.0,12,,,,,,1,1,21,1,0.0,0.0,0,0,3,0,11,0,,,,,0.0,0.0,0.0,3.0,1,0,0.0,0.0,0.0,0,,,,,,0,,,,,,98563,53,72.0,185.0,6.0,1.0,0.0,0.0,0.0,1.0,0.0,0,,,,,,0,07/15/2015,07/15/2015,20,0,0,0,8.0,9,2,,,0,0.0,0.0,0,0,0.0,0.0,0.0,0.0,0.0,0.0,0.0,0,0,996.0,,,,,,,,,,,,,,,,,,,,,,,,,,,,,,0,0,0,0,0,0,0,0,0,0,0,0,0,0,0,0,0,0,0,0,0,0,0,1,1,0,0,0,0,1,1,0,0,0,0,,0,0,0,0,0,0,0,0,0,0,0,0,0,0,0,0,,,,,,21-25,16-25,Interstate,R,Thursday,Belt Used,PV,Not Fatal,0,0,0,0,State Route,State Patrol,Washington State Patrol Headquarter,0,1,0,0,0,,,,,,,,,,,,,,,,,,,,,,,,,,,,,,,,,,,,,,,,,,,,98926,Montesano,Ellensburg
477,483,483,2017,326,E704907,1.0,2017-08-25,0:55,25,8,0.0,5,Benton,0,1,0.0,2,1,1,1,0,1,1,,,,1,0,0,123.8,1,0,1,1,1,1,1,0,0,0,0,I-82,,-119.232875,46.011577778,0,1,2,12,2,70,34,0,0,1,2,1,1,1,2,3,1,1,1,41,0,12,481,2003,0,0.0,64,69.0,63.0,1.0,41.0,38.0,1,1,45,1,7.0,1.0,4,7,3,0,11,0,08/25/2017,0:55,53037167.0,37167.0,0.0,0.0,0.0,3.0,1,58,0.0,0.0,0.0,96,,,,,,9,,,,,,97838,41,72.0,190.0,6.0,1.0,0.0,0.0,0.0,1.0,0.0,0,,,,,,0,10/15/2014,10/15/2014,20,0,0,0,0.0,1,8,,,0,0.0,0.0,8,1,2.0,189.0,0.0,0.0,1.0,0.0,0.0,2,1,0.16,,,,,,,,,,,,,,,,,,,,,,,,,,,,,,0,0,0,0,1,1,1,1,0,0,0,0,0,0,0,0,0,0,0,0,0,0,0,0,0,0,0,0,0,0,0,0,0,0,0,,0,0,0,0,0,1,1,1,0,0,0,0,0,0,0,1,,,,,,41-45,36-45,Interstate,R,Friday,Belt Used,PV,White,0,1,0,0,State Route,State Patrol,Washington State Patrol Headquarter,1,1,0,0,0,,,,,,,,,,,,,,,,,,,,,,,,,,,,,,,,,,,,,,,,,,,,99338,Hermiston,Kennewick
478,484,484,2017,327,E705130,24.0,2017-08-21,13:56,21,8,0.0,31,Jefferson,0,1,0.0,1,1,2,1,0,2,1,14:01,14:30,14:56,11,0,0,5.0,1,0,1,5,1,2,4,0,0,0,0,CR-CENTER RD,,-122.7910611,47.942591667,0,1,13,87,6,55,80,0,0,1,2,1,1,2,2,1,1,2,1,53,0,53,706,2006,0,0.0,11,68.0,64.0,1.0,,,1,1,77,1,7.0,1.0,4,7,19,0,11,0,08/21/2017,14:14,53036836.0,36836.0,0.0,0.0,0.0,3.0,1,0,0.0,0.0,0.0,96,,,,,,0,,,,,,98376,53,73.0,260.0,6.0,1.0,0.0,1.0,1.0,1.0,0.0,0,,,,,,0,12/15/2012,07/15/2015,20,8,0,0,0.0,9,8,,,0,0.0,0.0,8,0,2.0,996.0,996.0,0.0,1.0,1.0,0.0,2,1,0.0,,,,,,,,,,,,,,,,,,,,,,,,,,,,,,0,1,0,0,0,0,1,1,0,0,0,0,0,0,0,0,0,0,0,0,0,0,0,0,0,1,1,1,1,0,0,0,0,0,1,0.0,0,0,0,0,0,0,1,1,0,0,0,0,0,0,1,0,,,,,,76-80,76+,County road,R,Monday,,MC,White,0,0,0,0,County Road,County Sheriff,Jefferson County Sheriff's Office,0,0,1,0,0,,,,,,,,,,,,,,,,,,,,,,,,,,,,,,,,,,,,,,,,,,,,98325,Quilcene,Chimacum
479,485,485,2017,328,E705434,3.0,2017-08-27,3:49,27,8,0.0,67,Thurston,0,1,0.0,2,1,2,1,0,10,7,,,,12,0,1,93.8,1,0,1,1,1,1,1,0,0,0,0,I-5,,-122.9669722,46.875508333,0,1,20,50,3,60,66,1,0,1,2,12,1,1,3,3,1,1,3,53,0,51,881,2013,0,0.0,12,12.0,12.0,12.0,12.0,64.0,1,1,34,1,0.0,0.0,0,0,3,0,11,0,,,,,0.0,0.0,3.0,2.0,1,0,0.0,0.0,0.0,92,,,,,,0,,,,,,98031,53,73.0,175.0,1.0,1.0,0.0,1.0,2.0,1.0,1.0,97,,,,,,0,08/15/2012,06/15/2016,8,0,0,0,8.0,9,2,,,0,0.0,0.0,0,0,0.0,0.0,0.0,0.0,0.0,0.0,0.0,0,0,996.0,,,,,,,,,,,,,,,,,,,,,,,,,,,,,,0,0,0,0,0,0,0,0,0,0,0,0,0,1,0,0,1,0,0,0,0,0,0,0,0,1,0,0,0,1,1,0,0,0,0,,0,0,0,0,0,0,0,0,1,0,0,1,0,0,0,0,,,,,,31-35,26-35,Interstate,R,Sunday,,MHTRUCK,Not Fatal,0,0,0,0,State Route,State Patrol,Washington State Patrol Headquarter,0,1,0,0,0,,,,,,,,,,,,,,,,,,,,,,,,,,,,,,,,,,,,,,,,,,,,98589,Kent,Tenino
480,486,486,2017,328,E705434,3.0,2017-08-27,3:49,27,8,0.0,67,Thurston,0,1,0.0,2,1,2,1,0,10,7,,,,12,0,1,93.8,1,0,1,1,1,1,1,0,0,0,0,I-5,,-122.9669722,46.875508333,0,2,21,53,3,60,66,1,0,1,5,12,1,1,3,3,5,1,3,41,0,82,881,2015,0,0.0,12,,,,,,1,1,59,1,0.0,0.0,0,0,3,0,11,0,,,,,6.0,3.0,3.0,3.0,1,0,0.0,0.0,0.0,0,,,,,,0,,,,,,97501,41,71.0,185.0,6.0,1.0,0.0,0.0,0.0,0.0,0.0,0,,,,,,0,,,20,0,0,0,8.0,9,2,,,0,0.0,0.0,0,0,0.0,0.0,0.0,0.0,0.0,0.0,0.0,0,0,996.0,,,,,,,,,,,,,,,,,,,,,,,,,,,,,,0,0,0,0,0,0,0,0,0,0,0,0,0,1,0,0,1,0,0,0,0,0,0,0,0,1,0,0,0,1,1,0,0,0,0,,0,0,0,0,0,0,0,0,0,0,0,0,0,0,0,0,,,,,,56-60,56-65,Interstate,R,Sunday,,MHTRUCK,Not Fatal,0,0,0,0,State Route,State Patrol,Washington State Patrol Headquarter,0,1,0,0,0,,,,,,,,,,,,,,,,,,,,,,,,,,,,,,,,,,,,,,,,,,,,98589,Medford,Tenino
481,487,487,2017,328,E705434,3.0,2017-08-27,3:49,27,8,0.0,67,Thurston,0,1,0.0,2,1,2,1,0,10,7,,,,12,0,1,93.8,1,0,1,1,1,1,1,0,0,0,0,I-5,,-122.9669722,46.875508333,0,3,98,53,3,60,3,0,0,1,2,12,1,1,3,3,5,1,1,53,0,55,36,2011,0,0.0,12,12.0,,,,,1,1,61,1,7.0,1.0,4,7,3,0,11,0,08/27/2017,3:49,53037554.0,37554.0,6.0,0.0,3.0,3.0,1,0,0.0,0.0,0.0,0,,,,,,0,,,,,,98579,53,71.0,200.0,6.0,1.0,0.0,0.0,1.0,0.0,0.0,0,,,,,,0,05/15/2016,05/15/2016,8,0,0,0,0.0,9,8,,,0,0.0,0.0,8,9,2.0,1.0,0.0,0.0,1.0,0.0,0.0,2,1,0.0,,,,,,,,,,,,,,,,,,,,,,,,,,,,,,0,0,0,0,0,0,0,0,0,0,0,0,0,1,0,0,1,0,0,0,0,0,0,0,0,1,0,0,0,1,1,0,0,0,0,,1,0,0,0,0,0,0,0,0,0,0,0,0,0,0,0,,,,,,61-65,56-65,Interstate,R,Sunday,Belt Used,PV,White,0,0,0,0,State Route,State Patrol,Washington State Patrol Headquarter,0,1,0,0,0,,,,,,,,,,,,,,,,,,,,,,,,,,,,,,,,,,,,,,,,,,,,98589,Rochester,Tenino
482,488,488,2017,328,E705434,3.0,2017-08-27,3:49,27,8,0.0,67,Thurston,0,1,0.0,2,1,2,1,0,10,7,,,,12,0,1,93.8,1,0,1,1,1,1,1,0,0,0,0,I-5,,-122.9669722,46.875508333,0,4,98,53,3,60,34,0,0,1,2,12,1,1,3,3,5,2,1,53,0,49,472,2012,0,0.0,12,12.0,12.0,,,,1,1,69,2,0.0,0.0,0,0,3,0,11,0,,,,,0.0,0.0,3.0,3.0,1,0,0.0,0.0,0.0,0,,,,,,0,,,,,,98502,53,67.0,300.0,6.0,1.0,0.0,0.0,0.0,0.0,0.0,0,,,,,,0,,,20,0,0,0,8.0,9,2,,,0,0.0,0.0,0,0,0.0,0.0,0.0,0.0,0.0,0.0,0.0,0,0,996.0,,,,,,,,,,,,,,,,,,,,,,,,,,,,,,0,0,0,0,0,0,0,0,0,0,0,0,0,1,0,0,1,0,0,0,0,0,0,0,0,1,0,0,0,1,1,0,0,0,0,,0,0,0,0,0,0,0,0,0,0,0,0,0,0,0,0,,,,,,66-70,66-75,Interstate,R,Sunday,Belt Used,PV,Not Fatal,0,0,0,0,State Route,State Patrol,Washington State Patrol Headquarter,0,1,0,0,0,,,,,,,,,,,,,,,,,,,,,,,,,,,,,,,,,,,,,,,,,,,,98589,Olympia,Tenino
483,489,489,2017,328,E705434,3.0,2017-08-27,3:49,27,8,0.0,67,Thurston,0,1,0.0,2,1,2,1,0,10,7,,,,12,0,1,93.8,1,0,1,1,1,1,1,0,0,0,0,I-5,,-122.9669722,46.875508333,0,5,98,53,3,60,14,0,0,1,5,12,1,1,3,3,5,1,1,53,0,48,401,2002,0,0.0,12,,,,,,1,1,47,1,0.0,0.0,0,0,3,0,11,0,,,,,0.0,0.0,3.0,3.0,1,0,0.0,0.0,0.0,0,,,,,,0,,,,,,98055,53,63.0,165.0,6.0,1.0,0.0,0.0,1.0,0.0,0.0,0,,,,,,0,02/15/2015,02/15/2015,20,0,0,0,8.0,9,2,,,0,0.0,0.0,0,0,0.0,0.0,0.0,0.0,0.0,0.0,0.0,0,0,996.0,,,,,,,,,,,,,,,,,,,,,,,,,,,,,,0,0,0,0,0,0,0,0,0,0,0,0,0,1,0,0,1,0,0,0,0,0,0,0,0,1,0,0,0,1,1,0,0,0,0,,0,0,0,0,0,0,0,0,0,0,0,0,0,0,0,0,,,,,,46-50,46-55,Interstate,R,Sunday,Belt Used,PV,Not Fatal,0,0,0,0,State Route,State Patrol,Washington State Patrol Headquarter,0,1,0,0,0,,,,,,,,,,,,,,,,,,,,,,,,,,,,,,,,,,,,,,,,,,,,98589,Renton,Tenino
484,490,490,2017,328,E705434,3.0,2017-08-27,3:49,27,8,0.0,67,Thurston,0,1,0.0,2,1,2,1,0,10,7,,,,12,0,1,93.8,1,0,1,1,1,1,1,0,0,0,0,I-5,,-122.9669722,46.875508333,0,6,98,53,3,60,34,1,0,1,2,12,1,1,3,3,5,3,9,95,0,7,482,2016,0,0.0,12,12.0,,,,,1,1,33,2,0.0,0.0,0,0,3,0,11,0,,,,,99.0,9.0,9.0,9.0,1,0,0.0,0.0,0.0,0,,,,,,0,,,,,,0,95,,999.0,9.0,9.0,99.0,99.0,99.0,99.0,99.0,0,,,,,,0,,,20,0,0,0,8.0,9,2,,,0,0.0,0.0,0,0,0.0,0.0,0.0,0.0,0.0,0.0,0.0,0,0,996.0,,,,,,,,,,,,,,,,,,,,,,,,,,,,,,0,0,0,0,0,0,0,0,0,0,0,0,0,1,0,0,1,0,0,0,0,0,0,0,0,1,0,0,0,1,1,0,0,0,0,,0,0,0,0,0,0,0,0,0,0,0,0,0,0,0,0,,,,,,31-35,26-35,Interstate,R,Sunday,Belt Used,PV,Not Fatal,0,0,0,0,State Route,State Patrol,Washington State Patrol Headquarter,0,1,0,0,0,,,,,,,,,,,,,,,,,,,,,,,,,,,,,,,,,,,,,,,,,,,,98589,Canada,Tenino
485,491,491,2017,328,E705434,3.0,2017-08-27,3:49,27,8,0.0,67,Thurston,0,1,0.0,2,1,2,1,0,10,7,,,,12,0,1,93.8,1,0,1,1,1,1,1,0,0,0,0,I-5,,-122.9669722,46.875508333,0,7,98,53,3,60,66,1,0,1,5,12,1,1,3,3,5,1,3,95,0,85,881,2016,0,0.0,12,12.0,,,,,1,1,51,1,0.0,0.0,0,0,3,0,11,0,,,,,99.0,9.0,9.0,9.0,1,0,0.0,0.0,0.0,0,,,,,,0,,,,,,0,95,,999.0,9.0,9.0,99.0,99.0,99.0,99.0,99.0,0,,,,,,0,,,20,0,0,0,8.0,9,2,,,0,0.0,0.0,0,0,0.0,0.0,0.0,0.0,0.0,0.0,0.0,0,0,996.0,,,,,,,,,,,,,,,,,,,,,,,,,,,,,,0,0,0,0,0,0,0,0,0,0,0,0,0,1,0,0,1,0,0,0,0,0,0,0,0,1,0,0,0,1,1,0,0,0,0,,0,0,0,0,0,0,0,0,0,0,0,0,0,0,0,0,,,,,,51-55,46-55,Interstate,R,Sunday,,MHTRUCK,Not Fatal,0,0,0,0,State Route,State Patrol,Washington State Patrol Headquarter,0,1,0,0,0,,,,,,,,,,,,,,,,,,,,,,,,,,,,,,,,,,,,,,,,,,,,98589,Canada,Tenino
486,492,492,2017,329,E709896,8.0,2017-08-25,22:52,25,8,0.0,27,Grays Harbor,0,1,0.0,2,1,2,1,1,2,1,,,,8,0,0,13.9,1,0,1,3,2,1,2,0,0,0,0,US-12,,-123.5375389,46.988108333,0,1,13,80,5,60,15,0,0,1,5,8,1,1,2,3,1,2,3,53,0,62,423,2016,0,0.0,8,,,,,,1,1,55,2,0.0,0.0,0,0,3,0,11,0,,,,,0.0,0.0,0.0,3.0,1,0,0.0,0.0,0.0,0,,,,,,0,,,,,,98520,53,70.0,180.0,6.0,1.0,0.0,0.0,0.0,0.0,0.0,0,,,,,,0,,,20,0,0,0,8.0,9,2,,,0,0.0,0.0,0,0,0.0,0.0,0.0,0.0,0.0,0.0,0.0,0,0,996.0,,,,,,,,,,,,,,,,,,,,,,,,,,,,,,0,0,0,0,0,0,0,0,0,1,1,1,0,0,0,0,0,0,0,0,0,0,0,0,0,0,0,0,0,1,0,1,0,0,0,,0,0,0,0,0,0,0,0,0,0,0,0,0,0,0,0,,,,,,51-55,46-55,US highway,U,Friday,Belt Used,PV,Not Fatal,0,0,0,0,State Route,State Patrol,Washington State Patrol Headquarter,0,1,0,0,0,,,,,,,,,,,,,,,,,,,,,,,,,,,,,,,,,,,,,,,,,,,,98563,Aberdeen,Montesano
487,493,493,2017,330,E712811,2.0,2017-08-26,10:24,26,8,0.0,61,Snohomish,0,1,0.0,1,1,2,1,0,1,1,,,,1,0,0,2.8,1,0,1,3,2,1,2,0,0,0,0,US-2,,-122.1362583,47.973958333,0,1,98,8,1,55,80,0,0,1,2,1,1,1,2,1,1,1,1,53,0,76,706,2000,0,0.0,1,,,,,,1,1,69,1,7.0,1.0,4,0,5,0,11,4,08/26/2017,11:12,69053038740.0,38740.0,0.0,0.0,0.0,3.0,1,0,0.0,0.0,0.0,92,,,,,,99,,,,,,98290,53,70.0,280.0,6.0,1.0,0.0,0.0,0.0,0.0,0.0,0,,,,,,0,,,20,8,0,0,0.0,9,8,,,0,0.0,0.0,8,9,2.0,1.0,0.0,0.0,1.0,0.0,0.0,2,1,0.0,,,,,,,,,,,,,,,,,,,,,,,,,,,,,,0,0,0,0,0,0,0,0,0,0,0,0,0,0,0,0,1,0,0,0,0,0,0,0,0,1,0,0,1,0,0,0,0,0,1,0.0,0,0,0,0,0,0,0,0,1,0,0,0,0,0,0,0,,,,,,66-70,66-75,US highway,U,Saturday,,MC,White,0,0,0,0,State Route,State Patrol,Washington State Patrol Headquarter,0,1,0,0,0,,,,,,,,,,,,,,,,,,,,,,,,,,,,,,,,,,,,,,,,,,,,98258,Snohomish,Lake Stevens
488,494,494,2017,331,E706887,2.0,2017-08-26,20:02,26,8,0.0,57,Skagit,0,1,0.0,5,1,2,1,0,1,1,19:56,20:15,,31,0,0,5.7,1,0,1,6,1,2,4,0,0,0,0,CR-PRAIRIE RD,,-122.2594722,48.583325,0,1,1,13,2,50,80,0,0,1,2,31,1,2,2,1,1,1,1,53,0,76,706,2003,0,0.0,63,31.0,38.0,35.0,,,1,1,28,1,7.0,1.0,4,7,5,0,11,0,08/26/2017,20:02,53037237.0,37237.0,0.0,0.0,1.0,3.0,1,0,0.0,0.0,0.0,96,,,,,,99,,,,,,98284,53,69.0,195.0,6.0,1.0,0.0,0.0,0.0,0.0,0.0,0,,,,,,3,,,20,8,0,0,0.0,1,8,,,0,0.0,0.0,8,1,2.0,1.0,0.0,0.0,1.0,0.0,0.0,2,1,0.26,,,,,,,,,,,,,,,,,,,,,,,,,,,,,,0,0,1,0,1,1,0,1,0,0,0,0,1,0,0,0,0,0,0,0,0,0,0,0,0,0,0,0,1,0,0,0,0,0,1,0.0,0,0,0,0,0,1,0,1,0,1,0,0,0,1,0,1,,,,,,26-30,26-35,County road,R,Saturday,,MC,White,0,1,0,0,County Road,State Patrol,Washington State Patrol Headquarter,1,0,1,0,0,,,,,,,,,,,,,,,,,,,,,,,,,,,,,,,,,,,,,,,,,,,,98284,Sedro Woolley,Sedro Woolley
489,495,495,2017,332,3755962,263.0,2017-08-26,,26,8,,33,King,1960,1,0.0,9,1,2,1,0,1,1,,,,33,0,0,0.0,3,0,2,3,2,4,6,0,0,0,0,S ALASKA ST,S COLUMBIAN WAY,-122.2970111,47.561611111,0,1,7,9,1,98,80,0,0,1,2,30,2,2,2,1,14,1,1,53,0,53,705,2001,0,0.0,68,64.0,33.0,30.0,42.0,,1,1,30,1,7.0,1.0,4,7,5,0,11,0,08/26/2017,6:45,196053037861.0,37861.0,0.0,0.0,0.0,3.0,1,0,0.0,0.0,0.0,92,,,,,,99,,,,,,94611,6,71.0,150.0,6.0,1.0,0.0,0.0,0.0,0.0,0.0,0,,,,,,0,,,20,8,0,0,0.0,9,8,,,0,0.0,0.0,8,9,2.0,402.0,407.0,996.0,1.0,1.0,1.0,2,1,0.19,,,,,,,,,,,,,,,,,,,,,,,,,,,,,,0,0,0,1,1,1,1,1,0,0,0,0,0,0,0,0,1,0,0,0,0,0,0,0,0,0,0,0,1,0,0,0,0,0,1,0.0,0,0,0,0,0,1,1,1,1,0,0,0,0,0,0,1,,,,,,26-30,26-35,City street,U,Saturday,,MC,White,0,1,0,0,City Street,Municipal/City Police,Seattle Police Department,1,0,0,1,0,,,,,,,,,,,,,,,,,,,,,,,,,,,,,,,,,,,,,,,,,,,,98108,Oakland,Seattle
490,496,496,2017,333,3752234,160.0,2017-08-17,20:28,17,8,0.0,33,King,1030,1,0.0,5,1,2,1,0,2,2,,,,12,0,2,0.0,1,0,1,4,2,4,6,0,0,0,0,MILITARY RD S,,-122.2917722,47.366038889,0,1,50,10,2,98,2,0,0,1,2,12,2,1,2,1,14,1,1,53,0,12,3,2000,0,0.0,12,,,,,,1,1,49,1,7.0,1.0,4,7,99,0,11,0,08/17/2017,20:28,103053036150.0,36150.0,0.0,0.0,0.0,3.0,1,51,0.0,0.0,0.0,96,,,,,,99,,,,,,98354,53,71.0,135.0,6.0,1.0,1.0,1.0,0.0,0.0,1.0,0,,,,,,3,03/15/2015,08/15/2015,8,0,0,0,0.0,9,8,,,0,0.0,0.0,8,9,2.0,1.0,0.0,0.0,1.0,0.0,0.0,2,1,0.22,,,,,,,,,,,,,,,,,,,,,,,,,,,,,,0,0,0,0,1,1,0,1,0,0,0,0,1,0,0,0,0,0,0,0,0,0,0,1,1,0,0,0,0,1,0,0,0,0,0,,1,0,0,0,0,1,0,1,0,1,0,0,0,1,0,1,,,,,,46-50,46-55,City street,U,Thursday,Unknown,PV,White,0,1,1,0,City Street,Municipal/City Police,Kent Police Department,0,0,0,1,0,,,,,,,,,,,,,,,,,,,,,,,,,,,,,,,,,,,,,,,,,,,,98032,Milton,Kent
491,497,497,2017,333,3752234,160.0,2017-08-17,20:28,17,8,0.0,33,King,1030,1,0.0,5,1,2,1,0,2,2,,,,12,0,2,0.0,1,0,1,4,2,4,6,0,0,0,0,MILITARY RD S,,-122.2917722,47.366038889,0,2,51,62,4,98,21,0,0,1,2,12,3,2,2,1,14,1,1,53,0,20,461,1990,0,0.0,12,,,,,,1,1,22,1,0.0,0.0,3,0,99,0,11,8,,,,,0.0,0.0,0.0,3.0,1,0,0.0,0.0,0.0,0,,,,,,0,,,,,,98003,53,70.0,150.0,6.0,1.0,0.0,0.0,0.0,1.0,0.0,0,,,,,,0,04/15/2016,04/15/2016,99,0,0,0,8.0,9,8,,,0,0.0,0.0,8,9,0.0,0.0,0.0,0.0,0.0,0.0,0.0,0,0,996.0,,,,,,,,,,,,,,,,,,,,,,,,,,,,,,0,0,0,0,1,1,0,1,0,0,0,0,1,0,0,0,0,0,0,0,0,0,0,1,1,0,0,0,0,1,0,0,0,0,0,,0,0,0,0,0,0,0,0,0,0,0,0,0,0,0,0,,,,,,21-25,16-25,City street,U,Thursday,Unknown,PV,Not Fatal,0,1,1,0,City Street,Municipal/City Police,Kent Police Department,0,0,0,1,0,,,,,,,,,,,,,,,,,,,,,,,,,,,,,,,,,,,,,,,,,,,,98032,Federal Way,Kent
492,498,498,2017,334,E711265,7.0,2017-08-29,15:08,29,8,0.0,33,King,1958,1,0.0,1,1,2,1,0,2,1,,,,1,0,0,0.1,5,1,1,3,2,1,3,0,0,0,0,SR-509 RAMP R502435B,,-122.3213139,47.437425,0,1,6,12,2,98,61,0,0,1,2,1,3,2,1,6,14,2,3,53,0,52,882,2012,0,0.0,64,1.0,,,,,1,1,22,1,0.0,0.0,1,0,3,0,11,4,,,,,0.0,0.0,0.0,8.0,1,91,0.0,0.0,0.0,0,,,,,,9,,,,,,98198,53,72.0,213.0,6.0,1.0,0.0,1.0,0.0,1.0,0.0,1,,,,,,4,01/15/2016,05/15/2017,20,0,0,0,8.0,9,8,,,0,0.0,0.0,8,1,2.0,605.0,0.0,0.0,1.0,0.0,0.0,2,1,0.12,,,,,,,,,,,,,,,,,,,,,,,,,,,,,,0,0,1,0,1,1,1,1,1,0,0,0,1,0,0,0,0,0,0,0,0,0,0,1,1,0,0,0,0,0,1,0,0,0,0,,0,0,0,0,0,1,1,1,0,1,0,0,0,0,0,1,,,,,,21-25,16-25,State route,U,Tuesday,,MHTRUCK,Not Fatal,0,1,0,0,State Route,State Patrol,Washington State Patrol Headquarter,1,1,0,0,0,thc,1.0,carboxy-thc,13.0,,,,,,,,,,,,,,,,,,,,,,,,,,,,,,,,,,,,,,,,98148,Seattle,Seattle
493,499,499,2017,335,E708617,3.0,2017-08-30,2:27,30,8,0.0,53,Pierce,0,1,0.0,3,1,2,1,0,2,2,2:27,2:34,,14,0,0,2.1,5,1,1,3,2,1,3,0,0,0,0,SR-512,SR-7,-122.4397139,47.158172222,0,1,6,12,2,60,3,0,0,1,2,14,1,1,1,6,1,1,1,53,0,30,42,2003,0,0.0,64,14.0,,,,,1,1,30,2,7.0,1.0,4,7,3,0,11,0,08/30/2017,2:27,223053038026.0,38026.0,0.0,0.0,0.0,3.0,1,0,0.0,0.0,0.0,96,,,,,,9,,,,,,98374,53,61.0,120.0,6.0,1.0,0.0,1.0,2.0,0.0,0.0,0,,,,,,0,01/15/2015,12/15/2016,1,0,0,0,0.0,1,8,,,0,0.0,0.0,8,1,2.0,1.0,0.0,0.0,1.0,0.0,0.0,2,1,0.2,,,,,,,,,,,,,,,,,,,,,,,,,,,,,,0,0,1,0,1,1,0,1,0,0,0,0,0,0,0,0,0,0,0,0,0,0,0,0,0,0,0,0,0,1,1,0,0,0,0,,1,0,0,0,0,1,0,1,0,0,0,0,0,1,0,1,,,,,,26-30,26-35,State route,U,Wednesday,Belt Used,PV,White,0,1,0,0,State Route,State Patrol,Washington State Patrol Headquarter,1,1,0,0,0,,,,,,,,,,,,,,,,,,,,,,,,,,,,,,,,,,,,,,,,,,,,98444,Puyallup,Tacoma