,index,Unnamed: 0,year,case,par,repjur,crash_dt,crash_tm,accday,accmon,holiday,county,co_char,city,weather,weather2,lightcond,surfcond,surftype,numfatal,nmforms,pforms,vforms,not_tm,arr_tm,hosp_tm,fhevent,hitrun,manncol,milepnt,reljunc,reljuncinter,intersectiontype,funcsystem,landuse,ownership,route,schlbus,spejur,contdev,devfunc,trafid1,trafid2,lon,lat,wk_zone,vnumber,crashtype,criticalevent,criticaleventcat,spdlim,body,trailer,emerg,hazcargo,leave,mhevent,roadalgn,roadprof,traflane,trafflow,vehmanvr,numoccs,regowner,regstate,spuse,make,model,modelyr,vrf1,vrf2,seqevent1,seqevent2,seqevent3,seqevent4,seqevent5,seqevent6,pnumber,ptype,age,sex,hispanic,race,injury,diedscene,restraint,restraintmisuse,seatpos,takehosp,death_dt,death_tm,cert,cernum_wa,commlic,licendor,licrestrict,liccomp,drivpres,drf1,drf2,drf3,drf4,distract1,distract2,distract3,distract4,distract5,distract6,dricond1,dricond2,dricond3,dricond4,dricond5,dricond6,dzip,licstate,drhgt_in,weight,noncdl,noncdltype,prevdwi,prevoth,prevacc,prevspd,prevsus,driviol1,driviol2,driviol3,driviol4,driviol5,driviol6,spdrel,first_dt,last_dt,airbag,ejection,ejectpath,extricat,injurwrk,methalc,methdrug,nmlocat,strikveh,prf1,prf2,prf3,druginv,alcinvol,drugsts,drugres1,drugres2,drugres3,drugtst1,drugtst2,drugtst3,alcsts,alctst,alcres,nmact1,nmact2,nmact3,nmact4,nmact5,nmact6,nmprior1,nmprior2,nmprior3,nmprior4,nmprior5,nmprior6,nmcond1,nmcond2,nmcond3,nmcond4,nmcond5,nmcond6,nmsafe_helmet,nmsafe_pads,nmsafe_oth,nmprev_ref,nmprev_lgt,nmprev_oth,crashlocation,nmcrashtype,crosswalk,schoolzone,sidewalk,train_inv,wildlife_inv,rotr_fars,intersect_fars,dd_inv,aid_inv,dpd_inv,id_inv,mj_inv,impnm_inv,ainm_inv,dpnm_inv,speed_inv,unlic_inv,unendmc_inv,drowsy_inv,drdist_inv,nmdist_inv,fty_inv,unrestfat_inv,dr1617_inv,dr1820_inv,dr1620_inv,dr2125_inv,dr1625_inv,dr65_inv,dr70_inv,dr75_inv,mc_inv,pv_inv,ht_inv,ped_inv,bike_inv,unrest_fat,mc_fat,unhelmet_mc,pv_fat,ht_fat,ped_fat,bike_fat,dr_alc7,dr_alc8,dr_drug,dr_imp,dr_dist,dr_spd,dr_fty,dr_unlic,dr_alc7only,dr_alc8only,dr_drugonly,dr_drink,nm_imp,nm_alc7,nm_alc8,nm_drug,nm_dist,agegrp1,agegrp2,roadclass,urbrur,dayweek,restuse,vehtype,race_me,intersect,lanedep,oppdir,wrongway,rep_typ,investag,repag_long,rotr,st_rd,cty_rd,city_rd,oth_rd,drug_thc,thc_res,drug_cthc,cthc_res,drug_cann,prevpersemin,prevperse,prevsusoth,drugtst4,drugtst5,drugtst6,drugtst7,drugtst8,drugres4,drugres5,drugres6,drugres7,drugres8,adspresent,adsengaged,adslevel,race1,race2,race3,race4,race5,helmet,helmetmisuse,nmdistract1,nmdistract2,nmdistract3,nmdistract4,nmdistract5,nmdistract6,lab,isedtcase,crf1,crf2,crf3,CoRoadName,CoMP,IntCoRoadName,IntCoMP,crashzip,dcity,crashcity
512,518,518,2017,343,E699408,40.0,2017-08-08,7:23,8,8,0.0,63,Spokane,0,1,0.0,1,1,1,1,0,2,2,7:33,7:49,7:58,12,0,6,0.5,2,0,4,3,2,1,2,0,0,21,3,US-395 LX16569S,CR-E FARWELL RD,-117.3704778,47.772855556,0,2,78,16,2,35,1,0,0,1,2,12,2,8,1,6,10,1,1,53,0,12,3,2000,0,0.0,12,,,,,,1,1,56,1,0.0,0.0,3,0,99,0,11,8,,,,,0.0,0.0,0.0,3.0,1,38,39.0,0.0,0.0,96,,,,,,99,,,,,,99207,53,71.0,185.0,6.0,1.0,0.0,0.0,0.0,0.0,0.0,97,,,,,,0,,,20,0,0,0,8.0,9,8,,,0,0.0,0.0,8,9,0.0,0.0,0.0,0.0,0.0,0.0,0.0,0,0,996.0,,,,,,,,,,,,,,,,,,,,,,,,,,,,,,0,0,0,1,0,0,1,1,1,0,0,0,1,1,1,0,0,0,1,0,0,0,0,1,1,0,0,0,1,1,0,0,0,0,0,,0,0,0,0,0,0,0,0,0,0,1,0,0,0,0,0,,,,,,56-60,56-65,US highway,U,Tuesday,Unknown,PV,Not Fatal,1,0,0,0,State Route,County Sheriff,Spokane County Sheriff's Office,0,1,0,0,0,,,,,,,,,,,,,,,,,,,,,,,,,,,,,,,,,,,,,,,,,,,,99021,Spokane,Mead
513,519,519,2017,344,E708509,3.0,2017-08-06,18:29,6,8,0.0,53,Pierce,0,1,0.0,1,1,2,1,0,5,2,18:26,18:46,19:20,12,0,2,14.8,1,0,1,3,2,1,3,0,0,0,0,SR-302,,-122.6523167,47.377191667,0,1,50,10,2,40,2,0,0,1,2,12,3,2,2,1,14,3,2,53,0,37,31,2003,0,0.0,68,12.0,,,,,1,1,19,2,0.0,0.0,2,0,3,0,11,8,,,,,0.0,0.0,0.0,3.0,1,28,91.0,0.0,0.0,96,,,,,,9,,,,,,98406,53,65.0,136.0,6.0,1.0,0.0,0.0,0.0,0.0,0.0,1,,,,,,0,,,1,0,0,0,8.0,9,8,,,0,0.0,0.0,8,1,2.0,402.0,605.0,0.0,1.0,1.0,0.0,2,1,0.12,,,,,,,,,,,,,,,,,,,,,,,,,,,,,,0,0,0,0,1,1,1,1,1,0,0,0,0,0,0,0,0,0,0,0,0,1,1,1,1,0,0,0,0,1,0,0,0,0,0,,0,0,0,0,0,1,1,1,0,0,0,0,0,0,0,1,,,,,,18-20,16-25,State route,U,Sunday,Belt Used,PV,Not Fatal,0,1,1,0,State Route,State Patrol,Washington State Patrol Headquarter,0,1,0,0,0,thc,8.8,carboxy-thc,48.0,,,,,,,,,,,,,,,,,,,,,,,,,,,,,,,,,,,,,,,,98329,Tacoma,Gig Harbor
514,520,520,2017,344,E708509,3.0,2017-08-06,18:29,6,8,0.0,53,Pierce,0,1,0.0,1,1,2,1,0,5,2,18:26,18:46,19:20,12,0,2,14.8,1,0,1,3,2,1,3,0,0,0,0,SR-302,,-122.6523167,47.377191667,0,2,51,62,4,40,14,0,0,1,5,12,2,2,2,1,14,2,1,53,0,20,401,2002,0,0.0,12,,,,,,1,1,23,2,0.0,0.0,2,0,3,0,11,8,,,,,0.0,0.0,0.0,3.0,1,0,0.0,0.0,0.0,0,,,,,,0,,,,,,98366,53,64.0,230.0,6.0,1.0,0.0,0.0,0.0,0.0,0.0,0,,,,,,0,,,1,0,0,0,8.0,9,8,,,0,0.0,0.0,8,0,0.0,0.0,0.0,0.0,0.0,0.0,0.0,0,0,996.0,,,,,,,,,,,,,,,,,,,,,,,,,,,,,,0,0,0,0,1,1,1,1,1,0,0,0,0,0,0,0,0,0,0,0,0,1,1,1,1,0,0,0,0,1,0,0,0,0,0,,0,0,0,0,0,0,0,0,0,0,0,0,0,0,0,0,,,,,,21-25,16-25,State route,U,Sunday,Belt Used,PV,Not Fatal,0,1,1,0,State Route,State Patrol,Washington State Patrol Headquarter,0,1,0,0,0,,,,,,,,,,,,,,,,,,,,,,,,,,,,,,,,,,,,,,,,,,,,98329,Port Orchard,Gig Harbor
515,522,522,2017,346,E710424,32.0,2017-08-14,18:30,14,8,0.0,47,Okanogan,0,1,0.0,1,1,2,1,0,1,1,,,,42,0,0,9.3,1,0,1,6,1,2,4,0,0,0,0,CR-TWISP-CARLTON RD,,-120.1094056,48.350091667,0,1,1,13,2,50,80,0,0,1,2,3,3,1,2,1,14,1,2,53,0,37,706,2003,0,0.0,63,42.0,1.0,3.0,,,1,1,42,1,7.0,1.0,4,7,19,0,11,0,08/14/2017,19:09,233053035853.0,35853.0,0.0,0.0,0.0,3.0,1,0,0.0,0.0,0.0,0,,,,,,99,,,,,,85207,4,70.0,150.0,6.0,1.0,0.0,0.0,0.0,0.0,0.0,0,,,,,,0,,,20,8,0,0,0.0,9,8,,,0,0.0,0.0,8,9,2.0,1.0,0.0,0.0,1.0,0.0,0.0,2,1,0.17,,,,,,,,,,,,,,,,,,,,,,,,,,,,,,0,0,1,0,1,1,0,1,0,0,0,0,0,0,0,0,0,0,0,0,0,0,0,0,0,0,0,0,1,0,0,0,0,0,1,0.0,0,0,0,0,0,1,0,1,0,0,0,0,0,1,0,1,,,,,,41-45,36-45,County road,R,Monday,,MC,White,0,1,0,0,County Road,County Sheriff,Okanogan County Sheriff's Office,1,0,1,0,0,,,,,,,,,,,,,,,,,,,,,,,,,,,,,,,,,,,,,,,,,,,,98856,Mesa,Twisp
516,523,523,2017,347,E702148,278.0,2017-08-16,15:38,16,8,0.0,63,Spokane,2110,1,0.0,1,0,0,1,2,1,1,15:41,16:01,16:25,8,0,0,0.0,8,0,1,96,6,96,8,0,0,20,3,N ATLANTIC LANE,,-117.4130944,47.727313889,0,1,13,80,5,0,6,0,0,1,2,8,0,0,0,0,3,1,2,53,0,6,54,2004,0,0.0,8,8.0,,,,,1,1,43,2,0.0,0.0,0,0,3,0,11,0,,,,,0.0,0.0,0.0,3.0,1,0,0.0,0.0,0.0,93,,,,,,0,,,,,,99026,53,71.0,160.0,6.0,1.0,0.0,0.0,0.0,0.0,0.0,97,,,,,,0,,,20,0,0,0,8.0,9,8,,,0,0.0,0.0,8,0,0.0,0.0,0.0,0.0,0.0,0.0,0.0,0,0,996.0,,,,,,,,,,,,,,,,,,,,,,,,,,,,,,0,0,0,0,0,0,0,0,0,0,0,0,0,0,0,0,1,0,0,0,0,0,0,0,0,0,0,0,0,1,0,1,0,0,0,,0,0,0,0,0,0,0,0,1,0,0,0,0,0,0,0,,,,,,41-45,36-45,Other,,Wednesday,Belt Used,PV,Not Fatal,1,0,0,0,City Street,Municipal/City Police,Spokane Police Department,0,0,0,1,0,,,,,,,,,,,,,,,,,,,,,,,,,,,,,,,,,,,,,,,,,,,,99208,Nine Mile Falls,Spokane
517,524,524,2017,348,E697573,180.0,2017-08-02,8:54,2,8,0.0,15,Cowlitz,1190,1,0.0,1,1,1,1,1,1,1,,,,15,0,0,0.8,3,0,3,4,2,1,3,0,0,2,3,SR-411,HUDSON ST,-122.9228056,46.134772222,0,1,13,83,5,35,4,0,0,1,5,15,1,1,3,1,11,1,2,53,0,49,32,1993,0,0.0,15,,,,,,1,1,18,1,0.0,0.0,0,0,3,0,11,0,,,,,0.0,0.0,0.0,3.0,1,38,0.0,0.0,0.0,1,,,,,,0,,,,,,98635,53,67.0,130.0,6.0,1.0,0.0,0.0,0.0,0.0,0.0,76,,,,,,0,,,20,0,0,0,8.0,9,8,,,0,0.0,0.0,8,0,0.0,0.0,0.0,0.0,0.0,0.0,0.0,0,0,996.0,,,,,,,,,,,,,,,,,,,,,,,,,,,,,,0,0,0,1,0,0,0,0,0,0,0,0,0,0,0,0,1,0,1,0,0,1,1,0,1,0,0,0,0,1,0,1,0,0,0,,0,0,0,0,0,0,0,0,1,0,1,0,0,0,0,0,,,,,,18-20,16-25,State route,U,Wednesday,Belt Used,PV,Not Fatal,1,0,0,0,State Route,Municipal/City Police,Longview Police Department,0,1,0,0,0,,,,,,,,,,,,,,,,,,,,,,,,,,,,,,,,,,,,,,,,,,,,98632,Lyle,Longview
518,525,525,2017,349,3633271,278.0,2017-08-07,10:00,7,8,0.0,63,Spokane,2110,1,0.0,1,1,1,1,1,3,3,,,,12,0,7,278.8,20,1,1,3,2,1,2,0,0,2,3,US-2,3RD AVE,-117.411225,47.653458333,0,1,46,3,1,35,14,0,0,1,2,8,1,4,2,6,15,1,1,53,0,12,402,2013,0,0.0,12,12.0,8.0,,,,1,1,62,1,0.0,0.0,0,0,99,0,11,0,,,,,0.0,0.0,0.0,2.0,1,38,39.0,0.0,0.0,96,,,,,,0,,,,,,99201,53,71.0,190.0,1.0,1.0,0.0,2.0,0.0,0.0,1.0,97,,,,,,0,05/15/2016,02/15/2017,20,0,0,0,8.0,9,2,,,0,0.0,0.0,0,0,0.0,0.0,0.0,0.0,0.0,0.0,0.0,0,0,996.0,,,,,,,,,,,,,,,,,,,,,,,,,,,,,,0,0,0,0,0,0,0,0,0,1,0,1,0,1,0,0,0,0,1,0,0,0,0,0,0,0,0,0,0,1,0,1,0,0,0,,0,0,0,0,0,0,0,0,0,0,1,1,0,0,0,0,,,,,,61-65,56-65,US highway,U,Monday,Unknown,PV,Not Fatal,1,0,0,0,State Route,Municipal/City Police,Spokane Police Department,0,1,0,0,0,,,,,,,,,,,,,,,,,,,,,,,,,,,,,,,,,,,,,,,,,,,,99202,Spokane,Spokane
519,526,526,2017,349,3633271,278.0,2017-08-07,10:00,7,8,0.0,63,Spokane,2110,1,0.0,1,1,1,1,1,3,3,,,,12,0,7,278.8,20,1,1,3,2,1,2,0,0,2,3,US-2,3RD AVE,-117.411225,47.653458333,0,2,45,61,4,35,5,0,0,1,5,12,1,4,2,6,5,1,1,16,0,55,35,2015,0,0.0,12,,,,,,1,1,33,2,0.0,0.0,1,0,99,0,11,8,,,,,0.0,0.0,0.0,2.0,1,0,0.0,0.0,0.0,0,,,,,,0,,,,,,99202,53,64.0,150.0,1.0,1.0,1.0,0.0,0.0,0.0,1.0,0,,,,,,0,07/15/2015,09/15/2015,20,0,0,0,8.0,9,8,,,0,0.0,0.0,8,0,0.0,0.0,0.0,0.0,0.0,0.0,0.0,0,0,996.0,,,,,,,,,,,,,,,,,,,,,,,,,,,,,,0,0,0,0,0,0,0,0,0,1,0,1,0,1,0,0,0,0,1,0,0,0,0,0,0,0,0,0,0,1,0,1,0,0,0,,0,0,0,0,0,0,0,0,0,0,0,1,0,0,0,0,,,,,,31-35,26-35,US highway,U,Monday,Unknown,PV,Not Fatal,1,0,0,0,State Route,Municipal/City Police,Spokane Police Department,0,1,0,0,0,,,,,,,,,,,,,,,,,,,,,,,,,,,,,,,,,,,,,,,,,,,,99202,Spokane,Spokane
520,527,527,2017,349,3633271,278.0,2017-08-07,10:00,7,8,0.0,63,Spokane,2110,1,0.0,1,1,1,1,1,3,3,,,,12,0,7,278.8,20,1,1,3,2,1,2,0,0,2,3,US-2,3RD AVE,-117.411225,47.653458333,0,3,98,60,4,35,14,0,0,1,5,12,1,4,2,6,5,1,1,53,0,12,402,2013,0,0.0,12,,,,,,1,1,37,2,0.0,0.0,1,0,3,0,11,8,,,,,0.0,0.0,0.0,3.0,1,0,0.0,0.0,0.0,0,,,,,,0,,,,,,99206,53,66.0,140.0,6.0,1.0,0.0,0.0,0.0,0.0,0.0,0,,,,,,0,,,20,0,0,0,8.0,9,8,,,0,0.0,0.0,8,0,0.0,0.0,0.0,0.0,0.0,0.0,0.0,0,0,996.0,,,,,,,,,,,,,,,,,,,,,,,,,,,,,,0,0,0,0,0,0,0,0,0,1,0,1,0,1,0,0,0,0,1,0,0,0,0,0,0,0,0,0,0,1,0,1,0,0,0,,0,0,0,0,0,0,0,0,0,0,0,0,0,0,0,0,,,,,,36-40,36-45,US highway,U,Monday,Belt Used,PV,Not Fatal,1,0,0,0,State Route,Municipal/City Police,Spokane Police Department,0,1,0,0,0,,,,,,,,,,,,,,,,,,,,,,,,,,,,,,,,,,,,,,,,,,,,99202,Spokane,Spokane
521,528,528,2017,350,3604498,40.0,2017-08-15,3:23,15,8,0.0,63,Spokane,0,1,0.0,2,1,2,1,0,1,1,3:31,3:34,,1,0,0,0.2,1,0,1,4,2,2,4,0,0,0,0,CR-29TH,,-117.3442361,47.626872222,0,1,98,6,1,35,80,0,0,1,8,1,3,2,2,1,14,1,1,53,0,76,705,2007,0,0.0,63,1.0,,,,,1,1,21,1,7.0,1.0,4,7,19,0,11,0,08/15/2017,3:23,211053035551.0,35551.0,0.0,0.0,1.0,3.0,1,0,0.0,0.0,0.0,96,,,,,,99,,,,,,99202,53,70.0,190.0,6.0,1.0,0.0,0.0,0.0,1.0,0.0,0,,,,,,4,02/15/2017,02/15/2017,20,8,0,0,0.0,9,8,,,0,0.0,0.0,8,9,2.0,1.0,0.0,0.0,1.0,0.0,0.0,2,1,0.19,,,,,,,,,,,,,,,,,,,,,,,,,,,,,,0,0,0,0,1,1,0,1,0,0,0,0,1,0,0,0,0,0,0,0,0,0,0,1,1,0,0,0,1,0,0,0,0,0,1,0.0,0,0,0,0,0,1,0,1,0,1,0,0,0,1,0,1,,,,,,21-25,16-25,County road,U,Tuesday,,MC,White,0,1,0,0,County Road,County Sheriff,Spokane County Sheriff's Office,1,0,1,0,0,,,,,,,,,,,,,,,,,,,,,,,,,,,,,,,,,,,,,,,,,,,,99223,Spokane,Spokane
522,529,529,2017,351,E702002,337.0,2017-08-16,9:59,16,8,0.0,73,Whatcom,110,10,0.0,1,1,2,1,0,1,1,,,,31,0,0,0.0,3,0,6,4,2,4,6,0,0,0,0,BOULEVARD ST,N FOREST ST,-122.4851056,48.743305556,0,1,6,8,1,25,29,0,0,1,2,42,2,1,2,1,10,1,2,53,0,12,461,1988,0,0.0,64,31.0,42.0,,,,1,1,94,1,7.0,1.0,4,0,99,0,11,4,09/02/2017,15:30,11053038978.0,38978.0,0.0,0.0,3.0,3.0,1,0,0.0,0.0,0.0,0,,,,,,1,,,,,,98225,53,66.0,145.0,6.0,1.0,0.0,0.0,0.0,0.0,0.0,0,,,,,,0,,,20,0,0,0,0.0,9,8,,,0,0.0,0.0,8,9,0.0,0.0,0.0,0.0,0.0,0.0,0.0,0,0,996.0,,,,,,,,,,,,,,,,,,,,,,,,,,,,,,0,0,1,1,0,0,0,0,0,0,0,0,0,0,0,0,0,0,0,0,0,0,0,0,0,1,1,1,0,1,0,0,0,0,0,,1,0,0,0,0,0,0,0,0,0,0,0,0,0,0,0,,,,,,81+,76+,City street,U,Wednesday,Unknown,PV,White,1,0,0,0,City Street,Municipal/City Police,Bellingham Police Department,0,0,0,1,0,,,,,,,,,,,,,,,,,,,,,,,,,,,,,,,,,,,,,,,,,,,,98225,Bellingham,Bellingham
523,530,530,2017,352,E707748,206.0,2017-09-01,23:33,1,9,6.0,61,Snohomish,1407,1,0.0,3,1,2,1,0,2,1,23:33,23:42,0:11,42,0,0,0.0,1,0,1,5,2,4,6,0,0,0,0,48TH AVE W,,-122.2976833,47.797858333,0,1,1,13,2,25,2,0,0,1,2,42,1,1,2,1,1,2,1,53,0,35,48,2010,0,0.0,63,42.0,2.0,,,,1,1,26,1,0.0,0.0,1,0,99,0,11,8,,,,,0.0,0.0,0.0,3.0,1,91,0.0,0.0,0.0,6,,,,,,9,,,,,,98026,53,73.0,220.0,6.0,1.0,0.0,3.0,1.0,5.0,2.0,1,,,,,,4,09/15/2012,09/15/2016,99,0,0,0,8.0,5,8,,,0,0.0,0.0,8,1,2.0,605.0,0.0,0.0,1.0,0.0,0.0,2,1,0.049,,,,,,,,,,,,,,,,,,,,,,,,,,,,,,0,0,1,0,1,0,1,1,1,0,0,0,1,0,0,0,1,0,0,0,0,0,0,0,0,0,0,0,0,1,0,0,0,0,0,,0,0,0,0,1,0,1,1,1,1,0,0,0,0,0,1,,,,,,26-30,26-35,City street,U,Friday,Unknown,PV,Not Fatal,0,1,0,0,City Street,Municipal/City Police,Mountlake Terrace Police Department,1,0,0,1,0,thc,4.7,carboxy-thc,34.0,,,,,,,,,,,,,,,,,,,,,,,,,,,,,,,,,,,,,,,,98043,Edmonds,Mountlake Terrace
524,531,531,2017,353,E708415,4.0,2017-09-02,0:06,2,9,6.0,1,Adams,0,1,0.0,2,1,2,1,0,1,1,0:13,0:27,,1,0,0,226.3,1,0,1,1,1,1,1,0,0,0,0,I-90,,-118.2966028,47.164911111,0,1,98,1,1,70,34,0,0,1,2,1,1,1,2,3,1,1,1,30,0,20,481,2001,0,0.0,61,64.0,69.0,1.0,,,1,1,57,1,7.0,1.0,4,7,3,0,11,0,09/02/2017,0:06,53068719.0,68719.0,0.0,0.0,0.0,3.0,1,80,0.0,0.0,0.0,96,,,,,,99,,,,,,59923,30,,999.0,6.0,1.0,0.0,0.0,98.0,0.0,0.0,0,,,,,,0,,,20,0,0,0,0.0,9,8,,,0,0.0,0.0,8,9,0.0,0.0,0.0,0.0,0.0,0.0,0.0,0,0,996.0,,,,,,,,,,,,,,,,,,,,,,,,,,,,,,0,0,0,0,0,0,0,0,0,0,0,0,0,0,0,0,0,0,0,0,0,0,0,0,0,0,0,0,0,0,0,0,0,0,0,,0,0,0,0,0,0,0,0,0,0,0,0,0,0,0,0,,,,,,56-60,56-65,Interstate,R,Saturday,Belt Used,PV,White,0,0,0,0,State Route,State Patrol,Washington State Patrol Headquarter,0,1,0,0,0,,,,,,,,,,,,,,,,,,,,,,,,,,,,,,,,,,,,,,,,,,,,99169,Libby,Ritzville
525,532,532,2017,354,E708471,122.0,2017-09-02,20:27,2,9,6.0,61,Snohomish,690,1,0.0,2,1,2,1,1,1,1,20:27,20:35,21:11,8,0,0,0.0,1,0,1,3,2,4,6,0,0,0,0,AIRPORT RD,,-122.2594667,47.890830556,0,1,13,80,5,45,3,0,0,1,5,8,1,1,2,1,1,1,2,53,0,37,31,1988,0,0.0,8,,,,,,1,1,32,1,0.0,0.0,0,0,3,0,11,0,,,,,0.0,0.0,0.0,3.0,1,0,0.0,0.0,0.0,0,,,,,,0,,,,,,98208,53,69.0,195.0,6.0,1.0,0.0,0.0,0.0,0.0,0.0,0,,,,,,0,,,20,0,0,0,8.0,9,8,,,0,0.0,0.0,8,0,0.0,0.0,0.0,0.0,0.0,0.0,0.0,0,0,996.0,,,,,,,,,,,,,,,,,,,,,,,,,,,,,,0,0,0,0,0,0,0,0,0,1,1,1,0,0,0,0,0,0,0,0,0,0,0,0,0,0,0,0,0,1,0,1,0,0,0,,0,0,0,0,0,0,0,0,0,0,0,0,0,0,0,0,,,,,,31-35,26-35,City street,U,Saturday,Belt Used,PV,Not Fatal,0,0,0,0,City Street,Municipal/City Police,Everett Police Department,0,0,0,1,0,,,,,,,,,,,,,,,,,,,,,,,,,,,,,,,,,,,,,,,,,,,,98204,Everett,Everett
526,533,533,2017,355,E708997,14.0,2017-09-06,16:50,6,9,0.0,11,Clark,0,1,0.0,1,1,2,1,0,1,1,16:50,17:00,17:17,39,0,0,1.2,3,0,2,4,2,2,4,0,0,0,0,CR-NE UNION RD,155TH ST,-122.6514222,45.732752778,0,1,2,13,2,40,3,0,0,1,5,39,1,1,2,1,1,1,2,53,0,12,13,1993,0,0.0,64,69.0,63.0,39.0,,,1,1,38,1,7.0,1.0,4,0,3,0,11,5,09/08/2017,17:17,237053038693.0,38693.0,0.0,0.0,0.0,3.0,1,0,0.0,0.0,0.0,96,,,,,,99,,,,,,98684,53,62.0,110.0,6.0,1.0,0.0,0.0,0.0,0.0,0.0,0,,,,,,0,,,20,0,0,0,0.0,9,8,,,0,0.0,0.0,8,9,2.0,401.0,417.0,605.0,1.0,1.0,1.0,2,1,0.0,,,,,,,,,,,,,,,,,,,,,,,,,,,,,,0,0,0,1,0,0,1,1,1,0,0,0,0,0,0,0,0,0,0,0,0,0,0,0,0,0,0,0,0,1,0,0,0,0,0,,1,0,0,0,0,0,1,1,0,0,0,0,0,0,1,0,,,,,,36-40,36-45,County road,U,Wednesday,Belt Used,PV,White,0,1,0,0,County Road,County Sheriff,Clark County Sheriff's Office,1,0,1,0,0,thc,4.8,carboxy-thc,12.0,,,,,,,,,,,,,,,,,,,,,,,,,,,,,,,,,,,,,,,,98686,Vancouver,Vancouver
527,534,534,2017,356,E709789,7.0,2017-09-08,16:15,8,9,0.0,33,King,100,10,0.0,1,1,2,1,0,2,1,15:34,16:25,,21,0,0,17.1,1,0,1,3,2,1,3,0,0,0,0,SR-167,,-122.2567556,47.295594444,0,1,2,13,2,60,4,0,0,1,2,21,4,4,3,3,14,2,1,53,0,30,40,2011,0,0.0,63,21.0,,,,,1,1,35,2,7.0,1.0,4,7,20,0,11,0,09/08/2017,16:15,10053039508.0,39508.0,0.0,0.0,3.0,2.0,1,0,0.0,0.0,0.0,0,,,,,,2,9.0,,,,,99202,53,74.0,145.0,1.0,1.0,0.0,2.0,1.0,3.0,4.0,0,,,,,,0,03/15/2014,06/15/2017,1,0,0,0,0.0,1,8,,,0,0.0,0.0,1,1,2.0,304.0,321.0,351.0,1.0,1.0,1.0,2,1,0.072,,,,,,,,,,,,,,,,,,,,,,,,,,,,,,0,0,0,0,1,0,1,1,0,0,0,0,0,1,0,1,0,0,0,1,0,0,0,0,0,0,0,0,0,1,0,0,0,1,0,,1,0,0,0,1,0,1,1,0,0,0,1,0,0,0,1,,,,,,31-35,26-35,State route,U,Friday,Not Used,PV,White,0,1,0,0,State Route,State Patrol,Washington State Patrol Headquarter,1,1,0,0,0,,,,,,,,,,,,,,,,,,,,,,,,,,,,,,,,,,,,,,,,,,,,98001,Spokane,Auburn
528,535,535,2017,357,E709917,248.0,2017-09-09,2:30,9,9,0.0,33,King,1830,1,0.0,3,1,1,1,0,1,1,,,,38,0,0,0.0,1,0,1,5,2,4,6,0,0,0,0,E VALLEY RD,,-122.2186028,47.442522222,0,1,1,13,2,35,1,0,0,1,5,1,3,1,2,1,14,1,1,53,0,69,31,2006,0,0.0,63,38.0,30.0,1.0,,,1,1,57,1,7.0,2.0,4,7,99,0,11,0,09/09/2017,2:53,183053039838.0,39838.0,0.0,0.0,0.0,3.0,1,0,0.0,0.0,0.0,96,,,,,,99,,,,,,98118,53,70.0,195.0,6.0,1.0,0.0,0.0,0.0,0.0,0.0,0,,,,,,3,,,8,1,9,0,0.0,9,8,,,0,0.0,0.0,8,9,2.0,605.0,0.0,0.0,1.0,0.0,0.0,2,1,0.12,,,,,,,,,,,,,,,,,,,,,,,,,,,,,,0,0,1,0,1,1,1,1,1,0,0,0,1,0,0,0,0,0,0,0,0,0,0,0,0,0,0,0,0,1,0,0,0,0,0,,1,0,0,0,0,1,1,1,0,1,0,0,0,0,0,1,,,,,,56-60,56-65,City street,U,Saturday,Unknown,PV,Black,0,1,0,0,City Street,Municipal/City Police,Renton Police Department,1,0,0,1,0,thc,5.9,carboxy-thc,8.1,,,,,,,,,,,,,,,,,,,,,,,,,,,,,,,,,,,,,,,,98057,Seattle,Renton
529,536,536,2017,358,E710024,3.0,2017-09-09,23:00,9,9,0.0,53,Pierce,0,2,0.0,2,2,2,1,1,1,1,,,,8,0,0,44.9,1,0,1,3,1,1,3,0,0,0,0,SR-7,,-122.4008389,47.056136111,0,1,13,80,5,50,4,0,0,1,5,8,1,1,5,5,1,1,1,53,0,20,2,2012,0,0.0,8,,,,,,1,1,57,2,0.0,0.0,0,0,3,0,11,0,,,,,0.0,0.0,0.0,3.0,1,0,0.0,0.0,0.0,1,,,,,,0,,,,,,98371,53,67.0,125.0,6.0,1.0,0.0,1.0,0.0,0.0,0.0,0,,,,,,0,06/15/2013,06/15/2013,20,0,0,0,8.0,9,8,,,0,0.0,0.0,8,0,0.0,0.0,0.0,0.0,0.0,0.0,0.0,0,0,996.0,,,,,,,,,,,,,,,,,,,,,,,,,,,,,,0,0,0,0,0,0,0,0,0,1,0,1,0,0,0,0,1,0,0,0,0,0,0,0,0,0,0,0,0,1,0,1,0,0,0,,0,0,0,0,0,0,0,0,1,0,0,0,0,0,0,0,,,,,,56-60,56-65,State route,R,Saturday,Belt Used,PV,Not Fatal,0,0,0,0,State Route,State Patrol,Washington State Patrol Headquarter,0,1,0,0,0,,,,,,,,,,,,,,,,,,,,,,,,,,,,,,,,,,,,,,,,,,,,98387,Puyallup,Spanaway