,index,Unnamed: 0,year,case,par,repjur,crash_dt,crash_tm,accday,accmon,holiday,county,co_char,city,weather,weather2,lightcond,surfcond,surftype,numfatal,nmforms,pforms,vforms,not_tm,arr_tm,hosp_tm,fhevent,hitrun,manncol,milepnt,reljunc,reljuncinter,intersectiontype,funcsystem,landuse,ownership,route,schlbus,spejur,contdev,devfunc,trafid1,trafid2,lon,lat,wk_zone,vnumber,crashtype,criticalevent,criticaleventcat,spdlim,body,trailer,emerg,hazcargo,leave,mhevent,roadalgn,roadprof,traflane,trafflow,vehmanvr,numoccs,regowner,regstate,spuse,make,model,modelyr,vrf1,vrf2,seqevent1,seqevent2,seqevent3,seqevent4,seqevent5,seqevent6,pnumber,ptype,age,sex,hispanic,race,injury,diedscene,restraint,restraintmisuse,seatpos,takehosp,death_dt,death_tm,cert,cernum_wa,commlic,licendor,licrestrict,liccomp,drivpres,drf1,drf2,drf3,drf4,distract1,distract2,distract3,distract4,distract5,distract6,dricond1,dricond2,dricond3,dricond4,dricond5,dricond6,dzip,licstate,drhgt_in,weight,noncdl,noncdltype,prevdwi,prevoth,prevacc,prevspd,prevsus,driviol1,driviol2,driviol3,driviol4,driviol5,driviol6,spdrel,first_dt,last_dt,airbag,ejection,ejectpath,extricat,injurwrk,methalc,methdrug,nmlocat,strikveh,prf1,prf2,prf3,druginv,alcinvol,drugsts,drugres1,drugres2,drugres3,drugtst1,drugtst2,drugtst3,alcsts,alctst,alcres,nmact1,nmact2,nmact3,nmact4,nmact5,nmact6,nmprior1,nmprior2,nmprior3,nmprior4,nmprior5,nmprior6,nmcond1,nmcond2,nmcond3,nmcond4,nmcond5,nmcond6,nmsafe_helmet,nmsafe_pads,nmsafe_oth,nmprev_ref,nmprev_lgt,nmprev_oth,crashlocation,nmcrashtype,crosswalk,schoolzone,sidewalk,train_inv,wildlife_inv,rotr_fars,intersect_fars,dd_inv,aid_inv,dpd_inv,id_inv,mj_inv,impnm_inv,ainm_inv,dpnm_inv,speed_inv,unlic_inv,unendmc_inv,drowsy_inv,drdist_inv,nmdist_inv,fty_inv,unrestfat_inv,dr1617_inv,dr1820_inv,dr1620_inv,dr2125_inv,dr1625_inv,dr65_inv,dr70_inv,dr75_inv,mc_inv,pv_inv,ht_inv,ped_inv,bike_inv,unrest_fat,mc_fat,unhelmet_mc,pv_fat,ht_fat,ped_fat,bike_fat,dr_alc7,dr_alc8,dr_drug,dr_imp,dr_dist,dr_spd,dr_fty,dr_unlic,dr_alc7only,dr_alc8only,dr_drugonly,dr_drink,nm_imp,nm_alc7,nm_alc8,nm_drug,nm_dist,agegrp1,agegrp2,roadclass,urbrur,dayweek,restuse,vehtype,race_me,intersect,lanedep,oppdir,wrongway,rep_typ,investag,repag_long,rotr,st_rd,cty_rd,city_rd,oth_rd,drug_thc,thc_res,drug_cthc,cthc_res,drug_cann,prevpersemin,prevperse,prevsusoth,drugtst4,drugtst5,drugtst6,drugtst7,drugtst8,drugres4,drugres5,drugres6,drugres7,drugres8,adspresent,adsengaged,adslevel,race1,race2,race3,race4,race5,helmet,helmetmisuse,nmdistract1,nmdistract2,nmdistract3,nmdistract4,nmdistract5,nmdistract6,lab,isedtcase,crf1,crf2,crf3,CoRoadName,CoMP,IntCoRoadName,IntCoMP,crashzip,dcity,crashcity
567,576,576,2017,385,E716150,4.0,2017-09-23,22:29,23,9,0.0,75,Whitman,0,10,0.0,2,1,2,2,0,3,2,22:34,22:53,23:33,12,0,2,61.4,1,0,1,3,1,1,2,0,0,0,0,US-395,,-117.3560972,47.217375,0,2,51,62,4,60,15,0,0,1,2,12,1,2,2,1,1,2,1,53,0,20,421,2011,0,0.0,12,,,,,,1,1,37,2,0.0,0.0,3,0,3,0,11,4,,,,,0.0,0.0,3.0,3.0,1,28,0.0,0.0,0.0,96,,,,,,0,,,,,,99130,53,65.0,170.0,6.0,1.0,1.0,0.0,0.0,0.0,1.0,0,,,,,,0,01/15/2014,06/15/2014,8,0,0,0,8.0,9,8,,,0,0.0,0.0,8,0,2.0,401.0,0.0,0.0,1.0,0.0,0.0,2,1,0.0,,,,,,,,,,,,,,,,,,,,,,,,,,,,,,0,0,0,0,1,1,1,1,0,0,0,0,0,0,0,0,0,0,0,0,0,0,0,0,0,0,0,0,0,1,0,0,0,0,0,,0,0,0,0,0,0,1,1,0,0,0,0,0,0,1,0,,,,,,36-40,36-45,US highway,R,Saturday,Belt Used,PV,Not Fatal,0,1,1,0,State Route,State Patrol,Washington State Patrol Headquarter,0,1,0,0,0,,,,,,,,,,,,,,,,,,,,,,,,,,,,,,,,,,,,,,,,,,,,99170,Garfield,Rosalia
568,577,577,2017,386,E718363,6.0,2017-09-25,21:37,25,9,0.0,25,Grant,0,1,0.0,2,1,2,1,0,2,2,21:32,21:41,,12,0,2,10.9,1,0,1,4,1,1,3,0,0,0,0,SR-243,,-119.9166417,46.712511111,0,1,50,10,2,98,4,0,0,1,2,12,2,1,2,1,14,1,4,53,0,49,40,1999,0,0.0,68,12.0,63.0,1.0,64.0,,1,1,31,1,1.0,1.0,4,7,99,0,11,0,09/25/2017,21:37,53041670.0,41670.0,0.0,0.0,0.0,3.0,1,28,0.0,0.0,0.0,96,,,,,,9,,,,,,99321,53,66.0,162.0,6.0,1.0,0.0,0.0,0.0,2.0,0.0,0,,,,,,0,10/15/2014,06/15/2015,8,0,0,0,0.0,1,8,,,0,0.0,0.0,8,1,2.0,1.0,0.0,0.0,1.0,0.0,0.0,2,1,0.24,,,,,,,,,,,,,,,,,,,,,,,,,,,,,,0,0,0,0,1,1,0,1,0,0,0,0,0,0,0,0,0,0,0,0,0,0,0,0,0,0,0,0,0,1,1,0,0,0,0,,1,0,0,0,0,1,0,1,0,0,0,0,0,1,0,1,,,,,,31-35,26-35,State route,R,Monday,Unknown,PV,Hispanic,0,1,1,0,State Route,State Patrol,Washington State Patrol Headquarter,0,1,0,0,0,,,,,,,,,,,,,,,,,,,,,,,,,,,,,,,,,,,,,,,,,,,,99349,Beverly,Mattawa
569,578,578,2017,386,E718363,6.0,2017-09-25,21:37,25,9,0.0,25,Grant,0,1,0.0,2,1,2,1,0,2,2,21:32,21:41,,12,0,2,10.9,1,0,1,4,1,1,3,0,0,0,0,SR-243,,-119.9166417,46.712511111,0,2,51,62,4,55,66,1,0,1,2,2,3,1,2,1,14,1,1,53,0,84,884,1997,0,0.0,12,68.0,2.0,,,,1,1,48,1,0.0,0.0,0,0,3,0,11,0,,,,,6.0,3.0,0.0,3.0,1,0,0.0,0.0,0.0,0,,,,,,0,,,,,,98944,53,68.0,250.0,6.0,1.0,0.0,3.0,1.0,0.0,0.0,0,,,,,,0,06/15/2013,09/15/2017,99,0,0,0,8.0,9,8,,,0,0.0,0.0,8,0,0.0,0.0,0.0,0.0,0.0,0.0,0.0,0,0,996.0,,,,,,,,,,,,,,,,,,,,,,,,,,,,,,0,0,0,0,1,1,0,1,0,0,0,0,0,0,0,0,0,0,0,0,0,0,0,0,0,0,0,0,0,1,1,0,0,0,0,,0,0,0,0,0,0,0,0,0,0,0,0,0,0,0,0,,,,,,46-50,46-55,State route,R,Monday,,MHTRUCK,Not Fatal,0,1,1,0,State Route,State Patrol,Washington State Patrol Headquarter,0,1,0,0,0,,,,,,,,,,,,,,,,,,,,,,,,,,,,,,,,,,,,,,,,,,,,99349,Sunnyside,Mattawa
570,579,579,2017,387,E713668,2.0,2017-09-19,18:28,19,9,0.0,61,Snohomish,1280,2,0.0,1,2,2,1,0,1,1,,,,38,0,0,0.1,5,1,1,1,2,1,1,0,0,0,0,I-5 RAMP Q119958,,-122.1838028,48.052852778,0,1,2,13,2,60,34,0,0,1,2,42,3,2,1,6,14,1,1,53,0,12,481,2004,0,0.0,63,38.0,42.0,,,,1,1,50,2,7.0,1.0,4,0,3,0,11,4,09/23/2017,13:35,69053041527.0,41527.0,0.0,0.0,3.0,3.0,1,0,0.0,0.0,0.0,96,,,,,,9,,,,,,98223,53,66.0,160.0,6.0,1.0,0.0,0.0,0.0,0.0,0.0,0,,,,,,0,,,8,0,0,0,0.0,1,8,,,0,0.0,0.0,8,1,2.0,1.0,0.0,0.0,1.0,0.0,0.0,2,1,0.16,,,,,,,,,,,,,,,,,,,,,,,,,,,,,,0,0,0,0,1,1,0,1,0,0,0,0,0,0,0,0,0,0,0,0,0,0,0,0,0,0,0,0,0,0,0,0,0,0,0,,0,0,0,0,0,1,0,1,0,0,0,0,0,1,0,1,,,,,,46-50,46-55,Interstate,U,Tuesday,Belt Used,PV,White,0,1,0,0,State Route,State Patrol,Washington State Patrol Headquarter,1,1,0,0,0,,,,,,,,,,,,,,,,,,,,,,,,,,,,,,,,,,,,,,,,,,,,98270,Arlington,Marysville
571,580,580,2017,388,E716666,1.0,2017-09-26,5:30,26,9,0.0,37,Kittitas,0,1,0.0,2,1,2,1,0,1,2,,,,12,0,6,121.7,1,0,1,1,1,1,1,0,0,0,0,I-90,,-120.0852389,46.942927778,0,2,98,90,6,70,14,0,0,1,2,12,2,2,2,2,14,1,2,53,0,41,402,2004,0,0.0,12,65.0,64.0,38.0,,,1,1,20,2,7.0,1.0,4,7,3,0,11,0,09/26/2017,7:12,53042207.0,42207.0,0.0,0.0,0.0,3.0,1,0,0.0,0.0,0.0,0,,,,,,0,,,,,,98208,53,73.0,195.0,6.0,1.0,0.0,0.0,1.0,1.0,0.0,0,,,,,,0,10/15/2014,03/15/2017,20,0,0,0,0.0,9,8,,,0,0.0,0.0,8,1,2.0,1.0,0.0,0.0,1.0,0.0,0.0,2,1,0.0,,,,,,,,,,,,,,,,,,,,,,,,,,,,,,0,0,0,0,1,0,0,0,0,0,0,0,0,0,0,0,0,0,0,0,0,1,1,0,1,0,0,0,0,1,0,0,0,0,0,,1,0,0,0,0,0,0,0,0,0,0,0,0,0,0,1,,,,,,18-20,16-25,Interstate,R,Tuesday,Belt Used,PV,White,0,1,0,0,State Route,State Patrol,Washington State Patrol Headquarter,1,1,0,0,0,,,,,,,,,,,,,,,,,,,,,,,,,,,,,,,,,,,,,,,,,,,,98926,Everett,Ellensburg
572,581,581,2017,389,E710103,146.0,2017-09-10,20:09,10,9,0.0,77,Yakima,0,1,0.0,2,1,2,1,0,2,2,19:38,19:51,21:23,12,0,6,4.3,8,0,1,5,1,2,4,0,3,0,0,CR-W WAPATO RD,,-120.5200528,46.448366667,0,1,98,10,2,55,80,0,0,1,2,12,1,1,2,1,6,1,1,53,0,76,705,1984,0,0.0,12,,,,,,1,1,51,1,7.0,1.0,4,0,19,0,11,1,09/18/2017,20:06,196053040951.0,40951.0,0.0,0.0,0.0,2.0,1,33,0.0,0.0,0.0,96,,,,,,99,,,,,,98942,53,68.0,200.0,6.0,1.0,0.0,1.0,1.0,0.0,0.0,0,,,,,,0,05/15/2017,05/15/2017,20,8,0,0,0.0,9,8,,,0,0.0,0.0,8,9,0.0,0.0,0.0,0.0,0.0,0.0,0.0,0,0,996.0,,,,,,,,,,,,,,,,,,,,,,,,,,,,,,0,0,0,0,0,0,0,0,0,0,0,0,0,0,1,0,0,0,0,0,0,0,0,0,0,0,0,0,1,0,0,0,0,0,1,0.0,0,0,0,0,0,0,0,0,0,0,0,0,0,0,0,0,,,,,,51-55,46-55,County road,R,Sunday,,MC,White,0,0,0,0,County Road,County Sheriff,Yakima County Sheriff's Office,0,0,1,0,0,,,,,,,,,,,,,,,,,,,,,,,,,,,,,,,,,,,,,,,,,,,,98951,Selah,Wapato
573,582,582,2017,389,E710103,146.0,2017-09-10,20:09,10,9,0.0,77,Yakima,0,1,0.0,2,1,2,1,0,2,2,19:38,19:51,21:23,12,0,6,4.3,8,0,1,5,1,2,4,0,3,0,0,CR-W WAPATO RD,,-120.5200528,46.448366667,0,2,98,53,3,55,34,0,0,1,5,12,1,1,2,1,11,1,3,53,0,20,481,2007,0,0.0,12,,,,,,1,1,51,2,0.0,0.0,0,0,3,0,11,0,,,,,0.0,0.0,0.0,3.0,1,0,0.0,0.0,0.0,0,,,,,,0,,,,,,98901,53,59.0,155.0,6.0,1.0,0.0,0.0,0.0,0.0,0.0,0,,,,,,0,,,20,0,0,0,8.0,9,8,,,0,0.0,0.0,8,0,0.0,0.0,0.0,0.0,0.0,0.0,0.0,0,0,996.0,,,,,,,,,,,,,,,,,,,,,,,,,,,,,,0,0,0,0,0,0,0,0,0,0,0,0,0,0,1,0,0,0,0,0,0,0,0,0,0,0,0,0,1,0,0,0,0,0,0,,0,0,0,0,0,0,0,0,0,0,0,0,0,0,0,0,,,,,,51-55,46-55,County road,R,Sunday,Belt Used,PV,Not Fatal,0,0,0,0,County Road,County Sheriff,Yakima County Sheriff's Office,0,0,1,0,0,,,,,,,,,,,,,,,,,,,,,,,,,,,,,,,,,,,,,,,,,,,,98951,Yakima,Wapato
574,583,583,2017,390,E688002,44.0,2017-06-30,2:44,30,6,0.0,71,Walla Walla,0,1,0.0,2,1,2,1,0,1,1,1:47,2:02,2:32,35,0,0,8.7,1,0,1,5,1,2,4,0,0,0,0,CR-LOWER WAITSBURG RD,,-118.320075,46.146161111,0,1,1,13,2,50,4,0,0,1,5,1,4,1,2,1,14,1,1,53,0,12,16,2008,0,0.0,63,35.0,67.0,1.0,,,1,1,30,1,1.0,98.0,4,0,99,0,11,5,07/05/2017,16:20,239053030588.0,30588.0,0.0,0.0,0.0,3.0,1,0,0.0,0.0,0.0,96,,,,,,9,,,,,,99362,53,66.0,155.0,6.0,1.0,0.0,0.0,1.0,3.0,3.0,0,,,,,,3,07/15/2013,11/15/2016,20,1,9,0,0.0,9,8,,,0,0.0,0.0,8,1,2.0,605.0,695.0,0.0,1.0,1.0,0.0,2,1,0.17,,,,,,,,,,,,,,,,,,,,,,,,,,,,,,0,0,1,0,1,1,1,1,1,0,0,0,1,0,0,0,0,0,0,0,0,0,0,0,0,0,0,0,0,1,0,0,0,0,0,,1,0,0,0,0,1,1,1,0,1,0,0,0,0,0,1,,,,,,26-30,26-35,County road,R,Friday,Unknown,PV,Hispanic,0,1,0,0,County Road,County Sheriff,Walla Walla County Sheriff's Office,1,0,1,0,0,thc,1.1,carboxy-thc,11.0,,,,,,,,,,,,,,,,,,,,,,,,,,,,,,,,,,,,,,,,99362,Walla Walla,Walla Walla
575,584,584,2017,391,E716276,127.0,2017-09-26,20:14,26,9,0.0,33,King,735,1,0.0,2,1,2,1,0,2,2,,,,12,0,1,3.0,1,0,1,3,2,1,3,0,0,0,0,SR-99,,-122.3313167,47.270297222,0,1,24,51,3,50,80,0,0,1,2,12,1,2,4,1,1,1,1,53,0,73,706,1998,0,0.0,12,,,,,,1,1,46,1,7.0,1.0,4,7,19,0,11,0,09/26/2017,20:14,73553042233.0,42233.0,0.0,0.0,0.0,2.0,1,0,0.0,0.0,0.0,96,,,,,,99,,,,,,98499,53,69.0,185.0,6.0,1.0,0.0,0.0,0.0,0.0,0.0,0,,,,,,4,,,20,8,0,0,0.0,9,8,,,0,0.0,0.0,8,9,2.0,401.0,417.0,605.0,1.0,1.0,1.0,2,1,0.0,,,,,,,,,,,,,,,,,,,,,,,,,,,,,,0,0,0,0,0,0,1,1,1,0,0,0,1,0,1,0,0,0,0,0,0,0,0,0,0,0,0,0,1,0,1,0,0,0,1,0.0,0,0,0,0,0,0,1,1,0,1,0,0,0,0,1,0,,,,,,46-50,46-55,State route,U,Tuesday,,MC,White,0,0,0,0,State Route,Municipal/City Police,Federal Way Dept of Public Safety,0,1,0,0,0,thc,888.0,carboxy-thc,888.0,,,,,,,,,,,,,,,,,,,,,,,,,,,,,,,,,,,,,,,,98003,Lakewood,Federal Way
576,585,585,2017,391,E716276,127.0,2017-09-26,20:14,26,9,0.0,33,King,735,1,0.0,2,1,2,1,0,2,2,,,,12,0,1,3.0,1,0,1,3,2,1,3,0,0,0,0,SR-99,,-122.3313167,47.270297222,0,2,25,53,3,50,61,0,0,1,5,12,1,2,4,1,1,1,3,53,0,12,881,1999,0,0.0,12,,,,,,1,1,40,1,0.0,0.0,0,0,3,0,11,0,,,,,0.0,0.0,0.0,3.0,1,0,0.0,0.0,0.0,0,,,,,,0,,,,,,98310,53,69.0,195.0,6.0,1.0,0.0,1.0,0.0,1.0,2.0,0,,,,,,0,10/15/2013,08/15/2016,20,0,0,0,8.0,9,8,,,0,0.0,0.0,8,0,0.0,0.0,0.0,0.0,0.0,0.0,0.0,0,0,996.0,,,,,,,,,,,,,,,,,,,,,,,,,,,,,,0,0,0,0,0,0,1,1,1,0,0,0,1,0,1,0,0,0,0,0,0,0,0,0,0,0,0,0,1,0,1,0,0,0,0,,0,0,0,0,0,0,0,0,0,0,0,0,0,0,0,0,,,,,,36-40,36-45,State route,U,Tuesday,,MHTRUCK,Not Fatal,0,0,0,0,State Route,Municipal/City Police,Federal Way Dept of Public Safety,0,1,0,0,0,,,,,,,,,,,,,,,,,,,,,,,,,,,,,,,,,,,,,,,,,,,,98003,Bremerton,Federal Way
577,586,586,2017,392,E716663,2.0,2017-09-27,15:40,27,9,0.0,73,Whatcom,0,1,0.0,1,1,1,1,0,1,1,,,,24,0,0,248.9,1,0,1,1,1,1,1,0,0,0,0,I-5,,-122.4508,48.693919444,0,1,6,12,2,60,80,0,0,1,2,24,2,1,2,3,14,1,2,53,0,37,706,1998,0,0.0,64,24.0,,,,,1,1,36,1,7.0,1.0,4,7,5,0,11,0,09/27/2017,15:40,11053042789.0,42789.0,0.0,0.0,3.0,2.0,1,0,0.0,0.0,0.0,96,,,,,,99,,,,,,98264,53,71.0,165.0,1.0,1.0,0.0,0.0,0.0,0.0,3.0,0,,,,,,4,09/15/2014,05/15/2017,20,8,0,0,0.0,9,8,,,0,0.0,0.0,8,9,2.0,605.0,0.0,0.0,1.0,0.0,0.0,2,1,0.0,,,,,,,,,,,,,,,,,,,,,,,,,,,,,,0,0,1,0,0,0,1,1,1,0,0,0,1,1,1,0,0,0,0,0,0,0,0,0,0,0,0,0,1,0,0,0,0,0,1,0.0,0,0,0,0,0,0,1,1,0,1,0,1,0,0,1,0,,,,,,36-40,36-45,Interstate,R,Wednesday,,MC,White,0,1,0,0,State Route,State Patrol,Washington State Patrol Headquarter,1,1,0,0,0,thc,9.0,carboxy-thc,37.0,,,,,,,,,,,,,,,,,,,,,,,,,,,,,,,,,,,,,,,,98229,Lynden,Bellingham
578,587,587,2017,393,E716733,305.0,2017-09-20,18:41,20,9,0.0,11,Clark,2370,2,0.0,1,2,1,1,0,2,1,,,,42,0,0,0.0,3,0,3,3,2,4,6,0,0,0,0,SE 164TH AVE,SE 4TH ST,-122.5042833,45.619313889,0,1,2,6,1,40,2,0,0,1,2,42,1,1,8,3,6,2,2,53,0,34,34,2006,0,0.0,63,42.0,,,,,1,1,17,1,7.0,1.0,4,7,3,0,11,0,09/20/2017,18:41,237053041131.0,41131.0,0.0,0.0,3.0,3.0,1,0,0.0,0.0,0.0,96,,,,,,99,,,,,,98662,53,74.0,210.0,6.0,2.0,0.0,0.0,0.0,2.0,0.0,0,,,,,,3,04/15/2017,08/15/2017,1,0,0,0,0.0,9,8,,,0,0.0,0.0,8,9,2.0,1.0,0.0,0.0,1.0,0.0,0.0,2,1,0.0,,,,,,,,,,,,,,,,,,,,,,,,,,,,,,0,0,0,1,0,0,0,0,0,0,0,0,1,0,0,0,0,0,0,0,1,0,1,0,1,0,0,0,0,1,0,0,0,0,0,,1,0,0,0,0,0,0,0,0,1,0,0,0,0,0,0,,,,,,16-17,16-25,City street,U,Wednesday,Belt Used,PV,White,0,1,0,0,City Street,Municipal/City Police,Vancouver Police Department,1,0,0,1,0,,,,,,,,,,,,,,,,,,,,,,,,,,,,,,,,,,,,,,,,,,,,98684,Vancouver,Vancouver
579,588,588,2017,394,E721335,14.0,2017-09-27,0:15,27,9,0.0,11,Clark,0,1,0.0,2,1,2,1,1,1,1,0:14,0:15,,9,0,0,0.3,2,0,3,4,2,2,4,0,0,0,0,CR-NE 67TH ST,NE 122ND AVE,-122.5474111,45.677661111,0,1,13,83,5,40,4,0,0,1,5,9,1,1,2,1,1,1,2,53,0,49,40,2012,0,0.0,9,,,,,,1,1,24,2,0.0,0.0,0,0,3,0,11,0,,,,,0.0,0.0,0.0,3.0,1,0,0.0,0.0,0.0,6,,,,,,99,,,,,,98682,53,62.0,130.0,6.0,1.0,0.0,0.0,0.0,2.0,0.0,97,,,,,,0,10/15/2013,07/15/2014,20,0,0,0,8.0,9,8,,,0,0.0,0.0,8,9,2.0,1.0,0.0,0.0,1.0,0.0,0.0,2,1,0.0,,,,,,,,,,,,,,,,,,,,,,,,,,,,,,0,0,0,1,0,0,0,0,0,1,1,1,0,0,0,0,1,0,0,0,0,0,0,1,1,0,0,0,0,1,0,0,1,0,0,,0,0,0,0,0,0,0,0,1,0,0,0,0,0,0,0,,,,,,21-25,16-25,County road,U,Wednesday,Belt Used,PV,Not Fatal,1,0,0,0,County Road,County Sheriff,Clark County Sheriff's Office,0,0,1,0,0,,,,,,,,,,,,,,,,,,,,,,,,,,,,,,,,,,,,,,,,,,,,98682,Vancouver,Vancouver
580,589,589,2017,395,E719219,8.0,2017-09-27,10:13,27,9,0.0,35,Kitsap,0,1,0.0,1,1,2,1,0,2,2,,,,12,0,2,56.6,1,0,1,3,1,1,3,0,0,0,0,SR-3,,-122.6457667,47.81325,0,1,50,10,2,55,2,0,0,1,2,12,1,2,2,1,6,1,1,53,0,37,32,2008,0,0.0,68,12.0,,,,,1,1,58,1,0.0,0.0,1,0,3,0,11,4,,,,,0.0,0.0,0.0,3.0,1,28,33.0,0.0,0.0,96,,,,,,9,,,,,,98383,53,70.0,160.0,6.0,1.0,0.0,0.0,0.0,1.0,0.0,1,,,,,,0,01/15/2013,01/15/2013,8,0,0,0,8.0,9,2,,,0,0.0,0.0,1,9,2.0,300.0,605.0,996.0,1.0,1.0,1.0,2,1,0.0,,,,,,,,,,,,,,,,,,,,,,,,,,,,,,0,0,0,0,0,0,1,1,1,0,0,0,0,0,0,0,0,0,0,0,0,0,0,0,0,1,1,1,1,1,0,0,0,0,0,,0,0,0,0,0,0,1,1,0,0,0,0,0,0,1,0,,,,,,56-60,56-65,State route,R,Wednesday,Belt Used,PV,Not Fatal,0,1,1,0,State Route,State Patrol,Washington State Patrol Headquarter,0,1,0,0,0,thc,3.3,carboxy-thc,18.0,,,,,,,,,,,,,,,,,,,,,,,,,,,,,,,,,,,,,,,,98370,Silverdale,Poulsbo
581,590,590,2017,395,E719219,8.0,2017-09-27,10:13,27,9,0.0,35,Kitsap,0,1,0.0,1,1,2,1,0,2,2,,,,12,0,2,56.6,1,0,1,3,1,1,3,0,0,0,0,SR-3,,-122.6457667,47.81325,0,2,51,62,4,55,80,0,0,1,2,12,1,2,2,1,1,1,1,53,0,34,706,2003,0,0.0,12,,,,,,1,1,76,1,7.0,1.0,4,7,5,0,11,0,09/27/2017,10:13,173053042252.0,42252.0,0.0,0.0,0.0,3.0,1,0,0.0,0.0,0.0,0,,,,,,0,,,,,,98597,53,70.0,230.0,6.0,1.0,0.0,0.0,0.0,0.0,0.0,0,,,,,,0,,,20,8,0,0,0.0,9,8,,,0,0.0,0.0,8,9,2.0,1.0,0.0,0.0,1.0,0.0,0.0,2,1,0.0,,,,,,,,,,,,,,,,,,,,,,,,,,,,,,0,0,0,0,0,0,1,1,1,0,0,0,0,0,0,0,0,0,0,0,0,0,0,0,0,1,1,1,1,1,0,0,0,0,1,0.0,0,0,0,0,0,0,0,0,0,0,0,0,0,0,0,0,,,,,,76-80,76+,State route,R,Wednesday,,MC,White,0,1,1,0,State Route,State Patrol,Washington State Patrol Headquarter,0,1,0,0,0,,,,,,,,,,,,,,,,,,,,,,,,,,,,,,,,,,,,,,,,,,,,98370,Yelm,Poulsbo
582,591,591,2017,396,E717843,35.0,2017-09-30,5:12,30,9,0.0,53,Pierce,0,10,0.0,2,2,1,1,0,2,1,5:13,5:38,,1,0,0,0.1,1,0,1,5,1,2,4,0,0,0,0,CR-FAIRFAX FOREST RESERVE RD,,-122.039325,47.033366667,0,1,98,13,2,30,14,0,0,1,2,1,3,2,2,1,14,2,2,53,0,2,404,1995,0,0.0,63,69.0,1.0,,,,1,1,20,1,7.0,1.0,4,7,20,0,11,0,09/30/2017,5:12,25053042737.0,42737.0,0.0,0.0,0.0,3.0,1,0,0.0,0.0,0.0,92,,,,,,9,,,,,,98038,53,68.0,130.0,6.0,1.0,0.0,0.0,0.0,3.0,0.0,12,,,,,,0,03/15/2016,01/15/2017,20,1,9,0,0.0,1,8,,,0,0.0,0.0,8,1,2.0,1.0,0.0,0.0,1.0,0.0,0.0,2,1,0.18,,,,,,,,,,,,,,,,,,,,,,,,,,,,,,0,0,0,0,1,1,0,1,0,0,0,0,0,0,0,0,1,0,0,1,0,1,1,0,1,0,0,0,0,1,0,0,0,1,0,,1,0,0,0,0,1,0,1,1,0,0,0,0,1,0,1,,,,,,18-20,16-25,County road,R,Saturday,Not Used,PV,White,0,0,0,0,County Road,County Sheriff,Law Enforcement Support Agency,0,0,1,0,0,,,,,,,,,,,,,,,,,,,,,,,,,,,,,,,,,,,,,,,,,,,,98323,Maple Valley,Carbonado
583,592,592,2017,397,E718526,127.0,2017-09-27,23:47,27,9,0.0,33,King,735,1,0.0,3,1,2,1,0,1,3,,,,38,0,0,0.0,1,0,1,4,2,4,6,0,0,0,0,SW 320TH ST,,-122.3725028,47.315136111,0,1,1,13,2,35,34,0,0,1,2,1,3,2,2,1,14,1,1,53,0,20,481,2007,0,0.0,63,38.0,42.0,1.0,14.0,14.0,1,1,66,1,7.0,1.0,4,7,20,0,11,0,09/27/2017,23:59,73553042999.0,42999.0,0.0,0.0,0.0,3.0,1,0,0.0,0.0,0.0,96,,,,,,99,,,,,,98106,53,70.0,200.0,6.0,1.0,0.0,0.0,1.0,0.0,1.0,0,,,,,,3,09/15/2013,11/15/2016,20,1,9,0,0.0,9,8,,,0,0.0,0.0,8,9,2.0,605.0,996.0,0.0,1.0,1.0,0.0,2,1,0.22,,,,,,,,,,,,,,,,,,,,,,,,,,,,,,0,0,1,0,1,1,1,1,1,0,0,0,1,0,0,0,0,0,0,0,0,0,0,0,0,1,0,0,0,1,0,0,0,1,0,,0,0,0,0,0,1,1,1,0,1,0,0,0,0,0,1,,,,,,66-70,66-75,City street,U,Wednesday,Not Used,PV,White,0,1,0,0,City Street,Municipal/City Police,Federal Way Dept of Public Safety,1,0,0,1,0,thc,21.0,carboxy-thc,32.0,,,,,,,,,,,,,,,,,,,,,,,,,,,,,,,,,,,,,,,,98023,Seattle,Federal Way