,index,Unnamed: 0,year,case,par,repjur,crash_dt,crash_tm,accday,accmon,holiday,county,co_char,city,weather,weather2,lightcond,surfcond,surftype,numfatal,nmforms,pforms,vforms,not_tm,arr_tm,hosp_tm,fhevent,hitrun,manncol,milepnt,reljunc,reljuncinter,intersectiontype,funcsystem,landuse,ownership,route,schlbus,spejur,contdev,devfunc,trafid1,trafid2,lon,lat,wk_zone,vnumber,crashtype,criticalevent,criticaleventcat,spdlim,body,trailer,emerg,hazcargo,leave,mhevent,roadalgn,roadprof,traflane,trafflow,vehmanvr,numoccs,regowner,regstate,spuse,make,model,modelyr,vrf1,vrf2,seqevent1,seqevent2,seqevent3,seqevent4,seqevent5,seqevent6,pnumber,ptype,age,sex,hispanic,race,injury,diedscene,restraint,restraintmisuse,seatpos,takehosp,death_dt,death_tm,cert,cernum_wa,commlic,licendor,licrestrict,liccomp,drivpres,drf1,drf2,drf3,drf4,distract1,distract2,distract3,distract4,distract5,distract6,dricond1,dricond2,dricond3,dricond4,dricond5,dricond6,dzip,licstate,drhgt_in,weight,noncdl,noncdltype,prevdwi,prevoth,prevacc,prevspd,prevsus,driviol1,driviol2,driviol3,driviol4,driviol5,driviol6,spdrel,first_dt,last_dt,airbag,ejection,ejectpath,extricat,injurwrk,methalc,methdrug,nmlocat,strikveh,prf1,prf2,prf3,druginv,alcinvol,drugsts,drugres1,drugres2,drugres3,drugtst1,drugtst2,drugtst3,alcsts,alctst,alcres,nmact1,nmact2,nmact3,nmact4,nmact5,nmact6,nmprior1,nmprior2,nmprior3,nmprior4,nmprior5,nmprior6,nmcond1,nmcond2,nmcond3,nmcond4,nmcond5,nmcond6,nmsafe_helmet,nmsafe_pads,nmsafe_oth,nmprev_ref,nmprev_lgt,nmprev_oth,crashlocation,nmcrashtype,crosswalk,schoolzone,sidewalk,train_inv,wildlife_inv,rotr_fars,intersect_fars,dd_inv,aid_inv,dpd_inv,id_inv,mj_inv,impnm_inv,ainm_inv,dpnm_inv,speed_inv,unlic_inv,unendmc_inv,drowsy_inv,drdist_inv,nmdist_inv,fty_inv,unrestfat_inv,dr1617_inv,dr1820_inv,dr1620_inv,dr2125_inv,dr1625_inv,dr65_inv,dr70_inv,dr75_inv,mc_inv,pv_inv,ht_inv,ped_inv,bike_inv,unrest_fat,mc_fat,unhelmet_mc,pv_fat,ht_fat,ped_fat,bike_fat,dr_alc7,dr_alc8,dr_drug,dr_imp,dr_dist,dr_spd,dr_fty,dr_unlic,dr_alc7only,dr_alc8only,dr_drugonly,dr_drink,nm_imp,nm_alc7,nm_alc8,nm_drug,nm_dist,agegrp1,agegrp2,roadclass,urbrur,dayweek,restuse,vehtype,race_me,intersect,lanedep,oppdir,wrongway,rep_typ,investag,repag_long,rotr,st_rd,cty_rd,city_rd,oth_rd,drug_thc,thc_res,drug_cthc,cthc_res,drug_cann,prevpersemin,prevperse,prevsusoth,drugtst4,drugtst5,drugtst6,drugtst7,drugtst8,drugres4,drugres5,drugres6,drugres7,drugres8,adspresent,adsengaged,adslevel,race1,race2,race3,race4,race5,helmet,helmetmisuse,nmdistract1,nmdistract2,nmdistract3,nmdistract4,nmdistract5,nmdistract6,lab,isedtcase,crf1,crf2,crf3,CoRoadName,CoMP,IntCoRoadName,IntCoMP,crashzip,dcity,crashcity
584,593,593,2017,398,E721337,31.0,2017-09-28,19:30,28,9,0.0,45,Mason,0,1,0.0,2,1,2,1,0,2,1,,,,16,0,0,1.4,1,0,1,6,1,2,4,0,0,0,0,CR-E NORTH BAY RD,,-122.8303222,47.404688889,0,1,0,98,7,50,1,0,0,1,2,16,3,1,2,1,14,2,1,53,0,45,31,2005,0,0.0,16,,,,,,1,1,54,1,7.0,78.0,4,7,3,0,11,0,09/28/2017,19:30,53042775.0,42775.0,0.0,0.0,3.0,3.0,1,0,0.0,0.0,0.0,0,,,,,,0,,,,,,98394,53,73.0,225.0,6.0,1.0,0.0,0.0,0.0,0.0,0.0,0,,,,,,0,,,20,0,0,0,0.0,9,8,,,0,0.0,0.0,8,0,2.0,1.0,0.0,0.0,1.0,0.0,0.0,2,1,0.025,,,,,,,,,,,,,,,,,,,,,,,,,,,,,,0,0,0,0,1,0,0,0,0,0,0,0,0,0,0,0,0,0,0,0,0,0,0,0,0,0,0,0,0,1,0,0,0,0,0,,1,0,0,0,1,0,0,0,0,0,0,0,1,0,0,1,,,,,,51-55,46-55,County road,R,Thursday,Belt Used,PV,API,0,0,0,0,County Road,County Sheriff,Mason County Sheriff's Office,0,0,1,0,0,,,,,,,,,,,,,,,,,,,,,,,,,,,,,,,,,,,,,,,,,,,,98528,Vaughn,Belfair
585,594,594,2017,399,E721086,2.0,2017-09-23,14:31,23,9,0.0,61,Snohomish,0,1,0.0,1,1,2,1,1,1,1,,,,9,0,0,0.1,1,0,1,3,2,1,3,0,0,0,0,SR-204,,-122.1376917,47.979097222,0,1,13,83,5,55,15,0,0,1,5,9,1,2,2,1,1,1,2,53,0,12,422,2004,0,0.0,9,,,,,,1,1,18,2,0.0,0.0,0,0,3,0,11,0,,,,,0.0,0.0,3.0,3.0,1,0,0.0,0.0,0.0,0,,,,,,0,,,,,,98053,53,68.0,120.0,6.0,1.0,0.0,0.0,0.0,0.0,0.0,0,,,,,,0,,,20,0,0,0,8.0,9,2,,,0,0.0,0.0,0,0,0.0,0.0,0.0,0.0,0.0,0.0,0.0,0,0,996.0,,,,,,,,,,,,,,,,,,,,,,,,,,,,,,0,0,0,0,0,0,0,0,0,1,0,1,0,0,0,0,0,0,0,0,0,1,1,0,1,0,0,0,0,1,0,0,1,0,0,,0,0,0,0,0,0,0,0,0,0,0,0,0,0,0,0,,,,,,18-20,16-25,State route,U,Saturday,Belt Used,PV,Not Fatal,0,0,0,0,State Route,State Patrol,Washington State Patrol Headquarter,0,1,0,0,0,,,,,,,,,,,,,,,,,,,,,,,,,,,,,,,,,,,,,,,,,,,,98258,Redmond,Lake Stevens
586,595,595,2017,400,E717543,2.0,2017-09-24,6:08,24,9,0.0,73,Whatcom,0,1,0.0,2,1,2,1,0,2,2,,,,24,0,0,273.9,1,0,1,1,1,1,1,0,0,0,0,I-5,,-122.7192694,48.971783333,0,1,7,12,2,70,4,0,0,1,2,1,1,1,2,3,1,1,2,53,0,34,34,2004,0,0.0,64,24.0,1.0,54.0,2.0,,1,1,19,2,4.0,98.0,4,7,99,0,11,0,09/24/2017,6:08,15053042192.0,42192.0,0.0,0.0,0.0,0.0,1,0,0.0,0.0,0.0,96,,,,,,9,,,,,,98226,53,60.0,110.0,0.0,0.0,0.0,0.0,0.0,0.0,0.0,0,,,,,,4,,,99,0,0,0,0.0,1,8,,,0,0.0,0.0,8,1,2.0,1.0,0.0,0.0,1.0,0.0,0.0,2,1,0.16,,,,,,,,,,,,,,,,,,,,,,,,,,,,,,0,0,0,0,1,1,0,1,0,0,0,0,1,1,0,0,0,0,0,0,0,1,1,0,1,0,0,0,0,1,0,0,0,0,0,,1,0,0,0,0,1,0,1,0,1,0,1,0,1,0,1,,,,,,18-20,16-25,Interstate,R,Sunday,Unknown,PV,Hispanic,0,1,0,0,State Route,State Patrol,Washington State Patrol Headquarter,1,1,0,0,0,,,,,,,,,,,,,,,,,,,,,,,,,,,,,,,,,,,,,,,,,,,,98230,Bellingham,Blaine
587,596,596,2017,400,E717543,2.0,2017-09-24,6:08,24,9,0.0,73,Whatcom,0,1,0.0,2,1,2,1,0,2,2,,,,24,0,0,273.9,1,0,1,1,1,1,1,0,0,0,0,I-5,,-122.7192694,48.971783333,0,2,98,98,7,70,6,0,0,1,5,54,1,1,2,3,1,1,1,53,0,49,46,2016,0,0.0,54,,,,,,1,1,54,2,0.0,0.0,0,0,3,0,11,0,,,,,0.0,0.0,3.0,3.0,1,0,0.0,0.0,0.0,0,,,,,,0,,,,,,98230,53,72.0,200.0,6.0,1.0,0.0,0.0,0.0,0.0,0.0,0,,,,,,0,,,20,0,0,0,8.0,9,8,,,0,0.0,0.0,8,0,0.0,0.0,0.0,0.0,0.0,0.0,0.0,0,0,996.0,,,,,,,,,,,,,,,,,,,,,,,,,,,,,,0,0,0,0,1,1,0,1,0,0,0,0,1,1,0,0,0,0,0,0,0,1,1,0,1,0,0,0,0,1,0,0,0,0,0,,0,0,0,0,0,0,0,0,0,0,0,0,0,0,0,0,,,,,,51-55,46-55,Interstate,R,Sunday,Belt Used,PV,Not Fatal,0,1,0,0,State Route,State Patrol,Washington State Patrol Headquarter,1,1,0,0,0,,,,,,,,,,,,,,,,,,,,,,,,,,,,,,,,,,,,,,,,,,,,98230,Blaine,Blaine
588,597,597,2017,401,E711056,1.0,2017-09-03,0:20,3,9,6.0,77,Yakima,0,1,0.0,2,1,2,1,1,3,1,,,,8,0,0,60.5,1,0,1,3,1,1,2,0,3,0,0,US-97,,-120.3204806,46.332238889,0,1,13,80,5,55,2,0,0,1,5,8,1,1,2,1,1,3,1,53,0,22,19,2007,0,0.0,8,,,,,,1,1,23,2,0.0,0.0,0,0,3,0,11,0,,,,,0.0,0.0,3.0,3.0,1,0,0.0,0.0,0.0,0,,,,,,0,,,,,,98948,53,61.0,127.0,6.0,1.0,0.0,0.0,0.0,0.0,0.0,0,,,,,,0,,,20,0,0,0,8.0,9,8,,,0,0.0,0.0,8,0,8.0,95.0,0.0,0.0,6.0,0.0,0.0,8,95,995.0,,,,,,,,,,,,,,,,,,,,,,,,,,,,,,0,0,0,0,0,0,0,0,0,1,0,1,0,0,0,0,0,0,0,0,0,0,0,1,1,0,0,0,0,1,0,1,0,0,0,,0,0,0,0,0,0,0,0,0,0,0,0,0,0,0,0,,,,,,21-25,16-25,US highway,R,Sunday,Belt Used,PV,Not Fatal,0,0,0,0,State Route,State Patrol,Washington State Patrol Headquarter,0,1,0,0,0,,,,,,,,,,,,,,,,,,,,,,,,,,,,,,,,,,,,,,,,,,,,98948,Toppenish,Toppenish
589,598,598,2017,402,E718360,223.0,2017-09-14,18:05,14,9,0.0,47,Okanogan,1600,1,0.0,1,1,2,1,1,2,1,,,,8,0,0,5.2,1,0,1,4,2,1,3,0,0,0,0,SR-215,,-119.5284111,48.412491667,0,1,13,80,5,25,4,0,0,1,5,8,1,1,3,5,1,2,2,53,0,13,15,2010,0,0.0,8,,,,,,1,1,24,1,0.0,0.0,0,0,3,0,11,0,,,,,0.0,0.0,0.0,3.0,1,0,0.0,0.0,0.0,93,,,,,,0,,,,,,98841,53,68.0,190.0,6.0,1.0,0.0,1.0,0.0,3.0,2.0,0,,,,,,0,08/15/2014,07/15/2017,20,0,0,0,8.0,2,8,,,0,0.0,0.0,8,0,0.0,0.0,0.0,0.0,0.0,0.0,0.0,2,10,0.0,,,,,,,,,,,,,,,,,,,,,,,,,,,,,,0,0,0,0,0,0,0,0,0,1,0,1,0,0,0,0,1,1,0,0,0,0,0,1,1,0,0,0,0,1,0,1,0,0,0,,0,0,0,0,0,0,0,0,1,0,0,0,0,0,0,0,,,,,,21-25,16-25,State route,U,Thursday,Belt Used,PV,Not Fatal,0,0,0,0,State Route,Municipal/City Police,Omak Police Department,0,1,0,0,0,,,,,,,,,,,,,,,,,,,,,,,,,,,,,,,,,,,,,,,,,,,,98841,Omak,Omak
590,599,599,2017,403,3658374,344.0,2017-09-21,4:05,21,9,0.0,77,Yakima,0,1,0.0,3,1,2,1,0,1,1,,,,1,0,0,0.0,1,0,1,6,1,2,4,0,3,0,0,CR-SIGNAL PEAK RD,,-120.7328139,46.343875,0,1,98,12,2,50,20,0,0,1,2,1,1,2,2,1,1,1,2,53,0,63,441,2003,0,0.0,68,64.0,69.0,1.0,,,1,1,32,2,7.0,3.0,4,7,20,0,11,0,09/21/2017,4:05,53040844.0,40844.0,0.0,0.0,3.0,3.0,1,0,0.0,0.0,0.0,0,,,,,,2,,,,,,98952,53,61.0,140.0,6.0,8.0,1.0,1.0,0.0,1.0,3.0,0,,,,,,0,09/15/2012,08/15/2017,20,1,9,0,0.0,9,8,,,0,0.0,0.0,8,8,0.0,0.0,0.0,0.0,0.0,0.0,0.0,0,0,996.0,,,,,,,,,,,,,,,,,,,,,,,,,,,,,,0,0,0,0,0,0,0,0,0,0,0,0,0,0,0,1,0,0,0,1,0,0,0,0,0,0,0,0,0,1,0,0,0,1,0,,1,0,0,0,0,0,0,0,0,0,0,0,0,0,0,0,,,,,,31-35,26-35,County road,R,Thursday,Not Used,PV,AIAN,0,1,0,0,Other,Other Law Enforcement,Yakama Tribal Police Department,1,0,0,0,1,,,,,,,,,,,,,,,,,,,,,,,,,,,,,,,,,,,,,,,,,,,,98952,White Swan,White Swan
591,600,600,2017,404,E721370,1.0,2017-09-30,15:01,30,9,0.0,23,Garfield,0,1,0.0,1,1,2,1,0,4,3,15:05,15:18,16:12,12,0,2,417.9,1,0,1,3,1,1,2,0,0,0,0,US-12,,-117.282325,46.418238889,0,1,50,10,2,60,4,0,0,1,2,12,2,2,2,1,14,2,1,53,0,20,37,2013,0,0.0,68,12.0,12.0,,,,1,1,42,1,0.0,0.0,2,0,3,0,11,4,,,,,0.0,0.0,3.0,3.0,1,28,0.0,0.0,0.0,92,,,,,,0,,,,,,99347,53,71.0,320.0,6.0,1.0,0.0,2.0,1.0,4.0,0.0,97,,,,,,0,01/15/2014,08/15/2017,8,0,0,0,8.0,9,8,,,0,0.0,0.0,8,0,2.0,1.0,0.0,0.0,1.0,0.0,0.0,2,1,0.0,,,,,,,,,,,,,,,,,,,,,,,,,,,,,,0,0,0,0,0,0,0,0,0,0,0,0,0,0,0,0,1,0,0,0,0,0,0,0,0,1,0,0,1,1,0,0,0,0,0,,0,0,0,0,0,0,0,0,1,0,0,0,0,0,0,0,,,,,,41-45,36-45,US highway,R,Saturday,Belt Used,PV,Not Fatal,0,1,1,0,State Route,State Patrol,Washington State Patrol Headquarter,0,1,0,0,0,,,,,,,,,,,,,,,,,,,,,,,,,,,,,,,,,,,,,,,,,,,,99403,Pomeroy,Clarkston
592,601,601,2017,404,E721370,1.0,2017-09-30,15:01,30,9,0.0,23,Garfield,0,1,0.0,1,1,2,1,0,4,3,15:05,15:18,16:12,12,0,2,417.9,1,0,1,3,1,1,2,0,0,0,0,US-12,,-117.282325,46.418238889,0,2,51,62,4,60,80,0,0,1,2,12,3,2,2,1,14,1,1,53,0,72,706,2013,0,0.0,12,,,,,,1,1,69,1,7.0,1.0,4,7,5,0,11,0,09/30/2017,15:01,53043415.0,43415.0,0.0,0.0,3.0,3.0,1,0,0.0,0.0,0.0,0,,,,,,0,,,,,,99022,53,72.0,230.0,6.0,1.0,0.0,1.0,1.0,0.0,0.0,0,,,,,,0,07/15/2015,07/15/2015,20,8,0,0,0.0,9,8,,,0,0.0,0.0,8,0,2.0,1.0,0.0,0.0,1.0,0.0,0.0,2,1,0.0,,,,,,,,,,,,,,,,,,,,,,,,,,,,,,0,0,0,0,0,0,0,0,0,0,0,0,0,0,0,0,1,0,0,0,0,0,0,0,0,1,0,0,1,1,0,0,0,0,1,0.0,0,0,0,0,0,0,0,0,0,0,0,0,0,0,0,0,,,,,,66-70,66-75,US highway,R,Saturday,,MC,White,0,1,1,0,State Route,State Patrol,Washington State Patrol Headquarter,0,1,0,0,0,,,,,,,,,,,,,,,,,,,,,,,,,,,,,,,,,,,,,,,,,,,,99403,Medical Lake,Clarkston
593,602,602,2017,404,E721370,1.0,2017-09-30,15:01,30,9,0.0,23,Garfield,0,1,0.0,1,1,2,1,0,4,3,15:05,15:18,16:12,12,0,2,417.9,1,0,1,3,1,1,2,0,0,0,0,US-12,,-117.282325,46.418238889,0,3,98,62,4,60,80,0,0,1,2,12,3,2,2,1,14,1,2,53,0,72,706,2005,0,0.0,12,,,,,,1,1,58,2,0.0,0.0,3,0,5,0,11,4,,,,,0.0,0.0,3.0,3.0,1,0,0.0,0.0,0.0,0,,,,,,0,,,,,,99022,53,67.0,170.0,6.0,1.0,0.0,0.0,1.0,0.0,0.0,0,,,,,,0,10/15/2015,10/15/2015,20,8,0,0,8.0,9,8,,,0,0.0,0.0,8,0,0.0,0.0,0.0,0.0,0.0,0.0,0.0,0,0,996.0,,,,,,,,,,,,,,,,,,,,,,,,,,,,,,0,0,0,0,0,0,0,0,0,0,0,0,0,0,0,0,1,0,0,0,0,0,0,0,0,1,0,0,1,1,0,0,0,0,0,0.0,0,0,0,0,0,0,0,0,0,0,0,0,0,0,0,0,,,,,,56-60,56-65,US highway,R,Saturday,,MC,Not Fatal,0,1,1,0,State Route,State Patrol,Washington State Patrol Headquarter,0,1,0,0,0,,,,,,,,,,,,,,,,,,,,,,,,,,,,,,,,,,,,,,,,,,,,99403,Medical Lake,Clarkston
594,603,603,2017,405,E711489,146.0,2017-09-13,11:29,13,9,0.0,77,Yakima,2300,1,0.0,1,1,4,1,0,1,1,15:10,15:38,16:15,34,0,0,9999.9,1,0,1,7,1,2,4,0,3,0,0,CR-E BRANCH RD,,-120.3389667,46.404222222,0,1,98,6,1,35,34,0,0,1,2,1,1,1,2,1,1,1,2,53,0,12,471,2002,0,0.0,63,34.0,35.0,1.0,,,1,1,53,1,7.0,3.0,4,0,3,0,11,8,09/14/2017,21:00,144053040087.0,40087.0,5.0,0.0,0.0,2.0,1,0,0.0,0.0,0.0,96,,,,,,0,,,,,,98951,53,66.0,220.0,1.0,1.0,0.0,1.0,1.0,0.0,3.0,0,,,,,,4,03/15/2013,12/15/2013,20,0,0,1,0.0,9,8,,,0,0.0,0.0,8,0,2.0,401.0,417.0,0.0,1.0,1.0,0.0,2,1,0.0,,,,,,,,,,,,,,,,,,,,,,,,,,,,,,0,0,0,0,0,0,1,1,0,0,0,0,1,1,0,0,0,0,0,0,0,0,0,0,0,0,0,0,0,0,0,0,0,0,0,,0,0,0,0,0,0,1,1,0,1,0,1,0,0,1,0,,,,,,51-55,46-55,County road,R,Wednesday,Belt Used,PV,AIAN,0,1,0,0,County Road,County Sheriff,Yakima County Sheriff's Office,1,0,1,0,0,,,,,,,,,,,,,,,,,,,,,,,,,,,,,,,,,,,,,,,,,,,,98948,Wapato,Toppenish
595,604,604,2017,406,E719375,8.0,2017-09-30,21:35,30,9,0.0,27,Grays Harbor,0,2,0.0,2,2,2,1,0,6,2,,,,12,0,2,3.6,1,0,1,4,1,1,3,0,0,0,0,SR-109,,-123.9594083,46.982827778,0,1,50,10,2,40,4,0,0,1,2,12,2,2,2,1,6,2,1,53,0,34,35,1998,0,0.0,68,12.0,63.0,1.0,,,1,1,30,1,0.0,0.0,0,0,3,0,11,0,,,,,0.0,0.0,0.0,3.0,1,28,0.0,0.0,0.0,96,,,,,,9,,,,,,98528,53,76.0,290.0,6.0,1.0,0.0,0.0,1.0,6.0,0.0,97,,,,,,4,04/15/2014,09/15/2015,1,0,0,0,8.0,9,2,,,0,0.0,0.0,1,1,2.0,695.0,0.0,0.0,1.0,0.0,0.0,2,1,0.11,,,,,,,,,,,,,,,,,,,,,,,,,,,,,,0,0,0,0,1,1,1,1,1,0,0,0,1,0,0,0,0,0,0,0,0,0,0,0,0,0,0,0,0,1,0,0,0,0,0,,0,0,0,0,0,1,1,1,0,1,0,0,0,0,0,1,,,,,,26-30,26-35,State route,R,Saturday,Belt Used,PV,Not Fatal,0,1,1,0,State Route,State Patrol,Washington State Patrol Headquarter,0,1,0,0,0,,,carboxy-thc,11.0,,,,,,,,,,,,,,,,,,,,,,,,,,,,,,,,,,,,,,,,98550,Belfair,Hoquiam
596,605,605,2017,406,E719375,8.0,2017-09-30,21:35,30,9,0.0,27,Grays Harbor,0,2,0.0,2,2,2,1,0,6,2,,,,12,0,2,3.6,1,0,1,4,1,1,3,0,0,0,0,SR-109,,-123.9594083,46.982827778,0,2,51,62,4,40,4,0,0,1,2,12,3,2,2,1,14,4,2,53,0,7,20,2002,0,0.0,12,,,,,,1,1,29,1,0.0,0.0,3,0,3,0,11,5,,,,,0.0,0.0,3.0,3.0,1,0,0.0,0.0,0.0,0,,,,,,0,,,,,,98520,53,70.0,180.0,6.0,1.0,0.0,1.0,0.0,0.0,0.0,0,,,,,,0,07/15/2014,07/15/2014,1,0,0,0,8.0,9,8,,,0,0.0,0.0,8,0,0.0,0.0,0.0,0.0,0.0,0.0,0.0,0,0,996.0,,,,,,,,,,,,,,,,,,,,,,,,,,,,,,0,0,0,0,1,1,1,1,1,0,0,0,1,0,0,0,0,0,0,0,0,0,0,0,0,0,0,0,0,1,0,0,0,0,0,,0,0,0,0,0,0,0,0,0,0,0,0,0,0,0,0,,,,,,26-30,26-35,State route,R,Saturday,Belt Used,PV,Not Fatal,0,1,1,0,State Route,State Patrol,Washington State Patrol Headquarter,0,1,0,0,0,,,,,,,,,,,,,,,,,,,,,,,,,,,,,,,,,,,,,,,,,,,,98550,Aberdeen,Hoquiam
597,606,606,2017,407,E716718,42.0,2017-09-27,13:24,27,9,0.0,67,Thurston,2320,1,0.0,1,1,2,1,0,1,1,13:33,14:20,14:57,35,0,0,9999.9,1,0,1,7,2,2,4,0,0,0,0,CR-CASE RD SW,,-122.9204361,46.952761111,0,1,6,12,2,50,34,0,0,1,5,35,3,1,2,1,14,1,1,53,0,20,471,2002,0,0.0,68,64.0,35.0,,,,1,1,81,1,7.0,97.0,4,0,3,0,11,8,09/27/2017,15:16,92053042012.0,42012.0,6.0,0.0,3.0,3.0,1,0,0.0,0.0,0.0,96,,,,,,0,,,,,,98579,53,65.0,221.0,6.0,1.0,0.0,0.0,0.0,0.0,0.0,0,,,,,,0,,,8,0,0,0,0.0,9,8,,,0,0.0,0.0,8,0,8.0,95.0,0.0,0.0,6.0,0.0,0.0,8,95,995.0,,,,,,,,,,,,,,,,,,,,,,,,,,,,,,0,0,1,0,0,0,0,0,0,0,0,0,0,0,0,0,0,0,0,0,0,0,0,0,0,1,1,1,0,0,0,0,0,0,0,,0,0,0,0,0,0,0,0,0,0,0,0,0,0,0,0,,,,,,81+,76+,County road,U,Wednesday,Belt Used,PV,Multiracial,0,1,0,0,County Road,County Sheriff,Thurston County Sheriff's Office,1,0,1,0,0,,,,,,,,,,,,,,,,,,,,,,,,,,,,,,,,,,,,,,,,,,,,98512,Rochester,Olympia
598,608,608,2017,408,E768481,2.0,2017-09-25,5:30,25,9,0.0,9,Clallam,0,10,0.0,2,2,2,1,0,2,2,,,,12,0,8,223.3,1,0,1,3,1,1,2,0,0,0,0,US-101,,-123.8640528,48.050458333,0,2,98,54,3,35,67,0,0,1,2,1,3,2,2,1,14,1,2,53,0,12,880,2016,0,0.0,12,68.0,64.0,42.0,1.0,,1,1,55,1,7.0,1.0,4,0,3,0,11,8,09/25/2017,5:33,170053041861.0,41861.0,5.0,0.0,0.0,3.0,1,0,0.0,0.0,0.0,0,,,,,,99,,,,,,98363,53,71.0,180.0,6.0,1.0,0.0,0.0,0.0,2.0,0.0,0,,,,,,0,01/15/2015,06/15/2015,2,0,0,0,9.0,9,8,,,0,0.0,0.0,8,0,2.0,1.0,0.0,0.0,1.0,0.0,0.0,2,1,0.0,,,,,,,,,,,,,,,,,,,,,,,,,,,,,,0,0,0,0,0,0,0,0,0,0,0,0,0,0,0,0,0,0,0,0,0,0,0,0,0,0,0,0,0,0,1,0,0,0,0,,0,1,0,0,0,0,0,0,0,0,0,0,0,0,0,0,,,,,,51-55,46-55,US highway,R,Monday,Belt Used,MHTRUCK,White,0,1,1,0,State Route,State Patrol,Washington State Patrol Headquarter,0,1,0,0,0,,,,,,,,,,,,,,,,,,,,,,,,,,,,,,,,,,,,,,,,,,,,98363,Port Angeles,Port Angeles
599,609,609,2017,409,E721588,25.0,2017-09-23,6:53,23,9,0.0,33,King,229,1,0.0,4,1,2,1,1,1,1,,,,8,0,0,9999.9,3,0,2,3,2,4,6,0,0,20,3,1 AVE S,S 138 STREET,-122.3337222,47.479463889,0,1,13,80,5,35,4,0,0,1,5,8,1,1,5,1,1,1,1,53,0,49,40,2011,0,0.0,8,,,,,,1,1,54,2,0.0,0.0,0,0,3,0,11,0,,,,,0.0,0.0,0.0,3.0,1,0,0.0,0.0,0.0,0,,,,,,0,,,,,,98168,53,72.0,187.0,6.0,1.0,0.0,0.0,1.0,0.0,0.0,0,,,,,,0,07/15/2014,07/15/2014,20,0,0,0,8.0,9,8,,,0,0.0,0.0,8,0,8.0,95.0,0.0,0.0,6.0,0.0,0.0,8,95,995.0,,,,,,,,,,,,,,,,,,,,,,,,,,,,,,0,0,0,1,0,0,0,0,0,1,0,1,0,0,0,0,0,0,0,0,0,0,0,0,0,0,0,0,0,1,0,1,0,0,0,,0,0,0,0,0,0,0,0,0,0,0,0,0,0,0,0,,,,,,51-55,46-55,City street,U,Saturday,Belt Used,PV,Not Fatal,1,0,0,0,City Street,County Sheriff,King County Police,0,0,0,1,0,,,,,,,,,,,,,,,,,,,,,,,,,,,,,,,,,,,,,,,,,,,,98168,Seattle,Seattle
600,610,610,2017,410,E718794,39.0,2017-10-01,1:15,1,10,0.0,61,Snohomish,0,2,0.0,2,2,2,1,0,2,1,,,,42,0,0,10.7,1,0,1,5,1,2,4,0,0,0,0,CR-MOUNTAIN LOOP HWY,,-121.7870889,48.094838889,0,1,2,6,1,35,14,0,0,1,2,1,1,1,2,1,1,2,1,53,0,49,401,1990,0,0.0,63,42.0,1.0,42.0,,,1,1,22,1,7.0,1.0,4,7,20,0,11,0,10/01/2017,1:15,86053043083.0,43083.0,0.0,0.0,0.0,3.0,1,0,0.0,0.0,0.0,96,,,,,,9,,,,,,98258,53,67.0,175.0,6.0,1.0,0.0,3.0,1.0,1.0,0.0,0,,,,,,4,04/15/2015,12/15/2015,20,1,9,0,0.0,9,8,,,0,0.0,0.0,8,1,2.0,605.0,0.0,0.0,1.0,0.0,0.0,2,1,0.12,,,,,,,,,,,,,,,,,,,,,,,,,,,,,,0,0,0,0,1,1,1,1,1,0,0,0,1,0,0,0,0,0,0,1,0,0,0,1,1,0,0,0,0,1,0,0,0,1,0,,1,0,0,0,0,1,1,1,0,1,0,0,0,0,0,1,,,,,,21-25,16-25,County road,R,Sunday,Not Used,PV,White,0,1,0,0,County Road,County Sheriff,Snohomish County Sheriff's Office,1,0,1,0,0,thc,34.0,carboxy-thc,91.0,,,,,,,,,,,,,,,,,,,,,,,,,,,,,,,,,,,,,,,,98252,Lake Stevens,Granite Falls
601,611,611,2017,411,E719488,25.0,2017-10-03,10:54,3,10,0.0,33,King,0,1,0.0,1,1,1,1,0,1,1,,,,42,0,0,5.0,1,0,1,6,1,2,4,0,0,0,0,CR-SE KENT KANGLEY RD,,-121.9173917,47.357930556,0,1,2,9,1,45,4,0,0,1,2,42,1,2,2,1,1,1,2,53,0,37,31,2003,0,0.0,68,63.0,42.0,,,,1,1,51,2,7.0,1.0,4,7,20,0,11,0,10/03/2017,10:54,53044255.0,44255.0,0.0,0.0,0.0,2.0,1,0,0.0,0.0,0.0,96,,,,,,99,,,,,,98038,53,66.0,164.0,1.0,1.0,0.0,0.0,0.0,2.0,1.0,0,,,,,,4,09/15/2015,09/15/2015,20,1,9,0,0.0,9,8,,,0,0.0,0.0,8,9,2.0,401.0,417.0,0.0,1.0,1.0,0.0,2,1,0.0,,,,,,,,,,,,,,,,,,,,,,,,,,,,,,0,0,0,0,0,0,1,1,0,0,0,0,1,1,0,0,0,0,0,1,0,0,0,0,0,0,0,0,0,1,0,0,0,1,0,,1,0,0,0,0,0,1,1,0,1,0,1,0,0,1,0,,,,,,51-55,46-55,County road,R,Tuesday,Not Used,PV,White,0,1,0,0,County Road,County Sheriff,King County Police,1,0,1,0,0,,,,,,,,,,,,,,,,,,,,,,,,,,,,,,,,,,,,,,,,,,,,98051,Maple Valley,Ravensdale
602,612,612,2017,412,E726244,7.0,2017-09-29,22:48,29,9,0.0,33,King,2310,10,0.0,3,1,2,1,0,6,2,,,,24,0,0,1.6,1,0,1,3,2,1,3,0,0,0,0,SR-599,,-122.2827972,47.495438889,0,1,7,10,2,60,80,0,0,1,2,24,2,8,2,3,14,1,1,53,0,53,706,2005,0,0.0,64,24.0,69.0,58.0,12.0,,1,1,35,1,7.0,1.0,4,7,5,0,11,0,09/29/2017,23:20,231053042642.0,42642.0,0.0,0.0,3.0,3.0,1,0,0.0,0.0,0.0,96,,,,,,9,,,,,,98034,53,72.0,165.0,6.0,1.0,1.0,2.0,0.0,0.0,2.0,0,,,,,,0,09/15/2015,05/15/2017,20,8,0,0,0.0,1,8,,,0,0.0,0.0,8,1,2.0,996.0,0.0,0.0,1.0,0.0,0.0,2,1,0.15,,,,,,,,,,,,,,,,,,,,,,,,,,,,,,0,0,0,0,1,1,1,1,0,0,0,0,0,0,0,0,0,0,0,0,0,0,0,1,1,0,0,0,1,1,0,0,0,0,1,0.0,0,0,0,0,0,1,1,1,0,0,0,0,0,0,0,1,,,,,,31-35,26-35,State route,U,Friday,,MC,White,0,1,0,0,State Route,State Patrol,Washington State Patrol Headquarter,1,1,0,0,0,,,,,,,,,,,,,,,,,,,,,,,,,,,,,,,,,,,,,,,,,,,,98168,Kirkland,Seattle