,index,Unnamed: 0,year,case,par,repjur,crash_dt,crash_tm,accday,accmon,holiday,county,co_char,city,weather,weather2,lightcond,surfcond,surftype,numfatal,nmforms,pforms,vforms,not_tm,arr_tm,hosp_tm,fhevent,hitrun,manncol,milepnt,reljunc,reljuncinter,intersectiontype,funcsystem,landuse,ownership,route,schlbus,spejur,contdev,devfunc,trafid1,trafid2,lon,lat,wk_zone,vnumber,crashtype,criticalevent,criticaleventcat,spdlim,body,trailer,emerg,hazcargo,leave,mhevent,roadalgn,roadprof,traflane,trafflow,vehmanvr,numoccs,regowner,regstate,spuse,make,model,modelyr,vrf1,vrf2,seqevent1,seqevent2,seqevent3,seqevent4,seqevent5,seqevent6,pnumber,ptype,age,sex,hispanic,race,injury,diedscene,restraint,restraintmisuse,seatpos,takehosp,death_dt,death_tm,cert,cernum_wa,commlic,licendor,licrestrict,liccomp,drivpres,drf1,drf2,drf3,drf4,distract1,distract2,distract3,distract4,distract5,distract6,dricond1,dricond2,dricond3,dricond4,dricond5,dricond6,dzip,licstate,drhgt_in,weight,noncdl,noncdltype,prevdwi,prevoth,prevacc,prevspd,prevsus,driviol1,driviol2,driviol3,driviol4,driviol5,driviol6,spdrel,first_dt,last_dt,airbag,ejection,ejectpath,extricat,injurwrk,methalc,methdrug,nmlocat,strikveh,prf1,prf2,prf3,druginv,alcinvol,drugsts,drugres1,drugres2,drugres3,drugtst1,drugtst2,drugtst3,alcsts,alctst,alcres,nmact1,nmact2,nmact3,nmact4,nmact5,nmact6,nmprior1,nmprior2,nmprior3,nmprior4,nmprior5,nmprior6,nmcond1,nmcond2,nmcond3,nmcond4,nmcond5,nmcond6,nmsafe_helmet,nmsafe_pads,nmsafe_oth,nmprev_ref,nmprev_lgt,nmprev_oth,crashlocation,nmcrashtype,crosswalk,schoolzone,sidewalk,train_inv,wildlife_inv,rotr_fars,intersect_fars,dd_inv,aid_inv,dpd_inv,id_inv,mj_inv,impnm_inv,ainm_inv,dpnm_inv,speed_inv,unlic_inv,unendmc_inv,drowsy_inv,drdist_inv,nmdist_inv,fty_inv,unrestfat_inv,dr1617_inv,dr1820_inv,dr1620_inv,dr2125_inv,dr1625_inv,dr65_inv,dr70_inv,dr75_inv,mc_inv,pv_inv,ht_inv,ped_inv,bike_inv,unrest_fat,mc_fat,unhelmet_mc,pv_fat,ht_fat,ped_fat,bike_fat,dr_alc7,dr_alc8,dr_drug,dr_imp,dr_dist,dr_spd,dr_fty,dr_unlic,dr_alc7only,dr_alc8only,dr_drugonly,dr_drink,nm_imp,nm_alc7,nm_alc8,nm_drug,nm_dist,agegrp1,agegrp2,roadclass,urbrur,dayweek,restuse,vehtype,race_me,intersect,lanedep,oppdir,wrongway,rep_typ,investag,repag_long,rotr,st_rd,cty_rd,city_rd,oth_rd,drug_thc,thc_res,drug_cthc,cthc_res,drug_cann,prevpersemin,prevperse,prevsusoth,drugtst4,drugtst5,drugtst6,drugtst7,drugtst8,drugres4,drugres5,drugres6,drugres7,drugres8,adspresent,adsengaged,adslevel,race1,race2,race3,race4,race5,helmet,helmetmisuse,nmdistract1,nmdistract2,nmdistract3,nmdistract4,nmdistract5,nmdistract6,lab,isedtcase,crf1,crf2,crf3,CoRoadName,CoMP,IntCoRoadName,IntCoMP,crashzip,dcity,crashcity
621,631,631,2017,425,E720304,173.0,2017-10-07,17:24,7,10,0.0,53,Pierce,1124,1,0.0,1,0,0,1,1,1,1,,,,8,0,0,9999.9,8,0,1,7,2,2,4,0,0,0,0,CR-GRANGE ST W,,-122.5162944,47.186052778,0,1,13,80,5,0,4,0,0,1,5,8,0,0,0,0,10,1,1,53,0,55,33,2016,0,0.0,8,,,,,,1,1,70,2,0.0,0.0,0,0,3,0,11,0,,,,,0.0,0.0,0.0,3.0,1,0,0.0,0.0,0.0,0,,,,,,0,,,,,,98499,53,67.0,220.0,6.0,1.0,0.0,0.0,0.0,0.0,0.0,0,,,,,,0,,,20,0,0,0,8.0,9,8,,,0,0.0,0.0,8,0,0.0,0.0,0.0,0.0,0.0,0.0,0.0,0,0,996.0,,,,,,,,,,,,,,,,,,,,,,,,,,,,,,0,0,0,0,0,0,0,0,0,1,1,1,0,0,0,0,0,0,0,0,0,0,0,0,0,1,1,0,0,1,0,1,0,0,0,,0,0,0,0,0,0,0,0,0,0,0,0,0,0,0,0,,,,,,66-70,66-75,County road,U,Saturday,Belt Used,PV,Not Fatal,0,0,0,0,City Street,Municipal/City Police,Lakewood Police Department,0,0,0,1,0,,,,,,,,,,,,,,,,,,,,,,,,,,,,,,,,,,,,,,,,,,,,98499,Lakewood,Lakewood
622,632,632,2017,426,E722375,5.0,2017-10-09,20:43,9,10,7.0,11,Clark,0,10,0.0,3,1,2,1,0,2,2,,,,12,0,2,7.1,1,0,1,1,2,1,1,0,0,0,0,I-5,,-122.6546583,45.717711111,0,1,50,54,3,60,14,0,0,1,2,12,1,2,3,3,1,1,1,53,0,12,402,2011,0,0.0,12,,,,,,1,1,43,1,7.0,1.0,4,7,3,0,11,0,10/09/2017,20:43,237053043936.0,43936.0,0.0,0.0,0.0,3.0,1,51,0.0,0.0,0.0,96,,,,,,9,,,,,,98665,53,74.0,190.0,6.0,1.0,0.0,0.0,0.0,0.0,0.0,0,,,,,,0,,,1,0,0,0,0.0,9,1,,,0,0.0,0.0,1,9,2.0,395.0,0.0,0.0,1.0,0.0,0.0,2,1,0.0,,,,,,,,,,,,,,,,,,,,,,,,,,,,,,0,0,0,0,0,0,1,1,0,0,0,0,0,0,0,0,0,0,0,0,1,0,1,0,1,0,0,0,0,1,0,0,0,0,0,,1,0,0,0,0,0,1,1,0,0,0,0,0,0,1,0,,,,,,41-45,36-45,Interstate,U,Monday,Belt Used,PV,White,0,0,0,1,State Route,State Patrol,Washington State Patrol Headquarter,0,1,0,0,0,,,,,,,,,,,,,,,,,,,,,,,,,,,,,,,,,,,,,,,,,,,,98686,Vancouver,Vancouver
623,633,633,2017,426,E722375,5.0,2017-10-09,20:43,9,10,7.0,11,Clark,0,10,0.0,3,1,2,1,0,2,2,,,,12,0,2,7.1,1,0,1,1,2,1,1,0,0,0,0,I-5,,-122.6546583,45.717711111,0,2,51,54,3,60,4,0,0,1,2,12,1,2,3,3,15,1,2,53,0,30,40,2000,0,0.0,12,,,,,,1,1,17,2,0.0,0.0,3,0,3,0,11,8,,,,,0.0,0.0,1.0,3.0,1,0,0.0,0.0,0.0,0,,,,,,0,,,,,,98674,53,66.0,175.0,6.0,2.0,0.0,0.0,1.0,0.0,0.0,0,,,,,,0,06/15/2017,06/15/2017,1,0,0,0,8.0,9,8,,,0,0.0,0.0,8,0,0.0,0.0,0.0,0.0,0.0,0.0,0.0,0,0,996.0,,,,,,,,,,,,,,,,,,,,,,,,,,,,,,0,0,0,0,0,0,1,1,0,0,0,0,0,0,0,0,0,0,0,0,1,0,1,0,1,0,0,0,0,1,0,0,0,0,0,,0,0,0,0,0,0,0,0,0,0,0,0,0,0,0,0,,,,,,16-17,16-25,Interstate,U,Monday,Belt Used,PV,Not Fatal,0,0,0,1,State Route,State Patrol,Washington State Patrol Headquarter,0,1,0,0,0,,,,,,,,,,,,,,,,,,,,,,,,,,,,,,,,,,,,,,,,,,,,98686,Woodland,Vancouver
624,634,634,2017,427,E728730,59.0,2017-10-22,20:46,22,10,0.0,33,King,109,2,0.0,3,2,2,1,0,1,1,,,,33,0,0,9999.9,1,0,1,3,2,4,5,0,0,0,0,148TH AVE NE,,-122.1431333,47.619380556,0,1,1,11,2,35,5,0,0,1,2,42,1,1,4,1,1,1,1,53,0,41,51,2010,0,0.0,63,33.0,42.0,,,,1,1,19,1,1.0,98.0,4,7,20,0,11,0,10/22/2017,21:10,10953045898.0,45898.0,0.0,0.0,0.0,0.0,1,0,0.0,0.0,0.0,96,,,,,,9,,,,,,97303,41,68.0,140.0,0.0,0.0,0.0,0.0,0.0,0.0,1.0,0,,,,,,4,05/15/2017,05/15/2017,20,2,9,0,0.0,9,8,,,0,0.0,0.0,8,1,2.0,605.0,0.0,0.0,1.0,0.0,0.0,2,1,0.18,,,,,,,,,,,,,,,,,,,,,,,,,,,,,,0,0,1,0,1,1,1,1,1,0,0,0,1,1,0,0,0,0,0,1,0,1,1,0,1,0,0,0,0,1,0,0,0,1,0,,1,0,0,0,0,1,1,1,0,1,0,1,0,0,0,1,,,,,,18-20,16-25,City street,U,Sunday,Not Used,PV,Hispanic,0,1,0,0,City Street,Municipal/City Police,Bellevue Police Department,1,0,0,1,0,thc,39.0,carboxy-thc,42.0,,,,,,,,,,,,,,,,,,,,,,,,,,,,,,,,,,,,,,,,98007,Salem,Bellevue
625,635,635,2017,428,E723014,1.0,2017-10-13,6:25,13,10,0.0,77,Yakima,0,1,0.0,4,1,2,1,0,3,2,6:28,6:44,7:21,12,0,6,69.8,2,0,2,3,1,1,2,0,3,21,3,US-97,JONES RD,-120.4351167,46.462511111,0,1,68,15,2,55,14,0,0,1,2,12,1,1,5,1,11,1,1,53,0,2,404,1995,0,0.0,12,,,,,,1,1,23,1,6.0,98.0,4,0,20,0,11,4,10/13/2017,7:26,240053044357.0,44357.0,6.0,0.0,0.0,3.0,1,38,48.0,0.0,0.0,96,,,,,,99,,,,,,98951,53,72.0,280.0,6.0,1.0,0.0,0.0,0.0,0.0,0.0,0,,,,,,0,,,1,1,9,0,0.0,9,8,,,0,0.0,0.0,8,9,2.0,1.0,0.0,0.0,1.0,0.0,0.0,2,1,0.0,,,,,,,,,,,,,,,,,,,,,,,,,,,,,,0,0,0,1,0,0,0,0,0,0,0,0,0,0,0,0,0,0,1,1,0,0,0,1,1,0,0,0,0,1,0,0,0,1,0,,1,0,0,0,0,0,0,0,0,0,1,0,0,0,0,0,,,,,,21-25,16-25,US highway,R,Friday,Not Used,PV,Hispanic,1,0,0,0,State Route,State Patrol,Washington State Patrol Headquarter,0,1,0,0,0,,,,,,,,,,,,,,,,,,,,,,,,,,,,,,,,,,,,,,,,,,,,98951,Wapato,Wapato
626,636,636,2017,428,E723014,1.0,2017-10-13,6:25,13,10,0.0,77,Yakima,0,1,0.0,4,1,2,1,0,3,2,6:28,6:44,7:21,12,0,6,69.8,2,0,2,3,1,1,2,0,3,0,0,US-97,JONES RD,-120.4351167,46.462511111,0,2,69,62,4,55,34,1,0,1,2,12,1,1,5,1,1,2,2,53,0,23,481,2002,0,0.0,12,,,,,,1,1,23,1,0.0,0.0,2,0,3,0,11,8,,,,,0.0,0.0,0.0,3.0,1,0,0.0,0.0,0.0,0,,,,,,0,,,,,,98532,53,73.0,220.0,6.0,1.0,0.0,0.0,0.0,3.0,1.0,0,,,,,,0,01/15/2013,11/15/2015,1,0,0,0,8.0,9,8,,,0,0.0,0.0,8,0,0.0,0.0,0.0,0.0,0.0,0.0,0.0,0,0,996.0,,,,,,,,,,,,,,,,,,,,,,,,,,,,,,0,0,0,1,0,0,0,0,0,0,0,0,0,0,0,0,0,0,1,1,0,0,0,1,1,0,0,0,0,1,0,0,0,0,0,,0,0,0,0,0,0,0,0,0,0,0,0,0,0,0,0,,,,,,21-25,16-25,US highway,R,Friday,Belt Used,PV,Not Fatal,1,0,0,0,State Route,State Patrol,Washington State Patrol Headquarter,0,1,0,0,0,,,,,,,,,,,,,,,,,,,,,,,,,,,,,,,,,,,,,,,,,,,,98951,Chehalis,Wapato
627,637,637,2017,430,E725274,1.0,2017-10-13,19:27,13,10,0.0,21,Franklin,0,1,0.0,2,1,2,1,0,3,2,,,,12,0,6,3.1,2,0,2,5,1,1,3,0,0,20,3,SR-260,WAREHOUSE LANE,-118.9422722,46.663630556,0,1,88,17,2,50,4,0,0,1,2,12,1,1,2,1,1,2,1,53,0,35,47,2008,0,0.0,12,,,,,,1,1,34,2,0.0,0.0,3,0,3,0,11,4,,,,,0.0,0.0,0.0,3.0,1,38,39.0,0.0,0.0,96,,,,,,0,,,,,,99326,53,66.0,170.0,6.0,1.0,0.0,0.0,0.0,0.0,0.0,2,,,,,,0,,,8,0,0,0,8.0,9,8,,,0,0.0,0.0,8,0,0.0,0.0,0.0,0.0,0.0,0.0,0.0,0,0,996.0,,,,,,,,,,,,,,,,,,,,,,,,,,,,,,0,0,0,1,0,0,0,0,0,0,0,0,0,0,0,0,0,0,1,0,0,0,0,0,0,0,0,0,0,1,1,0,0,0,0,,0,0,0,0,0,0,0,0,0,0,1,0,0,0,0,0,,,,,,31-35,26-35,State route,R,Friday,Belt Used,PV,Not Fatal,1,0,0,0,State Route,State Patrol,Washington State Patrol Headquarter,0,1,0,0,0,,,,,,,,,,,,,,,,,,,,,,,,,,,,,,,,,,,,,,,,,,,,99326,Connell,Connell
628,638,638,2017,430,E725274,1.0,2017-10-13,19:27,13,10,0.0,21,Franklin,0,1,0.0,2,1,2,1,0,3,2,,,,12,0,6,3.1,2,0,2,5,1,1,3,0,0,0,0,SR-260,WAREHOUSE LANE,-118.9422722,46.663630556,0,2,89,66,4,55,66,1,0,1,5,12,1,1,2,1,1,1,3,53,0,85,881,2002,0,0.0,12,,,,,,1,1,49,1,0.0,0.0,0,0,3,0,11,0,,,,,6.0,3.0,0.0,3.0,1,0,0.0,0.0,0.0,0,,,,,,0,,,,,,98837,53,66.0,165.0,6.0,7.0,0.0,4.0,0.0,3.0,0.0,0,,,,,,0,11/15/2012,08/15/2017,20,0,0,0,8.0,9,8,,,0,0.0,0.0,8,0,0.0,0.0,0.0,0.0,0.0,0.0,0.0,0,0,996.0,,,,,,,,,,,,,,,,,,,,,,,,,,,,,,0,0,0,1,0,0,0,0,0,0,0,0,0,0,0,0,0,0,1,0,0,0,0,0,0,0,0,0,0,1,1,0,0,0,0,,0,0,0,0,0,0,0,0,0,0,0,0,0,0,0,0,,,,,,46-50,46-55,State route,R,Friday,,MHTRUCK,Not Fatal,1,0,0,0,State Route,State Patrol,Washington State Patrol Headquarter,0,1,0,0,0,,,,,,,,,,,,,,,,,,,,,,,,,,,,,,,,,,,,,,,,,,,,99326,Moses Lake,Connell
629,639,639,2017,431,E723885,232.0,2017-10-09,19:04,9,10,7.0,9,Clallam,1700,1,0.0,2,1,2,1,1,1,1,,,,8,0,0,0.0,3,0,2,5,2,4,6,0,0,0,0,S PEABODY ST,E 2ND ST,-123.4288833,48.115891667,0,1,13,80,5,30,4,0,0,1,5,8,1,1,2,1,1,1,1,53,0,49,32,2008,0,0.0,8,,,,,,1,1,29,1,0.0,0.0,0,0,99,0,11,0,,,,,0.0,0.0,0.0,3.0,1,0,0.0,0.0,0.0,0,,,,,,0,,,,,,99040,53,66.0,160.0,6.0,1.0,0.0,0.0,0.0,0.0,0.0,0,,,,,,0,,,20,0,0,0,8.0,2,8,,,0,0.0,0.0,8,0,0.0,0.0,0.0,0.0,0.0,0.0,0.0,2,10,0.0,,,,,,,,,,,,,,,,,,,,,,,,,,,,,,0,0,0,1,0,0,0,0,0,0,0,0,0,0,0,0,0,1,0,0,0,0,0,0,0,0,0,0,0,1,0,1,0,0,0,,0,0,0,0,0,0,0,0,0,0,0,0,0,0,0,0,,,,,,26-30,26-35,City street,U,Monday,Unknown,PV,Not Fatal,1,0,0,0,City Street,Municipal/City Police,Port Angeles Police Department,0,0,0,1,0,,,,,,,,,,,,,,,,,,,,,,,,,,,,,,,,,,,,,,,,,,,,98362,Wellpinit,Port Angeles
630,640,640,2017,432,3753424,263.0,2017-10-12,20:39,12,10,0.0,33,King,1960,10,0.0,3,2,1,1,1,1,1,,,,8,0,0,0.0,3,0,2,7,2,4,6,0,0,2,3,WESTLAKE AVE,BLANCHARD ST,-122.3383472,47.617775,0,1,13,80,5,25,52,0,0,1,5,8,1,1,2,2,10,1,3,53,3,98,988,2010,0,0.0,8,,,,,,1,1,68,2,0.0,0.0,0,0,3,0,11,0,,,,,6.0,1.0,0.0,3.0,1,0,0.0,0.0,0.0,96,,,,,,0,,,,,,98033,53,64.0,170.0,6.0,1.0,0.0,0.0,0.0,0.0,0.0,0,,,,,,0,,,20,0,0,0,8.0,3,8,,,0,0.0,0.0,8,0,0.0,0.0,0.0,0.0,0.0,0.0,0.0,0,0,996.0,,,,,,,,,,,,,,,,,,,,,,,,,,,,,,0,0,0,1,0,0,0,0,0,0,0,0,0,0,0,0,0,1,0,0,0,0,0,0,0,1,0,0,0,0,0,1,0,0,0,,0,0,0,0,0,0,0,0,0,0,0,0,0,0,0,0,,,,,,66-70,66-75,City street,U,Thursday,,BUS,Not Fatal,1,0,0,0,City Street,Municipal/City Police,Seattle Police Department,0,0,0,1,0,,,,,,,,,,,,,,,,,,,,,,,,,,,,,,,,,,,,,,,,,,,,98121,Kirkland,Seattle
631,641,641,2017,433,E726894,146.0,2017-10-23,14:10,23,10,0.0,77,Yakima,0,1,0.0,1,1,2,1,0,1,1,,,,1,0,0,0.6,1,0,1,6,1,2,4,0,0,0,0,CR-SLI RD,,-119.9670556,46.360661111,0,1,1,13,2,50,66,1,0,2,2,1,1,2,2,1,1,1,3,53,0,85,881,2015,0,0.0,63,1.0,,,,,1,1,26,1,7.0,1.0,4,7,20,0,11,0,10/23/2017,14:10,222053046113.0,46113.0,5.0,2.0,3.0,2.0,1,0,0.0,0.0,0.0,93,,,,,,99,,,,,,98264,53,71.0,280.0,6.0,1.0,1.0,8.0,1.0,3.0,3.0,0,,,,,,0,04/15/2013,09/15/2017,20,0,0,0,1.0,9,8,,,0,0.0,0.0,8,9,2.0,401.0,417.0,0.0,1.0,1.0,0.0,2,1,0.1,,,,,,,,,,,,,,,,,,,,,,,,,,,,,,0,0,1,0,1,1,1,1,0,0,0,0,0,0,0,0,1,0,0,0,0,0,0,0,0,0,0,0,0,0,1,0,0,0,0,,0,1,0,0,0,1,1,1,1,0,0,0,0,0,0,1,,,,,,26-30,26-35,County road,R,Monday,,MHTRUCK,White,0,1,0,0,County Road,County Sheriff,Yakima County Sheriff's Office,1,0,1,0,0,,,,,,,,,,,,,,,,,,,,,,,,,,,,,,,,,,,,,,,,,,,,98944,Lynden,Sunnyside
632,642,642,2017,434,2915831,278.0,2017-10-08,7:28,8,10,7.0,63,Spokane,2110,1,0.0,1,0,0,2,3,1,1,,,,8,0,0,0.0,1,0,1,96,6,96,6,0,0,0,0,3900 N MARKET,,-117.3655,47.694711111,0,1,98,8,1,0,3,0,0,1,2,8,0,0,0,0,1,1,2,53,0,49,33,2001,0,0.0,63,8.0,8.0,8.0,19.0,,1,1,24,2,0.0,0.0,0,0,20,0,11,0,,,,,0.0,0.0,3.0,2.0,1,0,0.0,0.0,0.0,96,,,,,,0,,,,,,99217,53,68.0,120.0,1.0,1.0,0.0,0.0,1.0,3.0,5.0,97,,,,,,0,10/15/2013,03/15/2017,98,0,0,0,8.0,9,8,,,0,0.0,0.0,8,0,2.0,177.0,401.0,417.0,1.0,1.0,1.0,2,1,0.0,,,,,,,,,,,,,,,,,,,,,,,,,,,,,,0,0,0,0,0,0,1,1,0,1,0,1,0,1,0,0,0,0,0,0,0,0,0,1,1,0,0,0,0,1,0,1,0,0,0,,0,0,0,0,0,0,1,1,0,0,0,1,0,0,1,0,,,,,,21-25,16-25,City street,,Sunday,Not Used,PV,Not Fatal,0,0,0,0,City Street,,,0,0,0,1,0,,,,,,,,,,,,,,,,,,,,,,,,,,,,,,,,,,,,,,,,,,,,99207,Spokane,Spokane
633,643,643,2017,435,E732107,2.0,2017-10-23,23:50,23,10,0.0,61,Snohomish,0,1,0.0,3,1,2,1,0,2,2,,,,12,0,7,43.5,1,0,1,3,2,1,3,0,0,0,0,SR-99,,-122.2882528,47.857433333,0,1,46,61,4,45,14,0,0,1,2,30,1,1,7,5,15,1,2,53,0,20,404,2011,0,0.0,12,63.0,30.0,,,,1,1,29,1,7.0,1.0,4,7,99,0,11,0,10/23/2017,23:50,121553046626.0,46626.0,0.0,0.0,0.0,2.0,1,0,0.0,0.0,0.0,96,,,,,,9,,,,,,98036,53,68.0,190.0,1.0,1.0,0.0,1.0,0.0,0.0,0.0,0,,,,,,3,01/15/2013,01/15/2013,8,0,0,0,0.0,1,8,,,0,0.0,0.0,8,1,2.0,605.0,0.0,0.0,1.0,0.0,0.0,2,1,0.24,,,,,,,,,,,,,,,,,,,,,,,,,,,,,,0,0,0,0,1,1,1,1,1,0,0,0,1,1,0,0,0,0,0,0,0,0,0,0,0,0,0,0,0,1,0,0,0,0,0,,1,0,0,0,0,1,1,1,0,1,0,1,0,0,0,1,,,,,,26-30,26-35,State route,U,Monday,Unknown,PV,White,0,0,0,0,State Route,State Patrol,Washington State Patrol Headquarter,0,1,0,0,0,thc,32.0,carboxy-thc,29.0,,,,,,,,,,,,,,,,,,,,,,,,,,,,,,,,,,,,,,,,98087,Lynnwood,Lynnwood
634,644,644,2017,435,E732107,2.0,2017-10-23,23:50,23,10,0.0,61,Snohomish,0,1,0.0,3,1,2,1,0,2,2,,,,12,0,7,43.5,1,0,1,3,2,1,3,0,0,0,0,SR-99,,-122.2882528,47.857433333,0,2,47,60,4,45,4,0,0,1,2,30,1,1,7,5,15,1,2,53,0,37,32,1991,0,0.0,12,63.0,30.0,,,,1,1,52,1,0.0,0.0,0,0,3,0,11,0,,,,,0.0,0.0,0.0,3.0,1,0,0.0,0.0,0.0,0,,,,,,0,,,,,,98023,53,64.0,165.0,6.0,1.0,0.0,0.0,0.0,0.0,0.0,0,,,,,,0,,,20,0,0,0,8.0,9,8,,,0,0.0,0.0,8,0,0.0,0.0,0.0,0.0,0.0,0.0,0.0,0,0,996.0,,,,,,,,,,,,,,,,,,,,,,,,,,,,,,0,0,0,0,1,1,1,1,1,0,0,0,1,1,0,0,0,0,0,0,0,0,0,0,0,0,0,0,0,1,0,0,0,0,0,,0,0,0,0,0,0,0,0,0,0,0,0,0,0,0,0,,,,,,51-55,46-55,State route,U,Monday,Belt Used,PV,Not Fatal,0,0,0,0,State Route,State Patrol,Washington State Patrol Headquarter,0,1,0,0,0,,,,,,,,,,,,,,,,,,,,,,,,,,,,,,,,,,,,,,,,,,,,98087,Federal Way,Lynnwood
635,645,645,2017,436,E729964,1.0,2017-10-25,17:00,25,10,0.0,37,Kittitas,0,1,0.0,1,1,2,1,0,3,1,17:00,17:59,,52,0,0,95.3,1,0,1,5,1,1,3,0,0,0,0,SR-10,,-120.7410167,47.124733333,0,1,1,13,2,55,2,0,0,1,2,1,3,2,3,1,14,3,2,53,0,12,3,2001,0,0.0,63,52.0,1.0,,,,1,1,19,1,0.0,0.0,2,0,3,0,11,0,,,,,0.0,0.0,3.0,3.0,1,91,0.0,0.0,0.0,96,,,,,,0,,,,,,98926,53,68.0,165.0,6.0,1.0,0.0,0.0,0.0,0.0,0.0,2,,,,,,0,,,20,0,0,0,8.0,9,8,,,0,0.0,0.0,8,0,2.0,605.0,0.0,0.0,1.0,0.0,0.0,2,1,0.0,,,,,,,,,,,,,,,,,,,,,,,,,,,,,,0,0,1,0,0,0,1,1,1,0,0,0,0,0,0,0,0,0,0,1,0,1,1,0,1,0,0,0,0,1,0,0,0,0,0,,0,0,0,0,0,0,1,1,0,0,0,0,0,0,1,0,,,,,,18-20,16-25,State route,R,Wednesday,Belt Used,PV,Not Fatal,0,1,0,0,State Route,State Patrol,Washington State Patrol Headquarter,1,1,0,0,0,thc,1.2,carboxy-thc,17.0,,,,,,,,,,,,,,,,,,,,,,,,,,,,,,,,,,,,,,,,98926,Ellensburg,Ellensburg
636,646,646,2017,437,E728532,122.0,2017-10-28,21:33,28,10,0.0,61,Snohomish,690,1,0.0,2,1,2,1,1,1,1,,,,8,0,0,0.0,3,0,2,3,2,4,6,0,0,3,3,W MUKILTEO BLVD,DOGWOOD DR,-122.2313111,47.956669444,0,1,13,80,5,35,15,0,0,1,5,8,1,2,4,1,1,1,1,53,0,13,421,2004,0,0.0,8,,,,,,1,1,47,1,0.0,0.0,0,0,3,0,11,0,,,,,0.0,0.0,3.0,3.0,1,0,0.0,0.0,0.0,0,,,,,,0,,,,,,98203,53,72.0,154.0,6.0,1.0,0.0,0.0,1.0,1.0,0.0,0,,,,,,0,02/15/2016,10/15/2016,20,0,0,0,8.0,9,8,,,0,0.0,0.0,8,0,8.0,95.0,0.0,0.0,6.0,0.0,0.0,8,95,995.0,,,,,,,,,,,,,,,,,,,,,,,,,,,,,,0,0,0,1,0,0,0,0,0,0,0,0,0,0,0,0,0,0,0,0,0,0,0,0,0,0,0,0,0,1,0,1,0,0,0,,0,0,0,0,0,0,0,0,0,0,0,0,0,0,0,0,,,,,,46-50,46-55,City street,U,Saturday,Belt Used,PV,Not Fatal,1,0,0,0,City Street,Municipal/City Police,Everett Police Department,0,0,0,1,0,,,,,,,,,,,,,,,,,,,,,,,,,,,,,,,,,,,,,,,,,,,,98203,Everett,Everett
637,647,647,2017,438,E727404,4.0,2017-10-26,8:56,26,10,0.0,63,Spokane,2113,1,0.0,1,1,2,1,0,2,2,8:57,9:01,9:44,12,0,6,89.6,2,0,2,3,2,1,3,0,0,20,3,SR-27,E GRACE AVE,-117.2397167,47.683897222,0,1,87,17,2,25,15,0,0,1,2,12,1,2,2,1,1,1,1,53,0,12,422,1997,0,0.0,12,,,,,,1,1,40,2,0.0,0.0,2,0,3,0,11,0,,,,,0.0,0.0,3.0,3.0,1,38,0.0,0.0,0.0,96,,,,,,9,,,,,,99206,53,66.0,130.0,6.0,1.0,0.0,0.0,0.0,0.0,0.0,1,,,,,,0,,,20,0,0,0,8.0,9,8,,,0,0.0,0.0,8,1,2.0,1.0,0.0,0.0,1.0,0.0,0.0,2,1,0.15,,,,,,,,,,,,,,,,,,,,,,,,,,,,,,0,0,0,1,1,1,1,1,1,0,0,0,0,0,0,0,0,0,1,0,0,0,0,0,0,0,0,0,1,1,0,0,0,0,0,,0,0,0,0,0,1,0,1,0,0,1,0,0,1,0,1,,,,,,36-40,36-45,State route,U,Thursday,Belt Used,PV,Not Fatal,1,0,0,0,State Route,State Patrol,Washington State Patrol Headquarter,0,1,0,0,0,,,,,,,,,,,,,,,,,,,,,,,,,,,,,,,,,,,,,,,,,,,,99206,Spokane,Spokane
638,648,648,2017,438,E727404,4.0,2017-10-26,8:56,26,10,0.0,63,Spokane,2113,1,0.0,1,1,2,1,0,2,2,8:57,9:01,9:44,12,0,6,89.6,2,0,2,3,2,1,3,0,0,0,0,SR-27,E GRACE AVE,-117.2397167,47.683897222,0,2,86,66,4,35,80,0,0,1,2,12,1,2,4,1,1,1,1,53,0,50,706,2017,0,0.0,12,,,,,,1,1,35,2,7.0,1.0,4,0,5,0,11,5,10/26/2017,9:49,211153046853.0,46853.0,0.0,0.0,0.0,3.0,1,0,0.0,0.0,0.0,0,,,,,,0,,,,,,99206,53,68.0,250.0,6.0,1.0,0.0,0.0,0.0,2.0,0.0,0,,,,,,0,07/15/2013,03/15/2016,20,8,0,0,0.0,9,8,,,0,0.0,0.0,8,9,2.0,605.0,0.0,0.0,1.0,0.0,0.0,2,1,0.0,,,,,,,,,,,,,,,,,,,,,,,,,,,,,,0,0,0,1,1,1,1,1,1,0,0,0,0,0,0,0,0,0,1,0,0,0,0,0,0,0,0,0,1,1,0,0,0,0,1,0.0,0,0,0,0,0,0,1,1,0,0,0,0,0,0,1,0,,,,,,31-35,26-35,State route,U,Thursday,,MC,White,1,0,0,0,State Route,State Patrol,Washington State Patrol Headquarter,0,1,0,0,0,thc,1.1,carboxy-thc,9.8,,,,,,,,,,,,,,,,,,,,,,,,,,,,,,,,,,,,,,,,99206,Spokane,Spokane