,index,Unnamed: 0,year,case,par,repjur,crash_dt,crash_tm,accday,accmon,holiday,county,co_char,city,weather,weather2,lightcond,surfcond,surftype,numfatal,nmforms,pforms,vforms,not_tm,arr_tm,hosp_tm,fhevent,hitrun,manncol,milepnt,reljunc,reljuncinter,intersectiontype,funcsystem,landuse,ownership,route,schlbus,spejur,contdev,devfunc,trafid1,trafid2,lon,lat,wk_zone,vnumber,crashtype,criticalevent,criticaleventcat,spdlim,body,trailer,emerg,hazcargo,leave,mhevent,roadalgn,roadprof,traflane,trafflow,vehmanvr,numoccs,regowner,regstate,spuse,make,model,modelyr,vrf1,vrf2,seqevent1,seqevent2,seqevent3,seqevent4,seqevent5,seqevent6,pnumber,ptype,age,sex,hispanic,race,injury,diedscene,restraint,restraintmisuse,seatpos,takehosp,death_dt,death_tm,cert,cernum_wa,commlic,licendor,licrestrict,liccomp,drivpres,drf1,drf2,drf3,drf4,distract1,distract2,distract3,distract4,distract5,distract6,dricond1,dricond2,dricond3,dricond4,dricond5,dricond6,dzip,licstate,drhgt_in,weight,noncdl,noncdltype,prevdwi,prevoth,prevacc,prevspd,prevsus,driviol1,driviol2,driviol3,driviol4,driviol5,driviol6,spdrel,first_dt,last_dt,airbag,ejection,ejectpath,extricat,injurwrk,methalc,methdrug,nmlocat,strikveh,prf1,prf2,prf3,druginv,alcinvol,drugsts,drugres1,drugres2,drugres3,drugtst1,drugtst2,drugtst3,alcsts,alctst,alcres,nmact1,nmact2,nmact3,nmact4,nmact5,nmact6,nmprior1,nmprior2,nmprior3,nmprior4,nmprior5,nmprior6,nmcond1,nmcond2,nmcond3,nmcond4,nmcond5,nmcond6,nmsafe_helmet,nmsafe_pads,nmsafe_oth,nmprev_ref,nmprev_lgt,nmprev_oth,crashlocation,nmcrashtype,crosswalk,schoolzone,sidewalk,train_inv,wildlife_inv,rotr_fars,intersect_fars,dd_inv,aid_inv,dpd_inv,id_inv,mj_inv,impnm_inv,ainm_inv,dpnm_inv,speed_inv,unlic_inv,unendmc_inv,drowsy_inv,drdist_inv,nmdist_inv,fty_inv,unrestfat_inv,dr1617_inv,dr1820_inv,dr1620_inv,dr2125_inv,dr1625_inv,dr65_inv,dr70_inv,dr75_inv,mc_inv,pv_inv,ht_inv,ped_inv,bike_inv,unrest_fat,mc_fat,unhelmet_mc,pv_fat,ht_fat,ped_fat,bike_fat,dr_alc7,dr_alc8,dr_drug,dr_imp,dr_dist,dr_spd,dr_fty,dr_unlic,dr_alc7only,dr_alc8only,dr_drugonly,dr_drink,nm_imp,nm_alc7,nm_alc8,nm_drug,nm_dist,agegrp1,agegrp2,roadclass,urbrur,dayweek,restuse,vehtype,race_me,intersect,lanedep,oppdir,wrongway,rep_typ,investag,repag_long,rotr,st_rd,cty_rd,city_rd,oth_rd,drug_thc,thc_res,drug_cthc,cthc_res,drug_cann,prevpersemin,prevperse,prevsusoth,drugtst4,drugtst5,drugtst6,drugtst7,drugtst8,drugres4,drugres5,drugres6,drugres7,drugres8,adspresent,adsengaged,adslevel,race1,race2,race3,race4,race5,helmet,helmetmisuse,nmdistract1,nmdistract2,nmdistract3,nmdistract4,nmdistract5,nmdistract6,lab,isedtcase,crf1,crf2,crf3,CoRoadName,CoMP,IntCoRoadName,IntCoMP,crashzip,dcity,crashcity
639,649,649,2017,439,E728122,172.0,2017-10-26,6:57,26,10,0.0,61,Snohomish,1120,10,0.0,3,1,2,1,0,7,3,,,,12,0,6,0.0,2,0,3,4,2,4,6,0,0,3,3,20TH ST SE,91ST AVE SE,-122.1089111,47.977997222,0,1,68,15,2,35,2,0,0,1,2,12,1,2,4,1,11,3,1,53,0,12,3,2000,0,0.0,12,68.0,12.0,,,,1,1,50,1,0.0,0.0,1,0,99,0,11,8,,,,,0.0,0.0,0.0,3.0,1,38,0.0,0.0,0.0,96,,,,,,9,,,,,,98271,53,72.0,190.0,6.0,1.0,0.0,0.0,1.0,0.0,0.0,1,12.0,,,,,0,09/15/2014,09/15/2014,1,0,0,0,8.0,9,2,,,0,0.0,0.0,1,9,2.0,401.0,417.0,0.0,1.0,1.0,0.0,2,1,0.0,,,,,,,,,,,,,,,,,,,,,,,,,,,,,,0,0,0,1,0,0,1,1,0,0,0,0,0,0,0,0,1,0,1,0,0,0,0,0,0,0,0,0,0,1,0,0,0,0,0,,0,0,0,0,0,0,1,1,0,0,1,0,0,0,1,0,,,,,,46-50,46-55,City street,U,Thursday,Unknown,PV,Not Fatal,1,0,0,0,City Street,Municipal/City Police,Lake Stevens Police Department,0,0,0,1,0,,,,,,,,,,,,,,,,,,,,,,,,,,,,,,,,,,,,,,,,,,,,98258,Marysville,Lake Stevens
640,650,650,2017,439,E728122,172.0,2017-10-26,6:57,26,10,0.0,61,Snohomish,1120,10,0.0,3,1,2,1,0,7,3,,,,12,0,6,0.0,2,0,3,4,2,4,6,0,0,3,3,20TH ST SE,91ST AVE SE,-122.1089111,47.977997222,0,2,69,60,4,35,34,0,0,1,2,12,1,2,4,1,1,3,2,53,0,20,481,2011,0,0.0,12,68.0,12.0,,,,1,1,38,1,0.0,0.0,0,0,3,0,11,0,,,,,0.0,0.0,0.0,3.0,1,0,0.0,0.0,0.0,1,,,,,,0,,,,,,98258,53,64.0,180.0,6.0,1.0,0.0,1.0,0.0,0.0,0.0,0,,,,,,0,02/15/2015,02/15/2015,1,0,0,0,8.0,9,8,,,0,0.0,0.0,8,0,0.0,0.0,0.0,0.0,0.0,0.0,0.0,0,0,996.0,,,,,,,,,,,,,,,,,,,,,,,,,,,,,,0,0,0,1,0,0,1,1,0,0,0,0,0,0,0,0,1,0,1,0,0,0,0,0,0,0,0,0,0,1,0,0,0,0,0,,0,0,0,0,0,0,0,0,1,0,0,0,0,0,0,0,,,,,,36-40,36-45,City street,U,Thursday,Belt Used,PV,Not Fatal,1,0,0,0,City Street,Municipal/City Police,Lake Stevens Police Department,0,0,0,1,0,,,,,,,,,,,,,,,,,,,,,,,,,,,,,,,,,,,,,,,,,,,,98258,Lake Stevens,Lake Stevens
641,651,651,2017,439,E728122,172.0,2017-10-26,6:57,26,10,0.0,61,Snohomish,1120,10,0.0,3,1,2,1,0,7,3,,,,12,0,6,0.0,2,0,3,4,2,4,6,0,0,3,3,20TH ST SE,91ST AVE SE,-122.1089111,47.977997222,0,3,98,66,4,35,4,0,0,1,2,12,1,2,3,1,5,1,1,53,0,12,23,2016,0,0.0,12,12.0,,,,,1,1,42,2,0.0,0.0,0,0,3,0,11,0,,,,,0.0,0.0,0.0,3.0,1,0,0.0,0.0,0.0,0,,,,,,0,,,,,,98258,53,65.0,245.0,6.0,1.0,0.0,1.0,0.0,1.0,0.0,0,,,,,,0,06/15/2014,03/15/2015,20,0,0,0,8.0,9,8,,,0,0.0,0.0,8,0,0.0,0.0,0.0,0.0,0.0,0.0,0.0,0,0,996.0,,,,,,,,,,,,,,,,,,,,,,,,,,,,,,0,0,0,1,0,0,1,1,0,0,0,0,0,0,0,0,1,0,1,0,0,0,0,0,0,0,0,0,0,1,0,0,0,0,0,,0,0,0,0,0,0,0,0,0,0,0,0,0,0,0,0,,,,,,41-45,36-45,City street,U,Thursday,Belt Used,PV,Not Fatal,1,0,0,0,City Street,Municipal/City Police,Lake Stevens Police Department,0,0,0,1,0,,,,,,,,,,,,,,,,,,,,,,,,,,,,,,,,,,,,,,,,,,,,98258,Lake Stevens,Lake Stevens
642,652,652,2017,440,E728240,42.0,2017-10-28,22:17,28,10,0.0,67,Thurston,0,1,0.0,3,1,2,1,0,2,2,,,,12,0,6,27.5,2,0,3,5,1,2,4,0,0,0,0,CR-148TH AVE SE,SOLBERG RD SE,-122.6237278,46.872322222,0,1,68,15,2,50,34,0,0,1,2,12,1,1,2,1,11,1,1,53,0,7,482,2005,0,0.0,12,,,,,,1,1,32,1,0.0,0.0,0,0,3,0,11,0,,,,,0.0,0.0,0.0,3.0,1,91,0.0,0.0,0.0,96,,,,,,9,,,,,,98597,53,69.0,180.0,6.0,1.0,0.0,0.0,0.0,0.0,0.0,1,,,,,,0,,,20,0,0,0,8.0,9,8,,,0,0.0,0.0,8,1,2.0,605.0,0.0,0.0,1.0,0.0,0.0,2,1,0.17,,,,,,,,,,,,,,,,,,,,,,,,,,,,,,0,0,0,1,1,1,1,1,1,0,0,0,0,0,1,0,1,0,0,0,0,0,0,0,0,0,0,0,1,0,0,0,0,0,0,,0,0,0,0,0,1,1,1,0,0,0,0,0,0,0,1,,,,,,31-35,26-35,County road,R,Saturday,Belt Used,PV,Not Fatal,1,0,0,0,County Road,County Sheriff,Thurston County Sheriff's Office,0,0,1,0,0,thc,6.8,carboxy-thc,42.0,,,,,,,,,,,,,,,,,,,,,,,,,,,,,,,,,,,,,,,,98597,Yelm,Yelm
643,653,653,2017,440,E728240,42.0,2017-10-28,22:17,28,10,0.0,67,Thurston,0,1,0.0,3,1,2,1,0,2,2,,,,12,0,6,27.5,2,0,3,5,1,2,4,0,0,0,0,CR-148TH AVE SE,SOLBERG RD SE,-122.6237278,46.872322222,0,2,69,62,4,50,80,0,0,1,2,12,1,1,2,1,1,1,1,53,0,53,706,1999,0,0.0,12,,,,,,1,1,34,1,6.0,1.0,4,7,19,0,11,0,10/28/2017,22:17,53047240.0,47240.0,0.0,0.0,0.0,2.0,1,0,0.0,0.0,0.0,92,,,,,,0,,,,,,98597,53,76.0,185.0,6.0,1.0,0.0,0.0,0.0,0.0,0.0,0,,,,,,0,,,20,8,0,0,0.0,9,8,,,0,0.0,0.0,8,9,2.0,401.0,417.0,0.0,1.0,1.0,0.0,2,1,0.0,,,,,,,,,,,,,,,,,,,,,,,,,,,,,,0,0,0,1,1,1,1,1,1,0,0,0,0,0,1,0,1,0,0,0,0,0,0,0,0,0,0,0,1,0,0,0,0,0,1,0.0,0,0,0,0,0,0,1,1,1,0,0,0,0,0,1,0,,,,,,31-35,26-35,County road,R,Saturday,,MC,Hispanic,1,0,0,0,County Road,County Sheriff,Thurston County Sheriff's Office,0,0,1,0,0,,,,,,,,,,,,,,,,,,,,,,,,,,,,,,,,,,,,,,,,,,,,98597,Yelm,Yelm
644,654,654,2017,441,E720789,278.0,2017-10-09,19:25,9,10,7.0,63,Spokane,2110,1,0.0,3,1,2,1,1,1,1,,,,8,0,0,0.0,3,0,2,3,2,4,6,0,0,0,0,FRANCIS AVE,CINCINNATI ST,-117.3980194,47.715072222,0,1,13,80,5,30,4,0,0,1,5,8,1,1,5,1,1,1,2,18,0,19,18,2008,0,0.0,8,,,,,,1,1,67,1,0.0,0.0,0,0,3,0,11,0,,,,,0.0,0.0,3.0,3.0,1,38,0.0,0.0,0.0,93,,,,,,9,,,,,,99217,53,67.0,180.0,6.0,1.0,0.0,1.0,1.0,1.0,0.0,9,,,,,,0,02/15/2014,10/15/2014,20,0,0,0,8.0,9,8,,,0,0.0,0.0,1,9,8.0,95.0,0.0,0.0,6.0,0.0,0.0,8,95,995.0,,,,,,,,,,,,,,,,,,,,,,,,,,,,,,0,0,0,1,0,0,0,0,0,0,0,0,0,0,0,0,1,0,1,0,0,0,0,0,0,1,0,0,0,1,0,1,0,0,0,,0,0,0,0,0,0,0,0,1,0,1,0,0,0,0,0,,,,,,66-70,66-75,City street,U,Monday,Belt Used,PV,Not Fatal,1,0,0,0,City Street,Municipal/City Police,Spokane Police Department,0,0,0,1,0,,,,,,,,,,,,,,,,,,,,,,,,,,,,,,,,,,,,,,,,,,,,99208,Spokane,Spokane
645,655,655,2017,442,E728776,35.0,2017-10-28,18:42,28,10,0.0,53,Pierce,0,5,0.0,3,1,2,1,0,3,2,,,,12,0,8,2.0,2,0,2,4,1,2,4,0,0,0,0,CR-304TH ST E,WEBSTER RD E,-122.3155806,46.980180556,0,1,69,54,3,45,16,0,0,1,2,1,1,3,2,1,1,1,2,53,0,20,431,1994,0,0.0,12,63.0,1.0,,,,1,1,33,1,7.0,1.0,4,0,20,0,11,4,10/28/2017,20:30,223053046908.0,46908.0,0.0,0.0,0.0,3.0,1,0,0.0,0.0,0.0,96,,,,,,9,,,,,,98580,53,67.0,150.0,6.0,1.0,0.0,1.0,0.0,2.0,0.0,0,,,,,,3,12/15/2014,07/15/2016,20,1,9,0,0.0,1,8,,,0,0.0,0.0,8,1,2.0,348.0,605.0,0.0,1.0,1.0,0.0,2,1,0.12,,,,,,,,,,,,,,,,,,,,,,,,,,,,,,0,0,0,1,1,1,1,1,1,0,0,0,1,0,0,0,0,0,0,1,0,0,0,0,0,0,0,0,0,1,0,0,0,1,0,,1,0,0,0,0,1,1,1,0,1,0,0,0,0,0,1,,,,,,31-35,26-35,County road,R,Saturday,Not Used,PV,White,1,0,0,0,County Road,County Sheriff,Law Enforcement Support Agency,0,0,1,0,0,thc,2.5,,,,,,,,,,,,,,,,,,,,,,,,,,,,,,,,,,,,,,,,,,98338,Roy,Graham
646,656,656,2017,442,E728776,35.0,2017-10-28,18:42,28,10,0.0,53,Pierce,0,5,0.0,3,1,2,1,0,3,2,,,,12,0,8,2.0,2,0,2,4,1,2,4,0,0,0,0,CR-304TH ST E,WEBSTER RD E,-122.3155806,46.980180556,0,2,68,54,3,45,14,0,0,1,5,12,1,3,2,1,11,2,1,53,0,2,403,2008,0,0.0,12,,,,,,1,1,54,2,0.0,0.0,0,0,3,0,11,0,,,,,0.0,0.0,3.0,3.0,1,0,0.0,0.0,0.0,0,,,,,,0,,,,,,98597,53,64.0,163.0,6.0,1.0,0.0,0.0,0.0,1.0,0.0,0,,,,,,0,05/15/2014,05/15/2014,20,0,0,0,8.0,9,8,,,0,0.0,0.0,8,0,0.0,0.0,0.0,0.0,0.0,0.0,0.0,0,0,996.0,,,,,,,,,,,,,,,,,,,,,,,,,,,,,,0,0,0,1,1,1,1,1,1,0,0,0,1,0,0,0,0,0,0,1,0,0,0,0,0,0,0,0,0,1,0,0,0,0,0,,0,0,0,0,0,0,0,0,0,0,0,0,0,0,0,0,,,,,,51-55,46-55,County road,R,Saturday,Belt Used,PV,Not Fatal,1,0,0,0,County Road,County Sheriff,Law Enforcement Support Agency,0,0,1,0,0,,,,,,,,,,,,,,,,,,,,,,,,,,,,,,,,,,,,,,,,,,,,98338,Yelm,Graham
647,657,657,2017,443,E733974,1.0,2017-10-29,5:21,29,10,0.0,5,Benton,0,5,0.0,2,1,1,1,1,3,3,,,,12,0,7,94.7,1,0,1,1,1,1,1,0,0,0,0,I-82,,-119.5010444,46.256816667,0,1,98,50,3,70,4,0,0,1,2,12,1,1,2,2,1,1,9,99,0,37,32,1998,0,0.0,12,,,,,,1,1,47,1,0.0,0.0,0,0,3,0,11,0,,,,,0.0,0.0,0.0,3.0,1,0,0.0,0.0,0.0,96,,,,,,0,,,,,,99350,53,68.0,175.0,6.0,1.0,0.0,0.0,0.0,0.0,0.0,0,,,,,,4,,,20,0,0,0,8.0,9,8,,,0,0.0,0.0,8,0,0.0,0.0,0.0,0.0,0.0,0.0,0.0,0,0,996.0,,,,,,,,,,,,,,,,,,,,,,,,,,,,,,0,0,0,0,0,0,0,0,0,1,1,0,1,0,0,0,0,0,0,0,0,0,0,0,0,0,0,0,0,1,0,1,0,0,0,,0,0,0,0,0,0,0,0,0,1,0,0,0,0,0,0,,,,,,46-50,46-55,Interstate,R,Sunday,Belt Used,PV,Not Fatal,0,0,0,0,State Route,State Patrol,Washington State Patrol Headquarter,0,1,0,0,0,,,,,,,,,,,,,,,,,,,,,,,,,,,,,,,,,,,,,,,,,,,,99320,Prosser,Benton City
648,658,658,2017,443,E733974,1.0,2017-10-29,5:21,29,10,0.0,5,Benton,0,5,0.0,2,1,1,1,1,3,3,,,,12,0,7,94.7,1,0,1,1,1,1,1,0,0,0,0,I-82,,-119.5010444,46.256816667,0,2,98,50,3,70,4,0,0,1,2,8,1,1,2,2,1,2,1,53,0,35,43,2001,0,0.0,12,8.0,,,,,1,1,45,1,0.0,0.0,0,0,3,0,11,0,,,,,0.0,0.0,0.0,3.0,1,0,0.0,0.0,0.0,96,,,,,,0,,,,,,98930,53,67.0,190.0,6.0,1.0,0.0,0.0,1.0,0.0,0.0,0,,,,,,4,11/15/2016,11/15/2016,1,0,0,0,8.0,9,8,,,0,0.0,0.0,8,0,0.0,0.0,0.0,0.0,0.0,0.0,0.0,0,0,996.0,,,,,,,,,,,,,,,,,,,,,,,,,,,,,,0,0,0,0,0,0,0,0,0,1,1,0,1,0,0,0,0,0,0,0,0,0,0,0,0,0,0,0,0,1,0,1,0,0,0,,0,0,0,0,0,0,0,0,0,1,0,0,0,0,0,0,,,,,,41-45,36-45,Interstate,R,Sunday,Belt Used,PV,Not Fatal,0,0,0,0,State Route,State Patrol,Washington State Patrol Headquarter,0,1,0,0,0,,,,,,,,,,,,,,,,,,,,,,,,,,,,,,,,,,,,,,,,,,,,99320,Grandview,Benton City
649,659,659,2017,444,E717650,46.0,2017-09-19,9:20,19,9,0.0,75,Whitman,2240,2,0.0,1,2,2,1,0,1,1,,,,3,0,0,0.5,1,0,1,5,2,2,4,0,0,0,0,CR-FARMINGTON,,-117.0682056,47.219166667,0,1,0,12,2,98,14,0,0,1,2,3,2,4,2,1,14,1,1,53,0,2,407,2014,0,0.0,68,64.0,3.0,,,,1,1,80,1,7.0,1.0,4,7,3,0,11,0,09/19/2017,9:20,224053041407.0,41407.0,0.0,0.0,0.0,3.0,1,0,0.0,0.0,0.0,0,,,,,,2,,,,,,99130,53,74.0,212.0,6.0,1.0,0.0,0.0,0.0,0.0,0.0,0,,,,,,0,,,8,0,0,1,0.0,9,8,,,0,0.0,0.0,8,9,2.0,996.0,996.0,0.0,1.0,1.0,0.0,2,1,0.026,,,,,,,,,,,,,,,,,,,,,,,,,,,,,,0,0,0,0,1,0,1,1,0,0,0,0,0,0,0,1,0,0,0,0,0,0,0,0,0,1,1,1,0,1,0,0,0,0,0,,1,0,0,0,1,0,1,1,0,0,0,0,0,0,0,1,,,,,,76-80,76+,County road,U,Tuesday,Belt Used,PV,White,0,1,0,0,City Street,County Sheriff,Whitman County Sheriff's Office,1,0,0,1,0,,,,,,,,,,,,,,,,,,,,,,,,,,,,,,,,,,,,,,,,,,,,99033,Garfield,Tekoa
650,660,660,2017,445,E731604,13.0,2017-10-16,8:49,16,10,0.0,9,Clallam,0,1,0.0,1,1,2,1,0,1,1,8:50,9:00,9:40,42,0,0,2.5,1,0,1,7,1,2,4,0,0,0,0,CR-RIVER RD,,-123.1438278,48.043075,0,1,1,13,2,35,34,0,0,1,2,42,1,1,2,4,1,1,1,53,0,20,481,1989,0,0.0,63,42.0,,,,,1,1,78,1,7.0,1.0,4,0,99,0,11,5,10/18/2017,22:20,53045367.0,45367.0,0.0,0.0,0.0,3.0,1,0,0.0,0.0,0.0,92,,,,,,0,,,,,,98382,53,74.0,182.0,6.0,1.0,0.0,0.0,0.0,0.0,0.0,0,,,,,,9,,,20,0,0,0,0.0,9,8,,,0,0.0,0.0,9,9,2.0,1.0,0.0,0.0,1.0,0.0,0.0,2,1,0.0,,,,,,,,,,,,,,,,,,,,,,,,,,,,,,0,0,1,0,0,0,0,0,0,0,0,0,0,0,0,0,1,0,0,0,0,0,0,0,0,1,1,1,0,0,0,0,0,0,0,,0,0,0,0,0,0,0,0,1,0,0,0,0,0,0,0,,,,,,76-80,76+,County road,R,Monday,Unknown,PV,White,0,1,0,0,County Road,County Sheriff,Clallam County Sheriff's Office,1,0,1,0,0,,,,,,,,,,,,,,,,,,,,,,,,,,,,,,,,,,,,,,,,,,,,98382,Sequim,Sequim
651,661,661,2017,446,3753162,263.0,2017-09-15,17:59,15,9,0.0,33,King,1960,1,0.0,1,1,1,1,0,1,1,,,,10,0,0,0.0,6,0,1,3,2,4,6,0,0,65,3,M L KING JR WAY,S MYRTLE,-122.2821944,47.538902778,0,1,98,98,7,30,4,0,0,1,2,10,1,1,2,3,11,1,1,53,0,49,32,1999,0,0.0,10,,,,,,1,1,42,1,7.0,48.0,4,0,99,0,11,4,10/10/2017,23:20,196053045065.0,45065.0,0.0,0.0,0.0,3.0,1,0,0.0,0.0,0.0,6,,,,,,99,,,,,,98144,53,66.0,170.0,6.0,1.0,0.0,0.0,1.0,0.0,0.0,0,,,,,,0,06/15/2017,06/15/2017,99,0,0,1,0.0,9,8,,,0,0.0,0.0,8,9,2.0,348.0,402.0,0.0,1.0,1.0,0.0,2,1,0.0,,,,,,,,,,,,,,,,,,,,,,,,,,,,,,1,0,0,0,0,0,1,1,0,0,0,0,0,0,0,0,1,0,0,0,0,0,0,0,0,0,0,0,0,1,0,0,0,0,0,,1,0,0,0,0,0,1,1,1,0,0,0,0,0,1,0,,,,,,41-45,36-45,City street,U,Friday,Unknown,PV,API,1,0,0,0,City Street,Municipal/City Police,Seattle Police Department,0,0,0,1,0,,,,,,,,,,,,,,,,,,,,,,,,,,,,,,,,,,,,,,,,,,,,98118,Seattle,Seattle
652,662,662,2017,447,3658375,344.0,2017-09-30,15:51,30,9,0.0,77,Yakima,0,1,0.0,1,1,4,1,0,1,1,15:49,16:05,16:46,1,0,0,0.0,1,0,1,7,1,2,4,0,3,0,0,CR-N SHAKER CHURCH RD,,-120.6697667,46.388372222,0,1,6,12,2,50,4,0,0,1,2,1,1,3,2,1,1,1,1,53,0,20,16,2000,0,0.0,68,64.0,1.0,,,,1,1,28,2,7.0,3.0,4,0,99,0,11,5,09/30/2017,17:09,230053042774.0,42774.0,0.0,0.0,0.0,0.0,1,0,0.0,0.0,0.0,92,,,,,,98,,,,,,98952,53,62.0,185.0,0.0,0.0,0.0,0.0,0.0,0.0,0.0,0,,,,,,0,,,20,9,0,0,0.0,9,8,,,0,0.0,0.0,8,8,2.0,1.0,0.0,0.0,1.0,0.0,0.0,2,1,0.13,,,,,,,,,,,,,,,,,,,,,,,,,,,,,,0,0,1,0,1,1,0,1,0,0,0,0,0,1,0,0,1,0,0,0,0,0,0,0,0,0,0,0,0,1,0,0,0,0,0,,1,0,0,0,0,1,0,1,1,0,0,1,0,1,0,1,,,,,,26-30,26-35,County road,R,Saturday,Unknown,PV,AIAN,0,0,0,0,Other,Other Law Enforcement,Yakama Tribal Police Department,0,0,0,0,1,,,,,,,,,,,,,,,,,,,,,,,,,,,,,,,,,,,,,,,,,,,,98933,White Swan,Harrah
653,663,663,2017,448,3764453,263.0,2017-07-10,1:03,10,7,0.0,33,King,1960,2,0.0,3,2,1,1,1,1,1,,,,8,0,0,0.0,1,0,1,4,2,4,6,0,0,0,0,RENTON AVE S,,-122.2665444,47.514788889,0,1,13,80,5,35,2,0,0,1,2,8,1,1,2,1,1,1,4,53,0,37,31,1997,0,0.0,8,,,,,,1,1,33,2,0.0,0.0,0,0,3,0,11,0,,,,,0.0,0.0,0.0,3.0,1,0,0.0,0.0,0.0,1,,,,,,98,,,,,,98146,53,59.0,110.0,6.0,1.0,0.0,3.0,3.0,0.0,3.0,0,,,,,,0,08/15/2014,02/15/2017,20,0,0,0,8.0,9,8,,,0,0.0,0.0,8,8,0.0,0.0,0.0,0.0,0.0,0.0,0.0,0,0,996.0,,,,,,,,,,,,,,,,,,,,,,,,,,,,,,0,0,0,0,0,0,0,0,0,1,1,0,0,0,0,0,1,1,0,0,0,0,0,0,0,0,0,0,0,1,0,1,0,0,0,,0,0,0,0,0,0,0,0,1,0,0,0,0,0,0,0,,,,,,31-35,26-35,City street,U,Monday,Belt Used,PV,Not Fatal,0,0,0,0,City Street,Municipal/City Police,Seattle Police Department,0,0,0,1,0,,,,,,,,,,,,,,,,,,,,,,,,,,,,,,,,,,,,,,,,,,,,98118,Seattle,Seattle
654,664,664,2017,449,E728921,11.0,2017-10-25,6:14,25,10,0.0,5,Benton,0,1,0.0,2,1,2,1,0,2,2,,,,12,0,2,3.3,1,0,1,5,1,2,4,0,0,0,0,CR-WEBBER CANYON RD,,-119.4362722,46.219830556,0,1,50,10,2,50,34,0,0,1,2,12,4,2,8,1,6,1,1,53,0,49,471,1989,0,0.0,68,12.0,,,,,1,1,56,2,1.0,1.0,4,7,3,0,11,0,10/25/2017,6:14,12053046198.0,46198.0,6.0,0.0,0.0,3.0,1,33,0.0,0.0,0.0,96,,,,,,99,,,,,,99321,53,68.0,250.0,6.0,1.0,0.0,0.0,0.0,1.0,0.0,0,,,,,,0,03/15/2016,03/15/2016,20,0,0,0,0.0,9,8,,,0,0.0,0.0,8,9,2.0,1.0,0.0,0.0,1.0,0.0,0.0,2,1,0.0,,,,,,,,,,,,,,,,,,,,,,,,,,,,,,0,0,0,0,0,0,0,0,0,0,0,0,0,0,0,0,0,0,0,0,0,0,0,0,0,0,0,0,0,0,0,0,0,0,0,,0,0,0,0,0,0,0,0,0,0,0,0,0,0,0,0,,,,,,56-60,56-65,County road,R,Wednesday,Belt Used,PV,Hispanic,0,1,1,0,County Road,County Sheriff,Benton County Sheriff's Office,0,0,1,0,0,,,,,,,,,,,,,,,,,,,,,,,,,,,,,,,,,,,,,,,,,,,,99320,Beverly,Benton City
655,665,665,2017,449,E728921,11.0,2017-10-25,6:14,25,10,0.0,5,Benton,0,1,0.0,2,1,2,1,0,2,2,,,,12,0,2,3.3,1,0,1,5,1,2,4,0,0,0,0,CR-WEBBER CANYON RD,,-119.4362722,46.219830556,0,2,51,62,4,50,52,0,0,1,2,12,4,2,8,1,14,15,3,53,0,94,983,1997,0,0.0,12,,,,,,1,1,50,1,0.0,0.0,0,0,3,0,11,0,,,,,6.0,1.0,0.0,3.0,1,0,0.0,0.0,0.0,0,,,,,,0,,,,,,99301,53,67.0,240.0,6.0,1.0,0.0,0.0,0.0,0.0,0.0,0,,,,,,0,,,20,0,0,0,8.0,9,8,,,0,0.0,0.0,8,0,0.0,0.0,0.0,0.0,0.0,0.0,0.0,0,0,996.0,,,,,,,,,,,,,,,,,,,,,,,,,,,,,,0,0,0,0,0,0,0,0,0,0,0,0,0,0,0,0,0,0,0,0,0,0,0,0,0,0,0,0,0,0,0,0,0,0,0,,0,0,0,0,0,0,0,0,0,0,0,0,0,0,0,0,,,,,,46-50,46-55,County road,R,Wednesday,,BUS,Not Fatal,0,1,1,0,County Road,County Sheriff,Benton County Sheriff's Office,0,0,1,0,0,,,,,,,,,,,,,,,,,,,,,,,,,,,,,,,,,,,,,,,,,,,,99320,Pasco,Benton City
656,666,666,2017,450,E734038,2.0,2017-10-30,19:32,30,10,0.0,29,Island,0,1,0.0,2,1,2,1,0,1,1,,,,30,0,0,2.2,1,0,1,7,1,2,4,0,0,0,0,CR-163 S EBEY ROAD,,-122.6957083,48.202138889,0,1,6,10,2,35,5,0,0,1,2,30,3,2,2,1,14,1,1,53,0,12,37,2005,0,0.0,68,64.0,30.0,1.0,,,1,1,33,1,7.0,1.0,4,7,20,0,11,0,10/30/2017,19:32,47053047236.0,47236.0,0.0,0.0,0.0,3.0,1,0,0.0,0.0,0.0,96,,,,,,9,,,,,,98239,53,65.0,130.0,6.0,1.0,0.0,0.0,0.0,0.0,0.0,0,,,,,,4,,,1,0,0,0,0.0,9,8,,,0,0.0,0.0,8,1,2.0,1.0,0.0,0.0,1.0,0.0,0.0,2,1,0.16,,,,,,,,,,,,,,,,,,,,,,,,,,,,,,0,0,1,0,1,1,0,1,0,0,0,0,1,0,0,0,0,0,0,1,0,0,0,0,0,0,0,0,0,1,0,0,0,1,0,,1,0,0,0,0,1,0,1,0,1,0,0,0,1,0,1,,,,,,31-35,26-35,County road,R,Monday,Not Used,PV,White,0,1,0,0,County Road,State Patrol,Washington State Patrol Headquarter,1,0,1,0,0,,,,,,,,,,,,,,,,,,,,,,,,,,,,,,,,,,,,,,,,,,,,98239,Coupeville,Coupeville