,index,Unnamed: 0,year,case,par,repjur,crash_dt,crash_tm,accday,accmon,holiday,county,co_char,city,weather,weather2,lightcond,surfcond,surftype,numfatal,nmforms,pforms,vforms,not_tm,arr_tm,hosp_tm,fhevent,hitrun,manncol,milepnt,reljunc,reljuncinter,intersectiontype,funcsystem,landuse,ownership,route,schlbus,spejur,contdev,devfunc,trafid1,trafid2,lon,lat,wk_zone,vnumber,crashtype,criticalevent,criticaleventcat,spdlim,body,trailer,emerg,hazcargo,leave,mhevent,roadalgn,roadprof,traflane,trafflow,vehmanvr,numoccs,regowner,regstate,spuse,make,model,modelyr,vrf1,vrf2,seqevent1,seqevent2,seqevent3,seqevent4,seqevent5,seqevent6,pnumber,ptype,age,sex,hispanic,race,injury,diedscene,restraint,restraintmisuse,seatpos,takehosp,death_dt,death_tm,cert,cernum_wa,commlic,licendor,licrestrict,liccomp,drivpres,drf1,drf2,drf3,drf4,distract1,distract2,distract3,distract4,distract5,distract6,dricond1,dricond2,dricond3,dricond4,dricond5,dricond6,dzip,licstate,drhgt_in,weight,noncdl,noncdltype,prevdwi,prevoth,prevacc,prevspd,prevsus,driviol1,driviol2,driviol3,driviol4,driviol5,driviol6,spdrel,first_dt,last_dt,airbag,ejection,ejectpath,extricat,injurwrk,methalc,methdrug,nmlocat,strikveh,prf1,prf2,prf3,druginv,alcinvol,drugsts,drugres1,drugres2,drugres3,drugtst1,drugtst2,drugtst3,alcsts,alctst,alcres,nmact1,nmact2,nmact3,nmact4,nmact5,nmact6,nmprior1,nmprior2,nmprior3,nmprior4,nmprior5,nmprior6,nmcond1,nmcond2,nmcond3,nmcond4,nmcond5,nmcond6,nmsafe_helmet,nmsafe_pads,nmsafe_oth,nmprev_ref,nmprev_lgt,nmprev_oth,crashlocation,nmcrashtype,crosswalk,schoolzone,sidewalk,train_inv,wildlife_inv,rotr_fars,intersect_fars,dd_inv,aid_inv,dpd_inv,id_inv,mj_inv,impnm_inv,ainm_inv,dpnm_inv,speed_inv,unlic_inv,unendmc_inv,drowsy_inv,drdist_inv,nmdist_inv,fty_inv,unrestfat_inv,dr1617_inv,dr1820_inv,dr1620_inv,dr2125_inv,dr1625_inv,dr65_inv,dr70_inv,dr75_inv,mc_inv,pv_inv,ht_inv,ped_inv,bike_inv,unrest_fat,mc_fat,unhelmet_mc,pv_fat,ht_fat,ped_fat,bike_fat,dr_alc7,dr_alc8,dr_drug,dr_imp,dr_dist,dr_spd,dr_fty,dr_unlic,dr_alc7only,dr_alc8only,dr_drugonly,dr_drink,nm_imp,nm_alc7,nm_alc8,nm_drug,nm_dist,agegrp1,agegrp2,roadclass,urbrur,dayweek,restuse,vehtype,race_me,intersect,lanedep,oppdir,wrongway,rep_typ,investag,repag_long,rotr,st_rd,cty_rd,city_rd,oth_rd,drug_thc,thc_res,drug_cthc,cthc_res,drug_cann,prevpersemin,prevperse,prevsusoth,drugtst4,drugtst5,drugtst6,drugtst7,drugtst8,drugres4,drugres5,drugres6,drugres7,drugres8,adspresent,adsengaged,adslevel,race1,race2,race3,race4,race5,helmet,helmetmisuse,nmdistract1,nmdistract2,nmdistract3,nmdistract4,nmdistract5,nmdistract6,lab,isedtcase,crf1,crf2,crf3,CoRoadName,CoMP,IntCoRoadName,IntCoMP,crashzip,dcity,crashcity
694,708,708,2017,476,E737847,2.0,2017-11-12,23:40,12,11,0.0,61,Snohomish,690,1,0.0,2,2,1,1,1,5,5,23:38,0:05,,12,0,1,194.6,1,0,1,1,2,1,1,0,0,0,0,I-5,,-122.1831556,47.988833333,0,5,98,53,3,60,9,0,0,1,2,12,1,2,3,3,1,3,9,99,0,49,40,1998,0,0.0,12,,,,,,1,1,58,2,0.0,0.0,2,0,3,0,11,4,,,,,0.0,0.0,3.0,3.0,1,0,0.0,0.0,0.0,0,,,,,,0,,,,,,98133,53,62.0,150.0,6.0,1.0,0.0,0.0,0.0,0.0,0.0,0,,,,,,0,,,20,0,0,0,8.0,9,8,,,0,0.0,0.0,8,0,0.0,0.0,0.0,0.0,0.0,0.0,0.0,0,0,996.0,,,,,,,,,,,,,,,,,,,,,,,,,,,,,,0,0,0,0,1,1,1,1,1,0,0,0,0,0,0,0,1,0,0,1,0,0,0,0,0,1,0,0,0,1,1,1,0,0,0,,0,0,0,0,0,0,0,0,0,0,0,0,0,0,0,0,,,,,,56-60,56-65,Interstate,U,Sunday,Belt Used,PV,Not Fatal,0,0,0,0,State Route,State Patrol,Washington State Patrol Headquarter,0,1,0,0,0,,,,,,,,,,,,,,,,,,,,,,,,,,,,,,,,,,,,,,,,,,,,98201,Seattle,Everett
695,709,709,2017,477,E738307,6.0,2017-11-14,12:57,14,11,0.0,37,Kittitas,0,10,0.0,1,1,2,1,0,2,2,12:59,13:07,,24,0,0,105.9,1,0,1,1,2,1,1,0,0,0,0,I-90,,-120.5699528,46.989047222,0,1,7,12,2,70,14,0,0,1,2,1,1,1,2,3,1,1,1,53,0,42,403,2014,0,0.0,64,24.0,67.0,35.0,1.0,12.0,1,1,54,2,7.0,1.0,4,7,3,0,11,0,11/14/2017,13:30,62053049466.0,49466.0,0.0,0.0,0.0,3.0,1,0,0.0,0.0,0.0,96,,,,,,9,,,,,,98902,53,65.0,125.0,6.0,1.0,0.0,0.0,0.0,1.0,0.0,0,,,,,,0,12/15/2016,12/15/2016,8,0,0,0,0.0,1,1,,,0,0.0,0.0,1,0,2.0,996.0,996.0,0.0,1.0,1.0,0.0,2,1,0.0,,,,,,,,,,,,,,,,,,,,,,,,,,,,,,0,0,0,0,0,0,1,1,0,0,0,0,0,0,0,0,0,0,0,0,0,0,0,0,0,0,0,0,0,1,1,0,0,0,0,,1,0,0,0,0,0,1,1,0,0,0,0,0,0,1,0,,,,,,51-55,46-55,Interstate,U,Tuesday,Belt Used,PV,White,0,1,0,0,State Route,State Patrol,Washington State Patrol Headquarter,1,1,0,0,0,,,,,,,,,,,,,,,,,,,,,,,,,,,,,,,,,,,,,,,,,,,,98926,Yakima,Ellensburg
696,710,710,2017,477,E738307,6.0,2017-11-14,12:57,14,11,0.0,37,Kittitas,0,10,0.0,1,1,2,1,0,2,2,12:59,13:07,,24,0,0,105.9,1,0,1,1,2,1,1,0,0,0,0,I-90,,-120.5699528,46.989047222,0,2,98,62,4,60,66,1,0,1,5,12,1,1,2,3,1,1,2,6,0,82,881,2012,0,0.0,12,,,,,,1,1,47,1,0.0,0.0,0,0,3,0,11,0,,,,,6.0,3.0,0.0,3.0,1,0,0.0,0.0,0.0,0,,,,,,0,,,,,,95948,6,74.0,200.0,6.0,1.0,0.0,0.0,1.0,3.0,0.0,0,,,,,,0,09/15/2014,09/15/2017,20,0,0,0,8.0,9,8,,,0,0.0,0.0,8,0,0.0,0.0,0.0,0.0,0.0,0.0,0.0,0,0,996.0,,,,,,,,,,,,,,,,,,,,,,,,,,,,,,0,0,0,0,0,0,1,1,0,0,0,0,0,0,0,0,0,0,0,0,0,0,0,0,0,0,0,0,0,1,1,0,0,0,0,,0,0,0,0,0,0,0,0,0,0,0,0,0,0,0,0,,,,,,46-50,46-55,Interstate,U,Tuesday,,MHTRUCK,Not Fatal,0,1,0,0,State Route,State Patrol,Washington State Patrol Headquarter,1,1,0,0,0,,,,,,,,,,,,,,,,,,,,,,,,,,,,,,,,,,,,,,,,,,,,98926,Gridley,Ellensburg
697,711,711,2017,478,E738191,22.0,2017-11-21,21:45,21,11,0.0,27,Grays Harbor,0,2,0.0,2,2,2,1,0,1,1,,,,30,0,0,7.7,1,0,1,5,1,2,4,0,0,0,0,CR-OCEAN BEACH RD,,-124.0440167,47.072016667,0,1,7,9,1,50,4,0,0,1,2,30,1,1,2,1,1,1,2,53,0,48,38,2002,0,0.0,68,64.0,30.0,,,,1,1,29,2,7.0,4.0,4,7,3,0,11,0,11/21/2017,21:45,53050944.0,50944.0,0.0,0.0,0.0,3.0,1,0,0.0,0.0,0.0,96,,,,,,99,,,,,,98520,53,59.0,145.0,6.0,1.0,0.0,0.0,0.0,0.0,0.0,0,,,,,,0,,,20,0,0,0,0.0,9,8,,,0,0.0,0.0,8,9,2.0,167.0,605.0,0.0,1.0,1.0,0.0,2,1,0.0,,,,,,,,,,,,,,,,,,,,,,,,,,,,,,0,0,0,0,0,0,1,1,1,0,0,0,0,0,0,0,0,0,0,0,0,0,0,0,0,0,0,0,0,1,0,0,0,0,0,,1,0,0,0,0,0,1,1,0,0,0,0,0,0,1,0,,,,,,26-30,26-35,County road,R,Tuesday,Belt Used,PV,API,0,1,0,0,County Road,County Sheriff,Grays Harbor County Sheriff's Offic,1,0,1,0,0,thc,16.0,carboxy-thc,120.0,,,,,,,,,,,,,,,,,,,,,,,,,,,,,,,,,,,,,,,,98550,Aberdeen,Hoquiam
698,712,712,2017,479,E735918,7.0,2017-11-13,18:06,13,11,0.0,33,King,0,6,0.0,3,2,2,1,0,3,1,,,,7,0,0,0.1,1,0,1,7,2,2,4,0,0,0,0,CR-SE 179TH ST,,-122.1281667,47.441461111,0,1,0,98,7,25,14,0,0,1,2,7,1,1,2,1,1,3,1,53,0,59,401,2001,0,0.0,7,,,,,,1,1,34,2,7.0,2.0,4,7,3,0,11,0,11/13/2017,18:06,183053050261.0,50261.0,0.0,0.0,3.0,3.0,1,0,0.0,0.0,0.0,0,,,,,,99,,,,,,98058,53,67.0,140.0,6.0,1.0,0.0,0.0,0.0,1.0,0.0,0,,,,,,0,08/15/2016,08/15/2016,20,0,0,1,0.0,9,8,,,0,0.0,0.0,8,9,2.0,1.0,0.0,0.0,1.0,0.0,0.0,2,1,0.0,,,,,,,,,,,,,,,,,,,,,,,,,,,,,,0,0,0,0,0,0,0,0,0,0,0,0,0,0,0,0,0,0,0,0,0,0,0,0,0,0,0,0,0,1,0,0,0,0,0,,1,0,0,0,0,0,0,0,0,0,0,0,0,0,0,0,,,,,,31-35,26-35,County road,U,Monday,Belt Used,PV,Black,0,0,0,0,County Road,County Sheriff,King County Police,0,0,1,0,0,,,,,,,,,,,,,,,,,,,,,,,,,,,,,,,,,,,,,,,,,,,,98058,Renton,Renton
699,713,713,2017,480,E735956,229.0,2017-11-15,19:05,15,11,0.0,21,Franklin,1660,2,0.0,3,2,5,1,0,1,1,,,,38,0,0,0.0,1,0,1,7,2,4,6,0,0,0,0,BOULDER DR,,-119.179875,46.278713889,0,1,7,12,2,25,34,0,0,1,2,19,1,1,2,1,1,1,1,53,0,7,482,2005,0,0.0,68,64.0,38.0,19.0,,,1,1,47,1,7.0,1.0,4,7,99,0,11,0,11/15/2017,19:05,166053049520.0,49520.0,0.0,0.0,0.0,3.0,1,0,0.0,0.0,0.0,0,,,,,,99,,,,,,99301,53,70.0,225.0,6.0,1.0,0.0,0.0,0.0,1.0,0.0,0,,,,,,0,07/15/2017,07/15/2017,1,0,0,0,0.0,9,8,,,0,0.0,0.0,8,9,2.0,1.0,0.0,0.0,1.0,0.0,0.0,2,1,0.0,,,,,,,,,,,,,,,,,,,,,,,,,,,,,,0,0,0,0,0,0,0,0,0,0,0,0,0,0,0,0,0,0,0,0,0,0,0,0,0,0,0,0,0,0,0,0,0,0,0,,0,0,0,0,0,0,0,0,0,0,0,0,0,0,0,0,,,,,,46-50,46-55,City street,U,Wednesday,Unknown,PV,White,0,1,0,0,City Street,Municipal/City Police,Pasco Police Department,1,0,0,1,0,,,,,,,,,,,,,,,,,,,,,,,,,,,,,,,,,,,,,,,,,,,,99301,Pasco,Pasco
700,714,714,2017,481,E736595,11.0,2017-11-05,19:36,5,11,0.0,5,Benton,0,2,0.0,2,2,2,1,1,1,1,,,,8,0,0,0.0,1,0,1,4,2,2,4,0,0,0,0,CR-COLUMBIA PARK TRAIL,,-119.2865944,46.250127778,0,1,13,80,5,40,34,0,0,1,2,8,1,2,2,8,1,1,1,53,0,7,482,2005,0,0.0,8,,,,,,1,1,61,1,0.0,0.0,0,0,3,0,11,0,,,,,0.0,0.0,0.0,3.0,1,0,0.0,0.0,0.0,0,,,,,,0,,,,,,99352,53,72.0,250.0,6.0,1.0,0.0,0.0,0.0,0.0,0.0,0,,,,,,0,,,20,0,0,0,8.0,3,8,,,0,0.0,0.0,8,0,8.0,95.0,0.0,0.0,6.0,0.0,0.0,8,95,995.0,,,,,,,,,,,,,,,,,,,,,,,,,,,,,,0,0,0,0,0,0,0,0,0,0,0,0,0,0,0,0,0,0,0,0,0,0,0,0,0,0,0,0,0,0,0,1,0,0,0,,0,0,0,0,0,0,0,0,0,0,0,0,0,0,0,0,,,,,,61-65,56-65,County road,U,Sunday,Belt Used,PV,Not Fatal,0,0,0,0,County Road,County Sheriff,Benton County Sheriff's Office,0,0,1,0,0,,,,,,,,,,,,,,,,,,,,,,,,,,,,,,,,,,,,,,,,,,,,99352,Richland,Richland
701,715,715,2017,482,E740769,2.0,2017-11-22,18:59,22,11,8.0,57,Skagit,230,10,0.0,2,1,2,1,1,1,1,,,,8,1,0,0.2,20,1,1,1,2,1,1,0,0,0,0,I-5 RAMP Q122935,,-122.3355611,48.454794444,0,1,13,80,5,98,34,0,0,1,5,8,2,1,1,6,14,1,9,53,0,7,482,2014,0,0.0,8,,,,,,1,1,23,1,0.0,0.0,0,0,99,0,11,0,,,,,0.0,0.0,0.0,2.0,1,0,0.0,0.0,0.0,93,,,,,,99,,,,,,98284,53,71.0,130.0,1.0,1.0,1.0,0.0,1.0,0.0,2.0,97,,,,,,0,08/15/2016,12/15/2016,99,0,0,0,8.0,9,8,,,0,0.0,0.0,8,9,0.0,0.0,0.0,0.0,0.0,0.0,0.0,0,0,996.0,,,,,,,,,,,,,,,,,,,,,,,,,,,,,,0,0,0,0,0,0,0,0,0,0,0,0,0,1,0,0,1,0,0,0,0,0,0,1,1,0,0,0,0,0,0,1,0,0,0,,0,0,0,0,0,0,0,0,1,0,0,1,0,0,0,0,,,,,,21-25,16-25,Interstate,U,Wednesday,Unknown,PV,Not Fatal,0,0,0,0,State Route,State Patrol,Washington State Patrol Headquarter,0,1,0,0,0,,,,,,,,,,,,,,,,,,,,,,,,,,,,,,,,,,,,,,,,,,,,98233,Sedro Woolley,Burlington
702,716,716,2017,483,E754695,8.0,2017-11-20,22:15,20,11,0.0,35,Kitsap,0,1,0.0,2,1,2,1,0,3,3,22:16,22:28,,1,0,0,0.3,5,1,1,3,1,1,3,0,0,0,0,SR-16 RAMP Q101864,,-122.6248528,47.407272222,0,1,98,6,1,98,80,0,0,1,2,12,1,1,1,6,1,1,1,53,0,98,705,1997,0,0.0,1,12.0,12.0,,,,1,1,32,1,7.0,1.0,4,0,5,0,11,1,11/21/2017,11:51,196053051126.0,51126.0,0.0,0.0,0.0,3.0,1,0,0.0,0.0,0.0,96,,,,,,99,,,,,,98359,53,69.0,155.0,6.0,1.0,0.0,0.0,1.0,0.0,0.0,0,,,,,,4,05/15/2014,05/15/2014,20,8,0,0,0.0,9,8,,,0,0.0,0.0,8,1,2.0,695.0,0.0,0.0,1.0,0.0,0.0,2,1,0.0,,,,,,,,,,,,,,,,,,,,,,,,,,,,,,0,0,0,0,1,0,1,1,1,0,0,0,1,0,0,0,0,0,0,0,0,0,0,0,0,0,0,0,1,0,1,0,0,0,1,0.0,0,0,0,0,0,0,1,1,0,1,0,0,0,0,1,1,,,,,,31-35,26-35,State route,R,Monday,,MC,White,0,1,0,0,State Route,State Patrol,Washington State Patrol Headquarter,1,1,0,0,0,,,carboxy-thc,10.0,,,,,,,,,,,,,,,,,,,,,,,,,,,,,,,,,,,,,,,,98359,Olalla,Olalla
703,717,717,2017,483,E754695,8.0,2017-11-20,22:15,20,11,0.0,35,Kitsap,0,1,0.0,2,1,2,1,0,3,3,22:16,22:28,,1,0,0,0.3,5,1,1,3,1,1,3,0,0,0,0,SR-16 RAMP Q101864,,-122.6248528,47.407272222,0,2,98,60,4,60,63,0,0,1,5,12,1,1,2,3,1,1,3,53,0,84,884,2004,0,0.0,12,,,,,,1,1,61,1,0.0,0.0,0,0,3,0,11,0,,,,,6.0,2.0,3.0,3.0,1,0,0.0,0.0,0.0,0,,,,,,0,,,,,,98366,53,71.0,200.0,6.0,1.0,0.0,1.0,0.0,0.0,0.0,0,,,,,,0,06/15/2015,06/15/2015,20,0,0,0,8.0,9,8,,,0,0.0,0.0,8,0,0.0,0.0,0.0,0.0,0.0,0.0,0.0,0,0,996.0,,,,,,,,,,,,,,,,,,,,,,,,,,,,,,0,0,0,0,1,0,1,1,1,0,0,0,1,0,0,0,0,0,0,0,0,0,0,0,0,0,0,0,1,0,1,0,0,0,0,,0,0,0,0,0,0,0,0,0,0,0,0,0,0,0,0,,,,,,61-65,56-65,State route,R,Monday,,MHTRUCK,Not Fatal,0,1,0,0,State Route,State Patrol,Washington State Patrol Headquarter,1,1,0,0,0,,,,,,,,,,,,,,,,,,,,,,,,,,,,,,,,,,,,,,,,,,,,98359,Port Orchard,Olalla
704,718,718,2017,483,E754695,8.0,2017-11-20,22:15,20,11,0.0,35,Kitsap,0,1,0.0,2,1,2,1,0,3,3,22:16,22:28,,1,0,0,0.3,5,1,1,3,1,1,3,0,0,0,0,SR-16 RAMP Q101864,,-122.6248528,47.407272222,0,3,98,60,4,60,34,0,0,1,5,12,1,1,2,3,1,1,3,53,0,20,481,2014,0,0.0,12,,,,,,1,1,55,2,0.0,0.0,0,0,3,0,11,0,,,,,0.0,0.0,3.0,3.0,1,0,0.0,0.0,0.0,0,,,,,,0,,,,,,98366,53,68.0,170.0,6.0,1.0,0.0,0.0,0.0,0.0,0.0,0,,,,,,0,,,20,0,0,0,8.0,9,8,,,0,0.0,0.0,8,0,0.0,0.0,0.0,0.0,0.0,0.0,0.0,0,0,996.0,,,,,,,,,,,,,,,,,,,,,,,,,,,,,,0,0,0,0,1,0,1,1,1,0,0,0,1,0,0,0,0,0,0,0,0,0,0,0,0,0,0,0,1,0,1,0,0,0,0,,0,0,0,0,0,0,0,0,0,0,0,0,0,0,0,0,,,,,,51-55,46-55,State route,R,Monday,Belt Used,PV,Not Fatal,0,1,0,0,State Route,State Patrol,Washington State Patrol Headquarter,1,1,0,0,0,,,,,,,,,,,,,,,,,,,,,,,,,,,,,,,,,,,,,,,,,,,,98359,Port Orchard,Olalla
705,719,719,2017,484,E740061,5.0,2017-11-21,16:16,21,11,0.0,15,Cowlitz,0,2,0.0,1,2,2,1,0,5,3,16:39,16:39,,12,0,6,2.3,1,0,1,4,1,1,3,0,0,0,0,SR-504,,-122.8675528,46.30405,0,1,66,6,1,55,4,0,0,1,2,12,3,1,2,1,14,1,2,53,0,12,16,1996,0,0.0,68,12.0,,,,,1,1,24,1,7.0,1.0,4,7,99,0,11,0,11/21/2017,16:16,28053050840.0,50840.0,0.0,0.0,3.0,3.0,1,28,0.0,0.0,0.0,96,,,,,,9,,,,,,98645,53,69.0,135.0,6.0,1.0,0.0,0.0,0.0,0.0,0.0,0,,,,,,4,,,8,0,0,0,0.0,9,1,,,0,0.0,0.0,1,9,2.0,605.0,0.0,0.0,1.0,0.0,0.0,2,1,0.0,,,,,,,,,,,,,,,,,,,,,,,,,,,,,,0,0,0,0,0,0,1,1,1,0,0,0,1,0,0,0,0,0,0,0,0,0,0,1,1,1,0,0,0,1,0,0,0,0,0,,1,0,0,0,0,0,1,1,0,1,0,0,0,0,1,0,,,,,,21-25,16-25,State route,R,Tuesday,Unknown,PV,White,0,1,1,0,State Route,State Patrol,Washington State Patrol Headquarter,0,1,0,0,0,thc,9.0,carboxy-thc,47.0,,,,,,,,,,,,,,,,,,,,,,,,,,,,,,,,,,,,,,,,98611,Silverlake,Castle Rock
706,720,720,2017,484,E740061,5.0,2017-11-21,16:16,21,11,0.0,15,Cowlitz,0,2,0.0,1,2,2,1,0,5,3,16:39,16:39,,12,0,6,2.3,1,0,1,4,1,1,3,0,0,0,0,SR-504,,-122.8675528,46.30405,0,2,66,62,4,55,16,0,0,1,2,12,2,1,2,1,14,2,1,53,0,20,431,1990,0,0.0,12,12.0,,,,,1,1,53,2,0.0,0.0,1,0,3,0,11,6,,,,,0.0,0.0,0.0,3.0,1,0,0.0,0.0,0.0,0,,,,,,0,,,,,,98632,53,66.0,200.0,6.0,1.0,0.0,0.0,0.0,0.0,0.0,0,,,,,,0,,,20,0,0,0,8.0,9,8,,,0,0.0,0.0,8,0,0.0,0.0,0.0,0.0,0.0,0.0,0.0,0,0,996.0,,,,,,,,,,,,,,,,,,,,,,,,,,,,,,0,0,0,0,0,0,1,1,1,0,0,0,1,0,0,0,0,0,0,0,0,0,0,1,1,1,0,0,0,1,0,0,0,0,0,,0,0,0,0,0,0,0,0,0,0,0,0,0,0,0,0,,,,,,51-55,46-55,State route,R,Tuesday,Belt Used,PV,Not Fatal,0,1,1,0,State Route,State Patrol,Washington State Patrol Headquarter,0,1,0,0,0,,,,,,,,,,,,,,,,,,,,,,,,,,,,,,,,,,,,,,,,,,,,98611,Longview,Castle Rock
707,721,721,2017,484,E740061,5.0,2017-11-21,16:16,21,11,0.0,15,Cowlitz,0,2,0.0,1,2,2,1,0,5,3,16:39,16:39,,12,0,6,2.3,1,0,1,4,1,1,3,0,0,0,0,SR-504,,-122.8675528,46.30405,0,3,98,98,7,55,34,0,0,1,2,12,2,1,2,1,14,2,1,53,0,7,482,2016,0,0.0,12,,,,,,1,1,66,1,0.0,0.0,0,0,3,0,11,0,,,,,0.0,0.0,3.0,3.0,1,0,0.0,0.0,0.0,0,,,,,,0,,,,,,98649,53,74.0,250.0,6.0,1.0,0.0,0.0,0.0,1.0,0.0,0,,,,,,0,08/15/2016,08/15/2016,20,0,0,0,8.0,9,8,,,0,0.0,0.0,8,0,0.0,0.0,0.0,0.0,0.0,0.0,0.0,0,0,996.0,,,,,,,,,,,,,,,,,,,,,,,,,,,,,,0,0,0,0,0,0,1,1,1,0,0,0,1,0,0,0,0,0,0,0,0,0,0,1,1,1,0,0,0,1,0,0,0,0,0,,0,0,0,0,0,0,0,0,0,0,0,0,0,0,0,0,,,,,,66-70,66-75,State route,R,Tuesday,Belt Used,PV,Not Fatal,0,1,1,0,State Route,State Patrol,Washington State Patrol Headquarter,0,1,0,0,0,,,,,,,,,,,,,,,,,,,,,,,,,,,,,,,,,,,,,,,,,,,,98611,Toutle,Castle Rock
708,722,722,2017,485,E742491,1.0,2017-11-23,18:51,23,11,8.0,5,Benton,1850,1,0.0,3,1,2,1,0,1,1,,,,24,0,0,0.3,5,0,1,3,2,1,3,0,0,0,0,SR-240 RAMP 103746,,-119.24765,46.243,0,1,7,12,2,60,14,0,0,1,2,25,1,2,2,3,1,1,2,53,0,20,401,2000,0,0.0,64,24.0,69.0,63.0,25.0,,1,1,39,1,7.0,2.0,4,0,20,0,11,4,11/26/2017,11:34,211053051484.0,51484.0,0.0,0.0,0.0,2.0,1,0,0.0,0.0,0.0,0,,,,,,9,,,,,,99336,53,67.0,225.0,1.0,1.0,0.0,0.0,0.0,0.0,4.0,0,,,,,,0,01/15/2014,01/15/2017,20,1,9,0,0.0,9,2,,,0,0.0,0.0,1,1,2.0,402.0,605.0,0.0,1.0,1.0,0.0,2,1,0.096,,,,,,,,,,,,,,,,,,,,,,,,,,,,,,0,0,0,0,1,1,1,1,1,0,0,0,0,1,0,0,0,0,0,1,0,0,0,0,0,0,0,0,0,1,0,0,0,1,0,,1,0,0,0,0,1,1,1,0,0,0,1,0,0,0,1,,,,,,36-40,36-45,State route,U,Thursday,Not Used,PV,Black,0,1,0,0,State Route,State Patrol,Washington State Patrol Headquarter,1,1,0,0,0,thc,5.1,carboxy-thc,91.0,,,,,,,,,,,,,,,,,,,,,,,,,,,,,,,,,,,,,,,,99352,Kennewick,Richland
709,723,723,2017,486,E739914,53.0,2017-11-15,17:45,15,11,0.0,61,Snohomish,80,2,0.0,3,2,2,1,0,3,5,,,,12,0,1,0.0,3,0,2,4,2,4,6,0,0,0,0,SMOKEY POINT BLVD,188TH ST NE,-122.1856306,48.166997222,0,1,20,50,3,40,14,0,0,1,2,12,1,1,2,1,1,1,2,53,0,37,402,2013,0,0.0,12,68.0,12.0,63.0,14.0,,1,1,62,2,7.0,1.0,4,0,3,0,11,8,11/15/2017,20:37,8053049578.0,49578.0,0.0,0.0,0.0,3.0,1,0,0.0,0.0,0.0,93,,,,,,9,,,,,,98271,53,71.0,190.0,6.0,1.0,0.0,0.0,1.0,0.0,0.0,0,,,,,,0,02/15/2015,02/15/2015,8,0,0,0,0.0,9,8,,,0,0.0,0.0,8,1,2.0,1.0,0.0,0.0,1.0,0.0,0.0,2,1,0.24,,,,,,,,,,,,,,,,,,,,,,,,,,,,,,0,0,0,1,1,1,0,1,0,0,0,0,0,0,0,0,1,0,0,0,0,0,0,1,1,0,0,0,0,1,0,0,0,0,0,,1,0,0,0,0,1,0,1,1,0,0,0,0,1,0,1,,,,,,61-65,56-65,City street,U,Wednesday,Belt Used,PV,White,1,0,0,0,City Street,Municipal/City Police,Arlington Police Department,0,0,0,1,0,,,,,,,,,,,,,,,,,,,,,,,,,,,,,,,,,,,,,,,,,,,,98223,Marysville,Arlington
710,724,724,2017,486,E739914,53.0,2017-11-15,17:45,15,11,0.0,61,Snohomish,80,2,0.0,3,2,2,1,0,3,5,,,,12,0,1,0.0,3,0,2,4,2,4,6,0,0,0,0,SMOKEY POINT BLVD,188TH ST NE,-122.1856306,48.166997222,0,2,21,53,3,40,14,0,0,1,2,12,1,1,2,1,5,1,1,53,0,49,401,2017,0,0.0,12,,,,,,1,1,23,2,0.0,0.0,1,0,3,0,11,8,,,,,0.0,0.0,3.0,3.0,1,0,0.0,0.0,0.0,0,,,,,,0,,,,,,98223,53,70.0,180.0,6.0,1.0,0.0,0.0,0.0,0.0,0.0,0,,,,,,0,,,20,0,0,0,8.0,9,8,,,0,0.0,0.0,8,0,0.0,0.0,0.0,0.0,0.0,0.0,0.0,0,0,996.0,,,,,,,,,,,,,,,,,,,,,,,,,,,,,,0,0,0,1,1,1,0,1,0,0,0,0,0,0,0,0,1,0,0,0,0,0,0,1,1,0,0,0,0,1,0,0,0,0,0,,0,0,0,0,0,0,0,0,0,0,0,0,0,0,0,0,,,,,,21-25,16-25,City street,U,Wednesday,Belt Used,PV,Not Fatal,1,0,0,0,City Street,Municipal/City Police,Arlington Police Department,0,0,0,1,0,,,,,,,,,,,,,,,,,,,,,,,,,,,,,,,,,,,,,,,,,,,,98223,Arlington,Arlington
711,725,725,2017,486,E739914,53.0,2017-11-15,17:45,15,11,0.0,61,Snohomish,80,2,0.0,3,2,2,1,0,3,5,,,,12,0,1,0.0,3,0,2,4,2,4,6,0,0,0,0,SMOKEY POINT BLVD,188TH ST NE,-122.1856306,48.166997222,0,3,98,62,4,40,34,0,0,1,2,12,1,1,2,1,1,1,1,53,0,7,482,1998,0,0.0,12,68.0,67.0,14.0,,,1,1,50,2,0.0,0.0,1,0,3,0,11,8,,,,,0.0,0.0,3.0,3.0,1,0,0.0,0.0,0.0,0,,,,,,0,,,,,,98223,53,65.0,165.0,6.0,1.0,0.0,0.0,0.0,0.0,0.0,0,,,,,,0,,,8,0,0,0,8.0,9,8,,,0,0.0,0.0,8,0,0.0,0.0,0.0,0.0,0.0,0.0,0.0,0,0,996.0,,,,,,,,,,,,,,,,,,,,,,,,,,,,,,0,0,0,1,1,1,0,1,0,0,0,0,0,0,0,0,1,0,0,0,0,0,0,1,1,0,0,0,0,1,0,0,0,0,0,,0,0,0,0,0,0,0,0,0,0,0,0,0,0,0,0,,,,,,46-50,46-55,City street,U,Wednesday,Belt Used,PV,Not Fatal,1,0,0,0,City Street,Municipal/City Police,Arlington Police Department,0,0,0,1,0,,,,,,,,,,,,,,,,,,,,,,,,,,,,,,,,,,,,,,,,,,,,98223,Arlington,Arlington