,index,Unnamed: 0,year,case,par,repjur,crash_dt,crash_tm,accday,accmon,holiday,county,co_char,city,weather,weather2,lightcond,surfcond,surftype,numfatal,nmforms,pforms,vforms,not_tm,arr_tm,hosp_tm,fhevent,hitrun,manncol,milepnt,reljunc,reljuncinter,intersectiontype,funcsystem,landuse,ownership,route,schlbus,spejur,contdev,devfunc,trafid1,trafid2,lon,lat,wk_zone,vnumber,crashtype,criticalevent,criticaleventcat,spdlim,body,trailer,emerg,hazcargo,leave,mhevent,roadalgn,roadprof,traflane,trafflow,vehmanvr,numoccs,regowner,regstate,spuse,make,model,modelyr,vrf1,vrf2,seqevent1,seqevent2,seqevent3,seqevent4,seqevent5,seqevent6,pnumber,ptype,age,sex,hispanic,race,injury,diedscene,restraint,restraintmisuse,seatpos,takehosp,death_dt,death_tm,cert,cernum_wa,commlic,licendor,licrestrict,liccomp,drivpres,drf1,drf2,drf3,drf4,distract1,distract2,distract3,distract4,distract5,distract6,dricond1,dricond2,dricond3,dricond4,dricond5,dricond6,dzip,licstate,drhgt_in,weight,noncdl,noncdltype,prevdwi,prevoth,prevacc,prevspd,prevsus,driviol1,driviol2,driviol3,driviol4,driviol5,driviol6,spdrel,first_dt,last_dt,airbag,ejection,ejectpath,extricat,injurwrk,methalc,methdrug,nmlocat,strikveh,prf1,prf2,prf3,druginv,alcinvol,drugsts,drugres1,drugres2,drugres3,drugtst1,drugtst2,drugtst3,alcsts,alctst,alcres,nmact1,nmact2,nmact3,nmact4,nmact5,nmact6,nmprior1,nmprior2,nmprior3,nmprior4,nmprior5,nmprior6,nmcond1,nmcond2,nmcond3,nmcond4,nmcond5,nmcond6,nmsafe_helmet,nmsafe_pads,nmsafe_oth,nmprev_ref,nmprev_lgt,nmprev_oth,crashlocation,nmcrashtype,crosswalk,schoolzone,sidewalk,train_inv,wildlife_inv,rotr_fars,intersect_fars,dd_inv,aid_inv,dpd_inv,id_inv,mj_inv,impnm_inv,ainm_inv,dpnm_inv,speed_inv,unlic_inv,unendmc_inv,drowsy_inv,drdist_inv,nmdist_inv,fty_inv,unrestfat_inv,dr1617_inv,dr1820_inv,dr1620_inv,dr2125_inv,dr1625_inv,dr65_inv,dr70_inv,dr75_inv,mc_inv,pv_inv,ht_inv,ped_inv,bike_inv,unrest_fat,mc_fat,unhelmet_mc,pv_fat,ht_fat,ped_fat,bike_fat,dr_alc7,dr_alc8,dr_drug,dr_imp,dr_dist,dr_spd,dr_fty,dr_unlic,dr_alc7only,dr_alc8only,dr_drugonly,dr_drink,nm_imp,nm_alc7,nm_alc8,nm_drug,nm_dist,agegrp1,agegrp2,roadclass,urbrur,dayweek,restuse,vehtype,race_me,intersect,lanedep,oppdir,wrongway,rep_typ,investag,repag_long,rotr,st_rd,cty_rd,city_rd,oth_rd,drug_thc,thc_res,drug_cthc,cthc_res,drug_cann,prevpersemin,prevperse,prevsusoth,drugtst4,drugtst5,drugtst6,drugtst7,drugtst8,drugres4,drugres5,drugres6,drugres7,drugres8,adspresent,adsengaged,adslevel,race1,race2,race3,race4,race5,helmet,helmetmisuse,nmdistract1,nmdistract2,nmdistract3,nmdistract4,nmdistract5,nmdistract6,lab,isedtcase,crf1,crf2,crf3,CoRoadName,CoMP,IntCoRoadName,IntCoMP,crashzip,dcity,crashcity
712,726,726,2017,487,E740343,25.0,2017-11-22,17:22,22,11,0.0,33,King,1495,10,0.0,3,8,2,1,1,1,1,,,,8,0,0,23.1,1,0,1,3,2,1,3,0,0,0,0,SR-509,,-122.3342556,47.442872222,0,1,13,80,5,35,2,0,0,1,5,8,1,1,5,5,1,1,1,53,0,34,34,1985,0,0.0,8,,,,,,1,1,21,2,0.0,0.0,0,0,3,0,11,0,,,,,0.0,0.0,0.0,3.0,1,0,0.0,0.0,0.0,96,,,,,,9,,,,,,98198,53,65.0,150.0,6.0,1.0,0.0,0.0,1.0,0.0,0.0,97,,,,,,0,07/15/2016,07/15/2016,20,0,0,0,8.0,9,8,,,0,0.0,0.0,8,1,2.0,605.0,0.0,0.0,1.0,0.0,0.0,2,1,0.027,,,,,,,,,,,,,,,,,,,,,,,,,,,,,,0,0,0,0,1,0,1,1,1,0,0,0,0,0,0,0,0,0,0,0,0,0,0,1,1,0,0,0,0,1,0,1,0,0,0,,0,0,0,0,1,0,1,1,0,0,0,0,0,0,0,1,,,,,,21-25,16-25,State route,U,Wednesday,Belt Used,PV,Not Fatal,1,0,0,0,State Route,County Sheriff,King County Police,0,1,0,0,0,thc,1.3,carboxy-thc,8.5,,,,,,,,,,,,,,,,,,,,,,,,,,,,,,,,,,,,,,,,98148,Seattle,Seattle
713,727,727,2017,488,E734122,7.0,2017-11-05,3:10,5,11,0.0,33,King,2005,2,0.0,2,2,1,1,1,1,2,,,,8,0,0,176.8,1,0,1,1,2,1,1,0,0,0,0,I-5,,-122.3239806,47.763077778,0,1,13,13,2,60,14,0,0,1,2,8,1,1,5,3,1,1,1,53,0,37,403,2003,0,0.0,63,8.0,14.0,,,,1,1,45,1,0.0,0.0,0,0,3,0,11,0,,,,,0.0,0.0,3.0,3.0,1,0,0.0,0.0,0.0,93,,,,,,99,,,,,,98109,53,69.0,175.0,6.0,1.0,0.0,1.0,0.0,0.0,1.0,97,,,,,,0,04/15/2013,07/15/2013,1,0,0,0,8.0,9,8,,,0,0.0,0.0,8,9,0.0,0.0,0.0,0.0,0.0,0.0,0.0,0,0,996.0,,,,,,,,,,,,,,,,,,,,,,,,,,,,,,0,0,0,0,0,0,0,0,0,0,0,0,0,0,0,0,1,0,0,0,0,0,0,0,0,0,0,0,0,1,0,1,0,0,0,,0,0,0,0,0,0,0,0,1,0,0,0,0,0,0,0,,,,,,41-45,36-45,Interstate,U,Sunday,Belt Used,PV,Not Fatal,0,0,0,0,State Route,State Patrol,Washington State Patrol Headquarter,0,1,0,0,0,,,,,,,,,,,,,,,,,,,,,,,,,,,,,,,,,,,,,,,,,,,,98155,Seattle,Seattle
714,728,728,2017,489,E733845,28.0,2017-11-07,10:33,7,11,0.0,39,Klickitat,0,1,0.0,1,1,2,1,0,1,1,10:33,10:51,,1,0,0,7.0,1,0,1,5,1,2,4,0,0,0,0,CR-CENTERVILLE HWY,,-121.1769472,45.718088889,0,1,1,13,2,50,90,0,0,1,5,1,1,1,2,1,1,1,0,53,0,99,739,2004,0,0.0,63,1.0,,,,,1,1,80,1,7.0,1.0,4,0,17,0,11,1,11/19/2017,0:01,165053031586.0,31586.0,0.0,0.0,0.0,1.0,1,0,0.0,0.0,0.0,96,,,,,,0,,,,,,97058,41,61.0,260.0,6.0,1.0,0.0,0.0,0.0,0.0,0.0,0,,,,,,0,,,20,1,9,0,0.0,9,8,,,0,0.0,0.0,8,0,0.0,0.0,0.0,0.0,0.0,0.0,0.0,0,0,996.0,,,,,,,,,,,,,,,,,,,,,,,,,,,,,,0,0,1,0,0,0,0,0,0,0,0,0,0,0,0,0,0,0,0,0,0,0,0,0,0,1,1,1,0,0,0,0,0,0,0,,0,0,0,0,0,0,0,0,0,0,0,0,0,0,0,0,,,,,,76-80,76+,County road,R,Tuesday,,OTHVT,White,0,1,0,0,County Road,County Sheriff,Klickitat County Sheriff's Office,1,0,1,0,0,,,,,,,,,,,,,,,,,,,,,,,,,,,,,,,,,,,,,,,,,,,,98635,The Dalles,Lyle
715,729,729,2017,491,E741248,14.0,2017-11-22,18:10,22,11,8.0,11,Clark,0,10,0.0,3,2,2,1,0,5,2,18:13,18:37,18:46,12,0,6,0.0,2,0,2,5,2,2,4,0,0,3,3,CR-152ND AVE,NE 119TH ST,-122.5163778,45.708297222,0,1,68,15,2,50,4,0,0,1,5,12,1,1,2,1,11,1,2,53,0,59,31,1999,0,0.0,12,,,,,,1,1,17,2,0.0,0.0,0,0,3,0,11,0,,,,,0.0,0.0,3.0,3.0,1,38,0.0,0.0,0.0,96,,,,,,0,,,,,,98607,53,65.0,158.0,6.0,2.0,0.0,0.0,0.0,0.0,0.0,97,,,,,,0,,,1,0,0,0,8.0,9,8,,,0,0.0,0.0,8,0,0.0,0.0,0.0,0.0,0.0,0.0,0.0,0,0,996.0,,,,,,,,,,,,,,,,,,,,,,,,,,,,,,0,0,0,1,0,0,0,0,0,0,0,0,0,0,0,0,0,0,1,0,1,0,1,0,1,0,0,0,0,1,0,0,0,0,0,,0,0,0,0,0,0,0,0,0,0,1,0,0,0,0,0,,,,,,16-17,16-25,County road,U,Wednesday,Belt Used,PV,Not Fatal,1,0,0,0,County Road,County Sheriff,Clark County Sheriff's Office,0,0,1,0,0,,,,,,,,,,,,,,,,,,,,,,,,,,,,,,,,,,,,,,,,,,,,98682,Camas,Vancouver
716,730,730,2017,491,E741248,14.0,2017-11-22,18:10,22,11,8.0,11,Clark,0,10,0.0,3,2,2,1,0,5,2,18:13,18:37,18:46,12,0,6,0.0,2,0,2,5,2,2,4,0,0,3,3,CR-152ND AVE,NE 119TH ST,-122.5163778,45.708297222,0,2,69,62,4,50,4,0,0,1,2,12,1,1,2,1,1,4,1,53,0,55,33,2002,0,0.0,12,,,,,,1,1,49,2,0.0,0.0,1,0,3,0,11,8,,,,,0.0,0.0,0.0,3.0,1,0,0.0,0.0,0.0,0,,,,,,0,,,,,,98685,53,63.0,149.0,6.0,1.0,0.0,0.0,0.0,0.0,0.0,0,,,,,,0,,,1,0,0,0,8.0,9,8,,,0,0.0,0.0,8,0,0.0,0.0,0.0,0.0,0.0,0.0,0.0,0,0,996.0,,,,,,,,,,,,,,,,,,,,,,,,,,,,,,0,0,0,1,0,0,0,0,0,0,0,0,0,0,0,0,0,0,1,0,1,0,1,0,1,0,0,0,0,1,0,0,0,0,0,,0,0,0,0,0,0,0,0,0,0,0,0,0,0,0,0,,,,,,46-50,46-55,County road,U,Wednesday,Belt Used,PV,Not Fatal,1,0,0,0,County Road,County Sheriff,Clark County Sheriff's Office,0,0,1,0,0,,,,,,,,,,,,,,,,,,,,,,,,,,,,,,,,,,,,,,,,,,,,98682,Vancouver,Vancouver
717,731,731,2017,492,E739087,55.0,2017-11-23,23:17,23,11,8.0,33,King,100,2,0.0,2,2,2,1,0,5,2,23:37,23:50,0:37,12,0,2,0.0,1,0,1,5,2,4,6,0,0,0,0,112TH AVE SE,,-122.1922889,47.343480556,0,1,50,10,2,35,4,0,0,1,2,12,1,2,2,1,1,3,2,53,0,55,33,2002,0,0.0,68,12.0,,,,,1,1,18,2,0.0,0.0,2,0,20,0,11,4,,,,,0.0,0.0,0.0,3.0,1,28,0.0,0.0,0.0,96,,,,,,0,,,,,,98030,53,66.0,190.0,6.0,1.0,0.0,0.0,0.0,0.0,0.0,69,,,,,,0,,,8,0,0,0,8.0,9,8,,,0,0.0,0.0,8,0,0.0,0.0,0.0,0.0,0.0,0.0,0.0,0,0,996.0,,,,,,,,,,,,,,,,,,,,,,,,,,,,,,0,0,0,0,0,0,0,0,0,0,0,0,0,0,0,0,0,0,0,0,0,1,1,0,1,0,0,0,0,1,0,0,0,0,0,,0,0,0,0,0,0,0,0,0,0,0,0,0,0,0,0,,,,,,18-20,16-25,City street,U,Thursday,Not Used,PV,Not Fatal,0,1,1,0,City Street,Municipal/City Police,Auburn Police Department,0,0,0,1,0,,,,,,,,,,,,,,,,,,,,,,,,,,,,,,,,,,,,,,,,,,,,98092,Kent,Auburn
718,732,732,2017,492,E739087,55.0,2017-11-23,23:17,23,11,8.0,33,King,100,2,0.0,2,2,2,1,0,5,2,23:37,23:50,0:37,12,0,2,0.0,1,0,1,5,2,4,6,0,0,0,0,112TH AVE SE,,-122.1922889,47.343480556,0,2,51,62,4,35,4,0,0,1,2,12,1,2,2,1,1,2,2,53,0,6,43,2010,0,0.0,12,,,,,,1,1,18,2,0.0,0.0,2,0,3,0,11,4,,,,,0.0,0.0,0.0,3.0,1,0,0.0,0.0,0.0,0,,,,,,0,,,,,,98030,53,66.0,245.0,6.0,1.0,0.0,0.0,0.0,0.0,0.0,0,,,,,,0,,,1,0,0,0,8.0,9,8,,,0,0.0,0.0,8,0,0.0,0.0,0.0,0.0,0.0,0.0,0.0,0,0,996.0,,,,,,,,,,,,,,,,,,,,,,,,,,,,,,0,0,0,0,0,0,0,0,0,0,0,0,0,0,0,0,0,0,0,0,0,1,1,0,1,0,0,0,0,1,0,0,0,0,0,,0,0,0,0,0,0,0,0,0,0,0,0,0,0,0,0,,,,,,18-20,16-25,City street,U,Thursday,Belt Used,PV,Not Fatal,0,1,1,0,City Street,Municipal/City Police,Auburn Police Department,0,0,0,1,0,,,,,,,,,,,,,,,,,,,,,,,,,,,,,,,,,,,,,,,,,,,,98092,Kent,Auburn
719,733,733,2017,493,3726113,263.0,2017-11-06,1:08,6,11,0.0,33,King,1960,1,0.0,3,1,1,1,0,1,1,,,,21,0,0,0.0,3,0,3,4,2,4,6,0,0,20,3,15TH AVE W,W EMERSON ST,-122.3762028,47.654008333,0,1,14,17,2,25,6,0,0,1,5,21,1,1,2,1,1,1,1,53,0,49,47,2005,0,0.0,71,21.0,,,,,1,1,25,2,7.0,1.0,4,7,20,0,11,0,11/06/2017,1:08,196053048798.0,48798.0,0.0,0.0,3.0,3.0,1,0,0.0,0.0,0.0,96,,,,,,99,,,,,,98199,53,70.0,170.0,6.0,1.0,0.0,0.0,0.0,0.0,0.0,0,,,,,,0,,,1,0,0,0,0.0,9,8,,,0,0.0,0.0,8,9,2.0,402.0,407.0,605.0,1.0,1.0,1.0,2,1,0.0,,,,,,,,,,,,,,,,,,,,,,,,,,,,,,0,0,0,1,0,0,1,1,1,0,0,0,0,0,0,0,0,0,0,1,0,0,0,1,1,0,0,0,0,1,0,0,0,1,0,,1,0,0,0,0,0,1,1,0,0,0,0,0,0,1,0,,,,,,21-25,16-25,City street,U,Monday,Not Used,PV,White,1,0,0,0,City Street,Municipal/City Police,Seattle Police Department,0,0,0,1,0,thc,1.0,,,,,,,,,,,,,,,,,,,,,,,,,,,,,,,,,,,,,,,,,,98119,Seattle,Seattle
720,734,734,2017,494,E738643,159.0,2017-11-14,19:17,14,11,0.0,5,Benton,1020,10,0.0,3,1,2,1,1,2,2,,,,8,0,0,0.0,1,0,1,3,2,4,6,0,0,0,0,COLUMBIA DR,,-119.131675,46.216855556,0,1,13,80,5,35,66,1,0,1,5,8,1,1,8,5,1,1,3,6,0,84,881,2006,0,0.0,8,,,,,,1,1,59,1,0.0,0.0,0,0,3,0,11,0,,,,,6.0,1.0,3.0,3.0,1,0,0.0,0.0,0.0,0,,,,,,0,,,,,,99301,53,68.0,180.0,6.0,1.0,0.0,1.0,0.0,0.0,0.0,0,,,,,,0,08/15/2014,08/15/2014,20,0,0,0,8.0,9,2,,,0,0.0,0.0,0,0,0.0,0.0,0.0,0.0,0.0,0.0,0.0,0,0,996.0,,,,,,,,,,,,,,,,,,,,,,,,,,,,,,0,0,0,0,0,0,0,0,0,0,0,0,0,0,0,0,0,1,0,0,0,0,0,0,0,0,0,0,0,1,1,1,0,0,0,,0,0,0,0,0,0,0,0,0,0,0,0,0,0,0,0,,,,,,56-60,56-65,City street,U,Tuesday,,MHTRUCK,Not Fatal,0,0,0,0,City Street,Municipal/City Police,Kennewick Police Department,0,0,0,1,0,,,,,,,,,,,,,,,,,,,,,,,,,,,,,,,,,,,,,,,,,,,,99336,Pasco,Kennewick
721,735,735,2017,494,E738643,159.0,2017-11-14,19:17,14,11,0.0,5,Benton,1020,10,0.0,3,1,2,1,1,2,2,,,,8,0,0,0.0,1,0,1,3,2,4,6,0,0,0,0,COLUMBIA DR,,-119.131675,46.216855556,0,2,98,80,5,35,14,0,0,1,5,8,1,1,8,5,1,1,1,53,0,55,401,2017,0,0.0,8,,,,,,1,1,26,2,0.0,0.0,0,0,3,0,11,0,,,,,0.0,0.0,3.0,3.0,1,0,0.0,0.0,0.0,0,,,,,,0,,,,,,99301,53,66.0,124.0,6.0,1.0,0.0,3.0,0.0,4.0,2.0,0,,,,,,0,06/15/2013,08/15/2016,20,0,0,0,8.0,9,8,,,0,0.0,0.0,8,0,0.0,0.0,0.0,0.0,0.0,0.0,0.0,0,0,996.0,,,,,,,,,,,,,,,,,,,,,,,,,,,,,,0,0,0,0,0,0,0,0,0,0,0,0,0,0,0,0,0,1,0,0,0,0,0,0,0,0,0,0,0,1,1,1,0,0,0,,0,0,0,0,0,0,0,0,0,0,0,0,0,0,0,0,,,,,,26-30,26-35,City street,U,Tuesday,Belt Used,PV,Not Fatal,0,0,0,0,City Street,Municipal/City Police,Kennewick Police Department,0,0,0,1,0,,,,,,,,,,,,,,,,,,,,,,,,,,,,,,,,,,,,,,,,,,,,99336,Pasco,Kennewick
722,736,736,2017,495,E744683,330.0,2017-11-24,19:16,24,11,8.0,77,Yakima,2590,1,0.0,3,1,2,1,1,2,1,,,,8,0,0,0.0,1,0,1,4,2,4,6,0,0,0,0,W MEAD AVE,,-120.5106028,46.577983333,0,1,13,80,5,35,14,0,0,1,5,8,1,1,2,1,1,2,1,53,0,2,404,2000,0,0.0,8,,,,,,1,1,51,2,0.0,0.0,0,0,3,0,11,0,,,,,0.0,0.0,0.0,3.0,1,0,0.0,0.0,0.0,0,,,,,,0,,,,,,98902,53,62.0,200.0,6.0,1.0,0.0,0.0,0.0,0.0,0.0,0,,,,,,0,,,20,0,0,0,8.0,9,8,,,0,0.0,0.0,8,0,0.0,0.0,0.0,0.0,0.0,0.0,0.0,0,0,996.0,,,,,,,,,,,,,,,,,,,,,,,,,,,,,,0,0,0,0,0,0,0,0,0,1,1,0,0,0,0,0,0,0,0,0,0,0,0,0,0,0,0,0,0,1,0,1,0,0,0,,0,0,0,0,0,0,0,0,0,0,0,0,0,0,0,0,,,,,,51-55,46-55,City street,U,Friday,Belt Used,PV,Not Fatal,0,0,0,0,City Street,Municipal/City Police,Yakima Police Department,0,0,0,1,0,,,,,,,,,,,,,,,,,,,,,,,,,,,,,,,,,,,,,,,,,,,,98902,Yakima,Yakima
723,737,737,2017,496,E747588,305.0,2017-11-18,2:02,18,11,0.0,11,Clark,2370,1,0.0,3,1,1,1,0,1,1,2:02,2:10,2:35,30,0,0,1.7,1,0,1,3,2,1,3,0,0,0,0,SR-501,ST FRANCIS LANE,-122.6953028,45.640141667,0,1,7,12,2,35,4,0,0,1,2,30,1,1,3,2,1,1,2,53,0,35,43,2007,0,0.0,64,30.0,,,,,1,1,18,2,7.0,1.0,4,0,20,0,11,5,11/19/2017,19:08,237053049924.0,49924.0,0.0,0.0,0.0,3.0,1,0,0.0,0.0,0.0,96,,,,,,9,,,,,,98660,53,62.0,130.0,6.0,1.0,0.0,0.0,0.0,0.0,0.0,0,,,,,,3,,,8,0,0,0,0.0,9,8,,,0,0.0,0.0,8,1,2.0,1.0,0.0,0.0,1.0,0.0,0.0,2,1,0.19,,,,,,,,,,,,,,,,,,,,,,,,,,,,,,0,0,0,0,1,1,0,1,0,0,0,0,1,0,0,0,0,0,0,1,0,1,1,0,1,0,0,0,0,1,0,0,0,1,0,,1,0,0,0,0,1,0,1,0,1,0,0,0,1,0,1,,,,,,18-20,16-25,State route,U,Saturday,Not Used,PV,White,0,1,0,0,State Route,Municipal/City Police,Vancouver Police Department,1,1,0,0,0,,,,,,,,,,,,,,,,,,,,,,,,,,,,,,,,,,,,,,,,,,,,98660,Vancouver,Vancouver
724,738,738,2017,497,E770794,7.0,2017-11-05,1:58,5,11,0.0,33,King,170,2,0.0,3,2,2,1,0,1,1,,,,41,0,0,24.8,1,0,1,1,2,1,1,0,0,0,0,I-405,,-122.1898278,47.770616667,0,1,2,13,2,60,3,0,0,1,2,42,1,1,3,3,1,1,2,53,0,55,42,2012,0,0.0,63,41.0,42.0,1.0,42.0,,1,1,20,2,7.0,1.0,4,7,3,0,11,0,11/05/2017,1:58,17053047743.0,47743.0,0.0,0.0,0.0,3.0,1,0,0.0,0.0,0.0,92,,,,,,9,,,,,,98275,53,61.0,111.0,6.0,1.0,0.0,0.0,0.0,0.0,0.0,0,,,,,,4,,,8,0,0,0,0.0,1,8,,,0,0.0,0.0,8,1,2.0,1.0,0.0,0.0,1.0,0.0,0.0,2,1,0.12,,,,,,,,,,,,,,,,,,,,,,,,,,,,,,0,0,0,0,1,1,0,1,0,0,0,0,1,0,0,0,1,0,0,0,0,1,1,0,1,0,0,0,0,1,0,0,0,0,0,,1,0,0,0,0,1,0,1,1,1,0,0,0,1,0,1,,,,,,18-20,16-25,Interstate,U,Sunday,Belt Used,PV,White,0,1,0,0,State Route,State Patrol,Washington State Patrol Headquarter,1,1,0,0,0,,,,,,,,,,,,,,,,,,,,,,,,,,,,,,,,,,,,,,,,,,,,98011,Mukilteo,Bothell
725,739,739,2017,498,E731942,305.0,2017-11-03,21:39,3,11,0.0,11,Clark,2370,1,0.0,3,1,2,1,1,1,1,,,,8,0,0,0.0,1,0,1,3,2,4,6,0,0,0,0,MAIN ST,E 37TH ST,-122.6680972,45.648005556,0,1,13,80,5,98,20,0,0,1,5,8,8,8,4,1,1,1,1,53,0,35,443,1997,0,0.0,8,,,,,,1,1,76,1,0.0,0.0,0,0,3,0,11,0,,,,,0.0,0.0,0.0,3.0,1,0,0.0,0.0,0.0,1,,,,,,0,,,,,,98663,53,71.0,215.0,6.0,1.0,0.0,0.0,0.0,0.0,0.0,0,,,,,,0,,,20,0,0,0,8.0,9,8,,,0,0.0,0.0,8,0,0.0,0.0,0.0,0.0,0.0,0.0,0.0,0,0,996.0,,,,,,,,,,,,,,,,,,,,,,,,,,,,,,0,0,0,0,0,0,0,0,0,0,0,0,0,0,0,0,1,0,0,0,0,0,0,0,0,1,1,1,0,1,0,1,0,0,0,,0,0,0,0,0,0,0,0,1,0,0,0,0,0,0,0,,,,,,76-80,76+,City street,U,Friday,Belt Used,PV,Not Fatal,1,0,0,0,City Street,Municipal/City Police,Vancouver Police Department,0,0,0,1,0,,,,,,,,,,,,,,,,,,,,,,,,,,,,,,,,,,,,,,,,,,,,98663,Vancouver,Vancouver
726,741,741,2017,500,E773500,205.0,2017-11-12,20:15,12,11,0.0,57,Skagit,1410,10,0.0,3,2,2,1,0,4,2,20:16,20:23,,12,0,6,0.0,2,0,2,4,2,4,6,0,0,20,3,S 15TH ST,E KINCAID ST,-122.3229694,48.417438889,0,1,88,17,2,25,34,0,0,1,2,12,1,1,3,5,1,1,1,53,0,7,482,2008,0,0.0,12,,,,,,1,1,50,1,0.0,0.0,1,0,3,0,11,4,,,,,0.0,0.0,0.0,3.0,1,38,39.0,91.0,0.0,96,,,,,,9,,,,,,98271,53,71.0,190.0,6.0,1.0,0.0,1.0,1.0,1.0,4.0,1,,,,,,4,04/15/2014,08/15/2017,8,0,0,0,8.0,9,2,,,0,0.0,0.0,1,0,2.0,401.0,417.0,0.0,1.0,1.0,0.0,2,1,0.0,,,,,,,,,,,,,,,,,,,,,,,,,,,,,,0,0,0,1,0,0,1,1,0,0,0,0,1,0,0,0,0,0,1,1,0,0,0,0,0,0,0,0,0,1,0,0,0,0,0,,0,0,0,0,0,0,1,1,0,1,1,0,0,0,1,0,,,,,,46-50,46-55,City street,U,Sunday,Belt Used,PV,Not Fatal,1,0,0,0,City Street,Municipal/City Police,Mount Vernon Police Department,0,0,0,1,0,,,,,,,,,,,,,,,,,,,,,,,,,,,,,,,,,,,,,,,,,,,,98274,Marysville,Mount Vernon
727,742,742,2017,500,E773500,205.0,2017-11-12,20:15,12,11,0.0,57,Skagit,1410,10,0.0,3,2,2,1,0,4,2,20:16,20:23,,12,0,6,0.0,2,0,2,4,2,4,6,0,0,0,0,S 15TH ST,E KINCAID ST,-122.3229694,48.417438889,0,2,89,66,4,25,4,0,0,1,2,12,1,1,2,1,1,3,1,53,0,49,43,2000,0,0.0,12,,,,,,1,1,56,1,0.0,0.0,2,0,3,0,11,8,,,,,0.0,0.0,3.0,3.0,1,0,0.0,0.0,0.0,0,,,,,,0,,,,,,98223,53,68.0,210.0,6.0,1.0,0.0,1.0,1.0,0.0,0.0,0,,,,,,0,09/15/2017,09/15/2017,8,0,0,0,8.0,9,8,,,0,0.0,0.0,8,0,0.0,0.0,0.0,0.0,0.0,0.0,0.0,0,0,996.0,,,,,,,,,,,,,,,,,,,,,,,,,,,,,,0,0,0,1,0,0,1,1,0,0,0,0,1,0,0,0,0,0,1,1,0,0,0,0,0,0,0,0,0,1,0,0,0,0,0,,0,0,0,0,0,0,0,0,0,0,0,0,0,0,0,0,,,,,,56-60,56-65,City street,U,Sunday,Belt Used,PV,Not Fatal,1,0,0,0,City Street,Municipal/City Police,Mount Vernon Police Department,0,0,0,1,0,,,,,,,,,,,,,,,,,,,,,,,,,,,,,,,,,,,,,,,,,,,,98274,Arlington,Mount Vernon
728,743,743,2017,501,3762650,263.0,2017-12-03,0:16,3,12,0.0,33,King,1960,2,0.0,3,2,1,1,2,1,1,,,,8,0,0,0.0,1,0,1,3,2,4,6,0,0,0,0,RAINER AVE S,,-122.2687806,47.519858333,0,1,13,80,5,98,4,0,0,1,2,8,3,1,2,1,14,1,3,53,0,48,38,2004,0,0.0,8,8.0,,,,,1,1,27,1,0.0,0.0,0,0,3,0,11,0,,,,,0.0,0.0,0.0,3.0,1,0,0.0,0.0,0.0,92,,,,,,99,,,,,,98198,53,71.0,205.0,6.0,1.0,0.0,0.0,0.0,0.0,0.0,0,,,,,,0,,,98,7,0,0,8.0,9,8,,,0,0.0,0.0,8,9,2.0,1.0,0.0,0.0,1.0,0.0,0.0,2,1,0.0,,,,,,,,,,,,,,,,,,,,,,,,,,,,,,0,0,0,0,0,0,0,0,0,1,1,0,0,0,0,0,1,0,0,0,0,0,0,0,0,0,0,0,0,1,0,1,0,0,0,,0,0,0,0,0,0,0,0,1,0,0,0,0,0,0,0,,,,,,26-30,26-35,City street,U,Sunday,Belt Used,PV,Not Fatal,0,0,0,0,City Street,Municipal/City Police,Seattle Police Department,0,0,0,1,0,,,,,,,,,,,,,,,,,,,,,,,,,,,,,,,,,,,,,,,,,,,,98118,Seattle,Seattle
729,744,744,2017,502,E743140,40.0,2017-12-04,23:36,4,12,0.0,63,Spokane,2113,1,0.0,3,1,2,1,0,4,2,23:37,23:48,0:22,12,0,1,0.0,3,0,2,4,2,4,6,0,0,3,3,N UNIVERSITY RD,E BRAODWAY AVE,-117.2613167,47.664338889,0,1,20,54,3,35,34,0,0,1,5,12,1,1,3,1,1,2,1,53,0,12,481,2011,0,0.0,12,,,,,,1,1,39,1,0.0,0.0,0,0,3,0,11,0,,,,,0.0,0.0,3.0,3.0,1,91,0.0,0.0,0.0,93,,,,,,9,,,,,,99208,53,71.0,155.0,6.0,1.0,0.0,0.0,1.0,1.0,0.0,1,,,,,,0,05/15/2016,07/15/2016,1,0,0,0,8.0,9,8,,,0,0.0,0.0,8,1,2.0,605.0,0.0,0.0,1.0,0.0,0.0,2,1,0.18,,,,,,,,,,,,,,,,,,,,,,,,,,,,,,0,0,0,1,1,1,1,1,1,0,0,0,0,0,0,0,1,0,0,0,0,1,1,0,1,0,0,0,0,1,0,0,0,0,0,,0,0,0,0,0,1,1,1,1,0,0,0,0,0,0,1,,,,,,36-40,36-45,City street,U,Monday,Belt Used,PV,Not Fatal,1,0,0,0,City Street,County Sheriff,Spokane County Sheriff's Office,0,0,0,1,0,thc,3.4,carboxy-thc,38.0,,,,,,,,,,,,,,,,,,,,,,,,,,,,,,,,,,,,,,,,99206,Spokane,Spokane