,index,Unnamed: 0,year,case,par,repjur,crash_dt,crash_tm,accday,accmon,holiday,county,co_char,city,weather,weather2,lightcond,surfcond,surftype,numfatal,nmforms,pforms,vforms,not_tm,arr_tm,hosp_tm,fhevent,hitrun,manncol,milepnt,reljunc,reljuncinter,intersectiontype,funcsystem,landuse,ownership,route,schlbus,spejur,contdev,devfunc,trafid1,trafid2,lon,lat,wk_zone,vnumber,crashtype,criticalevent,criticaleventcat,spdlim,body,trailer,emerg,hazcargo,leave,mhevent,roadalgn,roadprof,traflane,trafflow,vehmanvr,numoccs,regowner,regstate,spuse,make,model,modelyr,vrf1,vrf2,seqevent1,seqevent2,seqevent3,seqevent4,seqevent5,seqevent6,pnumber,ptype,age,sex,hispanic,race,injury,diedscene,restraint,restraintmisuse,seatpos,takehosp,death_dt,death_tm,cert,cernum_wa,commlic,licendor,licrestrict,liccomp,drivpres,drf1,drf2,drf3,drf4,distract1,distract2,distract3,distract4,distract5,distract6,dricond1,dricond2,dricond3,dricond4,dricond5,dricond6,dzip,licstate,drhgt_in,weight,noncdl,noncdltype,prevdwi,prevoth,prevacc,prevspd,prevsus,driviol1,driviol2,driviol3,driviol4,driviol5,driviol6,spdrel,first_dt,last_dt,airbag,ejection,ejectpath,extricat,injurwrk,methalc,methdrug,nmlocat,strikveh,prf1,prf2,prf3,druginv,alcinvol,drugsts,drugres1,drugres2,drugres3,drugtst1,drugtst2,drugtst3,alcsts,alctst,alcres,nmact1,nmact2,nmact3,nmact4,nmact5,nmact6,nmprior1,nmprior2,nmprior3,nmprior4,nmprior5,nmprior6,nmcond1,nmcond2,nmcond3,nmcond4,nmcond5,nmcond6,nmsafe_helmet,nmsafe_pads,nmsafe_oth,nmprev_ref,nmprev_lgt,nmprev_oth,crashlocation,nmcrashtype,crosswalk,schoolzone,sidewalk,train_inv,wildlife_inv,rotr_fars,intersect_fars,dd_inv,aid_inv,dpd_inv,id_inv,mj_inv,impnm_inv,ainm_inv,dpnm_inv,speed_inv,unlic_inv,unendmc_inv,drowsy_inv,drdist_inv,nmdist_inv,fty_inv,unrestfat_inv,dr1617_inv,dr1820_inv,dr1620_inv,dr2125_inv,dr1625_inv,dr65_inv,dr70_inv,dr75_inv,mc_inv,pv_inv,ht_inv,ped_inv,bike_inv,unrest_fat,mc_fat,unhelmet_mc,pv_fat,ht_fat,ped_fat,bike_fat,dr_alc7,dr_alc8,dr_drug,dr_imp,dr_dist,dr_spd,dr_fty,dr_unlic,dr_alc7only,dr_alc8only,dr_drugonly,dr_drink,nm_imp,nm_alc7,nm_alc8,nm_drug,nm_dist,agegrp1,agegrp2,roadclass,urbrur,dayweek,restuse,vehtype,race_me,intersect,lanedep,oppdir,wrongway,rep_typ,investag,repag_long,rotr,st_rd,cty_rd,city_rd,oth_rd,drug_thc,thc_res,drug_cthc,cthc_res,drug_cann,prevpersemin,prevperse,prevsusoth,drugtst4,drugtst5,drugtst6,drugtst7,drugtst8,drugres4,drugres5,drugres6,drugres7,drugres8,adspresent,adsengaged,adslevel,race1,race2,race3,race4,race5,helmet,helmetmisuse,nmdistract1,nmdistract2,nmdistract3,nmdistract4,nmdistract5,nmdistract6,lab,isedtcase,crf1,crf2,crf3,CoRoadName,CoMP,IntCoRoadName,IntCoMP,crashzip,dcity,crashcity
730,745,745,2017,502,E743140,40.0,2017-12-04,23:36,4,12,0.0,63,Spokane,2113,1,0.0,3,1,2,1,0,4,2,23:37,23:48,0:22,12,0,1,0.0,3,0,2,4,2,4,6,0,0,3,3,N UNIVERSITY RD,E BRAODWAY AVE,-117.2613167,47.664338889,0,2,21,53,3,35,4,0,0,1,5,12,1,1,3,1,5,2,1,53,0,41,50,2006,0,0.0,12,,,,,,1,1,19,1,7.0,1.0,4,7,3,0,11,0,12/04/2017,23:36,211353052658.0,52658.0,0.0,0.0,0.0,3.0,1,0,0.0,0.0,0.0,0,,,,,,0,,,,,,99206,53,71.0,144.0,6.0,1.0,1.0,0.0,0.0,1.0,1.0,0,,,,,,0,06/15/2015,12/15/2016,20,0,0,0,0.0,9,8,,,0,0.0,0.0,8,9,2.0,605.0,0.0,0.0,1.0,0.0,0.0,2,1,0.0,,,,,,,,,,,,,,,,,,,,,,,,,,,,,,0,0,0,1,1,1,1,1,1,0,0,0,0,0,0,0,1,0,0,0,0,1,1,0,1,0,0,0,0,1,0,0,0,0,0,,1,0,0,0,0,0,1,1,0,0,0,0,0,0,1,0,,,,,,18-20,16-25,City street,U,Monday,Belt Used,PV,White,1,0,0,0,City Street,County Sheriff,Spokane County Sheriff's Office,0,0,0,1,0,thc,888.0,carboxy-thc,11.0,,,,,,,,,,,,,,,,,,,,,,,,,,,,,,,,,,,,,,,,99206,Spokane,Spokane
731,746,746,2017,503,E743130,35.0,2017-12-03,21:00,3,12,0.0,53,Pierce,0,1,0.0,2,2,2,1,0,3,2,21:04,21:20,21:50,12,0,2,1.3,1,0,1,3,2,2,4,0,0,0,0,CR-SPANAWAY LP S,,-122.4585417,47.108258333,0,1,50,10,2,40,8,0,0,1,2,12,2,1,2,2,14,2,2,53,0,48,38,2012,0,0.0,68,12.0,,,,,1,1,23,1,0.0,0.0,0,0,3,0,11,0,,,,,0.0,0.0,0.0,3.0,1,28,0.0,0.0,0.0,96,,,,,,9,,,,,,98499,53,68.0,159.0,6.0,1.0,0.0,0.0,1.0,1.0,1.0,2,,,,,,0,12/15/2013,11/15/2017,1,0,0,0,8.0,1,8,,,0,0.0,0.0,8,1,2.0,1.0,0.0,0.0,1.0,0.0,0.0,2,1,0.22,,,,,,,,,,,,,,,,,,,,,,,,,,,,,,0,0,0,0,1,1,0,1,0,0,0,0,0,0,0,0,0,0,0,1,0,0,0,1,1,0,0,0,0,1,0,0,0,0,0,,0,0,0,0,0,1,0,1,0,0,0,0,0,1,0,1,,,,,,21-25,16-25,County road,U,Sunday,Belt Used,PV,Not Fatal,0,1,1,0,County Road,County Sheriff,Law Enforcement Support Agency,0,0,1,0,0,,,,,,,,,,,,,,,,,,,,,,,,,,,,,,,,,,,,,,,,,,,,98387,Lakewood,Spanaway
732,747,747,2017,503,E743130,35.0,2017-12-03,21:00,3,12,0.0,53,Pierce,0,1,0.0,2,1,2,1,0,3,2,21:04,21:20,21:50,12,0,2,1.3,1,0,1,3,2,2,4,0,0,0,0,CR-SPANAWAY LP S,,-122.4585417,47.108258333,0,2,51,62,4,40,39,0,0,1,2,12,3,1,2,2,14,1,1,53,0,29,399,2008,0,0.0,12,,,,,,1,1,27,1,0.0,0.0,0,0,3,0,11,0,,,,,0.0,0.0,0.0,3.0,1,0,0.0,0.0,0.0,0,,,,,,0,,,,,,98597,53,72.0,185.0,6.0,1.0,0.0,0.0,0.0,0.0,0.0,0,,,,,,0,,,1,0,0,0,8.0,9,8,,,0,0.0,0.0,8,0,0.0,0.0,0.0,0.0,0.0,0.0,0.0,0,0,996.0,,,,,,,,,,,,,,,,,,,,,,,,,,,,,,0,0,0,0,1,1,0,1,0,0,0,0,0,0,0,0,0,0,0,1,0,0,0,1,1,0,0,0,0,1,0,0,0,0,0,,0,0,0,0,0,0,0,0,0,0,0,0,0,0,0,0,,,,,,26-30,26-35,County road,U,Sunday,Belt Used,PV,Not Fatal,0,1,1,0,County Road,County Sheriff,Law Enforcement Support Agency,0,0,1,0,0,,,,,,,,,,,,,,,,,,,,,,,,,,,,,,,,,,,,,,,,,,,,98387,Yelm,Spanaway
733,748,748,2017,504,E744024,171.0,2017-12-06,2:31,6,12,0.0,33,King,1107,1,0.0,3,1,2,1,0,1,1,,,,39,0,0,4.9,1,0,1,3,2,1,3,0,0,0,0,SR-522,,-122.2881472,47.741347222,0,1,6,12,2,98,2,0,0,1,2,39,1,2,3,2,1,1,1,53,0,39,35,2008,0,0.0,65,64.0,39.0,,,,1,1,72,1,7.0,1.0,4,7,20,0,11,0,12/06/2017,2:31,110753053709.0,53709.0,0.0,0.0,3.0,2.0,1,0,0.0,0.0,0.0,96,,,,,,99,,,,,,98027,53,74.0,240.0,1.0,1.0,1.0,1.0,0.0,1.0,2.0,0,,,,,,0,06/15/2015,04/15/2017,20,0,0,0,1.0,9,8,,,0,0.0,0.0,8,1,0.0,0.0,0.0,0.0,0.0,0.0,0.0,2,1,0.19,,,,,,,,,,,,,,,,,,,,,,,,,,,,,,0,0,1,0,1,1,0,1,0,0,0,0,0,1,0,0,0,0,0,1,0,0,0,0,0,1,1,0,0,1,0,0,0,1,0,,1,0,0,0,0,1,0,1,0,0,0,1,0,1,0,1,,,,,,71-75,66-75,State route,U,Wednesday,Not Used,PV,White,0,0,0,1,State Route,Municipal/City Police,Lake Forest Park Police Department,0,1,0,0,0,,,,,,,,,,,,,,,,,,,,,,,,,,,,,,,,,,,,,,,,,,,,98155,Issaquah,Seattle
734,749,749,2017,505,E744245,30.0,2017-12-06,11:16,6,12,0.0,43,Lincoln,0,1,0.0,1,99,5,1,0,1,1,,,,1,0,0,4.3,1,0,1,7,1,2,4,0,0,0,0,CR-STARBARN RD,,-118.1322667,47.507719444,0,1,7,12,2,50,4,0,0,1,5,1,1,4,2,1,1,1,2,53,0,20,16,1999,0,0.0,68,64.0,1.0,,,,1,1,56,1,7.0,1.0,4,7,3,0,11,0,12/06/2017,11:16,53053084.0,53084.0,0.0,0.0,3.0,3.0,1,0,0.0,0.0,0.0,92,,,,,,99,,,,,,99122,53,69.0,170.0,6.0,1.0,0.0,0.0,0.0,0.0,0.0,0,,,,,,0,,,1,2,9,0,0.0,9,8,,,0,0.0,0.0,8,9,2.0,155.0,337.0,996.0,1.0,1.0,1.0,2,1,0.0,,,,,,,,,,,,,,,,,,,,,,,,,,,,,,0,0,0,0,0,0,1,1,0,0,0,0,0,0,0,0,1,0,0,0,0,0,0,0,0,0,0,0,0,1,0,0,0,0,0,,1,0,0,0,0,0,1,1,1,0,0,0,0,0,1,0,,,,,,56-60,56-65,County road,R,Wednesday,Belt Used,PV,White,0,1,0,0,County Road,County Sheriff,Lincoln County Sheriff's Office,1,0,1,0,0,,,,,,,,,,,,,,,,,,,,,,,,,,,,,,,,,,,,,,,,,,,,99122,Davenport,Davenport
735,750,750,2017,506,E752354,7.0,2017-12-07,15:44,7,12,0.0,33,King,0,1,0.0,1,2,2,1,0,4,3,,,,12,0,2,51.1,1,0,1,3,1,1,2,0,0,0,0,US-2,,-121.3136111,47.712086111,0,1,50,10,2,60,82,0,0,1,2,12,1,2,2,1,1,1,1,53,0,72,706,2014,0,0.0,68,12.0,68.0,12.0,2.0,,1,1,60,2,7.0,1.0,4,7,19,0,11,0,12/07/2017,15:44,202053057684.0,57684.0,0.0,0.0,0.0,2.0,1,28,0.0,0.0,0.0,96,,,,,,9,,,,,,98826,53,61.0,137.0,1.0,1.0,0.0,2.0,4.0,0.0,6.0,0,,,,,,0,05/15/2014,08/15/2017,20,8,0,0,0.0,9,1,,,0,0.0,0.0,1,9,2.0,167.0,300.0,321.0,1.0,1.0,1.0,2,1,0.0,,,,,,,,,,,,,,,,,,,,,,,,,,,,,,0,0,0,0,0,0,1,1,0,0,0,0,0,1,1,0,0,0,0,0,0,0,0,0,0,0,0,0,1,1,0,0,0,0,1,0.0,0,0,0,0,0,0,1,1,0,0,0,1,0,0,1,0,,,,,,56-60,56-65,US highway,R,Thursday,,MC,White,0,1,1,0,State Route,State Patrol,Washington State Patrol Headquarter,0,1,0,0,0,,,,,,,,,,,,,,,,,,,,,,,,,,,,,,,,,,,,,,,,,,,,98288,Leavenworth,Skykomish
736,751,751,2017,506,E752354,7.0,2017-12-07,15:44,7,12,0.0,33,King,0,1,0.0,1,2,2,1,0,4,3,,,,12,0,2,51.1,1,0,1,3,1,1,2,0,0,0,0,US-2,,-121.3136111,47.712086111,0,2,51,62,4,60,20,0,0,1,2,12,1,2,2,1,1,1,3,53,0,12,444,2016,0,0.0,12,,,,,,1,1,53,1,0.0,0.0,0,0,3,0,11,0,,,,,0.0,0.0,0.0,3.0,1,0,0.0,0.0,0.0,0,,,,,,0,,,,,,98371,53,71.0,175.0,6.0,1.0,0.0,0.0,0.0,0.0,0.0,0,,,,,,0,,,8,0,0,0,8.0,9,8,,,0,0.0,0.0,8,0,2.0,1.0,0.0,0.0,1.0,0.0,0.0,2,1,0.0,,,,,,,,,,,,,,,,,,,,,,,,,,,,,,0,0,0,0,0,0,1,1,0,0,0,0,0,1,1,0,0,0,0,0,0,0,0,0,0,0,0,0,1,1,0,0,0,0,0,,0,0,0,0,0,0,0,0,0,0,0,0,0,0,0,0,,,,,,51-55,46-55,US highway,R,Thursday,Belt Used,PV,Not Fatal,0,1,1,0,State Route,State Patrol,Washington State Patrol Headquarter,0,1,0,0,0,,,,,,,,,,,,,,,,,,,,,,,,,,,,,,,,,,,,,,,,,,,,98288,Puyallup,Skykomish
737,752,752,2017,506,E752354,7.0,2017-12-07,15:44,7,12,0.0,33,King,0,1,0.0,1,2,2,1,0,4,3,,,,12,0,2,51.1,1,0,1,3,1,1,2,0,0,0,0,US-2,,-121.3136111,47.712086111,0,3,98,62,4,60,15,0,0,1,5,12,1,2,2,1,1,2,1,53,0,20,421,1999,0,0.0,12,,,,,,1,1,55,1,0.0,0.0,0,0,3,0,11,0,,,,,0.0,0.0,0.0,3.0,1,0,0.0,0.0,0.0,0,,,,,,0,,,,,,98855,53,73.0,220.0,6.0,1.0,0.0,0.0,0.0,3.0,0.0,0,,,,,,0,05/15/2013,04/15/2016,20,0,0,0,8.0,9,8,,,0,0.0,0.0,8,0,2.0,1.0,0.0,0.0,1.0,0.0,0.0,2,1,0.0,,,,,,,,,,,,,,,,,,,,,,,,,,,,,,0,0,0,0,0,0,1,1,0,0,0,0,0,1,1,0,0,0,0,0,0,0,0,0,0,0,0,0,1,1,0,0,0,0,0,,0,0,0,0,0,0,0,0,0,0,0,0,0,0,0,0,,,,,,51-55,46-55,US highway,R,Thursday,Belt Used,PV,Not Fatal,0,1,1,0,State Route,State Patrol,Washington State Patrol Headquarter,0,1,0,0,0,,,,,,,,,,,,,,,,,,,,,,,,,,,,,,,,,,,,,,,,,,,,98288,Tonasket,Skykomish
738,753,753,2017,507,E744598,330.0,2017-12-02,17:34,2,12,0.0,77,Yakima,2590,1,0.0,3,1,2,1,1,1,1,17:34,17:37,17:52,8,0,0,0.0,1,0,1,3,2,4,6,0,0,0,0,W NOB HILL BLVD,,-120.5210222,46.585261111,0,1,13,80,5,30,21,0,0,1,5,8,1,1,5,5,1,1,3,53,0,12,462,2017,0,0.0,8,,,,,,1,1,37,1,0.0,0.0,0,0,3,0,11,0,,,,,0.0,0.0,3.0,3.0,1,0,0.0,0.0,0.0,0,,,,,,0,,,,,,98926,53,71.0,150.0,6.0,1.0,0.0,0.0,0.0,0.0,0.0,0,,,,,,0,,,20,0,0,0,8.0,9,8,,,0,0.0,0.0,8,0,0.0,0.0,0.0,0.0,0.0,0.0,0.0,0,0,996.0,,,,,,,,,,,,,,,,,,,,,,,,,,,,,,0,0,0,0,0,0,0,0,0,0,0,0,0,0,0,0,0,0,0,0,0,0,0,0,0,0,0,0,0,1,0,1,0,0,0,,0,0,0,0,0,0,0,0,0,0,0,0,0,0,0,0,,,,,,36-40,36-45,City street,U,Saturday,Belt Used,PV,Not Fatal,0,0,0,0,City Street,Municipal/City Police,Yakima Police Department,0,0,0,1,0,,,,,,,,,,,,,,,,,,,,,,,,,,,,,,,,,,,,,,,,,,,,98902,Ellensburg,Yakima
739,754,754,2017,508,E744778,146.0,2017-12-06,17:04,6,12,0.0,77,Yakima,0,1,0.0,5,1,2,1,0,3,2,,,,12,0,6,2.9,8,0,1,5,1,2,4,0,3,0,0,CR-HARRAH RD,,-120.5441139,46.421555556,0,1,98,20,2,50,66,1,0,1,5,12,1,1,2,1,13,1,3,53,0,82,881,2011,0,0.0,12,,,,,,1,1,64,1,0.0,0.0,0,0,3,0,11,0,,,,,6.0,1.0,3.0,3.0,1,31,0.0,0.0,0.0,1,,,,,,0,,,,,,98951,53,70.0,177.0,6.0,1.0,0.0,3.0,2.0,1.0,0.0,98,,,,,,0,02/15/2013,10/15/2017,20,0,0,0,8.0,9,8,,,0,0.0,0.0,8,0,0.0,0.0,0.0,0.0,0.0,0.0,0.0,0,0,996.0,,,,,,,,,,,,,,,,,,,,,,,,,,,,,,0,0,0,0,0,0,1,1,1,0,0,0,0,1,0,0,1,0,0,0,0,0,0,0,0,0,0,0,0,0,1,0,0,0,0,,0,0,0,0,0,0,0,0,1,0,0,0,0,0,0,0,,,,,,61-65,56-65,County road,R,Wednesday,,MHTRUCK,Not Fatal,0,0,0,0,County Road,County Sheriff,Yakima County Sheriff's Office,0,0,1,0,0,,,,,,,,,,,,,,,,,,,,,,,,,,,,,,,,,,,,,,,,,,,,98951,Wapato,Wapato
740,755,755,2017,508,E744778,146.0,2017-12-06,17:04,6,12,0.0,77,Yakima,0,1,0.0,5,1,2,1,0,3,2,,,,12,0,6,2.9,8,0,1,5,1,2,4,0,3,0,0,CR-HARRAH RD,,-120.5441139,46.421555556,0,2,98,60,4,50,34,0,0,1,2,12,1,1,2,1,1,2,1,53,0,20,481,1995,0,0.0,12,,,,,,1,1,41,2,7.0,3.0,4,7,3,0,11,0,12/06/2017,17:04,89053052630.0,52630.0,0.0,0.0,0.0,2.0,1,0,0.0,0.0,0.0,0,,,,,,99,,,,,,98933,53,62.0,210.0,1.0,1.0,0.0,0.0,0.0,0.0,0.0,0,,,,,,0,,,1,0,0,0,0.0,9,8,,,0,0.0,0.0,8,9,2.0,605.0,0.0,0.0,1.0,0.0,0.0,2,1,0.0,,,,,,,,,,,,,,,,,,,,,,,,,,,,,,0,0,0,0,0,0,1,1,1,0,0,0,0,1,0,0,1,0,0,0,0,0,0,0,0,0,0,0,0,0,1,0,0,0,0,,0,0,0,0,0,0,1,1,0,0,0,1,0,0,1,0,,,,,,41-45,36-45,County road,R,Wednesday,Belt Used,PV,AIAN,0,0,0,0,County Road,County Sheriff,Yakima County Sheriff's Office,0,0,1,0,0,thc,10.0,carboxy-thc,100.0,,,,,,,,,,,,,,,,,,,,,,,,,,,,,,,,,,,,,,,,98951,Harrah,Wapato
741,756,756,2017,509,E745415,249.0,2017-12-05,4:01,5,12,0.0,19,Ferry,1840,1,0.0,3,4,2,1,0,1,1,4:01,4:50,4:57,35,0,0,0.0,1,0,1,5,2,4,6,0,0,0,0,N KLONDIKE RD,,-118.7266833,48.655966667,0,1,7,5,1,25,34,0,0,1,2,1,2,2,2,1,14,1,1,53,0,12,471,2001,0,0.0,68,64.0,35.0,1.0,,,1,1,61,1,7.0,1.0,4,0,99,0,11,5,12/05/2017,6:41,184053053057.0,53057.0,0.0,0.0,3.0,3.0,1,87,0.0,0.0,0.0,96,,,,,,99,,,,,,99166,53,79.0,200.0,6.0,1.0,0.0,0.0,0.0,0.0,1.0,0,,,,,,4,11/15/2015,11/15/2015,99,9,0,0,0.0,9,8,,,0,0.0,0.0,8,9,2.0,401.0,417.0,0.0,1.0,1.0,0.0,2,1,0.0,,,,,,,,,,,,,,,,,,,,,,,,,,,,,,0,0,0,0,0,0,1,1,0,0,0,0,1,0,0,0,0,0,0,0,0,0,0,0,0,0,0,0,0,0,0,0,0,0,0,,0,0,0,0,0,0,1,1,0,1,0,0,0,0,1,0,,,,,,61-65,56-65,City street,U,Tuesday,Unknown,PV,White,0,1,0,0,City Street,Municipal/City Police,Republic Police Department,1,0,0,1,0,,,,,,,,,,,,,,,,,,,,,,,,,,,,,,,,,,,,,,,,,,,,99166,Republic,Republic
742,757,757,2017,510,E745954,29.0,2017-12-11,16:53,11,12,0.0,41,Lewis,0,1,0.0,2,1,2,1,0,3,3,16:55,17:00,17:22,12,0,6,1.2,2,0,3,7,1,2,4,0,0,0,0,CR-FOREST NAPAVINE RD,KIRKLAND RD,-122.8765028,46.586677778,0,1,69,60,4,98,80,0,0,1,2,12,1,1,2,1,1,1,1,53,0,72,706,2006,0,0.0,12,68.0,12.0,,,,1,1,57,1,7.0,1.0,4,0,19,0,11,4,12/12/2017,19:42,145053054209.0,54209.0,0.0,0.0,0.0,3.0,1,0,0.0,0.0,0.0,96,,,,,,99,,,,,,98579,53,77.0,245.0,6.0,1.0,0.0,0.0,0.0,2.0,0.0,0,,,,,,0,07/15/2014,05/15/2015,20,8,0,0,0.0,9,8,,,0,0.0,0.0,8,9,2.0,1.0,0.0,0.0,1.0,0.0,0.0,2,1,0.0,,,,,,,,,,,,,,,,,,,,,,,,,,,,,,0,0,0,1,0,0,0,0,0,0,0,0,0,1,0,0,0,0,0,0,0,0,0,0,0,1,0,0,1,0,0,0,0,0,1,0.0,0,0,0,0,0,0,0,0,0,0,0,0,0,0,0,0,,,,,,56-60,56-65,County road,R,Monday,,MC,White,1,0,0,0,County Road,County Sheriff,Lewis County Sheriff's Office,0,0,1,0,0,,,,,,,,,,,,,,,,,,,,,,,,,,,,,,,,,,,,,,,,,,,,98532,Rochester,Chehalis
743,758,758,2017,510,E745954,29.0,2017-12-11,16:53,11,12,0.0,41,Lewis,0,1,0.0,2,1,2,1,0,3,3,16:55,17:00,17:22,12,0,6,1.2,2,0,3,7,1,2,4,0,0,0,0,CR-FOREST NAPAVINE RD,KIRKLAND RD,-122.8765028,46.586677778,0,2,68,15,2,98,34,1,0,1,5,12,1,1,2,1,11,1,2,53,0,7,482,2006,0,0.0,12,,,,,,1,1,67,1,0.0,0.0,0,0,3,0,11,0,,,,,0.0,0.0,0.0,0.0,1,0,0.0,0.0,0.0,0,,,,,,0,,,,,,98532,53,67.0,200.0,0.0,0.0,0.0,0.0,0.0,0.0,0.0,97,,,,,,0,,,20,0,0,0,8.0,9,8,,,0,0.0,0.0,8,0,0.0,0.0,0.0,0.0,0.0,0.0,0.0,0,0,996.0,,,,,,,,,,,,,,,,,,,,,,,,,,,,,,0,0,0,1,0,0,0,0,0,0,0,0,0,1,0,0,0,0,0,0,0,0,0,0,0,1,0,0,1,0,0,0,0,0,0,,0,0,0,0,0,0,0,0,0,0,0,1,0,0,0,0,,,,,,66-70,66-75,County road,R,Monday,Belt Used,PV,Not Fatal,1,0,0,0,County Road,County Sheriff,Lewis County Sheriff's Office,0,0,1,0,0,,,,,,,,,,,,,,,,,,,,,,,,,,,,,,,,,,,,,,,,,,,,98532,Chehalis,Chehalis
744,759,759,2017,510,E745954,29.0,2017-12-11,16:53,11,12,0.0,41,Lewis,0,1,0.0,2,1,2,1,0,3,3,16:55,17:00,17:22,12,0,6,1.2,2,0,3,7,1,2,4,0,0,0,0,CR-FOREST NAPAVINE RD,KIRKLAND RD,-122.8765028,46.586677778,0,3,98,62,4,98,34,0,0,1,5,12,1,1,2,1,1,1,1,53,0,12,481,1997,0,0.0,12,,,,,,1,1,45,1,0.0,0.0,0,0,3,0,11,0,,,,,0.0,0.0,0.0,3.0,1,0,0.0,0.0,0.0,0,,,,,,0,,,,,,98579,53,73.0,200.0,6.0,1.0,0.0,0.0,0.0,0.0,0.0,0,,,,,,0,,,20,0,0,0,8.0,9,8,,,0,0.0,0.0,8,0,0.0,0.0,0.0,0.0,0.0,0.0,0.0,0,0,996.0,,,,,,,,,,,,,,,,,,,,,,,,,,,,,,0,0,0,1,0,0,0,0,0,0,0,0,0,1,0,0,0,0,0,0,0,0,0,0,0,1,0,0,1,0,0,0,0,0,0,,0,0,0,0,0,0,0,0,0,0,0,0,0,0,0,0,,,,,,41-45,36-45,County road,R,Monday,Belt Used,PV,Not Fatal,1,0,0,0,County Road,County Sheriff,Lewis County Sheriff's Office,0,0,1,0,0,,,,,,,,,,,,,,,,,,,,,,,,,,,,,,,,,,,,,,,,,,,,98532,Rochester,Chehalis
745,760,760,2017,511,E746877,7.0,2017-12-13,16:35,13,12,0.0,33,King,0,1,0.0,5,1,1,1,0,2,2,,,,18,0,0,26.8,1,0,1,3,1,1,3,0,0,0,0,SR-18,,-121.8884556,47.486111111,0,1,12,90,6,98,4,0,0,1,2,12,1,2,2,1,1,1,2,53,0,12,37,2008,0,0.0,18,68.0,12.0,,,,1,1,57,2,7.0,28.0,4,7,3,0,11,0,12/13/2017,16:35,150053053986.0,53986.0,0.0,0.0,3.0,3.0,1,28,0.0,0.0,0.0,96,,,,,,99,,,,,,98023,53,60.0,125.0,6.0,1.0,0.0,0.0,1.0,0.0,0.0,0,,,,,,0,11/15/2015,11/15/2015,8,0,0,0,0.0,9,8,,,0,0.0,0.0,8,9,2.0,996.0,0.0,0.0,1.0,0.0,0.0,2,1,0.0,,,,,,,,,,,,,,,,,,,,,,,,,,,,,,0,0,0,0,0,0,1,1,0,0,0,0,0,0,0,0,0,0,0,0,0,0,0,0,0,0,0,0,0,1,0,0,0,0,0,,1,0,0,0,0,0,1,1,0,0,0,0,0,0,1,0,,,,,,56-60,56-65,State route,R,Wednesday,Belt Used,PV,API,0,0,0,0,State Route,State Patrol,Washington State Patrol Headquarter,0,1,0,0,0,,,,,,,,,,,,,,,,,,,,,,,,,,,,,,,,,,,,,,,,,,,,98027,Federal Way,Issaquah
746,761,761,2017,511,E746877,7.0,2017-12-13,16:35,13,12,0.0,33,King,0,1,0.0,5,1,1,1,0,2,2,,,,18,0,0,26.8,1,0,1,3,1,1,3,0,0,0,0,SR-18,,-121.8884556,47.486111111,0,2,98,62,4,55,14,0,0,1,2,12,1,2,2,1,1,1,2,53,0,2,404,2015,0,0.0,12,,,,,,1,1,55,2,0.0,0.0,1,0,3,0,11,5,,,,,0.0,0.0,0.0,3.0,1,0,0.0,0.0,0.0,0,,,,,,0,,,,,,98042,53,67.0,163.0,6.0,1.0,0.0,0.0,0.0,1.0,0.0,0,,,,,,0,09/15/2013,09/15/2013,1,0,0,0,8.0,9,2,,,0,0.0,0.0,0,0,0.0,0.0,0.0,0.0,0.0,0.0,0.0,0,0,996.0,,,,,,,,,,,,,,,,,,,,,,,,,,,,,,0,0,0,0,0,0,1,1,0,0,0,0,0,0,0,0,0,0,0,0,0,0,0,0,0,0,0,0,0,1,0,0,0,0,0,,0,0,0,0,0,0,0,0,0,0,0,0,0,0,0,0,,,,,,51-55,46-55,State route,R,Wednesday,Belt Used,PV,Not Fatal,0,0,0,0,State Route,State Patrol,Washington State Patrol Headquarter,0,1,0,0,0,,,,,,,,,,,,,,,,,,,,,,,,,,,,,,,,,,,,,,,,,,,,98027,Kent,Issaquah
747,762,762,2017,512,E746851,3.0,2017-12-09,1:48,9,12,0.0,53,Pierce,0,1,0.0,2,1,2,1,0,2,2,1:49,2:16,2:55,12,0,2,5.1,1,0,1,3,2,1,3,0,0,0,0,SR-512,,-122.3751972,47.158336111,0,1,50,54,3,98,14,0,0,1,2,12,1,1,2,3,1,1,1,41,0,63,401,2006,0,0.0,12,,,,,,1,1,29,2,7.0,1.0,4,7,3,0,11,0,12/09/2017,3:17,112453054524.0,54524.0,0.0,0.0,0.0,3.0,1,51,0.0,0.0,0.0,96,,,,,,9,,,,,,97470,41,69.0,160.0,6.0,1.0,0.0,0.0,0.0,0.0,0.0,0,,,,,,0,,,1,0,0,0,0.0,1,8,,,0,0.0,0.0,8,1,2.0,1.0,0.0,0.0,1.0,0.0,0.0,2,1,0.21,,,,,,,,,,,,,,,,,,,,,,,,,,,,,,0,0,0,0,1,1,0,1,0,0,0,0,0,0,0,0,0,0,0,0,0,0,0,1,1,0,0,0,0,1,0,0,0,0,0,,1,0,0,0,0,1,0,1,0,0,0,0,0,1,0,1,,,,,,26-30,26-35,State route,U,Saturday,Belt Used,PV,White,0,0,0,1,State Route,State Patrol,Washington State Patrol Headquarter,0,1,0,0,0,,,,,,,,,,,,,,,,,,,,,,,,,,,,,,,,,,,,,,,,,,,,98446,Roseburg,Tacoma