,index,Unnamed: 0,year,case,par,repjur,crash_dt,crash_tm,accday,accmon,holiday,county,co_char,city,weather,weather2,lightcond,surfcond,surftype,numfatal,nmforms,pforms,vforms,not_tm,arr_tm,hosp_tm,fhevent,hitrun,manncol,milepnt,reljunc,reljuncinter,intersectiontype,funcsystem,landuse,ownership,route,schlbus,spejur,contdev,devfunc,trafid1,trafid2,lon,lat,wk_zone,vnumber,crashtype,criticalevent,criticaleventcat,spdlim,body,trailer,emerg,hazcargo,leave,mhevent,roadalgn,roadprof,traflane,trafflow,vehmanvr,numoccs,regowner,regstate,spuse,make,model,modelyr,vrf1,vrf2,seqevent1,seqevent2,seqevent3,seqevent4,seqevent5,seqevent6,pnumber,ptype,age,sex,hispanic,race,injury,diedscene,restraint,restraintmisuse,seatpos,takehosp,death_dt,death_tm,cert,cernum_wa,commlic,licendor,licrestrict,liccomp,drivpres,drf1,drf2,drf3,drf4,distract1,distract2,distract3,distract4,distract5,distract6,dricond1,dricond2,dricond3,dricond4,dricond5,dricond6,dzip,licstate,drhgt_in,weight,noncdl,noncdltype,prevdwi,prevoth,prevacc,prevspd,prevsus,driviol1,driviol2,driviol3,driviol4,driviol5,driviol6,spdrel,first_dt,last_dt,airbag,ejection,ejectpath,extricat,injurwrk,methalc,methdrug,nmlocat,strikveh,prf1,prf2,prf3,druginv,alcinvol,drugsts,drugres1,drugres2,drugres3,drugtst1,drugtst2,drugtst3,alcsts,alctst,alcres,nmact1,nmact2,nmact3,nmact4,nmact5,nmact6,nmprior1,nmprior2,nmprior3,nmprior4,nmprior5,nmprior6,nmcond1,nmcond2,nmcond3,nmcond4,nmcond5,nmcond6,nmsafe_helmet,nmsafe_pads,nmsafe_oth,nmprev_ref,nmprev_lgt,nmprev_oth,crashlocation,nmcrashtype,crosswalk,schoolzone,sidewalk,train_inv,wildlife_inv,rotr_fars,intersect_fars,dd_inv,aid_inv,dpd_inv,id_inv,mj_inv,impnm_inv,ainm_inv,dpnm_inv,speed_inv,unlic_inv,unendmc_inv,drowsy_inv,drdist_inv,nmdist_inv,fty_inv,unrestfat_inv,dr1617_inv,dr1820_inv,dr1620_inv,dr2125_inv,dr1625_inv,dr65_inv,dr70_inv,dr75_inv,mc_inv,pv_inv,ht_inv,ped_inv,bike_inv,unrest_fat,mc_fat,unhelmet_mc,pv_fat,ht_fat,ped_fat,bike_fat,dr_alc7,dr_alc8,dr_drug,dr_imp,dr_dist,dr_spd,dr_fty,dr_unlic,dr_alc7only,dr_alc8only,dr_drugonly,dr_drink,nm_imp,nm_alc7,nm_alc8,nm_drug,nm_dist,agegrp1,agegrp2,roadclass,urbrur,dayweek,restuse,vehtype,race_me,intersect,lanedep,oppdir,wrongway,rep_typ,investag,repag_long,rotr,st_rd,cty_rd,city_rd,oth_rd,drug_thc,thc_res,drug_cthc,cthc_res,drug_cann,prevpersemin,prevperse,prevsusoth,drugtst4,drugtst5,drugtst6,drugtst7,drugtst8,drugres4,drugres5,drugres6,drugres7,drugres8,adspresent,adsengaged,adslevel,race1,race2,race3,race4,race5,helmet,helmetmisuse,nmdistract1,nmdistract2,nmdistract3,nmdistract4,nmdistract5,nmdistract6,lab,isedtcase,crf1,crf2,crf3,CoRoadName,CoMP,IntCoRoadName,IntCoMP,crashzip,dcity,crashcity
748,763,763,2017,512,E746851,3.0,2017-12-09,1:48,9,12,0.0,53,Pierce,0,1,0.0,2,1,2,1,0,2,2,1:49,2:16,2:55,12,0,2,5.1,1,0,1,3,2,1,3,0,0,0,0,SR-512,,-122.3751972,47.158336111,0,2,51,54,3,60,15,0,0,1,2,12,1,1,2,3,1,1,1,53,0,12,422,2003,0,0.0,12,,,,,,1,1,24,1,0.0,0.0,3,0,3,0,11,4,,,,,0.0,0.0,0.0,3.0,1,0,0.0,0.0,0.0,0,,,,,,0,,,,,,98373,53,67.0,170.0,6.0,1.0,0.0,0.0,0.0,0.0,0.0,0,,,,,,0,,,1,0,0,0,8.0,9,8,,,0,0.0,0.0,8,9,0.0,0.0,0.0,0.0,0.0,0.0,0.0,0,0,996.0,,,,,,,,,,,,,,,,,,,,,,,,,,,,,,0,0,0,0,1,1,0,1,0,0,0,0,0,0,0,0,0,0,0,0,0,0,0,1,1,0,0,0,0,1,0,0,0,0,0,,0,0,0,0,0,0,0,0,0,0,0,0,0,0,0,0,,,,,,21-25,16-25,State route,U,Saturday,Belt Used,PV,Not Fatal,0,0,0,1,State Route,State Patrol,Washington State Patrol Headquarter,0,1,0,0,0,,,,,,,,,,,,,,,,,,,,,,,,,,,,,,,,,,,,,,,,,,,,98446,Puyallup,Tacoma
749,764,764,2017,513,E748207,7.0,2017-12-10,2:05,10,12,0.0,33,King,1960,1,0.0,3,1,1,1,0,2,1,,,,26,0,0,168.3,1,0,1,1,2,1,1,0,0,0,0,I-5,,-122.3224861,47.644288889,0,1,7,12,2,60,14,0,0,1,2,26,1,2,4,3,1,2,2,53,0,2,405,2004,0,0.0,64,26.0,,,,,1,1,20,2,7.0,1.0,4,7,3,0,11,0,12/10/2017,2:05,196053055379.0,55379.0,0.0,0.0,0.0,3.0,1,0,0.0,0.0,0.0,96,,,,,,99,,,,,,98087,53,64.0,150.0,6.0,1.0,0.0,0.0,0.0,1.0,0.0,0,,,,,,4,12/15/2016,12/15/2016,8,0,0,0,0.0,9,8,,,0,0.0,0.0,8,9,2.0,1.0,0.0,0.0,1.0,0.0,0.0,2,1,0.13,,,,,,,,,,,,,,,,,,,,,,,,,,,,,,0,0,0,0,1,1,0,1,0,0,0,0,1,0,0,0,0,0,0,0,0,1,1,0,1,0,0,0,0,1,0,0,0,0,0,,1,0,0,0,0,1,0,1,0,1,0,0,0,1,0,1,,,,,,18-20,16-25,Interstate,U,Sunday,Belt Used,PV,White,0,1,0,0,State Route,State Patrol,Washington State Patrol Headquarter,1,1,0,0,0,,,,,,,,,,,,,,,,,,,,,,,,,,,,,,,,,,,,,,,,,,,,98102,Lynnwood,Seattle
750,765,765,2017,514,E747067,39.0,2017-12-10,19:02,10,12,0.0,61,Snohomish,0,1,0.0,2,2,2,1,0,1,1,,,,42,0,0,0.0,1,0,1,96,6,96,8,0,3,0,0,126TH ST NW,,-122.2836472,48.110144444,0,1,6,12,2,98,4,0,0,1,5,1,2,2,2,1,14,1,2,53,0,14,17,2002,0,0.0,68,64.0,42.0,1.0,,,1,1,33,1,7.0,1.0,4,7,20,0,11,0,12/10/2017,19:02,53054046.0,54046.0,0.0,0.0,0.0,2.0,1,0,0.0,0.0,0.0,96,,,,,,99,,,,,,98292,53,75.0,190.0,1.0,1.0,0.0,4.0,2.0,2.0,11.0,0,,,,,,4,05/15/2013,02/15/2017,20,0,0,0,0.0,9,8,,,0,0.0,0.0,8,9,2.0,1.0,0.0,0.0,1.0,0.0,0.0,2,1,0.28,,,,,,,,,,,,,,,,,,,,,,,,,,,,,,0,0,1,0,1,1,0,1,0,0,0,0,1,1,0,0,0,0,0,1,0,0,0,0,0,0,0,0,0,1,0,0,0,1,0,,1,0,0,0,0,1,0,1,0,1,0,1,0,1,0,1,,,,,,31-35,26-35,Other,,Sunday,Not Used,PV,White,0,1,0,0,Other,County Sheriff,Snohomish County Sheriff's Office,1,0,0,0,1,,,,,,,,,,,,,,,,,,,,,,,,,,,,,,,,,,,,,,,,,,,,98271,Stanwood,Marysville
751,766,766,2017,515,E753370,2.0,2017-12-12,14:45,12,12,0.0,61,Snohomish,0,1,0.0,1,1,2,1,0,4,3,,,,12,0,1,2.9,2,0,2,4,2,1,3,0,0,0,0,SR-92,44TH ST NE,-122.0498694,48.035997222,0,1,21,53,3,55,6,0,0,1,2,12,1,2,2,1,5,1,1,53,0,48,34,1997,0,0.0,12,68.0,12.0,,,,1,1,30,1,7.0,1.0,4,7,20,0,11,0,12/12/2017,14:45,112053053949.0,53949.0,0.0,0.0,0.0,2.0,1,0,0.0,0.0,0.0,0,,,,,,99,,,,,,98258,53,70.0,180.0,1.0,1.0,0.0,0.0,0.0,0.0,0.0,0,,,,,,0,,,20,0,0,0,0.0,9,8,,,0,0.0,0.0,8,9,2.0,128.0,167.0,177.0,1.0,1.0,1.0,2,1,0.0,,,,,,,,,,,,,,,,,,,,,,,,,,,,,,0,0,0,1,0,0,1,1,0,0,0,0,0,1,0,0,1,0,0,1,0,0,0,1,1,0,0,0,0,1,0,0,0,1,0,,1,0,0,0,0,0,1,1,0,0,0,1,0,0,1,0,,,,,,26-30,26-35,State route,U,Tuesday,Not Used,PV,White,1,0,0,0,State Route,State Patrol,Washington State Patrol Headquarter,0,1,0,0,0,,,,,,,,,,,,,,,,,,,,,,,,,,,,,,,,,,,,,,,,,,,,98258,Lake Stevens,Lake Stevens
752,767,767,2017,515,E753370,2.0,2017-12-12,14:45,12,12,0.0,61,Snohomish,0,1,0.0,1,1,2,1,0,4,3,,,,12,0,1,2.9,2,0,2,4,2,1,3,0,0,0,0,SR-92,44TH ST NE,-122.0498694,48.035997222,0,2,98,62,4,55,34,0,0,1,2,12,1,2,2,1,1,2,1,53,0,12,481,2002,0,0.0,12,,,,,,1,1,46,1,0.0,0.0,2,0,3,0,11,4,,,,,0.0,0.0,0.0,3.0,1,0,0.0,0.0,0.0,0,,,,,,0,,,,,,98252,53,73.0,193.0,6.0,1.0,0.0,0.0,0.0,0.0,0.0,0,,,,,,0,,,20,0,0,0,8.0,9,8,,,0,0.0,0.0,8,0,2.0,1.0,0.0,0.0,1.0,0.0,0.0,2,1,0.0,,,,,,,,,,,,,,,,,,,,,,,,,,,,,,0,0,0,1,0,0,1,1,0,0,0,0,0,1,0,0,1,0,0,1,0,0,0,1,1,0,0,0,0,1,0,0,0,0,0,,0,0,0,0,0,0,0,0,0,0,0,0,0,0,0,0,,,,,,46-50,46-55,State route,U,Tuesday,Belt Used,PV,Not Fatal,1,0,0,0,State Route,State Patrol,Washington State Patrol Headquarter,0,1,0,0,0,,,,,,,,,,,,,,,,,,,,,,,,,,,,,,,,,,,,,,,,,,,,98258,Granite Falls,Lake Stevens
753,768,768,2017,515,E753370,2.0,2017-12-12,14:45,12,12,0.0,61,Snohomish,0,1,0.0,1,1,2,1,0,4,3,,,,12,0,1,2.9,2,0,2,4,2,1,3,0,0,0,0,SR-92,44TH ST NE,-122.0498694,48.035997222,0,3,20,50,3,55,4,0,0,1,2,12,1,2,2,1,1,1,1,53,0,12,37,2006,0,0.0,12,,,,,,1,1,23,2,0.0,0.0,2,0,3,0,11,0,,,,,0.0,0.0,3.0,3.0,1,0,0.0,0.0,0.0,12,,,,,,0,,,,,,98258,53,65.0,158.0,6.0,1.0,0.0,0.0,0.0,0.0,0.0,97,,,,,,0,,,20,0,0,0,8.0,9,8,,,0,0.0,0.0,8,0,0.0,0.0,0.0,0.0,0.0,0.0,0.0,0,0,996.0,,,,,,,,,,,,,,,,,,,,,,,,,,,,,,0,0,0,1,0,0,1,1,0,0,0,0,0,1,0,0,1,0,0,1,0,0,0,1,1,0,0,0,0,1,0,0,0,0,0,,0,0,0,0,0,0,0,0,1,0,0,0,0,0,0,0,,,,,,21-25,16-25,State route,U,Tuesday,Belt Used,PV,Not Fatal,1,0,0,0,State Route,State Patrol,Washington State Patrol Headquarter,0,1,0,0,0,,,,,,,,,,,,,,,,,,,,,,,,,,,,,,,,,,,,,,,,,,,,98258,Lake Stevens,Lake Stevens
754,769,769,2017,516,3688140,160.0,2017-12-08,0:42,8,12,0.0,33,King,1030,5,0.0,3,1,2,1,0,3,2,,,,12,0,6,8.7,2,0,2,3,2,1,3,0,0,3,3,SR-181,S 196TH ST,-122.2493722,47.42665,0,1,88,17,2,35,4,0,0,1,2,12,1,1,7,5,1,2,1,16,0,49,32,2001,0,0.0,12,,,,,,1,1,26,1,7.0,1.0,4,7,99,0,11,0,12/08/2017,0:42,103053053637.0,53637.0,0.0,0.0,0.0,3.0,1,39,0.0,0.0,0.0,96,,,,,,99,,,,,,83869,16,75.0,195.0,6.0,1.0,0.0,6.0,0.0,2.0,0.0,0,,,,,,0,10/15/2013,11/15/2017,8,0,0,0,0.0,9,8,,,0,0.0,0.0,8,9,2.0,300.0,407.0,605.0,1.0,1.0,1.0,2,1,0.049,,,,,,,,,,,,,,,,,,,,,,,,,,,,,,0,0,0,1,1,0,1,1,1,0,0,0,0,0,0,0,0,0,0,0,0,0,0,0,0,0,0,0,0,1,1,0,0,0,0,,1,0,0,0,1,0,1,1,0,0,0,0,0,0,0,1,,,,,,26-30,26-35,State route,U,Friday,Unknown,PV,White,1,0,0,0,State Route,Municipal/City Police,Kent Police Department,0,1,0,0,0,thc,5.7,carboxy-thc,11.0,,,,,,,,,,,,,,,,,,,,,,,,,,,,,,,,,,,,,,,,98032,Spirit Lake,Kent
755,770,770,2017,516,3688140,160.0,2017-12-08,0:42,8,12,0.0,33,King,1030,5,0.0,3,1,2,1,0,3,2,,,,12,0,6,8.7,2,0,2,3,2,1,3,0,0,3,3,SR-181,S 196TH ST,-122.2493722,47.42665,0,2,89,66,4,50,66,1,0,1,8,12,1,2,5,5,1,1,3,53,0,82,881,2003,0,0.0,12,,,,,,1,1,32,1,0.0,0.0,0,0,3,0,11,0,,,,,6.0,1.0,0.0,3.0,1,0,0.0,0.0,0.0,0,,,,,,0,,,,,,98118,53,67.0,120.0,6.0,1.0,0.0,1.0,0.0,0.0,1.0,0,,,,,,0,09/15/2014,08/15/2015,20,0,0,0,8.0,9,8,,,0,0.0,0.0,8,0,0.0,0.0,0.0,0.0,0.0,0.0,0.0,0,0,996.0,,,,,,,,,,,,,,,,,,,,,,,,,,,,,,0,0,0,1,1,0,1,1,1,0,0,0,0,0,0,0,0,0,0,0,0,0,0,0,0,0,0,0,0,1,1,0,0,0,0,,0,0,0,0,0,0,0,0,0,0,0,0,0,0,0,0,,,,,,31-35,26-35,State route,U,Friday,,MHTRUCK,Not Fatal,1,0,0,0,State Route,Municipal/City Police,Kent Police Department,0,1,0,0,0,,,,,,,,,,,,,,,,,,,,,,,,,,,,,,,,,,,,,,,,,,,,98032,Seattle,Kent
756,771,771,2017,517,E747398,39.0,2017-12-13,17:53,13,12,0.0,61,Snohomish,0,1,0.0,2,1,2,1,0,2,2,,,,12,0,6,4.6,1,0,1,5,1,2,4,0,0,0,0,CR-N LAKE ROESIGER RD,,-121.9166028,48.010927778,0,1,66,6,1,98,2,0,0,1,5,12,2,1,2,1,14,1,2,53,0,37,32,2000,0,0.0,68,12.0,,,,,1,1,32,1,7.0,1.0,4,7,3,0,11,0,12/13/2017,17:53,53054455.0,54455.0,0.0,0.0,0.0,0.0,1,28,58.0,0.0,0.0,96,,,,,,99,,,,,,98208,53,74.0,200.0,0.0,0.0,0.0,0.0,0.0,0.0,0.0,0,,,,,,3,,,1,0,0,0,0.0,9,8,,,0,0.0,0.0,8,9,2.0,401.0,417.0,0.0,1.0,1.0,0.0,2,1,0.0,,,,,,,,,,,,,,,,,,,,,,,,,,,,,,0,0,0,0,0,0,1,1,0,0,0,0,1,1,0,0,0,0,0,0,0,0,0,1,1,0,0,0,0,1,1,0,0,0,0,,1,0,0,0,0,0,1,1,0,1,0,1,0,0,1,0,,,,,,31-35,26-35,County road,R,Wednesday,Belt Used,PV,White,0,1,1,0,County Road,County Sheriff,Snohomish County Sheriff's Office,0,0,1,0,0,,,carboxy-thc,6.5,,,,,,,,,,,,,,,,,,,,,,,,,,,,,,,,,,,,,,,,98290,Everett,Snohomish
757,772,772,2017,517,E747398,39.0,2017-12-13,17:53,13,12,0.0,61,Snohomish,0,1,0.0,2,1,2,1,0,2,2,,,,12,0,6,4.6,1,0,1,5,1,2,4,0,0,0,0,CR-N LAKE ROESIGER RD,,-121.9166028,48.010927778,0,2,66,62,4,98,67,0,0,1,5,12,3,1,2,1,14,1,2,53,0,12,880,2006,0,0.0,12,,,,,,1,1,25,1,0.0,0.0,0,0,3,0,11,0,,,,,0.0,0.0,0.0,2.0,1,0,0.0,0.0,0.0,0,,,,,,0,,,,,,98258,53,70.0,135.0,1.0,1.0,0.0,2.0,0.0,2.0,3.0,0,,,,,,0,06/15/2014,10/15/2016,1,0,0,0,8.0,9,8,,,0,0.0,0.0,8,0,0.0,0.0,0.0,0.0,0.0,0.0,0.0,0,0,996.0,,,,,,,,,,,,,,,,,,,,,,,,,,,,,,0,0,0,0,0,0,1,1,0,0,0,0,1,1,0,0,0,0,0,0,0,0,0,1,1,0,0,0,0,1,1,0,0,0,0,,0,0,0,0,0,0,0,0,0,0,0,1,0,0,0,0,,,,,,21-25,16-25,County road,R,Wednesday,Belt Used,MHTRUCK,Not Fatal,0,1,1,0,County Road,County Sheriff,Snohomish County Sheriff's Office,0,0,1,0,0,,,,,,,,,,,,,,,,,,,,,,,,,,,,,,,,,,,,,,,,,,,,98290,Lake Stevens,Snohomish
758,773,773,2017,518,E747528,247.0,2017-12-15,3:59,15,12,0.0,33,King,1820,10,0.0,3,2,2,1,1,1,1,,,,8,0,0,0.0,1,0,1,3,2,4,6,0,0,0,0,AVONDALE RD,,-122.0927194,47.701047222,0,1,13,80,5,40,14,0,0,1,2,8,1,1,8,1,1,1,1,53,0,48,401,2014,0,0.0,8,,,,,,1,1,57,2,0.0,0.0,0,0,3,0,11,0,,,,,0.0,0.0,3.0,3.0,1,0,0.0,0.0,0.0,92,,,,,,0,,,,,,98296,53,66.0,200.0,6.0,1.0,0.0,0.0,0.0,0.0,0.0,0,,,,,,0,,,20,0,0,0,8.0,9,8,,,0,0.0,0.0,8,0,0.0,0.0,0.0,0.0,0.0,0.0,0.0,0,0,996.0,,,,,,,,,,,,,,,,,,,,,,,,,,,,,,0,0,0,0,0,0,0,0,0,0,0,0,0,0,0,0,1,0,0,0,0,0,0,0,0,0,0,0,0,1,0,1,0,0,0,,0,0,0,0,0,0,0,0,1,0,0,0,0,0,0,0,,,,,,56-60,56-65,City street,U,Friday,Belt Used,PV,Not Fatal,0,0,0,0,City Street,Municipal/City Police,Redmond Police Department,0,0,0,1,0,,,,,,,,,,,,,,,,,,,,,,,,,,,,,,,,,,,,,,,,,,,,98052,Snohomish,Redmond
759,774,774,2017,519,E748889,2.0,2017-12-18,13:40,18,12,0.0,57,Skagit,0,10,0.0,1,1,2,1,0,3,3,13:39,13:45,14:21,12,0,6,58.3,2,0,2,3,2,1,3,0,0,3,3,SR-20,PULVER RD,-122.3570611,48.465597222,0,1,89,17,2,35,4,0,0,1,2,12,1,1,3,1,1,1,2,53,0,49,32,1997,0,0.0,12,12.0,,,,,1,1,49,2,1.0,7.0,4,0,20,0,11,4,12/18/2017,14:19,141053054565.0,54565.0,0.0,0.0,0.0,3.0,1,38,39.0,0.0,0.0,96,,,,,,9,,,,,,98284,53,62.0,285.0,6.0,1.0,0.0,0.0,0.0,0.0,0.0,0,,,,,,0,,,20,0,0,0,0.0,9,1,,,0,0.0,0.0,1,9,2.0,401.0,417.0,0.0,1.0,1.0,0.0,2,1,0.0,,,,,,,,,,,,,,,,,,,,,,,,,,,,,,0,0,0,1,0,0,1,1,0,0,0,0,0,0,0,0,0,0,1,1,0,0,0,0,0,1,0,0,0,1,0,0,0,1,0,,1,0,0,0,0,0,1,1,0,0,1,0,0,0,1,0,,,,,,46-50,46-55,State route,U,Monday,Not Used,PV,Hispanic,1,0,0,0,State Route,State Patrol,Washington State Patrol Headquarter,0,1,0,0,0,,,,,,,,,,,,,,,,,,,,,,,,,,,,,,,,,,,,,,,,,,,,98233,Sedro Woolley,Burlington
760,775,775,2017,519,E748889,2.0,2017-12-18,13:40,18,12,0.0,57,Skagit,0,10,0.0,1,1,2,1,0,3,3,13:39,13:45,14:21,12,0,6,58.3,2,0,2,3,2,1,3,0,0,3,3,SR-20,PULVER RD,-122.3570611,48.465597222,0,2,88,66,4,45,4,0,0,1,2,12,1,1,5,1,1,1,3,53,0,37,31,2004,0,0.0,12,,,,,,1,1,66,2,0.0,0.0,1,0,20,0,11,0,,,,,0.0,0.0,0.0,3.0,1,0,0.0,0.0,0.0,0,,,,,,0,,,,,,98230,53,64.0,120.0,6.0,1.0,0.0,0.0,0.0,0.0,0.0,0,,,,,,0,,,20,0,0,0,8.0,9,8,,,0,0.0,0.0,8,0,0.0,0.0,0.0,0.0,0.0,0.0,0.0,0,0,996.0,,,,,,,,,,,,,,,,,,,,,,,,,,,,,,0,0,0,1,0,0,1,1,0,0,0,0,0,0,0,0,0,0,1,1,0,0,0,0,0,1,0,0,0,1,0,0,0,0,0,,0,0,0,0,0,0,0,0,0,0,0,0,0,0,0,0,,,,,,66-70,66-75,State route,U,Monday,Not Used,PV,Not Fatal,1,0,0,0,State Route,State Patrol,Washington State Patrol Headquarter,0,1,0,0,0,,,,,,,,,,,,,,,,,,,,,,,,,,,,,,,,,,,,,,,,,,,,98233,Blaine,Burlington
761,776,776,2017,519,E748889,2.0,2017-12-18,13:40,18,12,0.0,57,Skagit,0,10,0.0,1,1,2,1,0,3,3,13:39,13:45,14:21,12,0,6,58.3,2,0,2,3,2,1,3,0,0,3,3,SR-20,PULVER RD,-122.3570611,48.465597222,0,3,98,66,4,45,15,0,0,1,2,12,1,1,5,1,1,1,1,53,0,54,421,2011,0,0.0,12,,,,,,1,1,47,2,0.0,0.0,1,0,3,0,11,0,,,,,0.0,0.0,0.0,3.0,1,0,0.0,0.0,0.0,0,,,,,,0,,,,,,98221,53,68.0,150.0,6.0,1.0,0.0,0.0,0.0,0.0,0.0,0,,,,,,0,,,1,0,0,0,8.0,9,8,,,0,0.0,0.0,8,0,0.0,0.0,0.0,0.0,0.0,0.0,0.0,0,0,996.0,,,,,,,,,,,,,,,,,,,,,,,,,,,,,,0,0,0,1,0,0,1,1,0,0,0,0,0,0,0,0,0,0,1,1,0,0,0,0,0,1,0,0,0,1,0,0,0,0,0,,0,0,0,0,0,0,0,0,0,0,0,0,0,0,0,0,,,,,,46-50,46-55,State route,U,Monday,Belt Used,PV,Not Fatal,1,0,0,0,State Route,State Patrol,Washington State Patrol Headquarter,0,1,0,0,0,,,,,,,,,,,,,,,,,,,,,,,,,,,,,,,,,,,,,,,,,,,,98233,Anacortes,Burlington
762,777,777,2017,520,E748935,290.0,2017-12-17,19:50,17,12,0.0,53,Pierce,2230,1,0.0,3,99,2,2,0,2,1,,,,24,0,0,0.0,1,0,1,4,2,4,6,0,3,0,0,N SHORE PARKWAY,,-122.3933778,47.301030556,0,1,2,13,2,35,2,0,0,1,2,42,3,2,2,1,14,2,1,53,0,58,42,2017,0,0.0,63,24.0,42.0,,,,1,1,57,1,6.0,1.0,4,7,99,0,11,0,12/17/2017,19:50,223053055267.0,55267.0,0.0,0.0,3.0,3.0,1,0,0.0,0.0,0.0,96,,,,,,99,,,,,,98023,53,67.0,180.0,6.0,1.0,0.0,0.0,0.0,0.0,0.0,0,,,,,,4,,,8,0,0,0,0.0,9,8,,,0,0.0,0.0,8,1,2.0,1.0,0.0,0.0,1.0,0.0,0.0,2,1,0.097,,,,,,,,,,,,,,,,,,,,,,,,,,,,,,0,0,0,0,1,1,0,1,0,0,0,0,1,0,0,0,0,0,0,0,0,0,0,0,0,0,0,0,0,1,0,0,0,0,0,,1,0,0,0,0,1,0,1,0,1,0,0,0,1,0,1,,,,,,56-60,56-65,City street,U,Sunday,Unknown,PV,Hispanic,0,1,0,0,City Street,Municipal/City Police,Tacoma Police Department,1,0,0,1,0,,,,,,,,,,,,,,,,,,,,,,,,,,,,,,,,,,,,,,,,,,,,98422,Federal Way,Tacoma
763,778,778,2017,521,E749014,146.0,2017-12-17,0:20,17,12,0.0,77,Yakima,0,5,0.0,2,2,2,1,0,1,1,,,,1,0,0,2.5,1,0,1,6,1,2,4,0,0,0,0,CR-WANETA RD,,-119.9782639,46.29285,0,1,7,12,2,50,3,0,0,1,2,1,1,1,2,1,1,1,2,53,0,37,31,1991,0,0.0,63,69.0,68.0,64.0,1.0,42.0,1,1,24,1,1.0,98.0,4,7,20,0,11,0,12/17/2017,0:20,222053054221.0,54221.0,0.0,0.0,0.0,3.0,1,0,0.0,0.0,0.0,96,,,,,,99,,,,,,98930,53,74.0,150.0,6.0,1.0,1.0,6.0,0.0,6.0,2.0,0,,,,,,4,02/15/2014,09/15/2017,8,1,9,0,0.0,9,8,,,0,0.0,0.0,8,9,2.0,402.0,407.0,605.0,1.0,1.0,1.0,2,1,0.25,,,,,,,,,,,,,,,,,,,,,,,,,,,,,,0,0,0,0,1,1,1,1,1,0,0,0,1,0,0,0,0,0,0,1,0,0,0,1,1,0,0,0,0,1,0,0,0,1,0,,1,0,0,0,0,1,1,1,0,1,0,0,0,0,0,1,,,,,,21-25,16-25,County road,R,Sunday,Not Used,PV,Hispanic,0,1,0,0,County Road,County Sheriff,Yakima County Sheriff's Office,1,0,1,0,0,thc,7.1,carboxy-thc,40.0,,,,,,,,,,,,,,,,,,,,,,,,,,,,,,,,,,,,,,,,98930,Grandview,Grandview
764,779,779,2017,522,E749080,262.0,2017-12-14,13:19,14,12,0.0,33,King,1958,1,0.0,1,1,2,1,0,3,1,,,,42,0,0,0.0,1,0,1,5,2,4,6,0,0,0,0,24TH AVE S,,-122.3024083,47.468908333,0,1,2,8,1,35,4,0,0,1,2,42,1,2,3,1,1,3,2,53,0,49,40,1996,0,0.0,63,42.0,38.0,,,,1,1,18,2,7.0,2.0,4,7,20,0,11,0,12/14/2017,13:19,195853055185.0,55185.0,0.0,0.0,0.0,3.0,1,0,0.0,0.0,0.0,3,,,,,,99,,,,,,98108,53,65.0,180.0,6.0,1.0,0.0,0.0,0.0,0.0,0.0,0,,,,,,3,,,8,0,0,0,0.0,9,8,,,0,0.0,0.0,8,9,2.0,605.0,0.0,0.0,1.0,0.0,0.0,2,1,0.0,,,,,,,,,,,,,,,,,,,,,,,,,,,,,,0,0,0,0,0,0,1,1,1,0,0,0,1,0,0,0,1,0,0,1,0,1,1,0,1,0,0,0,0,1,0,0,0,1,0,,1,0,0,0,0,0,1,1,1,1,0,0,0,0,1,0,,,,,,18-20,16-25,City street,U,Thursday,Not Used,PV,Black,0,1,0,0,City Street,Municipal/City Police,SeaTac Police Department,1,0,0,1,0,thc,3.8,carboxy-thc,55.0,,,,,,,,,,,,,,,,,,,,,,,,,,,,,,,,,,,,,,,,98168,Seattle,Seattle
765,780,780,2017,523,E750315,8.0,2017-12-15,7:30,15,12,0.0,35,Kitsap,1730,10,0.0,4,1,2,1,1,1,1,7:35,7:41,,8,0,0,0.0,3,0,3,4,2,4,6,0,0,0,0,FRONT ST,TORVAL CANYON RD,-122.6505472,47.745638889,0,1,13,80,5,25,4,0,0,1,5,8,1,2,2,1,1,1,1,53,0,35,47,2012,0,0.0,8,,,,,,1,1,61,1,0.0,0.0,0,0,3,0,11,0,,,,,0.0,0.0,0.0,3.0,1,38,0.0,0.0,0.0,1,,,,,,99,,,,,,98340,53,70.0,180.0,6.0,1.0,0.0,0.0,0.0,1.0,0.0,46,,,,,,0,03/15/2014,03/15/2014,20,0,0,0,8.0,9,8,,,0,0.0,0.0,8,0,0.0,0.0,0.0,0.0,0.0,0.0,0.0,0,0,996.0,,,,,,,,,,,,,,,,,,,,,,,,,,,,,,0,0,0,1,0,0,0,0,0,0,0,0,0,0,0,0,1,0,1,0,0,0,0,0,0,0,0,0,0,1,0,1,0,0,0,,0,0,0,0,0,0,0,0,1,0,1,0,0,0,0,0,,,,,,61-65,56-65,City street,U,Friday,Belt Used,PV,Not Fatal,1,0,0,0,City Street,State Patrol,Washington State Patrol Headquarter,0,0,0,1,0,,,,,,,,,,,,,,,,,,,,,,,,,,,,,,,,,,,,,,,,,,,,98370,Hansville,Poulsbo