,index,Unnamed: 0,year,case,par,repjur,crash_dt,crash_tm,accday,accmon,holiday,county,co_char,city,weather,weather2,lightcond,surfcond,surftype,numfatal,nmforms,pforms,vforms,not_tm,arr_tm,hosp_tm,fhevent,hitrun,manncol,milepnt,reljunc,reljuncinter,intersectiontype,funcsystem,landuse,ownership,route,schlbus,spejur,contdev,devfunc,trafid1,trafid2,lon,lat,wk_zone,vnumber,crashtype,criticalevent,criticaleventcat,spdlim,body,trailer,emerg,hazcargo,leave,mhevent,roadalgn,roadprof,traflane,trafflow,vehmanvr,numoccs,regowner,regstate,spuse,make,model,modelyr,vrf1,vrf2,seqevent1,seqevent2,seqevent3,seqevent4,seqevent5,seqevent6,pnumber,ptype,age,sex,hispanic,race,injury,diedscene,restraint,restraintmisuse,seatpos,takehosp,death_dt,death_tm,cert,cernum_wa,commlic,licendor,licrestrict,liccomp,drivpres,drf1,drf2,drf3,drf4,distract1,distract2,distract3,distract4,distract5,distract6,dricond1,dricond2,dricond3,dricond4,dricond5,dricond6,dzip,licstate,drhgt_in,weight,noncdl,noncdltype,prevdwi,prevoth,prevacc,prevspd,prevsus,driviol1,driviol2,driviol3,driviol4,driviol5,driviol6,spdrel,first_dt,last_dt,airbag,ejection,ejectpath,extricat,injurwrk,methalc,methdrug,nmlocat,strikveh,prf1,prf2,prf3,druginv,alcinvol,drugsts,drugres1,drugres2,drugres3,drugtst1,drugtst2,drugtst3,alcsts,alctst,alcres,nmact1,nmact2,nmact3,nmact4,nmact5,nmact6,nmprior1,nmprior2,nmprior3,nmprior4,nmprior5,nmprior6,nmcond1,nmcond2,nmcond3,nmcond4,nmcond5,nmcond6,nmsafe_helmet,nmsafe_pads,nmsafe_oth,nmprev_ref,nmprev_lgt,nmprev_oth,crashlocation,nmcrashtype,crosswalk,schoolzone,sidewalk,train_inv,wildlife_inv,rotr_fars,intersect_fars,dd_inv,aid_inv,dpd_inv,id_inv,mj_inv,impnm_inv,ainm_inv,dpnm_inv,speed_inv,unlic_inv,unendmc_inv,drowsy_inv,drdist_inv,nmdist_inv,fty_inv,unrestfat_inv,dr1617_inv,dr1820_inv,dr1620_inv,dr2125_inv,dr1625_inv,dr65_inv,dr70_inv,dr75_inv,mc_inv,pv_inv,ht_inv,ped_inv,bike_inv,unrest_fat,mc_fat,unhelmet_mc,pv_fat,ht_fat,ped_fat,bike_fat,dr_alc7,dr_alc8,dr_drug,dr_imp,dr_dist,dr_spd,dr_fty,dr_unlic,dr_alc7only,dr_alc8only,dr_drugonly,dr_drink,nm_imp,nm_alc7,nm_alc8,nm_drug,nm_dist,agegrp1,agegrp2,roadclass,urbrur,dayweek,restuse,vehtype,race_me,intersect,lanedep,oppdir,wrongway,rep_typ,investag,repag_long,rotr,st_rd,cty_rd,city_rd,oth_rd,drug_thc,thc_res,drug_cthc,cthc_res,drug_cann,prevpersemin,prevperse,prevsusoth,drugtst4,drugtst5,drugtst6,drugtst7,drugtst8,drugres4,drugres5,drugres6,drugres7,drugres8,adspresent,adsengaged,adslevel,race1,race2,race3,race4,race5,helmet,helmetmisuse,nmdistract1,nmdistract2,nmdistract3,nmdistract4,nmdistract5,nmdistract6,lab,isedtcase,crf1,crf2,crf3,CoRoadName,CoMP,IntCoRoadName,IntCoMP,crashzip,dcity,crashcity
785,801,801,2017,539,E756767,25.0,2017-12-31,18:06,31,12,10.0,33,King,0,5,0.0,2,1,2,1,1,4,1,,,,8,0,0,8.0,1,0,1,4,2,2,4,0,0,0,0,CR-KENT-BLACK DIAMOND RD,,-122.1369139,47.3453,0,1,13,80,5,40,15,0,0,1,5,8,1,1,2,1,1,4,1,53,0,23,421,2007,0,0.0,8,,,,,,1,1,30,1,0.0,0.0,0,0,3,0,11,0,,,,,0.0,0.0,3.0,3.0,1,0,0.0,0.0,0.0,0,,,,,,0,,,,,,98042,53,69.0,150.0,6.0,1.0,0.0,0.0,0.0,0.0,0.0,0,,,,,,0,,,20,0,0,0,8.0,9,8,,,0,0.0,0.0,8,0,0.0,0.0,0.0,0.0,0.0,0.0,0.0,0,0,996.0,,,,,,,,,,,,,,,,,,,,,,,,,,,,,,0,0,0,0,0,0,0,0,0,0,0,0,0,0,0,0,0,0,0,0,0,0,0,0,0,0,0,0,0,1,0,1,0,0,0,,0,0,0,0,0,0,0,0,0,0,0,0,0,0,0,0,,,,,,26-30,26-35,County road,U,Sunday,Belt Used,PV,Not Fatal,1,0,0,0,County Road,County Sheriff,King County Police,0,0,1,0,0,,,,,,,,,,,,,,,,,,,,,,,,,,,,,,,,,,,,,,,,,,,,98042,Kent,Kent
786,802,802,2017,540,E754384,4.0,2017-12-30,17:39,30,12,0.0,1,Adams,0,1,0.0,2,4,2,1,0,3,1,17:44,18:00,18:25,1,0,0,102.3,1,0,1,3,1,1,2,0,0,0,0,US-395,,-118.3919417,47.108825,0,1,7,6,1,70,14,0,0,1,2,1,1,1,2,3,1,3,1,53,0,20,403,2006,0,0.0,64,1.0,,,,,1,1,62,1,7.0,1.0,4,0,3,0,11,4,01/10/2018,16:15,211053002092.0,2092.0,0.0,0.0,0.0,3.0,1,87,0.0,0.0,0.0,96,,,,,,99,,,,,,99122,53,71.0,185.0,6.0,1.0,0.0,0.0,0.0,0.0,0.0,0,,,,,,4,,,20,0,0,0,0.0,9,8,,,0,0.0,0.0,8,0,2.0,1.0,0.0,0.0,1.0,0.0,0.0,2,1,0.0,,,,,,,,,,,,,,,,,,,,,,,,,,,,,,0,0,0,0,0,0,0,0,0,0,0,0,1,0,0,0,0,0,0,0,0,0,0,0,0,0,0,0,0,1,0,0,0,0,0,,1,0,0,0,0,0,0,0,0,1,0,0,0,0,0,0,,,,,,61-65,56-65,US highway,R,Saturday,Belt Used,PV,White,0,1,0,0,State Route,State Patrol,Washington State Patrol Headquarter,1,1,0,0,0,,,,,,,,,,,,,,,,,,,,,,,,,,,,,,,,,,,,,,,,,,,,99169,Davenport,Ritzville
787,803,803,2017,541,E758417,3.0,2017-12-24,23:53,24,12,9.0,53,Pierce,0,4,0.0,2,3,2,1,0,1,1,,,,42,0,0,120.0,1,0,1,1,2,1,1,0,0,0,0,I-5,,-122.5985083,47.10265,0,1,2,13,2,60,4,0,0,1,5,42,1,1,3,3,1,1,2,53,0,37,32,1997,0,0.0,63,42.0,,,,,1,1,29,1,7.0,1.0,4,0,3,0,11,4,12/25/2017,5:30,76353057123.0,57123.0,0.0,0.0,3.0,2.0,1,0,0.0,0.0,0.0,92,,,,,,99,,,,,,98366,53,75.0,190.0,1.0,1.0,0.0,3.0,0.0,1.0,2.0,0,,,,,,0,12/15/2014,10/15/2015,1,0,0,0,0.0,9,8,,,0,0.0,0.0,8,9,2.0,177.0,401.0,605.0,1.0,1.0,1.0,2,1,0.0,,,,,,,,,,,,,,,,,,,,,,,,,,,,,,0,0,0,0,0,0,1,1,1,0,0,0,0,1,0,0,1,0,0,0,0,0,0,0,0,0,0,0,0,1,0,0,0,0,0,,1,0,0,0,0,0,1,1,1,0,0,1,0,0,1,0,,,,,,26-30,26-35,Interstate,U,Sunday,Belt Used,PV,White,0,1,0,0,State Route,State Patrol,Washington State Patrol Headquarter,1,1,0,0,0,thc,1.7,carboxy-thc,11.0,,,,,,,,,,,,,,,,,,,,,,,,,,,,,,,,,,,,,,,,98433,Port Orchard,Tacoma
788,804,804,2017,542,E750745,35.0,2017-12-16,7:44,16,12,0.0,53,Pierce,0,10,0.0,4,2,1,1,0,3,2,7:42,8:01,8:37,12,0,2,4.5,1,0,1,3,2,2,4,0,0,0,0,CR-116TH ST S,,-122.4622167,47.151405556,0,1,50,6,1,35,20,0,0,1,5,12,3,1,4,1,14,2,1,53,0,12,442,2001,0,0.0,68,12.0,,,,,1,1,50,1,0.0,0.0,3,0,3,0,11,8,,,,,0.0,0.0,0.0,2.0,1,28,0.0,0.0,0.0,96,,,,,,9,,,,,,98057,53,70.0,210.0,1.0,1.0,0.0,1.0,0.0,0.0,6.0,0,,,,,,4,01/15/2013,11/15/2017,1,0,0,0,8.0,1,1,,,0,0.0,0.0,1,0,2.0,402.0,407.0,605.0,1.0,1.0,1.0,2,1,0.0,,,,,,,,,,,,,,,,,,,,,,,,,,,,,,0,0,0,0,0,0,1,1,1,0,0,0,1,1,0,0,0,0,0,0,0,0,0,0,0,0,0,0,0,1,1,0,0,0,0,,0,0,0,0,0,0,1,1,0,1,0,1,0,0,1,0,,,,,,46-50,46-55,County road,U,Saturday,Belt Used,PV,Not Fatal,0,1,1,0,County Road,County Sheriff,Law Enforcement Support Agency,0,0,1,0,0,thc,3.4,carboxy-thc,22.0,,,,,,,,,,,,,,,,,,,,,,,,,,,,,,,,,,,,,,,,98444,Renton,Tacoma
789,805,805,2017,542,E750745,35.0,2017-12-16,7:44,16,12,0.0,53,Pierce,0,10,0.0,4,2,1,1,0,3,2,7:42,8:01,8:37,12,0,2,4.5,1,0,1,3,2,2,4,0,0,0,0,CR-116TH ST S,,-122.4622167,47.151405556,0,2,51,62,4,35,67,1,0,1,5,12,1,1,4,1,1,1,3,53,0,12,880,2015,0,0.0,12,,,,,,1,1,36,1,0.0,0.0,0,0,3,0,11,0,,,,,0.0,0.0,0.0,3.0,1,0,0.0,0.0,0.0,0,,,,,,0,,,,,,98499,53,68.0,220.0,6.0,1.0,0.0,1.0,0.0,0.0,0.0,0,,,,,,0,07/15/2017,07/15/2017,1,0,0,0,8.0,9,8,,,0,0.0,0.0,8,0,0.0,0.0,0.0,0.0,0.0,0.0,0.0,0,0,996.0,,,,,,,,,,,,,,,,,,,,,,,,,,,,,,0,0,0,0,0,0,1,1,1,0,0,0,1,1,0,0,0,0,0,0,0,0,0,0,0,0,0,0,0,1,1,0,0,0,0,,0,0,0,0,0,0,0,0,0,0,0,0,0,0,0,0,,,,,,36-40,36-45,County road,U,Saturday,Belt Used,MHTRUCK,Not Fatal,0,1,1,0,County Road,County Sheriff,Law Enforcement Support Agency,0,0,1,0,0,,,,,,,,,,,,,,,,,,,,,,,,,,,,,,,,,,,,,,,,,,,,98444,Lakewood,Tacoma
790,806,806,2017,543,3756384,263.0,2017-12-07,15:10,7,12,0.0,33,King,1960,1,0.0,1,1,1,1,1,1,1,,,,8,0,0,0.0,3,0,3,4,2,4,6,0,0,3,3,E MARGINAL WAY S,S ATLANTIC ST,-122.3363306,47.592680556,0,1,13,80,5,98,66,1,0,1,5,8,1,1,2,1,10,1,3,41,0,87,884,2006,0,0.0,8,,,,,,1,1,56,1,0.0,0.0,0,0,3,0,11,0,,,,,6.0,3.0,0.0,3.0,1,0,0.0,0.0,0.0,1,,,,,,0,,,,,,97322,41,71.0,200.0,6.0,1.0,0.0,2.0,0.0,2.0,2.0,0,,,,,,0,04/15/2013,09/15/2016,20,0,0,0,8.0,9,2,,,0,0.0,0.0,0,0,0.0,0.0,0.0,0.0,0.0,0.0,0.0,0,0,996.0,,,,,,,,,,,,,,,,,,,,,,,,,,,,,,0,0,0,1,0,0,0,0,0,0,0,0,0,0,0,0,1,1,0,0,0,0,0,0,0,0,0,0,0,0,1,1,0,0,0,,0,0,0,0,0,0,0,0,1,0,0,0,0,0,0,0,,,,,,56-60,56-65,City street,U,Thursday,,MHTRUCK,Not Fatal,1,0,0,0,City Street,Municipal/City Police,Seattle Police Department,0,0,0,1,0,,,,,,,,,,,,,,,,,,,,,,,,,,,,,,,,,,,,,,,,,,,,98134,Albany,Seattle
791,808,808,2017,546,E744509,143.0,2017-12-05,16:42,5,12,0.0,61,Snohomish,860,1,0.0,3,1,2,1,1,1,1,,,,9,0,0,0.0,1,0,1,4,2,4,6,0,0,0,0,W STANLEY ST,,-121.9720861,48.083316667,0,1,13,83,5,30,16,0,0,1,5,9,1,1,2,1,1,1,2,53,0,20,431,1998,0,0.0,9,,,,,,1,1,41,2,0.0,0.0,0,0,3,0,11,0,,,,,0.0,0.0,0.0,3.0,1,0,0.0,0.0,0.0,96,,,,,,0,,,,,,98271,53,68.0,190.0,6.0,1.0,0.0,0.0,0.0,1.0,0.0,0,,,,,,0,01/15/2016,01/15/2016,20,0,0,0,8.0,9,8,,,0,0.0,0.0,8,0,0.0,0.0,0.0,0.0,0.0,0.0,0.0,0,0,996.0,,,,,,,,,,,,,,,,,,,,,,,,,,,,,,0,0,0,0,0,0,0,0,0,0,0,0,0,0,0,0,0,0,0,0,0,0,0,0,0,0,0,0,0,1,0,0,1,0,0,,0,0,0,0,0,0,0,0,0,0,0,0,0,0,0,0,,,,,,41-45,36-45,City street,U,Tuesday,Belt Used,PV,Not Fatal,0,0,0,0,City Street,Municipal/City Police,Granite Falls Police Department,0,0,0,1,0,,,,,,,,,,,,,,,,,,,,,,,,,,,,,,,,,,,,,,,,,,,,98252,Marysville,Granite Falls
792,809,809,2017,547,E748221,25.0,2017-11-26,1:06,26,11,8.0,33,King,670,2,0.0,3,2,2,1,0,2,1,,,,42,0,0,9999.9,3,0,3,7,1,2,4,0,0,20,3,CR-SE 424TH ST,SR-169,-121.9897111,47.221055556,0,1,14,14,2,35,4,0,0,1,5,38,1,1,2,1,1,2,2,53,0,19,18,2009,0,0.0,71,42.0,38.0,,,,1,1,27,1,7.0,1.0,4,0,3,0,11,4,11/29/2017,16:15,196053052009.0,52009.0,0.0,0.0,0.0,3.0,1,0,0.0,0.0,0.0,96,,,,,,99,,,,,,98022,53,71.0,165.0,6.0,1.0,0.0,0.0,0.0,2.0,0.0,0,,,,,,4,04/15/2014,09/15/2014,8,0,0,0,0.0,9,8,,,0,0.0,0.0,8,1,2.0,1.0,0.0,0.0,1.0,0.0,0.0,2,1,0.074,,,,,,,,,,,,,,,,,,,,,,,,,,,,,,0,0,0,1,1,0,0,0,0,0,0,0,1,0,0,0,0,0,0,0,0,0,0,0,0,0,0,0,0,1,0,0,0,0,0,,1,0,0,0,1,0,0,0,0,1,0,0,1,0,0,1,,,,,,26-30,26-35,County road,R,Sunday,Belt Used,PV,White,1,0,0,0,State Route,County Sheriff,King County Police,0,1,0,0,0,,,,,,,,,,,,,,,,,,,,,,,,,,,,,,,,,,,,,,,,,,,,98022,Enumclaw,Enumclaw
793,810,810,2017,548,E742810,337.0,2017-11-29,3:45,29,11,0.0,73,Whatcom,110,10,0.0,3,2,2,1,1,1,1,,,,9,0,0,0.0,2,0,3,5,2,4,6,0,0,20,3,BYRON,LINCOLN ST,-122.4664667,48.733636111,0,1,13,83,5,25,34,0,0,1,5,9,1,2,2,1,11,1,1,53,0,35,481,2010,0,0.0,9,,,,,,1,1,69,2,0.0,0.0,0,0,99,0,11,0,,,,,0.0,0.0,3.0,3.0,1,38,0.0,0.0,0.0,1,,,,,,0,,,,,,98229,53,66.0,123.0,6.0,1.0,0.0,1.0,1.0,0.0,0.0,97,,,,,,0,10/15/2017,10/15/2017,20,0,0,0,8.0,9,8,,,0,0.0,0.0,8,0,0.0,0.0,0.0,0.0,0.0,0.0,0.0,0,0,996.0,,,,,,,,,,,,,,,,,,,,,,,,,,,,,,0,0,0,1,0,0,0,0,0,0,0,0,0,0,0,0,1,0,1,0,0,0,0,0,0,1,0,0,0,0,0,0,1,0,0,,0,0,0,0,0,0,0,0,1,0,1,0,0,0,0,0,,,,,,66-70,66-75,City street,U,Wednesday,Unknown,PV,Not Fatal,1,0,0,0,City Street,Municipal/City Police,Bellingham Police Department,0,0,0,1,0,,,,,,,,,,,,,,,,,,,,,,,,,,,,,,,,,,,,,,,,,,,,98229,Bellingham,Bellingham
794,811,811,2017,549,E746043,122.0,2017-12-11,14:48,11,12,0.0,61,Snohomish,690,1,0.0,1,1,2,1,0,2,2,,,,12,0,6,0.0,2,0,2,3,2,4,6,0,0,3,3,RUCKER,CALIFORNIA,-122.2114306,47.980661111,0,1,86,17,2,30,14,0,0,1,2,12,1,1,5,5,1,1,1,53,0,18,404,2015,0,0.0,12,63.0,41.0,,,,1,1,78,2,7.0,1.0,4,0,3,0,11,4,12/31/2017,9:10,69053057330.0,57330.0,0.0,0.0,3.0,3.0,1,39,0.0,0.0,0.0,96,,,,,,0,,,,,,98204,53,65.0,145.0,6.0,1.0,0.0,0.0,0.0,0.0,0.0,35,,,,,,0,,,8,0,0,0,0.0,9,8,,,0,0.0,0.0,8,0,0.0,0.0,0.0,0.0,0.0,0.0,0.0,0,0,996.0,,,,,,,,,,,,,,,,,,,,,,,,,,,,,,0,0,0,1,0,0,0,0,0,0,0,0,0,0,0,0,0,0,0,0,0,0,0,0,0,1,1,1,0,1,0,0,0,0,0,,1,0,0,0,0,0,0,0,0,0,0,0,0,0,0,0,,,,,,76-80,76+,City street,U,Monday,Belt Used,PV,White,1,0,0,0,City Street,Municipal/City Police,Everett Police Department,0,0,0,1,0,,,,,,,,,,,,,,,,,,,,,,,,,,,,,,,,,,,,,,,,,,,,98201,Everett,Everett
795,812,812,2017,549,E746043,122.0,2017-12-11,14:48,11,12,0.0,61,Snohomish,690,1,0.0,1,1,2,1,0,2,2,,,,12,0,6,0.0,2,0,2,3,2,4,6,0,0,3,3,RUCKER,CALIFORNIA,-122.2114306,47.980661111,0,2,87,66,4,30,20,0,0,1,5,12,1,1,2,1,1,1,1,53,0,7,442,1996,0,0.0,12,,,,,,1,1,58,1,0.0,0.0,0,0,3,0,11,0,,,,,0.0,0.0,3.0,3.0,1,0,0.0,0.0,0.0,96,,,,,,0,,,,,,98203,53,75.0,190.0,6.0,1.0,0.0,0.0,0.0,0.0,0.0,0,,,,,,0,,,20,0,0,0,8.0,9,8,,,0,0.0,0.0,8,0,0.0,0.0,0.0,0.0,0.0,0.0,0.0,0,0,996.0,,,,,,,,,,,,,,,,,,,,,,,,,,,,,,0,0,0,1,0,0,0,0,0,0,0,0,0,0,0,0,0,0,0,0,0,0,0,0,0,1,1,1,0,1,0,0,0,0,0,,0,0,0,0,0,0,0,0,0,0,0,0,0,0,0,0,,,,,,56-60,56-65,City street,U,Monday,Belt Used,PV,Not Fatal,1,0,0,0,City Street,Municipal/City Police,Everett Police Department,0,0,0,1,0,,,,,,,,,,,,,,,,,,,,,,,,,,,,,,,,,,,,,,,,,,,,98201,Everett,Everett
796,813,813,2017,550,17-0332,8.0,2017-10-31,6:16,31,10,0.0,9,Clallam,0,98,0.0,8,98,2,1,0,1,1,,,,1,0,0,230.0,1,0,1,3,1,1,2,0,0,0,0,US-101,,-123.7661861,48.076886111,0,1,98,6,1,35,66,1,0,1,2,24,2,8,2,1,14,1,9,99,0,85,881,2004,0,0.0,68,1.0,24.0,,,,1,1,44,1,7.0,1.0,4,7,20,0,11,0,10/31/2017,6:16,53047403.0,47403.0,6.0,1.0,0.0,3.0,1,0,0.0,0.0,0.0,96,,,,,,99,,,,,,98362,53,71.0,230.0,6.0,1.0,0.0,0.0,0.0,0.0,0.0,0,,,,,,4,,,98,1,9,0,1.0,9,8,,,0,0.0,0.0,8,9,2.0,1.0,0.0,0.0,1.0,0.0,0.0,2,1,0.0,,,,,,,,,,,,,,,,,,,,,,,,,,,,,,0,0,0,0,0,0,0,0,0,0,0,0,1,0,0,0,0,0,0,0,0,0,0,0,0,0,0,0,0,0,1,0,0,0,0,,0,1,0,0,0,0,0,0,0,1,0,0,0,0,0,0,,,,,,41-45,36-45,US highway,R,Tuesday,,MHTRUCK,White,0,0,0,0,State Route,,,0,1,0,0,0,,,,,,,,,,,,,,,,,,,,,,,,,,,,,,,,,,,,,,,,,,,,98363,Port Angeles,Port Angeles
797,814,814,2018,1,E754460,222.0,2018-01-01,17:50,1,1,1.0,67,Thurston,1590,1,0.0,3,1,2,1,0,2,2,,,,12,0,6,0.0,2,0,2,3,2,4,6,0,0,3,3,MARTIN WAY E,SLEATER KINNEY RD NE,-122.8337333,47.047936111,0,1,69,17,2,35,80,0,0,1,5,12,1,1,8,1,1,1,1,53,0,72,706,2003,0,0.0,12,,,,,,1,1,64,1,7.0,1.0,4,7,19,0,11,0,01/01/2018,17:50,110253000432.0,432.0,0.0,0.0,0.0,3.0,1,0,0.0,0.0,0.0,96,,,,,,99,,,,,,98506,53,69.0,190.0,6.0,1.0,0.0,0.0,0.0,1.0,,0,,,,,,0,09/15/2014,09/15/2014,20,8,0,0,0.0,9,8,,,0,0.0,0.0,8,9,2.0,605.0,,,1.0,,,2,1,0.074,,,,,,,,,,,,,,,,,,,,,,,,,,,,,,0,0,0,1,1,0,1,1,1,0,0,0,0,0,0,0,0,0,0,0,0,0,0,1,1,0,0,0,1,1,0,0,0,0,1,0.0,0,0,0,0,1,0,1,1,0,0,0,0,0,0,0,1,,,,,,61-65,56-65,City street,U,Monday,,MC,White,1,0,0,0,City Street,Municipal/City Police,Olympia Police Department,0,0,0,1,0,thc,1.9,,,,0.0,0.0,0.0,,,,,,,,,,,,,,,,,,,,,,,,,,,,,,,,,,,,98503,Olympia,Lacey
798,815,815,2018,1,E754460,222.0,2018-01-01,17:50,1,1,1.0,67,Thurston,1590,1,0.0,3,1,2,1,0,2,2,,,,12,0,6,0.0,2,0,2,3,2,4,6,0,0,3,3,MARTIN WAY E,SLEATER KINNEY RD NE,-122.8337333,47.047936111,0,2,68,15,2,35,14,0,0,1,5,12,1,1,7,1,11,1,1,53,0,2,404,2005,0,0.0,12,,,,,,1,1,23,1,0.0,0.0,0,0,3,0,11,0,,,,,0.0,0.0,0.0,3.0,1,0,0.0,0.0,0.0,96,,,,,,0,,,,,,98516,53,68.0,150.0,6.0,1.0,0.0,3.0,1.0,3.0,,0,,,,,,0,09/15/2013,02/15/2017,1,0,0,0,8.0,9,8,,,0,0.0,0.0,8,0,8.0,95.0,,,96.0,,,8,95,995.0,,,,,,,,,,,,,,,,,,,,,,,,,,,,,,0,0,0,1,1,0,1,1,1,0,0,0,0,0,0,0,0,0,0,0,0,0,0,1,1,0,0,0,1,1,0,0,0,0,0,,0,0,0,0,0,0,0,0,0,0,0,0,0,0,0,0,,,,,,21-25,16-25,City street,U,Monday,Belt Used,PV,Not Fatal,1,0,0,0,City Street,Municipal/City Police,Olympia Police Department,0,0,0,1,0,,,,,,0.0,0.0,1.0,,,,,,,,,,,,,,,,,,,,,,,,,,,,,,,,,,,,98503,Olympia,Lacey
799,816,816,2018,2,E758525,1.0,2018-01-01,6:08,1,1,1.0,77,Yakima,0,1,0.0,2,1,2,1,1,1,1,,,,8,0,0,11.6,1,0,1,5,1,1,3,0,3,0,0,SR-22,,-120.1715694,46.284680556,0,1,13,80,5,60,20,0,0,1,7,8,1,1,2,1,1,1,2,53,0,35,443,2007,0,0.0,8,,,,,,1,1,74,1,0.0,0.0,0,0,3,0,11,0,,,,,0.0,0.0,0.0,3.0,1,0,0.0,0.0,0.0,96,,,,,,0,,,,,,98933,53,65.0,166.0,6.0,1.0,0.0,1.0,0.0,0.0,,0,,,,,,0,04/15/2014,04/15/2014,20,0,0,0,8.0,9,2,,,0,0.0,0.0,0,0,8.0,95.0,,,96.0,,,8,95,995.0,,,,,,,,,,,,,,,,,,,,,,,,,,,,,,0,0,0,0,0,0,0,0,0,1,1,1,0,0,0,0,0,1,0,0,0,0,0,0,0,1,1,0,0,1,0,1,0,0,0,,0,0,0,0,0,0,0,0,0,0,0,0,0,0,0,0,,,,,,71-75,66-75,State route,R,Monday,Belt Used,PV,Not Fatal,0,0,0,0,State Route,State Patrol,Washington State Patrol Headquarter,0,1,0,0,0,,,,,,0.0,0.0,0.0,,,,,,,,,,,,,,,,,,,,,,,,,,,,,,,,,,,,98948,Harrah,Toppenish
800,817,817,2018,3,E756648,3.0,2018-01-03,20:10,3,1,0.0,53,Pierce,0,1,0.0,2,1,2,1,0,3,2,20:07,20:19,20:35,12,0,2,8.3,1,0,1,3,2,1,3,0,0,0,0,SR-410,,-122.1120639,47.165319444,0,1,50,10,2,98,34,0,0,1,2,12,1,1,2,1,1,1,1,53,0,12,481,1989,0,0.0,68,12.0,,,,,1,1,39,1,7.0,99.0,4,0,3,0,11,5,01/03/2018,21:50,16053000201.0,201.0,0.0,0.0,3.0,3.0,1,28,0.0,0.0,0.0,96,,,,,,9,,,,,,98331,53,67.0,150.0,6.0,1.0,0.0,0.0,1.0,2.0,,0,,,,,,0,02/15/2015,09/15/2017,20,0,0,0,0.0,9,2,,,0,0.0,0.0,1,9,2.0,605.0,695.0,996.0,1.0,1.0,1.0,2,1,0.0,,,,,,,,,,,,,,,,,,,,,,,,,,,,,,0,0,0,0,0,0,1,1,1,0,0,0,0,0,0,0,0,0,0,0,0,0,0,0,0,0,0,0,0,1,0,0,0,0,0,,1,0,0,0,0,0,1,1,0,0,0,0,0,0,1,0,,,,,,36-40,36-45,State route,U,Wednesday,Belt Used,PV,Oth/Unk,0,1,1,0,State Route,State Patrol,Washington State Patrol Headquarter,0,1,0,0,0,thc,10.0,carboxy-thc,41.0,,0.0,0.0,0.0,1.0,,,,,996.0,,,,,,,,,,,,,,,,,,,,,,,,,,,,,,98321,Forks,Buckley
801,818,818,2018,3,E756648,3.0,2018-01-03,20:10,3,1,0.0,53,Pierce,0,1,0.0,2,1,2,1,0,3,2,20:07,20:19,20:35,12,0,2,8.3,1,0,1,3,2,1,3,0,0,0,0,SR-410,,-122.1120639,47.165319444,0,2,51,62,4,55,14,0,0,1,2,12,1,1,2,1,1,2,2,53,0,12,402,2014,0,0.0,12,,,,,,1,1,33,1,0.0,0.0,3,0,3,0,11,5,,,,,0.0,0.0,0.0,3.0,1,0,0.0,0.0,0.0,96,,,,,,0,,,,,,98010,53,70.0,155.0,6.0,1.0,0.0,0.0,0.0,0.0,,0,,,,,,0,,,8,0,0,0,8.0,9,8,,,0,0.0,0.0,8,0,8.0,95.0,,,96.0,,,8,95,995.0,,,,,,,,,,,,,,,,,,,,,,,,,,,,,,0,0,0,0,0,0,1,1,1,0,0,0,0,0,0,0,0,0,0,0,0,0,0,0,0,0,0,0,0,1,0,0,0,0,0,,0,0,0,0,0,0,0,0,0,0,0,0,0,0,0,0,,,,,,31-35,26-35,State route,U,Wednesday,Belt Used,PV,Not Fatal,0,1,1,0,State Route,State Patrol,Washington State Patrol Headquarter,0,1,0,0,0,,,,,,0.0,0.0,0.0,,,,,,,,,,,,,,,,,,,,,,,,,,,,,,,,,,,,98321,Black Diamond,Buckley
802,819,819,2018,4,E755037,268.0,2018-01-03,17:55,3,1,0.0,45,Mason,2000,1,0.0,3,1,2,1,1,1,1,17:59,18:25,19:11,8,0,0,0.0,1,0,1,3,2,4,6,0,0,0,0,OLYMPIC HWY N,,-123.1217056,47.223663889,0,1,13,80,5,30,34,0,0,1,5,8,1,1,3,5,1,1,1,53,0,12,481,2010,0,0.0,8,,,,,,1,1,78,1,0.0,0.0,0,0,3,0,11,0,,,,,6.0,0.0,0.0,3.0,1,0,0.0,0.0,0.0,96,,,,,,0,,,,,,98584,53,70.0,195.0,6.0,1.0,0.0,1.0,2.0,0.0,,0,,,,,,0,09/15/2013,09/15/2015,20,0,0,0,8.0,9,8,,,0,0.0,0.0,8,9,2.0,1.0,,,1.0,,,2,1,0.0,,,,,,,,,,,,,,,,,,,,,,,,,,,,,,0,0,0,0,0,0,0,0,0,1,1,0,0,0,0,0,0,1,0,0,0,0,0,0,0,1,1,1,0,1,0,1,0,0,0,,0,0,0,0,0,0,0,0,0,0,0,0,0,0,0,0,,,,,,76-80,76+,City street,U,Wednesday,Belt Used,PV,Not Fatal,0,0,0,0,City Street,Municipal/City Police,Shelton Police Department,0,0,0,1,0,,,,,,0.0,0.0,0.0,,,,,,,,,,,,,,,,,,,,,,,,,,,,,,,,,,,,98584,Shelton,Shelton