,index,Unnamed: 0,year,case,par,repjur,crash_dt,crash_tm,accday,accmon,holiday,county,co_char,city,weather,weather2,lightcond,surfcond,surftype,numfatal,nmforms,pforms,vforms,not_tm,arr_tm,hosp_tm,fhevent,hitrun,manncol,milepnt,reljunc,reljuncinter,intersectiontype,funcsystem,landuse,ownership,route,schlbus,spejur,contdev,devfunc,trafid1,trafid2,lon,lat,wk_zone,vnumber,crashtype,criticalevent,criticaleventcat,spdlim,body,trailer,emerg,hazcargo,leave,mhevent,roadalgn,roadprof,traflane,trafflow,vehmanvr,numoccs,regowner,regstate,spuse,make,model,modelyr,vrf1,vrf2,seqevent1,seqevent2,seqevent3,seqevent4,seqevent5,seqevent6,pnumber,ptype,age,sex,hispanic,race,injury,diedscene,restraint,restraintmisuse,seatpos,takehosp,death_dt,death_tm,cert,cernum_wa,commlic,licendor,licrestrict,liccomp,drivpres,drf1,drf2,drf3,drf4,distract1,distract2,distract3,distract4,distract5,distract6,dricond1,dricond2,dricond3,dricond4,dricond5,dricond6,dzip,licstate,drhgt_in,weight,noncdl,noncdltype,prevdwi,prevoth,prevacc,prevspd,prevsus,driviol1,driviol2,driviol3,driviol4,driviol5,driviol6,spdrel,first_dt,last_dt,airbag,ejection,ejectpath,extricat,injurwrk,methalc,methdrug,nmlocat,strikveh,prf1,prf2,prf3,druginv,alcinvol,drugsts,drugres1,drugres2,drugres3,drugtst1,drugtst2,drugtst3,alcsts,alctst,alcres,nmact1,nmact2,nmact3,nmact4,nmact5,nmact6,nmprior1,nmprior2,nmprior3,nmprior4,nmprior5,nmprior6,nmcond1,nmcond2,nmcond3,nmcond4,nmcond5,nmcond6,nmsafe_helmet,nmsafe_pads,nmsafe_oth,nmprev_ref,nmprev_lgt,nmprev_oth,crashlocation,nmcrashtype,crosswalk,schoolzone,sidewalk,train_inv,wildlife_inv,rotr_fars,intersect_fars,dd_inv,aid_inv,dpd_inv,id_inv,mj_inv,impnm_inv,ainm_inv,dpnm_inv,speed_inv,unlic_inv,unendmc_inv,drowsy_inv,drdist_inv,nmdist_inv,fty_inv,unrestfat_inv,dr1617_inv,dr1820_inv,dr1620_inv,dr2125_inv,dr1625_inv,dr65_inv,dr70_inv,dr75_inv,mc_inv,pv_inv,ht_inv,ped_inv,bike_inv,unrest_fat,mc_fat,unhelmet_mc,pv_fat,ht_fat,ped_fat,bike_fat,dr_alc7,dr_alc8,dr_drug,dr_imp,dr_dist,dr_spd,dr_fty,dr_unlic,dr_alc7only,dr_alc8only,dr_drugonly,dr_drink,nm_imp,nm_alc7,nm_alc8,nm_drug,nm_dist,agegrp1,agegrp2,roadclass,urbrur,dayweek,restuse,vehtype,race_me,intersect,lanedep,oppdir,wrongway,rep_typ,investag,repag_long,rotr,st_rd,cty_rd,city_rd,oth_rd,drug_thc,thc_res,drug_cthc,cthc_res,drug_cann,prevpersemin,prevperse,prevsusoth,drugtst4,drugtst5,drugtst6,drugtst7,drugtst8,drugres4,drugres5,drugres6,drugres7,drugres8,adspresent,adsengaged,adslevel,race1,race2,race3,race4,race5,helmet,helmetmisuse,nmdistract1,nmdistract2,nmdistract3,nmdistract4,nmdistract5,nmdistract6,lab,isedtcase,crf1,crf2,crf3,CoRoadName,CoMP,IntCoRoadName,IntCoMP,crashzip,dcity,crashcity
913,931,931,2018,84,E782747,8.0,2018-03-22,4:59,22,3,0.0,35,Kitsap,0,2,0.0,3,2,2,1,1,1,1,,,,8,1,0,2.9,1,0,1,4,1,1,3,0,0,0,0,SR-160,,-122.5881861,47.504983333,0,1,13,50,3,45,4,0,0,1,5,8,1,2,2,1,1,1,1,53,0,20,2,2002,0,0.0,8,,,,,,1,1,33,1,0.0,0.0,0,0,99,0,11,0,,,,,0.0,0.0,3.0,3.0,1,0,0.0,0.0,0.0,96,,,,,,99,,,,,,98030,53,70.0,215.0,6.0,1.0,1.0,0.0,0.0,1.0,,7,,,,,,0,04/15/2013,12/15/2015,20,0,0,0,8.0,9,8,,,0,0.0,0.0,8,9,8.0,95.0,,,96.0,,,8,95,995.0,,,,,,,,,,,,,,,,,,,,,,,,,,,,,,0,0,0,0,0,0,0,0,0,0,0,0,0,0,0,0,0,0,0,0,0,0,0,0,0,0,0,0,0,1,0,1,0,0,0,,0,0,0,0,0,0,0,0,0,0,0,0,0,0,0,0,,,,,,31-35,26-35,State route,R,Thursday,Unknown,PV,Not Fatal,0,0,0,0,State Route,State Patrol,Washington State Patrol Headquarter,0,1,0,0,0,,,,,,0.0,1.0,0.0,,,,,,,,,,,,,,,,,,,,,,,,,,,,,,,,,,,,98366,Kent,Port Orchard
914,932,932,2018,85,E781575,160.0,2018-03-22,11:23,22,3,0.0,33,King,1030,2,0.0,1,2,2,1,0,2,2,,,,12,0,6,0.2,2,0,2,3,2,1,3,0,0,3,3,SR-181,W MEEKER ST,-122.2473944,47.381369444,0,1,69,17,2,35,14,0,0,1,7,12,1,1,5,1,1,1,1,53,0,7,402,2002,0,0.0,12,1.0,,,,,1,1,70,2,0.0,0.0,1,0,99,0,11,8,,,,,0.0,0.0,3.0,3.0,1,39,0.0,0.0,0.0,96,,,,,,0,,,,,,98003,53,61.0,105.0,6.0,1.0,0.0,0.0,1.0,0.0,,97,,,,,,4,12/15/2013,12/15/2013,1,0,0,0,8.0,9,8,,,0,0.0,0.0,8,0,2.0,1.0,,,1.0,,,2,1,0.0,,,,,,,,,,,,,,,,,,,,,,,,,,,,,,0,0,0,1,0,0,0,0,0,0,0,0,1,0,0,0,0,0,0,0,0,0,0,0,0,1,1,1,0,1,0,0,0,0,0,,0,0,0,0,0,0,0,0,0,1,0,0,0,0,0,0,,,,,,66-70,66-75,State route,U,Thursday,Unknown,PV,Not Fatal,1,0,0,0,State Route,Municipal/City Police,Kent Police Department,0,1,0,0,0,,,,,,0.0,0.0,0.0,,,,,,,,,,,,,,,,,,,,,,,,,,,,,,,,,,,,98032,Federal Way,Kent
915,933,933,2018,85,E781575,160.0,2018-03-22,11:23,22,3,0.0,33,King,1030,2,0.0,1,2,2,1,0,2,2,,,,12,0,6,0.2,2,0,2,3,2,1,3,0,0,3,3,SR-181,W MEEKER ST,-122.2473944,47.381369444,0,2,68,62,4,35,2,0,0,1,7,12,1,1,5,1,11,1,1,53,0,37,32,1995,0,0.0,12,,,,,,1,1,82,1,7.0,4.0,4,7,3,0,11,0,03/22/2018,11:55,103053013634.0,13634.0,0.0,0.0,0.0,3.0,1,0,0.0,0.0,0.0,96,,,,,,0,,,,,,98032,53,66.0,190.0,6.0,1.0,0.0,0.0,0.0,0.0,,0,,,,,,0,,,8,0,0,0,0.0,9,8,,,0,0.0,0.0,8,0,2.0,1.0,,,1.0,,,2,1,0.0,,,,,,,,,,,,,,,,,,,,,,,,,,,,,,0,0,0,1,0,0,0,0,0,0,0,0,1,0,0,0,0,0,0,0,0,0,0,0,0,1,1,1,0,1,0,0,0,0,0,,1,0,0,0,0,0,0,0,0,0,0,0,0,0,0,0,,,,,,81+,76+,State route,U,Thursday,Belt Used,PV,API,1,0,0,0,State Route,Municipal/City Police,Kent Police Department,0,1,0,0,0,,,,,,0.0,0.0,0.0,,,,,,,,,,,,,,,,,,,,,,,,,,,,,,,,,,,,98032,Kent,Kent
916,934,934,2018,86,E781688,7.0,2018-03-22,23:40,22,3,0.0,33,King,0,2,0.0,3,2,2,2,0,3,2,,,,12,0,6,15.7,1,0,1,3,2,1,3,0,0,0,0,SR-18,,-122.0573333,47.388061111,0,1,98,10,2,60,4,0,0,1,7,12,1,2,4,2,1,2,1,53,0,54,35,1998,0,0.0,64,65.0,12.0,,,,1,1,27,2,0.0,0.0,0,0,3,0,11,0,,,,,0.0,0.0,0.0,2.0,1,28,0.0,0.0,0.0,96,,,,,,9,,,,,,98092,53,66.0,190.0,1.0,1.0,0.0,0.0,0.0,1.0,,97,,,,,,0,12/15/2017,03/15/2018,20,0,0,0,8.0,9,2,,,0,0.0,0.0,1,9,2.0,401.0,417.0,,1.0,1.0,,2,1,0.0,,,,,,,,,,,,,,,,,,,,,,,,,,,,,,0,0,0,0,0,0,1,1,1,0,0,0,0,1,0,0,0,0,0,1,0,0,0,0,0,0,0,0,0,1,0,0,0,0,0,,0,0,0,0,0,0,1,1,0,0,0,1,0,0,1,0,,,,,,26-30,26-35,State route,U,Thursday,Belt Used,PV,Not Fatal,0,1,1,0,State Route,State Patrol,Washington State Patrol Headquarter,0,1,0,0,0,,,,,,0.0,0.0,1.0,,,,,,,,,,,,,,,,,,,,,,,,,,,,,,,,,,,,98038,Auburn,Maple Valley
917,935,935,2018,86,E781688,7.0,2018-03-22,23:40,22,3,0.0,33,King,0,2,0.0,3,2,2,2,0,3,2,,,,12,0,6,15.7,1,0,1,3,2,1,3,0,0,0,0,SR-18,,-122.0573333,47.388061111,0,2,98,62,4,60,34,0,0,1,7,12,1,2,4,2,1,1,2,53,0,41,471,1989,0,0.0,12,,,,,,1,1,38,1,7.0,1.0,4,7,3,0,11,0,03/22/2018,23:40,126453014374.0,14374.0,0.0,0.0,0.0,3.0,1,0,0.0,0.0,0.0,96,,,,,,0,,,,,,98580,53,74.0,275.0,6.0,1.0,0.0,1.0,0.0,0.0,,0,,,,,,0,01/15/2015,12/15/2017,20,0,0,0,0.0,9,8,,,0,0.0,0.0,8,0,2.0,151.0,695.0,996.0,1.0,1.0,1.0,2,1,0.0,,,,,,,,,,,,,,,,,,,,,,,,,,,,,,0,0,0,0,0,0,1,1,1,0,0,0,0,1,0,0,0,0,0,1,0,0,0,0,0,0,0,0,0,1,0,0,0,0,0,,1,0,0,0,0,0,1,1,0,0,0,0,0,0,1,0,,,,,,36-40,36-45,State route,U,Thursday,Belt Used,PV,White,0,1,1,0,State Route,State Patrol,Washington State Patrol Headquarter,0,1,0,0,0,,,carboxy-thc,36.0,,0.0,0.0,1.0,1.0,,,,,348.0,,,,,,,,,,,,,,,,,,,,,,,,,,,,,,98038,Roy,Maple Valley
918,936,936,2018,87,E782604,2.0,2018-03-25,13:15,25,3,0.0,61,Snohomish,0,1,0.0,1,1,2,1,0,1,1,,,,42,0,0,2.5,1,0,1,5,1,2,4,0,0,0,0,CR-FLORENCE ACRES RD,,-121.8776333,47.875044444,0,1,1,13,2,35,34,0,0,1,7,42,3,1,2,1,14,1,1,53,0,49,482,2014,0,0.0,63,42.0,,,,,1,1,61,1,7.0,1.0,4,7,20,0,11,0,03/25/2018,13:15,136053014201.0,14201.0,0.0,0.0,3.0,3.0,1,0,0.0,0.0,0.0,96,,,,,,99,,,,,,98272,53,70.0,210.0,6.0,1.0,0.0,1.0,0.0,1.0,,0,,,,,,0,07/15/2014,02/15/2015,8,0,0,0,0.0,9,8,,,0,0.0,0.0,8,9,2.0,605.0,695.0,,1.0,1.0,,2,1,0.0,,,,,,,,,,,,,,,,,,,,,,,,,,,,,,0,0,1,0,0,0,1,1,1,0,0,0,0,0,0,0,0,0,0,1,0,0,0,0,0,0,0,0,0,1,0,0,0,1,0,,1,0,0,0,0,0,1,1,0,0,0,0,0,0,1,0,,,,,,61-65,56-65,County road,R,Sunday,Not Used,PV,White,0,1,0,0,County Road,County Sheriff,Snohomish County Sheriff's Office,1,0,1,0,0,thc,888.0,carboxy-thc,6.1,,0.0,0.0,0.0,,,,,,,,,,,,,,,,,,,,,,,,,,,,,,,,,,,,98272,Monroe,Monroe
919,937,937,2018,88,E782976,25.0,2018-03-24,17:56,24,3,0.0,33,King,0,1,0.0,1,1,2,1,0,3,2,,,,12,0,6,1.0,2,0,4,4,2,2,4,0,0,20,3,CR-RENTON AVE S,S 128TH ST,-122.2350333,47.488286111,0,1,82,15,2,35,4,0,0,1,5,12,1,2,2,1,11,2,1,53,0,7,41,1997,0,0.0,12,,,,,,1,1,63,2,0.0,0.0,0,0,3,0,11,0,,,,,0.0,0.0,3.0,3.0,1,38,0.0,0.0,0.0,96,,,,,,0,,,,,,98031,53,63.0,140.0,6.0,1.0,0.0,0.0,0.0,0.0,,97,,,,,,0,,,20,0,0,0,8.0,9,2,,,0,0.0,0.0,0,0,8.0,95.0,,,96.0,,,8,95,995.0,,,,,,,,,,,,,,,,,,,,,,,,,,,,,,0,0,0,1,0,0,0,0,0,0,0,0,0,0,1,0,0,0,1,0,0,0,0,1,1,0,0,0,1,1,0,0,0,0,0,,0,0,0,0,0,0,0,0,0,0,1,0,0,0,0,0,,,,,,61-65,56-65,County road,U,Saturday,Belt Used,PV,Not Fatal,1,0,0,0,County Road,County Sheriff,King County Police,0,0,1,0,0,,,,,,0.0,0.0,0.0,,,,,,,,,,,,,,,,,,,,,,,,,,,,,,,,,,,,98178,Kent,Seattle
920,938,938,2018,88,E782976,25.0,2018-03-24,17:56,24,3,0.0,33,King,0,1,0.0,1,1,2,1,0,3,2,,,,12,0,6,1.0,2,0,4,4,2,2,4,0,0,0,0,CR-RENTON AVE S,S 128TH ST,-122.2350333,47.488286111,0,2,83,67,4,35,80,0,0,1,7,12,8,8,4,1,1,1,2,53,0,37,703,2012,0,0.0,12,,,,,,1,1,25,1,1.0,98.0,4,0,19,0,11,4,03/24/2018,19:04,196053014391.0,14391.0,0.0,0.0,0.0,2.0,1,0,0.0,0.0,0.0,96,,,,,,0,,,,,,98178,53,70.0,150.0,6.0,1.0,0.0,1.0,0.0,1.0,,0,,,,,,0,04/15/2014,08/15/2016,20,8,0,0,0.0,9,8,,,0,0.0,0.0,8,0,2.0,1.0,,,1.0,,,2,1,0.0,,,,,,,,,,,,,,,,,,,,,,,,,,,,,,0,0,0,1,0,0,0,0,0,0,0,0,0,0,1,0,0,0,1,0,0,0,0,1,1,0,0,0,1,1,0,0,0,0,1,0.0,0,0,0,0,0,0,0,0,0,0,0,0,0,0,0,0,,,,,,21-25,16-25,County road,U,Saturday,,MC,Hispanic,1,0,0,0,County Road,County Sheriff,King County Police,0,0,1,0,0,,,,,,0.0,0.0,1.0,,,,,,,,,,,,,,,,,,,,,,,,,,,,,,,,,,,,98178,Seattle,Seattle
921,939,939,2018,89,E783025,297.0,2018-03-26,22:10,26,3,0.0,33,King,2310,10,0.0,3,2,2,1,1,1,1,,,,8,0,0,0.0,1,0,1,5,2,4,6,0,0,0,0,S 133RD ST,,-122.2767944,47.485,0,1,13,80,5,35,4,0,0,1,7,8,1,1,4,1,1,1,1,53,0,35,47,2008,0,0.0,8,,,,,,1,1,38,1,0.0,0.0,0,0,3,0,11,0,,,,,0.0,0.0,0.0,3.0,1,0,0.0,0.0,0.0,96,,,,,,0,,,,,,98444,53,68.0,220.0,6.0,1.0,0.0,0.0,0.0,0.0,,0,,,,,,0,,,20,0,0,0,8.0,9,8,,,0,0.0,0.0,8,0,8.0,95.0,,,96.0,,,8,95,995.0,,,,,,,,,,,,,,,,,,,,,,,,,,,,,,0,0,0,0,0,0,0,0,0,0,0,0,0,0,0,0,0,0,0,0,0,0,0,0,0,0,0,0,0,1,0,1,0,0,0,,0,0,0,0,0,0,0,0,0,0,0,0,0,0,0,0,,,,,,36-40,36-45,City street,U,Monday,Belt Used,PV,Not Fatal,0,0,0,0,City Street,Municipal/City Police,Tukwila Police Department,0,0,0,1,0,,,,,,0.0,0.0,0.0,,,,,,,,,,,,,,,,,,,,,,,,,,,,,,,,,,,,98168,Tacoma,Seattle
922,940,940,2018,90,E782633,39.0,2018-03-24,10:49,24,3,0.0,61,Snohomish,0,4,0.0,1,3,2,1,0,2,1,,,,30,0,0,4.3,1,0,1,5,1,2,4,0,0,0,0,CR-WOODS CREEK RD,,-121.9002722,47.921216667,0,1,2,6,1,35,4,0,0,1,7,30,1,2,2,1,1,2,1,53,0,63,38,2010,0,0.0,63,30.0,,,,,1,1,32,2,0.0,0.0,2,0,3,0,11,5,,,,,0.0,0.0,3.0,3.0,1,87,0.0,0.0,0.0,96,,,,,,0,,,,,,98290,53,66.0,160.0,6.0,1.0,0.0,0.0,0.0,0.0,,97,,,,,,4,,,20,0,0,0,8.0,9,8,,,0,0.0,0.0,8,0,8.0,95.0,,,96.0,,,8,95,995.0,,,,,,,,,,,,,,,,,,,,,,,,,,,,,,0,0,0,0,0,0,0,0,0,0,0,0,1,0,0,0,0,0,0,0,0,0,0,0,0,0,0,0,0,1,0,0,0,0,0,,0,0,0,0,0,0,0,0,0,1,0,0,0,0,0,0,,,,,,31-35,26-35,County road,R,Saturday,Belt Used,PV,Not Fatal,0,1,0,0,County Road,County Sheriff,Snohomish County Sheriff's Office,1,0,1,0,0,,,,,,0.0,0.0,0.0,,,,,,,,,,,,,,,,,,,,,,,,,,,,,,,,,,,,98272,Snohomish,Monroe
923,941,941,2018,91,E784840,2.0,2018-03-27,12:23,27,3,0.0,61,Snohomish,0,2,0.0,1,2,2,1,0,1,1,,,,42,0,0,36.7,1,0,1,5,1,1,3,0,0,0,0,SR-9,,-122.1913389,48.289019444,0,1,7,12,2,55,4,0,0,1,7,42,1,1,2,1,1,1,1,53,0,6,51,2010,0,0.0,68,64.0,42.0,,,,1,1,55,1,7.0,1.0,4,7,20,0,11,0,03/27/2018,12:23,53014532.0,14532.0,0.0,0.0,3.0,3.0,1,0,0.0,0.0,0.0,96,,,,,,0,,,,,,98012,53,72.0,203.0,6.0,1.0,0.0,4.0,0.0,4.0,,0,,,,,,4,09/15/2014,11/15/2017,1,0,0,0,0.0,9,8,,,0,0.0,0.0,8,0,2.0,1.0,,,1.0,,,2,1,0.0,,,,,,,,,,,,,,,,,,,,,,,,,,,,,,0,0,0,0,0,0,0,0,0,0,0,0,1,0,0,0,0,0,0,1,0,0,0,0,0,0,0,0,0,1,0,0,0,1,0,,1,0,0,0,0,0,0,0,0,1,0,0,0,0,0,0,,,,,,51-55,46-55,State route,R,Tuesday,Not Used,PV,White,0,1,0,0,State Route,State Patrol,Washington State Patrol Headquarter,1,1,0,0,0,,,,,,0.0,0.0,0.0,,,,,,,,,,,,,,,,,,,,,,,,,,,,,,,,,,,,98223,Bothell,Arlington
924,942,942,2018,92,E786529,4.0,2018-03-30,22:45,30,3,0.0,63,Spokane,0,1,0.0,2,1,2,1,0,1,1,22:53,23:07,23:25,1,0,0,77.9,1,0,1,3,1,1,2,0,0,0,0,US-195,,-117.3851556,47.440177778,0,1,1,13,2,60,34,0,0,1,7,1,3,2,2,1,14,1,1,53,0,35,471,1986,0,0.0,63,1.0,,,,,1,1,38,1,7.0,1.0,4,0,20,0,11,1,04/01/2018,10:16,211053015402.0,15402.0,0.0,0.0,0.0,3.0,1,0,0.0,0.0,0.0,96,,,,,,99,,,,,,99037,53,67.0,145.0,6.0,1.0,1.0,0.0,1.0,2.0,,0,,,,,,0,03/15/2014,04/15/2017,20,1,9,0,0.0,9,8,,,0,0.0,0.0,8,9,2.0,1.0,,,1.0,,,2,1,0.075,,,,,,,,,,,,,,,,,,,,,,,,,,,,,,0,0,1,0,1,0,0,0,0,0,0,0,0,0,0,0,0,0,0,1,0,0,0,0,0,0,0,0,0,1,0,0,0,1,0,,1,0,0,0,1,0,0,0,0,0,0,0,1,0,0,1,,,,,,36-40,36-45,US highway,R,Friday,Not Used,PV,White,0,1,0,0,State Route,State Patrol,Washington State Patrol Headquarter,1,1,0,0,0,,,,,,0.0,0.0,2.0,,,,,,,,,,,,,,,,,,,,,,,,,,,,,,,,,,,,99031,Veradale,Spangle
925,943,943,2018,93,E786504,55.0,2018-03-24,7:11,24,3,0.0,33,King,100,4,0.0,4,4,2,1,0,3,1,,,,30,0,0,0.0,3,0,3,5,2,4,6,0,0,0,0,112TH AVE SE,SE 296TH ST,-122.1921528,47.336808333,0,1,2,6,1,35,3,0,0,1,7,1,1,1,2,1,6,3,2,53,0,69,54,2004,0,0.0,63,30.0,1.0,,,,1,1,21,1,0.0,0.0,2,0,20,0,11,8,,,,,0.0,0.0,0.0,3.0,1,33,91.0,0.0,0.0,96,,,,,,9,,,,,,98002,53,72.0,180.0,6.0,1.0,0.0,2.0,0.0,3.0,,1,,,,,,4,06/15/2015,02/15/2018,20,2,9,0,8.0,9,8,,,0,0.0,0.0,8,1,2.0,402.0,407.0,513.0,1.0,1.0,1.0,2,1,0.12,,,,,,,,,,,,,,,,,,,,,,,,,,,,,,0,0,0,1,1,1,1,1,0,0,0,0,1,0,0,0,0,0,0,1,0,0,0,1,1,0,0,0,0,1,0,0,0,0,0,,0,0,0,0,0,1,1,1,0,1,0,0,0,0,0,1,,,,,,21-25,16-25,City street,U,Saturday,Not Used,PV,Not Fatal,0,1,0,0,City Street,Municipal/City Police,Auburn Police Department,1,0,0,1,0,,,,,,0.0,0.0,3.0,1.0,,,,,996.0,,,,,,,,,,,,,,,,,,,,,,,,,,,,,,98092,Auburn,Auburn
926,944,944,2018,94,E784570,237.0,2018-03-28,21:02,28,3,0.0,31,Jefferson,1720,10,0.0,1,1,2,1,1,1,1,,,,9,0,0,0.0,2,0,2,5,2,4,6,0,0,0,0,19TH ST,LANDES ST,-122.7826333,48.11375,0,1,13,83,5,25,4,0,0,1,7,9,1,2,2,1,10,1,1,53,0,55,33,2002,0,0.0,9,,,,,,1,1,63,1,0.0,0.0,0,0,3,0,11,0,,,,,0.0,0.0,3.0,3.0,1,38,91.0,0.0,0.0,0,,,,,,2,9.0,,,,,98368,53,75.0,215.0,6.0,1.0,0.0,0.0,0.0,0.0,,1,12.0,,,,,0,,,20,0,0,0,8.0,9,2,,,0,0.0,0.0,1,0,8.0,95.0,,,96.0,,,8,95,995.0,,,,,,,,,,,,,,,,,,,,,,,,,,,,,,0,0,0,1,0,0,0,0,0,0,0,0,0,0,0,1,0,0,1,0,0,0,0,0,0,0,0,0,0,1,0,0,1,0,0,,0,0,0,0,0,0,0,0,0,0,1,0,0,0,0,0,,,,,,61-65,56-65,City street,U,Wednesday,Belt Used,PV,Not Fatal,1,0,0,0,City Street,Municipal/City Police,Port Townsend Police Department,0,0,0,1,0,,,carboxy-thc,7.6,,0.0,0.0,0.0,,,,,,,,,,,,,,,,,,,,,,,,,,,,,,,,,,,,98368,Port Townsend,Port Townsend
927,945,945,2018,96,E786151,35.0,2018-04-06,23:49,6,4,0.0,53,Pierce,0,1,0.0,3,1,2,1,0,2,2,23:49,0:01,,12,0,6,2.1,2,0,2,4,2,2,4,0,0,20,3,CR-VICKERY AVE E,128TH ST E,-122.3784917,47.140241667,0,1,86,17,2,35,14,0,0,1,7,12,1,1,2,1,6,1,1,53,0,12,401,2003,0,0.0,12,63.0,1.0,,,,1,1,16,1,0.0,0.0,2,0,3,0,11,0,,,,,0.0,0.0,1.0,3.0,1,39,91.0,0.0,0.0,96,,,,,,0,,,,,,98374,53,70.0,165.0,6.0,2.0,0.0,1.0,1.0,1.0,,1,,,,,,3,11/15/2017,12/15/2017,1,0,0,0,8.0,9,8,,,0,0.0,0.0,8,0,8.0,95.0,,,96.0,,,8,95,995.0,,,,,,,,,,,,,,,,,,,,,,,,,,,,,,0,0,0,1,0,0,0,0,0,0,0,0,1,0,0,0,0,0,0,0,1,0,1,0,1,0,0,0,0,1,0,0,0,0,0,,0,0,0,0,0,0,0,0,0,1,0,0,0,0,0,0,,,,,,16-17,16-25,County road,U,Friday,Belt Used,PV,Not Fatal,1,0,0,0,County Road,County Sheriff,Law Enforcement Support Agency,0,0,1,0,0,,,,,,0.0,0.0,0.0,,,,,,,,,,,,,,,,,,,,,,,,,,,,,,,,,,,,98446,Puyallup,Tacoma
928,946,946,2018,96,E786151,35.0,2018-04-06,23:49,6,4,0.0,53,Pierce,0,1,0.0,3,1,2,1,0,2,2,23:49,0:01,,12,0,6,2.1,2,0,2,4,2,2,4,0,0,0,0,CR-VICKERY AVE E,128TH ST E,-122.3784917,47.140241667,0,2,87,66,4,35,4,0,0,1,7,12,1,2,2,1,1,1,1,53,0,37,32,2014,0,0.0,12,64.0,40.0,,,,1,1,57,2,7.0,1.0,4,7,3,0,11,0,04/07/2018,0:08,223053017238.0,17238.0,0.0,0.0,0.0,3.0,1,0,0.0,0.0,0.0,96,,,,,,0,,,,,,98373,53,64.0,260.0,6.0,1.0,0.0,0.0,0.0,1.0,,0,,,,,,0,08/15/2016,08/15/2016,1,0,0,0,1.0,9,8,,,0,0.0,0.0,8,9,2.0,1.0,,,1.0,,,2,1,0.0,,,,,,,,,,,,,,,,,,,,,,,,,,,,,,0,0,0,1,0,0,0,0,0,0,0,0,1,0,0,0,0,0,0,0,1,0,1,0,1,0,0,0,0,1,0,0,0,0,0,,1,0,0,0,0,0,0,0,0,0,0,0,0,0,0,0,,,,,,56-60,56-65,County road,U,Friday,Belt Used,PV,White,1,0,0,0,County Road,County Sheriff,Law Enforcement Support Agency,0,0,1,0,0,,,,,,0.0,0.0,0.0,,,,,,,,,,,,,,,,,,,,,,,,,,,,,,,,,,,,98446,Puyallup,Tacoma
929,947,947,2018,97,E786202,146.0,2018-04-06,21:00,6,4,0.0,77,Yakima,0,2,0.0,2,11,4,1,0,1,1,,,,1,0,0,1.9,1,0,1,7,1,2,4,0,3,0,0,CR-HARRAH DRAIN RD,,-120.5654972,46.373144444,0,1,6,12,2,50,34,0,0,1,7,3,1,1,2,1,1,1,1,53,0,20,481,1993,0,0.0,64,1.0,3.0,,,,1,1,62,2,7.0,1.0,4,7,3,0,11,0,04/06/2018,21:00,53015797.0,15797.0,0.0,0.0,0.0,3.0,1,0,0.0,0.0,0.0,96,,,,,,99,,,,,,98952,53,68.0,175.0,6.0,1.0,0.0,0.0,0.0,0.0,,0,,,,,,0,,,20,0,0,0,0.0,9,8,,,0,0.0,0.0,8,9,2.0,996.0,996.0,,1.0,1.0,,2,1,0.16,,,,,,,,,,,,,,,,,,,,,,,,,,,,,,0,0,1,0,1,1,1,1,0,0,0,0,0,0,0,0,0,0,0,0,0,0,0,0,0,0,0,0,0,1,0,0,0,0,0,,1,0,0,0,0,1,1,1,0,0,0,0,0,0,0,1,,,,,,61-65,56-65,County road,R,Friday,Belt Used,PV,White,0,1,0,0,County Road,County Sheriff,Yakima County Sheriff's Office,1,0,1,0,0,,,,,,0.0,0.0,0.0,,,,,,,,,,,,,,,,,,,,,,,,,,,,,,,,,,,,98952,White Swan,White Swan
930,948,948,2018,98,E786526,5.0,2018-04-07,20:14,7,4,0.0,15,Cowlitz,0,2,0.0,2,2,2,1,0,8,3,,,,12,0,1,43.1,1,0,1,1,2,1,1,0,0,0,0,I-5,,-122.896225,46.188825,0,1,25,53,3,70,34,0,0,1,7,1,1,1,3,2,1,4,2,53,0,12,481,1997,0,0.0,12,64.0,1.0,60.0,54.0,,1,1,21,1,0.0,0.0,1,0,3,0,11,4,,,,,0.0,0.0,0.0,3.0,1,0,0.0,0.0,0.0,96,,,,,,0,,,,,,98611,53,70.0,160.0,6.0,1.0,0.0,0.0,0.0,0.0,,0,,,,,,0,,,8,0,0,0,8.0,9,8,,,0,0.0,0.0,8,0,8.0,95.0,,,96.0,,,8,95,995.0,,,,,,,,,,,,,,,,,,,,,,,,,,,,,,0,0,0,0,1,0,0,0,0,0,0,0,1,0,0,0,0,0,0,1,1,0,1,1,1,0,0,0,0,1,0,0,0,0,0,,0,0,0,0,0,0,0,0,0,0,0,0,0,0,0,0,,,,,,21-25,16-25,Interstate,U,Saturday,Belt Used,PV,Not Fatal,0,0,0,0,State Route,State Patrol,Washington State Patrol Headquarter,0,1,0,0,0,,,,,,0.0,0.0,0.0,,,,,,,,,,,,,,,,,,,,,,,,,,,,,,,,,,,,98626,Castle Rock,Kelso
931,949,949,2018,98,E786526,5.0,2018-04-07,20:14,7,4,0.0,15,Cowlitz,0,2,0.0,2,2,2,1,0,8,3,,,,12,0,1,43.1,1,0,1,1,2,1,1,0,0,0,0,I-5,,-122.896225,46.188825,0,2,98,90,6,70,4,0,0,1,5,54,1,1,3,2,1,3,1,41,0,48,34,2003,0,0.0,54,,,,,,1,1,16,1,0.0,0.0,0,0,3,0,11,0,,,,,0.0,0.0,3.0,3.0,1,0,0.0,0.0,0.0,96,,,,,,0,,,,,,97031,41,65.0,155.0,6.0,2.0,0.0,0.0,0.0,0.0,,0,,,,,,0,,,20,0,0,0,8.0,9,8,,,0,0.0,0.0,8,0,8.0,95.0,,,96.0,,,8,95,995.0,,,,,,,,,,,,,,,,,,,,,,,,,,,,,,0,0,0,0,1,0,0,0,0,0,0,0,1,0,0,0,0,0,0,1,1,0,1,1,1,0,0,0,0,1,0,0,0,0,0,,0,0,0,0,0,0,0,0,0,0,0,0,0,0,0,0,,,,,,16-17,16-25,Interstate,U,Saturday,Belt Used,PV,Not Fatal,0,0,0,0,State Route,State Patrol,Washington State Patrol Headquarter,0,1,0,0,0,,,,,,0.0,0.0,0.0,,,,,,,,,,,,,,,,,,,,,,,,,,,,,,,,,,,,98626,Hood River,Kelso