,index,Unnamed: 0,year,case,par,repjur,crash_dt,crash_tm,accday,accmon,holiday,county,co_char,city,weather,weather2,lightcond,surfcond,surftype,numfatal,nmforms,pforms,vforms,not_tm,arr_tm,hosp_tm,fhevent,hitrun,manncol,milepnt,reljunc,reljuncinter,intersectiontype,funcsystem,landuse,ownership,route,schlbus,spejur,contdev,devfunc,trafid1,trafid2,lon,lat,wk_zone,vnumber,crashtype,criticalevent,criticaleventcat,spdlim,body,trailer,emerg,hazcargo,leave,mhevent,roadalgn,roadprof,traflane,trafflow,vehmanvr,numoccs,regowner,regstate,spuse,make,model,modelyr,vrf1,vrf2,seqevent1,seqevent2,seqevent3,seqevent4,seqevent5,seqevent6,pnumber,ptype,age,sex,hispanic,race,injury,diedscene,restraint,restraintmisuse,seatpos,takehosp,death_dt,death_tm,cert,cernum_wa,commlic,licendor,licrestrict,liccomp,drivpres,drf1,drf2,drf3,drf4,distract1,distract2,distract3,distract4,distract5,distract6,dricond1,dricond2,dricond3,dricond4,dricond5,dricond6,dzip,licstate,drhgt_in,weight,noncdl,noncdltype,prevdwi,prevoth,prevacc,prevspd,prevsus,driviol1,driviol2,driviol3,driviol4,driviol5,driviol6,spdrel,first_dt,last_dt,airbag,ejection,ejectpath,extricat,injurwrk,methalc,methdrug,nmlocat,strikveh,prf1,prf2,prf3,druginv,alcinvol,drugsts,drugres1,drugres2,drugres3,drugtst1,drugtst2,drugtst3,alcsts,alctst,alcres,nmact1,nmact2,nmact3,nmact4,nmact5,nmact6,nmprior1,nmprior2,nmprior3,nmprior4,nmprior5,nmprior6,nmcond1,nmcond2,nmcond3,nmcond4,nmcond5,nmcond6,nmsafe_helmet,nmsafe_pads,nmsafe_oth,nmprev_ref,nmprev_lgt,nmprev_oth,crashlocation,nmcrashtype,crosswalk,schoolzone,sidewalk,train_inv,wildlife_inv,rotr_fars,intersect_fars,dd_inv,aid_inv,dpd_inv,id_inv,mj_inv,impnm_inv,ainm_inv,dpnm_inv,speed_inv,unlic_inv,unendmc_inv,drowsy_inv,drdist_inv,nmdist_inv,fty_inv,unrestfat_inv,dr1617_inv,dr1820_inv,dr1620_inv,dr2125_inv,dr1625_inv,dr65_inv,dr70_inv,dr75_inv,mc_inv,pv_inv,ht_inv,ped_inv,bike_inv,unrest_fat,mc_fat,unhelmet_mc,pv_fat,ht_fat,ped_fat,bike_fat,dr_alc7,dr_alc8,dr_drug,dr_imp,dr_dist,dr_spd,dr_fty,dr_unlic,dr_alc7only,dr_alc8only,dr_drugonly,dr_drink,nm_imp,nm_alc7,nm_alc8,nm_drug,nm_dist,agegrp1,agegrp2,roadclass,urbrur,dayweek,restuse,vehtype,race_me,intersect,lanedep,oppdir,wrongway,rep_typ,investag,repag_long,rotr,st_rd,cty_rd,city_rd,oth_rd,drug_thc,thc_res,drug_cthc,cthc_res,drug_cann,prevpersemin,prevperse,prevsusoth,drugtst4,drugtst5,drugtst6,drugtst7,drugtst8,drugres4,drugres5,drugres6,drugres7,drugres8,adspresent,adsengaged,adslevel,race1,race2,race3,race4,race5,helmet,helmetmisuse,nmdistract1,nmdistract2,nmdistract3,nmdistract4,nmdistract5,nmdistract6,lab,isedtcase,crf1,crf2,crf3,CoRoadName,CoMP,IntCoRoadName,IntCoMP,crashzip,dcity,crashcity
932,950,950,2018,98,E786526,5.0,2018-04-07,20:14,7,4,0.0,15,Cowlitz,0,2,0.0,2,2,2,1,0,8,3,,,,12,0,1,43.1,1,0,1,1,2,1,1,0,0,0,0,I-5,,-122.896225,46.188825,0,3,24,51,3,70,2,0,0,1,7,12,1,1,3,2,1,1,2,53,0,20,9,2017,0,0.0,12,,,,,,1,1,21,1,0.0,0.0,0,0,3,0,11,0,,,,,0.0,0.0,0.0,3.0,1,26,0.0,0.0,0.0,96,,,,,,0,,,,,,98126,53,71.0,205.0,6.0,1.0,0.0,0.0,0.0,1.0,,97,,,,,,4,07/15/2016,07/15/2016,8,0,0,0,8.0,9,8,,,0,0.0,0.0,8,1,8.0,95.0,,,96.0,,,8,95,995.0,,,,,,,,,,,,,,,,,,,,,,,,,,,,,,0,0,0,0,1,0,0,0,0,0,0,0,1,0,0,0,0,0,0,1,1,0,1,1,1,0,0,0,0,1,0,0,0,0,0,,0,0,0,0,0,0,0,0,0,1,0,0,0,0,0,1,,,,,,21-25,16-25,Interstate,U,Saturday,Belt Used,PV,Not Fatal,0,0,0,0,State Route,State Patrol,Washington State Patrol Headquarter,0,1,0,0,0,,,,,,0.0,0.0,0.0,,,,,,,,,,,,,,,,,,,,,,,,,,,,,,,,,,,,98626,Seattle,Kelso
933,951,951,2018,99,E786918,35.0,2018-04-07,1:55,7,4,0.0,53,Pierce,0,10,0.0,2,2,2,1,0,2,1,,,,30,0,0,1.1,1,0,1,4,2,2,4,0,0,0,0,CR-200TH ST E,,-122.2678056,47.07455,0,1,1,13,2,40,67,0,0,1,5,30,1,1,2,1,1,2,1,53,0,23,880,2015,0,0.0,63,30.0,,,,,1,1,24,1,7.0,1.0,4,7,3,0,11,0,04/07/2018,1:55,177053016254.0,16254.0,0.0,0.0,3.0,3.0,1,0,0.0,0.0,0.0,93,,,,,,9,,,,,,98374,53,70.0,185.0,6.0,1.0,0.0,1.0,0.0,0.0,,0,,,,,,0,12/15/2016,12/15/2016,1,0,0,0,0.0,1,8,,,0,0.0,0.0,8,1,2.0,1.0,,,1.0,,,2,1,0.083,,,,,,,,,,,,,,,,,,,,,,,,,,,,,,0,0,1,0,1,1,0,1,0,0,0,0,0,0,0,0,1,0,0,0,0,0,0,1,1,0,0,0,0,0,1,0,0,0,0,,0,1,0,0,0,1,0,1,1,0,0,0,0,1,0,1,,,,,,21-25,16-25,County road,U,Saturday,Belt Used,MHTRUCK,White,0,1,0,0,County Road,County Sheriff,Law Enforcement Support Agency,1,0,1,0,0,,,,,,0.0,0.0,0.0,,,,,,,,,,,,,,,,,,,,,,,,,,,,,,,,,,,,98338,Puyallup,Graham
934,952,952,2018,100,E787721,38.0,2018-04-03,23:08,3,4,0.0,59,Skamania,0,10,0.0,2,1,4,1,0,4,1,,,,1,0,0,0.5,1,0,1,99,9,99,9,0,0,0,0,CG-2100,,-121.8931944,45.732413889,0,1,98,6,1,98,34,0,0,1,5,1,3,2,8,8,14,4,1,53,0,12,481,1972,0,0.0,1,,,,,,1,1,41,1,7.0,1.0,4,7,2,0,11,0,04/03/2018,23:08,53016267.0,16267.0,0.0,0.0,0.0,3.0,1,0,0.0,0.0,0.0,96,,,,,,99,,,,,,98648,53,73.0,160.0,6.0,1.0,0.0,0.0,0.0,0.0,,0,,,,,,4,,,20,0,0,0,0.0,9,8,,,0,0.0,0.0,8,1,2.0,1.0,,,1.0,,,2,1,0.15,,,,,,,,,,,,,,,,,,,,,,,,,,,,,,0,0,0,0,1,1,0,1,0,0,0,0,1,0,0,0,0,0,0,0,0,0,0,0,0,0,0,0,0,1,0,0,0,0,0,,1,0,0,0,0,1,0,1,0,1,0,0,0,1,0,1,,,,,,41-45,36-45,Unknown,Unk,Tuesday,Belt Used,PV,White,0,0,0,0,Other,County Sheriff,Skamania County Sheriff's Office,0,0,0,0,1,,,,,,0.0,0.0,0.0,,,,,,,,,,,,,,,,,,,,,,,,,,,,,,,,,,,,98648,Stevenson,Stevenson
935,953,953,2018,101,E789909,4.0,2018-04-14,6:46,14,4,0.0,63,Spokane,0,10,0.0,1,1,2,1,0,5,2,6:45,7:04,8:00,12,0,6,263.1,2,0,2,3,1,1,2,0,0,20,3,US-2,WOOD RD,-117.7333806,47.643480556,0,1,87,17,2,45,14,0,0,1,2,12,1,1,2,1,1,4,2,53,0,63,402,2011,0,0.0,12,,,,,,1,1,17,2,0.0,0.0,3,0,3,0,11,5,,,,,0.0,0.0,3.0,3.0,1,38,39.0,0.0,0.0,96,,,,,,0,,,,,,99022,53,69.0,241.0,6.0,2.0,0.0,1.0,1.0,0.0,,37,,,,,,0,08/15/2017,08/15/2017,8,0,0,0,8.0,9,8,,,0,0.0,0.0,8,0,8.0,95.0,,,96.0,,,8,95,995.0,,,,,,,,,,,,,,,,,,,,,,,,,,,,,,0,0,0,1,0,0,0,0,0,0,0,0,0,0,0,0,0,0,1,0,1,0,1,0,1,0,0,0,0,1,0,0,0,0,0,,0,0,0,0,0,0,0,0,0,0,1,0,0,0,0,0,,,,,,16-17,16-25,US highway,R,Saturday,Belt Used,PV,Not Fatal,1,0,0,0,State Route,State Patrol,Washington State Patrol Headquarter,0,1,0,0,0,,,,,,0.0,0.0,0.0,,,,,,,,,,,,,,,,,,,,,,,,,,,,,,,,,,,,99022,Medical Lake,Medical Lake
936,954,954,2018,101,E789909,4.0,2018-04-14,6:46,14,4,0.0,63,Spokane,0,10,0.0,1,1,2,1,0,5,2,6:45,7:04,8:00,12,0,6,263.1,2,0,2,3,1,1,2,0,0,0,0,US-2,WOOD RD,-117.7333806,47.643480556,0,2,86,66,4,60,34,0,0,1,2,12,8,8,3,1,1,1,1,53,0,12,481,2008,0,0.0,12,,,,,,1,1,37,1,0.0,0.0,2,0,20,0,11,0,,,,,0.0,0.0,3.0,3.0,1,0,0.0,0.0,0.0,96,,,,,,0,,,,,,98557,53,72.0,200.0,6.0,1.0,0.0,2.0,0.0,2.0,,0,,,,,,0,05/15/2013,07/15/2017,1,0,0,0,8.0,9,8,,,0,0.0,0.0,8,0,8.0,95.0,,,96.0,,,8,95,995.0,,,,,,,,,,,,,,,,,,,,,,,,,,,,,,0,0,0,1,0,0,0,0,0,0,0,0,0,0,0,0,0,0,1,0,1,0,1,0,1,0,0,0,0,1,0,0,0,0,0,,0,0,0,0,0,0,0,0,0,0,0,0,0,0,0,0,,,,,,36-40,36-45,US highway,R,Saturday,Not Used,PV,Not Fatal,1,0,0,0,State Route,State Patrol,Washington State Patrol Headquarter,0,1,0,0,0,,,,,,0.0,0.0,0.0,,,,,,,,,,,,,,,,,,,,,,,,,,,,,,,,,,,,99022,McCleary,Medical Lake
937,955,955,2018,102,E796927,6.0,2018-04-14,16:40,14,4,0.0,25,Grant,0,1,0.0,1,1,2,1,0,1,1,16:38,16:52,,24,0,0,27.7,1,0,1,3,1,1,3,0,0,0,0,SR-28,,-119.9824583,47.242069444,0,1,6,12,2,98,80,0,0,1,7,24,2,2,2,3,14,1,1,53,0,72,706,2012,0,0.0,68,64.0,24.0,,,,1,1,65,1,7.0,1.0,4,7,5,0,11,0,04/14/2018,16:41,53018020.0,18020.0,0.0,0.0,3.0,3.0,1,0,0.0,0.0,0.0,96,,,,,,99,,,,,,98823,53,73.0,230.0,6.0,1.0,0.0,0.0,0.0,0.0,,0,,,,,,0,,,20,8,0,0,0.0,9,8,,,0,0.0,0.0,8,9,2.0,1.0,,,1.0,,,2,1,0.0,,,,,,,,,,,,,,,,,,,,,,,,,,,,,,0,0,1,0,0,0,0,0,0,0,0,0,0,0,0,0,0,0,0,0,0,0,0,0,0,1,0,0,1,0,0,0,0,0,1,0.0,0,0,0,0,0,0,0,0,0,0,0,0,0,0,0,0,,,,,,61-65,56-65,State route,R,Saturday,,MC,White,0,0,0,1,State Route,State Patrol,Washington State Patrol Headquarter,0,1,0,0,0,,,,,,0.0,0.0,0.0,,,,,,,,,,,,,,,,,,,,,,,,,,,,,,,,,,,,98848,Ephrata,Quincy
938,956,956,2018,103,E794398,7.0,2018-04-09,23:35,9,4,0.0,33,King,0,1,0.0,2,1,1,2,0,8,4,,,,12,0,2,4.1,1,0,1,3,2,1,3,0,0,0,0,SR-516,,-122.2637778,47.375675,0,1,50,54,3,55,4,0,0,1,2,12,1,1,2,3,1,2,2,53,0,49,40,1988,0,0.0,12,12.0,,,,,1,1,38,1,7.0,38.0,4,7,20,0,11,0,04/09/2018,23:35,103053017039.0,17039.0,0.0,0.0,0.0,2.0,1,51,0.0,0.0,0.0,96,,,,,,99,,,,,,98023,53,68.0,218.0,2.0,1.0,0.0,0.0,0.0,0.0,,0,,,,,,0,01/15/2014,10/15/2017,20,1,9,0,0.0,9,8,,,0,0.0,0.0,1,9,2.0,702.0,,,1.0,,,2,1,0.0,,,,,,,,,,,,,,,,,,,,,,,,,,,,,,0,0,0,0,0,0,1,1,0,0,0,0,0,1,0,0,0,0,0,1,0,0,0,0,0,0,0,0,0,1,0,0,0,1,0,,1,0,0,0,0,0,1,1,0,0,0,1,0,0,1,0,,,,,,36-40,36-45,State route,U,Monday,Not Used,PV,API,0,0,0,1,State Route,State Patrol,Washington State Patrol Headquarter,0,1,0,0,0,,,,,,0.0,0.0,4.0,,,,,,,,,,,,,,,,,,,,,,,,,,,,,,,,,,,,98032,Federal Way,Kent
939,957,957,2018,103,E794398,7.0,2018-04-09,23:35,9,4,0.0,33,King,0,1,0.0,2,1,1,2,0,8,4,,,,12,0,2,4.1,1,0,1,3,2,1,3,0,0,0,0,SR-516,,-122.2637778,47.375675,0,2,51,54,3,55,14,0,0,1,2,12,1,1,2,3,1,2,1,53,0,59,401,1999,0,0.0,12,12.0,,,,,1,1,59,1,0.0,0.0,3,0,3,0,11,4,,,,,0.0,0.0,0.0,3.0,1,0,0.0,0.0,0.0,96,,,,,,99,,,,,,98118,53,67.0,170.0,6.0,1.0,0.0,0.0,0.0,0.0,,0,,,,,,0,,,8,0,0,0,8.0,9,8,,,0,0.0,0.0,8,0,8.0,95.0,,,96.0,,,8,95,995.0,,,,,,,,,,,,,,,,,,,,,,,,,,,,,,0,0,0,0,0,0,1,1,0,0,0,0,0,1,0,0,0,0,0,1,0,0,0,0,0,0,0,0,0,1,0,0,0,0,0,,0,0,0,0,0,0,0,0,0,0,0,0,0,0,0,0,,,,,,56-60,56-65,State route,U,Monday,Belt Used,PV,Not Fatal,0,0,0,1,State Route,State Patrol,Washington State Patrol Headquarter,0,1,0,0,0,,,,,,0.0,0.0,0.0,,,,,,,,,,,,,,,,,,,,,,,,,,,,,,,,,,,,98032,Seattle,Kent
940,958,958,2018,103,E794398,7.0,2018-04-09,23:35,9,4,0.0,33,King,0,1,0.0,2,1,1,2,0,8,4,,,,12,0,2,4.1,1,0,1,3,2,1,3,0,0,0,0,SR-516,,-122.2637778,47.375675,0,3,98,54,3,55,4,0,0,1,2,12,1,1,2,3,1,2,1,53,0,35,47,2005,0,0.0,12,,,,,,1,1,43,2,0.0,0.0,1,0,3,0,11,4,,,,,0.0,0.0,0.0,3.0,1,0,0.0,0.0,0.0,96,,,,,,0,,,,,,98002,53,62.0,170.0,6.0,1.0,0.0,0.0,0.0,0.0,,0,,,,,,0,,,1,0,0,0,8.0,9,8,,,0,0.0,0.0,8,0,8.0,95.0,,,96.0,,,8,95,995.0,,,,,,,,,,,,,,,,,,,,,,,,,,,,,,0,0,0,0,0,0,1,1,0,0,0,0,0,1,0,0,0,0,0,1,0,0,0,0,0,0,0,0,0,1,0,0,0,0,0,,0,0,0,0,0,0,0,0,0,0,0,0,0,0,0,0,,,,,,41-45,36-45,State route,U,Monday,Belt Used,PV,Not Fatal,0,0,0,1,State Route,State Patrol,Washington State Patrol Headquarter,0,1,0,0,0,,,,,,0.0,0.0,0.0,,,,,,,,,,,,,,,,,,,,,,,,,,,,,,,,,,,,98032,Auburn,Kent
941,959,959,2018,103,E794398,7.0,2018-04-09,23:35,9,4,0.0,33,King,0,1,0.0,2,1,1,2,0,8,4,,,,12,0,2,4.1,1,0,1,3,2,1,3,0,0,0,0,SR-516,,-122.2637778,47.375675,0,4,98,54,3,55,4,0,0,1,2,12,1,1,2,3,1,2,1,53,0,20,22,2007,0,0.0,12,,,,,,1,1,28,1,0.0,0.0,1,0,3,0,11,6,,,,,0.0,0.0,0.0,3.0,1,0,0.0,0.0,0.0,96,,,,,,0,,,,,,98178,53,72.0,200.0,6.0,1.0,0.0,1.0,1.0,2.0,,0,,,,,,0,05/15/2015,12/15/2017,20,0,0,0,8.0,9,8,,,0,0.0,0.0,8,0,8.0,95.0,,,96.0,,,8,95,995.0,,,,,,,,,,,,,,,,,,,,,,,,,,,,,,0,0,0,0,0,0,1,1,0,0,0,0,0,1,0,0,0,0,0,1,0,0,0,0,0,0,0,0,0,1,0,0,0,0,0,,0,0,0,0,0,0,0,0,0,0,0,0,0,0,0,0,,,,,,26-30,26-35,State route,U,Monday,Belt Used,PV,Not Fatal,0,0,0,1,State Route,State Patrol,Washington State Patrol Headquarter,0,1,0,0,0,,,,,,0.0,0.0,1.0,,,,,,,,,,,,,,,,,,,,,,,,,,,,,,,,,,,,98032,Seattle,Kent
942,960,960,2018,104,E789337,4.0,2018-04-16,2:00,16,4,0.0,1,Adams,0,99,0.0,2,99,2,2,0,2,1,,,,35,0,0,198.2,1,0,1,1,1,1,1,0,0,0,0,I-90,,-118.8114861,47.085852778,0,1,6,11,2,70,4,0,0,1,2,35,1,1,3,2,1,2,1,53,0,37,32,1997,0,0.0,63,69.0,64.0,69.0,64.0,67.0,1,1,56,1,3.0,1.0,4,7,3,0,11,0,04/16/2018,2:00,53018294.0,18294.0,0.0,0.0,0.0,0.0,1,0,0.0,0.0,0.0,96,,,,,,9,,,,,,98144,53,67.0,270.0,0.0,0.0,0.0,1.0,0.0,0.0,,0,,,,,,0,07/15/2013,07/15/2013,1,0,0,0,0.0,9,1,,,0,0.0,0.0,1,9,2.0,605.0,695.0,,1.0,1.0,,2,1,0.0,,,,,,,,,,,,,,,,,,,,,,,,,,,,,,0,0,1,0,0,0,1,1,1,0,0,0,0,1,0,0,0,0,0,1,0,0,0,0,0,0,0,0,0,1,0,0,0,0,0,,1,0,0,0,0,0,1,1,0,0,0,1,0,0,1,0,,,,,,56-60,56-65,Interstate,R,Monday,Belt Used,PV,Hispanic,0,1,0,0,State Route,State Patrol,Washington State Patrol Headquarter,1,1,0,0,0,thc,13.0,carboxy-thc,19.0,,0.0,0.0,0.0,,,,,,,,,,,,,,,,,,,,,,,,,,,,,,,,,,,,99341,Seattle,Lind
943,961,961,2018,105,E790267,8.0,2018-04-16,11:25,16,4,0.0,31,Jefferson,0,2,0.0,1,2,2,1,0,1,1,,,,42,0,0,5.2,1,0,1,3,1,1,3,0,0,0,0,SR-20,,-122.8254194,48.033483333,0,1,1,13,2,50,34,0,0,1,7,42,1,4,2,1,1,1,3,53,0,20,473,2012,0,0.0,63,42.0,,,,,1,1,72,1,7.0,1.0,4,7,3,0,11,0,04/16/2018,12:44,53018076.0,18076.0,6.0,0.0,3.0,3.0,1,0,0.0,0.0,0.0,93,,,,,,99,,,,,,98325,53,74.0,240.0,6.0,1.0,0.0,0.0,0.0,0.0,,0,,,,,,0,,,1,0,0,0,1.0,9,8,,,0,0.0,0.0,8,9,2.0,1.0,,,1.0,,,2,1,0.0,,,,,,,,,,,,,,,,,,,,,,,,,,,,,,0,0,1,0,0,0,0,0,0,0,0,0,0,0,0,0,1,0,0,0,0,0,0,0,0,1,1,0,0,1,0,0,0,0,0,,1,0,0,0,0,0,0,0,1,0,0,0,0,0,0,0,,,,,,71-75,66-75,State route,R,Monday,Belt Used,PV,White,0,1,0,0,State Route,State Patrol,Washington State Patrol Headquarter,1,1,0,0,0,,,,,,0.0,0.0,0.0,,,,,,,,,,,,,,,,,,,,,,,,,,,,,,,,,,,,98368,Chimacum,Port Townsend
944,962,962,2018,106,E789793,290.0,2018-04-18,22:37,18,4,0.0,53,Pierce,2230,10,0.0,3,1,2,1,0,2,2,,,,12,0,1,0.0,1,0,1,4,2,4,6,0,0,0,0,MCKINLEY AVE E,,-122.4209361,47.180002778,0,1,24,51,3,30,4,0,0,1,2,12,1,1,3,1,1,1,1,53,0,55,35,2018,0,0.0,12,,,,,,1,1,25,2,0.0,0.0,0,0,99,0,11,0,,,,,0.0,0.0,0.0,3.0,1,0,0.0,0.0,0.0,92,,,,,,99,,,,,,98404,53,66.0,140.0,6.0,1.0,0.0,0.0,0.0,0.0,,97,,,,,,4,,,8,0,0,0,8.0,9,8,,,0,0.0,0.0,8,9,2.0,1.0,,,1.0,,,2,1,0.0,,,,,,,,,,,,,,,,,,,,,,,,,,,,,,0,0,0,0,0,0,0,0,0,0,0,0,1,0,0,0,1,0,0,0,0,0,0,1,1,0,0,0,0,1,0,0,0,0,0,,0,0,0,0,0,0,0,0,1,1,0,0,0,0,0,0,,,,,,21-25,16-25,City street,U,Wednesday,Unknown,PV,Not Fatal,0,0,0,0,City Street,Municipal/City Police,Tacoma Police Department,0,0,0,1,0,,,,,,0.0,0.0,0.0,,,,,,,,,,,,,,,,,,,,,,,,,,,,,,,,,,,,98445,Tacoma,Tacoma
945,963,963,2018,106,E789793,290.0,2018-04-18,22:37,18,4,0.0,53,Pierce,2230,10,0.0,3,1,2,1,0,2,2,,,,12,0,1,0.0,1,0,1,4,2,4,6,0,0,0,0,MCKINLEY AVE E,,-122.4209361,47.180002778,0,2,25,53,3,30,5,0,0,1,5,12,1,1,3,1,1,1,1,53,0,49,46,2008,0,0.0,12,,,,,,1,1,60,2,7.0,1.0,4,7,3,0,11,0,04/18/2018,22:37,223053018973.0,18973.0,0.0,0.0,3.0,3.0,1,0,0.0,0.0,0.0,96,,,,,,0,,,,,,98418,53,66.0,260.0,6.0,1.0,0.0,0.0,0.0,0.0,,0,,,,,,0,,,8,0,0,0,1.0,9,8,,,0,0.0,0.0,8,0,2.0,1.0,,,1.0,,,2,1,0.0,,,,,,,,,,,,,,,,,,,,,,,,,,,,,,0,0,0,0,0,0,0,0,0,0,0,0,1,0,0,0,1,0,0,0,0,0,0,1,1,0,0,0,0,1,0,0,0,0,0,,1,0,0,0,0,0,0,0,0,0,0,0,0,0,0,0,,,,,,56-60,56-65,City street,U,Wednesday,Belt Used,PV,White,0,0,0,0,City Street,Municipal/City Police,Tacoma Police Department,0,0,0,1,0,,,,,,0.0,0.0,0.0,,,,,,,,,,,,,,,,,,,,,,,,,,,,,,,,,,,,98445,Tacoma,Tacoma
946,964,964,2018,107,E790778,44.0,2018-04-02,23:52,2,4,0.0,71,Walla Walla,0,1,0.0,2,1,2,1,0,3,1,23:51,0:00,0:31,1,0,0,1.0,1,0,1,5,1,2,4,0,0,0,0,CR-RUSSELL CREEK,,-118.2785833,46.053119444,0,1,98,12,2,50,34,0,0,1,7,1,1,1,8,1,1,3,2,53,0,49,471,1992,0,0.0,68,64.0,69.0,68.0,68.0,1.0,1,1,28,1,7.0,1.0,4,7,20,0,11,0,04/02/2018,23:52,239053015359.0,15359.0,0.0,0.0,3.0,2.0,1,0,0.0,0.0,0.0,96,,,,,,99,,,,,,99301,53,72.0,195.0,1.0,1.0,1.0,1.0,0.0,0.0,,0,,,,,,0,08/15/2013,09/15/2017,20,1,9,0,0.0,9,8,,,0,0.0,0.0,8,9,2.0,1.0,,,1.0,,,2,1,0.14,,,,,,,,,,,,,,,,,,,,,,,,,,,,,,0,0,0,0,1,1,0,1,0,0,0,0,0,1,0,0,0,0,0,1,0,0,0,0,0,0,0,0,0,1,0,0,0,1,0,,1,0,0,0,0,1,0,1,0,0,0,1,0,1,0,1,,,,,,26-30,26-35,County road,R,Monday,Not Used,PV,White,0,0,0,0,County Road,County Sheriff,Walla Walla County Sheriff's Office,0,0,1,0,0,,,,,,0.0,0.0,5.0,,,,,,,,,,,,,,,,,,,,,,,,,,,,,,,,,,,,99362,Pasco,Walla Walla
947,965,965,2018,108,E790691,42.0,2018-04-14,18:00,14,4,0.0,67,Thurston,0,2,0.0,1,2,2,1,0,5,2,,,,12,0,2,0.3,1,0,1,5,2,2,4,0,0,0,0,CR-BLACK LAKE BLVD,,-122.9835806,46.997702778,0,1,50,10,2,35,4,0,0,1,7,12,1,1,2,1,6,3,1,53,0,37,31,1992,0,0.0,68,12.0,,,,,1,1,21,2,7.0,1.0,4,7,3,0,11,0,04/14/2018,18:00,53017607.0,17607.0,0.0,0.0,0.0,3.0,1,33,0.0,0.0,0.0,96,,,,,,99,,,,,,98512,53,62.0,105.0,6.0,1.0,0.0,2.0,0.0,0.0,,0,,,,,,0,07/15/2017,12/15/2017,1,0,0,0,0.0,9,8,,,0,0.0,0.0,8,9,2.0,996.0,996.0,996.0,1.0,1.0,1.0,2,1,0.0,,,,,,,,,,,,,,,,,,,,,,,,,,,,,,0,0,0,0,0,0,1,1,0,0,0,0,0,0,0,0,0,0,0,0,0,0,0,1,1,0,0,0,0,1,0,0,0,0,0,,1,0,0,0,0,0,1,1,0,0,0,0,0,0,1,0,,,,,,21-25,16-25,County road,U,Saturday,Belt Used,PV,White,0,1,1,0,County Road,County Sheriff,Thurston County Sheriff's Office,0,0,1,0,0,,,,,,0.0,0.0,0.0,,,,,,,,,,,,,,,,,,,,,,,,,,,,,,,,,,,,98512,Olympia,Olympia
948,966,966,2018,108,E790691,42.0,2018-04-14,18:00,14,4,0.0,67,Thurston,0,2,0.0,1,2,2,1,0,5,2,,,,12,0,2,0.3,1,0,1,5,2,2,4,0,0,0,0,CR-BLACK LAKE BLVD,,-122.9835806,46.997702778,0,2,51,62,4,35,5,0,0,1,7,12,1,1,2,1,1,2,1,53,0,20,26,2012,0,0.0,12,,,,,,1,1,31,2,0.0,0.0,0,0,20,0,11,0,,,,,0.0,0.0,0.0,3.0,1,0,0.0,0.0,0.0,96,,,,,,0,,,,,,98512,53,64.0,125.0,6.0,1.0,0.0,0.0,0.0,2.0,,0,,,,,,0,07/15/2015,01/15/2018,8,0,0,0,8.0,9,8,,,0,0.0,0.0,8,9,8.0,95.0,,,96.0,,,8,95,995.0,,,,,,,,,,,,,,,,,,,,,,,,,,,,,,0,0,0,0,0,0,1,1,0,0,0,0,0,0,0,0,0,0,0,0,0,0,0,1,1,0,0,0,0,1,0,0,0,0,0,,0,0,0,0,0,0,0,0,0,0,0,0,0,0,0,0,,,,,,31-35,26-35,County road,U,Saturday,Not Used,PV,Not Fatal,0,1,1,0,County Road,County Sheriff,Thurston County Sheriff's Office,0,0,1,0,0,,,,,,0.0,0.0,1.0,,,,,,,,,,,,,,,,,,,,,,,,,,,,,,,,,,,,98512,Olympia,Olympia
949,967,967,2018,109,E790608,42.0,2018-04-20,15:47,20,4,0.0,67,Thurston,0,1,0.0,1,1,2,1,0,1,1,,,,35,0,0,2.0,1,0,1,5,1,2,4,0,0,0,0,CR-STEAMBOAT ISLAND RD,,-123.00675,47.104736111,0,1,1,13,2,50,14,0,0,1,2,42,3,1,2,1,14,1,1,53,0,42,401,2015,0,0.0,63,35.0,67.0,42.0,,,1,1,56,2,7.0,1.0,4,7,3,0,11,0,04/20/2018,16:09,53018891.0,18891.0,0.0,0.0,0.0,3.0,1,0,0.0,0.0,0.0,92,,,,,,99,,,,,,98502,53,56.0,95.0,6.0,1.0,0.0,0.0,1.0,0.0,,0,,,,,,4,06/15/2015,06/15/2015,20,0,0,0,0.0,9,8,,,0,0.0,0.0,8,9,2.0,1.0,,,1.0,,,2,1,0.24,,,,,,,,,,,,,,,,,,,,,,,,,,,,,,0,0,1,0,1,1,0,1,0,0,0,0,1,0,0,0,1,0,0,0,0,0,0,0,0,0,0,0,0,1,0,0,0,0,0,,1,0,0,0,0,1,0,1,1,1,0,0,0,1,0,1,,,,,,56-60,56-65,County road,R,Friday,Belt Used,PV,White,0,1,0,0,County Road,County Sheriff,Thurston County Sheriff's Office,1,0,1,0,0,,,,,,0.0,0.0,0.0,,,,,,,,,,,,,,,,,,,,,,,,,,,,,,,,,,,,98502,Olympia,Olympia