,index,Unnamed: 0,year,case,par,repjur,crash_dt,crash_tm,accday,accmon,holiday,county,co_char,city,weather,weather2,lightcond,surfcond,surftype,numfatal,nmforms,pforms,vforms,not_tm,arr_tm,hosp_tm,fhevent,hitrun,manncol,milepnt,reljunc,reljuncinter,intersectiontype,funcsystem,landuse,ownership,route,schlbus,spejur,contdev,devfunc,trafid1,trafid2,lon,lat,wk_zone,vnumber,crashtype,criticalevent,criticaleventcat,spdlim,body,trailer,emerg,hazcargo,leave,mhevent,roadalgn,roadprof,traflane,trafflow,vehmanvr,numoccs,regowner,regstate,spuse,make,model,modelyr,vrf1,vrf2,seqevent1,seqevent2,seqevent3,seqevent4,seqevent5,seqevent6,pnumber,ptype,age,sex,hispanic,race,injury,diedscene,restraint,restraintmisuse,seatpos,takehosp,death_dt,death_tm,cert,cernum_wa,commlic,licendor,licrestrict,liccomp,drivpres,drf1,drf2,drf3,drf4,distract1,distract2,distract3,distract4,distract5,distract6,dricond1,dricond2,dricond3,dricond4,dricond5,dricond6,dzip,licstate,drhgt_in,weight,noncdl,noncdltype,prevdwi,prevoth,prevacc,prevspd,prevsus,driviol1,driviol2,driviol3,driviol4,driviol5,driviol6,spdrel,first_dt,last_dt,airbag,ejection,ejectpath,extricat,injurwrk,methalc,methdrug,nmlocat,strikveh,prf1,prf2,prf3,druginv,alcinvol,drugsts,drugres1,drugres2,drugres3,drugtst1,drugtst2,drugtst3,alcsts,alctst,alcres,nmact1,nmact2,nmact3,nmact4,nmact5,nmact6,nmprior1,nmprior2,nmprior3,nmprior4,nmprior5,nmprior6,nmcond1,nmcond2,nmcond3,nmcond4,nmcond5,nmcond6,nmsafe_helmet,nmsafe_pads,nmsafe_oth,nmprev_ref,nmprev_lgt,nmprev_oth,crashlocation,nmcrashtype,crosswalk,schoolzone,sidewalk,train_inv,wildlife_inv,rotr_fars,intersect_fars,dd_inv,aid_inv,dpd_inv,id_inv,mj_inv,impnm_inv,ainm_inv,dpnm_inv,speed_inv,unlic_inv,unendmc_inv,drowsy_inv,drdist_inv,nmdist_inv,fty_inv,unrestfat_inv,dr1617_inv,dr1820_inv,dr1620_inv,dr2125_inv,dr1625_inv,dr65_inv,dr70_inv,dr75_inv,mc_inv,pv_inv,ht_inv,ped_inv,bike_inv,unrest_fat,mc_fat,unhelmet_mc,pv_fat,ht_fat,ped_fat,bike_fat,dr_alc7,dr_alc8,dr_drug,dr_imp,dr_dist,dr_spd,dr_fty,dr_unlic,dr_alc7only,dr_alc8only,dr_drugonly,dr_drink,nm_imp,nm_alc7,nm_alc8,nm_drug,nm_dist,agegrp1,agegrp2,roadclass,urbrur,dayweek,restuse,vehtype,race_me,intersect,lanedep,oppdir,wrongway,rep_typ,investag,repag_long,rotr,st_rd,cty_rd,city_rd,oth_rd,drug_thc,thc_res,drug_cthc,cthc_res,drug_cann,prevpersemin,prevperse,prevsusoth,drugtst4,drugtst5,drugtst6,drugtst7,drugtst8,drugres4,drugres5,drugres6,drugres7,drugres8,adspresent,adsengaged,adslevel,race1,race2,race3,race4,race5,helmet,helmetmisuse,nmdistract1,nmdistract2,nmdistract3,nmdistract4,nmdistract5,nmdistract6,lab,isedtcase,crf1,crf2,crf3,CoRoadName,CoMP,IntCoRoadName,IntCoMP,crashzip,dcity,crashcity
950,968,968,2018,110,E790526,67.0,2018-04-20,4:51,20,4,0.0,35,Kitsap,0,1,0.0,3,1,2,1,0,1,1,,,,38,0,0,1.5,1,0,1,4,2,2,6,0,0,0,0,TRACYTON BEACH RD,,-122.6466583,47.586580556,0,1,7,10,2,30,4,0,0,1,7,1,1,1,2,1,1,1,1,53,0,41,50,2004,0,0.0,68,68.0,68.0,64.0,38.0,1.0,1,1,37,1,7.0,1.0,4,7,3,0,11,0,04/20/2018,4:51,18053018518.0,18518.0,0.0,0.0,0.0,3.0,1,58,0.0,0.0,0.0,96,,,,,,9,,,,,,98528,53,74.0,245.0,6.0,1.0,0.0,0.0,0.0,0.0,,0,,,,,,4,,,8,0,0,1,0.0,9,8,,,0,0.0,0.0,8,1,2.0,401.0,417.0,996.0,1.0,1.0,1.0,2,1,0.0,,,,,,,,,,,,,,,,,,,,,,,,,,,,,,0,0,0,0,1,0,1,1,0,0,0,0,1,0,0,0,0,0,0,0,0,0,0,0,0,0,0,0,0,1,0,0,0,0,0,,1,0,0,0,0,0,1,1,0,1,0,0,0,0,1,1,,,,,,36-40,36-45,City street,U,Friday,Belt Used,PV,White,0,1,0,0,County Road,Municipal/City Police,Bremerton Police Department,1,0,1,0,0,,,,,,0.0,0.0,0.0,1.0,,,,,996.0,,,,,,,,,,,,,,,,,,,,,,,,,,,,,,98310,Belfair,Bremerton
951,969,969,2018,111,E793810,6.0,2018-04-21,0:00,21,4,0.0,7,Chelan,0,1,0.0,2,1,2,1,0,1,1,,,,24,0,0,162.1,1,0,1,3,1,1,2,0,0,0,0,US-97,,-120.6589278,47.466266667,0,1,6,12,2,60,80,0,0,1,7,24,1,1,2,1,1,1,1,53,0,37,706,2006,0,0.0,68,64.0,24.0,,,,1,1,49,1,7.0,1.0,4,7,16,0,11,0,04/21/2018,0:00,53018805.0,18805.0,0.0,0.0,0.0,3.0,1,0,0.0,0.0,0.0,96,,,,,,9,,,,,,98501,53,75.0,210.0,6.0,1.0,0.0,0.0,0.0,2.0,,0,,,,,,0,08/15/2017,12/15/2017,20,8,0,0,0.0,1,8,,,0,0.0,0.0,8,1,2.0,605.0,,,1.0,,,2,1,0.17,,,,,,,,,,,,,,,,,,,,,,,,,,,,,,0,0,1,0,1,1,1,1,1,0,0,0,0,0,0,0,0,0,0,0,0,0,0,0,0,0,0,0,1,0,0,0,0,0,1,1.0,0,0,0,0,0,1,1,1,0,0,0,0,0,0,0,1,,,,,,46-50,46-55,US highway,R,Saturday,,MC,White,0,1,0,0,State Route,State Patrol,Washington State Patrol Headquarter,1,1,0,0,0,thc,10.0,,,,0.0,0.0,0.0,,,,,,,,,,,,,,,,,,,,,,,,,,,,,,,,,,,,98847,Olympia,Peshastin
952,970,970,2018,112,E791138,32.0,2018-04-06,15:55,6,4,0.0,47,Okanogan,0,10,0.0,1,1,2,1,0,1,1,,,,1,0,0,1.0,1,0,1,7,1,2,4,0,3,0,0,CR-CAMERON LK OMAKLK RD,,-119.5238417,48.367238889,0,1,7,13,2,35,34,0,0,1,7,1,3,2,2,1,14,1,1,53,0,12,481,2004,0,0.0,63,69.0,68.0,64.0,1.0,,1,1,57,1,7.0,1.0,4,7,20,0,11,0,04/06/2018,15:55,53016546.0,16546.0,0.0,0.0,0.0,3.0,1,0,0.0,0.0,0.0,93,,,,,,99,,,,,,98840,53,70.0,160.0,6.0,1.0,0.0,0.0,0.0,1.0,,0,,,,,,0,07/15/2016,07/15/2016,20,1,9,0,0.0,9,8,,,0,0.0,0.0,8,9,2.0,155.0,321.0,351.0,1.0,1.0,1.0,2,1,0.23,,,,,,,,,,,,,,,,,,,,,,,,,,,,,,0,0,0,0,1,1,1,1,1,0,0,0,0,0,0,0,1,0,0,1,0,0,0,0,0,0,0,0,0,1,0,0,0,1,0,,1,0,0,0,0,1,1,1,1,0,0,0,0,0,0,1,,,,,,56-60,56-65,County road,R,Friday,Not Used,PV,White,0,1,0,0,County Road,County Sheriff,Okanogan County Sheriff's Office,1,0,1,0,0,thc,888.0,carboxy-thc,9.1,,0.0,0.0,0.0,1.0,1.0,1.0,,,367.0,605.0,695.0,996.0,996.0,,,,,,,,,,,,,,,,,,,,,,,,,,98840,Okanogan,Okanogan
953,971,971,2018,113,E791515,13.0,2018-04-21,21:48,21,4,0.0,9,Clallam,0,1,0.0,2,2,5,1,0,3,1,21:48,22:04,23:42,1,0,0,3.5,1,0,1,99,9,99,9,0,0,0,0,WOODS RD,,-123.0120444,47.981566667,0,1,2,10,2,25,4,0,0,1,7,1,3,2,8,1,14,3,2,53,0,20,34,1995,0,0.0,68,68.0,63.0,1.0,,,1,1,21,1,7.0,1.0,4,7,20,0,11,0,04/21/2018,21:48,53019772.0,19772.0,0.0,0.0,0.0,3.0,1,0,0.0,0.0,0.0,0,,,,,,99,,,,,,98383,53,71.0,195.0,6.0,1.0,0.0,3.0,3.0,1.0,,0,,,,,,0,07/15/2015,02/15/2018,20,1,9,0,0.0,9,8,,,0,0.0,0.0,8,9,2.0,605.0,695.0,,1.0,1.0,,2,1,0.16,,,,,,,,,,,,,,,,,,,,,,,,,,,,,,0,0,0,0,1,1,1,1,1,0,0,0,0,0,0,0,0,0,0,1,0,0,0,1,1,0,0,0,0,1,0,0,0,1,0,,1,0,0,0,0,1,1,1,0,0,0,0,0,0,0,1,,,,,,21-25,16-25,Unknown,Unk,Saturday,Not Used,PV,White,0,1,0,0,Other,County Sheriff,Clallam County Sheriff's Office,1,0,0,0,1,thc,7.6,carboxy-thc,14.0,,0.0,0.0,0.0,,,,,,,,,,,,,,,,,,,,,,,,,,,,,,,,,,,,98382,Silverdale,Sequim
954,972,972,2018,114,E791954,278.0,2018-04-24,21:35,24,4,0.0,63,Spokane,2110,1,0.0,3,1,2,1,1,1,1,21:36,21:40,22:22,8,0,0,0.0,3,0,2,4,2,4,6,0,0,97,8,E 3RD,S PERRY,-117.3889028,47.65335,1,1,13,80,5,30,5,0,0,1,5,8,1,1,1,4,1,1,1,53,0,49,52,2008,0,0.0,8,64.0,38.0,,,,1,1,50,2,0.0,0.0,1,0,3,0,11,5,,,,,0.0,0.0,3.0,3.0,1,91,0.0,0.0,0.0,96,,,,,,9,,,,,,99205,53,67.0,180.0,6.0,1.0,2.0,0.0,2.0,2.0,,1,,,,,,0,12/15/2013,06/15/2017,1,0,0,0,8.0,9,8,,,0,0.0,0.0,8,1,2.0,996.0,,,1.0,,,2,1,0.15,,,,,,,,,,,,,,,,,,,,,,,,,,,,,,0,0,0,1,1,1,1,1,0,0,0,0,0,0,0,0,0,0,0,0,0,0,0,0,0,0,0,0,0,1,0,1,0,0,0,,0,0,0,0,0,1,1,1,0,0,0,0,0,0,0,1,,,,,,46-50,46-55,City street,U,Tuesday,Belt Used,PV,Not Fatal,0,0,0,0,City Street,Municipal/City Police,Spokane Police Department,0,0,0,1,0,,,,,,0.0,2.0,1.0,,,,,,,,,,,,,,,,,,,,,,,,,,,,,,,,,,,,99202,Spokane,Spokane
955,973,973,2018,115,E791931,205.0,2018-04-16,20:54,16,4,0.0,57,Skagit,1410,2,0.0,2,2,2,2,0,3,2,20:53,21:03,,12,0,6,0.0,1,0,1,4,2,4,6,0,0,0,0,LITTLE MOUNTAIN RD,,-122.3047056,48.4019,0,1,98,10,2,98,2,0,0,1,7,12,3,1,2,1,5,2,1,53,0,37,32,2004,0,0.0,12,,,,,,1,1,48,2,7.0,1.0,4,7,3,0,11,0,04/16/2018,20:54,141053018321.0,18321.0,0.0,0.0,0.0,3.0,1,51,0.0,0.0,0.0,96,,,,,,99,,,,,,98252,53,68.0,125.0,6.0,1.0,0.0,0.0,2.0,0.0,,0,,,,,,0,03/15/2015,01/15/2016,8,0,0,0,0.0,9,8,,,0,0.0,0.0,8,9,2.0,996.0,996.0,,1.0,1.0,,2,1,0.24,,,,,,,,,,,,,,,,,,,,,,,,,,,,,,0,0,0,0,1,1,1,1,1,0,0,0,0,0,0,0,0,0,0,0,0,0,0,0,0,0,0,0,0,1,0,0,0,0,0,,1,0,0,0,0,1,1,1,0,0,0,0,0,0,0,1,,,,,,46-50,46-55,City street,U,Monday,Belt Used,PV,White,0,1,1,0,City Street,Municipal/City Police,Mount Vernon Police Department,0,0,0,1,0,,,,,,0.0,0.0,0.0,,,,,,,,,,,,,,,,,,,,,,,,,,,,,,,,,,,,98274,Granite Falls,Mount Vernon
956,974,974,2018,115,E791931,205.0,2018-04-16,20:54,16,4,0.0,57,Skagit,1410,2,0.0,2,2,2,2,0,3,2,20:53,21:03,,12,0,6,0.0,1,0,1,4,2,4,6,0,0,0,0,LITTLE MOUNTAIN RD,,-122.3047056,48.4019,0,2,98,50,3,35,14,0,0,1,7,12,2,1,2,1,14,1,3,53,0,37,402,2017,0,0.0,12,,,,,,1,1,28,1,0.0,0.0,2,0,3,0,11,2,,,,,0.0,0.0,0.0,3.0,1,0,0.0,0.0,0.0,96,,,,,,0,,,,,,98274,53,72.0,240.0,6.0,1.0,0.0,2.0,2.0,0.0,,0,,,,,,0,09/15/2013,02/15/2017,8,0,0,0,8.0,9,8,,,0,0.0,0.0,8,0,2.0,605.0,695.0,,1.0,1.0,,2,1,0.0,,,,,,,,,,,,,,,,,,,,,,,,,,,,,,0,0,0,0,1,1,1,1,1,0,0,0,0,0,0,0,0,0,0,0,0,0,0,0,0,0,0,0,0,1,0,0,0,0,0,,0,0,0,0,0,0,1,1,0,0,0,0,0,0,1,0,,,,,,26-30,26-35,City street,U,Monday,Belt Used,PV,Not Fatal,0,1,1,0,City Street,Municipal/City Police,Mount Vernon Police Department,0,0,0,1,0,thc,1.2,carboxy-thc,34.0,,0.0,0.0,1.0,,,,,,,,,,,,,,,,,,,,,,,,,,,,,,,,,,,,98274,Mount Vernon,Mount Vernon
957,975,975,2018,116,E792217,4.0,2018-04-19,7:45,19,4,0.0,65,Stevens,0,1,0.0,1,1,2,1,0,1,1,,,,24,0,0,228.1,1,0,1,3,1,1,2,0,0,0,0,US-395,,-117.8812944,48.45935,0,1,6,12,2,60,14,0,0,1,7,3,1,1,5,5,1,1,1,53,0,48,401,2010,0,0.0,68,64.0,24.0,1.0,3.0,,1,1,71,1,7.0,1.0,4,7,3,0,11,0,04/19/2018,7:45,53018474.0,18474.0,0.0,0.0,0.0,3.0,1,0,0.0,0.0,0.0,0,,,,,,2,,,,,,99181,53,70.0,190.0,6.0,1.0,0.0,0.0,0.0,0.0,,0,,,,,,0,,,8,0,0,0,0.0,9,8,,,0,0.0,0.0,8,0,2.0,387.0,,,1.0,,,2,1,0.0,,,,,,,,,,,,,,,,,,,,,,,,,,,,,,0,0,1,0,0,0,1,1,0,0,0,0,0,0,0,1,0,0,0,0,0,0,0,0,0,1,1,0,0,1,0,0,0,0,0,,1,0,0,0,0,0,1,1,0,0,0,0,0,0,1,0,,,,,,71-75,66-75,US highway,R,Thursday,Belt Used,PV,White,0,1,0,0,State Route,State Patrol,Washington State Patrol Headquarter,1,1,0,0,0,,,,,,0.0,0.0,0.0,,,,,,,,,,,,,,,,,,,,,,,,,,,,,,,,,,,,99114,Valley,Colville
958,976,976,2018,117,Coroner,,2018-04-06,21:07,6,4,0.0,65,Stevens,0,98,0.0,6,98,8,1,0,1,1,,,,24,0,0,7.0,1,0,1,99,9,99,9,0,3,0,0,RESERVATION RD,,-117.8109694,47.9353,0,1,1,13,2,98,49,0,0,1,8,24,8,8,8,8,99,1,9,99,0,99,999,9999,0,0.0,63,24.0,,,,,1,1,43,1,7.0,3.0,4,7,20,0,11,0,04/06/2018,21:07,53016052.0,16052.0,0.0,0.0,0.0,3.0,1,0,0.0,0.0,0.0,96,,,,,,9,,,,,,99040,53,71.0,220.0,6.0,1.0,0.0,0.0,0.0,0.0,,0,,,,,,9,,,20,1,9,0,0.0,9,8,,,0,0.0,0.0,8,1,8.0,95.0,,,96.0,,,8,95,995.0,,,,,,,,,,,,,,,,,,,,,,,,,,,,,,0,0,1,0,1,0,0,0,0,0,0,0,0,0,0,0,0,0,0,1,0,0,0,0,0,0,0,0,0,1,0,0,0,1,0,,1,0,0,0,0,0,0,0,0,0,0,0,0,0,0,1,,,,,,41-45,36-45,Unknown,Unk,Friday,Not Used,PV,AIAN,0,0,0,0,Other,,,0,0,0,0,1,,,,,,0.0,0.0,0.0,,,,,,,,,,,,,,,,,,,,,,,,,,,,,,,,,,,,99013,Wellpinit,Ford
959,977,977,2018,118,E793894,42.0,2018-04-24,2:32,24,4,0.0,67,Thurston,0,1,0.0,2,1,2,1,0,1,1,,,,42,0,0,3.1,1,0,1,5,1,2,4,0,0,0,0,CR-SARGENT RD SW,,-123.0521111,46.833705556,0,1,2,13,2,50,3,0,0,1,7,42,3,1,2,1,14,1,2,53,0,54,38,2002,0,0.0,68,68.0,63.0,42.0,,,1,1,32,1,7.0,1.0,4,7,3,0,11,0,04/24/2018,2:32,53019054.0,19054.0,0.0,0.0,0.0,3.0,1,0,0.0,0.0,0.0,96,,,,,,99,,,,,,98531,53,71.0,155.0,6.0,1.0,0.0,0.0,0.0,0.0,,0,,,,,,4,,,2,0,0,0,0.0,9,8,,,0,0.0,0.0,8,9,2.0,605.0,695.0,,1.0,1.0,,2,1,0.31,,,,,,,,,,,,,,,,,,,,,,,,,,,,,,0,0,0,0,1,1,1,1,1,0,0,0,1,0,0,0,0,0,0,0,0,0,0,0,0,0,0,0,0,1,0,0,0,0,0,,1,0,0,0,0,1,1,1,0,1,0,0,0,0,0,1,,,,,,31-35,26-35,County road,R,Tuesday,Belt Used,PV,White,0,1,0,0,County Road,County Sheriff,Thurston County Sheriff's Office,1,0,1,0,0,thc,888.0,carboxy-thc,23.0,,0.0,0.0,0.0,,,,,,,,,,,,,,,,,,,,,,,,,,,,,,,,,,,,98579,Centralia,Rochester
960,978,978,2018,119,E789126,278.0,2018-04-16,19:33,16,4,0.0,63,Spokane,2110,1,0.0,5,1,2,1,0,4,3,19:34,19:44,20:28,12,1,6,0.0,2,0,2,3,2,4,6,0,0,3,3,FRANCIS AVE,MARKET ST,-117.3646722,47.714875,0,1,88,17,2,98,4,0,0,1,7,12,1,2,5,1,1,1,1,53,0,37,32,2003,0,0.0,12,12.0,,,,,1,1,33,1,0.0,0.0,0,0,99,0,11,0,,,,,0.0,0.0,0.0,2.0,1,0,0.0,0.0,0.0,92,,,,,,99,,,,,,98837,53,68.0,170.0,1.0,1.0,0.0,0.0,0.0,2.0,,7,,,,,,0,05/15/2017,09/15/2017,1,0,0,0,8.0,9,8,,,0,0.0,0.0,8,9,8.0,95.0,,,96.0,,,8,95,995.0,,,,,,,,,,,,,,,,,,,,,,,,,,,,,,0,0,0,1,0,0,0,0,0,0,0,0,0,1,0,0,1,0,0,0,0,0,0,0,0,1,1,1,0,1,0,0,0,0,0,,0,0,0,0,0,0,0,0,1,0,0,1,0,0,0,0,,,,,,31-35,26-35,City street,U,Monday,Unknown,PV,Not Fatal,1,0,0,0,City Street,Municipal/City Police,Spokane Police Department,0,0,0,1,0,,,,,,0.0,0.0,2.0,,,,,,,,,,,,,,,,,,,,,,,,,,,,,,,,,,,,99208,Moses Lake,Spokane
961,979,979,2018,119,E789126,278.0,2018-04-16,19:33,16,4,0.0,63,Spokane,2110,1,0.0,5,1,2,1,0,4,3,19:34,19:44,20:28,12,0,6,0.0,2,0,2,3,2,4,6,0,0,3,3,FRANCIS AVE,MARKET ST,-117.3646722,47.714875,0,2,89,66,4,98,14,0,0,1,7,12,8,8,4,1,1,2,1,53,0,55,401,2013,0,0.0,12,,,,,,1,1,79,1,7.0,1.0,4,0,3,0,11,5,04/26/2018,16:55,122053019562.0,19562.0,0.0,0.0,3.0,3.0,1,0,0.0,0.0,0.0,96,,,,,,0,,,,,,99208,53,69.0,220.0,6.0,1.0,0.0,0.0,0.0,0.0,,0,,,,,,0,,,8,0,0,0,0.0,9,8,,,0,0.0,0.0,8,0,8.0,95.0,,,96.0,,,8,95,995.0,,,,,,,,,,,,,,,,,,,,,,,,,,,,,,0,0,0,1,0,0,0,0,0,0,0,0,0,1,0,0,1,0,0,0,0,0,0,0,0,1,1,1,0,1,0,0,0,0,0,,1,0,0,0,0,0,0,0,0,0,0,0,0,0,0,0,,,,,,76-80,76+,City street,U,Monday,Belt Used,PV,White,1,0,0,0,City Street,Municipal/City Police,Spokane Police Department,0,0,0,1,0,,,,,,0.0,0.0,0.0,,,,,,,,,,,,,,,,,,,,,,,,,,,,,,,,,,,,99208,Spokane,Spokane
962,980,980,2018,119,E789126,278.0,2018-04-16,19:33,16,4,0.0,63,Spokane,2110,1,0.0,5,1,2,1,0,4,3,19:34,19:44,20:28,12,0,6,0.0,2,0,2,3,2,4,6,0,0,3,3,FRANCIS AVE,MARKET ST,-117.3646722,47.714875,0,3,98,62,4,98,34,0,0,1,5,12,1,2,6,1,5,1,2,53,0,12,481,2013,0,0.0,12,,,,,,1,1,41,1,0.0,0.0,0,0,3,0,11,0,,,,,0.0,0.0,0.0,3.0,1,0,0.0,0.0,0.0,0,,,,,,0,,,,,,99016,53,69.0,205.0,6.0,1.0,0.0,0.0,0.0,0.0,,0,,,,,,0,,,20,0,0,0,8.0,9,8,,,0,0.0,0.0,8,0,8.0,95.0,,,96.0,,,8,95,995.0,,,,,,,,,,,,,,,,,,,,,,,,,,,,,,0,0,0,1,0,0,0,0,0,0,0,0,0,1,0,0,1,0,0,0,0,0,0,0,0,1,1,1,0,1,0,0,0,0,0,,0,0,0,0,0,0,0,0,0,0,0,0,0,0,0,0,,,,,,41-45,36-45,City street,U,Monday,Belt Used,PV,Not Fatal,1,0,0,0,City Street,Municipal/City Police,Spokane Police Department,0,0,0,1,0,,,,,,0.0,0.0,0.0,,,,,,,,,,,,,,,,,,,,,,,,,,,,,,,,,,,,99208,Greenacres,Spokane
963,981,981,2018,120,3754330,263.0,2018-04-30,23:36,30,4,0.0,33,King,1960,1,0.0,3,1,2,1,1,2,2,,,,8,1,0,1.9,1,0,1,3,2,1,3,0,0,0,0,SR-513,40TH AVE NE,-122.28505,47.662827778,0,1,13,80,5,35,99,0,0,1,5,8,1,1,5,1,1,99,9,99,0,99,999,9999,0,0.0,8,,,,,,1,1,39,8,0.0,0.0,0,0,98,0,11,0,,,,,0.0,0.0,0.0,3.0,1,0,0.0,0.0,0.0,96,,,,,,99,,,,,,98198,53,69.0,172.0,6.0,1.0,0.0,0.0,2.0,1.0,,97,,,,,,0,09/15/2014,10/15/2016,98,0,0,0,8.0,9,8,,,0,0.0,0.0,8,9,8.0,95.0,,,96.0,,,8,95,995.0,,,,,,,,,,,,,,,,,,,,,,,,,,,,,,0,0,0,0,0,0,0,0,0,1,1,1,0,0,0,0,0,0,0,0,0,0,0,0,0,0,0,0,0,1,0,1,0,0,0,,0,0,0,0,0,0,0,0,0,0,0,0,0,0,0,0,,,,,,36-40,36-45,State route,U,Monday,,NR-U,Not Fatal,0,0,0,0,State Route,Municipal/City Police,Seattle Police Department,0,1,0,0,0,,,,,,0.0,0.0,0.0,,,,,,,,,,,,,,,,,,,,,,,,,,,,,,,,,,,,98105,Seattle,Seattle
964,983,983,2018,121,E798796,25.0,2018-04-27,8:31,27,4,0.0,33,King,229,1,0.0,1,1,2,1,0,19,2,,,,12,0,2,0.0,1,0,1,5,2,4,6,1,0,0,0,GLENDALE WAY S,,-122.3165972,47.502961111,0,1,50,10,2,98,6,0,0,1,7,12,2,1,2,1,14,3,2,53,0,49,46,2017,0,0.0,68,12.0,,,,,1,1,23,1,0.0,0.0,3,0,3,0,11,4,,,,,0.0,0.0,0.0,2.0,1,28,0.0,0.0,0.0,96,,,,,,99,,,,,,98003,53,67.0,185.0,2.0,1.0,0.0,1.0,0.0,1.0,,0,,,,,,0,05/15/2017,04/15/2018,8,0,0,0,8.0,9,8,,,0,0.0,0.0,8,9,8.0,95.0,,,96.0,,,8,95,995.0,,,,,,,,,,,,,,,,,,,,,,,,,,,,,,0,0,0,0,0,0,0,0,0,0,0,0,0,1,0,0,0,0,0,1,0,0,0,1,1,0,0,0,0,1,0,0,0,0,0,,0,0,0,0,0,0,0,0,0,0,0,1,0,0,0,0,,,,,,21-25,16-25,City street,U,Friday,Belt Used,PV,Not Fatal,0,1,1,0,City Street,County Sheriff,King County Police,0,0,0,1,0,,,,,,0.0,0.0,2.0,,,,,,,,,,,,,,,,,,,,,,,,,,,,,,,,,,,,98168,Federal Way,Seattle
965,984,984,2018,121,E798796,25.0,2018-04-27,8:31,27,4,0.0,33,King,229,1,0.0,1,1,2,1,0,19,2,,,,12,0,2,0.0,1,0,1,5,2,4,6,1,0,0,0,GLENDALE WAY S,,-122.3165972,47.502961111,0,2,51,62,4,98,50,0,0,1,7,12,3,1,2,1,14,16,3,53,2,90,981,2012,0,0.0,12,,,,,,1,1,59,1,0.0,0.0,0,0,3,0,11,0,,,,,6.0,3.0,3.0,3.0,1,0,0.0,0.0,0.0,96,,,,,,0,,,,,,98148,53,67.0,220.0,6.0,1.0,0.0,0.0,1.0,0.0,,0,,,,,,0,01/15/2015,01/15/2015,20,0,0,0,8.0,9,8,,,0,0.0,0.0,8,8,0.0,0.0,,,0.0,,,8,95,995.0,,,,,,,,,,,,,,,,,,,,,,,,,,,,,,0,0,0,0,0,0,0,0,0,0,0,0,0,1,0,0,0,0,0,1,0,0,0,1,1,0,0,0,0,1,0,0,0,0,0,,0,0,0,0,0,0,0,0,0,0,0,0,0,0,0,0,,,,,,56-60,56-65,City street,U,Friday,,BUS,Not Fatal,0,1,1,0,City Street,County Sheriff,King County Police,0,0,0,1,0,,,,,,0.0,0.0,0.0,,,,,,,,,,,,,,,,,,,,,,,,,,,,,,,,,,,,98168,Seattle,Seattle
966,985,985,2018,122,E794265,159.0,2018-05-01,3:10,1,5,0.0,5,Benton,1020,1,0.0,3,1,2,1,0,1,1,,,,42,0,0,0.0,1,0,1,5,2,4,6,0,0,0,0,CREEKSTONE DR,,-119.1997861,46.188963889,0,1,2,6,1,35,4,0,0,1,7,42,2,1,2,1,14,1,2,53,0,18,20,1999,0,0.0,63,42.0,38.0,30.0,,,1,1,30,1,1.0,1.0,4,7,20,0,11,0,05/01/2018,3:10,102053020238.0,20238.0,0.0,0.0,3.0,3.0,1,0,0.0,0.0,0.0,96,,,,,,99,,,,,,99337,53,72.0,195.0,6.0,1.0,0.0,0.0,0.0,0.0,,0,,,,,,4,,,8,0,0,0,0.0,9,8,,,0,0.0,0.0,8,9,2.0,1.0,,,1.0,,,2,1,0.14,,,,,,,,,,,,,,,,,,,,,,,,,,,,,,0,0,0,0,1,1,0,1,0,0,0,0,1,0,0,0,0,0,0,1,0,0,0,0,0,0,0,0,0,1,0,0,0,1,0,,1,0,0,0,0,1,0,1,0,1,0,0,0,1,0,1,,,,,,26-30,26-35,City street,U,Tuesday,Not Used,PV,Hispanic,0,1,0,0,City Street,Municipal/City Police,Kennewick Police Department,1,0,0,1,0,,,,,,0.0,0.0,0.0,,,,,,,,,,,,,,,,,,,,,,,,,,,,,,,,,,,,99338,Kennewick,Kennewick
967,986,986,2018,123,E795156,127.0,2018-05-06,11:18,6,5,0.0,33,King,735,1,0.0,1,0,0,1,1,1,1,,,,9,0,0,0.0,4,0,1,7,2,4,6,0,0,20,3,S 320TH ST,,-122.3120944,47.315163889,0,1,13,98,7,0,62,1,0,1,5,9,0,0,0,0,10,1,2,53,0,52,882,2000,0,0.0,9,,,,,,1,1,41,1,0.0,0.0,0,0,3,0,11,0,,,,,0.0,0.0,0.0,3.0,1,39,0.0,0.0,0.0,93,,,,,,0,,,,,,98374,53,63.0,140.0,6.0,1.0,0.0,1.0,1.0,0.0,,97,,,,,,0,08/15/2014,07/15/2015,20,0,0,0,8.0,9,8,,,0,0.0,0.0,8,0,8.0,95.0,,,96.0,,,8,95,995.0,,,,,,,,,,,,,,,,,,,,,,,,,,,,,,0,0,0,0,0,0,0,0,0,0,0,0,0,0,0,0,1,0,0,0,0,0,0,0,0,0,0,0,0,0,1,0,1,0,0,,0,0,0,0,0,0,0,0,1,0,0,0,0,0,0,0,,,,,,41-45,36-45,City street,U,Sunday,,MHTRUCK,Not Fatal,0,0,0,0,City Street,Municipal/City Police,Federal Way Dept of Public Safety,0,0,0,1,0,,,,,,0.0,0.0,0.0,,,,,,,,,,,,,,,,,,,,,,,,,,,,,,,,,,,,98003,Puyallup,Federal Way