,index,Unnamed: 0,year,case,par,repjur,crash_dt,crash_tm,accday,accmon,holiday,county,co_char,city,weather,weather2,lightcond,surfcond,surftype,numfatal,nmforms,pforms,vforms,not_tm,arr_tm,hosp_tm,fhevent,hitrun,manncol,milepnt,reljunc,reljuncinter,intersectiontype,funcsystem,landuse,ownership,route,schlbus,spejur,contdev,devfunc,trafid1,trafid2,lon,lat,wk_zone,vnumber,crashtype,criticalevent,criticaleventcat,spdlim,body,trailer,emerg,hazcargo,leave,mhevent,roadalgn,roadprof,traflane,trafflow,vehmanvr,numoccs,regowner,regstate,spuse,make,model,modelyr,vrf1,vrf2,seqevent1,seqevent2,seqevent3,seqevent4,seqevent5,seqevent6,pnumber,ptype,age,sex,hispanic,race,injury,diedscene,restraint,restraintmisuse,seatpos,takehosp,death_dt,death_tm,cert,cernum_wa,commlic,licendor,licrestrict,liccomp,drivpres,drf1,drf2,drf3,drf4,distract1,distract2,distract3,distract4,distract5,distract6,dricond1,dricond2,dricond3,dricond4,dricond5,dricond6,dzip,licstate,drhgt_in,weight,noncdl,noncdltype,prevdwi,prevoth,prevacc,prevspd,prevsus,driviol1,driviol2,driviol3,driviol4,driviol5,driviol6,spdrel,first_dt,last_dt,airbag,ejection,ejectpath,extricat,injurwrk,methalc,methdrug,nmlocat,strikveh,prf1,prf2,prf3,druginv,alcinvol,drugsts,drugres1,drugres2,drugres3,drugtst1,drugtst2,drugtst3,alcsts,alctst,alcres,nmact1,nmact2,nmact3,nmact4,nmact5,nmact6,nmprior1,nmprior2,nmprior3,nmprior4,nmprior5,nmprior6,nmcond1,nmcond2,nmcond3,nmcond4,nmcond5,nmcond6,nmsafe_helmet,nmsafe_pads,nmsafe_oth,nmprev_ref,nmprev_lgt,nmprev_oth,crashlocation,nmcrashtype,crosswalk,schoolzone,sidewalk,train_inv,wildlife_inv,rotr_fars,intersect_fars,dd_inv,aid_inv,dpd_inv,id_inv,mj_inv,impnm_inv,ainm_inv,dpnm_inv,speed_inv,unlic_inv,unendmc_inv,drowsy_inv,drdist_inv,nmdist_inv,fty_inv,unrestfat_inv,dr1617_inv,dr1820_inv,dr1620_inv,dr2125_inv,dr1625_inv,dr65_inv,dr70_inv,dr75_inv,mc_inv,pv_inv,ht_inv,ped_inv,bike_inv,unrest_fat,mc_fat,unhelmet_mc,pv_fat,ht_fat,ped_fat,bike_fat,dr_alc7,dr_alc8,dr_drug,dr_imp,dr_dist,dr_spd,dr_fty,dr_unlic,dr_alc7only,dr_alc8only,dr_drugonly,dr_drink,nm_imp,nm_alc7,nm_alc8,nm_drug,nm_dist,agegrp1,agegrp2,roadclass,urbrur,dayweek,restuse,vehtype,race_me,intersect,lanedep,oppdir,wrongway,rep_typ,investag,repag_long,rotr,st_rd,cty_rd,city_rd,oth_rd,drug_thc,thc_res,drug_cthc,cthc_res,drug_cann,prevpersemin,prevperse,prevsusoth,drugtst4,drugtst5,drugtst6,drugtst7,drugtst8,drugres4,drugres5,drugres6,drugres7,drugres8,adspresent,adsengaged,adslevel,race1,race2,race3,race4,race5,helmet,helmetmisuse,nmdistract1,nmdistract2,nmdistract3,nmdistract4,nmdistract5,nmdistract6,lab,isedtcase,crf1,crf2,crf3,CoRoadName,CoMP,IntCoRoadName,IntCoMP,crashzip,dcity,crashcity
968,987,987,2018,124,E795721,25.0,2018-05-02,17:13,2,5,0.0,33,King,1958,1,0.0,1,1,2,1,1,3,3,,,,8,0,0,12.9,1,0,1,3,2,1,3,0,0,0,0,SR-99,,-122.2983278,47.408494444,0,1,13,80,5,40,4,0,0,1,7,8,1,1,3,2,15,1,2,53,0,35,43,2005,0,0.0,8,12.0,12.0,,,,1,1,25,1,0.0,0.0,0,0,99,0,11,0,,,,,0.0,0.0,0.0,0.0,1,0,0.0,0.0,0.0,96,,,,,,9,,,,,,98058,53,62.0,125.0,0.0,0.0,0.0,0.0,0.0,0.0,,97,,,,,,3,,,20,0,0,0,8.0,5,8,,,0,0.0,0.0,8,1,2.0,401.0,417.0,605.0,1.0,1.0,1.0,2,1,0.14,,,,,,,,,,,,,,,,,,,,,,,,,,,,,,0,0,0,0,1,1,1,1,1,1,0,1,1,1,0,0,0,0,0,0,0,0,0,1,1,0,0,0,0,1,0,1,0,0,0,,0,0,0,0,0,1,1,1,0,1,0,1,0,0,0,1,,,,,,21-25,16-25,State route,U,Wednesday,Unknown,PV,Not Fatal,1,0,0,0,State Route,Municipal/City Police,SeaTac Police Department,0,1,0,0,0,thc,5.3,carboxy-thc,30.0,,0.0,0.0,0.0,1.0,,,,,695.0,,,,,,,,,,,,,,,,,,,,,,,,,,,,,,98198,Renton,Seattle
969,988,988,2018,124,E795721,25.0,2018-05-02,17:13,2,5,0.0,33,King,1958,1,0.0,1,1,2,1,1,3,3,,,,8,0,0,12.9,1,0,1,3,2,1,3,0,0,0,0,SR-99,,-122.2983278,47.408494444,0,2,98,60,4,40,6,0,0,1,5,12,1,1,3,2,1,1,1,53,0,7,21,2007,0,0.0,12,,,,,,1,1,28,1,0.0,0.0,0,0,3,0,11,0,,,,,0.0,0.0,3.0,3.0,1,0,0.0,0.0,0.0,96,,,,,,0,,,,,,98198,53,70.0,150.0,6.0,1.0,0.0,0.0,0.0,1.0,,0,,,,,,0,10/15/2014,03/15/2016,20,0,0,0,8.0,9,8,,,0,0.0,0.0,8,0,8.0,95.0,,,96.0,,,8,95,995.0,,,,,,,,,,,,,,,,,,,,,,,,,,,,,,0,0,0,0,1,1,1,1,1,1,0,1,1,1,0,0,0,0,0,0,0,0,0,1,1,0,0,0,0,1,0,1,0,0,0,,0,0,0,0,0,0,0,0,0,0,0,0,0,0,0,0,,,,,,26-30,26-35,State route,U,Wednesday,Belt Used,PV,Not Fatal,1,0,0,0,State Route,Municipal/City Police,SeaTac Police Department,0,1,0,0,0,,,,,,0.0,0.0,5.0,,,,,,,,,,,,,,,,,,,,,,,,,,,,,,,,,,,,98198,Seattle,Seattle
970,989,989,2018,124,E795721,25.0,2018-05-02,17:13,2,5,0.0,33,King,1958,1,0.0,1,1,2,1,1,3,3,,,,8,0,0,12.9,1,0,1,3,2,1,3,0,0,0,0,SR-99,,-122.2983278,47.408494444,0,3,98,60,4,40,21,0,0,1,5,12,1,1,3,2,1,1,3,53,0,20,461,1999,0,0.0,12,,,,,,1,1,49,1,0.0,0.0,0,0,3,0,11,0,,,,,0.0,0.0,3.0,3.0,1,0,0.0,0.0,0.0,96,,,,,,0,,,,,,98403,53,68.0,187.0,6.0,1.0,0.0,0.0,0.0,0.0,,0,,,,,,0,,,20,0,0,0,8.0,9,8,,,0,0.0,0.0,8,0,8.0,95.0,,,96.0,,,8,95,995.0,,,,,,,,,,,,,,,,,,,,,,,,,,,,,,0,0,0,0,1,1,1,1,1,1,0,1,1,1,0,0,0,0,0,0,0,0,0,1,1,0,0,0,0,1,0,1,0,0,0,,0,0,0,0,0,0,0,0,0,0,0,0,0,0,0,0,,,,,,46-50,46-55,State route,U,Wednesday,Belt Used,PV,Not Fatal,1,0,0,0,State Route,Municipal/City Police,SeaTac Police Department,0,1,0,0,0,,,,,,0.0,0.0,0.0,,,,,,,,,,,,,,,,,,,,,,,,,,,,,,,,,,,,98198,Tacoma,Seattle
971,990,990,2018,125,E795893,14.0,2018-05-02,19:13,2,5,0.0,11,Clark,0,1,0.0,1,1,2,1,0,2,2,19:13,19:20,20:14,12,0,6,4.2,2,0,2,4,1,2,4,0,0,0,0,CR-NE 159TH ST,NE 72ND AVE,-122.5996222,45.736713889,0,1,88,17,2,50,80,0,0,1,7,12,1,1,2,2,1,1,2,53,0,73,705,2007,0,0.0,12,,,,,,1,1,20,1,7.0,1.0,4,7,16,0,11,0,05/02/2018,19:13,10753020822.0,20822.0,0.0,0.0,0.0,3.0,1,0,0.0,0.0,0.0,96,,,,,,99,,,,,,98604,53,73.0,160.0,6.0,1.0,0.0,2.0,0.0,0.0,,0,,,,,,3,09/15/2015,09/15/2015,20,8,0,0,0.0,9,8,,,0,0.0,0.0,8,9,2.0,605.0,695.0,,1.0,1.0,,2,1,0.0,,,,,,,,,,,,,,,,,,,,,,,,,,,,,,0,0,0,1,0,0,1,1,1,0,0,0,1,0,0,0,0,0,0,0,0,1,1,0,1,0,0,0,1,1,0,0,0,0,1,1.0,0,0,0,0,0,0,1,1,0,1,0,0,0,0,1,0,,,,,,18-20,16-25,County road,R,Wednesday,,MC,White,1,0,0,0,County Road,County Sheriff,Clark County Sheriff's Office,0,0,1,0,0,thc,5.7,carboxy-thc,23.0,,0.0,0.0,0.0,,,,,,,,,,,,,,,,,,,,,,,,,,,,,,,,,,,,98686,Battle Ground,Vancouver
972,991,991,2018,125,E795893,14.0,2018-05-02,19:13,2,5,0.0,11,Clark,0,1,0.0,1,1,2,1,0,2,2,19:13,19:20,20:14,12,0,6,4.2,2,0,2,4,1,2,4,0,0,20,3,CR-NE 159TH ST,NE 72ND AVE,-122.5996222,45.736713889,0,2,89,66,4,40,34,0,0,1,7,12,8,8,2,1,1,1,1,53,0,49,482,2013,0,0.0,12,,,,,,1,1,62,1,0.0,0.0,2,0,3,0,11,5,,,,,0.0,0.0,0.0,3.0,1,0,0.0,0.0,0.0,96,,,,,,0,,,,,,98604,53,75.0,165.0,6.0,1.0,0.0,0.0,0.0,0.0,,0,,,,,,0,,,8,0,0,0,8.0,9,8,,,0,0.0,0.0,8,0,8.0,95.0,,,96.0,,,8,95,995.0,,,,,,,,,,,,,,,,,,,,,,,,,,,,,,0,0,0,1,0,0,1,1,1,0,0,0,1,0,0,0,0,0,0,0,0,1,1,0,1,0,0,0,1,1,0,0,0,0,0,,0,0,0,0,0,0,0,0,0,0,0,0,0,0,0,0,,,,,,61-65,56-65,County road,R,Wednesday,Belt Used,PV,Not Fatal,1,0,0,0,County Road,County Sheriff,Clark County Sheriff's Office,0,0,1,0,0,,,,,,0.0,0.0,0.0,,,,,,,,,,,,,,,,,,,,,,,,,,,,,,,,,,,,98686,Battle Ground,Vancouver
973,992,992,2018,126,E800816,1.0,2018-05-05,12:38,5,5,0.0,39,Klickitat,0,1,0.0,1,1,2,1,0,2,2,12:39,12:48,13:22,12,0,6,21.8,2,0,3,3,1,1,2,0,0,0,0,US-97,LOWER ROAD,-120.7000222,45.922827778,0,1,72,60,4,60,4,0,0,1,2,12,1,2,3,1,11,1,2,53,0,20,25,2013,0,0.0,12,,,,,,1,1,23,2,0.0,0.0,1,0,3,0,11,8,,,,,0.0,0.0,0.0,3.0,1,0,0.0,0.0,0.0,96,,,,,,0,,,,,,99352,53,68.0,130.0,6.0,1.0,0.0,0.0,0.0,0.0,,0,,,,,,0,,,8,0,0,0,8.0,9,8,,,0,0.0,0.0,8,0,8.0,95.0,,,96.0,,,8,95,995.0,,,,,,,,,,,,,,,,,,,,,,,,,,,,,,0,0,0,1,1,0,0,0,0,0,0,0,0,0,0,0,0,0,0,0,0,0,0,1,1,0,0,0,1,1,0,0,0,0,0,,0,0,0,0,0,0,0,0,0,0,0,0,0,0,0,0,,,,,,21-25,16-25,US highway,R,Saturday,Belt Used,PV,Not Fatal,1,0,0,0,State Route,State Patrol,Washington State Patrol Headquarter,0,1,0,0,0,,,,,,0.0,0.0,0.0,,,,,,,,,,,,,,,,,,,,,,,,,,,,,,,,,,,,98620,Richland,Goldendale
974,993,993,2018,126,E800816,1.0,2018-05-05,12:38,5,5,0.0,39,Klickitat,0,1,0.0,1,1,2,1,0,2,2,12:39,12:48,13:22,12,0,6,21.8,2,0,3,3,1,1,2,0,0,0,0,US-97,LOWER ROAD,-120.7000222,45.922827778,0,2,73,10,2,60,80,0,0,1,7,12,1,2,2,1,6,1,1,53,0,72,706,2006,0,0.0,68,12.0,,,,,1,1,60,1,7.0,1.0,4,0,5,0,11,5,05/06/2018,1:11,165053013761.0,13761.0,0.0,0.0,3.0,3.0,1,33,0.0,0.0,0.0,96,,,,,,99,,,,,,98620,53,68.0,198.0,6.0,1.0,0.0,0.0,0.0,0.0,,0,,,,,,0,,,20,8,0,0,0.0,9,8,,,0,0.0,0.0,8,1,8.0,95.0,,,96.0,,,8,95,995.0,,,,,,,,,,,,,,,,,,,,,,,,,,,,,,0,0,0,1,1,0,0,0,0,0,0,0,0,0,0,0,0,0,0,0,0,0,0,1,1,0,0,0,1,1,0,0,0,0,1,0.0,0,0,0,0,0,0,0,0,0,0,0,0,0,0,0,1,,,,,,56-60,56-65,US highway,R,Saturday,,MC,White,1,0,0,0,State Route,State Patrol,Washington State Patrol Headquarter,0,1,0,0,0,,,,,,0.0,0.0,0.0,,,,,,,,,,,,,,,,,,,,,,,,,,,,,,,,,,,,98620,Goldendale,Goldendale
975,994,994,2018,127,E796796,2.0,2018-05-10,11:08,10,5,0.0,73,Whatcom,0,10,0.0,1,1,2,1,0,1,1,,,,1,0,0,92.0,1,0,1,5,1,1,3,0,0,0,0,SR-9,,-122.3201,48.949508333,0,1,1,13,2,50,66,2,0,1,2,1,3,1,2,1,14,1,3,53,0,85,881,2005,0,0.0,63,1.0,,,,,1,1,38,1,7.0,1.0,4,7,3,0,11,0,05/10/2018,11:08,149053022050.0,22050.0,6.0,1.0,0.0,3.0,1,0,0.0,0.0,0.0,92,,,,,,0,,,,,,98247,53,68.0,225.0,6.0,1.0,0.0,1.0,0.0,0.0,,0,,,,,,0,07/15/2017,07/15/2017,20,0,0,0,1.0,9,8,,,0,0.0,0.0,8,0,2.0,1.0,,,1.0,,,2,1,0.0,,,,,,,,,,,,,,,,,,,,,,,,,,,,,,0,0,1,0,0,0,0,0,0,0,0,0,0,0,0,0,1,0,0,0,0,0,0,0,0,0,0,0,0,0,1,0,0,0,0,,0,1,0,0,0,0,0,0,1,0,0,0,0,0,0,0,,,,,,36-40,36-45,State route,R,Thursday,,MHTRUCK,White,0,1,0,0,State Route,State Patrol,Washington State Patrol Headquarter,1,1,0,0,0,,,,,,0.0,0.0,0.0,,,,,,,,,,,,,,,,,,,,,,,,,,,,,,,,,,,,98247,Everson,Everson
976,995,995,2018,128,E797090,42.0,2018-05-11,20:06,11,5,0.0,67,Thurston,0,1,0.0,1,1,2,1,0,1,1,,,,30,0,0,0.7,1,0,1,7,1,2,4,0,0,0,0,CR-SHERMAN VALLEY RD SW,,-123.0772389,46.954994444,0,1,6,12,2,35,80,0,0,1,7,30,2,1,2,1,14,1,1,53,0,73,706,2003,0,0.0,68,64.0,30.0,,,,1,1,32,1,1.0,98.0,4,7,5,0,11,0,05/11/2018,20:06,53022842.0,22842.0,0.0,0.0,0.0,3.0,1,0,0.0,0.0,0.0,96,,,,,,99,,,,,,98501,53,66.0,165.0,6.0,1.0,0.0,1.0,1.0,2.0,,0,,,,,,4,11/15/2013,06/15/2017,20,8,0,0,0.0,9,8,,,0,0.0,0.0,8,9,2.0,1.0,,,1.0,,,2,1,0.0,,,,,,,,,,,,,,,,,,,,,,,,,,,,,,0,0,1,0,0,0,0,0,0,0,0,0,1,0,0,0,0,0,0,0,0,0,0,0,0,0,0,0,1,0,0,0,0,0,1,0.0,0,0,0,0,0,0,0,0,0,1,0,0,0,0,0,0,,,,,,31-35,26-35,County road,R,Friday,,MC,Hispanic,0,1,0,0,County Road,County Sheriff,Thurston County Sheriff's Office,1,0,1,0,0,,,,,,0.0,0.0,0.0,,,,,,,,,,,,,,,,,,,,,,,,,,,,,,,,,,,,98512,Olympia,Olympia
977,996,996,2018,129,E797751,171.0,2018-05-03,2:31,3,5,0.0,33,King,1107,1,0.0,2,1,2,1,1,1,1,,,,8,0,0,4.7,1,0,1,3,2,1,3,0,0,0,0,SR-522,,-122.2886111,47.740758333,0,1,13,80,5,40,34,0,0,1,5,8,1,1,2,3,1,1,1,53,0,35,471,1994,0,0.0,8,,,,,,1,1,65,1,0.0,0.0,0,0,3,0,11,0,,,,,0.0,0.0,0.0,3.0,1,0,0.0,0.0,0.0,96,,,,,,0,,,,,,98028,53,67.0,140.0,6.0,1.0,0.0,0.0,0.0,0.0,,0,,,,,,0,,,20,0,0,0,8.0,9,2,,,0,0.0,0.0,0,0,2.0,1.0,,,1.0,,,2,1,0.0,,,,,,,,,,,,,,,,,,,,,,,,,,,,,,0,0,0,0,0,0,0,0,0,1,1,1,0,0,0,0,0,1,0,0,0,0,0,0,0,1,0,0,0,1,0,1,0,0,0,,0,0,0,0,0,0,0,0,0,0,0,0,0,0,0,0,,,,,,61-65,56-65,State route,U,Thursday,Belt Used,PV,Not Fatal,0,0,0,0,State Route,Municipal/City Police,Lake Forest Park Police Department,0,1,0,0,0,,,,,,0.0,0.0,0.0,,,,,,,,,,,,,,,,,,,,,,,,,,,,,,,,,,,,98155,Kenmore,Seattle
978,997,997,2018,130,E798156,13.0,2018-05-13,12:53,13,5,0.0,9,Clallam,0,1,0.0,1,1,2,1,0,1,1,12:55,13:06,13:36,1,0,0,1.2,3,0,3,7,1,2,4,0,0,0,0,CR-ELWHA RIVER RD,CROWN Z WATER RD,-123.5499111,48.111680556,0,1,98,8,1,35,80,0,0,1,7,1,2,2,2,1,14,1,1,53,0,73,705,2016,0,0.0,68,1.0,,,,,1,1,70,1,7.0,1.0,4,0,19,0,11,5,05/13/2018,,170053022356.0,22356.0,0.0,0.0,3.0,3.0,1,26,0.0,0.0,0.0,96,,,,,,99,,,,,,98363,53,74.0,200.0,6.0,1.0,0.0,0.0,0.0,0.0,,0,,,,,,0,,,20,8,0,0,0.0,9,8,,,0,0.0,0.0,8,9,2.0,348.0,,,1.0,,,2,1,0.0,,,,,,,,,,,,,,,,,,,,,,,,,,,,,,0,0,0,1,0,0,1,1,0,0,0,0,0,0,0,0,0,0,0,0,0,0,0,0,0,1,1,0,1,0,0,0,0,0,1,0.0,0,0,0,0,0,0,1,1,0,0,0,0,0,0,1,0,,,,,,66-70,66-75,County road,R,Sunday,,MC,White,0,0,0,0,County Road,County Sheriff,Clallam County Sheriff's Office,0,0,1,0,0,,,,,,0.0,0.0,0.0,,,,,,,,,,,,,,,,,,,,,,,,,,,,,,,,,,,,98363,Port Angeles,Port Angeles
979,999,999,2018,131,E798346,290.0,2018-05-15,21:03,15,5,0.0,53,Pierce,2230,1,0.0,3,1,2,1,0,3,2,,,,12,0,6,0.0,2,0,2,4,2,4,6,0,0,3,3,E MCKINLEY AVE,E 56TH ST,-122.4208944,47.206347222,0,2,89,66,4,35,4,0,0,1,2,12,8,8,3,1,1,2,1,53,0,21,23,1999,0,0.0,12,,,,,,1,1,67,2,7.0,7.0,4,7,3,0,11,0,05/15/2018,21:03,223053023201.0,23201.0,0.0,0.0,3.0,3.0,1,0,0.0,0.0,0.0,96,,,,,,0,,,,,,98404,53,60.0,119.0,6.0,1.0,0.0,2.0,1.0,0.0,,0,,,,,,0,08/15/2014,08/15/2015,1,0,0,0,0.0,9,8,,,0,0.0,0.0,8,0,2.0,1.0,,,1.0,,,2,1,0.0,,,,,,,,,,,,,,,,,,,,,,,,,,,,,,0,0,0,1,0,0,0,0,0,0,0,0,1,0,0,0,0,0,0,0,0,0,0,0,0,1,0,0,0,1,0,0,0,0,0,,1,0,0,0,0,0,0,0,0,0,0,0,0,0,0,0,,,,,,66-70,66-75,City street,U,Tuesday,Belt Used,PV,API,1,0,0,0,City Street,Municipal/City Police,Tacoma Police Department,0,0,0,1,0,,,,,,0.0,0.0,0.0,,,,,,,,,,,,,,,,,,,,,,,,,,,,,,,,,,,,98404,Tacoma,Tacoma
980,1000,1000,2018,132,E798705,248.0,2018-05-13,23:45,13,5,0.0,33,King,1830,1,0.0,3,1,2,1,0,1,1,,,,30,0,0,0.0,1,0,1,5,2,4,6,0,0,0,0,TALBOT RD S,,-122.2128889,47.429616667,0,1,6,6,1,98,3,0,0,1,2,30,1,1,2,1,1,1,2,53,0,37,31,1998,0,0.0,68,64.0,30.0,,,,1,1,23,1,1.0,98.0,4,0,99,0,11,5,05/14/2018,0:58,196053021906.0,21906.0,0.0,0.0,0.0,2.0,1,0,0.0,0.0,0.0,96,,,,,,99,,,,,,98168,53,69.0,150.0,1.0,1.0,0.0,2.0,3.0,2.0,,0,,,,,,3,06/15/2013,07/15/2017,8,0,0,0,0.0,9,8,,,0,0.0,0.0,8,9,2.0,177.0,348.0,,1.0,1.0,,2,1,0.13,,,,,,,,,,,,,,,,,,,,,,,,,,,,,,0,0,1,0,1,1,1,1,0,0,0,0,1,1,0,0,0,0,0,0,0,0,0,1,1,0,0,0,0,1,0,0,0,0,0,,1,0,0,0,0,1,1,1,0,1,0,1,0,0,0,1,,,,,,21-25,16-25,City street,U,Sunday,Unknown,PV,Hispanic,0,1,0,0,City Street,Municipal/City Police,Renton Police Department,1,0,0,1,0,,,,,,0.0,0.0,3.0,,,,,,,,,,,,,,,,,,,,,,,,,,,,,,,,,,,,98055,Seattle,Renton
981,1001,1001,2018,133,E798888,28.0,2018-05-13,16:00,13,5,0.0,39,Klickitat,0,1,0.0,1,1,2,1,0,1,1,16:07,16:29,17:09,1,0,0,16.4,1,0,1,5,1,2,4,0,3,0,0,CR-BICKLETON HWY,,-120.5278,45.838302778,0,1,1,13,2,50,80,0,0,1,7,1,3,2,2,1,14,1,1,53,0,34,706,2017,0,0.0,63,1.0,,,,,1,1,68,1,7.0,1.0,4,0,19,0,11,5,05/13/2018,17:49,53021886.0,21886.0,0.0,0.0,0.0,3.0,1,0,0.0,0.0,0.0,96,,,,,,99,,,,,,98117,53,70.0,150.0,6.0,1.0,0.0,0.0,1.0,0.0,,0,,,,,,0,01/15/2018,01/15/2018,20,8,0,0,0.0,9,8,,,0,0.0,0.0,8,9,8.0,95.0,,,96.0,,,8,95,995.0,,,,,,,,,,,,,,,,,,,,,,,,,,,,,,0,0,1,0,0,0,0,0,0,0,0,0,0,0,0,0,0,0,0,0,0,0,0,0,0,1,0,0,1,0,0,0,0,0,1,0.0,0,0,0,0,0,0,0,0,0,0,0,0,0,0,0,0,,,,,,66-70,66-75,County road,R,Sunday,,MC,White,0,1,0,0,County Road,County Sheriff,Klickitat County Sheriff's Office,1,0,1,0,0,,,,,,0.0,0.0,0.0,,,,,,,,,,,,,,,,,,,,,,,,,,,,,,,,,,,,99356,Seattle,Roosevelt
982,1002,1002,2018,134,E800700,2.0,2018-05-13,12:44,13,5,0.0,73,Whatcom,0,1,0.0,1,1,1,1,0,1,1,12:49,13:34,13:52,42,0,0,126.0,1,0,1,4,1,1,3,0,0,0,0,SR-20,,-121.1502472,48.711977778,0,1,1,13,2,55,80,0,0,1,7,42,3,2,2,1,14,1,2,53,0,53,706,2007,0,0.0,63,42.0,,,,,1,1,22,1,1.0,98.0,4,0,5,0,11,5,05/13/2018,14:17,53022202.0,22202.0,0.0,0.0,0.0,3.0,1,0,0.0,0.0,0.0,96,,,,,,99,,,,,,98277,53,69.0,200.0,6.0,1.0,0.0,2.0,0.0,5.0,,0,,,,,,4,08/15/2013,07/15/2017,20,8,0,0,0.0,9,8,,,0,0.0,0.0,8,9,2.0,1.0,,,1.0,,,2,1,0.0,,,,,,,,,,,,,,,,,,,,,,,,,,,,,,0,0,1,0,0,0,0,0,0,0,0,0,1,0,0,0,0,0,0,0,0,0,0,1,1,0,0,0,1,0,0,0,0,0,1,0.0,0,0,0,0,0,0,0,0,0,1,0,0,0,0,0,0,,,,,,21-25,16-25,State route,R,Sunday,,MC,Hispanic,0,1,0,0,State Route,State Patrol,Washington State Patrol Headquarter,1,1,0,0,0,,,,,,0.0,0.0,0.0,,,,,,,,,,,,,,,,,,,,,,,,,,,,,,,,,,,,98267,Oak Harbor,Marblemount
983,1003,1003,2018,135,E801990,2.0,2018-05-13,16:24,13,5,0.0,73,Whatcom,150,1,0.0,1,1,1,1,0,2,2,,,,12,0,2,0.4,1,0,1,3,2,1,3,0,0,0,0,SR-543,,-122.7349722,48.993708333,0,1,50,10,2,35,4,0,0,1,2,12,1,1,4,5,1,1,3,95,0,37,32,2016,0,0.0,68,12.0,,,,,1,1,56,2,7.0,68.0,4,7,3,0,11,0,05/13/2018,16:24,15053022158.0,22158.0,99.0,9.0,9.0,9.0,1,28,0.0,0.0,0.0,96,,,,,,99,,,,,,0,95,,999.0,9.0,9.0,99.0,99.0,99.0,99.0,,0,,,,,,0,,,8,0,0,0,0.0,9,8,,,0,0.0,0.0,8,9,2.0,1.0,,,1.0,,,2,1,0.0,,,,,,,,,,,,,,,,,,,,,,,,,,,,,,0,0,0,0,0,0,0,0,0,0,0,0,0,0,0,0,0,0,0,0,0,0,0,0,0,0,0,0,0,1,1,0,0,0,0,,1,0,0,0,0,0,0,0,0,0,0,0,0,0,0,0,,,,,,56-60,56-65,State route,U,Sunday,Belt Used,PV,API,0,1,1,0,State Route,State Patrol,Washington State Patrol Headquarter,0,1,0,0,0,,,,,,99.0,99.0,99.0,,,,,,,,,,,,,,,,,,,,,,,,,,,,,,,,,,,,98230,Canada,Blaine
984,1004,1004,2018,135,E801990,2.0,2018-05-13,16:24,13,5,0.0,73,Whatcom,150,1,0.0,1,1,1,1,0,2,2,,,,12,0,2,0.4,1,0,1,3,2,1,3,0,0,0,0,SR-543,,-122.7349722,48.993708333,0,2,51,62,4,35,66,1,0,1,7,12,1,1,4,5,1,1,2,95,0,82,881,2012,0,0.0,12,,,,,,1,1,51,1,0.0,0.0,0,0,3,0,11,0,,,,,99.0,9.0,9.0,9.0,1,0,0.0,0.0,0.0,96,,,,,,0,,,,,,99999,95,,999.0,9.0,9.0,99.0,99.0,99.0,99.0,,0,,,,,,0,,,20,0,0,0,8.0,9,8,,,0,0.0,0.0,8,0,8.0,95.0,,,96.0,,,8,95,995.0,,,,,,,,,,,,,,,,,,,,,,,,,,,,,,0,0,0,0,0,0,0,0,0,0,0,0,0,0,0,0,0,0,0,0,0,0,0,0,0,0,0,0,0,1,1,0,0,0,0,,0,0,0,0,0,0,0,0,0,0,0,0,0,0,0,0,,,,,,51-55,46-55,State route,U,Sunday,,MHTRUCK,Not Fatal,0,1,1,0,State Route,State Patrol,Washington State Patrol Headquarter,0,1,0,0,0,,,,,,99.0,99.0,99.0,,,,,,,,,,,,,,,,,,,,,,,,,,,,,,,,,,,,98230,Canada,Blaine
985,1005,1005,2018,136,E801415,4.0,2018-05-15,16:19,15,5,0.0,63,Spokane,0,1,0.0,1,1,1,1,0,2,2,16:18,16:38,,12,0,6,263.1,2,0,2,3,1,1,2,0,0,0,0,US-2,N WOOD,-117.7333694,47.643452778,0,1,68,15,2,55,34,0,0,1,7,12,1,1,4,1,11,1,1,53,0,7,482,2013,0,0.0,12,,,,,,1,1,51,1,0.0,0.0,0,0,3,0,11,0,,,,,0.0,0.0,3.0,3.0,1,38,0.0,0.0,0.0,96,,,,,,0,,,,,,99001,53,72.0,210.0,6.0,1.0,0.0,0.0,0.0,1.0,,46,,,,,,0,08/15/2017,08/15/2017,20,0,0,0,8.0,9,8,,,0,0.0,0.0,8,0,8.0,95.0,,,96.0,,,8,95,995.0,,,,,,,,,,,,,,,,,,,,,,,,,,,,,,0,0,0,1,0,0,0,0,0,0,0,0,0,0,0,0,0,0,1,0,0,0,0,0,0,0,0,0,1,1,0,0,0,0,0,,0,0,0,0,0,0,0,0,0,0,1,0,0,0,0,0,,,,,,51-55,46-55,US highway,R,Tuesday,Belt Used,PV,Not Fatal,1,0,0,0,State Route,State Patrol,Washington State Patrol Headquarter,0,1,0,0,0,,,,,,0.0,0.0,0.0,,,,,,,,,,,,,,,,,,,,,,,,,,,,,,,,,,,,99022,Airway Heights,Medical Lake