,index,Unnamed: 0,year,case,par,repjur,crash_dt,crash_tm,accday,accmon,holiday,county,co_char,city,weather,weather2,lightcond,surfcond,surftype,numfatal,nmforms,pforms,vforms,not_tm,arr_tm,hosp_tm,fhevent,hitrun,manncol,milepnt,reljunc,reljuncinter,intersectiontype,funcsystem,landuse,ownership,route,schlbus,spejur,contdev,devfunc,trafid1,trafid2,lon,lat,wk_zone,vnumber,crashtype,criticalevent,criticaleventcat,spdlim,body,trailer,emerg,hazcargo,leave,mhevent,roadalgn,roadprof,traflane,trafflow,vehmanvr,numoccs,regowner,regstate,spuse,make,model,modelyr,vrf1,vrf2,seqevent1,seqevent2,seqevent3,seqevent4,seqevent5,seqevent6,pnumber,ptype,age,sex,hispanic,race,injury,diedscene,restraint,restraintmisuse,seatpos,takehosp,death_dt,death_tm,cert,cernum_wa,commlic,licendor,licrestrict,liccomp,drivpres,drf1,drf2,drf3,drf4,distract1,distract2,distract3,distract4,distract5,distract6,dricond1,dricond2,dricond3,dricond4,dricond5,dricond6,dzip,licstate,drhgt_in,weight,noncdl,noncdltype,prevdwi,prevoth,prevacc,prevspd,prevsus,driviol1,driviol2,driviol3,driviol4,driviol5,driviol6,spdrel,first_dt,last_dt,airbag,ejection,ejectpath,extricat,injurwrk,methalc,methdrug,nmlocat,strikveh,prf1,prf2,prf3,druginv,alcinvol,drugsts,drugres1,drugres2,drugres3,drugtst1,drugtst2,drugtst3,alcsts,alctst,alcres,nmact1,nmact2,nmact3,nmact4,nmact5,nmact6,nmprior1,nmprior2,nmprior3,nmprior4,nmprior5,nmprior6,nmcond1,nmcond2,nmcond3,nmcond4,nmcond5,nmcond6,nmsafe_helmet,nmsafe_pads,nmsafe_oth,nmprev_ref,nmprev_lgt,nmprev_oth,crashlocation,nmcrashtype,crosswalk,schoolzone,sidewalk,train_inv,wildlife_inv,rotr_fars,intersect_fars,dd_inv,aid_inv,dpd_inv,id_inv,mj_inv,impnm_inv,ainm_inv,dpnm_inv,speed_inv,unlic_inv,unendmc_inv,drowsy_inv,drdist_inv,nmdist_inv,fty_inv,unrestfat_inv,dr1617_inv,dr1820_inv,dr1620_inv,dr2125_inv,dr1625_inv,dr65_inv,dr70_inv,dr75_inv,mc_inv,pv_inv,ht_inv,ped_inv,bike_inv,unrest_fat,mc_fat,unhelmet_mc,pv_fat,ht_fat,ped_fat,bike_fat,dr_alc7,dr_alc8,dr_drug,dr_imp,dr_dist,dr_spd,dr_fty,dr_unlic,dr_alc7only,dr_alc8only,dr_drugonly,dr_drink,nm_imp,nm_alc7,nm_alc8,nm_drug,nm_dist,agegrp1,agegrp2,roadclass,urbrur,dayweek,restuse,vehtype,race_me,intersect,lanedep,oppdir,wrongway,rep_typ,investag,repag_long,rotr,st_rd,cty_rd,city_rd,oth_rd,drug_thc,thc_res,drug_cthc,cthc_res,drug_cann,prevpersemin,prevperse,prevsusoth,drugtst4,drugtst5,drugtst6,drugtst7,drugtst8,drugres4,drugres5,drugres6,drugres7,drugres8,adspresent,adsengaged,adslevel,race1,race2,race3,race4,race5,helmet,helmetmisuse,nmdistract1,nmdistract2,nmdistract3,nmdistract4,nmdistract5,nmdistract6,lab,isedtcase,crf1,crf2,crf3,CoRoadName,CoMP,IntCoRoadName,IntCoMP,crashzip,dcity,crashcity
1004,1024,1024,2018,147,E801942,8.0,2018-05-17,17:02,17,5,0.0,31,Jefferson,0,1,0.0,1,1,1,1,0,7,6,16:47,17:08,17:48,12,0,8,14.3,1,0,1,3,1,1,3,0,0,0,0,SR-104,,-122.6197722,47.857219444,0,3,98,62,4,40,14,0,0,1,5,12,1,1,2,1,1,2,1,53,0,23,401,2005,0,0.0,12,63.0,25.0,,,,1,1,65,1,0.0,0.0,0,0,3,0,11,0,,,,,0.0,0.0,0.0,3.0,1,0,0.0,0.0,0.0,96,,,,,,0,,,,,,98370,53,69.0,185.0,6.0,1.0,0.0,0.0,0.0,0.0,,0,,,,,,0,,,20,0,0,0,8.0,9,8,,,0,0.0,0.0,8,0,8.0,95.0,,,96.0,,,8,95,995.0,,,,,,,,,,,,,,,,,,,,,,,,,,,,,,0,0,0,0,0,0,1,1,0,0,0,0,0,0,0,0,1,0,0,0,0,0,0,0,0,1,0,0,0,1,1,0,0,0,0,,0,0,0,0,0,0,0,0,0,0,0,0,0,0,0,0,,,,,,61-65,56-65,State route,R,Thursday,Belt Used,PV,Not Fatal,0,0,0,1,State Route,State Patrol,Washington State Patrol Headquarter,0,1,0,0,0,,,,,,0.0,0.0,0.0,,,,,,,,,,,,,,,,,,,,,,,,,,,,,,,,,,,,98370,Poulsbo,Poulsbo
1005,1025,1025,2018,147,E801942,8.0,2018-05-17,17:02,17,5,0.0,31,Jefferson,0,1,0.0,1,1,1,1,0,7,6,16:47,17:08,17:48,12,0,8,14.3,1,0,1,3,1,1,3,0,0,0,0,SR-104,,-122.6197722,47.857219444,0,4,98,62,4,40,34,0,0,1,5,12,1,1,2,1,1,1,2,53,0,12,471,2005,0,0.0,12,12.0,,,,,1,1,65,2,7.0,1.0,4,7,3,0,11,0,05/17/2018,17:02,53022787.0,22787.0,0.0,0.0,0.0,3.0,1,0,0.0,0.0,0.0,96,,,,,,0,,,,,,98365,53,68.0,245.0,6.0,1.0,0.0,0.0,0.0,0.0,,0,,,,,,0,,,1,0,0,0,0.0,9,8,,,0,0.0,0.0,8,8,8.0,95.0,,,96.0,,,8,95,995.0,,,,,,,,,,,,,,,,,,,,,,,,,,,,,,0,0,0,0,0,0,1,1,0,0,0,0,0,0,0,0,1,0,0,0,0,0,0,0,0,1,0,0,0,1,1,0,0,0,0,,1,0,0,0,0,0,0,0,0,0,0,0,0,0,0,0,,,,,,61-65,56-65,State route,R,Thursday,Belt Used,PV,White,0,0,0,1,State Route,State Patrol,Washington State Patrol Headquarter,0,1,0,0,0,,,,,,0.0,0.0,0.0,,,,,,,,,,,,,,,,,,,,,,,,,,,,,,,,,,,,98370,Port Ludlow,Poulsbo
1006,1026,1026,2018,147,E801942,8.0,2018-05-17,17:02,17,5,0.0,31,Jefferson,0,1,0.0,1,1,1,1,0,7,6,16:47,17:08,17:48,12,0,8,14.3,1,0,1,3,1,1,3,0,0,0,0,SR-104,,-122.6197722,47.857219444,0,5,98,98,7,40,4,0,0,1,5,12,1,1,2,1,1,1,3,6,0,55,35,2018,0,0.0,12,12.0,,,,,1,1,64,2,0.0,0.0,0,0,3,0,11,0,,,,,0.0,0.0,3.0,3.0,1,0,0.0,0.0,0.0,96,,,,,,0,,,,,,77025,48,,999.0,6.0,1.0,0.0,0.0,0.0,0.0,,0,,,,,,0,,,8,0,0,0,8.0,9,8,,,0,0.0,0.0,8,0,8.0,95.0,,,96.0,,,8,95,995.0,,,,,,,,,,,,,,,,,,,,,,,,,,,,,,0,0,0,0,0,0,1,1,0,0,0,0,0,0,0,0,1,0,0,0,0,0,0,0,0,1,0,0,0,1,1,0,0,0,0,,0,0,0,0,0,0,0,0,0,0,0,0,0,0,0,0,,,,,,61-65,56-65,State route,R,Thursday,Belt Used,PV,Not Fatal,0,0,0,1,State Route,State Patrol,Washington State Patrol Headquarter,0,1,0,0,0,,,,,,0.0,0.0,0.0,,,,,,,,,,,,,,,,,,,,,,,,,,,,,,,,,,,,98370,Houston,Poulsbo
1007,1027,1027,2018,147,E801942,8.0,2018-05-17,17:02,17,5,0.0,31,Jefferson,0,1,0.0,1,1,1,1,0,7,6,16:47,17:08,17:48,12,0,8,14.3,1,0,1,3,1,1,3,0,0,0,0,SR-104,,-122.6197722,47.857219444,0,6,98,62,4,40,4,0,0,1,5,12,1,1,2,1,1,1,1,53,0,41,50,2017,0,0.0,12,,,,,,1,1,40,1,0.0,0.0,0,0,3,0,11,0,,,,,0.0,0.0,3.0,3.0,1,0,0.0,0.0,0.0,96,,,,,,0,,,,,,98357,53,72.0,260.0,6.0,1.0,0.0,0.0,0.0,1.0,,0,,,,,,0,10/15/2014,10/15/2014,99,0,0,0,8.0,9,8,,,0,0.0,0.0,8,0,0.0,0.0,,,0.0,,,0,0,996.0,,,,,,,,,,,,,,,,,,,,,,,,,,,,,,0,0,0,0,0,0,1,1,0,0,0,0,0,0,0,0,1,0,0,0,0,0,0,0,0,1,0,0,0,1,1,0,0,0,0,,0,0,0,0,0,0,0,0,0,0,0,0,0,0,0,0,,,,,,36-40,36-45,State route,R,Thursday,Belt Used,PV,Not Fatal,0,0,0,1,State Route,State Patrol,Washington State Patrol Headquarter,0,1,0,0,0,,,,,,0.0,0.0,0.0,,,,,,,,,,,,,,,,,,,,,,,,,,,,,,,,,,,,98370,Neah Bay,Poulsbo
1008,1028,1028,2018,148,E802094,169.0,2018-05-26,15:06,26,5,4.0,67,Thurston,1102,1,0.0,1,1,2,1,0,1,1,,,,1,0,0,0.0,1,0,1,3,2,4,6,0,0,0,0,MARTIN WAY E,,-122.7515694,47.059322222,0,1,98,98,7,40,80,0,0,1,7,1,1,1,5,5,1,1,1,53,0,77,706,2014,0,0.0,1,,,,,,1,1,51,1,7.0,1.0,4,7,19,0,11,0,05/26/2018,15:06,110253023738.0,23738.0,0.0,0.0,0.0,2.0,1,0,0.0,0.0,0.0,96,,,,,,99,,,,,,98513,53,69.0,180.0,1.0,1.0,0.0,0.0,1.0,5.0,,0,,,,,,0,02/15/2015,05/15/2018,20,8,0,0,0.0,9,8,,,0,0.0,0.0,8,9,2.0,401.0,417.0,,1.0,1.0,,2,1,0.0,,,,,,,,,,,,,,,,,,,,,,,,,,,,,,0,0,0,0,0,0,1,1,0,0,0,0,0,1,1,0,0,0,0,0,0,0,0,0,0,0,0,0,1,0,0,0,0,0,1,0.0,0,0,0,0,0,0,1,1,0,0,0,1,0,0,1,0,,,,,,51-55,46-55,City street,U,Saturday,,MC,White,0,0,0,0,City Street,Municipal/City Police,Lacey Police Department,0,0,0,1,0,,,,,,0.0,0.0,3.0,,,,,,,,,,,,,,,,,,,,,,,,,,,,,,,,,,,,98516,Olympia,Olympia
1009,1029,1029,2018,149,E802197,305.0,2018-05-11,22:19,11,5,0.0,11,Clark,2370,1,0.0,3,1,2,3,0,4,1,,,,38,0,0,0.0,1,0,1,4,2,4,6,0,0,0,0,E EVERGREEN BLVD,,-122.6373944,45.626013889,0,1,1,6,1,25,4,0,0,1,7,1,3,1,2,1,14,4,2,53,0,34,35,2000,0,0.0,63,38.0,1.0,31.0,43.0,42.0,1,1,24,1,7.0,58.0,4,7,20,0,11,0,05/11/2018,22:19,237053023174.0,23174.0,0.0,0.0,0.0,2.0,1,0,0.0,0.0,0.0,96,,,,,,99,,,,,,98661,53,,999.0,1.0,1.0,0.0,1.0,0.0,0.0,,0,,,,,,3,08/15/2015,11/15/2015,2,0,0,0,0.0,9,8,,,0,0.0,0.0,8,9,2.0,605.0,695.0,,1.0,1.0,,2,1,0.16,,,,,,,,,,,,,,,,,,,,,,,,,,,,,,0,0,1,0,1,1,1,1,1,0,0,0,1,1,0,0,0,0,0,1,0,0,0,1,1,0,0,0,0,1,0,0,0,1,0,,1,0,0,0,0,1,1,1,0,1,0,1,0,0,0,1,,,,,,21-25,16-25,City street,U,Friday,Not Used,PV,API,0,1,0,0,City Street,Municipal/City Police,Vancouver Police Department,1,0,0,1,0,thc,3.4,carboxy-thc,10.0,,0.0,0.0,1.0,,,,,,,,,,,,,,,,,,,,,,,,,,,,,,,,,,,,98661,Vancouver,Vancouver
1010,1030,1030,2018,150,E802640,40.0,2018-05-24,5:26,24,5,0.0,63,Spokane,0,10,0.0,9,99,2,1,0,1,1,,,,42,0,0,1.2,1,0,1,4,2,2,4,0,0,0,0,CR-WELLESLEY AVE,,-117.1275278,47.700408333,0,1,7,12,2,35,2,0,0,1,7,42,1,1,2,1,1,1,1,53,0,37,31,1999,0,0.0,68,64.0,42.0,38.0,,,1,1,56,2,7.0,1.0,4,7,20,0,11,0,05/24/2018,5:26,211353023386.0,23386.0,0.0,0.0,3.0,3.0,1,0,0.0,0.0,0.0,96,,,,,,99,,,,,,99206,53,65.0,128.0,6.0,1.0,0.0,0.0,0.0,0.0,,0,,,,,,0,,,20,0,0,0,0.0,9,8,,,0,0.0,0.0,8,9,2.0,155.0,189.0,402.0,1.0,1.0,1.0,2,1,0.18,,,,,,,,,,,,,,,,,,,,,,,,,,,,,,0,0,0,0,1,1,1,1,1,0,0,0,0,0,0,0,0,0,0,1,0,0,0,0,0,0,0,0,0,1,0,0,0,1,0,,1,0,0,0,0,1,1,1,0,0,0,0,0,0,0,1,,,,,,56-60,56-65,County road,U,Thursday,Not Used,PV,White,0,1,0,0,County Road,County Sheriff,Spokane County Sheriff's Office,1,0,1,0,0,thc,4.5,carboxy-thc,17.0,,0.0,0.0,0.0,1.0,1.0,1.0,,,407.0,605.0,695.0,996.0,,,,,,,,,,,,,,,,,,,,,,,,,,,99027,Spokane,Otis Orchards
1011,1031,1031,2018,151,E802895,1.0,2018-05-28,7:06,28,5,4.0,5,Benton,1850,1,0.0,1,1,1,1,0,4,2,,,,12,0,2,4.9,18,1,1,1,2,1,1,0,0,0,0,I-182,,-119.2836944,46.25905,0,1,50,54,3,98,5,0,0,1,2,12,1,1,3,3,1,1,1,53,0,7,25,2007,0,0.0,12,,,,,,1,1,29,1,0.0,0.0,2,0,3,0,11,0,,,,,0.0,0.0,0.0,2.0,1,51,0.0,0.0,0.0,96,,,,,,99,,,,,,99301,53,66.0,154.0,1.0,1.0,0.0,2.0,0.0,2.0,,1,,,,,,0,08/15/2013,08/15/2017,8,0,0,0,8.0,9,8,,,0,0.0,0.0,8,1,2.0,402.0,,,1.0,,,2,1,0.23,,,,,,,,,,,,,,,,,,,,,,,,,,,,,,0,0,0,0,1,1,1,1,0,0,0,0,0,1,0,0,0,0,0,0,0,0,0,0,0,0,0,0,0,1,0,0,0,0,0,,0,0,0,0,0,1,1,1,0,0,0,1,0,0,0,1,,,,,,26-30,26-35,Interstate,U,Monday,Belt Used,PV,Not Fatal,0,0,0,1,State Route,State Patrol,Washington State Patrol,0,1,0,0,0,,,,,,0.0,0.0,6.0,,,,,,,,,,,,,,,,,,,,,,,,,,,,,,,,,,,,99352,Pasco,Richland
1012,1032,1032,2018,151,E802895,1.0,2018-05-28,7:06,28,5,4.0,5,Benton,1850,1,0.0,1,1,1,1,0,4,2,,,,12,0,2,4.9,18,1,1,1,2,1,1,0,0,0,0,I-182,,-119.2836944,46.25905,0,2,51,54,3,70,3,0,0,1,2,12,1,1,3,3,1,3,1,53,0,12,13,1994,0,0.0,12,,,,,,1,1,55,1,7.0,1.0,4,7,3,0,11,0,05/28/2018,7:15,185053023948.0,23948.0,0.0,0.0,3.0,3.0,1,0,0.0,0.0,0.0,96,,,,,,0,,,,,,98901,53,64.0,230.0,6.0,1.0,0.0,0.0,0.0,0.0,,0,,,,,,0,,,1,0,0,0,0.0,9,8,,,0,0.0,0.0,8,0,2.0,1.0,,,1.0,,,2,1,0.0,,,,,,,,,,,,,,,,,,,,,,,,,,,,,,0,0,0,0,1,1,1,1,0,0,0,0,0,1,0,0,0,0,0,0,0,0,0,0,0,0,0,0,0,1,0,0,0,0,0,,1,0,0,0,0,0,0,0,0,0,0,0,0,0,0,0,,,,,,51-55,46-55,Interstate,U,Monday,Belt Used,PV,White,0,0,0,1,State Route,State Patrol,Washington State Patrol,0,1,0,0,0,,,,,,0.0,0.0,0.0,,,,,,,,,,,,,,,,,,,,,,,,,,,,,,,,,,,,99352,Yakima,Richland
1013,1033,1033,2018,152,E802773,250.0,2018-05-23,17:27,23,5,0.0,5,Benton,1850,1,0.0,1,1,2,1,0,2,2,,,,12,0,6,0.0,2,0,2,3,2,4,6,0,0,3,3,STEPTOE ST,CENTER PKWY,-119.2438722,46.212363889,0,1,68,15,2,35,34,1,0,1,7,12,1,2,2,2,11,1,1,53,0,7,482,2002,0,0.0,12,,,,,,1,1,40,1,0.0,0.0,0,0,3,0,11,0,,,,,6.0,1.0,0.0,3.0,1,38,0.0,0.0,0.0,96,,,,,,0,,,,,,99336,53,67.0,200.0,6.0,1.0,0.0,0.0,0.0,0.0,,97,,,,,,0,,,20,0,0,0,8.0,9,2,,,0,0.0,0.0,0,0,2.0,1.0,,,1.0,,,2,1,0.0,,,,,,,,,,,,,,,,,,,,,,,,,,,,,,0,0,0,1,0,0,0,0,0,0,0,0,0,0,0,0,0,0,1,0,0,0,0,1,1,0,0,0,1,1,0,0,0,0,0,,0,0,0,0,0,0,0,0,0,0,1,0,0,0,0,0,,,,,,36-40,36-45,City street,U,Wednesday,Belt Used,PV,Not Fatal,1,0,0,0,City Street,Municipal/City Police,Richland Police Department,0,0,0,1,0,,,,,,0.0,0.0,0.0,,,,,,,,,,,,,,,,,,,,,,,,,,,,,,,,,,,,99336,Kennewick,Kennewick
1014,1034,1034,2018,152,E802773,250.0,2018-05-23,17:27,23,5,0.0,5,Benton,1850,1,0.0,1,1,2,1,0,2,2,,,,12,0,6,0.0,2,0,2,3,2,4,6,0,0,3,3,STEPTOE ST,CENTER PKWY,-119.2438722,46.212363889,0,2,69,62,4,25,80,0,0,1,7,12,8,8,5,2,1,1,1,53,0,37,706,2008,0,0.0,12,,,,,,1,1,22,1,7.0,1.0,4,7,19,0,11,0,05/23/2018,17:27,185053023507.0,23507.0,0.0,0.0,0.0,3.0,1,0,0.0,0.0,0.0,96,,,,,,99,,,,,,99337,53,72.0,205.0,6.0,1.0,0.0,0.0,0.0,5.0,,0,,,,,,0,08/15/2014,11/15/2017,20,8,0,0,0.0,9,8,,,0,0.0,0.0,8,9,2.0,1.0,,,1.0,,,2,1,0.0,,,,,,,,,,,,,,,,,,,,,,,,,,,,,,0,0,0,1,0,0,0,0,0,0,0,0,0,0,0,0,0,0,1,0,0,0,0,1,1,0,0,0,1,1,0,0,0,0,1,0.0,0,0,0,0,0,0,0,0,0,0,0,0,0,0,0,0,,,,,,21-25,16-25,City street,U,Wednesday,,MC,White,1,0,0,0,City Street,Municipal/City Police,Richland Police Department,0,0,0,1,0,,,,,,0.0,0.0,0.0,,,,,,,,,,,,,,,,,,,,,,,,,,,,,,,,,,,,99336,Kennewick,Kennewick
1015,1035,1035,2018,153,E806043,199.0,2018-05-30,13:27,30,5,0.0,53,Pierce,1350,1,0.0,1,1,2,2,0,3,2,13:28,14:18,15:03,12,0,6,1.6,2,0,2,3,2,1,3,0,3,3,3,SR-99,PORTER WAY,-122.335375,47.251213889,0,1,88,17,2,45,66,1,0,1,7,12,1,1,5,5,1,1,3,53,0,87,884,2012,0,0.0,12,,,,,,1,1,38,1,0.0,0.0,1,0,1,0,11,5,,,,,6.0,1.0,0.0,3.0,1,39,0.0,0.0,0.0,5,,,,,,0,,,,,,98926,53,65.0,160.0,6.0,1.0,0.0,0.0,0.0,0.0,,97,,,,,,0,,,99,0,0,0,8.0,9,2,,,0,0.0,0.0,0,0,8.0,95.0,,,96.0,,,8,95,995.0,,,,,,,,,,,,,,,,,,,,,,,,,,,,,,0,0,0,1,0,0,0,0,0,0,0,0,0,0,0,0,1,0,0,0,0,0,0,0,0,1,1,1,0,1,1,0,0,0,0,,0,0,0,0,0,0,0,0,1,0,0,0,0,0,0,0,,,,,,36-40,36-45,State route,U,Wednesday,,MHTRUCK,Not Fatal,1,0,0,0,State Route,Municipal/City Police,Milton Police Department,0,1,0,0,0,,,,,,0.0,0.0,0.0,,,,,,,,,,,,,,,,,,,,,,,,,,,,,,,,,,,,98354,Ellensburg,Milton
1016,1036,1036,2018,153,E806043,199.0,2018-05-30,13:27,30,5,0.0,53,Pierce,1350,1,0.0,1,1,2,2,0,3,2,13:28,14:18,15:03,12,0,6,1.6,2,0,2,3,2,1,3,0,3,3,3,SR-99,PORTER WAY,-122.335375,47.251213889,0,2,89,66,4,25,14,0,0,1,7,12,8,8,2,2,1,2,1,53,0,37,402,2014,0,0.0,12,,,,,,1,1,86,1,7.0,1.0,4,0,1,0,11,4,05/30/2018,14:33,223053024572.0,24572.0,0.0,0.0,3.0,3.0,1,0,0.0,0.0,0.0,0,,,,,,0,,,,,,98333,53,70.0,200.0,6.0,1.0,0.0,0.0,1.0,0.0,,0,,,,,,0,02/15/2014,02/15/2014,8,0,0,0,0.0,9,8,,,0,0.0,0.0,8,0,2.0,1.0,,,1.0,,,2,1,0.0,,,,,,,,,,,,,,,,,,,,,,,,,,,,,,0,0,0,1,0,0,0,0,0,0,0,0,0,0,0,0,1,0,0,0,0,0,0,0,0,1,1,1,0,1,1,0,0,0,0,,1,0,0,0,0,0,0,0,0,0,0,0,0,0,0,0,,,,,,81+,76+,State route,U,Wednesday,Belt Used,PV,White,1,0,0,0,State Route,Municipal/City Police,Milton Police Department,0,1,0,0,0,,,,,,0.0,0.0,0.0,,,,,,,,,,,,,,,,,,,,,,,,,,,,,,,,,,,,98354,Fox Island,Milton
1017,1037,1037,2018,154,E803360,4.0,2018-05-26,12:17,26,5,4.0,43,Lincoln,0,1,0.0,1,1,2,1,0,1,1,,,,24,0,0,99.3,1,0,1,3,1,1,3,0,0,0,0,SR-21,,-118.7230972,47.860997222,0,1,6,12,2,30,80,0,0,1,7,24,2,2,2,1,14,1,1,16,0,76,706,2002,0,0.0,68,64.0,24.0,,,,1,1,75,1,7.0,1.0,4,7,19,0,11,0,05/26/2018,12:17,53024358.0,24358.0,0.0,0.0,0.0,3.0,1,0,0.0,0.0,0.0,96,,,,,,0,,,,,,83854,16,71.0,161.0,6.0,1.0,0.0,0.0,0.0,0.0,,0,,,,,,0,,,20,8,0,0,0.0,9,8,,,0,0.0,0.0,8,0,8.0,95.0,,,96.0,,,8,95,995.0,,,,,,,,,,,,,,,,,,,,,,,,,,,,,,0,0,1,0,0,0,0,0,0,0,0,0,0,0,0,0,0,0,0,0,0,0,0,0,0,1,1,1,1,0,0,0,0,0,1,0.0,0,0,0,0,0,0,0,0,0,0,0,0,0,0,0,0,,,,,,71-75,66-75,State route,R,Saturday,,MC,White,0,1,0,0,State Route,State Patrol,Washington State Patrol Headquarter,1,1,0,0,0,,,,,,0.0,0.0,0.0,,,,,,,,,,,,,,,,,,,,,,,,,,,,,,,,,,,,99185,Post Falls,Wilbur
1018,1038,1038,2018,155,E803559,150.0,2018-05-31,1:50,31,5,0.0,27,Grays Harbor,930,1,0.0,3,1,2,1,0,1,1,,,,38,0,0,0.0,3,0,10,4,2,4,6,0,0,0,0,BAY AVE,22ND ST,-123.8727222,46.972575,0,1,14,14,2,30,4,0,0,1,7,38,1,1,2,1,1,1,2,53,0,20,2,2004,0,0.0,71,38.0,,,,,1,1,45,1,7.0,1.0,4,7,3,0,11,0,05/31/2018,1:50,93053024412.0,24412.0,0.0,0.0,3.0,3.0,1,0,0.0,0.0,0.0,92,,,,,,99,,,,,,98550,53,65.0,190.0,6.0,1.0,0.0,4.0,5.0,8.0,,0,,,,,,0,12/15/2013,04/15/2018,1,0,0,0,0.0,9,8,,,0,0.0,0.0,8,9,2.0,401.0,417.0,,1.0,1.0,,2,1,0.0,,,,,,,,,,,,,,,,,,,,,,,,,,,,,,0,0,0,1,0,0,1,1,0,0,0,0,0,0,0,0,1,0,0,0,0,0,0,0,0,0,0,0,0,1,0,0,0,0,0,,1,0,0,0,0,0,1,1,1,0,0,0,0,0,1,0,,,,,,41-45,36-45,City street,U,Thursday,Belt Used,PV,White,0,1,0,0,City Street,Municipal/City Police,Hoquiam Police Department,1,0,0,1,0,,,,,,0.0,0.0,3.0,,,,,,,,,,,,,,,,,,,,,,,,,,,,,,,,,,,,98550,Hoquiam,Hoquiam
1019,1039,1039,2018,156,E797175,173.0,2018-05-12,14:45,12,5,0.0,53,Pierce,1124,1,0.0,1,1,2,1,1,1,1,,,,8,0,0,0.0,3,0,2,4,2,4,6,0,0,20,3,150TH ST SW,WOODBROOK DR SW,-122.5261222,47.12125,0,1,13,80,5,35,4,0,0,1,7,8,1,1,2,2,10,1,1,53,0,37,31,1998,0,0.0,8,,,,,,1,1,70,1,0.0,0.0,0,0,3,0,11,0,,,,,0.0,0.0,0.0,3.0,1,0,0.0,0.0,0.0,92,,,,,,0,,,,,,98499,53,70.0,140.0,6.0,1.0,0.0,0.0,0.0,0.0,,97,,,,,,0,,,20,0,0,0,8.0,9,8,,,0,0.0,0.0,8,0,8.0,95.0,,,96.0,,,8,95,995.0,,,,,,,,,,,,,,,,,,,,,,,,,,,,,,0,0,0,1,0,0,0,0,0,0,0,0,0,0,0,0,1,0,0,0,0,0,0,0,0,1,1,0,0,1,0,1,0,0,0,,0,0,0,0,0,0,0,0,1,0,0,0,0,0,0,0,,,,,,66-70,66-75,City street,U,Saturday,Belt Used,PV,Not Fatal,1,0,0,0,City Street,Municipal/City Police,Lakewood Police Department,0,0,0,1,0,,,,,,0.0,0.0,0.0,,,,,,,,,,,,,,,,,,,,,,,,,,,,,,,,,,,,98439,Lakewood,Lakewood
1020,1040,1040,2018,157,E800090,290.0,2018-05-21,11:50,21,5,0.0,53,Pierce,2230,1,0.0,1,1,2,1,0,2,2,,,,12,0,6,0.0,2,0,2,3,1,4,6,0,3,0,0,E 26TH,PORTLAND AVE,-122.4108778,47.240566667,0,1,88,17,2,35,34,0,0,1,5,12,1,1,8,2,1,1,1,53,0,12,481,2012,0,0.0,12,,,,,,1,1,64,1,0.0,0.0,0,0,3,0,11,0,,,,,0.0,0.0,0.0,3.0,1,38,0.0,0.0,0.0,96,,,,,,0,,,,,,98466,53,69.0,185.0,6.0,1.0,0.0,0.0,1.0,1.0,,46,,,,,,0,09/15/2014,05/15/2016,1,0,0,0,8.0,9,8,,,0,0.0,0.0,8,0,8.0,95.0,,,96.0,,,8,95,995.0,,,,,,,,,,,,,,,,,,,,,,,,,,,,,,0,0,0,1,0,0,0,0,0,0,0,0,0,0,0,0,0,0,1,0,0,0,0,0,0,1,1,1,0,1,0,0,0,0,0,,0,0,0,0,0,0,0,0,0,0,1,0,0,0,0,0,,,,,,61-65,56-65,City street,R,Monday,Belt Used,PV,Not Fatal,1,0,0,0,City Street,Municipal/City Police,Tacoma Police Department,0,0,0,1,0,,,,,,0.0,0.0,0.0,,,,,,,,,,,,,,,,,,,,,,,,,,,,,,,,,,,,98421,Tacoma,Tacoma
1021,1041,1041,2018,157,E800090,290.0,2018-05-21,11:50,21,5,0.0,53,Pierce,2230,1,0.0,1,1,2,1,0,2,2,,,,12,0,6,0.0,2,0,2,3,1,4,6,0,3,0,0,E 26TH,PORTLAND AVE,-122.4108778,47.240566667,0,2,89,66,4,35,6,0,0,1,5,12,8,8,6,5,1,1,1,53,0,12,24,2008,0,0.0,12,,,,,,1,1,75,2,7.0,1.0,4,0,3,0,11,4,06/02/2018,14:30,223053025586.0,25586.0,0.0,0.0,3.0,3.0,1,0,0.0,0.0,0.0,96,,,,,,0,,,,,,98409,53,68.0,175.0,6.0,1.0,0.0,0.0,0.0,0.0,,0,,,,,,0,,,1,0,0,0,0.0,9,8,,,0,0.0,0.0,8,0,8.0,95.0,,,96.0,,,8,95,995.0,,,,,,,,,,,,,,,,,,,,,,,,,,,,,,0,0,0,1,0,0,0,0,0,0,0,0,0,0,0,0,0,0,1,0,0,0,0,0,0,1,1,1,0,1,0,0,0,0,0,,1,0,0,0,0,0,0,0,0,0,0,0,0,0,0,0,,,,,,71-75,66-75,City street,R,Monday,Belt Used,PV,White,1,0,0,0,City Street,Municipal/City Police,Tacoma Police Department,0,0,0,1,0,,,,,,0.0,0.0,0.0,,,,,,,,,,,,,,,,,,,,,,,,,,,,,,,,,,,,98421,Tacoma,Tacoma
1022,1042,1042,2018,158,E806457,2.0,2018-06-01,22:48,1,6,0.0,57,Skagit,0,1,0.0,2,1,2,2,0,4,1,22:45,22:54,23:28,43,0,0,58.5,1,0,1,4,1,1,3,0,0,0,0,SR-9,,-122.2245111,48.570472222,0,1,7,6,1,50,15,0,0,1,2,39,1,1,2,1,1,4,2,53,0,23,421,2003,0,0.0,68,64.0,43.0,39.0,,,1,1,30,1,7.0,2.0,4,7,20,0,11,0,06/01/2018,22:48,197053024967.0,24967.0,0.0,0.0,3.0,2.0,1,0,0.0,0.0,0.0,96,,,,,,9,,,,,,98284,53,69.0,290.0,1.0,1.0,0.0,0.0,1.0,2.0,,0,,,,,,4,09/15/2014,04/15/2018,8,0,0,0,0.0,1,8,,,0,0.0,0.0,8,1,2.0,996.0,,,1.0,,,2,1,0.15,,,,,,,,,,,,,,,,,,,,,,,,,,,,,,0,0,0,0,1,1,1,1,0,0,0,0,1,1,0,0,0,0,0,1,0,0,0,0,0,0,0,0,0,1,0,0,0,1,0,,1,0,0,0,0,1,1,1,0,1,0,1,0,0,0,1,,,,,,26-30,26-35,State route,R,Friday,Not Used,PV,Black,0,1,0,0,State Route,State Patrol,Washington State Patrol,1,1,0,0,0,,,,,,0.0,0.0,2.0,,,,,,,,,,,,,,,,,,,,,,,,,,,,,,,,,,,,98284,Sedro Woolley,Sedro Woolley