,index,Unnamed: 0,year,case,par,repjur,crash_dt,crash_tm,accday,accmon,holiday,county,co_char,city,weather,weather2,lightcond,surfcond,surftype,numfatal,nmforms,pforms,vforms,not_tm,arr_tm,hosp_tm,fhevent,hitrun,manncol,milepnt,reljunc,reljuncinter,intersectiontype,funcsystem,landuse,ownership,route,schlbus,spejur,contdev,devfunc,trafid1,trafid2,lon,lat,wk_zone,vnumber,crashtype,criticalevent,criticaleventcat,spdlim,body,trailer,emerg,hazcargo,leave,mhevent,roadalgn,roadprof,traflane,trafflow,vehmanvr,numoccs,regowner,regstate,spuse,make,model,modelyr,vrf1,vrf2,seqevent1,seqevent2,seqevent3,seqevent4,seqevent5,seqevent6,pnumber,ptype,age,sex,hispanic,race,injury,diedscene,restraint,restraintmisuse,seatpos,takehosp,death_dt,death_tm,cert,cernum_wa,commlic,licendor,licrestrict,liccomp,drivpres,drf1,drf2,drf3,drf4,distract1,distract2,distract3,distract4,distract5,distract6,dricond1,dricond2,dricond3,dricond4,dricond5,dricond6,dzip,licstate,drhgt_in,weight,noncdl,noncdltype,prevdwi,prevoth,prevacc,prevspd,prevsus,driviol1,driviol2,driviol3,driviol4,driviol5,driviol6,spdrel,first_dt,last_dt,airbag,ejection,ejectpath,extricat,injurwrk,methalc,methdrug,nmlocat,strikveh,prf1,prf2,prf3,druginv,alcinvol,drugsts,drugres1,drugres2,drugres3,drugtst1,drugtst2,drugtst3,alcsts,alctst,alcres,nmact1,nmact2,nmact3,nmact4,nmact5,nmact6,nmprior1,nmprior2,nmprior3,nmprior4,nmprior5,nmprior6,nmcond1,nmcond2,nmcond3,nmcond4,nmcond5,nmcond6,nmsafe_helmet,nmsafe_pads,nmsafe_oth,nmprev_ref,nmprev_lgt,nmprev_oth,crashlocation,nmcrashtype,crosswalk,schoolzone,sidewalk,train_inv,wildlife_inv,rotr_fars,intersect_fars,dd_inv,aid_inv,dpd_inv,id_inv,mj_inv,impnm_inv,ainm_inv,dpnm_inv,speed_inv,unlic_inv,unendmc_inv,drowsy_inv,drdist_inv,nmdist_inv,fty_inv,unrestfat_inv,dr1617_inv,dr1820_inv,dr1620_inv,dr2125_inv,dr1625_inv,dr65_inv,dr70_inv,dr75_inv,mc_inv,pv_inv,ht_inv,ped_inv,bike_inv,unrest_fat,mc_fat,unhelmet_mc,pv_fat,ht_fat,ped_fat,bike_fat,dr_alc7,dr_alc8,dr_drug,dr_imp,dr_dist,dr_spd,dr_fty,dr_unlic,dr_alc7only,dr_alc8only,dr_drugonly,dr_drink,nm_imp,nm_alc7,nm_alc8,nm_drug,nm_dist,agegrp1,agegrp2,roadclass,urbrur,dayweek,restuse,vehtype,race_me,intersect,lanedep,oppdir,wrongway,rep_typ,investag,repag_long,rotr,st_rd,cty_rd,city_rd,oth_rd,drug_thc,thc_res,drug_cthc,cthc_res,drug_cann,prevpersemin,prevperse,prevsusoth,drugtst4,drugtst5,drugtst6,drugtst7,drugtst8,drugres4,drugres5,drugres6,drugres7,drugres8,adspresent,adsengaged,adslevel,race1,race2,race3,race4,race5,helmet,helmetmisuse,nmdistract1,nmdistract2,nmdistract3,nmdistract4,nmdistract5,nmdistract6,lab,isedtcase,crf1,crf2,crf3,CoRoadName,CoMP,IntCoRoadName,IntCoMP,crashzip,dcity,crashcity
1041,1061,1061,2018,170,E804742,238.0,2018-06-04,8:30,4,6,0.0,53,Pierce,1770,1,0.0,1,1,2,1,0,3,3,,,,12,0,8,5.0,1,0,1,3,2,1,3,0,3,0,0,SR-167,,-122.3156472,47.205136111,0,3,98,62,4,45,20,0,0,1,5,12,1,1,5,5,1,1,1,53,0,37,441,2000,0,0.0,12,,,,,,1,1,35,2,0.0,0.0,1,0,3,0,11,8,,,,,0.0,0.0,0.0,2.0,1,0,0.0,0.0,0.0,96,,,,,,99,,,,,,98404,53,61.0,180.0,1.0,1.0,0.0,0.0,0.0,1.0,,97,,,,,,0,06/15/2013,07/15/2016,8,0,0,0,8.0,9,8,,,0,0.0,0.0,8,9,8.0,95.0,,,96.0,,,8,95,995.0,,,,,,,,,,,,,,,,,,,,,,,,,,,,,,0,0,0,0,0,0,1,1,0,0,0,0,0,1,0,0,0,0,0,0,0,0,0,0,0,0,0,0,0,1,0,0,0,0,0,,0,0,0,0,0,0,0,0,0,0,0,1,0,0,0,0,,,,,,31-35,26-35,State route,U,Monday,Belt Used,PV,Not Fatal,0,0,0,0,State Route,Municipal/City Police,Puyallup Police Department,0,1,0,0,0,,,,,,0.0,0.0,3.0,,,,,,,,,,,,,,,,,,,,,,,,,,,,,,,,,,,,98371,Tacoma,Puyallup
1042,1062,1062,2018,171,E805001,278.0,2018-06-04,12:57,4,6,0.0,63,Spokane,2110,1,0.0,1,1,2,1,1,1,1,,,,8,0,0,0.5,3,0,2,3,2,1,2,0,0,2,3,US-2 CO BROWNE,S BROWNE,-117.4134389,47.654566667,0,1,13,80,5,30,21,0,0,1,5,8,1,1,3,4,11,1,3,16,0,35,461,2017,0,0.0,8,,,,,,1,1,41,2,0.0,0.0,0,0,3,0,11,0,,,,,0.0,0.0,0.0,3.0,1,38,0.0,0.0,0.0,96,,,,,,99,,,,,,83854,16,65.0,120.0,6.0,1.0,1.0,0.0,0.0,1.0,,97,,,,,,0,01/15/2014,08/15/2016,20,0,0,0,8.0,9,8,,,0,0.0,0.0,8,9,8.0,95.0,,,96.0,,,8,95,995.0,,,,,,,,,,,,,,,,,,,,,,,,,,,,,,0,0,0,1,0,0,0,0,0,0,0,0,0,0,0,0,0,0,1,0,0,0,0,0,0,0,0,0,0,1,0,1,0,0,0,,0,0,0,0,0,0,0,0,0,0,1,0,0,0,0,0,,,,,,41-45,36-45,US highway,U,Monday,Belt Used,PV,Not Fatal,1,0,0,0,State Route,Municipal/City Police,Spokane Police Department,0,1,0,0,0,,,,,,0.0,0.0,0.0,,,,,,,,,,,,,,,,,,,,,,,,,,,,,,,,,,,,99201,Post Falls,Spokane
1043,1063,1063,2018,172,E807140,35.0,2018-06-09,16:20,9,6,0.0,53,Pierce,0,1,0.0,1,1,2,1,0,3,2,,,,12,0,6,1.1,1,0,1,5,1,2,4,0,0,0,0,CR-NISQUALLY RD SW,,-122.6951056,47.071144444,0,1,66,6,1,40,8,0,0,1,5,12,2,1,2,1,14,1,1,53,0,48,38,2014,0,0.0,68,12.0,,,,,1,1,29,1,7.0,1.0,4,7,99,0,11,0,06/09/2018,16:20,53953025836.0,25836.0,0.0,0.0,0.0,3.0,1,28,0.0,0.0,0.0,96,,,,,,9,,,,,,98391,53,71.0,185.0,6.0,1.0,0.0,0.0,0.0,2.0,,0,,,,,,3,11/15/2015,02/15/2017,99,0,0,0,0.0,1,8,,,0,0.0,0.0,8,1,2.0,605.0,695.0,,1.0,1.0,,2,1,0.077,,,,,,,,,,,,,,,,,,,,,,,,,,,,,,0,0,0,0,1,0,1,1,1,0,0,0,1,0,0,0,0,0,0,0,0,0,0,0,0,1,0,0,0,1,0,0,0,0,0,,1,0,0,0,1,0,1,1,0,1,0,0,0,0,0,1,,,,,,26-30,26-35,County road,R,Saturday,Unknown,PV,White,0,1,1,0,County Road,County Sheriff,Law Enforcement Support Agency,0,0,1,0,0,thc,25.0,carboxy-thc,79.0,,0.0,0.0,0.0,,,,,,,,,,,,,,,,,,,,,,,,,,,,,,,,,,,,98433,Bonney Lake,Tacoma
1044,1064,1064,2018,172,E807140,35.0,2018-06-09,16:20,9,6,0.0,53,Pierce,0,1,0.0,1,1,2,1,0,3,2,,,,12,0,6,1.1,1,0,1,5,1,2,4,0,0,0,0,CR-NISQUALLY RD SW,,-122.6951056,47.071144444,0,2,66,62,4,40,15,0,0,1,5,12,8,8,2,1,1,2,3,53,0,20,421,2013,0,0.0,12,,,,,,1,1,65,1,0.0,0.0,0,0,3,0,11,0,,,,,0.0,0.0,3.0,3.0,1,0,0.0,0.0,0.0,96,,,,,,0,,,,,,98513,53,76.0,230.0,6.0,1.0,0.0,1.0,1.0,0.0,,0,,,,,,0,03/15/2015,09/15/2017,1,0,0,0,8.0,9,8,,,0,0.0,0.0,8,0,8.0,95.0,,,96.0,,,8,95,995.0,,,,,,,,,,,,,,,,,,,,,,,,,,,,,,0,0,0,0,1,0,1,1,1,0,0,0,1,0,0,0,0,0,0,0,0,0,0,0,0,1,0,0,0,1,0,0,0,0,0,,0,0,0,0,0,0,0,0,0,0,0,0,0,0,0,0,,,,,,61-65,56-65,County road,R,Saturday,Belt Used,PV,Not Fatal,0,1,1,0,County Road,County Sheriff,Law Enforcement Support Agency,0,0,1,0,0,,,,,,0.0,0.0,0.0,,,,,,,,,,,,,,,,,,,,,,,,,,,,,,,,,,,,98433,Olympia,Tacoma
1045,1065,1065,2018,173,E807878,2.0,2018-06-10,21:40,10,6,0.0,73,Whatcom,0,1,0.0,2,1,1,1,0,1,1,,,,34,0,0,0.6,1,0,1,6,1,2,4,0,0,0,0,CR-GOODWIN RD,,-122.2877667,48.920608333,0,1,6,12,2,35,14,0,0,1,7,34,1,1,2,1,1,1,1,53,0,3,402,2006,0,0.0,68,64.0,34.0,,,,1,1,30,1,7.0,1.0,4,7,20,0,11,0,06/10/2018,21:40,53026192.0,26192.0,0.0,0.0,0.0,3.0,1,0,0.0,0.0,0.0,96,,,,,,99,,,,,,98247,53,72.0,275.0,6.0,1.0,0.0,1.0,1.0,1.0,,0,,,,,,0,01/15/2015,09/15/2017,20,0,0,0,0.0,9,8,,,0,0.0,0.0,8,9,2.0,151.0,996.0,996.0,1.0,1.0,1.0,2,1,0.0,,,,,,,,,,,,,,,,,,,,,,,,,,,,,,0,0,1,0,0,0,1,1,0,0,0,0,0,0,0,0,0,0,0,1,0,0,0,0,0,0,0,0,0,1,0,0,0,1,0,,1,0,0,0,0,0,1,1,0,0,0,0,0,0,1,0,,,,,,26-30,26-35,County road,R,Sunday,Not Used,PV,White,0,1,0,0,County Road,State Patrol,Washington State Patrol,1,0,1,0,0,,,,,,0.0,0.0,0.0,1.0,,,,,996.0,,,,,,,,,,,,,,,,,,,,,,,,,,,,,,98247,Everson,Everson
1046,1066,1066,2018,174,E807920,25.0,2018-06-10,0:28,10,6,0.0,33,King,0,1,0.0,2,1,2,1,0,1,1,,,,24,0,0,5.2,1,0,1,4,2,2,4,0,0,0,0,CR-KENT BLACK DIAMOND RD,,-122.0996111,47.315761111,0,1,6,12,2,98,14,0,0,1,7,24,1,2,2,1,1,1,1,53,0,48,403,2018,0,0.0,68,64.0,24.0,42.0,,,1,1,26,1,1.0,1.0,4,7,3,0,11,0,06/10/2018,0:45,14653026033.0,26033.0,0.0,0.0,3.0,3.0,1,0,0.0,0.0,0.0,96,,,,,,9,,,,,,98042,53,64.0,168.0,6.0,1.0,0.0,0.0,0.0,0.0,,0,,,,,,0,,,8,0,0,0,0.0,1,8,,,0,0.0,0.0,8,1,2.0,1.0,,,1.0,,,2,1,0.2,,,,,,,,,,,,,,,,,,,,,,,,,,,,,,0,0,1,0,1,1,0,1,0,0,0,0,0,0,0,0,0,0,0,0,0,0,0,0,0,0,0,0,0,1,0,0,0,0,0,,1,0,0,0,0,1,0,1,0,0,0,0,0,1,0,1,,,,,,26-30,26-35,County road,U,Sunday,Belt Used,PV,Hispanic,0,1,0,0,County Road,County Sheriff,King County Police,1,0,1,0,0,,,,,,0.0,0.0,0.0,,,,,,,,,,,,,,,,,,,,,,,,,,,,,,,,,,,,98092,Kent,Auburn
1047,1067,1067,2018,175,E809027,5.0,2018-06-11,23:57,11,6,0.0,11,Clark,240,1,0.0,2,1,2,1,1,1,1,,,,8,0,0,10.7,1,0,1,3,2,1,3,0,0,0,0,SR-14,,-122.4634611,45.583066667,0,1,13,80,5,60,5,0,0,1,2,8,1,1,2,3,1,1,1,53,0,49,46,2015,0,0.0,8,,,,,,1,1,54,1,0.0,0.0,2,0,3,0,11,8,,,,,0.0,0.0,0.0,3.0,1,0,0.0,0.0,0.0,96,,,,,,0,,,,,,98671,53,68.0,170.0,6.0,1.0,0.0,0.0,1.0,0.0,,0,,,,,,0,11/15/2014,11/15/2014,8,0,0,0,8.0,9,2,,,0,0.0,0.0,0,0,8.0,95.0,,,96.0,,,8,95,995.0,,,,,,,,,,,,,,,,,,,,,,,,,,,,,,0,0,0,0,0,0,0,0,0,1,0,1,0,0,0,0,0,0,0,0,0,0,0,0,0,0,0,0,0,1,0,1,0,0,0,,0,0,0,0,0,0,0,0,0,0,0,0,0,0,0,0,,,,,,51-55,46-55,State route,U,Monday,Belt Used,PV,Not Fatal,0,0,0,0,State Route,State Patrol,Washington State Patrol,0,1,0,0,0,,,,,,0.0,0.0,0.0,,,,,,,,,,,,,,,,,,,,,,,,,,,,,,,,,,,,98607,Washougal,Camas
1048,1068,1068,2018,176,E810649,6.0,2018-06-12,18:00,12,6,0.0,7,Chelan,0,1,0.0,9,99,2,1,0,1,1,,,,18,0,0,159.0,1,0,1,3,1,1,3,0,0,0,0,SR-20,,-120.705575,48.501322222,0,1,1,13,2,60,80,0,0,1,2,18,3,2,2,1,14,1,1,53,0,34,706,2010,0,0.0,63,18.0,,,,,1,1,60,1,7.0,1.0,4,7,5,0,11,0,06/12/2018,18:00,53027354.0,27354.0,0.0,0.0,3.0,3.0,1,0,0.0,0.0,0.0,96,,,,,,99,,,,,,98201,53,74.0,180.0,6.0,1.0,0.0,0.0,0.0,0.0,,0,,,,,,0,,,20,8,0,0,0.0,9,8,,,0,0.0,0.0,8,9,2.0,1.0,,,1.0,,,2,1,0.0,,,,,,,,,,,,,,,,,,,,,,,,,,,,,,0,0,1,0,0,0,0,0,0,0,0,0,0,0,0,0,0,0,0,0,0,0,0,0,0,0,0,0,1,0,0,0,0,0,1,0.0,0,0,0,0,0,0,0,0,0,0,0,0,0,0,0,0,,,,,,56-60,56-65,State route,R,Tuesday,,MC,White,0,1,0,0,State Route,State Patrol,Washington State Patrol,1,1,0,0,0,,,,,,0.0,0.0,0.0,,,,,,,,,,,,,,,,,,,,,,,,,,,,,,,,,,,,98852,Everett,Stehekin
1049,1069,1069,2018,177,E808702,1.0,2018-06-14,9:15,14,6,0.0,13,Columbia,0,1,0.0,1,1,2,2,0,5,3,9:16,9:26,9:55,12,0,2,357.3,1,0,1,3,1,1,2,0,0,0,0,US-12,,-118.1018583,46.288052778,0,1,50,10,2,60,6,0,0,1,2,12,2,1,2,1,14,2,1,53,0,2,1,2008,0,0.0,68,12.0,60.0,54.0,,,1,1,42,2,7.0,1.0,4,7,3,0,11,0,06/14/2018,9:15,53026819.0,26819.0,0.0,0.0,3.0,3.0,1,28,0.0,0.0,0.0,96,,,,,,9,,,,,,99361,53,66.0,250.0,6.0,1.0,0.0,0.0,1.0,0.0,,0,,,,,,0,06/15/2014,06/15/2014,1,0,0,0,0.0,1,8,,,0,0.0,0.0,8,1,2.0,401.0,605.0,695.0,1.0,1.0,1.0,2,1,0.013,,,,,,,,,,,,,,,,,,,,,,,,,,,,,,0,0,0,0,1,0,1,1,1,0,0,0,0,0,0,0,0,0,0,0,0,0,0,0,0,1,0,0,1,1,0,0,0,0,0,,1,0,0,0,1,0,1,1,0,0,0,0,0,0,0,1,,,,,,41-45,36-45,US highway,R,Thursday,Belt Used,PV,White,0,1,1,0,State Route,State Patrol,Washington State Patrol,0,1,0,0,0,thc,34.0,carboxy-thc,38.0,,0.0,0.0,0.0,1.0,1.0,,,,996.0,996.0,,,,,,,,,,,,,,,,,,,,,,,,,,,,,99328,Waitsburg,Dayton
1050,1070,1070,2018,177,E808702,1.0,2018-06-14,9:15,14,6,0.0,13,Columbia,0,1,0.0,1,1,2,2,0,5,3,9:16,9:26,9:55,12,0,2,357.3,1,0,1,3,1,1,2,0,0,0,0,US-12,,-118.1018583,46.288052778,0,2,51,10,2,60,4,0,0,1,2,12,3,1,2,1,14,1,1,41,0,20,2,2004,0,0.0,68,12.0,,,,,1,1,69,2,7.0,1.0,4,7,3,0,11,0,06/14/2018,9:15,53026818.0,26818.0,0.0,0.0,0.0,3.0,1,28,0.0,0.0,0.0,96,,,,,,99,,,,,,97487,41,69.0,180.0,6.0,1.0,0.0,0.0,0.0,0.0,,0,,,,,,0,,,1,0,0,0,0.0,9,8,,,0,0.0,0.0,8,9,2.0,996.0,,,1.0,,,2,1,0.0,,,,,,,,,,,,,,,,,,,,,,,,,,,,,,0,0,0,0,1,0,1,1,1,0,0,0,0,0,0,0,0,0,0,0,0,0,0,0,0,1,0,0,1,1,0,0,0,0,0,,1,0,0,0,0,0,1,1,0,0,0,0,0,0,1,0,,,,,,66-70,66-75,US highway,R,Thursday,Belt Used,PV,White,0,1,1,0,State Route,State Patrol,Washington State Patrol,0,1,0,0,0,,,,,,0.0,0.0,0.0,,,,,,,,,,,,,,,,,,,,,,,,,,,,,,,,,,,,99328,Veneta,Dayton
1051,1071,1071,2018,177,E808702,1.0,2018-06-14,9:15,14,6,0.0,13,Columbia,0,1,0.0,1,1,2,2,0,5,3,9:16,9:26,9:55,12,0,2,357.3,1,0,1,3,1,1,2,0,0,0,0,US-12,,-118.1018583,46.288052778,0,3,98,98,7,60,80,0,0,1,7,54,3,1,2,1,14,2,1,53,0,72,706,2010,0,0.0,54,,,,,,1,1,53,1,0.0,0.0,1,0,5,0,11,0,,,,,6.0,0.0,0.0,3.0,1,0,0.0,0.0,0.0,96,,,,,,0,,,,,,64759,29,74.0,235.0,6.0,1.0,0.0,0.0,0.0,0.0,,0,,,,,,0,,,20,8,0,0,8.0,9,8,,,0,0.0,0.0,8,0,8.0,95.0,,,96.0,,,8,95,995.0,,,,,,,,,,,,,,,,,,,,,,,,,,,,,,0,0,0,0,1,0,1,1,1,0,0,0,0,0,0,0,0,0,0,0,0,0,0,0,0,1,0,0,1,1,0,0,0,0,0,0.0,0,0,0,0,0,0,0,0,0,0,0,0,0,0,0,0,,,,,,51-55,46-55,US highway,R,Thursday,,MC,Not Fatal,0,1,1,0,State Route,State Patrol,Washington State Patrol,0,1,0,0,0,,,,,,0.0,0.0,0.0,,,,,,,,,,,,,,,,,,,,,,,,,,,,,,,,,,,,99328,Lamar,Dayton
1052,1072,1072,2018,178,E808823,42.0,2018-06-16,15:56,16,6,0.0,67,Thurston,0,1,0.0,1,1,2,1,0,1,1,,,,1,0,0,0.9,1,0,1,5,1,2,4,0,0,0,0,CR-SPURGEON CREEK RD SE,,-122.7677583,46.955275,0,1,2,13,2,50,80,0,0,1,7,1,2,2,2,1,14,1,1,53,0,76,705,2011,0,0.0,63,1.0,18.0,30.0,,,1,1,36,1,1.0,1.0,4,0,19,0,11,4,06/16/2018,18:54,159053027348.0,27348.0,0.0,0.0,0.0,3.0,1,0,0.0,0.0,0.0,96,,,,,,99,,,,,,98418,53,68.0,150.0,6.0,1.0,0.0,1.0,1.0,0.0,,0,,,,,,4,06/15/2016,09/15/2017,20,8,0,0,0.0,9,8,,,0,0.0,0.0,8,9,2.0,605.0,695.0,,1.0,1.0,,2,1,0.0,,,,,,,,,,,,,,,,,,,,,,,,,,,,,,0,0,0,0,0,0,1,1,1,0,0,0,1,0,0,0,0,0,0,0,0,0,0,0,0,0,0,0,1,0,0,0,0,0,1,0.0,0,0,0,0,0,0,1,1,0,1,0,0,0,0,1,0,,,,,,36-40,36-45,County road,R,Saturday,,MC,Hispanic,0,0,0,0,County Road,County Sheriff,Thurston County Sheriff's Office,0,0,1,0,0,thc,2.9,carboxy-thc,6.8,,0.0,0.0,0.0,,,,,,,,,,,,,,,,,,,,,,,,,,,,,,,,,,,,98513,Tacoma,Olympia
1053,1073,1073,2018,179,E808868,2.0,2018-06-12,23:20,12,6,0.0,29,Island,0,1,0.0,2,1,2,1,0,2,2,,,,24,0,0,13.6,1,0,1,3,1,1,3,0,0,0,0,SR-525,,-122.4409222,48.004019444,0,1,1,13,2,55,80,0,0,1,7,24,3,1,2,1,14,1,1,53,0,37,706,2000,0,0.0,63,24.0,69.0,12.0,,,1,1,30,1,7.0,1.0,4,7,19,0,11,0,06/12/2018,23:20,114053026115.0,26115.0,0.0,0.0,0.0,2.0,1,0,0.0,0.0,0.0,96,,,,,,9,,,,,,98249,53,70.0,145.0,6.0,1.0,0.0,0.0,1.0,0.0,,0,,,,,,4,05/15/2014,05/15/2014,20,8,0,0,0.0,1,8,,,0,0.0,0.0,8,1,2.0,605.0,695.0,,1.0,1.0,,2,1,0.18,,,,,,,,,,,,,,,,,,,,,,,,,,,,,,0,0,1,0,1,1,1,1,1,0,0,0,1,1,1,0,0,0,0,0,0,0,0,0,0,0,0,0,1,1,0,0,0,0,1,0.0,0,0,0,0,0,1,1,1,0,1,0,0,0,0,0,1,,,,,,26-30,26-35,State route,R,Tuesday,,MC,White,0,1,0,0,State Route,State Patrol,Washington State Patrol,1,1,0,0,0,thc,4.8,carboxy-thc,22.0,,0.0,0.0,0.0,,,,,,,,,,,,,,,,,,,,,,,,,,,,,,,,,,,,98260,Freeland,Langley
1054,1074,1074,2018,179,E808868,2.0,2018-06-12,23:20,12,6,0.0,29,Island,0,1,0.0,2,1,2,1,0,2,2,,,,24,0,0,13.6,1,0,1,3,1,1,3,0,0,0,0,SR-525,,-122.4409222,48.004019444,0,2,98,62,4,55,15,0,0,1,7,12,2,1,2,1,14,1,1,53,0,20,421,1996,0,0.0,12,,,,,,1,1,37,1,0.0,0.0,0,0,3,0,11,0,,,,,0.0,0.0,0.0,2.0,1,0,0.0,0.0,0.0,96,,,,,,0,,,,,,98249,53,72.0,280.0,1.0,1.0,0.0,2.0,1.0,3.0,,0,,,,,,0,07/15/2013,12/15/2017,20,0,0,0,8.0,9,8,,,0,0.0,0.0,8,0,8.0,95.0,,,96.0,,,8,95,995.0,,,,,,,,,,,,,,,,,,,,,,,,,,,,,,0,0,1,0,1,1,1,1,1,0,0,0,1,1,1,0,0,0,0,0,0,0,0,0,0,0,0,0,1,1,0,0,0,0,0,,0,0,0,0,0,0,0,0,0,0,0,1,0,0,0,0,,,,,,36-40,36-45,State route,R,Tuesday,Belt Used,PV,Not Fatal,0,1,0,0,State Route,State Patrol,Washington State Patrol,1,1,0,0,0,,,,,,0.0,0.0,9.0,,,,,,,,,,,,,,,,,,,,,,,,,,,,,,,,,,,,98260,Freeland,Langley
1055,1075,1075,2018,180,E811247,5.0,2018-05-10,21:10,10,5,0.0,11,Clark,2370,1,0.0,3,1,2,1,1,2,1,,,,8,0,0,1.9,1,0,1,3,2,1,3,0,0,0,0,SR-14,,-122.6425444,45.618519444,0,1,13,80,5,60,34,0,0,1,5,8,1,1,2,3,1,2,1,53,0,7,482,2004,0,0.0,8,,,,,,1,1,49,1,0.0,0.0,0,0,3,0,11,0,,,,,0.0,0.0,3.0,3.0,1,0,0.0,0.0,0.0,96,,,,,,0,,,,,,98664,53,69.0,230.0,6.0,1.0,0.0,0.0,0.0,0.0,,0,,,,,,0,,,20,0,0,0,8.0,9,2,,,0,0.0,0.0,0,0,8.0,95.0,,,96.0,,,8,95,995.0,,,,,,,,,,,,,,,,,,,,,,,,,,,,,,0,0,0,0,0,0,0,0,0,0,0,0,0,0,0,0,0,0,0,0,0,0,0,0,0,0,0,0,0,1,0,1,0,0,0,,0,0,0,0,0,0,0,0,0,0,0,0,0,0,0,0,,,,,,46-50,46-55,State route,U,Thursday,Belt Used,PV,Not Fatal,0,0,0,0,State Route,State Patrol,Washington State Patrol Headquarter,0,1,0,0,0,,,,,,0.0,0.0,0.0,,,,,,,,,,,,,,,,,,,,,,,,,,,,,,,,,,,,98661,Vancouver,Vancouver
1056,1076,1076,2018,181,E809308,3.0,2018-06-17,4:41,17,6,0.0,67,Thurston,1102,10,0.0,4,1,1,1,0,2,2,,,,12,0,2,110.5,1,0,1,1,2,1,1,0,0,0,0,I-5,,-122.7972111,47.058508333,0,1,50,54,3,98,4,0,0,1,7,12,1,2,3,3,1,1,1,53,0,20,37,2018,0,0.0,12,,,,,,1,1,28,1,7.0,2.0,4,7,3,0,11,0,06/17/2018,4:52,110253027831.0,27831.0,0.0,0.0,0.0,3.0,1,51,0.0,0.0,0.0,96,,,,,,99,,,,,,70125,22,69.0,240.0,6.0,1.0,0.0,0.0,0.0,4.0,,0,,,,,,0,06/15/2014,12/15/2016,8,0,0,0,0.0,9,8,,,0,0.0,0.0,8,9,2.0,1.0,,,1.0,,,2,1,0.13,,,,,,,,,,,,,,,,,,,,,,,,,,,,,,0,0,0,0,1,1,0,1,0,0,0,0,0,0,0,0,0,0,0,0,1,0,1,0,1,0,0,0,0,1,0,0,0,0,0,,1,0,0,0,0,1,0,1,0,0,0,0,0,1,0,1,,,,,,26-30,26-35,Interstate,U,Sunday,Belt Used,PV,Black,0,0,0,1,State Route,State Patrol,Washington State Patrol,0,1,0,0,0,,,,,,0.0,0.0,0.0,,,,,,,,,,,,,,,,,,,,,,,,,,,,,,,,,,,,98516,New Orleans,Olympia
1057,1077,1077,2018,181,E809308,3.0,2018-06-17,4:41,17,6,0.0,67,Thurston,1102,10,0.0,4,1,1,1,0,2,2,,,,12,0,2,110.5,1,0,1,1,2,1,1,0,0,0,0,I-5,,-122.7972111,47.058508333,0,2,51,54,3,60,14,0,0,1,7,12,1,2,3,3,1,1,2,53,0,49,401,2008,0,0.0,12,,,,,,1,1,16,2,0.0,0.0,2,0,3,0,11,4,,,,,0.0,0.0,3.0,3.0,1,0,0.0,0.0,0.0,0,,,,,,0,,,,,,98532,53,62.0,120.0,6.0,2.0,0.0,0.0,0.0,0.0,,0,,,,,,0,,,8,0,0,0,8.0,9,8,,,0,0.0,0.0,8,0,8.0,95.0,,,96.0,,,8,95,995.0,,,,,,,,,,,,,,,,,,,,,,,,,,,,,,0,0,0,0,1,1,0,1,0,0,0,0,0,0,0,0,0,0,0,0,1,0,1,0,1,0,0,0,0,1,0,0,0,0,0,,0,0,0,0,0,0,0,0,0,0,0,0,0,0,0,0,,,,,,16-17,16-25,Interstate,U,Sunday,Belt Used,PV,Not Fatal,0,0,0,1,State Route,State Patrol,Washington State Patrol,0,1,0,0,0,,,,,,0.0,0.0,0.0,,,,,,,,,,,,,,,,,,,,,,,,,,,,,,,,,,,,98516,Chehalis,Olympia
1058,1078,1078,2018,182,E809533,56.0,2018-06-17,9:24,17,6,0.0,35,Kitsap,111,1,0.0,1,1,2,1,2,1,1,9:25,9:30,,8,0,0,0.0,1,0,1,4,2,4,6,0,0,0,0,FINCH RD NE,,-122.5370056,47.631269444,0,1,13,11,2,30,14,0,0,1,7,8,1,1,2,1,1,1,2,53,0,37,402,2006,0,0.0,8,8.0,,,,,1,1,18,1,0.0,0.0,0,0,99,0,11,0,,,,,0.0,0.0,0.0,3.0,1,0,0.0,0.0,0.0,0,,,,,,2,,,,,,98110,53,71.0,145.0,6.0,1.0,0.0,0.0,0.0,0.0,,97,,,,,,3,,,20,0,0,0,8.0,9,8,,,0,0.0,0.0,8,0,2.0,1.0,,,1.0,,,2,1,0.0,,,,,,,,,,,,,,,,,,,,,,,,,,,,,,0,0,0,0,0,0,0,0,0,0,0,0,1,0,0,1,0,0,0,0,0,1,1,0,1,0,0,0,0,1,0,1,0,0,0,,0,0,0,0,0,0,0,0,0,1,0,0,0,0,0,0,,,,,,18-20,16-25,City street,U,Sunday,Unknown,PV,Not Fatal,0,0,0,0,City Street,Municipal/City Police,Bainbridge Island Police Department,0,0,0,1,0,,,,,,0.0,0.0,0.0,,,,,,,,,,,,,,,,,,,,,,,,,,,,,,,,,,,,98110,Bainbridge Island,Bainbridge Island