,index,Unnamed: 0,year,case,par,repjur,crash_dt,crash_tm,accday,accmon,holiday,county,co_char,city,weather,weather2,lightcond,surfcond,surftype,numfatal,nmforms,pforms,vforms,not_tm,arr_tm,hosp_tm,fhevent,hitrun,manncol,milepnt,reljunc,reljuncinter,intersectiontype,funcsystem,landuse,ownership,route,schlbus,spejur,contdev,devfunc,trafid1,trafid2,lon,lat,wk_zone,vnumber,crashtype,criticalevent,criticaleventcat,spdlim,body,trailer,emerg,hazcargo,leave,mhevent,roadalgn,roadprof,traflane,trafflow,vehmanvr,numoccs,regowner,regstate,spuse,make,model,modelyr,vrf1,vrf2,seqevent1,seqevent2,seqevent3,seqevent4,seqevent5,seqevent6,pnumber,ptype,age,sex,hispanic,race,injury,diedscene,restraint,restraintmisuse,seatpos,takehosp,death_dt,death_tm,cert,cernum_wa,commlic,licendor,licrestrict,liccomp,drivpres,drf1,drf2,drf3,drf4,distract1,distract2,distract3,distract4,distract5,distract6,dricond1,dricond2,dricond3,dricond4,dricond5,dricond6,dzip,licstate,drhgt_in,weight,noncdl,noncdltype,prevdwi,prevoth,prevacc,prevspd,prevsus,driviol1,driviol2,driviol3,driviol4,driviol5,driviol6,spdrel,first_dt,last_dt,airbag,ejection,ejectpath,extricat,injurwrk,methalc,methdrug,nmlocat,strikveh,prf1,prf2,prf3,druginv,alcinvol,drugsts,drugres1,drugres2,drugres3,drugtst1,drugtst2,drugtst3,alcsts,alctst,alcres,nmact1,nmact2,nmact3,nmact4,nmact5,nmact6,nmprior1,nmprior2,nmprior3,nmprior4,nmprior5,nmprior6,nmcond1,nmcond2,nmcond3,nmcond4,nmcond5,nmcond6,nmsafe_helmet,nmsafe_pads,nmsafe_oth,nmprev_ref,nmprev_lgt,nmprev_oth,crashlocation,nmcrashtype,crosswalk,schoolzone,sidewalk,train_inv,wildlife_inv,rotr_fars,intersect_fars,dd_inv,aid_inv,dpd_inv,id_inv,mj_inv,impnm_inv,ainm_inv,dpnm_inv,speed_inv,unlic_inv,unendmc_inv,drowsy_inv,drdist_inv,nmdist_inv,fty_inv,unrestfat_inv,dr1617_inv,dr1820_inv,dr1620_inv,dr2125_inv,dr1625_inv,dr65_inv,dr70_inv,dr75_inv,mc_inv,pv_inv,ht_inv,ped_inv,bike_inv,unrest_fat,mc_fat,unhelmet_mc,pv_fat,ht_fat,ped_fat,bike_fat,dr_alc7,dr_alc8,dr_drug,dr_imp,dr_dist,dr_spd,dr_fty,dr_unlic,dr_alc7only,dr_alc8only,dr_drugonly,dr_drink,nm_imp,nm_alc7,nm_alc8,nm_drug,nm_dist,agegrp1,agegrp2,roadclass,urbrur,dayweek,restuse,vehtype,race_me,intersect,lanedep,oppdir,wrongway,rep_typ,investag,repag_long,rotr,st_rd,cty_rd,city_rd,oth_rd,drug_thc,thc_res,drug_cthc,cthc_res,drug_cann,prevpersemin,prevperse,prevsusoth,drugtst4,drugtst5,drugtst6,drugtst7,drugtst8,drugres4,drugres5,drugres6,drugres7,drugres8,adspresent,adsengaged,adslevel,race1,race2,race3,race4,race5,helmet,helmetmisuse,nmdistract1,nmdistract2,nmdistract3,nmdistract4,nmdistract5,nmdistract6,lab,isedtcase,crf1,crf2,crf3,CoRoadName,CoMP,IntCoRoadName,IntCoMP,crashzip,dcity,crashcity
1077,1097,1097,2018,197,E813636,7.0,2018-05-15,22:05,15,5,0.0,33,King,0,1,0.0,2,1,2,1,0,2,2,,,,12,0,2,27.2,1,0,1,3,1,1,3,0,0,0,0,SR-18,,-121.8881889,47.487305556,0,1,50,10,2,98,5,0,0,1,2,12,1,2,2,1,1,1,2,53,0,49,46,2007,0,0.0,68,12.0,2.0,,,,1,1,28,1,7.0,3.0,4,7,99,0,11,0,05/15/2018,22:05,204053022776.0,22776.0,0.0,0.0,3.0,3.0,1,28,0.0,0.0,0.0,96,,,,,,99,,,,,,99163,53,68.0,135.0,6.0,1.0,0.0,0.0,0.0,0.0,,0,,,,,,0,,,1,0,0,0,0.0,1,8,,,0,0.0,0.0,8,1,2.0,996.0,,,1.0,,,2,1,0.38,,,,,,,,,,,,,,,,,,,,,,,,,,,,,,0,0,0,0,1,1,1,1,0,0,0,0,0,0,0,0,0,0,0,0,0,0,0,0,0,0,0,0,0,1,1,0,0,0,0,,1,0,0,0,0,1,1,1,0,0,0,0,0,0,0,1,,,,,,26-30,26-35,State route,R,Tuesday,Unknown,PV,AIAN,0,1,1,0,State Route,State Patrol,Washington State Patrol Headquarter,0,1,0,0,0,,,,,,0.0,0.0,0.0,,,,,,,,,,,,,,,,,,,,,,,,,,,,,,,,,,,,98027,Pullman,Issaquah
1078,1098,1098,2018,197,E813636,7.0,2018-05-15,22:05,15,5,0.0,33,King,0,1,0.0,2,1,2,1,0,2,2,,,,12,0,2,27.2,1,0,1,3,1,1,3,0,0,0,0,SR-18,,-121.8881889,47.487305556,0,2,51,62,4,98,66,1,0,1,2,12,1,2,2,1,1,1,1,53,0,82,881,2007,0,0.0,12,,,,,,1,1,54,1,0.0,0.0,1,0,3,0,11,4,,,,,6.0,3.0,0.0,3.0,1,0,0.0,0.0,0.0,96,,,,,,0,,,,,,98188,53,70.0,200.0,6.0,1.0,0.0,1.0,1.0,0.0,,0,,,,,,0,03/15/2016,02/15/2017,20,0,0,0,8.0,9,8,,,0,0.0,0.0,8,0,8.0,95.0,,,96.0,,,8,95,995.0,,,,,,,,,,,,,,,,,,,,,,,,,,,,,,0,0,0,0,1,1,1,1,0,0,0,0,0,0,0,0,0,0,0,0,0,0,0,0,0,0,0,0,0,1,1,0,0,0,0,,0,0,0,0,0,0,0,0,0,0,0,0,0,0,0,0,,,,,,51-55,46-55,State route,R,Tuesday,,MHTRUCK,Not Fatal,0,1,1,0,State Route,State Patrol,Washington State Patrol Headquarter,0,1,0,0,0,,,,,,0.0,0.0,0.0,,,,,,,,,,,,,,,,,,,,,,,,,,,,,,,,,,,,98027,Seattle,Issaquah
1079,1099,1099,2018,198,E812166,7.0,2018-06-21,23:27,21,6,0.0,33,King,2310,1,0.0,3,1,2,1,0,2,2,,,,1,0,0,3.8,1,0,1,3,2,1,3,0,0,0,0,SR-518,,-122.2712444,47.463744444,0,1,98,50,3,60,80,0,0,1,2,12,1,2,3,3,1,1,2,53,0,76,706,2008,0,0.0,1,12.0,,,,,1,1,35,1,7.0,1.0,4,0,5,0,11,4,06/22/2018,0:24,196053027857.0,27857.0,0.0,0.0,1.0,3.0,1,26,0.0,0.0,0.0,96,,,,,,0,,,,,,98074,53,71.0,190.0,6.0,1.0,0.0,0.0,0.0,0.0,,0,,,,,,4,,,20,8,0,0,0.0,9,8,,,0,0.0,0.0,8,0,2.0,605.0,695.0,,1.0,1.0,,2,1,0.0,,,,,,,,,,,,,,,,,,,,,,,,,,,,,,0,0,0,0,0,0,1,1,1,0,0,0,1,0,0,0,0,0,0,0,0,0,0,0,0,0,0,0,1,1,0,0,0,0,1,0.0,0,0,0,0,0,0,1,1,0,1,0,0,0,0,1,0,,,,,,31-35,26-35,State route,U,Thursday,,MC,White,0,0,0,0,State Route,State Patrol,Washington State Patrol,0,1,0,0,0,thc,13.0,carboxy-thc,32.0,,0.0,0.0,0.0,,,,,,,,,,,,,,,,,,,,,,,,,,,,,,,,,,,,98188,Sammamish,Seattle
1080,1100,1100,2018,198,E812166,7.0,2018-06-21,23:27,21,6,0.0,33,King,2310,1,0.0,3,1,2,1,0,2,2,,,,1,0,0,3.8,1,0,1,3,2,1,3,0,0,0,0,SR-518,,-122.2712444,47.463744444,0,2,98,53,3,60,4,0,0,1,5,12,1,2,3,3,5,1,1,53,0,49,40,2012,0,0.0,12,,,,,,1,1,46,2,0.0,0.0,0,0,3,0,11,0,,,,,0.0,0.0,3.0,3.0,1,0,0.0,0.0,0.0,0,,,,,,0,,,,,,98908,53,66.0,120.0,6.0,1.0,0.0,0.0,0.0,0.0,,0,,,,,,0,,,20,0,0,0,8.0,9,8,,,0,0.0,0.0,8,0,8.0,95.0,,,96.0,,,8,95,995.0,,,,,,,,,,,,,,,,,,,,,,,,,,,,,,0,0,0,0,0,0,1,1,1,0,0,0,1,0,0,0,0,0,0,0,0,0,0,0,0,0,0,0,1,1,0,0,0,0,0,,0,0,0,0,0,0,0,0,0,0,0,0,0,0,0,0,,,,,,46-50,46-55,State route,U,Thursday,Belt Used,PV,Not Fatal,0,0,0,0,State Route,State Patrol,Washington State Patrol,0,1,0,0,0,,,,,,0.0,0.0,0.0,,,,,,,,,,,,,,,,,,,,,,,,,,,,,,,,,,,,98188,Yakima,Seattle
1081,1101,1101,2018,199,E811062,305.0,2018-06-22,3:01,22,6,0.0,11,Clark,2370,1,0.0,3,1,2,1,0,1,1,,,,33,0,0,0.0,3,0,3,4,2,4,6,0,0,0,0,NE BURTON RD,NE 81ST AVE,-122.5907972,45.640166667,0,1,12,10,2,35,80,0,0,1,7,33,8,8,2,1,6,1,1,53,0,72,709,1973,0,0.0,68,33.0,,,,,1,1,30,1,7.0,1.0,4,7,19,0,11,0,06/22/2018,3:11,237053028038.0,28038.0,0.0,0.0,0.0,2.0,1,0,0.0,0.0,0.0,92,,,,,,99,,,,,,98664,53,70.0,170.0,1.0,1.0,1.0,4.0,0.0,2.0,,0,,,,,,0,06/15/2013,08/15/2016,20,8,0,0,0.0,9,8,,,0,0.0,0.0,8,9,2.0,401.0,402.0,407.0,1.0,1.0,1.0,2,1,0.0,,,,,,,,,,,,,,,,,,,,,,,,,,,,,,0,0,0,1,0,0,1,1,0,0,0,0,0,1,1,0,1,0,0,0,0,0,0,0,0,0,0,0,1,0,0,0,0,0,1,0.0,0,0,0,0,0,0,1,1,1,0,0,1,0,0,1,0,,,,,,26-30,26-35,City street,U,Friday,,MC,White,1,0,0,0,City Street,Municipal/City Police,Vancouver Police Department,0,0,0,1,0,,,,,,0.0,1.0,10.0,1.0,,,,,417.0,,,,,,,,,,,,,,,,,,,,,,,,,,,,,,98662,Vancouver,Vancouver
1082,1102,1102,2018,200,E811422,222.0,2018-06-16,20:23,16,6,0.0,67,Thurston,1590,1,0.0,1,1,2,1,0,5,2,,,,12,0,6,0.0,2,0,4,5,2,4,6,0,0,0,0,BETHEL ST NE,ETHRIDGE AVE NE,-122.884725,47.060066667,0,1,88,66,4,98,80,0,0,1,7,12,1,1,2,1,1,2,1,53,0,53,706,2001,0,0.0,12,,,,,,1,1,26,1,0.0,0.0,3,0,19,0,11,8,,,,,0.0,0.0,0.0,3.0,1,0,0.0,0.0,0.0,96,,,,,,99,,,,,,98512,53,75.0,250.0,6.0,1.0,0.0,0.0,4.0,1.0,,0,,,,,,4,02/15/2015,05/15/2018,20,8,0,0,8.0,9,8,,,0,0.0,0.0,8,1,2.0,522.0,,,1.0,,,2,1,0.07,,,,,,,,,,,,,,,,,,,,,,,,,,,,,,0,0,0,1,1,0,1,1,0,0,0,0,1,0,0,0,0,0,0,0,0,0,0,0,0,0,0,0,1,1,0,0,0,0,0,0.0,0,0,0,0,1,0,1,1,0,1,0,0,0,0,0,1,,,,,,26-30,26-35,City street,U,Saturday,,MC,Not Fatal,1,0,0,0,City Street,Municipal/City Police,Olympia Police Department,0,0,0,1,0,,,,,,0.0,0.0,0.0,,,,,,,,,,,,,,,,,,,,,,,,,,,,,,,,,,,,98506,Olympia,Olympia
1083,1103,1103,2018,200,E811422,222.0,2018-06-16,20:23,16,6,0.0,67,Thurston,1590,1,0.0,1,1,2,1,0,5,2,,,,12,0,6,0.0,2,0,4,5,2,4,6,0,0,20,3,BETHEL ST NE,ETHRIDGE AVE NE,-122.884725,47.060066667,0,2,89,17,2,98,14,0,0,1,7,12,8,8,2,1,1,3,2,53,0,41,403,2016,0,0.0,12,,,,,,1,1,50,2,0.0,0.0,0,0,3,0,11,0,,,,,6.0,0.0,0.0,3.0,1,0,0.0,0.0,0.0,96,,,,,,0,,,,,,98506,53,74.0,230.0,6.0,1.0,0.0,0.0,0.0,0.0,,0,,,,,,0,,,20,0,0,0,8.0,9,8,,,0,0.0,0.0,8,1,8.0,95.0,,,96.0,,,8,95,995.0,,,,,,,,,,,,,,,,,,,,,,,,,,,,,,0,0,0,1,1,0,1,1,0,0,0,0,1,0,0,0,0,0,0,0,0,0,0,0,0,0,0,0,1,1,0,0,0,0,0,,0,0,0,0,0,0,0,0,0,0,0,0,0,0,0,1,,,,,,46-50,46-55,City street,U,Saturday,Belt Used,PV,Not Fatal,1,0,0,0,City Street,Municipal/City Police,Olympia Police Department,0,0,0,1,0,,,,,,0.0,0.0,0.0,,,,,,,,,,,,,,,,,,,,,,,,,,,,,,,,,,,,98506,Olympia,Olympia
1084,1104,1104,2018,201,E811775,6.0,2018-06-19,0:02,19,6,0.0,37,Kittitas,0,1,0.0,2,1,1,1,0,2,1,0:10,0:20,0:49,1,0,0,1.1,1,0,1,1,1,1,1,0,0,0,0,I-82,,-120.5070778,46.957,0,1,2,12,2,70,14,0,0,1,2,1,1,1,2,3,1,2,1,53,0,20,403,2004,0,0.0,64,69.0,63.0,1.0,3.0,,1,1,32,2,7.0,1.0,4,7,20,0,11,0,06/19/2018,0:02,62053027588.0,27588.0,0.0,0.0,0.0,3.0,1,58,0.0,0.0,0.0,96,,,,,,9,,,,,,98942,53,68.0,175.0,6.0,1.0,0.0,0.0,1.0,0.0,,0,,,,,,0,03/15/2018,03/15/2018,20,0,0,0,0.0,9,1,,,0,0.0,0.0,1,9,2.0,177.0,401.0,417.0,1.0,1.0,1.0,2,1,0.0,,,,,,,,,,,,,,,,,,,,,,,,,,,,,,0,0,0,0,0,0,1,1,0,0,0,0,0,0,0,0,0,0,0,1,0,0,0,0,0,0,0,0,0,1,0,0,0,1,0,,1,0,0,0,0,0,1,1,0,0,0,0,0,0,1,0,,,,,,31-35,26-35,Interstate,R,Tuesday,Not Used,PV,White,0,1,0,0,State Route,State Patrol,Washington State Patrol,1,1,0,0,0,,,,,,0.0,0.0,0.0,,,,,,,,,,,,,,,,,,,,,,,,,,,,,,,,,,,,98926,Selah,Ellensburg
1085,1105,1105,2018,202,E811927,162.0,2018-06-17,20:41,17,6,0.0,33,King,1264,1,0.0,1,1,1,1,0,3,3,,,,12,0,6,12.5,2,0,3,3,2,1,3,0,0,20,3,SR-169,SE 251ST ST,-122.0262306,47.376625,0,1,82,15,2,25,4,0,0,1,7,12,1,2,2,1,11,1,1,53,0,49,40,2012,0,0.0,12,12.0,,,,,1,1,43,2,0.0,0.0,2,0,3,0,11,5,,,,,0.0,0.0,0.0,3.0,1,38,0.0,0.0,0.0,96,,,,,,0,,,,,,98038,53,66.0,130.0,6.0,1.0,0.0,0.0,0.0,0.0,,97,,,,,,0,,,8,0,0,0,8.0,9,8,,,0,0.0,0.0,8,0,8.0,95.0,,,96.0,,,8,95,995.0,,,,,,,,,,,,,,,,,,,,,,,,,,,,,,0,0,0,1,1,1,1,1,1,0,0,0,1,0,0,0,0,0,1,0,0,0,0,0,0,0,0,0,1,1,0,0,0,0,0,,0,0,0,0,0,0,0,0,0,0,1,0,0,0,0,0,,,,,,41-45,36-45,State route,U,Sunday,Belt Used,PV,Not Fatal,1,0,0,0,State Route,County Sheriff,King County Police,0,1,0,0,0,,,,,,0.0,0.0,0.0,,,,,,,,,,,,,,,,,,,,,,,,,,,,,,,,,,,,98038,Maple Valley,Maple Valley
1086,1106,1106,2018,202,E811927,162.0,2018-06-17,20:41,17,6,0.0,33,King,1264,1,0.0,1,1,1,1,0,3,3,,,,12,0,6,12.5,2,0,3,3,2,1,3,0,0,0,0,SR-169,SE 251ST ST,-122.0262306,47.376625,0,2,83,67,4,45,80,0,0,1,7,12,8,8,4,5,1,1,1,53,0,77,706,2016,0,0.0,12,,,,,,1,1,54,1,7.0,1.0,4,7,19,0,11,0,06/17/2018,20:41,126453027846.0,27846.0,0.0,0.0,0.0,3.0,1,0,0.0,0.0,0.0,96,,,,,,99,,,,,,98058,53,72.0,153.0,6.0,1.0,0.0,0.0,0.0,0.0,,0,,,,,,4,,,20,8,0,0,0.0,9,8,,,0,0.0,0.0,8,9,2.0,605.0,695.0,,1.0,1.0,,2,1,0.11,,,,,,,,,,,,,,,,,,,,,,,,,,,,,,0,0,0,1,1,1,1,1,1,0,0,0,1,0,0,0,0,0,1,0,0,0,0,0,0,0,0,0,1,1,0,0,0,0,1,0.0,0,0,0,0,0,1,1,1,0,1,0,0,0,0,0,1,,,,,,51-55,46-55,State route,U,Sunday,,MC,White,1,0,0,0,State Route,County Sheriff,King County Police,0,1,0,0,0,thc,44.0,carboxy-thc,27.0,,0.0,0.0,0.0,,,,,,,,,,,,,,,,,,,,,,,,,,,,,,,,,,,,98038,Renton,Maple Valley
1087,1107,1107,2018,202,E811927,162.0,2018-06-17,20:41,17,6,0.0,33,King,1264,1,0.0,1,1,1,1,0,3,3,,,,12,0,6,12.5,2,0,3,3,2,1,3,0,0,0,0,SR-169,SE 251ST ST,-122.0262306,47.376625,0,3,98,67,4,45,80,0,0,1,7,12,8,8,4,5,1,1,1,53,0,53,706,2001,0,0.0,12,,,,,,1,1,35,1,0.0,0.0,3,0,19,0,11,1,,,,,0.0,0.0,0.0,3.0,1,0,0.0,0.0,0.0,96,,,,,,99,,,,,,98055,53,74.0,235.0,6.0,1.0,0.0,0.0,1.0,1.0,,0,,,,,,4,08/15/2013,10/15/2017,20,8,0,0,8.0,9,8,,,0,0.0,0.0,8,9,0.0,0.0,,,0.0,,,0,0,996.0,,,,,,,,,,,,,,,,,,,,,,,,,,,,,,0,0,0,1,1,1,1,1,1,0,0,0,1,0,0,0,0,0,1,0,0,0,0,0,0,0,0,0,1,1,0,0,0,0,0,0.0,0,0,0,0,0,0,0,0,0,1,0,0,0,0,0,0,,,,,,31-35,26-35,State route,U,Sunday,,MC,Not Fatal,1,0,0,0,State Route,County Sheriff,King County Police,0,1,0,0,0,,,,,,0.0,0.0,2.0,,,,,,,,,,,,,,,,,,,,,,,,,,,,,,,,,,,,98038,Renton,Maple Valley
1088,1108,1108,2018,203,E812083,337.0,2018-06-24,1:32,24,6,0.0,73,Whatcom,110,1,0.0,3,1,2,1,0,1,1,,,,1,0,0,0.0,1,0,1,4,2,4,6,0,0,0,0,WOBURN ST,,-122.4450056,48.748152778,0,1,1,13,2,35,2,0,0,1,7,1,3,2,2,1,14,1,1,53,0,58,37,2008,0,0.0,63,1.0,42.0,,,,1,1,21,1,1.0,98.0,4,0,20,0,11,4,06/24/2018,4:19,11053028697.0,28697.0,0.0,0.0,3.0,2.0,1,37,0.0,0.0,0.0,96,,,,,,9,,,,,,98247,53,70.0,135.0,1.0,1.0,1.0,1.0,1.0,2.0,,0,,,,,,3,03/15/2016,06/15/2018,8,1,9,0,0.0,9,1,,,0,0.0,0.0,1,1,2.0,401.0,417.0,,1.0,1.0,,2,1,0.18,,,,,,,,,,,,,,,,,,,,,,,,,,,,,,0,0,1,0,1,1,1,1,0,0,0,0,1,1,0,0,0,0,0,1,0,0,0,1,1,0,0,0,0,1,0,0,0,1,0,,1,0,0,0,0,1,1,1,0,1,0,1,0,0,0,1,,,,,,21-25,16-25,City street,U,Sunday,Not Used,PV,Hispanic,0,1,0,0,City Street,Municipal/City Police,Bellingham Police Department,1,0,0,1,0,,,,,,1.0,0.0,2.0,,,,,,,,,,,,,,,,,,,,,,,,,,,,,,,,,,,,98229,Everson,Bellingham
1089,1109,1109,2018,204,E812622,1.0,2018-06-27,6:42,27,6,0.0,5,Benton,0,1,0.0,1,1,1,1,0,2,1,6:44,6:52,7:15,30,0,0,88.1,1,0,1,1,1,1,1,0,0,0,0,I-82,,-119.6259778,46.246530556,0,1,1,13,2,70,14,0,0,1,2,30,1,1,2,3,1,2,2,53,0,34,402,2007,0,0.0,63,30.0,1.0,,,,1,1,19,1,1.0,99.0,4,0,20,0,11,5,06/27/2018,7:48,185053028908.0,28908.0,0.0,0.0,0.0,2.0,1,0,0.0,0.0,0.0,92,,,,,,2,,,,,,98270,53,67.0,152.0,1.0,1.0,0.0,0.0,1.0,1.0,,0,,,,,,0,11/15/2015,10/15/2016,8,1,9,0,0.0,1,1,,,0,0.0,0.0,0,0,2.0,1.0,,,1.0,,,2,1,0.0,,,,,,,,,,,,,,,,,,,,,,,,,,,,,,0,0,1,0,0,0,0,0,0,0,0,0,0,1,0,1,1,0,0,1,0,1,1,0,1,0,0,0,0,1,0,0,0,1,0,,1,0,0,0,0,0,0,0,1,0,0,1,0,0,0,0,,,,,,18-20,16-25,Interstate,R,Wednesday,Not Used,PV,Hispanic,0,1,0,0,State Route,State Patrol,Washington State Patrol,1,1,0,0,0,,,,,,0.0,0.0,5.0,,,,,,,,,,,,,,,,,,,,,,,,,,,,,,,,,,,,99320,Marysville,Benton City
1090,1110,1110,2018,205,E813012,8.0,2018-06-21,17:00,21,6,0.0,9,Clallam,0,1,0.0,1,1,2,1,0,2,2,17:17,17:23,,12,0,2,251.7,1,0,1,3,2,1,2,0,0,0,0,US-101,,-123.3548583,48.102927778,0,1,50,10,2,45,80,0,0,1,7,12,2,2,2,1,14,1,2,53,0,72,706,2016,0,0.0,68,12.0,,,,,1,1,19,2,7.0,1.0,4,7,19,0,11,0,06/21/2018,17:00,170053028006.0,28006.0,0.0,0.0,0.0,3.0,1,28,0.0,0.0,0.0,96,,,,,,99,,,,,,98382,53,70.0,175.0,6.0,1.0,0.0,0.0,1.0,0.0,,0,,,,,,0,11/15/2017,11/15/2017,20,8,0,0,0.0,9,8,,,0,0.0,0.0,8,9,2.0,1.0,,,1.0,,,2,1,998.0,,,,,,,,,,,,,,,,,,,,,,,,,,,,,,0,0,0,0,0,0,0,0,0,0,0,0,0,0,0,0,0,0,0,0,0,1,1,1,1,0,0,0,1,1,0,0,0,0,1,0.0,0,0,0,0,0,0,0,0,0,0,0,0,0,0,0,0,,,,,,18-20,16-25,US highway,U,Thursday,,MC,White,0,0,0,0,State Route,State Patrol,Washington State Patrol,0,1,0,0,0,,,,,,0.0,0.0,0.0,,,,,,,,,,,,,,,,,,,,,,,,,,,,,,,,,,,,98362,Sequim,Port Angeles
1091,1111,1111,2018,205,E813012,8.0,2018-06-21,17:00,21,6,0.0,9,Clallam,0,1,0.0,1,1,2,1,0,2,2,17:17,17:23,,12,0,2,251.7,1,0,1,3,2,1,2,0,0,0,0,US-101,,-123.3548583,48.102927778,0,2,51,62,4,45,34,0,0,1,7,12,3,2,2,1,14,1,2,53,0,7,482,2006,0,0.0,12,,,,,,1,1,22,1,0.0,0.0,0,0,3,0,11,0,,,,,0.0,0.0,0.0,3.0,1,0,0.0,0.0,0.0,96,,,,,,0,,,,,,98362,53,72.0,160.0,6.0,1.0,0.0,0.0,0.0,0.0,,0,,,,,,0,,,20,0,0,0,8.0,9,2,,,0,0.0,0.0,0,0,8.0,95.0,,,96.0,,,8,95,995.0,,,,,,,,,,,,,,,,,,,,,,,,,,,,,,0,0,0,0,0,0,0,0,0,0,0,0,0,0,0,0,0,0,0,0,0,1,1,1,1,0,0,0,1,1,0,0,0,0,0,,0,0,0,0,0,0,0,0,0,0,0,0,0,0,0,0,,,,,,21-25,16-25,US highway,U,Thursday,Belt Used,PV,Not Fatal,0,0,0,0,State Route,State Patrol,Washington State Patrol,0,1,0,0,0,,,,,,0.0,0.0,0.0,,,,,,,,,,,,,,,,,,,,,,,,,,,,,,,,,,,,98362,Port Angeles,Port Angeles
1092,1112,1112,2018,206,3789538,12.0,2018-06-07,6:19,7,6,0.0,7,Chelan,0,1,0.0,4,1,5,1,0,1,1,6:47,7:18,7:34,1,0,0,18.0,1,0,1,7,1,2,4,0,0,0,0,CR-COLOCKUM RD,,-120.1019222,47.326561111,0,1,98,6,1,98,83,0,0,1,5,1,1,1,8,8,1,1,2,53,0,76,703,2008,0,0.0,1,,,,,,1,1,18,1,1.0,1.0,4,0,17,0,11,1,06/11/2018,6:10,246053026146.0,26146.0,0.0,0.0,0.0,2.0,1,0,0.0,0.0,0.0,96,,,,,,99,,,,,,98801,53,68.0,140.0,1.0,1.0,0.0,2.0,0.0,0.0,,0,,,,,,4,02/15/2017,02/15/2017,20,8,0,0,0.0,9,8,,,0,0.0,0.0,8,9,2.0,402.0,605.0,695.0,1.0,1.0,1.0,2,1,0.072,,,,,,,,,,,,,,,,,,,,,,,,,,,,,,0,0,0,0,1,0,1,1,1,0,0,0,1,1,1,0,0,0,0,0,0,1,1,0,1,0,0,0,1,0,0,0,0,0,1,1.0,0,0,0,0,1,0,1,1,0,1,0,1,0,0,0,1,,,,,,18-20,16-25,County road,R,Thursday,,MC,Hispanic,0,0,0,0,County Road,County Sheriff,Chelan County Sheriff's Office,0,0,1,0,0,thc,3.1,carboxy-thc,34.0,,0.0,0.0,0.0,,,,,,,,,,,,,,,,,,,,,,,,,,,,,,,,,,,,98828,Wenatchee,Malaga
1093,1113,1113,2018,207,E813614,2.0,2018-06-11,22:02,11,6,0.0,61,Snohomish,0,1,0.0,2,1,2,2,0,12,4,,,,12,0,2,7.1,1,0,1,3,2,1,2,0,0,0,0,US-2,,-122.0701389,47.936486111,0,1,50,54,3,98,34,0,0,1,7,12,3,1,2,1,6,1,2,15,0,35,472,2003,0,0.0,68,12.0,60.0,54.0,12.0,,1,1,27,1,1.0,7.0,4,7,3,0,11,0,06/11/2018,22:02,203053026478.0,26478.0,0.0,0.0,0.0,2.0,1,33,0.0,0.0,0.0,96,,,,,,9,,,,,,98106,53,66.0,130.0,1.0,1.0,0.0,1.0,0.0,0.0,,0,,,,,,0,03/15/2018,05/15/2018,1,0,0,0,0.0,1,1,,,0,0.0,0.0,1,1,2.0,605.0,695.0,,1.0,1.0,,2,1,0.19,,,,,,,,,,,,,,,,,,,,,,,,,,,,,,0,0,0,0,1,1,1,1,1,0,0,0,0,1,0,0,0,0,0,0,0,0,0,1,1,0,0,0,0,1,0,0,0,0,0,,1,0,0,0,0,1,1,1,0,0,0,1,0,0,0,1,,,,,,26-30,26-35,US highway,U,Monday,Belt Used,PV,Hispanic,0,1,1,0,State Route,State Patrol,Washington State Patrol,0,1,0,0,0,thc,9.2,carboxy-thc,47.0,,0.0,1.0,0.0,,,,,,,,,,,,,,,,,,,,,,,,,,,,,,,,,,,,98290,Seattle,Snohomish
1094,1114,1114,2018,207,E813614,2.0,2018-06-11,22:02,11,6,0.0,61,Snohomish,0,1,0.0,2,1,2,2,0,12,4,,,,12,0,2,7.1,1,0,1,3,2,1,2,0,0,0,0,US-2,,-122.0701389,47.936486111,0,2,51,62,4,60,20,0,0,1,7,12,2,1,2,1,14,1,2,53,0,7,442,2008,0,0.0,12,,,,,,1,1,55,2,1.0,98.0,4,7,3,0,11,0,06/11/2018,22:02,203053026729.0,26729.0,0.0,0.0,0.0,3.0,1,0,0.0,0.0,0.0,96,,,,,,9,,,,,,98290,53,64.0,165.0,6.0,1.0,0.0,0.0,0.0,0.0,,0,,,,,,0,,,8,0,0,0,0.0,1,8,,,0,0.0,0.0,8,1,2.0,1.0,,,1.0,,,2,1,0.2,,,,,,,,,,,,,,,,,,,,,,,,,,,,,,0,0,0,0,1,1,1,1,1,0,0,0,0,1,0,0,0,0,0,0,0,0,0,1,1,0,0,0,0,1,0,0,0,0,0,,1,0,0,0,0,1,0,1,0,0,0,0,0,1,0,1,,,,,,51-55,46-55,US highway,U,Monday,Belt Used,PV,Hispanic,0,1,1,0,State Route,State Patrol,Washington State Patrol,0,1,0,0,0,,,,,,0.0,0.0,0.0,,,,,,,,,,,,,,,,,,,,,,,,,,,,,,,,,,,,98290,Snohomish,Snohomish