,index,Unnamed: 0,year,case,par,repjur,crash_dt,crash_tm,accday,accmon,holiday,county,co_char,city,weather,weather2,lightcond,surfcond,surftype,numfatal,nmforms,pforms,vforms,not_tm,arr_tm,hosp_tm,fhevent,hitrun,manncol,milepnt,reljunc,reljuncinter,intersectiontype,funcsystem,landuse,ownership,route,schlbus,spejur,contdev,devfunc,trafid1,trafid2,lon,lat,wk_zone,vnumber,crashtype,criticalevent,criticaleventcat,spdlim,body,trailer,emerg,hazcargo,leave,mhevent,roadalgn,roadprof,traflane,trafflow,vehmanvr,numoccs,regowner,regstate,spuse,make,model,modelyr,vrf1,vrf2,seqevent1,seqevent2,seqevent3,seqevent4,seqevent5,seqevent6,pnumber,ptype,age,sex,hispanic,race,injury,diedscene,restraint,restraintmisuse,seatpos,takehosp,death_dt,death_tm,cert,cernum_wa,commlic,licendor,licrestrict,liccomp,drivpres,drf1,drf2,drf3,drf4,distract1,distract2,distract3,distract4,distract5,distract6,dricond1,dricond2,dricond3,dricond4,dricond5,dricond6,dzip,licstate,drhgt_in,weight,noncdl,noncdltype,prevdwi,prevoth,prevacc,prevspd,prevsus,driviol1,driviol2,driviol3,driviol4,driviol5,driviol6,spdrel,first_dt,last_dt,airbag,ejection,ejectpath,extricat,injurwrk,methalc,methdrug,nmlocat,strikveh,prf1,prf2,prf3,druginv,alcinvol,drugsts,drugres1,drugres2,drugres3,drugtst1,drugtst2,drugtst3,alcsts,alctst,alcres,nmact1,nmact2,nmact3,nmact4,nmact5,nmact6,nmprior1,nmprior2,nmprior3,nmprior4,nmprior5,nmprior6,nmcond1,nmcond2,nmcond3,nmcond4,nmcond5,nmcond6,nmsafe_helmet,nmsafe_pads,nmsafe_oth,nmprev_ref,nmprev_lgt,nmprev_oth,crashlocation,nmcrashtype,crosswalk,schoolzone,sidewalk,train_inv,wildlife_inv,rotr_fars,intersect_fars,dd_inv,aid_inv,dpd_inv,id_inv,mj_inv,impnm_inv,ainm_inv,dpnm_inv,speed_inv,unlic_inv,unendmc_inv,drowsy_inv,drdist_inv,nmdist_inv,fty_inv,unrestfat_inv,dr1617_inv,dr1820_inv,dr1620_inv,dr2125_inv,dr1625_inv,dr65_inv,dr70_inv,dr75_inv,mc_inv,pv_inv,ht_inv,ped_inv,bike_inv,unrest_fat,mc_fat,unhelmet_mc,pv_fat,ht_fat,ped_fat,bike_fat,dr_alc7,dr_alc8,dr_drug,dr_imp,dr_dist,dr_spd,dr_fty,dr_unlic,dr_alc7only,dr_alc8only,dr_drugonly,dr_drink,nm_imp,nm_alc7,nm_alc8,nm_drug,nm_dist,agegrp1,agegrp2,roadclass,urbrur,dayweek,restuse,vehtype,race_me,intersect,lanedep,oppdir,wrongway,rep_typ,investag,repag_long,rotr,st_rd,cty_rd,city_rd,oth_rd,drug_thc,thc_res,drug_cthc,cthc_res,drug_cann,prevpersemin,prevperse,prevsusoth,drugtst4,drugtst5,drugtst6,drugtst7,drugtst8,drugres4,drugres5,drugres6,drugres7,drugres8,adspresent,adsengaged,adslevel,race1,race2,race3,race4,race5,helmet,helmetmisuse,nmdistract1,nmdistract2,nmdistract3,nmdistract4,nmdistract5,nmdistract6,lab,isedtcase,crf1,crf2,crf3,CoRoadName,CoMP,IntCoRoadName,IntCoMP,crashzip,dcity,crashcity
1095,1115,1115,2018,207,E813614,2.0,2018-06-11,22:02,11,6,0.0,61,Snohomish,0,1,0.0,2,1,2,2,0,12,4,,,,12,0,2,7.1,1,0,1,3,2,1,2,0,0,0,0,US-2,,-122.0701389,47.936486111,0,3,98,62,4,60,34,0,0,1,5,12,2,1,2,1,14,5,1,53,0,12,481,2004,0,0.0,12,,,,,,1,1,45,2,0.0,0.0,0,0,3,0,11,0,,,,,0.0,0.0,0.0,3.0,1,0,0.0,0.0,0.0,96,,,,,,0,,,,,,98801,53,66.0,130.0,6.0,1.0,0.0,0.0,0.0,0.0,,0,,,,,,0,,,20,0,0,0,8.0,9,8,,,0,0.0,0.0,8,0,8.0,95.0,,,96.0,,,8,95,995.0,,,,,,,,,,,,,,,,,,,,,,,,,,,,,,0,0,0,0,1,1,1,1,1,0,0,0,0,1,0,0,0,0,0,0,0,0,0,1,1,0,0,0,0,1,0,0,0,0,0,,0,0,0,0,0,0,0,0,0,0,0,0,0,0,0,0,,,,,,41-45,36-45,US highway,U,Monday,Belt Used,PV,Not Fatal,0,1,1,0,State Route,State Patrol,Washington State Patrol,0,1,0,0,0,,,,,,0.0,0.0,0.0,,,,,,,,,,,,,,,,,,,,,,,,,,,,,,,,,,,,98290,Wenatchee,Snohomish
1096,1116,1116,2018,207,E813614,2.0,2018-06-11,22:02,11,6,0.0,61,Snohomish,0,1,0.0,2,1,2,2,0,12,4,,,,12,0,2,7.1,1,0,1,3,2,1,2,0,0,0,0,US-2,,-122.0701389,47.936486111,0,4,98,98,7,98,4,0,0,1,5,54,3,1,2,1,14,5,1,53,0,30,40,2010,0,0.0,54,,,,,,1,1,25,2,0.0,0.0,0,0,3,0,11,0,,,,,0.0,0.0,0.0,3.0,1,0,0.0,0.0,0.0,96,,,,,,0,,,,,,98272,53,67.0,170.0,6.0,1.0,0.0,0.0,0.0,1.0,,0,,,,,,0,05/15/2018,05/15/2018,20,0,0,0,8.0,9,8,,,0,0.0,0.0,8,0,8.0,95.0,,,96.0,,,8,95,995.0,,,,,,,,,,,,,,,,,,,,,,,,,,,,,,0,0,0,0,1,1,1,1,1,0,0,0,0,1,0,0,0,0,0,0,0,0,0,1,1,0,0,0,0,1,0,0,0,0,0,,0,0,0,0,0,0,0,0,0,0,0,0,0,0,0,0,,,,,,21-25,16-25,US highway,U,Monday,Belt Used,PV,Not Fatal,0,1,1,0,State Route,State Patrol,Washington State Patrol,0,1,0,0,0,,,,,,0.0,0.0,0.0,,,,,,,,,,,,,,,,,,,,,,,,,,,,,,,,,,,,98290,Monroe,Snohomish
1097,1117,1117,2018,208,E813810,55.0,2018-06-28,17:20,28,6,0.0,33,King,100,1,0.0,1,1,2,4,0,5,1,,,,31,0,0,0.0,3,0,3,5,2,4,6,0,3,0,0,R ST SE,17TH ST SE,-122.2082194,47.293716667,0,1,14,14,2,35,14,0,0,1,7,2,1,1,2,1,1,5,2,53,0,2,404,2008,0,0.0,71,31.0,38.0,2.0,,,1,1,32,1,7.0,3.0,4,0,99,0,11,4,06/28/2018,21:41,196053029059.0,29059.0,0.0,0.0,0.0,3.0,1,0,0.0,0.0,0.0,96,,,,,,99,,,,,,98092,53,65.0,194.0,6.0,1.0,0.0,1.0,1.0,0.0,,0,,,,,,4,04/15/2015,04/15/2015,99,9,0,0,0.0,9,8,,,0,0.0,0.0,8,9,2.0,605.0,695.0,,1.0,1.0,,2,1,0.0,,,,,,,,,,,,,,,,,,,,,,,,,,,,,,0,0,0,1,0,0,1,1,1,0,0,0,1,0,0,0,0,0,0,0,0,0,0,0,0,0,0,0,0,1,0,0,0,0,0,,1,0,0,0,0,0,1,1,0,1,0,0,0,0,1,0,,,,,,31-35,26-35,City street,U,Thursday,Unknown,PV,AIAN,0,1,0,0,City Street,Municipal/City Police,Auburn Police Department,1,0,0,1,0,thc,2.3,carboxy-thc,33.0,,0.0,0.0,0.0,,,,,,,,,,,,,,,,,,,,,,,,,,,,,,,,,,,,98002,Auburn,Auburn
1098,1118,1118,2018,209,E807599,5.0,2018-06-10,18:38,10,6,0.0,59,Skamania,0,2,0.0,1,2,2,1,0,1,1,,,,1,0,0,29.6,1,0,1,3,1,1,3,0,0,0,0,SR-14,,-122.1302639,45.596330556,0,1,1,6,1,55,2,0,0,1,2,1,1,2,2,1,6,1,1,53,0,12,3,2017,0,0.0,68,68.0,63.0,1.0,42.0,,1,1,46,1,7.0,1.0,4,0,3,0,11,4,06/26/2018,1:39,237053028417.0,28417.0,0.0,0.0,0.0,3.0,1,0,0.0,0.0,0.0,96,,,,,,0,,,,,,98671,53,74.0,235.0,6.0,1.0,1.0,0.0,0.0,1.0,,0,,,,,,4,04/15/2017,02/15/2018,2,0,0,0,0.0,9,8,,,0,0.0,0.0,8,0,8.0,95.0,,,96.0,,,8,95,995.0,,,,,,,,,,,,,,,,,,,,,,,,,,,,,,0,0,1,0,0,0,0,0,0,0,0,0,1,0,0,0,0,0,0,0,0,0,0,0,0,0,0,0,0,1,0,0,0,0,0,,1,0,0,0,0,0,0,0,0,1,0,0,0,0,0,0,,,,,,46-50,46-55,State route,R,Sunday,Belt Used,PV,White,0,1,0,0,State Route,State Patrol,Washington State Patrol,1,1,0,0,0,,,,,,0.0,1.0,0.0,,,,,,,,,,,,,,,,,,,,,,,,,,,,,,,,,,,,98671,Washougal,Washougal
1099,1119,1119,2018,210,E814044,290.0,2018-07-02,16:07,2,7,0.0,53,Pierce,2230,1,0.0,1,1,2,1,0,2,2,,,,12,0,6,0.0,2,0,2,4,2,4,6,0,0,0,0,S OAKES ST,S 58TH ST,-122.4723139,47.204630556,0,1,73,17,2,35,84,0,0,1,7,12,1,1,2,1,6,1,1,53,0,98,703,2016,0,0.0,12,,,,,,1,1,46,1,7.0,1.0,4,7,19,0,11,0,07/02/2018,16:07,223053030541.0,30541.0,0.0,0.0,3.0,3.0,1,33,0.0,0.0,0.0,96,,,,,,99,,,,,,98409,53,72.0,195.0,6.0,1.0,0.0,0.0,0.0,0.0,,0,,,,,,0,,,20,8,0,0,0.0,9,8,,,0,0.0,0.0,8,9,2.0,605.0,695.0,,1.0,1.0,,2,1,0.22,,,,,,,,,,,,,,,,,,,,,,,,,,,,,,0,0,0,1,1,1,1,1,1,0,0,0,0,0,0,0,0,0,0,0,1,0,1,0,1,0,0,0,1,1,0,0,0,0,1,0.0,0,0,0,0,0,1,1,1,0,0,0,0,0,0,0,1,,,,,,46-50,46-55,City street,U,Monday,,OTHMC,White,1,0,0,0,City Street,Municipal/City Police,Tacoma Police Department,0,0,0,1,0,thc,28.0,carboxy-thc,25.0,,0.0,0.0,0.0,,,,,,,,,,,,,,,,,,,,,,,,,,,,,,,,,,,,98409,Tacoma,Tacoma
1100,1120,1120,2018,210,E814044,290.0,2018-07-02,16:07,2,7,0.0,53,Pierce,2230,1,0.0,1,1,2,1,0,2,2,,,,12,0,6,0.0,2,0,2,4,2,4,6,0,0,0,0,S OAKES ST,S 58TH ST,-122.4723139,47.204630556,0,2,72,60,4,35,4,0,0,1,7,12,1,1,2,1,11,1,2,53,0,7,29,2014,0,0.0,12,,,,,,1,1,17,1,0.0,0.0,0,0,3,0,11,0,,,,,0.0,0.0,3.0,3.0,1,0,0.0,0.0,0.0,96,,,,,,0,,,,,,98374,53,70.0,125.0,6.0,2.0,0.0,0.0,0.0,0.0,,0,,,,,,0,,,2,0,0,0,8.0,9,8,,,0,0.0,0.0,8,0,8.0,95.0,,,96.0,,,8,95,995.0,,,,,,,,,,,,,,,,,,,,,,,,,,,,,,0,0,0,1,1,1,1,1,1,0,0,0,0,0,0,0,0,0,0,0,1,0,1,0,1,0,0,0,1,1,0,0,0,0,0,,0,0,0,0,0,0,0,0,0,0,0,0,0,0,0,0,,,,,,16-17,16-25,City street,U,Monday,Belt Used,PV,Not Fatal,1,0,0,0,City Street,Municipal/City Police,Tacoma Police Department,0,0,0,1,0,,,,,,0.0,0.0,0.0,,,,,,,,,,,,,,,,,,,,,,,,,,,,,,,,,,,,98409,Puyallup,Tacoma
1101,1121,1121,2018,211,E814992,127.0,2018-07-04,2:14,4,7,5.0,33,King,735,1,0.0,2,1,2,2,0,2,1,,,,42,0,0,0.0,1,0,1,3,2,4,6,0,0,0,0,SW 320TH ST,,-122.34905,47.315177778,0,1,1,6,1,35,4,0,0,1,5,42,1,2,4,1,1,2,1,53,0,37,31,2000,0,0.0,63,42.0,,,,,1,1,28,1,1.0,98.0,4,7,20,0,11,0,07/04/2018,2:14,73553030024.0,30024.0,0.0,0.0,0.0,3.0,1,0,0.0,0.0,0.0,92,,,,,,99,,,,,,98023,53,67.0,175.0,6.0,1.0,0.0,0.0,0.0,0.0,,0,,,,,,4,,,1,1,9,0,0.0,9,8,,,0,0.0,0.0,8,9,2.0,1.0,,,1.0,,,2,1,0.19,,,,,,,,,,,,,,,,,,,,,,,,,,,,,,0,0,1,0,1,1,0,1,0,0,0,0,1,0,0,0,1,0,0,1,0,0,0,0,0,0,0,0,0,1,0,0,0,1,0,,1,0,0,0,0,1,0,1,1,1,0,0,0,1,0,1,,,,,,26-30,26-35,City street,U,Wednesday,Not Used,PV,Hispanic,0,1,0,0,City Street,Municipal/City Police,Federal Way Dept of Public Safety,1,0,0,1,0,,,,,,0.0,0.0,0.0,,,,,,,,,,,,,,,,,,,,,,,,,,,,,,,,,,,,98023,Federal Way,Federal Way
1102,1122,1122,2018,212,E815065,250.0,2018-07-01,2:03,1,7,0.0,5,Benton,1850,1,0.0,3,1,2,1,1,1,1,,,,8,0,0,0.0,3,0,2,4,2,4,6,0,0,2,3,JADWIN AVE,SYMONS ST,-119.2774694,46.289361111,0,1,13,80,5,35,6,0,0,1,7,8,1,1,2,1,1,1,1,53,0,48,34,1991,0,0.0,8,,,,,,1,1,64,2,0.0,0.0,0,0,3,0,11,0,,,,,0.0,0.0,3.0,3.0,1,0,0.0,0.0,0.0,96,,,,,,0,,,,,,99320,53,62.0,200.0,6.0,1.0,0.0,0.0,1.0,0.0,,0,,,,,,0,08/15/2016,08/15/2016,20,0,0,0,8.0,9,2,,,0,0.0,0.0,0,0,2.0,1.0,,,1.0,,,2,1,0.0,,,,,,,,,,,,,,,,,,,,,,,,,,,,,,0,0,0,1,0,0,0,0,0,1,0,1,0,0,0,0,0,0,0,0,0,0,0,0,0,0,0,0,0,1,0,1,0,0,0,,0,0,0,0,0,0,0,0,0,0,0,0,0,0,0,0,,,,,,61-65,56-65,City street,U,Sunday,Belt Used,PV,Not Fatal,1,0,0,0,City Street,Municipal/City Police,Richland Police Department,0,0,0,1,0,,,,,,0.0,0.0,0.0,,,,,,,,,,,,,,,,,,,,,,,,,,,,,,,,,,,,99354,Benton City,Richland
1103,1123,1123,2018,213,E815227,7.0,2018-07-04,20:06,4,7,5.0,33,King,1960,10,0.0,1,1,1,1,0,1,1,,,,25,0,0,0.4,5,1,1,1,2,1,1,0,0,0,0,I-5 RAMP 005Q116177,,-122.3134389,47.549683333,0,1,1,13,2,98,80,0,0,1,7,25,3,2,2,6,14,1,1,53,0,71,706,2005,0,0.0,63,25.0,,,,,1,1,46,1,7.0,1.0,4,7,5,0,11,0,07/04/2018,20:06,196053030026.0,30026.0,0.0,0.0,3.0,3.0,1,0,0.0,0.0,0.0,96,,,,,,99,,,,,,98105,53,74.0,175.0,6.0,1.0,0.0,0.0,0.0,1.0,,0,,,,,,4,02/15/2017,06/15/2017,20,8,0,0,0.0,9,8,,,0,0.0,0.0,8,9,2.0,1.0,,,1.0,,,2,1,0.0,,,,,,,,,,,,,,,,,,,,,,,,,,,,,,0,0,1,0,0,0,0,0,0,0,0,0,1,0,0,0,0,0,0,0,0,0,0,0,0,0,0,0,1,0,0,0,0,0,1,0.0,0,0,0,0,0,0,0,0,0,1,0,0,0,0,0,0,,,,,,46-50,46-55,Interstate,U,Wednesday,,MC,White,0,1,0,0,State Route,State Patrol,Washington State Patrol,1,1,0,0,0,,,,,,0.0,0.0,1.0,,,,,,,,,,,,,,,,,,,,,,,,,,,,,,,,,,,,98108,Seattle,Seattle
1104,1124,1124,2018,214,E815910,330.0,2018-07-06,22:01,6,7,0.0,77,Yakima,2590,1,0.0,3,1,2,1,0,4,3,22:02,22:08,22:22,12,0,6,0.0,2,0,2,4,2,4,6,0,0,0,0,TIETON DR,S 58TH AVE,-120.5857806,46.592769444,0,1,69,17,2,35,80,0,0,1,7,12,1,1,4,1,1,1,1,53,0,72,706,2009,0,0.0,12,,,,,,1,1,40,1,7.0,1.0,4,0,19,0,11,5,07/06/2018,22:45,259053029808.0,29808.0,0.0,0.0,0.0,3.0,1,0,0.0,0.0,0.0,96,,,,,,99,,,,,,98901,53,70.0,215.0,6.0,1.0,0.0,0.0,1.0,2.0,,0,,,,,,3,05/15/2014,12/15/2015,20,8,0,0,0.0,9,8,,,0,0.0,0.0,8,9,2.0,1.0,,,1.0,,,2,1,0.0,,,,,,,,,,,,,,,,,,,,,,,,,,,,,,0,0,0,1,0,0,0,0,0,0,0,0,1,0,0,0,0,0,1,0,0,1,1,1,1,0,0,0,1,1,0,0,0,0,1,0.0,0,0,0,0,0,0,0,0,0,1,0,0,0,0,0,0,,,,,,36-40,36-45,City street,U,Friday,,MC,White,1,0,0,0,City Street,Municipal/City Police,Yakima Police Department,0,0,0,1,0,,,,,,0.0,0.0,0.0,,,,,,,,,,,,,,,,,,,,,,,,,,,,,,,,,,,,98908,Yakima,Yakima
1105,1125,1125,2018,214,E815910,330.0,2018-07-06,22:01,6,7,0.0,77,Yakima,2590,1,0.0,3,1,2,1,0,4,3,22:02,22:08,22:22,12,0,6,0.0,2,0,2,4,2,4,6,0,0,0,0,TIETON DR,S 58TH AVE,-120.5857806,46.592769444,0,2,68,15,2,35,14,0,0,1,7,12,1,1,4,1,11,1,2,53,0,48,403,2015,0,0.0,12,12.0,,,,,1,1,19,2,0.0,0.0,2,0,3,0,11,6,,,,,0.0,0.0,0.0,3.0,1,38,0.0,0.0,0.0,96,,,,,,99,,,,,,98942,53,62.0,107.0,6.0,1.0,0.0,0.0,0.0,0.0,,97,,,,,,0,,,2,0,0,0,8.0,9,8,,,0,0.0,0.0,8,9,2.0,1.0,,,1.0,,,2,1,0.0,,,,,,,,,,,,,,,,,,,,,,,,,,,,,,0,0,0,1,0,0,0,0,0,0,0,0,1,0,0,0,0,0,1,0,0,1,1,1,1,0,0,0,1,1,0,0,0,0,0,,0,0,0,0,0,0,0,0,0,0,1,0,0,0,0,0,,,,,,18-20,16-25,City street,U,Friday,Belt Used,PV,Not Fatal,1,0,0,0,City Street,Municipal/City Police,Yakima Police Department,0,0,0,1,0,,,,,,0.0,0.0,0.0,,,,,,,,,,,,,,,,,,,,,,,,,,,,,,,,,,,,98908,Selah,Yakima
1106,1126,1126,2018,214,E815910,330.0,2018-07-06,22:01,6,7,0.0,77,Yakima,2590,1,0.0,3,1,8,1,0,4,3,22:02,22:08,22:22,12,0,6,0.0,2,0,2,4,2,4,6,0,0,20,3,TIETON DR,S 58TH AVE,-120.5857806,46.592769444,0,3,98,67,4,35,2,0,0,1,5,12,8,8,2,1,5,2,2,53,0,35,398,1992,0,0.0,12,,,,,,1,1,24,1,0.0,0.0,0,0,3,0,11,0,,,,,0.0,0.0,0.0,3.0,1,0,0.0,0.0,0.0,96,,,,,,0,,,,,,98901,53,70.0,185.0,6.0,1.0,0.0,2.0,0.0,7.0,,0,,,,,,0,10/15/2014,11/15/2016,20,0,0,0,8.0,9,8,,,0,0.0,0.0,8,0,8.0,95.0,,,96.0,,,8,95,995.0,,,,,,,,,,,,,,,,,,,,,,,,,,,,,,0,0,0,1,0,0,0,0,0,0,0,0,1,0,0,0,0,0,1,0,0,1,1,1,1,0,0,0,1,1,0,0,0,0,0,,0,0,0,0,0,0,0,0,0,0,0,0,0,0,0,0,,,,,,21-25,16-25,City street,U,Friday,Belt Used,PV,Not Fatal,1,0,0,0,City Street,Municipal/City Police,Yakima Police Department,0,0,0,1,0,,,,,,0.0,0.0,5.0,,,,,,,,,,,,,,,,,,,,,,,,,,,,,,,,,,,,98908,Yakima,Yakima
1107,1127,1127,2018,215,E814424,34.0,2018-07-02,9:28,2,7,0.0,51,Pend Oreille,0,1,0.0,1,1,2,1,0,1,1,9:29,9:41,,1,0,0,13.9,1,0,1,5,1,2,4,0,0,0,0,CR-LECLERC RD S,,-117.2410417,48.306672222,0,1,6,13,2,50,90,0,0,1,5,1,4,1,2,1,14,1,1,53,0,98,734,2016,0,0.0,63,69.0,68.0,64.0,1.0,,1,1,68,1,7.0,1.0,4,7,17,0,11,0,07/02/2018,9:28,53029104.0,29104.0,0.0,0.0,3.0,3.0,1,58,0.0,0.0,0.0,96,,,,,,0,,,,,,99156,53,69.0,235.0,6.0,1.0,0.0,0.0,0.0,0.0,,0,,,,,,0,,,20,2,9,0,0.0,9,8,,,0,0.0,0.0,8,0,8.0,95.0,,,96.0,,,8,95,995.0,,,,,,,,,,,,,,,,,,,,,,,,,,,,,,0,0,1,0,0,0,0,0,0,0,0,0,0,0,0,0,0,0,0,0,0,0,0,0,0,1,0,0,0,0,0,0,0,0,0,,0,0,0,0,0,0,0,0,0,0,0,0,0,0,0,0,,,,,,66-70,66-75,County road,R,Monday,,OTHVT,White,0,1,0,0,County Road,County Sheriff,Pend Oreille County Sheriff's Offic,1,0,1,0,0,,,,,,0.0,0.0,0.0,,,,,,,,,,,,,,,,,,,,,,,,,,,,,,,,,,,,99180,Newport,Usk
1108,1128,1128,2018,216,E816427,7.0,2018-07-06,22:43,6,7,0.0,33,King,1960,1,0.0,3,1,2,1,0,1,3,,,,24,0,0,19.3,1,0,1,3,2,1,3,0,0,0,0,SR-99,,-122.3252833,47.527558333,0,1,6,12,2,60,4,0,0,1,2,24,1,1,2,2,1,1,2,53,0,34,35,2008,0,0.0,64,24.0,31.0,14.0,14.0,2.0,1,1,17,1,1.0,98.0,4,7,99,0,11,0,07/06/2018,22:43,231053031115.0,31115.0,0.0,0.0,3.0,3.0,1,0,0.0,0.0,0.0,96,,,,,,99,,,,,,98108,53,69.0,135.0,6.0,2.0,0.0,0.0,0.0,1.0,,0,,,,,,4,09/15/2017,09/15/2017,8,0,0,0,0.0,9,8,,,0,0.0,0.0,8,9,2.0,996.0,996.0,,1.0,1.0,,2,1,0.0,,,,,,,,,,,,,,,,,,,,,,,,,,,,,,0,0,1,0,0,0,1,1,0,0,0,0,1,0,0,0,0,0,0,0,1,0,1,0,1,0,0,0,0,1,0,0,0,0,0,,1,0,0,0,0,0,1,1,0,1,0,0,0,0,1,0,,,,,,16-17,16-25,State route,U,Friday,Unknown,PV,Hispanic,0,1,0,0,State Route,State Patrol,Washington State Patrol,1,1,0,0,0,,,,,,0.0,0.0,0.0,,,,,,,,,,,,,,,,,,,,,,,,,,,,,,,,,,,,98108,Seattle,Seattle
1109,1129,1129,2018,217,E816997,2.0,2018-07-08,0:54,8,7,0.0,57,Skagit,1970,1,0.0,3,1,2,2,2,3,1,0:52,0:58,,8,0,0,63.8,3,0,2,3,2,1,3,0,0,3,3,SR-20,RHODES RD,-122.2583611,48.500797222,0,1,13,80,5,50,34,0,0,1,7,8,1,1,4,1,1,3,1,53,0,35,473,2006,0,0.0,8,8.0,,,,,1,1,30,2,0.0,0.0,0,0,99,0,11,0,,,,,0.0,0.0,0.0,0.0,1,91,0.0,0.0,0.0,96,,,,,,9,,,,,,98233,53,64.0,140.0,0.0,0.0,0.0,0.0,0.0,0.0,,1,,,,,,0,,,20,0,0,0,8.0,9,8,,,0,0.0,0.0,8,1,2.0,695.0,,,1.0,,,2,1,0.1,,,,,,,,,,,,,,,,,,,,,,,,,,,,,,0,0,0,1,1,1,1,1,1,1,1,1,0,1,0,0,0,0,0,0,0,0,0,0,0,0,0,0,0,1,0,1,0,0,0,,0,0,0,0,0,1,1,1,0,0,0,1,0,0,0,1,,,,,,26-30,26-35,State route,U,Sunday,Unknown,PV,Not Fatal,0,0,0,0,State Route,State Patrol,Washington State Patrol,0,1,0,0,0,,,carboxy-thc,5.0,,0.0,0.0,0.0,,,,,,,,,,,,,,,,,,,,,,,,,,,,,,,,,,,,98284,Burlington,Sedro Woolley
1110,1130,1130,2018,218,E817585,3.0,2018-07-06,11:55,6,7,0.0,67,Thurston,2320,1,0.0,1,1,2,1,1,1,1,,,,24,0,0,0.0,1,0,1,5,2,4,6,0,0,0,0,CLEVELAND AVE SE,,-122.8986611,47.016741667,0,1,6,12,2,35,21,0,0,1,5,8,2,1,4,1,14,1,1,53,0,20,461,1991,0,0.0,68,64.0,24.0,69.0,68.0,63.0,1,1,34,1,0.0,0.0,0,0,3,0,11,0,,,,,0.0,0.0,0.0,3.0,1,91,0.0,0.0,0.0,96,,,,,,1,,,,,,98512,53,75.0,280.0,6.0,1.0,0.0,0.0,0.0,1.0,,2,,,,,,0,04/15/2016,04/15/2016,20,0,0,0,8.0,9,2,,,0,0.0,0.0,0,0,8.0,95.0,,,96.0,,,8,95,995.0,,,,,,,,,,,,,,,,,,,,,,,,,,,,,,0,0,1,0,0,0,0,0,0,0,0,0,0,0,0,0,0,0,0,0,0,0,0,0,0,0,0,0,0,1,0,1,0,0,0,,0,0,0,0,0,0,0,0,0,0,0,0,0,0,0,0,,,,,,31-35,26-35,City street,U,Friday,Belt Used,PV,Not Fatal,0,1,0,0,City Street,State Patrol,Washington State Patrol,1,0,0,1,0,,,,,,0.0,0.0,0.0,,,,,,,,,,,,,,,,,,,,,,,,,,,,,,,,,,,,98501,Olympia,Olympia
1111,1131,1131,2018,219,E816547,55.0,2018-07-04,9:00,4,7,5.0,33,King,100,10,0.0,1,1,2,1,1,1,1,,,,9,0,0,0.0,2,0,3,5,2,4,6,0,0,0,0,4TH ST SE,D ST SE,-122.2228861,47.304202778,0,1,13,83,5,25,63,0,0,1,7,9,1,1,8,8,11,1,3,53,0,89,890,2012,42,0.0,9,,,,,,1,1,50,1,0.0,0.0,0,0,3,0,11,0,,,,,6.0,1.0,3.0,3.0,1,0,0.0,0.0,0.0,96,,,,,,0,,,,,,98391,53,67.0,210.0,6.0,1.0,0.0,0.0,0.0,0.0,,0,,,,,,0,,,20,0,0,0,8.0,9,8,,,0,0.0,0.0,8,0,2.0,1.0,,,1.0,,,2,1,0.0,,,,,,,,,,,,,,,,,,,,,,,,,,,,,,0,0,0,1,0,0,0,0,0,1,0,1,0,0,0,0,0,0,0,0,0,0,0,0,0,0,0,0,0,0,1,0,1,0,0,,0,0,0,0,0,0,0,0,0,0,0,0,0,0,0,0,,,,,,46-50,46-55,City street,U,Wednesday,,MHTRUCK,Not Fatal,1,0,0,0,City Street,Municipal/City Police,Auburn Police Department,0,0,0,1,0,,,,,,0.0,0.0,0.0,,,,,,,,,,,,,,,,,,,,,,,,,,,,,,,,,,,,98002,Bonney Lake,Auburn
1112,1132,1132,2018,220,E817545,5.0,2018-07-01,14:30,1,7,0.0,15,Cowlitz,1000,1,0.0,1,1,2,1,0,1,1,,,,24,0,0,30.6,1,0,1,1,2,1,1,0,0,0,0,I-5,,-122.8494306,46.018441667,0,1,1,13,2,70,80,0,0,1,7,24,3,1,3,3,14,1,1,41,0,72,706,2017,0,0.0,63,24.0,,,,,1,1,48,1,7.0,1.0,4,7,5,0,11,0,07/01/2018,14:30,100053029262.0,29262.0,6.0,0.0,3.0,3.0,1,0,0.0,0.0,0.0,96,,,,,,99,,,,,,97214,41,68.0,210.0,6.0,1.0,0.0,0.0,0.0,0.0,,0,,,,,,0,,,20,8,0,0,0.0,9,8,,,0,0.0,0.0,8,9,2.0,1.0,,,1.0,,,2,1,0.19,,,,,,,,,,,,,,,,,,,,,,,,,,,,,,0,0,1,0,1,1,0,1,0,0,0,0,0,0,0,0,0,0,0,0,0,0,0,0,0,0,0,0,1,0,0,0,0,0,1,0.0,0,0,0,0,0,1,0,1,0,0,0,0,0,1,0,1,,,,,,46-50,46-55,Interstate,U,Sunday,,MC,White,0,1,0,0,State Route,State Patrol,Washington State Patrol,1,1,0,0,0,,,,,,0.0,0.0,0.0,,,,,,,,,,,,,,,,,,,,,,,,,,,,,,,,,,,,98625,Portland,Kalama
1113,1133,1133,2018,221,E817122,21.0,2018-07-03,13:58,3,7,0.0,25,Grant,0,1,0.0,1,1,2,1,1,4,1,14:03,14:07,14:39,9,0,0,2.8,2,0,2,96,6,96,8,0,0,0,0,CR-AIRWAY DR NE,NOT REPORTED,-119.3223222,47.159261111,0,1,13,83,5,98,34,0,0,1,5,9,1,1,8,8,1,4,1,8,0,20,481,2015,0,0.0,9,,,,,,1,1,46,1,0.0,0.0,0,0,3,0,11,0,,,,,0.0,0.0,0.0,3.0,1,0,0.0,0.0,0.0,93,,,,,,0,,,,,,98837,53,70.0,230.0,6.0,1.0,0.0,0.0,0.0,0.0,,0,,,,,,0,,,20,0,0,0,8.0,9,8,,,0,0.0,0.0,8,0,8.0,95.0,,,96.0,,,8,95,995.0,,,,,,,,,,,,,,,,,,,,,,,,,,,,,,0,0,0,1,0,0,0,0,0,0,0,0,0,0,0,0,1,1,0,0,0,0,0,0,0,0,0,0,0,1,0,0,1,0,0,,0,0,0,0,0,0,0,0,1,0,0,0,0,0,0,0,,,,,,46-50,46-55,Other,,Tuesday,Belt Used,PV,Not Fatal,1,0,0,0,County Road,County Sheriff,Grant County Sheriff's Office,0,0,1,0,0,,,,,,0.0,0.0,0.0,,,,,,,,,,,,,,,,,,,,,,,,,,,,,,,,,,,,98837,Moses Lake,Moses Lake