,index,Unnamed: 0,year,case,par,repjur,crash_dt,crash_tm,accday,accmon,holiday,county,co_char,city,weather,weather2,lightcond,surfcond,surftype,numfatal,nmforms,pforms,vforms,not_tm,arr_tm,hosp_tm,fhevent,hitrun,manncol,milepnt,reljunc,reljuncinter,intersectiontype,funcsystem,landuse,ownership,route,schlbus,spejur,contdev,devfunc,trafid1,trafid2,lon,lat,wk_zone,vnumber,crashtype,criticalevent,criticaleventcat,spdlim,body,trailer,emerg,hazcargo,leave,mhevent,roadalgn,roadprof,traflane,trafflow,vehmanvr,numoccs,regowner,regstate,spuse,make,model,modelyr,vrf1,vrf2,seqevent1,seqevent2,seqevent3,seqevent4,seqevent5,seqevent6,pnumber,ptype,age,sex,hispanic,race,injury,diedscene,restraint,restraintmisuse,seatpos,takehosp,death_dt,death_tm,cert,cernum_wa,commlic,licendor,licrestrict,liccomp,drivpres,drf1,drf2,drf3,drf4,distract1,distract2,distract3,distract4,distract5,distract6,dricond1,dricond2,dricond3,dricond4,dricond5,dricond6,dzip,licstate,drhgt_in,weight,noncdl,noncdltype,prevdwi,prevoth,prevacc,prevspd,prevsus,driviol1,driviol2,driviol3,driviol4,driviol5,driviol6,spdrel,first_dt,last_dt,airbag,ejection,ejectpath,extricat,injurwrk,methalc,methdrug,nmlocat,strikveh,prf1,prf2,prf3,druginv,alcinvol,drugsts,drugres1,drugres2,drugres3,drugtst1,drugtst2,drugtst3,alcsts,alctst,alcres,nmact1,nmact2,nmact3,nmact4,nmact5,nmact6,nmprior1,nmprior2,nmprior3,nmprior4,nmprior5,nmprior6,nmcond1,nmcond2,nmcond3,nmcond4,nmcond5,nmcond6,nmsafe_helmet,nmsafe_pads,nmsafe_oth,nmprev_ref,nmprev_lgt,nmprev_oth,crashlocation,nmcrashtype,crosswalk,schoolzone,sidewalk,train_inv,wildlife_inv,rotr_fars,intersect_fars,dd_inv,aid_inv,dpd_inv,id_inv,mj_inv,impnm_inv,ainm_inv,dpnm_inv,speed_inv,unlic_inv,unendmc_inv,drowsy_inv,drdist_inv,nmdist_inv,fty_inv,unrestfat_inv,dr1617_inv,dr1820_inv,dr1620_inv,dr2125_inv,dr1625_inv,dr65_inv,dr70_inv,dr75_inv,mc_inv,pv_inv,ht_inv,ped_inv,bike_inv,unrest_fat,mc_fat,unhelmet_mc,pv_fat,ht_fat,ped_fat,bike_fat,dr_alc7,dr_alc8,dr_drug,dr_imp,dr_dist,dr_spd,dr_fty,dr_unlic,dr_alc7only,dr_alc8only,dr_drugonly,dr_drink,nm_imp,nm_alc7,nm_alc8,nm_drug,nm_dist,agegrp1,agegrp2,roadclass,urbrur,dayweek,restuse,vehtype,race_me,intersect,lanedep,oppdir,wrongway,rep_typ,investag,repag_long,rotr,st_rd,cty_rd,city_rd,oth_rd,drug_thc,thc_res,drug_cthc,cthc_res,drug_cann,prevpersemin,prevperse,prevsusoth,drugtst4,drugtst5,drugtst6,drugtst7,drugtst8,drugres4,drugres5,drugres6,drugres7,drugres8,adspresent,adsengaged,adslevel,race1,race2,race3,race4,race5,helmet,helmetmisuse,nmdistract1,nmdistract2,nmdistract3,nmdistract4,nmdistract5,nmdistract6,lab,isedtcase,crf1,crf2,crf3,CoRoadName,CoMP,IntCoRoadName,IntCoMP,crashzip,dcity,crashcity
1114,1134,1134,2018,222,E816925,4.0,2018-07-11,7:00,11,7,0.0,63,Spokane,0,1,0.0,1,1,2,1,0,3,2,7:00,7:18,,12,0,6,15.2,2,0,2,4,1,1,3,0,0,20,3,SR-290,MCKENZIE RD,-117.0986556,47.712080556,0,1,82,15,2,55,4,0,0,1,2,12,1,1,2,1,11,2,9,99,0,59,35,2006,0,0.0,12,,,,,,1,1,16,2,7.0,1.0,4,7,3,0,11,0,07/11/2018,7:00,53031404.0,31404.0,0.0,0.0,3.0,3.0,1,38,0.0,0.0,0.0,93,,,,,,0,,,,,,99205,53,67.0,150.0,6.0,7.0,0.0,0.0,0.0,0.0,,0,,,,,,0,,,8,0,0,0,0.0,9,8,,,0,0.0,0.0,8,0,2.0,1.0,,,1.0,,,2,1,0.0,,,,,,,,,,,,,,,,,,,,,,,,,,,,,,0,0,0,1,0,0,0,0,0,0,0,0,0,0,0,0,1,0,1,0,1,0,1,0,1,0,0,0,0,1,1,0,0,0,0,,1,0,0,0,0,0,0,0,1,0,1,0,0,0,0,0,,,,,,16-17,16-25,State route,R,Wednesday,Belt Used,PV,White,1,0,0,0,State Route,State Patrol,Washington State Patrol Headquarter,0,1,0,0,0,,,,,,0.0,0.0,0.0,,,,,,,,,,,,,,,,,,,,,,,,,,,,,,,,,,,,99027,Spokane,Otis Orchards
1115,1135,1135,2018,222,E816925,4.0,2018-07-11,7:00,11,7,0.0,63,Spokane,0,1,0.0,1,1,2,1,0,3,2,7:00,7:18,,12,0,6,15.2,2,0,2,4,1,1,3,0,0,0,0,SR-290,MCKENZIE RD,-117.0986556,47.712080556,0,2,83,67,4,55,66,1,0,1,5,12,8,8,4,1,1,1,3,53,0,85,881,1998,0,0.0,12,,,,,,1,1,27,1,0.0,0.0,0,0,3,0,11,0,,,,,6.0,3.0,0.0,3.0,1,0,0.0,0.0,0.0,96,,,,,,0,,,,,,83815,16,75.0,200.0,6.0,1.0,0.0,0.0,0.0,0.0,,0,,,,,,0,,,20,0,0,0,8.0,9,8,,,0,0.0,0.0,8,0,2.0,1.0,,,1.0,,,2,1,0.0,,,,,,,,,,,,,,,,,,,,,,,,,,,,,,0,0,0,1,0,0,0,0,0,0,0,0,0,0,0,0,1,0,1,0,1,0,1,0,1,0,0,0,0,1,1,0,0,0,0,,0,0,0,0,0,0,0,0,0,0,0,0,0,0,0,0,,,,,,26-30,26-35,State route,R,Wednesday,,MHTRUCK,Not Fatal,1,0,0,0,State Route,State Patrol,Washington State Patrol Headquarter,0,1,0,0,0,,,,,,0.0,0.0,0.0,,,,,,,,,,,,,,,,,,,,,,,,,,,,,,,,,,,,99027,Coeur D Alene,Otis Orchards
1116,1136,1136,2018,223,E818522,6.0,2018-07-11,1:55,11,7,0.0,7,Chelan,0,1,0.0,2,1,2,1,0,1,1,,,,1,0,0,150.6,1,0,1,3,1,1,2,0,0,0,0,US-97,,-120.5708472,47.351658333,0,1,1,13,2,60,14,0,0,1,2,1,3,2,3,1,14,1,1,53,0,63,402,2013,0,0.0,63,1.0,,,,,1,1,73,1,7.0,1.0,4,7,3,0,11,0,07/11/2018,1:55,53031574.0,31574.0,0.0,0.0,3.0,3.0,1,0,0.0,0.0,0.0,93,,,,,,99,,,,,,98270,53,72.0,202.0,6.0,1.0,0.0,0.0,0.0,0.0,,0,,,,,,0,,,1,0,0,0,0.0,9,8,,,0,0.0,0.0,8,9,2.0,605.0,,,1.0,,,2,1,0.0,,,,,,,,,,,,,,,,,,,,,,,,,,,,,,0,0,1,0,0,0,1,1,1,0,0,0,0,0,0,0,1,0,0,0,0,0,0,0,0,1,1,0,0,1,0,0,0,0,0,,1,0,0,0,0,0,1,1,1,0,0,0,0,0,1,0,,,,,,71-75,66-75,US highway,R,Wednesday,Belt Used,PV,White,0,1,0,0,State Route,State Patrol,Washington State Patrol,1,1,0,0,0,thc,1.6,,,,0.0,0.0,0.0,,,,,,,,,,,,,,,,,,,,,,,,,,,,,,,,,,,,98847,Marysville,Peshastin
1117,1137,1137,2018,224,E818652,26.0,2018-07-14,6:58,14,7,0.0,35,Kitsap,0,1,0.0,1,1,2,1,1,1,1,,,,8,1,0,2.5,1,0,1,5,1,2,4,0,0,0,0,CR-SIDNEY RD SW,,-122.6613167,47.437952778,0,1,13,13,2,45,4,0,0,1,5,8,1,1,2,1,1,99,2,53,0,20,25,2016,0,0.0,63,8.0,,,,,1,1,29,2,0.0,0.0,0,0,99,0,11,0,,,,,0.0,0.0,0.0,0.0,1,91,0.0,0.0,0.0,96,,,,,,2,,,,,,98328,53,63.0,120.0,0.0,0.0,0.0,0.0,0.0,0.0,,1,7.0,,,,,0,02/15/2018,02/15/2018,20,0,0,0,8.0,9,8,,,0,0.0,0.0,8,9,8.0,95.0,,,96.0,,,8,95,995.0,,,,,,,,,,,,,,,,,,,,,,,,,,,,,,0,0,0,0,0,0,0,0,0,0,0,0,0,1,0,1,0,0,0,0,0,0,0,0,0,0,0,0,0,1,0,1,0,0,0,,0,0,0,0,0,0,0,0,0,0,0,1,0,0,0,0,,,,,,26-30,26-35,County road,R,Saturday,Unknown,PV,Not Fatal,0,0,0,0,County Road,County Sheriff,Kitsap County Sheriff's Office,0,0,1,0,0,,,,,,0.0,0.0,1.0,,,,,,,,,,,,,,,,,,,,,,,,,,,,,,,,,,,,98367,Eatonville,Port Orchard
1118,1138,1138,2018,225,E818845,21.0,2018-07-09,7:36,9,7,0.0,25,Grant,0,1,0.0,1,1,7,1,0,2,2,7:40,7:56,,12,0,6,2.0,2,0,3,5,1,2,4,0,0,20,3,CR-RD S SE,CR-RD 6 SE,-119.0881278,46.998969444,0,1,82,15,2,55,6,0,0,1,7,12,1,4,2,1,11,1,2,53,0,12,24,2013,0,0.0,12,,,,,,1,1,31,2,1.0,1.0,4,7,3,0,11,0,07/09/2018,7:36,53029981.0,29981.0,0.0,0.0,0.0,3.0,1,38,39.0,0.0,0.0,93,,,,,,0,,,,,,98857,53,64.0,239.0,6.0,1.0,0.0,1.0,1.0,1.0,,0,,,,,,0,10/15/2014,02/15/2018,8,0,0,0,0.0,9,8,,,0,0.0,0.0,8,0,2.0,695.0,,,1.0,,,2,1,0.0,,,,,,,,,,,,,,,,,,,,,,,,,,,,,,0,0,0,1,0,0,1,1,1,0,0,0,0,0,0,0,1,0,1,0,0,0,0,0,0,0,0,0,0,1,1,0,0,0,0,,1,0,0,0,0,0,1,1,1,0,1,0,0,0,1,0,,,,,,31-35,26-35,County road,R,Monday,Belt Used,PV,Hispanic,1,0,0,0,County Road,County Sheriff,Grant County Sheriff's Office,0,0,1,0,0,,,carboxy-thc,7.9,,0.0,0.0,2.0,,,,,,,,,,,,,,,,,,,,,,,,,,,,,,,,,,,,98857,Warden,Warden
1119,1139,1139,2018,225,E818845,21.0,2018-07-09,7:36,9,7,0.0,25,Grant,0,1,0.0,1,1,7,1,0,2,2,7:40,7:56,,12,0,6,2.0,2,0,3,5,1,2,4,0,0,0,0,CR-RD S SE,CR-RD 6 SE,-119.0881278,46.998969444,0,2,83,67,4,55,66,1,0,1,7,1,1,4,2,1,1,1,3,53,0,82,881,2011,0,0.0,12,68.0,64.0,1.0,,,1,1,29,1,0.0,0.0,1,0,2,0,11,0,,,,,6.0,1.0,0.0,3.0,1,0,0.0,0.0,0.0,96,,,,,,0,,,,,,99344,53,69.0,205.0,6.0,1.0,0.0,0.0,0.0,1.0,,0,,,,,,0,11/15/2014,11/15/2014,20,0,0,0,8.0,9,8,,,0,0.0,0.0,8,0,8.0,95.0,,,96.0,,,8,95,995.0,,,,,,,,,,,,,,,,,,,,,,,,,,,,,,0,0,0,1,0,0,1,1,1,0,0,0,0,0,0,0,1,0,1,0,0,0,0,0,0,0,0,0,0,1,1,0,0,0,0,,0,0,0,0,0,0,0,0,0,0,0,0,0,0,0,0,,,,,,26-30,26-35,County road,R,Monday,,MHTRUCK,Not Fatal,1,0,0,0,County Road,County Sheriff,Grant County Sheriff's Office,0,0,1,0,0,,,,,,0.0,0.0,0.0,,,,,,,,,,,,,,,,,,,,,,,,,,,,,,,,,,,,98857,Othello,Warden
1120,1140,1140,2018,226,E818854,1.0,2018-07-11,13:51,11,7,0.0,77,Yakima,2220,1,0.0,1,1,2,1,0,1,1,,,,35,0,0,67.1,19,1,1,1,2,1,1,0,0,0,0,I-82,,-120.0168639,46.305980556,0,1,6,12,2,70,14,0,0,1,2,1,1,2,2,3,1,1,2,53,0,2,404,2016,0,0.0,64,67.0,35.0,1.0,,,1,1,44,1,7.0,1.0,4,7,3,0,11,0,07/11/2018,13:51,222053030801.0,30801.0,0.0,0.0,0.0,3.0,1,0,0.0,0.0,0.0,96,,,,,,0,,,,,,98953,53,70.0,220.0,6.0,1.0,0.0,0.0,0.0,0.0,,0,,,,,,0,,,8,0,0,0,0.0,9,8,,,0,0.0,0.0,8,0,8.0,95.0,,,96.0,,,8,95,995.0,,,,,,,,,,,,,,,,,,,,,,,,,,,,,,0,0,1,0,0,0,0,0,0,0,0,0,0,0,0,0,0,0,0,0,0,0,0,0,0,0,0,0,0,1,0,0,0,0,0,,1,0,0,0,0,0,0,0,0,0,0,0,0,0,0,0,,,,,,41-45,36-45,Interstate,U,Wednesday,Belt Used,PV,White,0,1,0,0,State Route,State Patrol,Washington State Patrol,1,1,0,0,0,,,,,,0.0,0.0,0.0,,,,,,,,,,,,,,,,,,,,,,,,,,,,,,,,,,,,98944,Zillah,Sunnyside
1121,1141,1141,2018,227,E819244,2.0,2018-07-03,22:31,3,7,5.0,61,Snohomish,0,1,0.0,2,1,2,1,1,4,1,,,,8,0,0,19.1,1,0,1,3,2,1,3,0,0,0,0,SR-522,,-122.0678556,47.816963889,0,1,13,80,5,55,14,0,0,1,7,8,1,3,2,1,1,4,1,53,0,32,401,2018,0,0.0,8,,,,,,1,1,34,1,0.0,0.0,0,0,3,0,11,0,,,,,0.0,0.0,0.0,3.0,1,0,0.0,0.0,0.0,0,,,,,,99,,,,,,98272,53,71.0,160.0,6.0,1.0,0.0,0.0,1.0,1.0,,0,,,,,,0,03/15/2014,10/15/2017,20,0,0,0,8.0,9,2,,,0,0.0,0.0,0,0,2.0,1.0,,,1.0,,,2,1,0.0,,,,,,,,,,,,,,,,,,,,,,,,,,,,,,0,0,0,0,0,0,0,0,0,0,0,0,0,0,0,0,0,0,0,0,0,0,0,0,0,0,0,0,0,1,0,1,0,0,0,,0,0,0,0,0,0,0,0,0,0,0,0,0,0,0,0,,,,,,31-35,26-35,State route,U,Tuesday,Belt Used,PV,Not Fatal,0,0,0,0,State Route,State Patrol,Washington State Patrol,0,1,0,0,0,,,,,,0.0,0.0,0.0,,,,,,,,,,,,,,,,,,,,,,,,,,,,,,,,,,,,98296,Monroe,Snohomish
1122,1142,1142,2018,228,E819247,2.0,2018-06-28,22:11,28,6,0.0,73,Whatcom,0,1,0.0,3,1,2,1,0,3,2,22:10,22:17,22:41,12,0,7,266.4,1,0,1,1,2,1,1,0,0,0,0,I-5,,-122.6031806,48.89595,0,1,48,51,3,70,4,0,0,1,2,1,1,1,2,3,15,2,2,53,0,30,46,2000,0,0.0,12,64.0,1.0,,,,1,1,21,1,0.0,0.0,2,0,3,0,11,5,,,,,0.0,0.0,0.0,3.0,1,91,0.0,0.0,0.0,96,,,,,,9,,,,,,98248,53,67.0,145.0,6.0,1.0,0.0,0.0,0.0,2.0,,1,,,,,,3,08/15/2014,02/15/2017,8,0,0,0,8.0,9,8,,,0,0.0,0.0,8,1,2.0,605.0,695.0,,1.0,1.0,,2,1,0.14,,,,,,,,,,,,,,,,,,,,,,,,,,,,,,0,0,0,0,1,1,1,1,1,0,0,0,1,0,0,0,0,0,0,0,0,0,0,1,1,0,0,0,1,1,0,0,0,0,0,,0,0,0,0,0,1,1,1,0,1,0,0,0,0,0,1,,,,,,21-25,16-25,Interstate,U,Thursday,Belt Used,PV,Not Fatal,0,0,0,0,State Route,State Patrol,Washington State Patrol,0,1,0,0,0,thc,3.6,carboxy-thc,38.0,,1.0,0.0,0.0,,,,,,,,,,,,,,,,,,,,,,,,,,,,,,,,,,,,98248,Ferndale,Ferndale
1123,1143,1143,2018,228,E819247,2.0,2018-06-28,22:11,28,6,0.0,73,Whatcom,0,1,0.0,3,1,2,1,0,3,2,22:10,22:17,22:41,12,0,7,266.4,1,0,1,1,2,1,1,0,0,0,0,I-5,,-122.6031806,48.89595,0,2,48,61,4,70,80,0,0,1,5,12,1,1,2,3,1,1,9,95,0,76,705,2009,0,0.0,12,,,,,,1,1,22,1,0.0,0.0,0,0,5,0,11,0,,,,,99.0,9.0,9.0,9.0,1,0,0.0,0.0,0.0,96,,,,,,0,,,,,,0,95,,999.0,9.0,9.0,99.0,99.0,99.0,99.0,,0,,,,,,0,,,20,8,0,0,8.0,9,8,,,0,0.0,0.0,8,0,8.0,95.0,,,96.0,,,8,95,995.0,,,,,,,,,,,,,,,,,,,,,,,,,,,,,,0,0,0,0,1,1,1,1,1,0,0,0,1,0,0,0,0,0,0,0,0,0,0,1,1,0,0,0,1,1,0,0,0,0,0,0.0,0,0,0,0,0,0,0,0,0,0,0,0,0,0,0,0,,,,,,21-25,16-25,Interstate,U,Thursday,,MC,Not Fatal,0,0,0,0,State Route,State Patrol,Washington State Patrol,0,1,0,0,0,,,,,,99.0,99.0,99.0,,,,,,,,,,,,,,,,,,,,,,,,,,,,,,,,,,,,98248,Canada,Ferndale
1124,1144,1144,2018,229,E819370,2.0,2018-07-03,20:13,3,7,5.0,61,Snohomish,0,1,0.0,1,1,2,1,0,2,2,20:10,20:20,,12,0,2,29.0,1,0,1,4,1,1,3,0,0,0,0,SR-530,,-121.6542139,48.272980556,0,1,50,10,2,98,34,0,0,1,7,12,1,1,2,1,1,1,1,53,0,20,481,2002,0,0.0,68,12.0,,,,,1,1,69,1,7.0,1.0,4,7,3,0,11,0,07/03/2018,20:13,53029929.0,29929.0,0.0,0.0,0.0,3.0,1,28,0.0,0.0,0.0,96,,,,,,0,,,,,,98282,53,75.0,240.0,6.0,1.0,0.0,0.0,0.0,0.0,,0,,,,,,0,,,8,0,0,0,0.0,9,8,,,0,0.0,0.0,8,0,2.0,321.0,351.0,996.0,1.0,1.0,1.0,2,1,0.0,,,,,,,,,,,,,,,,,,,,,,,,,,,,,,0,0,0,0,0,0,1,1,0,0,0,0,0,0,0,0,0,0,0,0,0,0,0,0,0,1,0,0,0,1,1,0,0,0,0,,1,0,0,0,0,0,1,1,0,0,0,0,0,0,1,0,,,,,,66-70,66-75,State route,R,Tuesday,Belt Used,PV,White,0,1,1,0,State Route,State Patrol,Washington State Patrol,0,1,0,0,0,,,,,,0.0,0.0,0.0,,,,,,,,,,,,,,,,,,,,,,,,,,,,,,,,,,,,98223,Camano Island,Arlington
1125,1145,1145,2018,229,E819370,2.0,2018-07-03,20:13,3,7,5.0,61,Snohomish,0,1,0.0,1,1,2,1,0,2,2,20:10,20:20,,12,0,2,29.0,1,0,1,4,1,1,3,0,0,0,0,SR-530,,-121.6542139,48.272980556,0,2,51,62,4,55,66,1,0,2,7,12,1,1,2,1,1,1,3,53,0,87,881,2011,0,0.0,12,,,,,,1,1,50,1,0.0,0.0,1,0,3,0,11,0,,,,,6.0,1.0,0.0,3.0,1,0,0.0,0.0,0.0,96,,,,,,0,,,,,,98203,53,72.0,240.0,6.0,1.0,0.0,1.0,1.0,0.0,,0,,,,,,0,02/15/2014,09/15/2014,99,0,0,0,8.0,9,8,,,0,0.0,0.0,8,0,2.0,1.0,,,1.0,,,2,1,0.0,,,,,,,,,,,,,,,,,,,,,,,,,,,,,,0,0,0,0,0,0,1,1,0,0,0,0,0,0,0,0,0,0,0,0,0,0,0,0,0,1,0,0,0,1,1,0,0,0,0,,0,0,0,0,0,0,0,0,0,0,0,0,0,0,0,0,,,,,,46-50,46-55,State route,R,Tuesday,,MHTRUCK,Not Fatal,0,1,1,0,State Route,State Patrol,Washington State Patrol,0,1,0,0,0,,,,,,0.0,0.0,0.0,,,,,,,,,,,,,,,,,,,,,,,,,,,,,,,,,,,,98223,Everett,Arlington
1126,1146,1146,2018,230,E817971,40.0,2018-06-23,20:00,23,6,0.0,63,Spokane,0,1,0.0,1,1,2,1,1,1,1,20:03,20:11,21:02,8,0,0,0.1,1,0,1,7,1,2,4,0,0,0,0,CR-S HODGES,,-117.14385,47.66975,0,1,13,80,5,25,14,0,0,1,7,8,1,2,2,1,1,1,1,53,0,12,401,2010,0,0.0,8,,,,,,1,1,48,2,0.0,0.0,0,0,99,0,11,0,,,,,0.0,0.0,0.0,3.0,1,0,0.0,0.0,0.0,96,,,,,,9,,,,,,99016,53,60.0,145.0,6.0,1.0,0.0,0.0,0.0,0.0,,97,,,,,,0,,,20,0,0,0,8.0,9,8,,,0,0.0,0.0,8,1,2.0,996.0,,,1.0,,,2,1,0.045,,,,,,,,,,,,,,,,,,,,,,,,,,,,,,0,0,0,0,1,0,1,1,0,1,1,0,0,0,0,0,0,0,0,0,0,0,0,0,0,0,0,0,0,1,0,1,0,0,0,,0,0,0,0,1,0,1,1,0,0,0,0,0,0,0,1,,,,,,46-50,46-55,County road,R,Saturday,Unknown,PV,Not Fatal,0,0,0,0,County Road,County Sheriff,Spokane County Sheriff's Office,0,0,1,0,0,,,,,,0.0,0.0,0.0,,,,,,,,,,,,,,,,,,,,,,,,,,,,,,,,,,,,99016,Greenacres,Greenacres
1127,1147,1147,2018,231,E820628,6.0,2018-07-07,0:32,7,7,0.0,25,Grant,0,1,0.0,2,6,2,1,0,2,2,0:25,0:35,,12,1,7,34.8,1,0,1,3,1,1,3,0,0,0,0,SR-28,,-119.8336556,47.234027778,0,1,47,51,3,60,4,0,0,1,3,12,1,1,2,1,6,1,2,53,0,63,31,1996,0,0.0,12,63.0,43.0,1.0,3.0,,1,1,26,1,0.0,0.0,0,0,99,0,11,0,,,,,0.0,0.0,0.0,0.0,1,33,91.0,0.0,0.0,96,,,,,,99,,,,,,98801,53,,999.0,0.0,0.0,99.0,99.0,99.0,99.0,,1,,,,,,0,,,20,0,0,0,8.0,9,8,,,0,0.0,0.0,8,9,8.0,95.0,,,96.0,,,8,95,995.0,,,,,,,,,,,,,,,,,,,,,,,,,,,,,,0,0,0,0,1,0,0,0,0,0,0,0,0,1,0,0,0,0,0,1,0,0,0,1,1,0,0,0,0,1,0,0,0,0,0,,0,0,0,0,0,0,0,0,0,0,0,1,0,0,0,0,,,,,,26-30,26-35,State route,R,Saturday,Unknown,PV,Not Fatal,0,0,0,0,State Route,State Patrol,Washington State Patrol,0,1,0,0,0,,,,,,99.0,99.0,99.0,,,,,,,,,,,,,,,,,,,,,,,,,,,,,,,,,,,,98848,Wenatchee,Quincy
1128,1148,1148,2018,231,E820628,6.0,2018-07-07,0:32,7,7,0.0,25,Grant,0,1,0.0,2,6,2,1,0,2,2,0:25,0:35,,12,0,7,34.8,1,0,1,3,1,1,3,0,0,0,0,SR-28,,-119.8336556,47.234027778,0,2,45,98,7,60,14,0,0,1,2,12,1,1,2,1,1,1,2,53,0,20,403,2004,0,0.0,63,69.0,12.0,,,,1,1,24,2,1.0,1.0,4,7,20,0,11,0,07/07/2018,0:32,178053030167.0,30167.0,0.0,0.0,3.0,3.0,1,0,0.0,0.0,0.0,96,,,,,,0,,,,,,98848,53,64.0,200.0,6.0,1.0,0.0,2.0,0.0,2.0,,0,,,,,,0,08/15/2013,06/15/2017,20,1,9,0,0.0,9,8,,,0,0.0,0.0,8,9,2.0,1.0,,,1.0,,,2,1,0.03,,,,,,,,,,,,,,,,,,,,,,,,,,,,,,0,0,0,0,1,0,0,0,0,0,0,0,0,1,0,0,0,0,0,1,0,0,0,1,1,0,0,0,0,1,0,0,0,1,0,,1,0,0,0,1,0,0,0,0,0,0,0,1,0,0,1,,,,,,21-25,16-25,State route,R,Saturday,Not Used,PV,Hispanic,0,0,0,0,State Route,State Patrol,Washington State Patrol,0,1,0,0,0,,,,,,0.0,0.0,0.0,,,,,,,,,,,,,,,,,,,,,,,,,,,,,,,,,,,,98848,Quincy,Quincy
1129,1149,1149,2018,232,E819635,21.0,2018-07-06,19:22,6,7,0.0,25,Grant,0,1,0.0,1,1,7,1,0,4,2,19:18,19:33,20:01,12,0,6,2.0,2,0,2,7,1,2,4,0,0,20,3,CR-RD 9 NW,RD S NW,-119.8965833,47.218447222,0,1,89,17,2,50,4,0,0,1,7,12,1,2,2,1,4,3,1,53,0,35,47,2007,0,0.0,12,,,,,,1,1,19,1,1.0,1.0,4,0,3,0,11,5,07/06/2018,22:35,178053031016.0,31016.0,0.0,0.0,0.0,3.0,1,38,0.0,0.0,0.0,96,,,,,,0,,,,,,98849,53,63.0,160.0,6.0,1.0,0.0,0.0,0.0,0.0,,0,,,,,,0,,,8,0,0,0,0.0,9,8,,,0,0.0,0.0,8,0,2.0,1.0,,,1.0,,,2,1,0.0,,,,,,,,,,,,,,,,,,,,,,,,,,,,,,0,0,0,1,0,0,0,0,0,0,0,0,0,0,0,0,0,0,1,0,0,1,1,0,1,0,0,0,0,1,1,0,0,0,0,,1,0,0,0,0,0,0,0,0,0,1,0,0,0,0,0,,,,,,18-20,16-25,County road,R,Friday,Belt Used,PV,Hispanic,1,0,0,0,County Road,County Sheriff,Grant County Sheriff's Office,0,0,1,0,0,,,,,,0.0,0.0,0.0,,,,,,,,,,,,,,,,,,,,,,,,,,,,,,,,,,,,98848,Riverside,Quincy
1130,1150,1150,2018,232,E819635,21.0,2018-07-06,19:22,6,7,0.0,25,Grant,0,1,0.0,1,1,7,1,0,4,2,19:18,19:33,20:01,12,0,6,2.0,2,0,2,7,1,2,4,0,0,0,0,CR-RD 9 NW,RD S NW,-119.8965833,47.218447222,0,2,88,66,4,50,67,0,0,1,7,12,8,8,2,1,1,1,1,53,0,12,880,2016,0,0.0,12,,,,,,1,1,30,1,0.0,0.0,2,0,3,0,11,0,,,,,0.0,0.0,0.0,3.0,1,0,0.0,0.0,0.0,96,,,,,,0,,,,,,98848,53,68.0,180.0,6.0,1.0,0.0,0.0,1.0,3.0,,0,,,,,,0,04/15/2014,06/15/2017,1,0,0,0,8.0,9,8,,,0,0.0,0.0,8,0,8.0,95.0,,,96.0,,,8,95,995.0,,,,,,,,,,,,,,,,,,,,,,,,,,,,,,0,0,0,1,0,0,0,0,0,0,0,0,0,0,0,0,0,0,1,0,0,1,1,0,1,0,0,0,0,1,1,0,0,0,0,,0,0,0,0,0,0,0,0,0,0,0,0,0,0,0,0,,,,,,26-30,26-35,County road,R,Friday,Belt Used,MHTRUCK,Not Fatal,1,0,0,0,County Road,County Sheriff,Grant County Sheriff's Office,0,0,1,0,0,,,,,,0.0,0.0,0.0,,,,,,,,,,,,,,,,,,,,,,,,,,,,,,,,,,,,98848,Quincy,Quincy
1131,1151,1151,2018,233,E818929,25.0,2018-07-14,16:36,14,7,0.0,33,King,0,1,0.0,1,1,2,1,1,1,2,,,,9,1,0,0.2,1,0,1,3,2,2,4,0,0,0,0,CR-RAINIER AVE S,,-122.2342333,47.508044444,0,1,13,83,5,35,34,0,0,1,5,9,1,1,3,5,1,1,2,53,0,20,481,1985,0,0.0,9,14.0,,,,,1,1,50,2,0.0,0.0,0,0,99,0,11,0,,,,,0.0,0.0,0.0,2.0,1,38,0.0,0.0,0.0,93,,,,,,99,,,,,,98178,53,61.0,130.0,1.0,1.0,0.0,0.0,1.0,1.0,,97,,,,,,0,08/15/2016,08/15/2016,20,0,0,0,8.0,9,8,,,0,0.0,0.0,8,9,8.0,95.0,,,96.0,,,8,95,995.0,,,,,,,,,,,,,,,,,,,,,,,,,,,,,,0,0,0,0,0,0,0,0,0,0,0,0,0,1,0,0,1,0,1,0,0,0,0,0,0,0,0,0,0,1,0,0,1,0,0,,0,0,0,0,0,0,0,0,1,0,1,1,0,0,0,0,,,,,,46-50,46-55,County road,U,Saturday,Unknown,PV,Not Fatal,0,0,0,0,County Road,County Sheriff,King County Police,0,0,1,0,0,,,,,,0.0,0.0,0.0,,,,,,,,,,,,,,,,,,,,,,,,,,,,,,,,,,,,98178,Seattle,Seattle