,index,Unnamed: 0,year,case,par,repjur,crash_dt,crash_tm,accday,accmon,holiday,county,co_char,city,weather,weather2,lightcond,surfcond,surftype,numfatal,nmforms,pforms,vforms,not_tm,arr_tm,hosp_tm,fhevent,hitrun,manncol,milepnt,reljunc,reljuncinter,intersectiontype,funcsystem,landuse,ownership,route,schlbus,spejur,contdev,devfunc,trafid1,trafid2,lon,lat,wk_zone,vnumber,crashtype,criticalevent,criticaleventcat,spdlim,body,trailer,emerg,hazcargo,leave,mhevent,roadalgn,roadprof,traflane,trafflow,vehmanvr,numoccs,regowner,regstate,spuse,make,model,modelyr,vrf1,vrf2,seqevent1,seqevent2,seqevent3,seqevent4,seqevent5,seqevent6,pnumber,ptype,age,sex,hispanic,race,injury,diedscene,restraint,restraintmisuse,seatpos,takehosp,death_dt,death_tm,cert,cernum_wa,commlic,licendor,licrestrict,liccomp,drivpres,drf1,drf2,drf3,drf4,distract1,distract2,distract3,distract4,distract5,distract6,dricond1,dricond2,dricond3,dricond4,dricond5,dricond6,dzip,licstate,drhgt_in,weight,noncdl,noncdltype,prevdwi,prevoth,prevacc,prevspd,prevsus,driviol1,driviol2,driviol3,driviol4,driviol5,driviol6,spdrel,first_dt,last_dt,airbag,ejection,ejectpath,extricat,injurwrk,methalc,methdrug,nmlocat,strikveh,prf1,prf2,prf3,druginv,alcinvol,drugsts,drugres1,drugres2,drugres3,drugtst1,drugtst2,drugtst3,alcsts,alctst,alcres,nmact1,nmact2,nmact3,nmact4,nmact5,nmact6,nmprior1,nmprior2,nmprior3,nmprior4,nmprior5,nmprior6,nmcond1,nmcond2,nmcond3,nmcond4,nmcond5,nmcond6,nmsafe_helmet,nmsafe_pads,nmsafe_oth,nmprev_ref,nmprev_lgt,nmprev_oth,crashlocation,nmcrashtype,crosswalk,schoolzone,sidewalk,train_inv,wildlife_inv,rotr_fars,intersect_fars,dd_inv,aid_inv,dpd_inv,id_inv,mj_inv,impnm_inv,ainm_inv,dpnm_inv,speed_inv,unlic_inv,unendmc_inv,drowsy_inv,drdist_inv,nmdist_inv,fty_inv,unrestfat_inv,dr1617_inv,dr1820_inv,dr1620_inv,dr2125_inv,dr1625_inv,dr65_inv,dr70_inv,dr75_inv,mc_inv,pv_inv,ht_inv,ped_inv,bike_inv,unrest_fat,mc_fat,unhelmet_mc,pv_fat,ht_fat,ped_fat,bike_fat,dr_alc7,dr_alc8,dr_drug,dr_imp,dr_dist,dr_spd,dr_fty,dr_unlic,dr_alc7only,dr_alc8only,dr_drugonly,dr_drink,nm_imp,nm_alc7,nm_alc8,nm_drug,nm_dist,agegrp1,agegrp2,roadclass,urbrur,dayweek,restuse,vehtype,race_me,intersect,lanedep,oppdir,wrongway,rep_typ,investag,repag_long,rotr,st_rd,cty_rd,city_rd,oth_rd,drug_thc,thc_res,drug_cthc,cthc_res,drug_cann,prevpersemin,prevperse,prevsusoth,drugtst4,drugtst5,drugtst6,drugtst7,drugtst8,drugres4,drugres5,drugres6,drugres7,drugres8,adspresent,adsengaged,adslevel,race1,race2,race3,race4,race5,helmet,helmetmisuse,nmdistract1,nmdistract2,nmdistract3,nmdistract4,nmdistract5,nmdistract6,lab,isedtcase,crf1,crf2,crf3,CoRoadName,CoMP,IntCoRoadName,IntCoMP,crashzip,dcity,crashcity
1224,1244,1244,2018,290,E830051,2.0,2018-08-19,21:20,19,8,0.0,61,Snohomish,0,1,0.0,2,1,7,1,0,4,4,,,,12,0,8,4.8,1,0,1,4,1,1,3,0,0,0,0,SR-530,,-122.1170972,48.205944444,0,4,98,62,4,55,4,0,0,1,5,12,3,1,2,1,14,1,2,53,0,49,40,1997,0,0.0,12,,,,,,1,1,29,2,0.0,0.0,0,0,3,0,11,0,,,,,0.0,0.0,0.0,3.0,1,0,0.0,0.0,0.0,96,,,,,,0,,,,,,98223,53,61.0,115.0,6.0,1.0,0.0,0.0,0.0,0.0,,0,,,,,,0,,,20,0,0,0,8.0,9,8,,,0,0.0,0.0,8,0,8.0,95.0,,,96.0,,,8,95,995.0,,,,,,,,,,,,,,,,,,,,,,,,,,,,,,0,0,0,0,1,0,1,1,0,0,0,0,0,0,0,0,0,0,0,1,0,0,0,0,0,1,1,0,0,1,0,0,0,0,0,,0,0,0,0,0,0,0,0,0,0,0,0,0,0,0,0,,,,,,26-30,26-35,State route,R,Sunday,Belt Used,PV,Not Fatal,0,1,1,0,State Route,State Patrol,Washington State Patrol,0,1,0,0,0,,,,,,0.0,0.0,0.0,,,,,,,,,,,,,,,,,,,,,,,,,,,,,,,,,,,,98223,Arlington,Arlington
1225,1245,1245,2018,291,E830321,248.0,2018-06-27,13:42,27,6,0.0,33,King,1830,1,0.0,1,1,2,1,0,1,1,,,,31,0,0,23.0,3,0,3,3,2,1,3,0,0,3,3,SR-169,140TH WAY SE,-122.15635,47.468441667,0,1,1,13,2,40,80,0,0,1,7,31,1,1,5,1,1,1,5,53,0,37,706,1994,0,0.0,63,31.0,,,,,1,1,26,8,7.0,1.0,4,0,19,0,11,4,06/27/2018,14:43,196053035039.0,35039.0,0.0,0.0,0.0,2.0,1,0,0.0,0.0,0.0,96,,,,,,99,,,,,,98168,53,71.0,230.0,1.0,1.0,0.0,4.0,1.0,0.0,,0,,,,,,3,08/15/2013,05/15/2016,20,8,0,0,0.0,9,8,,,0,0.0,0.0,8,9,2.0,401.0,417.0,,1.0,1.0,,2,1,0.02,,,,,,,,,,,,,,,,,,,,,,,,,,,,,,0,0,1,1,1,0,1,1,0,0,0,0,1,1,1,0,0,0,0,0,0,0,0,0,0,0,0,0,1,0,0,0,0,0,1,0.0,0,0,0,0,1,0,1,1,0,1,0,1,0,0,0,1,,,,,,26-30,26-35,State route,U,Wednesday,,MC,White,1,0,0,0,State Route,Municipal/City Police,Renton Police Department,0,1,0,0,0,,,,,,0.0,0.0,2.0,,,,,,,,,,,,,,,,,,,,,,,,,,,,,,,,,,,,98058,Seattle,Renton
1226,1246,1246,2018,292,E830626,1.0,2018-08-13,7:14,13,8,0.0,71,Walla Walla,0,1,0.0,1,1,2,1,0,6,4,7:13,7:23,7:38,12,0,6,1.6,2,0,2,3,1,1,3,0,0,3,3,SR-125,OLD MILTON HWY,-118.3890222,46.023888889,0,1,88,17,2,55,14,0,0,1,7,12,1,2,6,1,1,1,1,53,0,35,402,2002,0,0.0,12,68.0,12.0,12.0,,,1,1,38,2,0.0,0.0,1,0,3,0,11,4,,,,,0.0,0.0,0.0,3.0,1,38,39.0,0.0,0.0,93,,,,,,0,,,,,,99362,53,62.0,140.0,6.0,1.0,0.0,0.0,0.0,0.0,,97,,,,,,0,,,20,0,0,0,8.0,9,2,,,0,0.0,0.0,0,0,8.0,95.0,,,96.0,,,8,95,995.0,,,,,,,,,,,,,,,,,,,,,,,,,,,,,,0,0,0,1,0,0,1,1,1,0,0,0,0,0,0,0,1,0,1,1,0,0,0,1,1,0,0,0,0,1,0,0,0,0,0,,0,0,0,0,0,0,0,0,1,0,1,0,0,0,0,0,,,,,,36-40,36-45,State route,R,Monday,Belt Used,PV,Not Fatal,1,0,0,0,State Route,State Patrol,Washington State Patrol,0,1,0,0,0,,,,,,0.0,0.0,0.0,,,,,,,,,,,,,,,,,,,,,,,,,,,,,,,,,,,,99362,Walla Walla,Walla Walla
1227,1247,1247,2018,292,E830626,1.0,2018-08-13,7:14,13,8,0.0,71,Walla Walla,0,1,0.0,1,1,2,1,0,6,4,7:13,7:23,7:38,12,0,6,1.6,2,0,2,3,1,1,3,0,0,3,3,SR-125,OLD MILTON HWY,-118.3890222,46.023888889,0,2,98,62,4,40,4,0,0,1,7,12,1,2,6,1,1,1,2,41,0,30,46,2003,0,0.0,12,,,,,,1,1,27,2,0.0,0.0,2,0,3,0,11,4,,,,,0.0,0.0,0.0,3.0,1,0,0.0,0.0,0.0,96,,,,,,0,,,,,,97862,41,64.0,190.0,6.0,1.0,0.0,0.0,0.0,0.0,,0,,,,,,0,,,8,0,0,0,8.0,9,8,,,0,0.0,0.0,8,0,8.0,95.0,,,96.0,,,8,95,995.0,,,,,,,,,,,,,,,,,,,,,,,,,,,,,,0,0,0,1,0,0,1,1,1,0,0,0,0,0,0,0,1,0,1,1,0,0,0,1,1,0,0,0,0,1,0,0,0,0,0,,0,0,0,0,0,0,0,0,0,0,0,0,0,0,0,0,,,,,,26-30,26-35,State route,R,Monday,Belt Used,PV,Not Fatal,1,0,0,0,State Route,State Patrol,Washington State Patrol,0,1,0,0,0,,,,,,0.0,0.0,0.0,,,,,,,,,,,,,,,,,,,,,,,,,,,,,,,,,,,,99362,Milton Freewater,Walla Walla
1228,1248,1248,2018,292,E830626,1.0,2018-08-13,7:14,13,8,0.0,71,Walla Walla,0,1,0.0,1,1,2,1,0,6,4,7:13,7:23,7:38,12,0,6,1.6,2,0,2,3,1,1,3,0,0,3,3,SR-125,OLD MILTON HWY,-118.3890222,46.023888889,0,3,98,62,4,55,4,0,0,1,5,12,1,2,6,1,5,1,2,41,0,30,40,2013,0,0.0,12,,,,,,1,1,24,2,0.0,0.0,0,0,3,0,11,0,,,,,0.0,0.0,0.0,3.0,1,0,0.0,0.0,0.0,0,,,,,,0,,,,,,97886,41,61.0,109.0,6.0,1.0,0.0,0.0,0.0,2.0,,0,,,,,,0,04/15/2017,10/15/2017,20,0,0,0,8.0,9,8,,,0,0.0,0.0,8,0,8.0,95.0,,,96.0,,,8,95,995.0,,,,,,,,,,,,,,,,,,,,,,,,,,,,,,0,0,0,1,0,0,1,1,1,0,0,0,0,0,0,0,1,0,1,1,0,0,0,1,1,0,0,0,0,1,0,0,0,0,0,,0,0,0,0,0,0,0,0,0,0,0,0,0,0,0,0,,,,,,21-25,16-25,State route,R,Monday,Belt Used,PV,Not Fatal,1,0,0,0,State Route,State Patrol,Washington State Patrol,0,1,0,0,0,,,,,,0.0,0.0,0.0,,,,,,,,,,,,,,,,,,,,,,,,,,,,,,,,,,,,99362,Weston,Walla Walla
1229,1249,1249,2018,292,E830626,1.0,2018-08-13,7:14,13,8,0.0,71,Walla Walla,0,1,0.0,1,1,2,1,0,6,4,7:13,7:23,7:38,12,0,6,1.6,2,0,2,3,1,1,3,0,0,3,3,SR-125,OLD MILTON HWY,-118.3890222,46.023888889,0,4,89,66,4,55,4,0,0,1,7,12,1,2,4,1,1,3,1,53,0,55,33,2011,0,0.0,12,,,,,,1,1,23,2,6.0,1.0,4,7,20,0,11,0,08/13/2018,7:14,53035950.0,35950.0,0.0,0.0,0.0,3.0,1,0,0.0,0.0,0.0,96,,,,,,0,,,,,,99362,53,66.0,180.0,6.0,1.0,0.0,0.0,0.0,2.0,,0,,,,,,0,05/15/2016,04/15/2018,8,1,9,0,0.0,9,8,,,0,0.0,0.0,8,0,2.0,605.0,695.0,,1.0,1.0,,2,1,0.0,,,,,,,,,,,,,,,,,,,,,,,,,,,,,,0,0,0,1,0,0,1,1,1,0,0,0,0,0,0,0,1,0,1,1,0,0,0,1,1,0,0,0,0,1,0,0,0,1,0,,1,0,0,0,0,0,1,1,0,0,0,0,0,0,1,0,,,,,,21-25,16-25,State route,R,Monday,Not Used,PV,Hispanic,1,0,0,0,State Route,State Patrol,Washington State Patrol,0,1,0,0,0,thc,4.7,carboxy-thc,83.0,,0.0,0.0,1.0,,,,,,,,,,,,,,,,,,,,,,,,,,,,,,,,,,,,99362,Walla Walla,Walla Walla
1230,1250,1250,2018,293,3751258,263.0,2018-06-22,0:26,22,6,0.0,33,King,1960,1,0.0,3,1,1,1,0,5,4,,,,12,0,6,0.0,2,0,2,7,2,4,6,0,0,3,3,NW MARKET ST,15TH AVE NW,-122.3762194,47.668672222,0,1,89,17,2,30,34,0,0,1,7,12,1,1,6,1,1,2,2,53,0,41,471,1998,0,0.0,12,63.0,30.0,,,,1,1,49,1,7.0,1.0,4,7,99,0,11,0,06/22/2018,0:26,196053031282.0,31282.0,0.0,0.0,0.0,2.0,1,39,0.0,0.0,0.0,96,,,,,,99,,,,,,98038,53,69.0,190.0,1.0,1.0,0.0,2.0,2.0,0.0,,0,,,,,,0,10/15/2013,08/15/2014,8,0,0,1,0.0,9,8,,,0,0.0,0.0,8,9,2.0,177.0,417.0,,1.0,1.0,,2,1,0.0,,,,,,,,,,,,,,,,,,,,,,,,,,,,,,0,0,0,1,0,0,1,1,0,0,0,0,0,1,0,0,0,0,0,0,0,1,1,1,1,0,0,0,0,1,0,0,0,0,0,,1,0,0,0,0,0,1,1,0,0,0,1,0,0,1,0,,,,,,46-50,46-55,City street,U,Friday,Unknown,PV,White,1,0,0,0,City Street,Municipal/City Police,Seattle Police Department,0,0,0,1,0,,,,,,0.0,0.0,0.0,,,,,,,,,,,,,,,,,,,,,,,,,,,,,,,,,,,,98107,Maple Valley,Seattle
1231,1251,1251,2018,293,3751258,263.0,2018-06-22,0:26,22,6,0.0,33,King,1960,1,0.0,3,1,1,1,0,5,4,,,,12,0,6,0.0,2,0,2,7,2,4,6,0,0,3,3,NW MARKET ST,15TH AVE NW,-122.3762194,47.668672222,0,2,88,66,4,30,14,0,0,1,7,12,1,1,7,1,1,1,2,53,0,49,402,2016,0,0.0,12,12.0,,,,,1,1,21,1,0.0,0.0,1,0,99,0,11,4,,,,,0.0,0.0,0.0,3.0,1,0,0.0,0.0,0.0,96,,,,,,0,,,,,,99224,53,72.0,190.0,6.0,1.0,0.0,0.0,0.0,2.0,,0,,,,,,0,09/15/2014,11/15/2014,8,0,0,0,8.0,9,8,,,0,0.0,0.0,8,0,8.0,95.0,,,96.0,,,8,95,995.0,,,,,,,,,,,,,,,,,,,,,,,,,,,,,,0,0,0,1,0,0,1,1,0,0,0,0,0,1,0,0,0,0,0,0,0,1,1,1,1,0,0,0,0,1,0,0,0,0,0,,0,0,0,0,0,0,0,0,0,0,0,0,0,0,0,0,,,,,,21-25,16-25,City street,U,Friday,Unknown,PV,Not Fatal,1,0,0,0,City Street,Municipal/City Police,Seattle Police Department,0,0,0,1,0,,,,,,0.0,0.0,0.0,,,,,,,,,,,,,,,,,,,,,,,,,,,,,,,,,,,,98107,Spokane,Seattle
1232,1252,1252,2018,293,3751258,263.0,2018-06-22,0:26,22,6,0.0,33,King,1960,1,0.0,3,1,1,1,0,5,4,,,,12,0,6,0.0,2,0,2,7,2,4,6,0,0,3,3,NW MARKET ST,15TH AVE NW,-122.3762194,47.668672222,0,3,98,66,4,30,4,0,0,1,7,12,1,1,7,1,1,1,1,53,0,55,33,2015,0,0.0,12,12.0,,,,,1,1,34,2,0.0,0.0,1,0,99,0,11,0,,,,,0.0,0.0,3.0,3.0,1,0,0.0,0.0,0.0,96,,,,,,0,,,,,,98199,53,61.0,140.0,6.0,1.0,0.0,0.0,0.0,0.0,,0,,,,,,0,,,1,0,0,0,8.0,9,8,,,0,0.0,0.0,8,0,8.0,95.0,,,96.0,,,8,95,995.0,,,,,,,,,,,,,,,,,,,,,,,,,,,,,,0,0,0,1,0,0,1,1,0,0,0,0,0,1,0,0,0,0,0,0,0,1,1,1,1,0,0,0,0,1,0,0,0,0,0,,0,0,0,0,0,0,0,0,0,0,0,0,0,0,0,0,,,,,,31-35,26-35,City street,U,Friday,Unknown,PV,Not Fatal,1,0,0,0,City Street,Municipal/City Police,Seattle Police Department,0,0,0,1,0,,,,,,0.0,0.0,0.0,,,,,,,,,,,,,,,,,,,,,,,,,,,,,,,,,,,,98107,Seattle,Seattle
1233,1253,1253,2018,293,3751258,263.0,2018-06-22,0:26,22,6,0.0,33,King,1960,1,0.0,3,1,1,1,0,5,4,,,,12,0,6,0.0,2,0,2,7,2,4,6,0,0,3,3,NW MARKET ST,15TH AVE NW,-122.3762194,47.668672222,0,4,98,62,4,30,6,0,0,1,5,12,1,1,7,1,5,1,2,53,0,51,43,1998,0,0.0,12,,,,,,1,1,20,2,0.0,0.0,0,0,99,0,11,0,,,,,0.0,0.0,0.0,3.0,1,0,0.0,0.0,0.0,96,,,,,,0,,,,,,98198,53,63.0,120.0,6.0,1.0,0.0,1.0,1.0,1.0,,0,,,,,,0,07/15/2014,01/15/2015,20,0,0,0,8.0,9,8,,,0,0.0,0.0,8,0,8.0,95.0,,,96.0,,,8,95,995.0,,,,,,,,,,,,,,,,,,,,,,,,,,,,,,0,0,0,1,0,0,1,1,0,0,0,0,0,1,0,0,0,0,0,0,0,1,1,1,1,0,0,0,0,1,0,0,0,0,0,,0,0,0,0,0,0,0,0,0,0,0,0,0,0,0,0,,,,,,18-20,16-25,City street,U,Friday,Unknown,PV,Not Fatal,1,0,0,0,City Street,Municipal/City Police,Seattle Police Department,0,0,0,1,0,,,,,,0.0,0.0,0.0,,,,,,,,,,,,,,,,,,,,,,,,,,,,,,,,,,,,98107,Seattle,Seattle
1234,1254,1254,2018,295,E834139,6.0,2018-07-27,5:54,27,7,0.0,37,Kittitas,0,1,0.0,1,1,1,2,0,2,1,6:13,6:17,,1,0,0,85.2,1,0,1,1,1,1,1,0,0,0,0,I-90,,-120.8775694,47.166125,0,1,2,12,2,70,14,0,0,1,2,1,3,2,2,2,14,2,1,53,0,12,401,2000,0,0.0,64,69.0,63.0,1.0,,,1,1,75,2,7.0,1.0,4,7,3,0,11,0,07/27/2018,5:54,53033579.0,33579.0,0.0,0.0,0.0,3.0,1,58,0.0,0.0,0.0,96,,,,,,0,,,,,,98926,53,63.0,75.0,6.0,1.0,0.0,0.0,0.0,0.0,,0,,,,,,0,,,20,2,9,0,0.0,9,8,,,0,0.0,0.0,8,0,2.0,1.0,,,1.0,,,2,1,0.0,,,,,,,,,,,,,,,,,,,,,,,,,,,,,,0,0,0,0,0,0,0,0,0,0,0,0,0,0,0,0,0,0,0,0,0,0,0,0,0,1,1,1,0,1,0,0,0,0,0,,1,0,0,0,0,0,0,0,0,0,0,0,0,0,0,0,,,,,,71-75,66-75,Interstate,R,Friday,Belt Used,PV,White,0,0,0,0,State Route,State Patrol,Washington State Patrol,0,1,0,0,0,,,,,,0.0,0.0,0.0,,,,,,,,,,,,,,,,,,,,,,,,,,,,,,,,,,,,98922,Ellensburg,Cle Elum
1235,1255,1255,2018,296,E829235,248.0,2018-08-18,0:10,18,8,0.0,33,King,1830,1,0.0,3,1,2,1,1,2,1,,,,8,0,0,5.2,3,0,2,3,2,1,3,0,0,3,3,SR-900,NE 12TH ST,-122.1774139,47.503094444,0,1,13,80,5,35,2,0,0,1,7,8,1,1,4,1,1,2,2,53,0,22,9,1967,0,0.0,8,,,,,,1,1,21,1,0.0,0.0,0,0,3,0,11,0,,,,,0.0,0.0,3.0,3.0,1,0,0.0,0.0,0.0,96,,,,,,0,,,,,,98056,53,69.0,145.0,6.0,1.0,0.0,1.0,0.0,1.0,,0,,,,,,0,11/15/2014,02/15/2015,20,0,0,0,8.0,9,8,,,0,0.0,0.0,8,0,8.0,95.0,,,96.0,,,8,95,995.0,,,,,,,,,,,,,,,,,,,,,,,,,,,,,,0,0,0,1,0,0,0,0,0,1,1,0,0,0,0,0,0,0,0,0,0,0,0,1,1,0,0,0,0,1,0,1,0,0,0,,0,0,0,0,0,0,0,0,0,0,0,0,0,0,0,0,,,,,,21-25,16-25,State route,U,Saturday,Belt Used,PV,Not Fatal,1,0,0,0,State Route,Municipal/City Police,Renton Police Department,0,1,0,0,0,,,,,,0.0,0.0,0.0,,,,,,,,,,,,,,,,,,,,,,,,,,,,,,,,,,,,98056,Renton,Renton
1236,1256,1256,2018,297,E833846,6.0,2018-08-27,13:16,27,8,0.0,37,Kittitas,0,1,0.0,1,1,2,1,0,6,2,13:15,13:21,15:05,1,0,0,2.1,1,0,1,3,1,1,3,0,0,0,0,SR-970,,-120.8662944,47.177691667,0,1,6,12,2,55,14,0,0,1,2,1,1,1,2,1,6,5,1,53,0,41,402,2001,0,0.0,68,64.0,1.0,12.0,,,1,1,51,1,0.0,0.0,2,0,3,0,11,2,,,,,0.0,0.0,0.0,3.0,1,91,0.0,0.0,0.0,96,,,,,,99,,,,,,98103,53,72.0,230.0,6.0,1.0,0.0,2.0,1.0,0.0,,1,,,,,,0,01/15/2015,06/15/2017,20,0,0,0,8.0,9,8,,,0,0.0,0.0,8,9,2.0,605.0,695.0,996.0,1.0,1.0,1.0,2,1,0.0,,,,,,,,,,,,,,,,,,,,,,,,,,,,,,0,0,1,0,0,0,1,1,1,0,0,0,0,0,0,0,0,0,0,1,0,0,0,0,0,0,0,0,0,1,0,0,0,0,0,,0,0,0,0,0,0,1,1,0,0,0,0,0,0,1,0,,,,,,51-55,46-55,State route,R,Monday,Belt Used,PV,Not Fatal,0,1,0,0,State Route,State Patrol,Washington State Patrol Headquarter,1,1,0,0,0,thc,2.9,carboxy-thc,39.0,,0.0,0.0,0.0,1.0,,,,,996.0,,,,,,,,,,,,,,,,,,,,,,,,,,,,,,98922,Seattle,Cle Elum
1237,1257,1257,2018,297,E833846,6.0,2018-08-27,13:16,27,8,0.0,37,Kittitas,0,1,0.0,1,0,0,1,0,6,2,13:15,13:21,15:05,1,0,0,2.1,1,0,1,3,1,1,3,0,0,0,0,SR-970,,-120.8662944,47.177691667,0,2,98,62,4,0,34,0,0,1,5,12,0,0,0,0,5,1,1,53,0,49,482,2005,0,0.0,12,,,,,,1,1,60,1,0.0,0.0,0,0,3,0,11,0,,,,,0.0,0.0,0.0,3.0,1,0,0.0,0.0,0.0,0,,,,,,0,,,,,,99114,53,71.0,195.0,6.0,1.0,0.0,0.0,0.0,0.0,,0,,,,,,0,,,20,0,0,0,8.0,9,8,,,0,0.0,0.0,8,0,8.0,95.0,,,96.0,,,8,95,995.0,,,,,,,,,,,,,,,,,,,,,,,,,,,,,,0,0,1,0,0,0,1,1,1,0,0,0,0,0,0,0,0,0,0,1,0,0,0,0,0,0,0,0,0,1,0,0,0,0,0,,0,0,0,0,0,0,0,0,0,0,0,0,0,0,0,0,,,,,,56-60,56-65,State route,R,Monday,Belt Used,PV,Not Fatal,0,1,0,0,State Route,State Patrol,Washington State Patrol Headquarter,1,1,0,0,0,,,,,,0.0,0.0,0.0,,,,,,,,,,,,,,,,,,,,,,,,,,,,,,,,,,,,98922,Colville,Cle Elum
1238,1259,1259,2018,298,E833892,21.0,2018-08-10,0:25,10,8,0.0,25,Grant,0,1,0.0,2,1,7,1,1,2,2,0:44,1:07,,8,0,0,4.4,1,0,1,6,1,2,4,0,0,0,0,CR-ROAD 9 NW,,-119.6847222,47.220230556,0,2,98,80,5,55,4,0,0,1,5,8,1,1,2,1,1,1,1,53,0,12,37,2000,0,0.0,8,,,,,,1,1,30,2,0.0,0.0,0,0,3,0,11,0,,,,,0.0,0.0,3.0,3.0,1,0,0.0,0.0,0.0,15,,,,,,0,,,,,,98823,53,62.0,180.0,6.0,8.0,0.0,1.0,1.0,0.0,,0,,,,,,0,06/15/2014,06/15/2018,20,0,0,0,8.0,9,8,,,0,0.0,0.0,8,0,8.0,95.0,,,96.0,,,8,95,995.0,,,,,,,,,,,,,,,,,,,,,,,,,,,,,,0,0,0,0,0,0,0,0,0,1,1,1,0,0,0,0,1,0,0,0,0,0,0,0,0,0,0,0,0,1,0,1,0,0,0,,0,0,0,0,0,0,0,0,1,0,0,0,0,0,0,0,,,,,,26-30,26-35,County road,R,Friday,Belt Used,PV,Not Fatal,0,0,0,0,County Road,County Sheriff,Grant County Sheriff's Office,0,0,1,0,0,,,,,,0.0,0.0,2.0,,,,,,,,,,,,,,,,,,,,,,,,,,,,,,,,,,,,98823,Ephrata,Ephrata
1239,1260,1260,2018,299,E822515,290.0,2018-07-28,23:32,28,7,0.0,53,Pierce,2230,1,0.0,3,1,2,1,0,4,2,,,,12,0,6,56.7,2,0,2,3,2,1,3,0,0,0,0,SR-7,S 43RD ST,-122.4340333,47.218347222,0,1,69,17,2,35,80,0,0,1,7,12,1,1,4,1,1,1,1,39,0,37,705,2013,0,0.0,12,,,,,,1,1,47,1,7.0,1.0,4,0,19,0,11,4,08/07/2018,15:42,223053034842.0,34842.0,0.0,0.0,0.0,2.0,1,0,0.0,0.0,0.0,96,,,,,,99,,,,,,98418,53,71.0,180.0,6.0,1.0,0.0,0.0,0.0,0.0,,0,,,,,,4,,,20,8,0,0,0.0,9,8,,,0,0.0,0.0,8,9,8.0,95.0,,,96.0,,,8,95,995.0,,,,,,,,,,,,,,,,,,,,,,,,,,,,,,0,0,0,1,0,0,0,0,0,0,0,0,1,0,1,0,0,0,0,0,1,0,1,0,1,0,0,0,1,1,0,0,0,0,1,0.0,0,0,0,0,0,0,0,0,0,1,0,0,0,0,0,0,,,,,,46-50,46-55,State route,U,Saturday,,MC,White,1,0,0,0,State Route,Municipal/City Police,Tacoma Police Department,0,1,0,0,0,,,,,,0.0,0.0,0.0,,,,,,,,,,,,,,,,,,,,,,,,,,,,,,,,,,,,98418,Tacoma,Tacoma
1240,1261,1261,2018,299,E822515,290.0,2018-07-28,23:32,28,7,0.0,53,Pierce,2230,1,0.0,3,1,2,1,0,4,2,,,,12,0,6,56.7,2,0,2,3,2,1,3,0,0,0,0,SR-7,S 43RD ST,-122.4340333,47.218347222,0,2,68,61,4,35,20,0,0,1,7,12,1,1,4,1,11,3,2,53,0,37,441,2002,0,0.0,12,,,,,,1,1,17,2,0.0,0.0,0,0,3,0,11,0,,,,,0.0,0.0,3.0,3.0,1,10,0.0,0.0,0.0,96,,,,,,0,,,,,,98168,53,60.0,100.0,6.0,2.0,0.0,0.0,0.0,0.0,,0,,,,,,0,,,1,0,0,0,8.0,9,8,,,0,0.0,0.0,8,0,8.0,95.0,,,96.0,,,8,95,995.0,,,,,,,,,,,,,,,,,,,,,,,,,,,,,,0,0,0,1,0,0,0,0,0,0,0,0,1,0,1,0,0,0,0,0,1,0,1,0,1,0,0,0,1,1,0,0,0,0,0,,0,0,0,0,0,0,0,0,0,0,0,0,0,0,0,0,,,,,,16-17,16-25,State route,U,Saturday,Belt Used,PV,Not Fatal,1,0,0,0,State Route,Municipal/City Police,Tacoma Police Department,0,1,0,0,0,,,,,,0.0,0.0,0.0,,,,,,,,,,,,,,,,,,,,,,,,,,,,,,,,,,,,98418,Seattle,Tacoma
1241,1262,1262,2018,301,E834316,3.0,2018-08-18,13:00,18,8,0.0,69,Wahkiakum,290,1,0.0,1,1,2,2,0,5,3,12:52,13:00,13:34,12,0,8,35.1,1,0,1,3,1,1,3,0,0,0,0,SR-4,,-123.3878028,46.208769444,0,1,64,10,2,50,34,0,0,1,7,12,2,2,2,1,14,1,1,53,0,7,482,2014,0,0.0,68,12.0,,,,,1,1,22,1,0.0,0.0,0,0,3,0,11,0,,,,,0.0,0.0,0.0,2.0,1,28,91.0,0.0,0.0,96,,,,,,2,,,,,,98632,53,75.0,248.0,6.0,1.0,0.0,0.0,0.0,3.0,,2,,,,,,0,11/15/2015,03/15/2018,7,0,0,0,8.0,9,8,,,0,0.0,0.0,8,0,2.0,1.0,,,1.0,,,2,1,0.0,,,,,,,,,,,,,,,,,,,,,,,,,,,,,,0,0,0,0,0,0,0,0,0,0,0,0,0,0,0,1,0,0,0,0,0,0,0,1,1,0,0,0,1,1,0,0,0,0,0,,0,0,0,0,0,0,0,0,0,0,0,0,0,0,0,0,,,,,,21-25,16-25,State route,R,Saturday,Belt Used,PV,Not Fatal,0,1,1,0,State Route,State Patrol,WASHINGTON STATE PATROL,0,1,0,0,0,,,,,,0.0,0.0,0.0,,,,,,,,,,,,,,,,,,,,,,,,,,,,,,,,,,,,98612,Longview,Cathlamet