,index,Unnamed: 0,year,case,par,repjur,crash_dt,crash_tm,accday,accmon,holiday,county,co_char,city,weather,weather2,lightcond,surfcond,surftype,numfatal,nmforms,pforms,vforms,not_tm,arr_tm,hosp_tm,fhevent,hitrun,manncol,milepnt,reljunc,reljuncinter,intersectiontype,funcsystem,landuse,ownership,route,schlbus,spejur,contdev,devfunc,trafid1,trafid2,lon,lat,wk_zone,vnumber,crashtype,criticalevent,criticaleventcat,spdlim,body,trailer,emerg,hazcargo,leave,mhevent,roadalgn,roadprof,traflane,trafflow,vehmanvr,numoccs,regowner,regstate,spuse,make,model,modelyr,vrf1,vrf2,seqevent1,seqevent2,seqevent3,seqevent4,seqevent5,seqevent6,pnumber,ptype,age,sex,hispanic,race,injury,diedscene,restraint,restraintmisuse,seatpos,takehosp,death_dt,death_tm,cert,cernum_wa,commlic,licendor,licrestrict,liccomp,drivpres,drf1,drf2,drf3,drf4,distract1,distract2,distract3,distract4,distract5,distract6,dricond1,dricond2,dricond3,dricond4,dricond5,dricond6,dzip,licstate,drhgt_in,weight,noncdl,noncdltype,prevdwi,prevoth,prevacc,prevspd,prevsus,driviol1,driviol2,driviol3,driviol4,driviol5,driviol6,spdrel,first_dt,last_dt,airbag,ejection,ejectpath,extricat,injurwrk,methalc,methdrug,nmlocat,strikveh,prf1,prf2,prf3,druginv,alcinvol,drugsts,drugres1,drugres2,drugres3,drugtst1,drugtst2,drugtst3,alcsts,alctst,alcres,nmact1,nmact2,nmact3,nmact4,nmact5,nmact6,nmprior1,nmprior2,nmprior3,nmprior4,nmprior5,nmprior6,nmcond1,nmcond2,nmcond3,nmcond4,nmcond5,nmcond6,nmsafe_helmet,nmsafe_pads,nmsafe_oth,nmprev_ref,nmprev_lgt,nmprev_oth,crashlocation,nmcrashtype,crosswalk,schoolzone,sidewalk,train_inv,wildlife_inv,rotr_fars,intersect_fars,dd_inv,aid_inv,dpd_inv,id_inv,mj_inv,impnm_inv,ainm_inv,dpnm_inv,speed_inv,unlic_inv,unendmc_inv,drowsy_inv,drdist_inv,nmdist_inv,fty_inv,unrestfat_inv,dr1617_inv,dr1820_inv,dr1620_inv,dr2125_inv,dr1625_inv,dr65_inv,dr70_inv,dr75_inv,mc_inv,pv_inv,ht_inv,ped_inv,bike_inv,unrest_fat,mc_fat,unhelmet_mc,pv_fat,ht_fat,ped_fat,bike_fat,dr_alc7,dr_alc8,dr_drug,dr_imp,dr_dist,dr_spd,dr_fty,dr_unlic,dr_alc7only,dr_alc8only,dr_drugonly,dr_drink,nm_imp,nm_alc7,nm_alc8,nm_drug,nm_dist,agegrp1,agegrp2,roadclass,urbrur,dayweek,restuse,vehtype,race_me,intersect,lanedep,oppdir,wrongway,rep_typ,investag,repag_long,rotr,st_rd,cty_rd,city_rd,oth_rd,drug_thc,thc_res,drug_cthc,cthc_res,drug_cann,prevpersemin,prevperse,prevsusoth,drugtst4,drugtst5,drugtst6,drugtst7,drugtst8,drugres4,drugres5,drugres6,drugres7,drugres8,adspresent,adsengaged,adslevel,race1,race2,race3,race4,race5,helmet,helmetmisuse,nmdistract1,nmdistract2,nmdistract3,nmdistract4,nmdistract5,nmdistract6,lab,isedtcase,crf1,crf2,crf3,CoRoadName,CoMP,IntCoRoadName,IntCoMP,crashzip,dcity,crashcity
1242,1263,1263,2018,301,E834316,3.0,2018-08-18,13:00,18,8,0.0,69,Wahkiakum,290,1,0.0,1,1,2,2,0,5,3,12:52,13:00,13:34,12,0,8,35.1,1,0,1,3,1,1,3,0,0,0,0,SR-4,,-123.3878028,46.208769444,0,2,65,62,4,50,80,0,0,1,2,12,3,2,2,1,14,2,1,53,0,72,706,2016,0,0.0,12,63.0,24.0,,,,1,1,58,1,7.0,1.0,4,7,5,0,11,0,08/18/2018,13:00,29053036795.0,36795.0,0.0,0.0,0.0,3.0,1,0,0.0,0.0,0.0,96,,,,,,0,,,,,,98682,53,73.0,195.0,6.0,1.0,0.0,0.0,0.0,1.0,,0,,,,,,0,11/15/2014,11/15/2014,20,8,0,0,0.0,9,8,,,0,0.0,0.0,8,0,2.0,1.0,,,1.0,,,2,1,0.0,,,,,,,,,,,,,,,,,,,,,,,,,,,,,,0,0,0,0,0,0,0,0,0,0,0,0,0,0,0,1,0,0,0,0,0,0,0,1,1,0,0,0,1,1,0,0,0,0,1,0.0,0,0,0,0,0,0,0,0,0,0,0,0,0,0,0,0,,,,,,56-60,56-65,State route,R,Saturday,,MC,White,0,1,1,0,State Route,State Patrol,WASHINGTON STATE PATROL,0,1,0,0,0,,,,,,0.0,0.0,0.0,,,,,,,,,,,,,,,,,,,,,,,,,,,,,,,,,,,,98612,Vancouver,Cathlamet
1243,1264,1264,2018,301,E834316,3.0,2018-08-18,13:00,18,8,0.0,69,Wahkiakum,290,1,0.0,1,1,2,2,0,5,3,12:52,13:00,13:34,12,0,8,35.1,1,0,1,3,1,1,3,0,0,0,0,SR-4,,-123.3878028,46.208769444,0,3,98,98,7,50,80,0,0,1,2,39,3,2,2,1,14,2,1,53,0,72,706,2015,0,0.0,1,68.0,39.0,,,,1,1,56,1,0.0,0.0,3,0,5,0,11,1,,,,,0.0,0.0,0.0,3.0,1,0,0.0,0.0,0.0,96,,,,,,0,,,,,,98382,53,71.0,195.0,6.0,1.0,0.0,0.0,0.0,0.0,,0,,,,,,0,,,20,8,0,0,8.0,9,8,,,0,0.0,0.0,8,0,8.0,95.0,,,96.0,,,8,95,995.0,,,,,,,,,,,,,,,,,,,,,,,,,,,,,,0,0,0,0,0,0,0,0,0,0,0,0,0,0,0,1,0,0,0,0,0,0,0,1,1,0,0,0,1,1,0,0,0,0,0,0.0,0,0,0,0,0,0,0,0,0,0,0,0,0,0,0,0,,,,,,56-60,56-65,State route,R,Saturday,,MC,Not Fatal,0,1,1,0,State Route,State Patrol,WASHINGTON STATE PATROL,0,1,0,0,0,,,,,,0.0,0.0,0.0,,,,,,,,,,,,,,,,,,,,,,,,,,,,,,,,,,,,98612,Sequim,Cathlamet
1244,1265,1265,2018,302,E834659,146.0,2018-08-27,10:54,27,8,0.0,77,Yakima,0,1,0.0,1,1,2,1,0,3,2,11:00,11:25,11:45,12,0,6,7.3,2,0,2,5,1,2,4,0,3,20,3,CR-FORT RD,LATERAL RD A,-120.4811556,46.37535,0,1,87,17,2,55,14,0,0,1,7,12,1,1,2,1,1,2,2,53,0,2,405,2005,0,0.0,12,,,,,,1,1,15,2,0.0,0.0,3,0,3,0,11,5,,,,,0.0,0.0,0.0,0.0,1,38,0.0,0.0,0.0,96,,,,,,0,,,,,,98951,53,62.0,150.0,0.0,0.0,0.0,0.0,0.0,0.0,,97,,,,,,0,,,20,0,0,0,8.0,9,8,,,0,0.0,0.0,8,0,8.0,95.0,,,96.0,,,8,95,995.0,,,,,,,,,,,,,,,,,,,,,,,,,,,,,,0,0,0,1,0,0,0,0,0,0,0,0,0,1,0,0,0,0,1,0,0,0,0,1,1,0,0,0,0,1,1,0,0,0,0,,0,0,0,0,0,0,0,0,0,0,1,1,0,0,0,0,,,,,,10-15,0-15,County road,R,Monday,Belt Used,PV,Not Fatal,1,0,0,0,County Road,County Sheriff,Yakima County Sheriff's Office,0,0,1,0,0,,,,,,0.0,0.0,0.0,,,,,,,,,,,,,,,,,,,,,,,,,,,,,,,,,,,,98951,Wapato,Wapato
1245,1266,1266,2018,302,E834659,146.0,2018-08-27,10:54,27,8,0.0,77,Yakima,0,1,0.0,1,1,2,1,0,3,2,11:00,11:25,11:45,12,0,6,7.3,2,0,2,5,1,2,4,0,3,0,0,CR-FORT RD,LATERAL RD A,-120.4811556,46.37535,0,2,86,66,4,55,63,0,0,1,7,12,1,1,2,1,1,1,3,53,0,82,881,2005,0,0.0,12,,,,,,1,1,25,1,0.0,0.0,0,0,3,0,11,0,,,,,0.0,0.0,0.0,2.0,1,0,0.0,0.0,0.0,96,,,,,,0,,,,,,98952,53,75.0,180.0,6.0,1.0,0.0,0.0,1.0,0.0,,97,,,,,,0,03/15/2015,03/15/2015,20,0,0,0,8.0,9,8,,,0,0.0,0.0,8,0,8.0,95.0,,,96.0,,,8,95,995.0,,,,,,,,,,,,,,,,,,,,,,,,,,,,,,0,0,0,1,0,0,0,0,0,0,0,0,0,1,0,0,0,0,1,0,0,0,0,1,1,0,0,0,0,1,1,0,0,0,0,,0,0,0,0,0,0,0,0,0,0,0,0,0,0,0,0,,,,,,21-25,16-25,County road,R,Monday,,MHTRUCK,Not Fatal,1,0,0,0,County Road,County Sheriff,Yakima County Sheriff's Office,0,0,1,0,0,,,,,,0.0,0.0,0.0,,,,,,,,,,,,,,,,,,,,,,,,,,,,,,,,,,,,98951,White Swan,Wapato
1246,1267,1267,2018,303,E834660,146.0,2018-08-31,5:30,31,8,0.0,77,Yakima,0,1,0.0,4,1,2,1,0,2,2,,,,12,1,6,4.1,2,0,2,5,1,2,4,0,0,20,3,CR-INDEPENDENCE RD,MAPLE GROVE RD,-120.041,46.374691667,0,1,86,17,2,50,2,0,0,1,7,12,1,1,2,1,1,1,2,53,0,12,3,2004,0,0.0,12,,,,,,1,1,39,1,0.0,0.0,1,0,3,0,11,8,,,,,99.0,9.0,9.0,9.0,1,38,39.0,0.0,0.0,10,,,,,,0,,,,,,98944,99,,999.0,9.0,9.0,99.0,99.0,99.0,99.0,,1,7.0,,,,,0,,,8,0,0,0,8.0,9,8,,,0,0.0,0.0,8,0,8.0,95.0,,,96.0,,,8,95,995.0,,,,,,,,,,,,,,,,,,,,,,,,,,,,,,0,0,0,1,0,0,0,0,0,0,0,0,0,0,0,0,1,0,1,0,0,0,0,0,0,0,0,0,0,1,0,0,0,0,0,,0,0,0,0,0,0,0,0,1,0,1,0,0,0,0,0,,,,,,36-40,36-45,County road,R,Friday,Belt Used,PV,Not Fatal,1,0,0,0,County Road,County Sheriff,Yakima County Sheriff's Office,0,0,1,0,0,,,,,,99.0,99.0,99.0,,,,,,,,,,,,,,,,,,,,,,,,,,,,,,,,,,,,98944,Sunnyside,Sunnyside
1247,1268,1268,2018,303,E834660,146.0,2018-08-31,5:30,31,8,0.0,77,Yakima,0,1,0.0,4,1,2,1,0,2,2,,,,12,0,6,4.1,2,0,2,5,1,2,4,0,0,0,0,CR-INDEPENDENCE RD,MAPLE GROVE RD,-120.041,46.374691667,0,2,87,66,4,50,2,0,0,1,7,12,1,1,2,1,1,1,1,53,0,37,31,2001,0,0.0,12,,,,,,1,1,43,1,1.0,98.0,4,0,3,0,11,4,08/31/2018,5:30,222053038972.0,38972.0,0.0,0.0,0.0,3.0,1,0,0.0,0.0,0.0,96,,,,,,0,,,,,,98903,53,65.0,182.0,6.0,1.0,0.0,0.0,0.0,0.0,,0,,,,,,0,,,8,0,0,0,0.0,9,8,,,0,0.0,0.0,8,0,8.0,95.0,,,96.0,,,8,95,995.0,,,,,,,,,,,,,,,,,,,,,,,,,,,,,,0,0,0,1,0,0,0,0,0,0,0,0,0,0,0,0,1,0,1,0,0,0,0,0,0,0,0,0,0,1,0,0,0,0,0,,1,0,0,0,0,0,0,0,0,0,0,0,0,0,0,0,,,,,,41-45,36-45,County road,R,Friday,Belt Used,PV,Hispanic,1,0,0,0,County Road,County Sheriff,Yakima County Sheriff's Office,0,0,1,0,0,,,,,,0.0,0.0,0.0,,,,,,,,,,,,,,,,,,,,,,,,,,,,,,,,,,,,98944,Yakima,Sunnyside
1248,1269,1269,2018,304,E835071,2.0,2018-09-04,19:18,4,9,0.0,73,Whatcom,0,1,0.0,1,1,4,1,0,1,1,,,,42,0,0,9999.9,1,0,1,7,1,64,8,0,0,0,0,FS RD 1130,,-121.6983261,48.7626636,0,1,1,13,2,98,34,0,0,1,2,42,1,2,8,8,1,1,2,53,0,49,472,2003,0,0.0,63,42.0,,,,,1,1,62,1,7.0,1.0,4,7,20,0,11,0,09/04/2018,19:18,53039832.0,39832.0,0.0,0.0,0.0,3.0,1,0,0.0,0.0,0.0,96,,,,,,0,,,,,,98566,53,69.0,155.0,6.0,1.0,0.0,1.0,1.0,0.0,,0,,,,,,0,07/15/2015,07/15/2015,20,0,0,0,0.0,9,8,,,0,0.0,0.0,8,0,2.0,1.0,,,1.0,,,2,1,0.0,,,,,,,,,,,,,,,,,,,,,,,,,,,,,,0,0,1,0,0,0,0,0,0,0,0,0,0,0,0,0,0,0,0,1,0,0,0,0,0,0,0,0,0,1,0,0,0,1,0,,1,0,0,0,0,0,0,0,0,0,0,0,0,0,0,0,,,,,,61-65,56-65,Other,R,Tuesday,Not Used,PV,White,0,1,0,0,Other,State Patrol,Washington State Patrol,1,0,0,0,1,,,,,,0.0,0.0,0.0,,,,,,,,,,,,,,,,,,,,,,,,,,,,,,,,,,,,98237,Neilton,Concrete
1249,1270,1270,2018,305,E835105,7.0,2018-08-30,11:23,30,8,0.0,33,King,1960,10,0.0,1,1,2,1,0,1,1,,,,24,0,0,0.2,5,1,1,1,2,1,1,0,0,0,0,I-5 RAMP,,-122.3135833,47.54885,0,1,6,12,2,98,80,0,0,1,3,24,2,2,1,6,14,1,1,53,0,98,706,2016,0,0.0,64,24.0,,,,,1,1,42,1,7.0,1.0,4,7,5,0,11,0,08/30/2018,11:23,196053038593.0,38593.0,0.0,0.0,0.0,3.0,1,0,0.0,0.0,0.0,92,,,,,,99,,,,,,98092,53,72.0,240.0,6.0,1.0,0.0,0.0,0.0,2.0,,0,,,,,,4,11/15/2013,11/15/2016,20,8,0,0,0.0,9,8,,,0,0.0,0.0,8,9,2.0,1.0,,,1.0,,,2,1,0.0,,,,,,,,,,,,,,,,,,,,,,,,,,,,,,0,0,1,0,0,0,0,0,0,0,0,0,1,0,0,0,1,0,0,0,0,0,0,0,0,0,0,0,1,0,0,0,0,0,1,0.0,0,0,0,0,0,0,0,0,1,1,0,0,0,0,0,0,,,,,,41-45,36-45,Interstate,U,Thursday,,MC,White,0,1,0,0,State Route,State Patrol,Washington State Patrol,1,1,0,0,0,,,,,,0.0,0.0,0.0,,,,,,,,,,,,,,,,,,,,,,,,,,,,,,,,,,,,98108,Auburn,Seattle
1250,1271,1271,2018,306,E822897,250.0,2018-07-29,8:23,29,7,0.0,5,Benton,1850,1,0.0,1,1,2,1,0,1,1,,,,1,0,0,0.0,3,0,3,3,2,4,6,0,0,0,0,GEORGE WAHINGTON WAY,JADWIN AVE,-119.2733222,46.273027778,0,1,1,13,2,35,80,0,0,1,7,1,3,1,4,1,14,1,2,53,0,76,706,2007,0,0.0,63,1.0,,,,,1,1,57,1,7.0,1.0,4,0,5,0,11,4,08/09/2018,21:32,185053035784.0,35784.0,0.0,0.0,0.0,3.0,1,0,0.0,0.0,0.0,96,,,,,,99,,,,,,99354,53,71.0,165.0,6.0,1.0,0.0,3.0,1.0,5.0,,0,,,,,,3,10/15/2013,06/15/2017,20,8,0,0,0.0,9,8,,,0,0.0,0.0,8,9,8.0,95.0,,,96.0,,,8,95,995.0,,,,,,,,,,,,,,,,,,,,,,,,,,,,,,0,0,1,1,0,0,0,0,0,0,0,0,1,0,0,0,0,0,0,0,0,0,0,0,0,0,0,0,1,0,0,0,0,0,1,0.0,0,0,0,0,0,0,0,0,0,1,0,0,0,0,0,0,,,,,,56-60,56-65,City street,U,Sunday,,MC,White,0,0,0,0,City Street,Municipal/City Police,Richland Police Department,0,0,0,1,0,,,,,,0.0,0.0,0.0,,,,,,,,,,,,,,,,,,,,,,,,,,,,,,,,,,,,99352,Richland,Richland
1251,1272,1272,2018,307,E832464,7.0,2018-07-22,1:55,22,7,0.0,33,King,1030,1,0.0,3,1,2,1,1,6,4,,,,8,0,0,3.5,1,0,1,3,2,1,3,0,0,0,0,SR-516,,-122.270425,47.376780556,0,1,13,80,5,50,15,0,6,1,7,8,1,2,7,1,1,1,3,53,5,20,421,2016,0,0.0,8,12.0,,,,,1,1,45,1,0.0,0.0,3,0,20,0,11,8,,,,,0.0,0.0,0.0,3.0,1,16,0.0,0.0,0.0,96,,,,,,0,,,,,,98375,53,71.0,230.0,6.0,1.0,0.0,0.0,0.0,0.0,,0,,,,,,0,,,8,0,0,0,8.0,9,8,,,0,0.0,0.0,8,0,8.0,95.0,,,96.0,,,8,95,995.0,,,,,,,,,,,,,,,,,,,,,,,,,,,,,,0,0,0,0,0,0,0,0,0,0,0,0,0,0,0,0,0,0,0,0,0,0,0,0,0,0,0,0,0,1,0,1,0,0,0,,0,0,0,0,0,0,0,0,0,0,0,0,0,0,0,0,,,,,,41-45,36-45,State route,U,Sunday,Not Used,PV,Not Fatal,1,0,0,0,State Route,State Patrol,Washington State Patrol Headquarter,0,1,0,0,0,,,,,,0.0,0.0,0.0,,,,,,,,,,,,,,,,,,,,,,,,,,,,,,,,,,,,98032,Puyallup,Kent
1252,1273,1273,2018,307,E832464,7.0,2018-07-22,1:55,22,7,0.0,33,King,1030,1,0.0,3,1,2,1,1,6,4,,,,8,0,0,3.5,1,0,1,3,2,1,3,0,0,3,3,SR-516,,-122.270425,47.376780556,0,2,98,60,4,50,6,0,0,1,7,12,1,2,7,1,5,2,1,53,0,2,1,2012,0,0.0,12,12.0,,,,,1,1,49,2,0.0,0.0,1,0,3,0,11,8,,,,,0.0,0.0,0.0,3.0,1,0,0.0,0.0,0.0,96,,,,,,0,,,,,,98027,53,67.0,168.0,6.0,1.0,0.0,0.0,0.0,0.0,,0,,,,,,0,04/15/2014,04/15/2014,1,0,0,0,8.0,9,8,,,0,0.0,0.0,8,9,8.0,95.0,,,96.0,,,8,95,995.0,,,,,,,,,,,,,,,,,,,,,,,,,,,,,,0,0,0,0,0,0,0,0,0,0,0,0,0,0,0,0,0,0,0,0,0,0,0,0,0,0,0,0,0,1,0,1,0,0,0,,0,0,0,0,0,0,0,0,0,0,0,0,0,0,0,0,,,,,,46-50,46-55,State route,U,Sunday,Belt Used,PV,Not Fatal,1,0,0,0,State Route,State Patrol,Washington State Patrol Headquarter,0,1,0,0,0,,,,,,0.0,0.0,1.0,,,,,,,,,,,,,,,,,,,,,,,,,,,,,,,,,,,,98032,Issaquah,Kent
1253,1274,1274,2018,307,E832464,7.0,2018-07-22,1:55,22,7,0.0,33,King,1030,1,0.0,3,1,2,1,1,6,4,,,,8,0,0,3.5,1,0,1,3,2,1,3,0,0,3,3,SR-516,,-122.270425,47.376780556,0,3,98,60,4,50,4,0,0,1,7,12,1,2,7,1,5,2,1,53,0,49,32,2015,0,0.0,12,12.0,,,,,1,1,41,1,0.0,0.0,0,0,3,0,11,0,,,,,0.0,0.0,0.0,3.0,1,0,0.0,0.0,0.0,96,,,,,,0,,,,,,98006,53,67.0,190.0,6.0,1.0,0.0,1.0,0.0,0.0,,0,,,,,,0,09/15/2013,09/15/2013,8,0,0,0,8.0,9,8,,,0,0.0,0.0,8,9,8.0,95.0,,,96.0,,,8,95,995.0,,,,,,,,,,,,,,,,,,,,,,,,,,,,,,0,0,0,0,0,0,0,0,0,0,0,0,0,0,0,0,0,0,0,0,0,0,0,0,0,0,0,0,0,1,0,1,0,0,0,,0,0,0,0,0,0,0,0,0,0,0,0,0,0,0,0,,,,,,41-45,36-45,State route,U,Sunday,Belt Used,PV,Not Fatal,1,0,0,0,State Route,State Patrol,Washington State Patrol Headquarter,0,1,0,0,0,,,,,,0.0,0.0,0.0,,,,,,,,,,,,,,,,,,,,,,,,,,,,,,,,,,,,98032,Bellevue,Kent
1254,1275,1275,2018,307,E832464,7.0,2018-07-22,1:55,22,7,0.0,33,King,1030,1,0.0,3,1,2,1,1,6,4,,,,8,0,0,3.5,1,0,1,3,2,1,3,0,0,3,3,SR-516,,-122.270425,47.376780556,0,4,98,60,4,50,4,0,0,1,7,12,1,2,7,1,5,1,1,53,0,19,3,2002,0,0.0,12,,,,,,1,1,56,1,0.0,0.0,1,0,3,0,11,8,,,,,0.0,0.0,3.0,3.0,1,0,0.0,0.0,0.0,96,,,,,,0,,,,,,98030,53,73.0,255.0,6.0,1.0,0.0,0.0,2.0,1.0,,0,,,,,,0,07/15/2015,11/15/2017,20,0,0,0,8.0,9,8,,,0,0.0,0.0,8,9,8.0,95.0,,,96.0,,,8,95,995.0,,,,,,,,,,,,,,,,,,,,,,,,,,,,,,0,0,0,0,0,0,0,0,0,0,0,0,0,0,0,0,0,0,0,0,0,0,0,0,0,0,0,0,0,1,0,1,0,0,0,,0,0,0,0,0,0,0,0,0,0,0,0,0,0,0,0,,,,,,56-60,56-65,State route,U,Sunday,Belt Used,PV,Not Fatal,1,0,0,0,State Route,State Patrol,Washington State Patrol Headquarter,0,1,0,0,0,,,,,,0.0,0.0,1.0,,,,,,,,,,,,,,,,,,,,,,,,,,,,,,,,,,,,98032,Kent,Kent
1255,1276,1276,2018,308,2709956,12.0,2018-07-25,18:32,25,7,0.0,7,Chelan,0,1,0.0,1,1,2,1,1,1,1,,,,9,0,0,1.7,1,0,1,5,1,2,4,0,0,0,0,CR-ICICLE RD,,-120.6797917,47.565625,0,1,13,83,5,35,20,0,0,1,7,9,1,1,2,1,1,1,1,53,0,6,441,2013,0,0.0,9,,,,,,1,1,26,2,0.0,0.0,0,0,3,0,11,0,,,,,0.0,0.0,0.0,3.0,1,91,0.0,0.0,0.0,17,,,,,,0,,,,,,98272,53,68.0,200.0,6.0,1.0,0.0,1.0,0.0,0.0,,2,,,,,,3,08/15/2016,04/15/2018,20,0,0,0,8.0,9,2,,,0,0.0,0.0,0,0,8.0,95.0,,,96.0,,,8,95,995.0,,,,,,,,,,,,,,,,,,,,,,,,,,,,,,0,0,0,0,0,0,0,0,0,0,0,0,1,0,0,0,1,0,0,0,0,0,0,0,0,0,0,0,0,1,0,0,1,0,0,,0,0,0,0,0,0,0,0,1,1,0,0,0,0,0,0,,,,,,26-30,26-35,County road,R,Wednesday,Belt Used,PV,Not Fatal,0,0,0,0,County Road,Municipal/City Police,Chelan County Sheriff's Office,0,0,1,0,0,,,,,,0.0,0.0,2.0,,,,,,,,,,,,,,,,,,,,,,,,,,,,,,,,,,,,98826,Monroe,Leavenworth
1256,1277,1277,2018,309,E830739,3.0,2018-08-02,23:48,2,8,0.0,53,Pierce,2230,1,0.0,2,1,2,1,1,1,1,,,,8,0,0,2.7,1,0,1,3,2,1,3,0,0,0,0,SR-16,,-122.4994472,47.236169444,0,1,13,80,5,60,4,0,0,1,7,8,1,1,4,3,1,1,1,53,0,54,35,2003,0,0.0,8,,,,,,1,1,55,1,0.0,0.0,0,0,3,0,11,0,,,,,0.0,0.0,0.0,3.0,1,0,0.0,0.0,0.0,96,,,,,,0,,,,,,98092,53,67.0,150.0,6.0,1.0,0.0,0.0,0.0,0.0,,0,,,,,,0,,,20,0,0,0,8.0,9,2,,,0,0.0,0.0,0,0,2.0,1.0,,,1.0,,,2,1,0.0,,,,,,,,,,,,,,,,,,,,,,,,,,,,,,0,0,0,0,0,0,0,0,0,1,1,0,0,0,0,0,0,0,0,0,0,0,0,0,0,0,0,0,0,1,0,1,0,0,0,,0,0,0,0,0,0,0,0,0,0,0,0,0,0,0,0,,,,,,51-55,46-55,State route,U,Thursday,Belt Used,PV,Not Fatal,0,0,0,0,State Route,State Patrol,Washington State Patrol,0,1,0,0,0,,,,,,0.0,0.0,0.0,,,,,,,,,,,,,,,,,,,,,,,,,,,,,,,,,,,,98405,Auburn,Tacoma
1257,1278,1278,2018,310,E835661,1.0,2018-08-29,18:41,29,8,0.0,71,Walla Walla,0,1,0.0,1,1,2,1,0,1,1,,,,1,0,0,328.2,1,0,1,3,1,1,2,0,0,0,0,US-12,,-118.4513861,46.055663889,0,1,6,12,2,60,14,0,0,1,2,1,1,1,3,3,1,1,1,53,0,49,401,1995,0,0.0,64,1.0,,,,,1,1,61,1,7.0,1.0,4,7,20,0,11,0,08/29/2018,18:41,53038194.0,38194.0,0.0,0.0,0.0,3.0,1,58,0.0,0.0,0.0,92,,,,,,99,,,,,,98372,53,71.0,350.0,6.0,1.0,0.0,0.0,0.0,0.0,,0,,,,,,0,,,20,1,9,0,0.0,9,8,,,0,0.0,0.0,8,9,8.0,95.0,,,96.0,,,8,95,995.0,,,,,,,,,,,,,,,,,,,,,,,,,,,,,,0,0,1,0,0,0,0,0,0,0,0,0,0,0,0,0,1,0,0,1,0,0,0,0,0,0,0,0,0,1,0,0,0,1,0,,1,0,0,0,0,0,0,0,1,0,0,0,0,0,0,0,,,,,,61-65,56-65,US highway,R,Wednesday,Not Used,PV,White,0,0,0,0,State Route,State Patrol,Washington State Patrol,0,1,0,0,0,,,,,,0.0,0.0,0.0,,,,,,,,,,,,,,,,,,,,,,,,,,,,,,,,,,,,99362,Puyallup,Walla Walla
1258,1279,1279,2018,311,E835692,6.0,2018-09-03,15:23,3,9,6.0,37,Kittitas,0,1,0.0,1,1,2,2,0,9,1,15:26,15:35,15:48,24,0,0,107.5,1,0,1,1,2,1,1,0,0,0,0,I-90,,-120.5456861,46.974786111,0,1,6,1,1,60,65,1,0,1,2,21,1,2,3,3,1,9,1,53,0,98,850,2007,0,0.0,61,64.0,24.0,21.0,3.0,,1,1,62,1,0.0,0.0,3,0,3,0,11,1,,,,,6.0,0.0,0.0,3.0,1,80,0.0,0.0,0.0,96,,,,,,0,,,,,,98290,53,71.0,260.0,6.0,1.0,0.0,0.0,0.0,1.0,,0,,,,,,0,05/15/2015,05/15/2015,99,0,0,0,8.0,9,2,,,0,0.0,0.0,0,0,8.0,95.0,,,96.0,,,8,95,995.0,,,,,,,,,,,,,,,,,,,,,,,,,,,,,,0,0,1,0,0,0,0,0,0,0,0,0,0,0,0,0,0,0,0,0,0,0,0,0,0,0,0,0,0,0,0,0,0,0,0,,0,0,0,0,0,0,0,0,0,0,0,0,0,0,0,0,,,,,,61-65,56-65,Interstate,U,Monday,,MHOME,Not Fatal,0,1,0,0,State Route,State Patrol,Washington State Patrol,1,1,0,0,0,,,,,,0.0,0.0,0.0,,,,,,,,,,,,,,,,,,,,,,,,,,,,,,,,,,,,98926,Snohomish,Ellensburg
1259,1281,1281,2018,313,E836350,1.0,2018-08-26,19:27,26,8,0.0,5,Benton,0,1,0.0,1,1,1,2,0,2,1,19:23,19:39,,1,0,0,89.0,1,0,1,1,1,1,1,0,0,0,0,I-82,,-119.6228556,46.247713889,0,1,98,9,1,70,34,0,0,1,2,1,1,1,2,3,6,2,2,49,0,12,481,2005,0,0.0,68,64.0,69.0,1.0,,,1,1,28,2,7.0,1.0,4,7,3,0,11,0,08/26/2018,19:27,53037601.0,37601.0,0.0,0.0,0.0,3.0,1,0,0.0,0.0,0.0,96,,,,,,2,,,,,,84606,49,64.0,110.0,6.0,1.0,0.0,0.0,98.0,0.0,,0,,,,,,0,,,20,0,0,0,0.0,9,8,,,0,0.0,0.0,8,0,2.0,1.0,,,1.0,,,2,1,0.0,,,,,,,,,,,,,,,,,,,,,,,,,,,,,,0,0,0,0,0,0,0,0,0,0,0,0,0,0,0,1,0,0,0,0,0,0,0,0,0,0,0,0,0,1,0,0,0,0,0,,1,0,0,0,0,0,0,0,0,0,0,0,0,0,0,0,,,,,,26-30,26-35,Interstate,R,Sunday,Belt Used,PV,White,0,0,0,0,State Route,State Patrol,Washington State Patrol,0,1,0,0,0,,,,,,0.0,0.0,0.0,,,,,,,,,,,,,,,,,,,,,,,,,,,,,,,,,,,,99320,Provo,Benton City