,index,Unnamed: 0,year,case,par,repjur,crash_dt,crash_tm,accday,accmon,holiday,county,co_char,city,weather,weather2,lightcond,surfcond,surftype,numfatal,nmforms,pforms,vforms,not_tm,arr_tm,hosp_tm,fhevent,hitrun,manncol,milepnt,reljunc,reljuncinter,intersectiontype,funcsystem,landuse,ownership,route,schlbus,spejur,contdev,devfunc,trafid1,trafid2,lon,lat,wk_zone,vnumber,crashtype,criticalevent,criticaleventcat,spdlim,body,trailer,emerg,hazcargo,leave,mhevent,roadalgn,roadprof,traflane,trafflow,vehmanvr,numoccs,regowner,regstate,spuse,make,model,modelyr,vrf1,vrf2,seqevent1,seqevent2,seqevent3,seqevent4,seqevent5,seqevent6,pnumber,ptype,age,sex,hispanic,race,injury,diedscene,restraint,restraintmisuse,seatpos,takehosp,death_dt,death_tm,cert,cernum_wa,commlic,licendor,licrestrict,liccomp,drivpres,drf1,drf2,drf3,drf4,distract1,distract2,distract3,distract4,distract5,distract6,dricond1,dricond2,dricond3,dricond4,dricond5,dricond6,dzip,licstate,drhgt_in,weight,noncdl,noncdltype,prevdwi,prevoth,prevacc,prevspd,prevsus,driviol1,driviol2,driviol3,driviol4,driviol5,driviol6,spdrel,first_dt,last_dt,airbag,ejection,ejectpath,extricat,injurwrk,methalc,methdrug,nmlocat,strikveh,prf1,prf2,prf3,druginv,alcinvol,drugsts,drugres1,drugres2,drugres3,drugtst1,drugtst2,drugtst3,alcsts,alctst,alcres,nmact1,nmact2,nmact3,nmact4,nmact5,nmact6,nmprior1,nmprior2,nmprior3,nmprior4,nmprior5,nmprior6,nmcond1,nmcond2,nmcond3,nmcond4,nmcond5,nmcond6,nmsafe_helmet,nmsafe_pads,nmsafe_oth,nmprev_ref,nmprev_lgt,nmprev_oth,crashlocation,nmcrashtype,crosswalk,schoolzone,sidewalk,train_inv,wildlife_inv,rotr_fars,intersect_fars,dd_inv,aid_inv,dpd_inv,id_inv,mj_inv,impnm_inv,ainm_inv,dpnm_inv,speed_inv,unlic_inv,unendmc_inv,drowsy_inv,drdist_inv,nmdist_inv,fty_inv,unrestfat_inv,dr1617_inv,dr1820_inv,dr1620_inv,dr2125_inv,dr1625_inv,dr65_inv,dr70_inv,dr75_inv,mc_inv,pv_inv,ht_inv,ped_inv,bike_inv,unrest_fat,mc_fat,unhelmet_mc,pv_fat,ht_fat,ped_fat,bike_fat,dr_alc7,dr_alc8,dr_drug,dr_imp,dr_dist,dr_spd,dr_fty,dr_unlic,dr_alc7only,dr_alc8only,dr_drugonly,dr_drink,nm_imp,nm_alc7,nm_alc8,nm_drug,nm_dist,agegrp1,agegrp2,roadclass,urbrur,dayweek,restuse,vehtype,race_me,intersect,lanedep,oppdir,wrongway,rep_typ,investag,repag_long,rotr,st_rd,cty_rd,city_rd,oth_rd,drug_thc,thc_res,drug_cthc,cthc_res,drug_cann,prevpersemin,prevperse,prevsusoth,drugtst4,drugtst5,drugtst6,drugtst7,drugtst8,drugres4,drugres5,drugres6,drugres7,drugres8,adspresent,adsengaged,adslevel,race1,race2,race3,race4,race5,helmet,helmetmisuse,nmdistract1,nmdistract2,nmdistract3,nmdistract4,nmdistract5,nmdistract6,lab,isedtcase,crf1,crf2,crf3,CoRoadName,CoMP,IntCoRoadName,IntCoMP,crashzip,dcity,crashcity
1297,1319,1319,2018,333,E839009,3.0,2018-09-17,22:12,17,9,0.0,53,Pierce,2230,1,0.0,2,1,2,1,1,1,1,,,,8,0,0,2.6,1,0,1,3,2,1,3,0,3,0,0,SR-509,,-122.3801944,47.2473,0,1,13,80,5,60,4,0,0,1,7,8,1,1,2,3,1,1,1,53,0,49,32,2011,0,0.0,8,,,,,,1,1,26,1,0.0,0.0,0,0,3,0,11,0,,,,,0.0,0.0,0.0,3.0,1,0,0.0,0.0,0.0,96,,,,,,99,,,,,,98403,53,65.0,250.0,6.0,1.0,0.0,1.0,0.0,3.0,,0,,,,,,0,01/15/2014,06/15/2018,8,0,0,0,8.0,9,8,,,0,0.0,0.0,8,9,2.0,695.0,605.0,,1.0,1.0,,2,1,0.0,,,,,,,,,,,,,,,,,,,,,,,,,,,,,,0,0,0,0,0,0,1,1,1,1,0,1,0,0,0,0,0,0,0,0,0,0,0,0,0,0,0,0,0,1,0,1,0,0,0,,0,0,0,0,0,0,1,1,0,0,0,0,0,0,1,0,,,,,,26-30,26-35,State route,U,Monday,Belt Used,PV,Not Fatal,0,0,0,0,State Route,State Patrol,Washington State Patrol,0,1,0,0,0,thc,5.6,carboxy-thc,37.0,,0.0,0.0,0.0,,,,,,,,,,,,,,,,,,,,,,,,,,,,,,,,,,,,98421,Tacoma,Tacoma
1298,1320,1320,2018,334,E837709,247.0,2018-09-09,14:54,9,9,0.0,33,King,1820,10,0.0,1,1,2,1,1,1,1,,,,9,0,0,0.0,2,0,2,4,2,4,6,0,0,3,3,NE 85TH ST,158TH AVE NE,-122.1302806,47.678558333,0,1,13,83,5,30,1,0,0,1,5,9,1,1,3,1,1,1,1,53,0,41,45,2018,0,0.0,9,,,,,,1,1,76,1,0.0,0.0,0,0,3,0,11,0,,,,,0.0,0.0,3.0,3.0,1,0,0.0,0.0,0.0,96,,,,,,0,,,,,,98052,53,69.0,220.0,6.0,1.0,0.0,1.0,0.0,0.0,,0,,,,,,0,07/15/2015,07/15/2015,20,0,0,0,8.0,9,8,,,0,0.0,0.0,8,0,8.0,95.0,,,96.0,,,8,95,995.0,,,,,,,,,,,,,,,,,,,,,,,,,,,,,,0,0,0,1,0,0,0,0,0,0,0,0,0,0,0,0,0,0,0,0,0,0,0,0,0,1,1,1,0,1,0,0,1,0,0,,0,0,0,0,0,0,0,0,0,0,0,0,0,0,0,0,,,,,,76-80,76+,City street,U,Sunday,Belt Used,PV,Not Fatal,1,0,0,0,City Street,Municipal/City Police,Redmond Police Department,0,0,0,1,0,,,,,,0.0,0.0,0.0,,,,,,,,,,,,,,,,,,,,,,,,,,,,,,,,,,,,98052,Redmond,Redmond
1299,1321,1321,2018,335,E839419,7.0,2018-09-07,14:47,7,9,0.0,33,King,2310,1,0.0,1,1,1,1,1,1,1,,,,8,0,0,0.8,1,0,1,1,2,1,1,0,0,0,0,I-405,,-122.2497111,47.462638889,0,1,13,80,5,60,66,1,0,1,5,8,1,2,5,3,1,1,3,95,0,85,881,2017,0,0.0,8,,,,,,1,1,68,1,0.0,0.0,0,0,3,0,11,0,,,,,99.0,9.0,9.0,9.0,1,0,0.0,0.0,0.0,96,,,,,,0,,,,,,0,95,,999.0,9.0,9.0,99.0,99.0,99.0,99.0,,0,,,,,,0,,,20,0,0,0,8.0,9,8,,,0,0.0,0.0,8,0,8.0,95.0,,,96.0,,,8,95,995.0,,,,,,,,,,,,,,,,,,,,,,,,,,,,,,0,0,0,0,0,0,0,0,0,1,0,1,0,0,0,0,0,0,0,0,0,0,0,0,0,1,0,0,0,0,1,1,0,0,0,,0,0,0,0,0,0,0,0,0,0,0,0,0,0,0,0,,,,,,66-70,66-75,Interstate,U,Friday,,MHTRUCK,Not Fatal,0,0,0,0,State Route,State Patrol,Washington State Patrol,0,1,0,0,0,,,,,,99.0,99.0,99.0,,,,,,,,,,,,,,,,,,,,,,,,,,,,,,,,,,,,98188,Canada,Seattle
1300,1322,1322,2018,336,E839476,39.0,2018-09-12,10:56,12,9,0.0,61,Snohomish,0,2,0.0,1,2,2,1,0,2,2,10:53,11:10,11:53,12,0,6,2.9,2,0,2,7,1,2,4,0,0,20,3,CR-268TH ST NW,28TH AVE NW,-122.2697417,48.239069444,0,1,89,17,2,98,14,0,0,1,7,1,1,2,2,1,1,1,1,53,0,49,402,2013,0,0.0,12,63.0,1.0,2.0,,,1,1,60,2,7.0,1.0,4,7,20,0,11,0,09/12/2018,10:56,53040201.0,40201.0,0.0,0.0,0.0,3.0,1,39,0.0,0.0,0.0,96,,,,,,99,,,,,,98271,53,65.0,135.0,6.0,1.0,0.0,0.0,0.0,0.0,,0,,,,,,0,,,99,2,9,0,0.0,9,8,,,0,0.0,0.0,8,9,2.0,155.0,,,1.0,,,2,1,0.0,,,,,,,,,,,,,,,,,,,,,,,,,,,,,,0,0,0,1,0,0,1,1,0,0,0,0,0,0,0,0,0,0,0,1,0,1,1,0,1,0,0,0,0,1,0,0,0,1,0,,1,0,0,0,0,0,1,1,0,0,0,0,0,0,1,0,,,,,,56-60,56-65,County road,R,Wednesday,Not Used,PV,White,1,0,0,0,County Road,County Sheriff,Snohomish County Sheriff's Office,0,0,1,0,0,,,,,,0.0,0.0,0.0,,,,,,,,,,,,,,,,,,,,,,,,,,,,,,,,,,,,98292,Marysville,Stanwood
1301,1323,1323,2018,336,E839476,39.0,2018-09-12,10:56,12,9,0.0,61,Snohomish,0,2,0.0,1,2,2,1,0,2,2,10:53,11:10,11:53,12,0,6,2.9,2,0,2,7,1,2,4,0,0,0,0,CR-268TH ST NW,28TH AVE NW,-122.2697417,48.239069444,0,2,88,66,4,98,6,0,0,1,5,12,1,2,2,1,1,1,2,53,0,48,45,2017,0,0.0,12,,,,,,1,1,19,2,0.0,0.0,2,0,3,0,11,5,,,,,0.0,0.0,0.0,3.0,1,0,0.0,0.0,0.0,96,,,,,,0,,,,,,98292,53,65.0,135.0,6.0,1.0,0.0,0.0,2.0,2.0,,0,,,,,,0,02/15/2014,01/15/2018,8,0,0,0,8.0,9,8,,,0,0.0,0.0,8,0,8.0,95.0,,,96.0,,,8,95,995.0,,,,,,,,,,,,,,,,,,,,,,,,,,,,,,0,0,0,1,0,0,1,1,0,0,0,0,0,0,0,0,0,0,0,1,0,1,1,0,1,0,0,0,0,1,0,0,0,0,0,,0,0,0,0,0,0,0,0,0,0,0,0,0,0,0,0,,,,,,18-20,16-25,County road,R,Wednesday,Belt Used,PV,Not Fatal,1,0,0,0,County Road,County Sheriff,Snohomish County Sheriff's Office,0,0,1,0,0,,,,,,0.0,0.0,2.0,,,,,,,,,,,,,,,,,,,,,,,,,,,,,,,,,,,,98292,Stanwood,Stanwood
1302,1324,1324,2018,337,E839884,222.0,2018-07-20,22:09,20,7,0.0,67,Thurston,1590,1,0.0,3,1,5,1,0,1,1,,,,42,0,0,0.0,3,0,3,7,2,4,6,0,0,0,0,NORTH ST SE,CAIN RD SE,-122.8732083,47.016536111,0,1,14,14,2,98,14,0,0,1,7,42,8,8,2,1,1,1,1,53,0,20,404,2015,0,0.0,71,42.0,,,,,1,1,56,1,7.0,1.0,4,7,3,0,11,0,07/20/2018,22:09,159053033720.0,33720.0,0.0,0.0,0.0,3.0,1,0,0.0,0.0,0.0,96,,,,,,9,,,,,,98501,53,77.0,325.0,6.0,1.0,0.0,0.0,0.0,0.0,,0,,,,,,0,,,8,0,0,0,0.0,9,8,,,0,0.0,0.0,8,1,2.0,996.0,996.0,,1.0,1.0,,2,1,0.21,,,,,,,,,,,,,,,,,,,,,,,,,,,,,,0,0,0,1,1,1,1,1,0,0,0,0,0,0,0,0,0,0,0,0,0,0,0,0,0,0,0,0,0,1,0,0,0,0,0,,1,0,0,0,0,1,1,1,0,0,0,0,0,0,0,1,,,,,,56-60,56-65,City street,U,Friday,Belt Used,PV,White,1,0,0,0,City Street,Municipal/City Police,Olympia Police Department,0,0,0,1,0,,,,,,0.0,0.0,0.0,,,,,,,,,,,,,,,,,,,,,,,,,,,,,,,,,,,,98501,Olympia,Olympia
1303,1325,1325,2018,338,E840255,5.0,2018-09-18,23:47,18,9,0.0,11,Clark,0,1,0.0,2,1,1,1,0,2,2,,,,12,0,1,10.2,1,0,1,1,2,1,1,0,0,0,0,I-5,,-122.6660917,45.761047222,0,1,24,51,3,70,15,0,0,1,2,2,1,2,3,3,15,1,3,53,0,12,422,2003,0,0.0,12,63.0,42.0,2.0,,,1,1,52,1,7.0,1.0,4,7,20,0,11,0,09/19/2018,0:01,53042396.0,42396.0,6.0,3.0,0.0,3.0,1,0,0.0,0.0,0.0,96,,,,,,99,,,,,,98201,53,73.0,280.0,6.0,1.0,0.0,1.0,0.0,1.0,,0,,,,,,0,06/15/2014,05/15/2018,99,0,0,0,0.0,9,1,,,0,0.0,0.0,1,9,2.0,155.0,401.0,376.0,1.0,1.0,1.0,2,1,0.0,,,,,,,,,,,,,,,,,,,,,,,,,,,,,,0,0,0,0,0,0,1,1,0,0,0,0,0,0,0,0,0,0,0,1,0,1,1,0,1,0,0,0,0,1,0,0,0,1,0,,1,0,0,0,0,0,1,1,0,0,0,0,0,0,1,0,,,,,,51-55,46-55,Interstate,U,Tuesday,Not Used,PV,White,0,0,0,0,State Route,State Patrol,WASHINGTON STATE PATROL,0,1,0,0,0,,,,,,0.0,0.0,1.0,1.0,1.0,1.0,,,343.0,417.0,151.0,996.0,,,,,,,,,,,,,,,,,,,,,,,,,,,98642,Everett,Ridgefield
1304,1326,1326,2018,338,E840255,5.0,2018-09-18,23:47,18,9,0.0,11,Clark,0,1,0.0,2,1,1,1,0,2,2,,,,12,0,1,10.2,1,0,1,1,2,1,1,0,0,0,0,I-5,,-122.6660917,45.761047222,0,2,25,53,3,70,4,0,0,1,5,12,1,2,3,3,1,1,2,4,0,35,50,2012,0,0.0,12,,,,,,1,1,18,1,0.0,0.0,0,0,3,0,11,0,,,,,0.0,0.0,3.0,3.0,1,0,0.0,0.0,0.0,96,,,,,,0,,,,,,85365,4,71.0,170.0,6.0,1.0,0.0,0.0,0.0,0.0,,0,,,,,,0,,,20,0,0,0,8.0,9,8,,,0,0.0,0.0,8,0,8.0,95.0,,,96.0,,,8,95,995.0,,,,,,,,,,,,,,,,,,,,,,,,,,,,,,0,0,0,0,0,0,1,1,0,0,0,0,0,0,0,0,0,0,0,1,0,1,1,0,1,0,0,0,0,1,0,0,0,0,0,,0,0,0,0,0,0,0,0,0,0,0,0,0,0,0,0,,,,,,18-20,16-25,Interstate,U,Tuesday,Belt Used,PV,Not Fatal,0,0,0,0,State Route,State Patrol,WASHINGTON STATE PATROL,0,1,0,0,0,,,,,,0.0,0.0,0.0,,,,,,,,,,,,,,,,,,,,,,,,,,,,,,,,,,,,98642,Yuma,Ridgefield
1305,1327,1327,2018,339,E840297,2.0,2018-09-13,8:02,13,9,0.0,61,Snohomish,0,2,0.0,1,2,2,1,0,2,2,7:59,8:08,8:21,12,0,2,10.9,1,0,1,3,1,1,2,0,0,0,0,US-2,,-122.0340194,47.897555556,0,1,50,10,2,60,63,0,0,1,2,12,1,1,2,1,2,1,3,53,0,87,881,1985,0,0.0,68,12.0,,,,,1,1,27,1,0.0,0.0,3,0,2,0,11,5,,,,,6.0,1.0,0.0,3.0,1,26,28.0,0.0,0.0,96,,,,,,0,,,,,,98201,53,73.0,280.0,6.0,1.0,0.0,1.0,0.0,1.0,,97,,,,,,4,06/15/2014,05/15/2018,20,0,0,0,8.0,9,8,,,0,0.0,0.0,8,0,2.0,1.0,,,1.0,,,2,1,0.0,,,,,,,,,,,,,,,,,,,,,,,,,,,,,,0,0,0,0,0,0,0,0,0,0,0,0,1,0,0,0,0,0,0,0,0,0,0,0,0,0,0,0,0,1,1,0,0,0,0,,0,0,0,0,0,0,0,0,0,1,0,0,0,0,0,0,,,,,,26-30,26-35,US highway,R,Thursday,,MHTRUCK,Not Fatal,0,1,1,0,State Route,State Patrol,Washington State Patrol,0,1,0,0,0,,,,,,0.0,0.0,0.0,,,,,,,,,,,,,,,,,,,,,,,,,,,,,,,,,,,,98290,Everett,Snohomish
1306,1328,1328,2018,339,E840297,2.0,2018-09-13,8:02,13,9,0.0,61,Snohomish,0,2,0.0,1,2,2,1,0,2,2,7:59,8:08,8:21,12,0,2,10.9,1,0,1,3,1,1,2,0,0,0,0,US-2,,-122.0340194,47.897555556,0,2,51,62,4,60,34,1,0,1,2,12,1,1,2,1,1,1,2,53,0,23,481,1985,0,0.0,12,,,,,,1,1,55,1,7.0,1.0,4,7,3,0,11,0,09/13/2018,8:02,53040162.0,40162.0,0.0,0.0,3.0,3.0,1,0,0.0,0.0,0.0,96,,,,,,99,,,,,,98293,53,67.0,180.0,6.0,1.0,0.0,0.0,0.0,0.0,,0,,,,,,0,,,20,0,0,0,0.0,9,8,,,0,0.0,0.0,8,0,2.0,1.0,,,1.0,,,2,1,0.0,,,,,,,,,,,,,,,,,,,,,,,,,,,,,,0,0,0,0,0,0,0,0,0,0,0,0,1,0,0,0,0,0,0,0,0,0,0,0,0,0,0,0,0,1,1,0,0,0,0,,1,0,0,0,0,0,0,0,0,0,0,0,0,0,0,0,,,,,,51-55,46-55,US highway,R,Thursday,Belt Used,PV,White,0,1,1,0,State Route,State Patrol,Washington State Patrol,0,1,0,0,0,,,,,,0.0,0.0,0.0,,,,,,,,,,,,,,,,,,,,,,,,,,,,,,,,,,,,98290,Startup,Snohomish
1307,1329,1329,2018,340,E840434,6.0,2018-08-25,4:31,25,8,0.0,25,Grant,0,1,0.0,2,1,2,2,0,3,2,4:34,4:54,6:17,12,0,2,8.7,3,0,3,4,1,1,3,0,0,0,0,SR-243,ORCHARD RD,-119.8956667,46.664958333,0,1,50,10,2,60,3,0,0,1,2,12,2,1,2,1,14,2,1,53,0,37,31,2000,0,0.0,68,12.0,,,,,1,1,19,1,1.0,98.0,4,7,3,0,11,0,08/25/2018,4:31,53037649.0,37649.0,0.0,0.0,0.0,2.0,1,28,0.0,0.0,0.0,96,,,,,,9,,,,,,99349,53,68.0,120.0,1.0,1.0,0.0,2.0,0.0,5.0,,0,,,,,,0,12/15/2015,06/15/2018,20,0,0,0,0.0,9,1,,,0,0.0,0.0,1,9,2.0,401.0,417.0,,1.0,1.0,,2,1,0.0,,,,,,,,,,,,,,,,,,,,,,,,,,,,,,0,0,0,1,0,0,1,1,0,0,0,0,0,1,0,0,0,0,0,1,0,1,1,0,1,0,0,0,0,1,1,0,0,0,0,,1,0,0,0,0,0,1,1,0,0,0,1,0,0,1,0,,,,,,18-20,16-25,State route,R,Saturday,Belt Used,PV,Hispanic,0,1,1,0,State Route,State Patrol,Washington State Patrol,0,1,0,0,0,,,,,,0.0,0.0,5.0,,,,,,,,,,,,,,,,,,,,,,,,,,,,,,,,,,,,99349,Mattawa,Mattawa
1308,1330,1330,2018,340,E840434,6.0,2018-08-25,4:31,25,8,0.0,25,Grant,0,1,0.0,2,1,2,2,0,3,2,4:34,4:54,6:17,12,0,2,8.7,3,0,3,4,1,1,3,0,0,0,0,SR-243,ORCHARD RD,-119.8956667,46.664958333,0,2,51,62,4,60,66,2,0,1,5,12,3,1,2,1,14,1,3,41,0,82,881,2015,0,0.0,12,,,,,,1,1,35,1,0.0,0.0,2,0,3,0,11,5,,,,,6.0,3.0,0.0,3.0,1,0,0.0,0.0,0.0,96,,,,,,0,,,,,,99337,53,69.0,210.0,6.0,1.0,0.0,1.0,1.0,0.0,,0,,,,,,0,03/15/2014,09/15/2014,1,0,0,0,8.0,9,2,,,0,0.0,0.0,0,0,8.0,95.0,,,96.0,,,8,95,995.0,,,,,,,,,,,,,,,,,,,,,,,,,,,,,,0,0,0,1,0,0,1,1,0,0,0,0,0,1,0,0,0,0,0,1,0,1,1,0,1,0,0,0,0,1,1,0,0,0,0,,0,0,0,0,0,0,0,0,0,0,0,0,0,0,0,0,,,,,,31-35,26-35,State route,R,Saturday,,MHTRUCK,Not Fatal,0,1,1,0,State Route,State Patrol,Washington State Patrol,0,1,0,0,0,,,,,,0.0,0.0,0.0,,,,,,,,,,,,,,,,,,,,,,,,,,,,,,,,,,,,99349,Kennewick,Mattawa
1309,1331,1331,2018,341,E841053,60.0,2018-09-23,0:01,23,9,0.0,5,Benton,0,1,0.0,2,1,2,1,0,1,1,,,,39,0,0,4.8,1,0,1,5,1,2,4,0,0,0,0,CR-N WEBBER CANYON RD N,,-119.4592222,46.23235,0,1,1,13,2,40,6,0,0,1,2,39,3,1,2,1,14,1,2,53,0,48,34,1999,0,0.0,63,39.0,,,,,1,1,41,1,7.0,1.0,4,7,3,0,11,0,09/23/2018,0:01,53041814.0,41814.0,0.0,0.0,0.0,0.0,1,0,0.0,0.0,0.0,92,,,,,,99,,,,,,99354,53,75.0,220.0,0.0,0.0,1.0,1.0,0.0,1.0,,0,,,,,,0,06/15/2014,11/15/2016,8,0,0,0,0.0,9,8,,,0,0.0,0.0,8,9,2.0,1.0,,,1.0,,,2,1,0.13,,,,,,,,,,,,,,,,,,,,,,,,,,,,,,0,0,1,0,1,1,0,1,0,0,0,0,0,1,0,0,1,0,0,0,0,0,0,0,0,0,0,0,0,1,0,0,0,0,0,,1,0,0,0,0,1,0,1,1,0,0,1,0,1,0,1,,,,,,41-45,36-45,County road,R,Sunday,Belt Used,PV,White,0,1,0,0,County Road,County Sheriff,Benton County Sheriff's Office,1,0,1,0,0,,,,,,0.0,1.0,6.0,,,,,,,,,,,,,,,,,,,,,,,,,,,,,,,,,,,,99320,Richland,Benton City
1310,1332,1332,2018,343,E843063,7.0,2018-04-01,19:20,1,4,0.0,33,King,0,4,0.0,2,10,2,1,0,4,1,,,,24,0,0,29.9,1,0,1,1,2,1,1,0,0,0,0,I-90,,-121.7806083,47.473869444,0,1,7,6,1,70,4,0,0,1,7,24,1,1,3,3,1,4,2,53,0,52,34,2005,0,0.0,64,24.0,35.0,,,,1,1,31,1,0.0,0.0,3,0,99,0,11,8,,,,,0.0,0.0,3.0,2.0,1,87,0.0,0.0,0.0,96,,,,,,0,,,,,,98837,53,69.0,165.0,1.0,1.0,0.0,0.0,0.0,0.0,,97,,,,,,4,05/15/2013,06/15/2013,20,0,0,0,8.0,9,8,,,0,0.0,0.0,8,0,8.0,95.0,,,96.0,,,8,95,995.0,,,,,,,,,,,,,,,,,,,,,,,,,,,,,,0,0,0,0,0,0,0,0,0,0,0,0,1,1,0,0,0,0,0,0,0,0,0,0,0,0,0,0,0,1,0,0,0,0,0,,0,0,0,0,0,0,0,0,0,1,0,1,0,0,0,0,,,,,,31-35,26-35,Interstate,U,Sunday,Unknown,PV,Not Fatal,0,1,0,0,State Route,State Patrol,Washington State Patrol Headquarter,1,1,0,0,0,,,,,,0.0,0.0,2.0,,,,,,,,,,,,,,,,,,,,,,,,,,,,,,,,,,,,98045,Moses Lake,North Bend
1311,1333,1333,2018,344,E844411,305.0,2018-09-30,15:57,30,9,0.0,11,Clark,2370,10,0.0,1,1,2,1,1,1,1,16:10,16:11,,8,0,0,0.0,3,0,2,7,2,4,6,0,0,0,0,E MILL PLAIN BLVD,N MORRISON RD,-122.59545,45.625347222,0,1,13,80,5,35,5,0,0,1,5,8,1,1,5,1,1,1,2,53,0,49,46,2010,0,0.0,8,,,,,,1,1,28,1,0.0,0.0,0,0,99,0,11,0,,,,,0.0,0.0,0.0,3.0,1,0,0.0,0.0,0.0,92,,,,,,99,,,,,,98683,53,73.0,160.0,6.0,1.0,0.0,0.0,0.0,0.0,,0,,,,,,0,,,20,0,0,0,8.0,9,8,,,0,0.0,0.0,8,9,2.0,402.0,605.0,695.0,1.0,1.0,1.0,2,1,0.0,,,,,,,,,,,,,,,,,,,,,,,,,,,,,,0,0,0,1,0,0,1,1,1,0,0,0,0,0,0,0,1,1,0,0,0,0,0,0,0,0,0,0,0,1,0,1,0,0,0,,0,0,0,0,0,0,1,1,1,0,0,0,0,0,1,0,,,,,,26-30,26-35,City street,U,Sunday,Unknown,PV,Not Fatal,1,0,0,0,City Street,Municipal/City Police,Vancouver Police Department,0,0,0,1,0,thc,2.7,carboxy-thc,18.0,,0.0,0.0,0.0,,,,,,,,,,,,,,,,,,,,,,,,,,,,,,,,,,,,98664,Vancouver,Vancouver
1312,1334,1334,2018,345,E844453,248.0,2018-10-01,23:04,1,10,0.0,33,King,1830,2,0.0,3,2,2,1,0,2,2,,,,12,0,6,0.0,1,0,1,7,2,4,6,0,0,0,0,SE CARR RD,S CARR RD,-122.2060083,47.442377778,0,1,66,6,1,35,3,0,0,1,7,12,2,6,2,1,14,1,1,53,0,49,34,1984,0,0.0,68,12.0,,,,,1,1,22,1,7.0,7.0,4,7,3,0,11,0,10/01/2018,23:04,183053042808.0,42808.0,0.0,0.0,0.0,3.0,1,28,0.0,0.0,0.0,96,,,,,,0,,,,,,98056,53,67.0,140.0,6.0,1.0,0.0,1.0,3.0,1.0,,0,,,,,,4,03/15/2017,09/15/2018,20,0,0,0,0.0,9,8,,,0,0.0,0.0,8,0,2.0,1.0,,,1.0,,,2,1,0.0,,,,,,,,,,,,,,,,,,,,,,,,,,,,,,0,0,0,0,0,0,0,0,0,0,0,0,1,0,0,0,0,0,0,0,0,0,0,1,1,0,0,0,0,1,0,0,0,0,0,,1,0,0,0,0,0,0,0,0,1,0,0,0,0,0,0,,,,,,21-25,16-25,City street,U,Monday,Belt Used,PV,API,0,1,1,0,City Street,Municipal/City Police,Renton Police Department,0,0,0,1,0,,,,,,0.0,0.0,0.0,,,,,,,,,,,,,,,,,,,,,,,,,,,,,,,,,,,,98055,Renton,Renton
1313,1335,1335,2018,345,E844453,248.0,2018-10-01,23:04,1,10,0.0,33,King,1830,2,0.0,3,2,2,1,0,2,2,,,,12,0,6,0.0,1,0,1,7,2,4,6,0,0,0,0,SE CARR RD,S CARR RD,-122.2060083,47.442377778,0,2,66,62,4,35,34,0,0,1,7,12,3,3,2,1,14,1,1,53,0,7,482,2005,0,0.0,12,,,,,,1,1,48,1,0.0,0.0,0,0,3,0,11,0,,,,,0.0,0.0,0.0,3.0,1,0,0.0,0.0,0.0,96,,,,,,0,,,,,,98273,53,69.0,210.0,6.0,1.0,0.0,0.0,0.0,2.0,,0,,,,,,0,11/15/2014,02/15/2015,1,0,0,0,8.0,9,8,,,0,0.0,0.0,8,0,8.0,95.0,,,96.0,,,8,95,995.0,,,,,,,,,,,,,,,,,,,,,,,,,,,,,,0,0,0,0,0,0,0,0,0,0,0,0,1,0,0,0,0,0,0,0,0,0,0,1,1,0,0,0,0,1,0,0,0,0,0,,0,0,0,0,0,0,0,0,0,0,0,0,0,0,0,0,,,,,,46-50,46-55,City street,U,Monday,Belt Used,PV,Not Fatal,0,1,1,0,City Street,Municipal/City Police,Renton Police Department,0,0,0,1,0,,,,,,0.0,0.0,0.0,,,,,,,,,,,,,,,,,,,,,,,,,,,,,,,,,,,,98055,Mount Vernon,Renton
1314,1336,1336,2018,346,E815070,35.0,2018-07-05,17:27,5,7,0.0,53,Pierce,0,1,0.0,1,1,2,1,0,1,1,,,,30,0,0,3.6,1,0,1,3,2,2,4,0,0,0,0,CR-BROOKDALE RD E,,-122.3699194,47.115775,0,1,1,13,2,35,80,0,0,1,7,30,1,1,2,1,15,1,2,53,0,76,706,2005,0,0.0,63,30.0,,,,,1,1,22,1,7.0,1.0,4,0,19,0,11,4,07/11/2018,15:42,223053030731.0,30731.0,0.0,0.0,0.0,3.0,1,0,0.0,0.0,0.0,96,,,,,,99,,,,,,98445,53,69.0,150.0,6.0,1.0,0.0,1.0,2.0,1.0,,0,,,,,,4,06/15/2016,02/15/2018,20,8,0,0,0.0,9,8,,,0,0.0,0.0,8,9,8.0,95.0,,,96.0,,,8,95,995.0,,,,,,,,,,,,,,,,,,,,,,,,,,,,,,0,0,1,0,0,0,0,0,0,0,0,0,1,0,0,0,0,0,0,0,0,0,0,1,1,0,0,0,1,0,0,0,0,0,1,0.0,0,0,0,0,0,0,0,0,0,1,0,0,0,0,0,0,,,,,,21-25,16-25,County road,U,Thursday,,MC,White,0,1,0,0,County Road,County Sheriff,Law Enforcement Support Agency,1,0,1,0,0,,,,,,0.0,0.0,0.0,,,,,,,,,,,,,,,,,,,,,,,,,,,,,,,,,,,,98446,Tacoma,Tacoma