,index,Unnamed: 0,year,case,par,repjur,crash_dt,crash_tm,accday,accmon,holiday,county,co_char,city,weather,weather2,lightcond,surfcond,surftype,numfatal,nmforms,pforms,vforms,not_tm,arr_tm,hosp_tm,fhevent,hitrun,manncol,milepnt,reljunc,reljuncinter,intersectiontype,funcsystem,landuse,ownership,route,schlbus,spejur,contdev,devfunc,trafid1,trafid2,lon,lat,wk_zone,vnumber,crashtype,criticalevent,criticaleventcat,spdlim,body,trailer,emerg,hazcargo,leave,mhevent,roadalgn,roadprof,traflane,trafflow,vehmanvr,numoccs,regowner,regstate,spuse,make,model,modelyr,vrf1,vrf2,seqevent1,seqevent2,seqevent3,seqevent4,seqevent5,seqevent6,pnumber,ptype,age,sex,hispanic,race,injury,diedscene,restraint,restraintmisuse,seatpos,takehosp,death_dt,death_tm,cert,cernum_wa,commlic,licendor,licrestrict,liccomp,drivpres,drf1,drf2,drf3,drf4,distract1,distract2,distract3,distract4,distract5,distract6,dricond1,dricond2,dricond3,dricond4,dricond5,dricond6,dzip,licstate,drhgt_in,weight,noncdl,noncdltype,prevdwi,prevoth,prevacc,prevspd,prevsus,driviol1,driviol2,driviol3,driviol4,driviol5,driviol6,spdrel,first_dt,last_dt,airbag,ejection,ejectpath,extricat,injurwrk,methalc,methdrug,nmlocat,strikveh,prf1,prf2,prf3,druginv,alcinvol,drugsts,drugres1,drugres2,drugres3,drugtst1,drugtst2,drugtst3,alcsts,alctst,alcres,nmact1,nmact2,nmact3,nmact4,nmact5,nmact6,nmprior1,nmprior2,nmprior3,nmprior4,nmprior5,nmprior6,nmcond1,nmcond2,nmcond3,nmcond4,nmcond5,nmcond6,nmsafe_helmet,nmsafe_pads,nmsafe_oth,nmprev_ref,nmprev_lgt,nmprev_oth,crashlocation,nmcrashtype,crosswalk,schoolzone,sidewalk,train_inv,wildlife_inv,rotr_fars,intersect_fars,dd_inv,aid_inv,dpd_inv,id_inv,mj_inv,impnm_inv,ainm_inv,dpnm_inv,speed_inv,unlic_inv,unendmc_inv,drowsy_inv,drdist_inv,nmdist_inv,fty_inv,unrestfat_inv,dr1617_inv,dr1820_inv,dr1620_inv,dr2125_inv,dr1625_inv,dr65_inv,dr70_inv,dr75_inv,mc_inv,pv_inv,ht_inv,ped_inv,bike_inv,unrest_fat,mc_fat,unhelmet_mc,pv_fat,ht_fat,ped_fat,bike_fat,dr_alc7,dr_alc8,dr_drug,dr_imp,dr_dist,dr_spd,dr_fty,dr_unlic,dr_alc7only,dr_alc8only,dr_drugonly,dr_drink,nm_imp,nm_alc7,nm_alc8,nm_drug,nm_dist,agegrp1,agegrp2,roadclass,urbrur,dayweek,restuse,vehtype,race_me,intersect,lanedep,oppdir,wrongway,rep_typ,investag,repag_long,rotr,st_rd,cty_rd,city_rd,oth_rd,drug_thc,thc_res,drug_cthc,cthc_res,drug_cann,prevpersemin,prevperse,prevsusoth,drugtst4,drugtst5,drugtst6,drugtst7,drugtst8,drugres4,drugres5,drugres6,drugres7,drugres8,adspresent,adsengaged,adslevel,race1,race2,race3,race4,race5,helmet,helmetmisuse,nmdistract1,nmdistract2,nmdistract3,nmdistract4,nmdistract5,nmdistract6,lab,isedtcase,crf1,crf2,crf3,CoRoadName,CoMP,IntCoRoadName,IntCoMP,crashzip,dcity,crashcity
1315,1337,1337,2018,347,E839737,36.0,2018-09-05,23:30,5,9,0.0,55,San Juan,0,1,0.0,2,1,2,1,0,2,1,,,,42,0,0,3.5,1,0,1,5,1,2,4,0,0,0,0,CR-ORCAS RD,,-122.9446972,48.644619444,0,1,1,13,2,35,4,0,0,1,2,42,3,1,2,1,14,2,2,53,0,32,42,2001,0,0.0,63,42.0,1.0,,,,1,1,33,1,0.0,0.0,3,0,3,0,11,1,,,,,0.0,0.0,0.0,3.0,1,91,0.0,0.0,0.0,3,,,,,,9,,,,,,98245,53,74.0,185.0,6.0,1.0,0.0,0.0,0.0,0.0,,1,,,,,,0,,,8,0,0,0,8.0,9,8,,,0,0.0,0.0,8,1,2.0,605.0,695.0,,1.0,1.0,,2,1,0.13,,,,,,,,,,,,,,,,,,,,,,,,,,,,,,0,0,1,0,1,1,1,1,1,0,0,0,0,0,0,0,1,0,0,1,0,0,0,0,0,0,0,0,0,1,0,0,0,0,0,,0,0,0,0,0,1,1,1,1,0,0,0,0,0,0,1,,,,,,31-35,26-35,County road,R,Wednesday,Belt Used,PV,Not Fatal,0,0,0,0,County Road,County Sheriff,San Juan County Sheriff's Office,0,0,1,0,0,thc,2.3,carboxy-thc,41.0,,0.0,0.0,0.0,,,,,,,,,,,,,,,,,,,,,,,,,,,,,,,,,,,,98245,Eastsound,Eastsound
1316,1338,1338,2018,348,E840642,200.0,2018-09-07,21:38,7,9,0.0,61,Snohomish,1360,2,0.0,3,2,2,1,0,2,2,,,,12,0,1,13.2,1,0,1,3,2,1,2,0,0,0,0,US-2,,-121.8464889,47.85375,0,1,24,51,3,45,14,0,0,1,7,12,1,1,2,1,1,1,2,53,0,12,401,1992,0,0.0,12,,,,,,1,1,18,1,0.0,0.0,0,0,99,0,11,0,,,,,0.0,0.0,0.0,3.0,1,0,0.0,0.0,0.0,5,,,,,,0,,,,,,98272,53,71.0,208.0,6.0,1.0,0.0,0.0,0.0,0.0,,97,,,,,,0,,,20,0,0,0,8.0,9,8,,,0,0.0,0.0,8,0,2.0,1.0,,,1.0,,,2,1,0.0,,,,,,,,,,,,,,,,,,,,,,,,,,,,,,0,0,0,0,0,0,1,1,1,0,0,0,0,1,1,0,1,0,0,0,0,1,1,0,1,0,0,0,1,1,0,0,0,0,0,,0,0,0,0,0,0,0,0,1,0,0,0,0,0,0,0,,,,,,18-20,16-25,US highway,U,Friday,Unknown,PV,Not Fatal,0,0,0,0,State Route,Municipal/City Police,Monroe Police Department,0,1,0,0,0,thc,3.1,carboxy-thc,19.0,,0.0,0.0,0.0,,,,,,,,,,,,,,,,,,,,,,,,,,,,,,,,,,,,98272,Monroe,Monroe
1317,1339,1339,2018,348,E840642,200.0,2018-09-07,21:38,7,9,0.0,61,Snohomish,1360,2,0.0,3,2,2,1,0,2,2,,,,12,0,1,13.2,1,0,1,3,2,1,2,0,0,0,0,US-2,,-121.8464889,47.85375,0,2,25,53,3,45,80,0,0,1,7,12,1,1,2,1,1,1,0,4,0,99,709,9999,0,0.0,12,,,,,,1,1,38,1,1.0,1.0,4,7,19,0,11,0,09/07/2018,21:38,136053040157.0,40157.0,0.0,0.0,0.0,0.0,1,0,0.0,0.0,0.0,96,,,,,,99,,,,,,85029,4,67.0,205.0,0.0,0.0,0.0,0.0,0.0,0.0,,0,,,,,,0,,,20,8,0,0,0.0,9,8,,,0,0.0,0.0,8,9,2.0,401.0,417.0,605.0,1.0,1.0,1.0,2,1,0.0,,,,,,,,,,,,,,,,,,,,,,,,,,,,,,0,0,0,0,0,0,1,1,1,0,0,0,0,1,1,0,1,0,0,0,0,1,1,0,1,0,0,0,1,1,0,0,0,0,1,0.0,0,0,0,0,0,0,1,1,0,0,0,1,0,0,1,0,,,,,,36-40,36-45,US highway,U,Friday,,MC,Hispanic,0,0,0,0,State Route,Municipal/City Police,Monroe Police Department,0,1,0,0,0,,,,,,0.0,0.0,0.0,1.0,,,,,695.0,,,,,,,,,,,,,,,,,,,,,,,,,,,,,,98272,Phoenix,Monroe
1318,1340,1340,2018,349,E845515,21.0,2018-10-01,5:59,1,10,0.0,25,Grant,0,1,0.0,2,1,2,1,0,3,2,5:59,6:12,6:46,12,0,6,22.2,4,0,1,5,1,2,4,0,0,0,0,CR-ADAMS RD N,,-119.7681111,47.212525,0,1,68,15,2,60,4,0,0,1,7,12,1,1,2,1,11,2,1,53,0,37,31,1998,0,0.0,12,,,,,,1,1,65,1,0.0,0.0,3,0,3,0,11,5,,,,,0.0,0.0,0.0,2.0,1,38,0.0,0.0,0.0,93,,,,,,0,,,,,,99357,53,63.0,200.0,1.0,1.0,0.0,0.0,0.0,1.0,,76,,,,,,0,09/15/2018,10/15/2018,1,0,0,0,8.0,9,8,,,0,0.0,0.0,8,0,8.0,95.0,,,96.0,,,8,95,995.0,,,,,,,,,,,,,,,,,,,,,,,,,,,,,,0,0,0,0,0,0,0,0,0,0,0,0,0,1,0,0,1,0,1,0,0,0,0,0,0,1,0,0,0,1,0,0,0,0,0,,0,0,0,0,0,0,0,0,1,0,1,1,0,0,0,0,,,,,,61-65,56-65,County road,R,Monday,Belt Used,PV,Not Fatal,0,0,0,0,County Road,County Sheriff,Grant County Sheriff's Office,0,0,1,0,0,,,,,,0.0,0.0,1.0,,,,,,,,,,,,,,,,,,,,,,,,,,,,,,,,,,,,98848,Royal City,Quincy
1319,1341,1341,2018,349,E845515,21.0,2018-10-01,5:59,1,10,0.0,25,Grant,0,1,0.0,2,1,2,1,0,3,2,5:59,6:12,6:46,12,0,6,22.2,4,0,1,5,1,2,4,0,0,0,0,CR-ADAMS RD N,,-119.7681111,47.212525,0,2,69,62,4,60,4,0,0,1,7,12,1,1,2,1,1,1,1,53,0,35,47,2005,0,0.0,12,,,,,,1,1,42,1,0.0,0.0,1,0,3,0,11,5,,,,,0.0,0.0,0.0,3.0,1,0,0.0,0.0,0.0,96,,,,,,0,,,,,,98848,53,63.0,160.0,6.0,1.0,0.0,0.0,1.0,1.0,,0,,,,,,0,02/15/2015,06/15/2015,1,0,0,0,8.0,9,8,,,0,0.0,0.0,8,0,8.0,95.0,,,96.0,,,8,95,995.0,,,,,,,,,,,,,,,,,,,,,,,,,,,,,,0,0,0,0,0,0,0,0,0,0,0,0,0,1,0,0,1,0,1,0,0,0,0,0,0,1,0,0,0,1,0,0,0,0,0,,0,0,0,0,0,0,0,0,0,0,0,0,0,0,0,0,,,,,,41-45,36-45,County road,R,Monday,Belt Used,PV,Not Fatal,0,0,0,0,County Road,County Sheriff,Grant County Sheriff's Office,0,0,1,0,0,,,,,,0.0,0.0,0.0,,,,,,,,,,,,,,,,,,,,,,,,,,,,,,,,,,,,98848,Quincy,Quincy
1320,1342,1342,2018,350,E845611,8.0,2018-09-24,14:55,24,9,0.0,27,Grays Harbor,0,1,0.0,1,1,2,1,0,2,2,,,,12,0,6,2.9,2,0,3,3,2,1,3,0,0,20,3,SR-12,ABERDEEN LAKE RD,-123.7543417,46.978475,0,1,82,11,2,50,6,0,0,1,7,12,4,1,2,1,11,1,1,53,0,48,34,2002,0,0.0,12,,,,,,1,1,87,2,7.0,1.0,4,7,3,0,11,0,09/24/2018,14:55,53041777.0,41777.0,0.0,0.0,0.0,3.0,1,38,0.0,0.0,0.0,96,,,,,,99,,,,,,98563,53,69.0,145.0,6.0,1.0,0.0,0.0,0.0,0.0,,0,,,,,,0,,,20,0,0,0,0.0,9,8,,,0,0.0,0.0,8,9,2.0,996.0,,,1.0,,,2,1,0.0,,,,,,,,,,,,,,,,,,,,,,,,,,,,,,0,0,0,1,0,0,1,1,0,0,0,0,0,0,0,0,0,0,1,0,0,0,0,0,0,1,1,1,0,1,0,0,0,0,0,,1,0,0,0,0,0,1,1,0,0,1,0,0,0,1,0,,,,,,81+,76+,State route,U,Monday,Belt Used,PV,White,1,0,0,0,State Route,State Patrol,Washington State Patrol,0,1,0,0,0,,,,,,0.0,0.0,0.0,,,,,,,,,,,,,,,,,,,,,,,,,,,,,,,,,,,,98520,Montesano,Aberdeen
1321,1343,1343,2018,350,E845611,8.0,2018-09-24,14:55,24,9,0.0,27,Grays Harbor,0,1,0.0,1,1,2,1,0,2,2,,,,12,0,6,2.9,2,0,3,3,2,1,3,0,0,0,0,SR-12,ABERDEEN LAKE RD,-123.7543417,46.978475,0,2,83,67,4,50,34,1,0,1,5,12,1,1,4,1,1,1,1,53,0,12,481,1993,0,0.0,12,,,,,,1,1,57,1,0.0,0.0,1,0,3,0,11,8,,,,,0.0,0.0,0.0,3.0,1,0,0.0,0.0,0.0,96,,,,,,0,,,,,,98552,53,74.0,250.0,6.0,1.0,0.0,2.0,0.0,0.0,,0,,,,,,0,07/15/2016,07/15/2016,20,0,0,0,8.0,9,8,,,0,0.0,0.0,8,0,8.0,95.0,,,96.0,,,8,95,995.0,,,,,,,,,,,,,,,,,,,,,,,,,,,,,,0,0,0,1,0,0,1,1,0,0,0,0,0,0,0,0,0,0,1,0,0,0,0,0,0,1,1,1,0,1,0,0,0,0,0,,0,0,0,0,0,0,0,0,0,0,0,0,0,0,0,0,,,,,,56-60,56-65,State route,U,Monday,Belt Used,PV,Not Fatal,1,0,0,0,State Route,State Patrol,Washington State Patrol,0,1,0,0,0,,,,,,0.0,0.0,0.0,,,,,,,,,,,,,,,,,,,,,,,,,,,,,,,,,,,,98520,Humptulips,Aberdeen
1322,1344,1344,2018,351,E846367,7.0,2018-10-07,2:17,7,10,7.0,33,King,2310,10,0.0,3,1,1,4,0,5,1,,,,24,0,0,3.4,1,0,1,3,2,1,3,0,0,0,0,SR-518,,-122.2655639,47.461402778,0,1,1,13,2,60,34,0,0,1,7,21,3,2,1,4,14,5,2,53,0,35,473,2004,0,0.0,63,24.0,1.0,21.0,,,1,1,22,1,0.0,0.0,3,0,20,0,11,4,,,,,0.0,0.0,0.0,3.0,1,0,0.0,0.0,0.0,96,,,,,,9,,,,,,98032,53,66.0,180.0,6.0,1.0,1.0,2.0,0.0,1.0,,97,,,,,,4,07/15/2015,10/15/2017,8,9,0,0,8.0,9,8,,,0,0.0,0.0,8,1,8.0,95.0,,,96.0,,,2,1,997.0,,,,,,,,,,,,,,,,,,,,,,,,,,,,,,0,0,1,0,1,0,0,0,0,0,0,0,1,0,0,0,0,0,0,1,0,0,0,1,1,0,0,0,0,1,0,0,0,0,0,,0,0,0,0,0,0,0,0,0,1,0,0,0,0,0,1,,,,,,21-25,16-25,State route,U,Sunday,Not Used,PV,Not Fatal,0,1,0,0,State Route,State Patrol,Washington State Patrol,1,1,0,0,0,,,,,,0.0,0.0,2.0,,,,,,,,,,,,,,,,,,,,,,,,,,,,,,,,,,,,98188,Kent,Seattle
1323,1345,1345,2018,352,E846785,160.0,2018-10-06,22:28,6,10,7.0,33,King,1030,1,0.0,3,1,2,1,1,1,1,,,,8,0,0,2.7,1,0,1,4,2,1,3,0,0,0,0,SR-515,,-122.1970528,47.410347222,0,1,13,80,5,40,15,0,0,1,7,8,1,1,5,5,1,1,1,53,0,12,422,1998,0,0.0,8,,,,,,1,1,62,1,0.0,0.0,0,0,99,0,11,0,,,,,0.0,0.0,3.0,3.0,1,91,0.0,0.0,0.0,96,,,,,,9,,,,,,98122,53,66.0,182.0,6.0,1.0,0.0,1.0,0.0,1.0,,1,,,,,,0,04/15/2015,01/15/2017,20,0,0,0,8.0,2,8,,,0,0.0,0.0,8,1,2.0,1.0,,,1.0,,,2,10,0.25,,,,,,,,,,,,,,,,,,,,,,,,,,,,,,0,0,0,0,1,1,0,1,0,1,1,0,0,0,0,0,0,0,0,0,0,0,0,0,0,0,0,0,0,1,0,1,0,0,0,,0,0,0,0,0,1,0,1,0,0,0,0,0,1,0,1,,,,,,61-65,56-65,State route,U,Saturday,Unknown,PV,Not Fatal,0,0,0,0,State Route,Municipal/City Police,Kent Police Department,0,1,0,0,0,,,,,,0.0,0.0,2.0,,,,,,,,,,,,,,,,,,,,,,,,,,,,,,,,,,,,98031,Seattle,Kent
1324,1346,1346,2018,353,E846824,35.0,2018-10-07,19:50,7,10,7.0,53,Pierce,0,1,0.0,3,1,2,1,1,2,1,,,,8,0,0,2.8,1,0,1,5,2,2,4,0,0,0,0,CR-108TH ST S,,-122.4348,47.159308333,0,1,13,80,5,35,4,0,0,1,5,8,1,1,2,1,1,2,1,53,0,30,40,2006,0,0.0,8,,,,,,1,1,34,2,0.0,0.0,0,0,3,0,11,0,,,,,0.0,0.0,3.0,3.0,1,0,0.0,0.0,0.0,96,,,,,,0,,,,,,98391,53,62.0,130.0,6.0,1.0,0.0,0.0,0.0,3.0,,0,,,,,,0,01/15/2014,12/15/2015,20,0,0,0,8.0,9,8,,,0,0.0,0.0,8,0,8.0,95.0,,,96.0,,,8,95,995.0,,,,,,,,,,,,,,,,,,,,,,,,,,,,,,0,0,0,0,0,0,0,0,0,1,1,0,0,0,0,0,0,1,0,0,0,0,0,0,0,0,0,0,0,1,0,1,0,0,0,,0,0,0,0,0,0,0,0,0,0,0,0,0,0,0,0,,,,,,31-35,26-35,County road,U,Sunday,Belt Used,PV,Not Fatal,0,0,0,0,County Road,County Sheriff,Law Enforcement Support Agency,0,0,1,0,0,,,,,,0.0,0.0,2.0,,,,,,,,,,,,,,,,,,,,,,,,,,,,,,,,,,,,98444,Bonney Lake,Tacoma
1325,1347,1347,2018,354,E818308,7.0,2018-07-11,6:52,11,7,0.0,33,King,1960,1,0.0,1,1,1,1,1,1,1,,,,8,0,0,0.1,20,1,1,1,2,1,1,0,0,0,0,I-5 CD16563,,-122.3294833,47.606194444,0,1,13,80,5,60,63,0,0,1,5,8,1,2,2,6,1,1,3,53,0,87,881,2015,0,0.0,8,,,,,,1,1,57,1,0.0,0.0,0,0,3,0,11,0,,,,,6.0,1.0,0.0,3.0,1,0,0.0,0.0,0.0,96,,,,,,0,,,,,,98201,53,67.0,150.0,6.0,1.0,0.0,0.0,0.0,1.0,,0,,,,,,0,12/15/2014,12/15/2014,20,0,0,0,8.0,9,2,,,0,0.0,0.0,0,0,0.0,0.0,,,0.0,,,8,95,995.0,,,,,,,,,,,,,,,,,,,,,,,,,,,,,,0,0,0,0,0,0,0,0,0,1,0,1,0,0,0,0,0,0,0,0,0,0,0,0,0,0,0,0,0,0,1,1,0,0,0,,0,0,0,0,0,0,0,0,0,0,0,0,0,0,0,0,,,,,,56-60,56-65,Interstate,U,Wednesday,,MHTRUCK,Not Fatal,0,0,0,0,State Route,State Patrol,Washington State Patrol,0,1,0,0,0,,,,,,0.0,0.0,0.0,,,,,,,,,,,,,,,,,,,,,,,,,,,,,,,,,,,,98104,Everett,Seattle
1326,1348,1348,2018,355,E845488,25.0,2018-10-03,4:26,3,10,0.0,33,King,1958,5,0.0,3,1,1,1,1,1,1,,,,8,0,0,15.5,2,0,3,3,2,1,3,0,0,3,3,SR-99,S 176TH ST,-122.2963917,47.445255556,0,1,13,80,5,40,15,0,0,1,5,8,1,1,6,1,1,1,1,53,0,23,422,2010,0,0.0,8,,,,,,1,1,74,1,0.0,0.0,0,0,3,0,11,0,,,,,0.0,0.0,0.0,3.0,1,0,0.0,0.0,0.0,96,,,,,,0,,,,,,98030,53,67.0,185.0,6.0,1.0,0.0,0.0,0.0,3.0,,0,,,,,,0,04/15/2016,03/15/2017,20,0,0,0,8.0,9,8,,,0,0.0,0.0,8,0,0.0,0.0,,,0.0,,,0,0,996.0,,,,,,,,,,,,,,,,,,,,,,,,,,,,,,0,0,0,1,0,0,0,0,0,1,0,1,0,0,0,0,0,1,0,0,0,0,0,0,0,1,1,0,0,1,0,1,0,0,0,,0,0,0,0,0,0,0,0,0,0,0,0,0,0,0,0,,,,,,71-75,66-75,State route,U,Wednesday,Belt Used,PV,Not Fatal,1,0,0,0,State Route,County Sheriff,King County Police,0,1,0,0,0,,,,,,0.0,0.0,0.0,,,,,,,,,,,,,,,,,,,,,,,,,,,,,,,,,,,,98188,Kent,Seattle
1327,1349,1349,2018,356,E847435,6.0,2018-10-01,6:05,1,10,0.0,25,Grant,0,1,0.0,2,1,7,1,0,2,2,6:10,6:34,7:12,12,0,6,1.0,2,0,2,5,1,2,4,0,0,20,3,CR-RD L NE,NELSON RD NE,-119.2358806,47.116280556,0,1,88,17,2,35,4,0,0,1,7,12,1,1,2,1,1,1,1,53,0,20,25,2013,0,0.0,12,,,,,,1,1,49,2,0.0,0.0,1,0,3,0,11,6,,,,,0.0,0.0,0.0,0.0,1,39,0.0,0.0,0.0,93,,,,,,0,,,,,,98857,53,63.0,160.0,0.0,0.0,0.0,0.0,0.0,0.0,,37,,,,,,0,,,8,0,0,0,8.0,9,8,,,0,0.0,0.0,8,0,8.0,95.0,,,96.0,,,8,95,995.0,,,,,,,,,,,,,,,,,,,,,,,,,,,,,,0,0,0,1,0,0,0,0,0,0,0,0,0,1,0,0,1,0,0,0,0,0,0,0,0,0,0,0,0,1,0,0,0,0,0,,0,0,0,0,0,0,0,0,1,0,0,1,0,0,0,0,,,,,,46-50,46-55,County road,R,Monday,Belt Used,PV,Not Fatal,1,0,0,0,County Road,County Sheriff,Grant County Sheriff's Office,0,0,1,0,0,,,,,,0.0,0.0,0.0,,,,,,,,,,,,,,,,,,,,,,,,,,,,,,,,,,,,98837,Warden,Moses Lake
1328,1350,1350,2018,356,E847435,6.0,2018-10-01,6:05,1,10,0.0,25,Grant,0,1,0.0,2,1,2,1,0,2,2,6:10,6:34,7:12,12,0,6,1.0,2,0,2,5,1,2,4,0,0,0,0,CR-RD L NE,NELSON RD NE,-119.2358806,47.116280556,0,2,89,66,4,50,4,0,0,1,7,12,1,1,2,1,1,1,1,53,0,7,20,2001,0,0.0,12,,,,,,1,1,41,2,1.0,1.0,4,8,3,0,11,5,10/01/2018,7:28,139053044045.0,44045.0,0.0,0.0,0.0,3.0,1,0,0.0,0.0,0.0,96,,,,,,0,,,,,,99344,53,66.0,160.0,6.0,1.0,0.0,1.0,0.0,0.0,,0,,,,,,0,08/15/2015,08/15/2015,1,0,0,0,0.0,9,8,,,0,0.0,0.0,8,0,2.0,1.0,,,1.0,,,2,1,0.0,,,,,,,,,,,,,,,,,,,,,,,,,,,,,,0,0,0,1,0,0,0,0,0,0,0,0,0,1,0,0,1,0,0,0,0,0,0,0,0,0,0,0,0,1,0,0,0,0,0,,1,0,0,0,0,0,0,0,0,0,0,0,0,0,0,0,,,,,,41-45,36-45,County road,R,Monday,Belt Used,PV,Hispanic,1,0,0,0,County Road,County Sheriff,Grant County Sheriff's Office,0,0,1,0,0,,,,,,0.0,0.0,0.0,,,,,,,,,,,,,,,,,,,,,,,,,,,,,,,,,,,,98837,Othello,Moses Lake
1329,1351,1351,2018,357,E847521,14.0,2018-10-06,23:20,6,10,7.0,11,Clark,0,5,0.0,2,1,2,2,0,4,1,23:22,23:40,0:31,42,0,0,4.3,3,0,3,4,1,2,4,0,0,20,3,CR-NE 182ND AVE,NE 139TH ST,-122.4867944,45.72295,0,1,14,14,2,50,6,0,0,1,7,2,1,1,2,1,1,4,2,53,0,49,49,2008,0,0.0,71,42.0,2.0,,,,1,1,34,1,7.0,1.0,4,7,99,0,11,0,10/06/2018,23:20,53043992.0,43992.0,0.0,0.0,3.0,3.0,1,39,0.0,0.0,0.0,96,,,,,,99,,,,,,98683,53,75.0,220.0,6.0,1.0,0.0,1.0,1.0,0.0,,0,,,,,,4,10/15/2013,03/15/2017,99,0,0,0,0.0,9,8,,,0,0.0,0.0,8,9,2.0,1.0,,,1.0,,,2,1,0.16,,,,,,,,,,,,,,,,,,,,,,,,,,,,,,0,0,0,1,1,1,0,1,0,0,0,0,1,0,0,0,0,0,0,0,0,0,0,0,0,0,0,0,0,1,0,0,0,0,0,,1,0,0,0,0,1,0,1,0,1,0,0,0,1,0,1,,,,,,31-35,26-35,County road,R,Saturday,Unknown,PV,White,1,0,0,0,County Road,County Sheriff,Clark County Sheriff's Office,0,0,1,0,0,,,,,,0.0,0.0,5.0,,,,,,,,,,,,,,,,,,,,,,,,,,,,,,,,,,,,98606,Vancouver,Brush Prairie
1330,1352,1352,2018,358,E841212,2.0,2018-09-18,21:02,18,9,0.0,61,Snohomish,0,1,0.0,2,1,1,1,1,3,2,,,,8,0,0,216.1,1,0,1,1,1,1,1,0,0,0,0,I-5,,-122.2811806,48.278616667,0,1,13,80,5,70,4,0,0,1,2,8,1,1,3,3,1,1,1,53,0,37,31,2003,0,0.0,8,,,,,,1,1,36,1,0.0,0.0,1,0,3,0,11,0,,,,,0.0,0.0,0.0,3.0,1,0,0.0,0.0,0.0,0,,,,,,0,,,,,,98273,53,70.0,160.0,6.0,1.0,0.0,2.0,0.0,4.0,,0,,,,,,0,09/15/2013,09/15/2017,20,0,0,0,8.0,9,8,,,0,0.0,0.0,8,0,8.0,95.0,,,96.0,,,8,95,995.0,,,,,,,,,,,,,,,,,,,,,,,,,,,,,,0,0,0,0,0,0,0,0,0,0,0,0,0,0,0,0,0,0,0,0,0,0,0,0,0,1,0,0,0,1,0,1,0,0,0,,0,0,0,0,0,0,0,0,0,0,0,0,0,0,0,0,,,,,,36-40,36-45,Interstate,R,Tuesday,Belt Used,PV,Not Fatal,0,0,0,0,State Route,State Patrol,Washington State Patrol Headquarter,0,1,0,0,0,,,,,,0.0,0.0,9.0,,,,,,,,,,,,,,,,,,,,,,,,,,,,,,,,,,,,98292,Mount Vernon,Stanwood
1331,1353,1353,2018,358,E841212,2.0,2018-09-18,21:02,18,9,0.0,61,Snohomish,0,1,0.0,2,1,1,1,1,3,2,,,,8,0,0,216.1,1,0,1,1,1,1,1,0,0,0,0,I-5,,-122.2811806,48.278616667,0,2,98,80,5,70,4,0,0,1,2,8,1,1,3,3,1,2,1,53,0,49,40,2009,0,0.0,8,,,,,,1,1,68,1,0.0,0.0,0,0,3,0,11,0,,,,,0.0,0.0,0.0,3.0,1,0,0.0,0.0,0.0,0,,,,,,0,,,,,,98273,53,64.0,168.0,6.0,1.0,0.0,0.0,0.0,0.0,,0,,,,,,0,,,20,0,0,0,8.0,9,8,,,0,0.0,0.0,8,0,8.0,95.0,,,96.0,,,8,95,995.0,,,,,,,,,,,,,,,,,,,,,,,,,,,,,,0,0,0,0,0,0,0,0,0,0,0,0,0,0,0,0,0,0,0,0,0,0,0,0,0,1,0,0,0,1,0,1,0,0,0,,0,0,0,0,0,0,0,0,0,0,0,0,0,0,0,0,,,,,,66-70,66-75,Interstate,R,Tuesday,Belt Used,PV,Not Fatal,0,0,0,0,State Route,State Patrol,Washington State Patrol Headquarter,0,1,0,0,0,,,,,,0.0,0.0,0.0,,,,,,,,,,,,,,,,,,,,,,,,,,,,,,,,,,,,98292,Mount Vernon,Stanwood
1332,1354,1354,2018,359,E839859,173.0,2018-09-19,17:58,19,9,0.0,53,Pierce,1124,1,0.0,1,1,2,1,0,6,2,,,,12,0,6,0.0,8,0,1,3,2,4,6,0,0,0,0,LAKEWOOD DR SW,,-122.5086056,47.183252778,0,1,68,15,2,20,4,0,0,1,7,12,1,1,4,1,11,5,2,53,0,37,32,2001,0,0.0,12,,,,,,1,1,18,2,0.0,0.0,0,0,3,0,11,0,,,,,0.0,0.0,0.0,3.0,1,38,0.0,0.0,0.0,96,,,,,,0,,,,,,98467,53,64.0,130.0,6.0,7.0,0.0,0.0,0.0,0.0,,97,,,,,,0,,,20,0,0,0,8.0,9,8,,,0,0.0,0.0,8,0,8.0,95.0,,,96.0,,,8,95,995.0,,,,,,,,,,,,,,,,,,,,,,,,,,,,,,0,0,0,0,0,0,0,0,0,0,0,0,0,0,0,0,0,0,1,0,0,1,1,1,1,0,0,0,0,1,0,0,0,0,0,,0,0,0,0,0,0,0,0,0,0,1,0,0,0,0,0,,,,,,18-20,16-25,City street,U,Wednesday,Belt Used,PV,Not Fatal,0,0,0,0,City Street,Municipal/City Police,Lakewood Police Department,0,0,0,1,0,,,,,,0.0,0.0,0.0,,,,,,,,,,,,,,,,,,,,,,,,,,,,,,,,,,,,98499,University Place,Lakewood
1333,1355,1355,2018,359,E839859,173.0,2018-09-19,17:58,19,9,0.0,53,Pierce,1124,1,0.0,1,1,2,1,0,6,2,,,,12,0,6,0.0,8,0,1,3,2,4,6,0,0,0,0,LAKEWOOD DR SW,,-122.5086056,47.183252778,0,2,69,62,4,20,14,0,0,1,7,12,1,1,4,1,1,1,9,99,0,2,404,2018,0,0.0,12,1.0,,,,,1,1,25,2,0.0,0.0,0,0,3,0,11,0,,,,,0.0,0.0,0.0,3.0,1,0,0.0,0.0,0.0,96,,,,,,0,,,,,,98446,53,67.0,155.0,6.0,1.0,0.0,0.0,0.0,0.0,,0,,,,,,0,,,8,0,0,0,8.0,9,2,,,0,0.0,0.0,0,0,8.0,95.0,,,96.0,,,8,95,995.0,,,,,,,,,,,,,,,,,,,,,,,,,,,,,,0,0,0,0,0,0,0,0,0,0,0,0,0,0,0,0,0,0,1,0,0,1,1,1,1,0,0,0,0,1,0,0,0,0,0,,0,0,0,0,0,0,0,0,0,0,0,0,0,0,0,0,,,,,,21-25,16-25,City street,U,Wednesday,Belt Used,PV,Not Fatal,0,0,0,0,City Street,Municipal/City Police,Lakewood Police Department,0,0,0,1,0,,,,,,0.0,0.0,0.0,,,,,,,,,,,,,,,,,,,,,,,,,,,,,,,,,,,,98499,Tacoma,Lakewood