,index,Unnamed: 0,year,case,par,repjur,crash_dt,crash_tm,accday,accmon,holiday,county,co_char,city,weather,weather2,lightcond,surfcond,surftype,numfatal,nmforms,pforms,vforms,not_tm,arr_tm,hosp_tm,fhevent,hitrun,manncol,milepnt,reljunc,reljuncinter,intersectiontype,funcsystem,landuse,ownership,route,schlbus,spejur,contdev,devfunc,trafid1,trafid2,lon,lat,wk_zone,vnumber,crashtype,criticalevent,criticaleventcat,spdlim,body,trailer,emerg,hazcargo,leave,mhevent,roadalgn,roadprof,traflane,trafflow,vehmanvr,numoccs,regowner,regstate,spuse,make,model,modelyr,vrf1,vrf2,seqevent1,seqevent2,seqevent3,seqevent4,seqevent5,seqevent6,pnumber,ptype,age,sex,hispanic,race,injury,diedscene,restraint,restraintmisuse,seatpos,takehosp,death_dt,death_tm,cert,cernum_wa,commlic,licendor,licrestrict,liccomp,drivpres,drf1,drf2,drf3,drf4,distract1,distract2,distract3,distract4,distract5,distract6,dricond1,dricond2,dricond3,dricond4,dricond5,dricond6,dzip,licstate,drhgt_in,weight,noncdl,noncdltype,prevdwi,prevoth,prevacc,prevspd,prevsus,driviol1,driviol2,driviol3,driviol4,driviol5,driviol6,spdrel,first_dt,last_dt,airbag,ejection,ejectpath,extricat,injurwrk,methalc,methdrug,nmlocat,strikveh,prf1,prf2,prf3,druginv,alcinvol,drugsts,drugres1,drugres2,drugres3,drugtst1,drugtst2,drugtst3,alcsts,alctst,alcres,nmact1,nmact2,nmact3,nmact4,nmact5,nmact6,nmprior1,nmprior2,nmprior3,nmprior4,nmprior5,nmprior6,nmcond1,nmcond2,nmcond3,nmcond4,nmcond5,nmcond6,nmsafe_helmet,nmsafe_pads,nmsafe_oth,nmprev_ref,nmprev_lgt,nmprev_oth,crashlocation,nmcrashtype,crosswalk,schoolzone,sidewalk,train_inv,wildlife_inv,rotr_fars,intersect_fars,dd_inv,aid_inv,dpd_inv,id_inv,mj_inv,impnm_inv,ainm_inv,dpnm_inv,speed_inv,unlic_inv,unendmc_inv,drowsy_inv,drdist_inv,nmdist_inv,fty_inv,unrestfat_inv,dr1617_inv,dr1820_inv,dr1620_inv,dr2125_inv,dr1625_inv,dr65_inv,dr70_inv,dr75_inv,mc_inv,pv_inv,ht_inv,ped_inv,bike_inv,unrest_fat,mc_fat,unhelmet_mc,pv_fat,ht_fat,ped_fat,bike_fat,dr_alc7,dr_alc8,dr_drug,dr_imp,dr_dist,dr_spd,dr_fty,dr_unlic,dr_alc7only,dr_alc8only,dr_drugonly,dr_drink,nm_imp,nm_alc7,nm_alc8,nm_drug,nm_dist,agegrp1,agegrp2,roadclass,urbrur,dayweek,restuse,vehtype,race_me,intersect,lanedep,oppdir,wrongway,rep_typ,investag,repag_long,rotr,st_rd,cty_rd,city_rd,oth_rd,drug_thc,thc_res,drug_cthc,cthc_res,drug_cann,prevpersemin,prevperse,prevsusoth,drugtst4,drugtst5,drugtst6,drugtst7,drugtst8,drugres4,drugres5,drugres6,drugres7,drugres8,adspresent,adsengaged,adslevel,race1,race2,race3,race4,race5,helmet,helmetmisuse,nmdistract1,nmdistract2,nmdistract3,nmdistract4,nmdistract5,nmdistract6,lab,isedtcase,crf1,crf2,crf3,CoRoadName,CoMP,IntCoRoadName,IntCoMP,crashzip,dcity,crashcity
1334,1356,1356,2018,361,3751710,263.0,2018-09-30,5:26,30,9,0.0,33,King,1960,1,0.0,3,1,2,1,0,2,4,,,,12,0,6,30.5,2,0,2,3,2,1,3,0,0,3,3,SR-99,WINORE AVE N,-122.3446,47.682741667,0,1,69,17,2,30,4,0,0,1,2,12,1,2,2,2,1,1,1,53,0,59,32,1996,0,0.0,12,,,,,,1,1,29,1,0.0,0.0,1,0,99,0,11,5,,,,,0.0,0.0,0.0,0.0,1,39,0.0,0.0,0.0,96,,,,,,9,,,,,,98106,53,69.0,205.0,0.0,0.0,0.0,1.0,0.0,0.0,,97,,,,,,3,11/15/2014,11/15/2014,99,0,0,0,8.0,9,8,,,0,0.0,0.0,8,1,2.0,695.0,605.0,,1.0,1.0,,2,1,0.032,,,,,,,,,,,,,,,,,,,,,,,,,,,,,,0,0,0,1,1,1,1,1,1,0,0,0,1,1,0,0,0,0,0,0,0,0,0,0,0,0,0,0,0,1,0,0,0,0,0,,0,0,0,0,1,0,1,1,0,1,0,1,0,0,0,1,,,,,,26-30,26-35,State route,U,Sunday,Unknown,PV,Not Fatal,1,0,0,0,State Route,Municipal/City Police,Seattle Police Department,0,1,0,0,0,thc,3.6,carboxy-thc,17.0,,0.0,0.0,0.0,,,,,,,,,,,,,,,,,,,,,,,,,,,,,,,,,,,,98103,Seattle,Seattle
1335,1357,1357,2018,361,3751710,263.0,2018-09-30,5:26,30,9,0.0,33,King,1960,1,0.0,3,1,2,1,0,2,4,,,,12,0,6,30.5,2,0,2,3,2,1,3,0,0,3,3,SR-99,WINORE AVE N,-122.3446,47.682741667,0,2,68,54,3,30,4,0,0,1,2,12,1,2,2,2,11,1,1,53,0,55,33,2013,0,0.0,12,14.0,14.0,,,,1,1,46,1,7.0,1.0,4,7,99,0,11,0,09/30/2018,5:26,196053042893.0,42893.0,0.0,0.0,0.0,3.0,1,0,0.0,0.0,0.0,96,,,,,,0,,,,,,98106,53,77.0,220.0,6.0,1.0,0.0,0.0,0.0,0.0,,0,,,,,,0,,,8,0,0,0,0.0,9,8,,,0,0.0,0.0,8,9,2.0,1.0,,,1.0,,,2,1,0.23,,,,,,,,,,,,,,,,,,,,,,,,,,,,,,0,0,0,1,1,1,1,1,1,0,0,0,1,1,0,0,0,0,0,0,0,0,0,0,0,0,0,0,0,1,0,0,0,0,0,,1,0,0,0,0,1,0,1,0,0,0,0,0,1,0,1,,,,,,46-50,46-55,State route,U,Sunday,Unknown,PV,White,1,0,0,0,State Route,Municipal/City Police,Seattle Police Department,0,1,0,0,0,,,,,,0.0,0.0,0.0,,,,,,,,,,,,,,,,,,,,,,,,,,,,,,,,,,,,98103,Seattle,Seattle
1336,1358,1358,2018,362,E848117,112.0,2018-10-11,5:10,11,10,0.0,53,Pierce,586,1,0.0,3,1,2,1,0,2,2,5:13,5:19,,1,0,0,33.4,2,0,2,3,2,1,3,0,0,0,0,SR-161,JOVITA BLVD,-122.2938389,47.250941667,0,1,98,6,1,35,80,0,0,1,5,1,1,1,4,1,1,1,2,53,0,76,706,2013,0,0.0,1,12.0,,,,,1,1,27,1,7.0,1.0,4,7,19,0,11,0,10/11/2018,5:10,58653044745.0,44745.0,0.0,0.0,0.0,3.0,1,0,0.0,0.0,0.0,96,,,,,,0,,,,,,98375,53,76.0,230.0,6.0,1.0,0.0,1.0,1.0,1.0,,0,,,,,,4,08/15/2014,07/15/2018,20,8,0,0,0.0,9,8,,,0,0.0,0.0,8,0,2.0,1.0,,,1.0,,,2,1,0.0,,,,,,,,,,,,,,,,,,,,,,,,,,,,,,0,0,0,1,0,0,0,0,0,0,0,0,1,0,0,0,0,0,0,0,0,0,0,0,0,0,0,0,1,1,0,0,0,0,1,0.0,0,0,0,0,0,0,0,0,0,1,0,0,0,0,0,0,,,,,,26-30,26-35,State route,U,Thursday,,MC,White,1,0,0,0,State Route,Municipal/City Police,Edgewood Police Department,0,1,0,0,0,,,,,,0.0,0.0,0.0,,,,,,,,,,,,,,,,,,,,,,,,,,,,,,,,,,,,98372,Puyallup,Puyallup
1337,1359,1359,2018,362,E848117,112.0,2018-10-11,5:10,11,10,0.0,53,Pierce,586,1,0.0,3,1,2,1,0,2,2,5:13,5:19,,1,0,0,33.4,2,0,2,3,2,1,3,0,0,0,0,SR-161,JOVITA BLVD,-122.2938389,47.250941667,0,2,98,61,4,35,14,0,0,1,5,12,1,1,4,1,11,1,1,53,0,55,402,2016,0,0.0,12,,,,,,1,1,40,2,0.0,0.0,0,0,3,0,11,0,,,,,0.0,0.0,0.0,3.0,1,0,0.0,0.0,0.0,96,,,,,,0,,,,,,98001,53,73.0,140.0,6.0,1.0,0.0,0.0,0.0,0.0,,0,,,,,,0,,,20,0,0,0,8.0,9,8,,,0,0.0,0.0,8,0,8.0,95.0,,,96.0,,,8,95,995.0,,,,,,,,,,,,,,,,,,,,,,,,,,,,,,0,0,0,1,0,0,0,0,0,0,0,0,1,0,0,0,0,0,0,0,0,0,0,0,0,0,0,0,1,1,0,0,0,0,0,,0,0,0,0,0,0,0,0,0,0,0,0,0,0,0,0,,,,,,36-40,36-45,State route,U,Thursday,Belt Used,PV,Not Fatal,1,0,0,0,State Route,Municipal/City Police,Edgewood Police Department,0,1,0,0,0,,,,,,0.0,0.0,0.0,,,,,,,,,,,,,,,,,,,,,,,,,,,,,,,,,,,,98372,Auburn,Puyallup
1338,1360,1360,2018,363,E848125,160.0,2018-10-09,5:38,9,10,7.0,33,King,1030,2,0.0,3,2,2,1,0,2,2,,,,12,0,6,0.0,8,0,1,7,2,4,6,0,0,0,0,REITH RD S,S 253RD ST,-122.2787694,47.373927778,0,1,68,15,2,35,4,0,0,1,7,12,2,2,2,1,11,1,1,53,0,55,35,2010,0,0.0,12,,,,,,1,1,25,1,2.0,98.0,4,7,99,0,11,0,10/09/2018,5:38,103053043806.0,43806.0,0.0,0.0,0.0,3.0,1,0,0.0,0.0,0.0,96,,,,,,99,,,,,,98032,53,69.0,140.0,6.0,1.0,0.0,1.0,0.0,0.0,,0,,,,,,0,04/15/2018,04/15/2018,8,0,0,0,0.0,9,8,,,0,0.0,0.0,8,9,2.0,1.0,,,1.0,,,2,1,0.0,,,,,,,,,,,,,,,,,,,,,,,,,,,,,,0,0,0,0,0,0,0,0,0,0,0,0,0,0,0,0,0,0,0,0,0,0,0,1,1,0,0,0,0,1,0,0,0,0,0,,1,0,0,0,0,0,0,0,0,0,0,0,0,0,0,0,,,,,,21-25,16-25,City street,U,Tuesday,Unknown,PV,Hispanic,0,1,1,0,City Street,Municipal/City Police,Kent Police Department,0,0,0,1,0,,,,,,0.0,0.0,0.0,,,,,,,,,,,,,,,,,,,,,,,,,,,,,,,,,,,,98032,Kent,Kent
1339,1361,1361,2018,363,E848125,160.0,2018-10-09,5:38,9,10,7.0,33,King,1030,2,0.0,3,2,2,1,0,2,2,,,,12,0,6,0.0,8,0,1,7,2,4,6,0,0,0,0,REITH RD S,S 253RD ST,-122.2787694,47.373927778,0,2,69,62,4,35,34,0,0,1,7,12,3,2,2,1,14,1,1,53,0,7,482,2017,0,0.0,12,,,,,,1,1,44,1,0.0,0.0,1,0,3,0,11,8,,,,,0.0,0.0,0.0,3.0,1,0,0.0,0.0,0.0,96,,,,,,0,,,,,,98366,53,73.0,310.0,6.0,1.0,0.0,2.0,0.0,0.0,,0,,,,,,0,02/15/2017,06/15/2018,1,0,0,0,8.0,9,8,,,0,0.0,0.0,8,0,8.0,95.0,,,96.0,,,8,95,995.0,,,,,,,,,,,,,,,,,,,,,,,,,,,,,,0,0,0,0,0,0,0,0,0,0,0,0,0,0,0,0,0,0,0,0,0,0,0,1,1,0,0,0,0,1,0,0,0,0,0,,0,0,0,0,0,0,0,0,0,0,0,0,0,0,0,0,,,,,,41-45,36-45,City street,U,Tuesday,Belt Used,PV,Not Fatal,0,1,1,0,City Street,Municipal/City Police,Kent Police Department,0,0,0,1,0,,,,,,0.0,0.0,0.0,,,,,,,,,,,,,,,,,,,,,,,,,,,,,,,,,,,,98032,Port Orchard,Kent
1340,1362,1362,2018,364,E848331,8.0,2018-10-07,14:15,7,10,7.0,31,Jefferson,0,2,0.0,1,2,2,1,0,3,2,,,,12,0,6,301.4,1,0,1,3,1,1,2,0,0,4,3,US-101,,-122.88295,47.747025,0,1,66,6,1,55,14,0,0,1,7,12,3,6,4,1,14,2,2,41,0,18,402,2004,0,0.0,68,12.0,,,,,1,1,77,1,0.0,0.0,2,0,3,0,11,8,,,,,0.0,0.0,0.0,3.0,1,28,0.0,0.0,0.0,96,,,,,,0,,,,,,97132,41,71.0,235.0,6.0,1.0,0.0,0.0,1.0,2.0,,2,,,,,,4,04/15/2014,08/15/2016,1,0,0,0,8.0,9,2,,,0,0.0,0.0,0,0,2.0,1.0,,,1.0,,,2,1,0.0,,,,,,,,,,,,,,,,,,,,,,,,,,,,,,0,0,0,0,0,0,0,0,0,0,0,0,1,0,0,0,0,0,0,0,0,0,0,0,0,1,1,1,0,1,0,0,0,0,0,,0,0,0,0,0,0,0,0,0,1,0,0,0,0,0,0,,,,,,76-80,76+,US highway,R,Sunday,Belt Used,PV,Not Fatal,0,1,1,0,State Route,State Patrol,Washington State Patrol,0,1,0,0,0,,,,,,0.0,0.0,0.0,,,,,,,,,,,,,,,,,,,,,,,,,,,,,,,,,,,,98320,Newberg,Brinnon
1341,1363,1363,2018,364,E848331,8.0,2018-10-07,14:15,7,10,7.0,31,Jefferson,0,2,0.0,1,2,2,1,0,3,2,,,,12,0,6,301.4,1,0,1,3,1,1,2,0,0,0,0,US-101,,-122.88295,47.747025,0,2,66,62,4,55,5,0,0,1,7,12,3,5,4,1,14,1,1,53,0,37,39,2009,0,0.0,12,63.0,24.0,24.0,,,1,1,72,2,7.0,1.0,4,7,3,0,11,0,10/07/2018,14:15,53044362.0,44362.0,0.0,0.0,3.0,3.0,1,0,0.0,0.0,0.0,96,,,,,,99,,,,,,98368,53,63.0,145.0,6.0,1.0,0.0,0.0,0.0,0.0,,0,,,,,,0,,,8,0,0,0,0.0,9,2,,,0,0.0,0.0,0,0,2.0,1.0,,,1.0,,,2,1,0.0,,,,,,,,,,,,,,,,,,,,,,,,,,,,,,0,0,0,0,0,0,0,0,0,0,0,0,1,0,0,0,0,0,0,0,0,0,0,0,0,1,1,1,0,1,0,0,0,0,0,,1,0,0,0,0,0,0,0,0,0,0,0,0,0,0,0,,,,,,71-75,66-75,US highway,R,Sunday,Belt Used,PV,White,0,1,1,0,State Route,State Patrol,Washington State Patrol,0,1,0,0,0,,,,,,0.0,0.0,0.0,,,,,,,,,,,,,,,,,,,,,,,,,,,,,,,,,,,,98320,Port Townsend,Brinnon
1342,1364,1364,2018,365,E848478,5.0,2018-10-08,19:19,8,10,7.0,41,Lewis,0,2,0.0,2,2,2,1,1,1,1,,,,8,0,0,1.0,1,0,1,5,1,1,3,0,0,0,0,SR-508,,-122.8683,46.579855556,0,1,13,80,5,55,34,0,0,1,5,8,1,1,2,1,1,1,1,53,0,49,482,2000,0,0.0,8,,,,,,1,1,22,1,0.0,0.0,0,0,3,0,11,0,,,,,0.0,0.0,0.0,3.0,1,0,0.0,0.0,0.0,96,,,,,,0,,,,,,98596,53,71.0,155.0,6.0,1.0,0.0,1.0,1.0,0.0,,0,,,,,,0,09/15/2015,09/15/2015,20,0,0,0,8.0,9,2,,,0,0.0,0.0,0,0,8.0,95.0,,,96.0,,,8,95,995.0,,,,,,,,,,,,,,,,,,,,,,,,,,,,,,0,0,0,0,0,0,0,0,0,0,0,0,0,0,0,0,0,0,0,0,0,0,0,1,1,0,0,0,0,1,0,1,0,0,0,,0,0,0,0,0,0,0,0,0,0,0,0,0,0,0,0,,,,,,21-25,16-25,State route,R,Monday,Belt Used,PV,Not Fatal,0,0,0,0,State Route,State Patrol,Washington State Patrol,0,1,0,0,0,,,,,,0.0,0.0,0.0,,,,,,,,,,,,,,,,,,,,,,,,,,,,,,,,,,,,98532,Winlock,Chehalis
1343,1365,1365,2018,366,E848776,7.0,2018-10-06,1:28,6,10,7.0,33,King,0,1,0.0,2,2,2,1,0,1,1,,,,24,0,0,20.8,1,0,1,3,1,1,3,0,0,0,0,SR-18,,-121.9764111,47.435555556,0,1,7,6,1,55,4,0,0,1,7,1,3,2,2,3,14,1,1,53,0,49,32,1989,0,0.0,64,24.0,1.0,,,,1,1,26,2,7.0,1.0,4,7,3,0,11,0,10/06/2018,1:28,53044435.0,44435.0,0.0,0.0,0.0,2.0,1,0,0.0,0.0,0.0,96,,,,,,99,,,,,,98408,53,61.0,130.0,1.0,1.0,0.0,0.0,0.0,4.0,,0,,,,,,4,08/15/2018,09/15/2018,20,0,0,0,0.0,9,8,,,0,0.0,0.0,8,9,2.0,605.0,695.0,,1.0,1.0,,2,1,0.0,,,,,,,,,,,,,,,,,,,,,,,,,,,,,,0,0,0,0,0,0,1,1,1,0,0,0,1,1,0,0,0,0,0,0,0,0,0,0,0,0,0,0,0,1,0,0,0,0,0,,1,0,0,0,0,0,1,1,0,1,0,1,0,0,1,0,,,,,,26-30,26-35,State route,R,Saturday,Belt Used,PV,White,0,1,0,0,State Route,State Patrol,Washington State Patrol,1,1,0,0,0,thc,3.1,carboxy-thc,25.0,,0.0,0.0,0.0,,,,,,,,,,,,,,,,,,,,,,,,,,,,,,,,,,,,98027,Tacoma,Issaquah
1344,1366,1366,2018,367,E849074,122.0,2018-10-12,21:14,12,10,0.0,61,Snohomish,690,1,0.0,2,1,2,1,1,3,1,21:13,21:23,,8,0,0,6.7,1,0,1,3,2,1,3,0,0,0,0,SR-529,,-122.182625,48.035391667,0,1,13,80,5,55,4,0,0,1,7,8,1,2,2,3,1,3,1,53,0,41,51,2008,0,0.0,8,,,,,,1,1,30,2,0.0,0.0,1,0,3,0,11,8,,,,,0.0,0.0,0.0,3.0,1,0,0.0,0.0,0.0,96,,,,,,0,,,,,,98270,53,64.0,180.0,6.0,1.0,0.0,0.0,0.0,0.0,,0,,,,,,0,,,20,0,0,0,8.0,9,8,,,0,0.0,0.0,8,0,8.0,95.0,,,96.0,,,8,95,995.0,,,,,,,,,,,,,,,,,,,,,,,,,,,,,,0,0,0,0,0,0,0,0,0,1,0,1,0,0,0,0,0,0,0,0,0,0,0,0,0,0,0,0,0,1,0,1,0,0,0,,0,0,0,0,0,0,0,0,0,0,0,0,0,0,0,0,,,,,,26-30,26-35,State route,U,Friday,Belt Used,PV,Not Fatal,0,0,0,0,State Route,Municipal/City Police,Everett Police Department,0,1,0,0,0,,,,,,0.0,0.0,0.0,,,,,,,,,,,,,,,,,,,,,,,,,,,,,,,,,,,,98201,Marysville,Everett
1345,1367,1367,2018,368,E849167,2.0,2018-10-10,14:14,10,10,0.0,57,Skagit,0,1,0.0,1,1,2,1,0,4,3,,,,12,0,1,238.0,1,0,1,1,1,1,1,0,0,0,0,I-5,,-122.3463444,48.579094444,0,1,28,52,3,60,66,1,0,1,5,12,1,1,3,3,15,1,3,53,0,51,881,2015,0,0.0,12,,,,,,1,1,63,1,0.0,0.0,0,0,3,0,11,0,,,,,6.0,3.0,0.0,3.0,1,0,0.0,0.0,0.0,93,,,,,,0,,,,,,98007,53,67.0,179.0,6.0,1.0,0.0,0.0,1.0,0.0,,97,,,,,,0,10/15/2015,10/15/2015,20,0,0,0,8.0,9,8,,,0,0.0,0.0,8,0,8.0,95.0,,,96.0,,,8,95,995.0,,,,,,,,,,,,,,,,,,,,,,,,,,,,,,0,0,0,0,0,0,0,0,0,0,0,0,0,0,0,0,1,0,0,0,0,0,0,0,0,0,0,0,0,1,1,0,0,0,0,,0,0,0,0,0,0,0,0,1,0,0,0,0,0,0,0,,,,,,61-65,56-65,Interstate,R,Wednesday,,MHTRUCK,Not Fatal,0,0,0,0,State Route,State Patrol,Washington State Patrol,0,1,0,0,0,,,,,,0.0,0.0,0.0,,,,,,,,,,,,,,,,,,,,,,,,,,,,,,,,,,,,98232,Bellevue,Bow
1346,1368,1368,2018,368,E849167,2.0,2018-10-10,14:14,10,10,0.0,57,Skagit,0,1,0.0,1,1,2,1,0,4,3,,,,12,0,1,238.0,1,0,1,1,1,1,1,0,0,0,0,I-5,,-122.3463444,48.579094444,0,2,29,53,3,70,5,0,0,1,2,12,1,1,3,3,2,1,3,53,0,52,47,2015,0,0.0,12,12.0,,,,,1,1,31,2,0.0,0.0,0,0,3,0,11,0,,,,,0.0,0.0,0.0,3.0,1,0,0.0,0.0,0.0,96,,,,,,0,,,,,,98264,53,65.0,220.0,6.0,1.0,0.0,0.0,0.0,2.0,,0,,,,,,0,11/15/2015,10/15/2017,1,0,0,0,8.0,9,8,,,0,0.0,0.0,8,0,8.0,95.0,,,96.0,,,8,95,995.0,,,,,,,,,,,,,,,,,,,,,,,,,,,,,,0,0,0,0,0,0,0,0,0,0,0,0,0,0,0,0,1,0,0,0,0,0,0,0,0,0,0,0,0,1,1,0,0,0,0,,0,0,0,0,0,0,0,0,0,0,0,0,0,0,0,0,,,,,,31-35,26-35,Interstate,R,Wednesday,Belt Used,PV,Not Fatal,0,0,0,0,State Route,State Patrol,Washington State Patrol,0,1,0,0,0,,,,,,0.0,0.0,0.0,,,,,,,,,,,,,,,,,,,,,,,,,,,,,,,,,,,,98232,Lynden,Bow
1347,1369,1369,2018,368,E849167,2.0,2018-10-10,14:14,10,10,0.0,57,Skagit,0,1,0.0,1,1,2,1,0,4,3,,,,12,0,1,238.0,1,0,1,1,1,1,1,0,0,0,0,I-5,,-122.3463444,48.579094444,0,3,98,98,7,60,5,0,0,1,2,12,1,1,3,3,5,2,2,53,0,49,46,2010,0,0.0,12,,,,,,1,1,34,1,0.0,0.0,1,0,3,0,11,4,,,,,0.0,0.0,0.0,3.0,1,0,0.0,0.0,0.0,0,,,,,,0,,,,,,98248,53,72.0,190.0,6.0,1.0,0.0,0.0,0.0,1.0,,0,,,,,,0,10/15/2013,10/15/2013,20,0,0,0,8.0,9,8,,,0,0.0,0.0,8,0,8.0,95.0,,,96.0,,,8,95,995.0,,,,,,,,,,,,,,,,,,,,,,,,,,,,,,0,0,0,0,0,0,0,0,0,0,0,0,0,0,0,0,1,0,0,0,0,0,0,0,0,0,0,0,0,1,1,0,0,0,0,,0,0,0,0,0,0,0,0,0,0,0,0,0,0,0,0,,,,,,31-35,26-35,Interstate,R,Wednesday,Belt Used,PV,Not Fatal,0,0,0,0,State Route,State Patrol,Washington State Patrol,0,1,0,0,0,,,,,,0.0,0.0,0.0,,,,,,,,,,,,,,,,,,,,,,,,,,,,,,,,,,,,98232,Ferndale,Bow
1348,1370,1370,2018,369,E849185,5.0,2018-10-13,10:54,13,10,0.0,59,Skamania,0,1,0.0,1,1,2,1,0,3,2,,,,12,0,6,43.2,4,0,1,3,1,1,3,0,0,0,0,SR-14,,-121.8976833,45.684416667,0,1,72,60,4,55,14,0,0,1,7,12,1,1,2,1,11,2,0,41,0,49,402,2013,0,0.0,12,,,,,,1,1,69,2,0.0,0.0,0,0,3,0,11,0,,,,,0.0,0.0,3.0,3.0,1,0,0.0,0.0,0.0,96,,,,,,0,,,,,,97019,41,64.0,185.0,6.0,1.0,0.0,0.0,0.0,0.0,,0,,,,,,0,,,20,0,0,0,8.0,9,8,,,0,0.0,0.0,8,0,8.0,95.0,,,96.0,,,8,95,995.0,,,,,,,,,,,,,,,,,,,,,,,,,,,,,,0,0,0,0,0,0,0,0,0,0,0,0,0,0,0,0,1,0,1,0,0,0,0,0,0,1,0,0,1,1,0,0,0,0,0,,0,0,0,0,0,0,0,0,0,0,0,0,0,0,0,0,,,,,,66-70,66-75,State route,R,Saturday,Belt Used,PV,Not Fatal,0,0,0,0,State Route,State Patrol,WASHINGTON STATE PATROL,0,1,0,0,0,,,,,,0.0,0.0,0.0,,,,,,,,,,,,,,,,,,,,,,,,,,,,,,,,,,,,98648,Corbett,Stevenson
1349,1371,1371,2018,369,E849185,5.0,2018-10-13,10:54,13,10,0.0,59,Skamania,0,1,0.0,1,1,2,1,0,3,2,,,,12,0,6,43.2,4,0,1,3,1,1,3,0,0,0,0,SR-14,,-121.8976833,45.684416667,0,2,73,10,2,55,80,0,0,1,2,12,1,1,2,1,6,1,1,53,0,76,706,2016,0,0.0,12,,,,,,1,1,45,1,1.0,98.0,4,7,5,0,11,0,10/13/2018,10:54,53045556.0,45556.0,0.0,0.0,0.0,3.0,1,33,38.0,0.0,0.0,93,,,,,,0,,,,,,98639,53,65.0,165.0,6.0,1.0,0.0,0.0,0.0,0.0,,0,,,,,,0,,,20,8,0,0,0.0,9,8,,,0,0.0,0.0,8,0,2.0,1.0,,,1.0,,,2,1,0.0,,,,,,,,,,,,,,,,,,,,,,,,,,,,,,0,0,0,0,0,0,0,0,0,0,0,0,0,0,0,0,1,0,1,0,0,0,0,0,0,1,0,0,1,1,0,0,0,0,1,0.0,0,0,0,0,0,0,0,0,1,0,1,0,0,0,0,0,,,,,,41-45,36-45,State route,R,Saturday,,MC,Hispanic,0,0,0,0,State Route,State Patrol,WASHINGTON STATE PATROL,0,1,0,0,0,,,,,,0.0,0.0,0.0,,,,,,,,,,,,,,,,,,,,,,,,,,,,,,,,,,,,98648,North Bonneville,Stevenson
1350,1372,1372,2018,370,E849453,3.0,2018-10-13,21:23,13,10,0.0,53,Pierce,0,1,0.0,2,1,2,1,0,1,1,21:20,21:29,,24,0,0,47.4,1,0,1,3,2,1,3,0,0,0,0,SR-7,,-122.4351361,47.083675,0,1,1,11,2,40,34,0,0,1,2,24,1,1,4,1,1,1,1,53,0,12,481,2017,0,0.0,63,24.0,42.0,,,,1,1,78,1,7.0,1.0,4,7,20,0,11,0,10/13/2018,21:23,53045064.0,45064.0,6.0,0.0,0.0,3.0,1,0,0.0,0.0,0.0,96,,,,,,9,,,,,,98328,53,76.0,225.0,6.0,1.0,0.0,0.0,0.0,0.0,,0,,,,,,0,,,20,0,0,0,0.0,1,8,,,0,0.0,0.0,8,1,2.0,1.0,,,1.0,,,2,1,0.18,,,,,,,,,,,,,,,,,,,,,,,,,,,,,,0,0,1,0,1,1,0,1,0,0,0,0,0,0,0,0,0,0,0,1,0,0,0,0,0,1,1,1,0,1,0,0,0,1,0,,1,0,0,0,0,1,0,1,0,0,0,0,0,1,0,1,,,,,,76-80,76+,State route,U,Saturday,Not Used,PV,White,0,1,0,0,State Route,State Patrol,Washington State Patrol,1,1,0,0,0,,,,,,0.0,0.0,0.0,,,,,,,,,,,,,,,,,,,,,,,,,,,,,,,,,,,,98387,Eatonville,Spanaway
1351,1373,1373,2018,371,E849902,4.0,2018-10-16,17:43,16,10,0.0,63,Spokane,2113,1,0.0,5,1,2,1,0,2,2,17:43,18:03,18:57,12,0,2,11.2,1,0,1,3,2,1,3,0,0,0,0,SR-290,,-117.1817778,47.696433333,0,1,50,10,2,98,34,0,0,1,2,12,1,1,2,1,1,1,2,53,0,49,472,2012,0,0.0,68,12.0,,,,,1,1,26,1,7.0,1.0,4,7,20,0,11,0,10/16/2018,17:43,211353045340.0,45340.0,0.0,0.0,3.0,3.0,1,28,0.0,0.0,0.0,96,,,,,,99,,,,,,17603,42,72.0,999.0,6.0,1.0,0.0,0.0,0.0,0.0,,0,,,,,,0,,,1,0,0,0,0.0,9,8,,,0,0.0,0.0,8,9,2.0,337.0,605.0,695.0,1.0,1.0,1.0,2,1,0.0,,,,,,,,,,,,,,,,,,,,,,,,,,,,,,0,0,0,0,0,0,1,1,1,0,0,0,0,0,0,0,0,0,0,1,0,0,0,0,0,0,0,0,0,1,0,0,0,1,0,,1,0,0,0,0,0,1,1,0,0,0,0,0,0,1,0,,,,,,26-30,26-35,State route,U,Tuesday,Not Used,PV,White,0,1,1,0,State Route,State Patrol,Washington State Patrol,0,1,0,0,0,thc,48.0,carboxy-thc,888.0,,0.0,0.0,0.0,,,,,,,,,,,,,,,,,,,,,,,,,,,,,,,,,,,,99216,Lancaster,Spokane
1352,1374,1374,2018,371,E849902,4.0,2018-10-16,17:43,16,10,0.0,63,Spokane,2113,1,0.0,5,1,2,1,0,2,2,17:43,18:03,18:57,12,0,2,11.2,1,0,1,3,2,1,3,0,0,0,0,SR-290,,-117.1817778,47.696433333,0,2,51,62,4,50,34,0,0,1,2,12,1,1,2,1,1,1,1,53,0,7,482,2017,0,0.0,12,,,,,,1,1,35,2,0.0,0.0,2,0,3,0,11,5,,,,,0.0,0.0,0.0,3.0,1,0,0.0,0.0,0.0,96,,,,,,0,,,,,,99027,53,67.0,135.0,6.0,1.0,0.0,0.0,0.0,0.0,,0,,,,,,0,,,8,0,0,0,8.0,9,8,,,0,0.0,0.0,8,0,8.0,95.0,,,96.0,,,8,95,995.0,,,,,,,,,,,,,,,,,,,,,,,,,,,,,,0,0,0,0,0,0,1,1,1,0,0,0,0,0,0,0,0,0,0,1,0,0,0,0,0,0,0,0,0,1,0,0,0,0,0,,0,0,0,0,0,0,0,0,0,0,0,0,0,0,0,0,,,,,,31-35,26-35,State route,U,Tuesday,Belt Used,PV,Not Fatal,0,1,1,0,State Route,State Patrol,Washington State Patrol,0,1,0,0,0,,,,,,0.0,0.0,0.0,,,,,,,,,,,,,,,,,,,,,,,,,,,,,,,,,,,,99216,Otis Orchards,Spokane