,index,Unnamed: 0,year,case,par,repjur,crash_dt,crash_tm,accday,accmon,holiday,county,co_char,city,weather,weather2,lightcond,surfcond,surftype,numfatal,nmforms,pforms,vforms,not_tm,arr_tm,hosp_tm,fhevent,hitrun,manncol,milepnt,reljunc,reljuncinter,intersectiontype,funcsystem,landuse,ownership,route,schlbus,spejur,contdev,devfunc,trafid1,trafid2,lon,lat,wk_zone,vnumber,crashtype,criticalevent,criticaleventcat,spdlim,body,trailer,emerg,hazcargo,leave,mhevent,roadalgn,roadprof,traflane,trafflow,vehmanvr,numoccs,regowner,regstate,spuse,make,model,modelyr,vrf1,vrf2,seqevent1,seqevent2,seqevent3,seqevent4,seqevent5,seqevent6,pnumber,ptype,age,sex,hispanic,race,injury,diedscene,restraint,restraintmisuse,seatpos,takehosp,death_dt,death_tm,cert,cernum_wa,commlic,licendor,licrestrict,liccomp,drivpres,drf1,drf2,drf3,drf4,distract1,distract2,distract3,distract4,distract5,distract6,dricond1,dricond2,dricond3,dricond4,dricond5,dricond6,dzip,licstate,drhgt_in,weight,noncdl,noncdltype,prevdwi,prevoth,prevacc,prevspd,prevsus,driviol1,driviol2,driviol3,driviol4,driviol5,driviol6,spdrel,first_dt,last_dt,airbag,ejection,ejectpath,extricat,injurwrk,methalc,methdrug,nmlocat,strikveh,prf1,prf2,prf3,druginv,alcinvol,drugsts,drugres1,drugres2,drugres3,drugtst1,drugtst2,drugtst3,alcsts,alctst,alcres,nmact1,nmact2,nmact3,nmact4,nmact5,nmact6,nmprior1,nmprior2,nmprior3,nmprior4,nmprior5,nmprior6,nmcond1,nmcond2,nmcond3,nmcond4,nmcond5,nmcond6,nmsafe_helmet,nmsafe_pads,nmsafe_oth,nmprev_ref,nmprev_lgt,nmprev_oth,crashlocation,nmcrashtype,crosswalk,schoolzone,sidewalk,train_inv,wildlife_inv,rotr_fars,intersect_fars,dd_inv,aid_inv,dpd_inv,id_inv,mj_inv,impnm_inv,ainm_inv,dpnm_inv,speed_inv,unlic_inv,unendmc_inv,drowsy_inv,drdist_inv,nmdist_inv,fty_inv,unrestfat_inv,dr1617_inv,dr1820_inv,dr1620_inv,dr2125_inv,dr1625_inv,dr65_inv,dr70_inv,dr75_inv,mc_inv,pv_inv,ht_inv,ped_inv,bike_inv,unrest_fat,mc_fat,unhelmet_mc,pv_fat,ht_fat,ped_fat,bike_fat,dr_alc7,dr_alc8,dr_drug,dr_imp,dr_dist,dr_spd,dr_fty,dr_unlic,dr_alc7only,dr_alc8only,dr_drugonly,dr_drink,nm_imp,nm_alc7,nm_alc8,nm_drug,nm_dist,agegrp1,agegrp2,roadclass,urbrur,dayweek,restuse,vehtype,race_me,intersect,lanedep,oppdir,wrongway,rep_typ,investag,repag_long,rotr,st_rd,cty_rd,city_rd,oth_rd,drug_thc,thc_res,drug_cthc,cthc_res,drug_cann,prevpersemin,prevperse,prevsusoth,drugtst4,drugtst5,drugtst6,drugtst7,drugtst8,drugres4,drugres5,drugres6,drugres7,drugres8,adspresent,adsengaged,adslevel,race1,race2,race3,race4,race5,helmet,helmetmisuse,nmdistract1,nmdistract2,nmdistract3,nmdistract4,nmdistract5,nmdistract6,lab,isedtcase,crf1,crf2,crf3,CoRoadName,CoMP,IntCoRoadName,IntCoMP,crashzip,dcity,crashcity
1353,1375,1375,2018,372,E850067,5.0,2018-09-24,20:32,24,9,0.0,41,Lewis,0,1,0.0,3,1,2,1,1,1,1,,,,8,1,0,80.4,1,0,1,3,1,1,3,0,0,0,0,SR-12,,-122.6041111,46.528794444,0,1,13,80,5,55,34,0,0,1,5,8,1,1,2,1,1,1,1,41,0,12,471,2006,0,0.0,8,,,,,,1,1,61,2,0.0,0.0,0,0,3,0,11,0,,,,,0.0,0.0,3.0,3.0,1,0,0.0,0.0,0.0,96,,,,,,99,,,,,,98546,53,65.0,150.0,6.0,1.0,0.0,0.0,0.0,0.0,,97,,,,,,0,,,20,0,0,0,8.0,9,8,,,0,0.0,0.0,8,1,8.0,95.0,,,96.0,,,8,95,995.0,,,,,,,,,,,,,,,,,,,,,,,,,,,,,,0,0,0,0,1,0,0,0,0,0,0,0,0,0,0,0,0,0,0,0,0,0,0,0,0,0,0,0,0,1,0,1,0,0,0,,0,0,0,0,0,0,0,0,0,0,0,0,0,0,0,1,,,,,,61-65,56-65,State route,R,Monday,Belt Used,PV,Not Fatal,0,0,0,0,State Route,State Patrol,Washington State Patrol,0,1,0,0,0,,,,,,0.0,0.0,0.0,,,,,,,,,,,,,,,,,,,,,,,,,,,,,,,,,,,,98582,Grapeview,Salkum
1354,1376,1376,2018,374,E851101,315.0,2018-10-15,22:11,15,10,0.0,7,Chelan,2460,1,0.0,3,1,2,1,0,3,1,,,,5,0,0,2.6,1,0,1,3,2,1,3,0,0,0,0,SR-285,,-120.32215,47.435375,0,1,0,98,7,30,34,0,0,1,5,5,1,1,3,4,1,3,1,53,0,12,481,1980,0,0.0,5,,,,,,1,1,22,1,0.0,0.0,0,0,3,0,11,0,,,,,0.0,0.0,0.0,3.0,1,0,0.0,0.0,0.0,96,,,,,,0,,,,,,98802,53,64.0,130.0,6.0,1.0,0.0,0.0,0.0,0.0,,97,,,,,,0,,,20,0,0,0,8.0,9,8,,,0,0.0,0.0,8,0,2.0,1.0,,,1.0,,,2,1,0.0,,,,,,,,,,,,,,,,,,,,,,,,,,,,,,0,0,0,0,0,0,0,0,0,0,0,0,0,0,0,0,0,0,0,1,0,0,0,1,1,0,0,0,0,1,0,0,0,0,0,,0,0,0,0,0,0,0,0,0,0,0,0,0,0,0,0,,,,,,21-25,16-25,State route,U,Monday,Belt Used,PV,Not Fatal,0,0,0,0,State Route,Municipal/City Police,Wenatchee Police Department,0,1,0,0,0,,,,,,0.0,0.0,0.0,,,,,,,,,,,,,,,,,,,,,,,,,,,,,,,,,,,,98801,East Wenatchee,Wenatchee
1355,1377,1377,2018,375,E851269,5.0,2018-10-14,21:18,14,10,0.0,11,Clark,2370,1,0.0,3,1,2,1,0,1,1,,,,25,0,0,3.3,1,0,1,1,2,1,1,0,0,0,0,I-5,,-122.6669306,45.662788889,0,1,6,6,1,60,40,0,0,1,2,1,8,8,4,3,1,1,1,53,0,49,472,1996,0,0.0,64,25.0,1.0,30.0,,,1,1,22,1,7.0,78.0,4,7,20,0,11,0,10/14/2018,21:18,237053045676.0,45676.0,0.0,0.0,0.0,2.0,1,0,0.0,0.0,0.0,96,,,,,,9,,,,,,98662,53,71.0,150.0,1.0,1.0,1.0,2.0,1.0,2.0,,0,,,,,,4,04/15/2018,09/15/2018,1,0,0,0,0.0,1,8,,,0,0.0,0.0,8,1,2.0,300.0,,,1.0,,,2,1,0.16,,,,,,,,,,,,,,,,,,,,,,,,,,,,,,0,0,1,0,1,1,1,1,0,0,0,0,1,1,0,0,0,0,0,1,0,0,0,1,1,0,0,0,0,1,0,0,0,1,0,,1,0,0,0,0,1,1,1,0,1,0,1,0,0,0,1,,,,,,21-25,16-25,Interstate,U,Sunday,Not Used,PV,API,0,1,0,0,State Route,State Patrol,Washington State Patrol,1,1,0,0,0,,,,,,0.0,1.0,3.0,,,,,,,,,,,,,,,,,,,,,,,,,,,,,,,,,,,,98663,Vancouver,Vancouver
1356,1379,1379,2018,377,E851684,3.0,2018-10-02,13:58,2,10,0.0,67,Thurston,0,1,0.0,1,1,2,1,0,1,1,,,,25,0,0,99.9,1,0,1,1,2,1,1,0,0,0,0,I-5,,-122.9353639,46.960361111,0,1,6,6,1,70,4,0,0,1,7,3,1,1,3,3,6,1,1,53,0,55,35,2001,0,0.0,64,25.0,69.0,63.0,31.0,1.0,1,1,26,1,7.0,1.0,4,0,3,0,11,4,10/02/2018,17:44,159053043568.0,43568.0,0.0,0.0,0.0,3.0,1,0,0.0,0.0,0.0,96,,,,,,99,,,,,,98531,53,73.0,185.0,6.0,1.0,0.0,5.0,0.0,9.0,,0,,,,,,4,01/15/2014,05/15/2018,20,0,0,0,0.0,9,8,,,0,0.0,0.0,8,9,2.0,605.0,695.0,,1.0,1.0,,2,1,0.18,,,,,,,,,,,,,,,,,,,,,,,,,,,,,,0,0,1,0,1,1,1,1,1,0,0,0,1,0,0,0,0,0,0,0,0,0,0,0,0,0,0,0,0,1,0,0,0,0,0,,1,0,0,0,0,1,1,1,0,1,0,0,0,0,0,1,,,,,,26-30,26-35,Interstate,U,Tuesday,Belt Used,PV,White,0,1,0,0,State Route,State Patrol,Washington State Patrol,1,1,0,0,0,thc,10.0,carboxy-thc,48.0,,0.0,0.0,0.0,,,,,,,,,,,,,,,,,,,,,,,,,,,,,,,,,,,,98512,Centralia,Olympia
1357,1380,1380,2018,378,E852814,16.0,2018-10-18,16:42,18,10,0.0,15,Cowlitz,0,1,0.0,1,1,2,1,0,1,1,,,,1,0,0,0.4,1,0,1,6,1,2,4,0,0,98,3,CR-POWELL RD,,-122.8989194,46.275458333,1,1,98,6,1,25,80,0,0,1,7,1,4,1,2,1,14,1,2,53,0,53,706,2003,0,0.0,1,68.0,64.0,24.0,,,1,1,32,1,7.0,1.0,4,7,19,0,11,0,10/18/2018,16:42,53045935.0,45935.0,0.0,0.0,0.0,3.0,1,0,0.0,0.0,0.0,93,,,,,,99,,,,,,98611,53,72.0,240.0,6.0,1.0,0.0,5.0,0.0,1.0,,0,,,,,,4,10/15/2013,07/15/2017,20,8,0,0,0.0,9,8,,,0,0.0,0.0,8,9,2.0,605.0,695.0,996.0,1.0,1.0,1.0,2,1,0.0,,,,,,,,,,,,,,,,,,,,,,,,,,,,,,0,0,0,0,0,0,1,1,1,0,0,0,1,0,0,0,1,0,0,0,0,0,0,0,0,0,0,0,1,0,0,0,0,0,1,0.0,0,0,0,0,0,0,1,1,1,1,0,0,0,0,1,0,,,,,,31-35,26-35,County road,R,Thursday,,MC,White,0,0,0,0,County Road,County Sheriff,Cowlitz County Sheriff's Office,0,0,1,0,0,thc,7.6,carboxy-thc,7.5,,0.0,0.0,0.0,1.0,1.0,1.0,,,996.0,996.0,996.0,,,,,,,,,,,,,,,,,,,,,,,,,,,,98611,Castle Rock,Castle Rock
1358,1381,1381,2018,379,E843470,169.0,2018-09-27,13:30,27,9,0.0,67,Thurston,1102,1,0.0,1,1,2,1,0,4,2,,,,12,0,6,0.0,2,0,2,7,2,4,6,0,0,0,0,COLLEGE ST SE,BELAIR DR SE,-122.8231944,47.02075,0,1,68,15,2,35,14,0,0,1,5,12,1,1,4,1,11,2,1,53,0,49,402,2013,0,0.0,12,64.0,31.0,,,,1,1,79,2,0.0,0.0,1,0,3,0,11,5,,,,,0.0,0.0,3.0,3.0,1,10,38.0,48.0,0.0,96,,,,,,0,,,,,,98503,53,63.0,155.0,6.0,1.0,0.0,0.0,0.0,0.0,,46,,,,,,0,,,8,0,0,0,8.0,9,8,,,0,0.0,0.0,8,0,8.0,95.0,,,96.0,,,8,95,995.0,,,,,,,,,,,,,,,,,,,,,,,,,,,,,,0,0,0,1,0,0,0,0,0,0,0,0,0,1,0,0,0,0,1,0,0,0,0,1,1,1,1,1,0,1,0,0,0,0,0,,0,0,0,0,0,0,0,0,0,0,1,0,0,0,0,0,,,,,,76-80,76+,City street,U,Thursday,Belt Used,PV,Not Fatal,1,0,0,0,City Street,Municipal/City Police,Lacey Police Department,0,0,0,1,0,,,,,,0.0,0.0,0.0,,,,,,,,,,,,,,,,,,,,,,,,,,,,,,,,,,,,98503,Lacey,Lacey
1359,1382,1382,2018,379,E843470,169.0,2018-09-27,13:30,27,9,0.0,67,Thurston,1102,1,0.0,1,1,2,1,0,4,2,,,,12,0,6,0.0,2,0,2,7,2,4,6,0,0,0,0,COLLEGE ST SE,BELAIR DR SE,-122.8231944,47.02075,0,2,69,62,4,35,34,0,0,1,5,12,1,1,4,1,1,2,9,99,0,23,471,1993,0,0.0,12,,,,,,1,1,22,1,0.0,0.0,1,0,99,0,11,5,,,,,0.0,0.0,0.0,0.0,1,0,0.0,0.0,0.0,96,,,,,,0,,,,,,99999,1,72.0,205.0,0.0,0.0,0.0,0.0,0.0,0.0,,0,,,,,,0,,,20,0,0,0,8.0,9,8,,,0,0.0,0.0,8,0,8.0,95.0,,,96.0,,,8,95,995.0,,,,,,,,,,,,,,,,,,,,,,,,,,,,,,0,0,0,1,0,0,0,0,0,0,0,0,0,1,0,0,0,0,1,0,0,0,0,1,1,1,1,1,0,1,0,0,0,0,0,,0,0,0,0,0,0,0,0,0,0,0,1,0,0,0,0,,,,,,21-25,16-25,City street,U,Thursday,Unknown,PV,Not Fatal,1,0,0,0,City Street,Municipal/City Police,Lacey Police Department,0,0,0,1,0,,,,,,0.0,0.0,0.0,,,,,,,,,,,,,,,,,,,,,,,,,,,,,,,,,,,,98503,Alabama,Lacey
1360,1383,1383,2018,380,E817446,25.0,2018-07-13,10:57,13,7,0.0,33,King,0,1,0.0,1,0,0,1,0,2,2,,,,12,0,6,4.0,8,0,1,4,1,2,4,0,0,0,0,CR-AUBURN-BLACK DIAMOND,SE 321 PL,-122.1118306,47.312927778,0,1,82,15,2,0,6,0,0,1,7,12,0,0,0,0,11,1,2,53,0,48,45,2009,0,0.0,12,,,,,,1,1,87,2,7.0,1.0,4,0,3,0,11,5,07/15/2018,19:45,10053031904.0,31904.0,0.0,0.0,3.0,3.0,1,38,0.0,0.0,0.0,96,,,,,,0,,,,,,98092,53,63.0,165.0,6.0,1.0,0.0,0.0,0.0,0.0,,46,,,,,,0,,,1,0,0,0,0.0,9,8,,,0,0.0,0.0,8,0,2.0,1.0,,,1.0,,,2,1,0.0,,,,,,,,,,,,,,,,,,,,,,,,,,,,,,0,0,0,0,0,0,0,0,0,0,0,0,0,0,0,0,0,0,1,0,0,0,0,0,0,1,1,1,0,1,0,0,0,0,0,,1,0,0,0,0,0,0,0,0,0,1,0,0,0,0,0,,,,,,81+,76+,County road,R,Friday,Belt Used,PV,White,1,0,0,0,County Road,County Sheriff,King County Police,0,0,1,0,0,,,,,,0.0,0.0,0.0,,,,,,,,,,,,,,,,,,,,,,,,,,,,,,,,,,,,98092,Auburn,Auburn
1361,1384,1384,2018,380,E817446,25.0,2018-07-13,10:57,13,7,0.0,33,King,0,1,0.0,1,1,2,1,0,2,2,,,,12,0,6,4.0,8,0,1,4,1,2,4,0,0,0,0,CR-AUBURN-BLACK DIAMOND,SE 321 PL,-122.1118306,47.312927778,0,2,83,72,4,35,4,0,0,1,7,12,8,8,2,1,1,1,1,53,0,59,31,2000,0,0.0,12,,,,,,1,1,63,2,0.0,0.0,1,0,3,0,11,5,,,,,0.0,0.0,3.0,3.0,1,0,0.0,0.0,0.0,96,,,,,,0,,,,,,98092,53,64.0,140.0,6.0,1.0,0.0,0.0,1.0,0.0,,0,,,,,,0,11/15/2013,11/15/2013,1,0,0,0,8.0,9,8,,,0,0.0,0.0,8,8,8.0,95.0,,,96.0,,,8,95,995.0,,,,,,,,,,,,,,,,,,,,,,,,,,,,,,0,0,0,0,0,0,0,0,0,0,0,0,0,0,0,0,0,0,1,0,0,0,0,0,0,1,1,1,0,1,0,0,0,0,0,,0,0,0,0,0,0,0,0,0,0,0,0,0,0,0,0,,,,,,61-65,56-65,County road,R,Friday,Belt Used,PV,Not Fatal,1,0,0,0,County Road,County Sheriff,King County Police,0,0,1,0,0,,,,,,0.0,0.0,0.0,,,,,,,,,,,,,,,,,,,,,,,,,,,,,,,,,,,,98092,Auburn,Auburn
1362,1385,1385,2018,381,E853014,5.0,2018-10-23,9:45,23,10,0.0,11,Clark,0,10,0.0,1,1,1,1,0,1,1,,,,1,0,0,0.3,1,0,1,1,2,1,1,0,0,0,0,I-205,,-122.6560056,45.726830556,0,1,6,6,1,60,14,0,0,1,2,1,1,1,2,3,1,1,5,53,0,52,402,2005,0,0.0,64,1.0,42.0,,,,1,1,21,2,7.0,1.0,4,7,20,0,11,0,10/23/2018,9:45,53050684.0,50684.0,0.0,0.0,0.0,0.0,1,37,0.0,0.0,0.0,96,,,,,,99,,,,,,97838,41,,999.0,0.0,0.0,99.0,99.0,99.0,99.0,,0,,,,,,4,,,8,1,9,0,0.0,9,8,,,0,0.0,0.0,8,9,2.0,996.0,401.0,417.0,1.0,1.0,1.0,2,1,0.0,,,,,,,,,,,,,,,,,,,,,,,,,,,,,,0,0,1,0,0,0,1,1,1,0,0,0,1,1,0,0,0,0,0,1,0,0,0,1,1,0,0,0,0,1,0,0,0,1,0,,1,0,0,0,0,0,1,1,0,1,0,1,0,0,1,0,,,,,,21-25,16-25,Interstate,U,Tuesday,Not Used,PV,White,0,1,0,0,State Route,State Patrol,Washington State Patrol Headquarter,1,1,0,0,0,thc,0.96,,,,99.0,99.0,99.0,1.0,,,,,605.0,,,,,,,,,,,,,,,,,,,,,,,,,,,,,,98685,Hermiston,Vancouver
1363,1386,1386,2018,382,E853089,7.0,2018-10-13,3:01,13,10,0.0,33,King,735,1,0.0,2,1,1,1,0,2,2,,,,14,0,0,142.2,1,0,1,1,2,1,1,0,0,0,0,I-5,,-122.3053417,47.292872222,0,1,98,98,7,98,4,0,0,1,2,14,1,1,5,3,1,2,1,53,0,12,23,2012,0,0.0,14,,,,,,1,1,36,1,0.0,0.0,3,0,3,0,11,4,,,,,0.0,0.0,3.0,3.0,1,51,0.0,0.0,0.0,96,,,,,,9,,,,,,98444,53,71.0,150.0,6.0,1.0,0.0,0.0,0.0,0.0,,97,,,,,,4,,,8,0,0,0,8.0,1,8,,,0,0.0,0.0,8,1,2.0,1.0,,,1.0,,,2,1,0.26,,,,,,,,,,,,,,,,,,,,,,,,,,,,,,0,0,0,0,1,1,0,1,0,0,0,0,1,0,0,0,0,0,0,0,0,0,0,0,0,0,0,0,0,1,0,0,0,0,0,,0,0,0,0,0,1,0,1,0,1,0,0,0,1,0,1,,,,,,36-40,36-45,Interstate,U,Saturday,Belt Used,PV,Not Fatal,0,0,0,1,State Route,State Patrol,Washington State Patrol,0,1,0,0,0,,,,,,0.0,0.0,0.0,,,,,,,,,,,,,,,,,,,,,,,,,,,,,,,,,,,,98003,Tacoma,Federal Way
1364,1387,1387,2018,383,E853710,2.0,2018-10-10,21:13,10,10,0.0,61,Snohomish,0,1,0.0,3,1,2,2,0,4,2,21:08,21:16,21:52,12,0,6,17.9,2,0,2,3,2,1,3,0,0,20,3,SR-9,SUNNY SCHOOL RD,-122.1104917,48.034161111,0,1,88,17,2,35,4,0,0,1,7,12,1,1,2,1,1,2,2,53,0,37,32,1996,0,0.0,12,68.0,64.0,59.0,,,1,1,20,1,7.0,1.0,4,0,99,0,11,5,10/10/2018,21:17,53045954.0,45954.0,0.0,0.0,0.0,3.0,1,39,0.0,0.0,0.0,96,,,,,,99,,,,,,98271,53,71.0,205.0,6.0,1.0,0.0,2.0,0.0,1.0,,0,,,,,,4,05/15/2017,09/15/2018,8,0,0,0,0.0,9,8,,,0,0.0,0.0,8,9,2.0,401.0,417.0,704.0,1.0,1.0,1.0,2,1,0.0,,,,,,,,,,,,,,,,,,,,,,,,,,,,,,0,0,0,1,0,0,1,1,0,0,0,0,1,0,0,0,0,0,0,0,0,1,1,0,1,0,0,0,0,1,0,0,0,0,0,,1,0,0,0,0,0,1,1,0,1,0,0,0,0,1,0,,,,,,18-20,16-25,State route,U,Wednesday,Unknown,PV,White,1,0,0,0,State Route,State Patrol,Washington State Patrol,0,1,0,0,0,,,,,,0.0,0.0,0.0,,,,,,,,,,,,,,,,,,,,,,,,,,,,,,,,,,,,98270,Marysville,Marysville
1365,1388,1388,2018,383,E853710,2.0,2018-10-10,21:13,10,10,0.0,61,Snohomish,0,1,0.0,3,1,2,2,0,4,2,21:08,21:16,21:52,12,0,6,17.9,2,0,2,3,2,1,3,0,0,0,0,SR-9,SUNNY SCHOOL RD,-122.1104917,48.034161111,0,2,89,66,4,55,4,0,0,1,7,12,1,1,2,1,1,2,1,53,0,7,26,2013,0,0.0,12,,,,,,1,1,55,1,7.0,1.0,4,7,3,0,11,0,10/10/2018,21:13,53045954.0,45954.0,0.0,0.0,0.0,3.0,1,0,0.0,0.0,0.0,96,,,,,,99,,,,,,98258,53,67.0,248.0,6.0,1.0,0.0,0.0,0.0,0.0,,0,,,,,,0,,,8,0,0,0,0.0,9,8,,,0,0.0,0.0,8,9,2.0,1.0,,,1.0,,,2,1,0.0,,,,,,,,,,,,,,,,,,,,,,,,,,,,,,0,0,0,1,0,0,1,1,0,0,0,0,1,0,0,0,0,0,0,0,0,1,1,0,1,0,0,0,0,1,0,0,0,0,0,,1,0,0,0,0,0,0,0,0,0,0,0,0,0,0,0,,,,,,51-55,46-55,State route,U,Wednesday,Belt Used,PV,White,1,0,0,0,State Route,State Patrol,Washington State Patrol,0,1,0,0,0,,,,,,0.0,0.0,0.0,,,,,,,,,,,,,,,,,,,,,,,,,,,,,,,,,,,,98270,Lake Stevens,Marysville
1366,1389,1389,2018,384,E853812,4.0,2018-10-27,3:56,27,10,0.0,63,Spokane,0,1,0.0,3,1,2,1,0,3,2,3:55,4:02,4:50,12,0,2,289.0,1,0,1,3,2,1,2,0,0,0,0,US-2,,-117.3537889,47.785075,0,1,50,10,2,45,67,0,0,1,2,12,1,1,5,5,1,1,1,53,0,12,880,2008,0,0.0,68,12.0,,,,,1,1,41,1,0.0,0.0,2,0,3,0,11,5,,,,,0.0,0.0,0.0,3.0,1,28,0.0,0.0,0.0,96,,,,,,9,,,,,,99003,53,67.0,165.0,6.0,1.0,0.0,0.0,0.0,0.0,,1,,,,,,0,,,8,0,0,0,8.0,9,8,,,0,0.0,0.0,8,1,8.0,95.0,,,96.0,,,8,95,995.0,,,,,,,,,,,,,,,,,,,,,,,,,,,,,,0,0,0,0,1,0,1,1,1,0,0,0,0,0,0,0,0,0,0,0,0,0,0,1,1,0,0,0,0,1,1,0,0,0,0,,0,0,0,0,0,0,0,0,0,0,0,0,0,0,0,1,,,,,,41-45,36-45,US highway,U,Saturday,Belt Used,MHTRUCK,Not Fatal,0,1,1,0,State Route,State Patrol,Washington State Patrol,0,1,0,0,0,,,,,,0.0,0.0,0.0,,,,,,,,,,,,,,,,,,,,,,,,,,,,,,,,,,,,99021,Chattaroy,Mead
1367,1390,1390,2018,384,E853812,4.0,2018-10-27,3:56,27,10,0.0,63,Spokane,0,1,0.0,3,1,2,1,0,3,2,3:55,4:02,4:50,12,0,2,289.0,1,0,1,3,2,1,2,0,0,0,0,US-2,,-117.3537889,47.785075,0,2,51,62,4,45,4,0,0,1,2,12,1,1,5,5,1,2,1,16,0,63,34,2008,0,0.0,12,,,,,,1,1,21,2,7.0,1.0,4,7,3,0,11,0,10/27/2018,4:05,53047276.0,47276.0,0.0,0.0,0.0,3.0,1,0,0.0,0.0,0.0,96,,,,,,0,,,,,,83815,16,64.0,112.0,6.0,1.0,0.0,0.0,0.0,1.0,,0,,,,,,0,02/15/2017,02/15/2017,1,0,0,0,0.0,9,8,,,0,0.0,0.0,8,0,2.0,605.0,695.0,,1.0,1.0,,2,1,0.0,,,,,,,,,,,,,,,,,,,,,,,,,,,,,,0,0,0,0,1,0,1,1,1,0,0,0,0,0,0,0,0,0,0,0,0,0,0,1,1,0,0,0,0,1,1,0,0,0,0,,1,0,0,0,0,0,1,1,0,0,0,0,0,0,1,0,,,,,,21-25,16-25,US highway,U,Saturday,Belt Used,PV,White,0,1,1,0,State Route,State Patrol,Washington State Patrol,0,1,0,0,0,thc,23.0,carboxy-thc,888.0,,0.0,0.0,0.0,,,,,,,,,,,,,,,,,,,,,,,,,,,,,,,,,,,,99021,Coeur D Alene,Mead
1368,1391,1391,2018,385,E824877,35.0,2018-08-05,20:05,5,8,0.0,53,Pierce,0,1,0.0,1,1,1,1,0,1,1,20:04,20:13,21:28,42,0,0,0.3,1,0,1,7,2,2,4,0,0,0,0,CR-218TH AVE CT E,,-122.1382806,47.145288889,0,1,1,13,2,25,80,0,0,1,5,42,3,1,2,1,14,1,0,92,0,76,709,2000,0,0.0,63,42.0,,,,,1,1,27,1,7.0,1.0,4,0,17,0,11,5,08/17/2018,18:08,223053037083.0,37083.0,0.0,0.0,3.0,2.0,1,0,0.0,0.0,0.0,92,,,,,,99,,,,,,98003,53,70.0,160.0,1.0,1.0,0.0,0.0,0.0,0.0,,0,,,,,,0,,,20,8,0,0,0.0,9,8,,,0,0.0,0.0,8,9,8.0,95.0,,,96.0,,,8,95,995.0,,,,,,,,,,,,,,,,,,,,,,,,,,,,,,0,0,1,0,0,0,0,0,0,0,0,0,0,1,1,0,1,0,0,0,0,0,0,0,0,0,0,0,1,0,0,0,0,0,1,1.0,0,0,0,0,0,0,0,0,1,0,0,1,0,0,0,0,,,,,,26-30,26-35,County road,U,Sunday,,MC,White,0,1,0,0,County Road,County Sheriff,Law Enforcement Support Agency,1,0,1,0,0,,,,,,0.0,0.0,0.0,,,,,,,,,,,,,,,,,,,,,,,,,,,,,,,,,,,,98391,Federal Way,Bonney Lake
1369,1392,1392,2018,386,E844987,290.0,2018-10-03,19:00,3,10,0.0,53,Pierce,2230,1,0.0,5,1,2,1,0,2,2,,,,12,0,6,0.0,2,0,3,4,2,4,6,0,0,20,3,N NARROWS DR,N JACKSON AVE,-122.53705,47.264733333,0,1,82,15,2,35,4,0,0,1,7,12,3,2,2,1,11,1,1,53,0,37,32,2012,0,0.0,12,,,,,,1,1,61,2,0.0,0.0,0,0,3,0,11,0,,,,,0.0,0.0,3.0,3.0,1,10,38.0,0.0,0.0,96,,,,,,0,,,,,,85203,4,70.0,186.0,6.0,1.0,0.0,0.0,0.0,0.0,,97,,,,,,0,,,2,0,0,0,8.0,9,8,,,0,0.0,0.0,8,0,8.0,95.0,,,96.0,,,8,95,995.0,,,,,,,,,,,,,,,,,,,,,,,,,,,,,,0,0,0,1,0,0,0,0,0,0,0,0,0,0,0,0,0,0,1,0,0,0,0,0,0,0,0,0,1,1,0,0,0,0,0,,0,0,0,0,0,0,0,0,0,0,1,0,0,0,0,0,,,,,,61-65,56-65,City street,U,Wednesday,Belt Used,PV,Not Fatal,1,0,0,0,City Street,Municipal/City Police,Tacoma Police Department,0,0,0,1,0,,,,,,0.0,0.0,0.0,,,,,,,,,,,,,,,,,,,,,,,,,,,,,,,,,,,,98406,Mesa,Tacoma
1370,1393,1393,2018,386,E844987,290.0,2018-10-03,19:00,3,10,0.0,53,Pierce,2230,1,0.0,5,1,2,1,0,2,2,,,,12,0,6,0.0,2,0,3,4,2,4,6,0,0,0,0,N NARROWS DR,N JACKSON AVE,-122.53705,47.264733333,0,2,83,67,4,35,80,0,0,1,7,12,3,8,2,1,14,1,1,53,0,73,705,2008,0,0.0,12,,,,,,1,1,33,1,7.0,1.0,4,7,19,0,11,0,10/03/2018,19:00,223053043458.0,43458.0,0.0,0.0,0.0,3.0,1,0,0.0,0.0,0.0,96,,,,,,0,,,,,,98407,53,75.0,210.0,6.0,1.0,0.0,0.0,0.0,0.0,,0,,,,,,0,,,20,8,0,0,0.0,9,8,,,0,0.0,0.0,8,0,2.0,1.0,,,1.0,,,2,1,0.0,,,,,,,,,,,,,,,,,,,,,,,,,,,,,,0,0,0,1,0,0,0,0,0,0,0,0,0,0,0,0,0,0,1,0,0,0,0,0,0,0,0,0,1,1,0,0,0,0,1,0.0,0,0,0,0,0,0,0,0,0,0,0,0,0,0,0,0,,,,,,31-35,26-35,City street,U,Wednesday,,MC,White,1,0,0,0,City Street,Municipal/City Police,Tacoma Police Department,0,0,0,1,0,,,,,,0.0,0.0,0.0,,,,,,,,,,,,,,,,,,,,,,,,,,,,,,,,,,,,98406,Tacoma,Tacoma