,index,Unnamed: 0,year,case,par,repjur,crash_dt,crash_tm,accday,accmon,holiday,county,co_char,city,weather,weather2,lightcond,surfcond,surftype,numfatal,nmforms,pforms,vforms,not_tm,arr_tm,hosp_tm,fhevent,hitrun,manncol,milepnt,reljunc,reljuncinter,intersectiontype,funcsystem,landuse,ownership,route,schlbus,spejur,contdev,devfunc,trafid1,trafid2,lon,lat,wk_zone,vnumber,crashtype,criticalevent,criticaleventcat,spdlim,body,trailer,emerg,hazcargo,leave,mhevent,roadalgn,roadprof,traflane,trafflow,vehmanvr,numoccs,regowner,regstate,spuse,make,model,modelyr,vrf1,vrf2,seqevent1,seqevent2,seqevent3,seqevent4,seqevent5,seqevent6,pnumber,ptype,age,sex,hispanic,race,injury,diedscene,restraint,restraintmisuse,seatpos,takehosp,death_dt,death_tm,cert,cernum_wa,commlic,licendor,licrestrict,liccomp,drivpres,drf1,drf2,drf3,drf4,distract1,distract2,distract3,distract4,distract5,distract6,dricond1,dricond2,dricond3,dricond4,dricond5,dricond6,dzip,licstate,drhgt_in,weight,noncdl,noncdltype,prevdwi,prevoth,prevacc,prevspd,prevsus,driviol1,driviol2,driviol3,driviol4,driviol5,driviol6,spdrel,first_dt,last_dt,airbag,ejection,ejectpath,extricat,injurwrk,methalc,methdrug,nmlocat,strikveh,prf1,prf2,prf3,druginv,alcinvol,drugsts,drugres1,drugres2,drugres3,drugtst1,drugtst2,drugtst3,alcsts,alctst,alcres,nmact1,nmact2,nmact3,nmact4,nmact5,nmact6,nmprior1,nmprior2,nmprior3,nmprior4,nmprior5,nmprior6,nmcond1,nmcond2,nmcond3,nmcond4,nmcond5,nmcond6,nmsafe_helmet,nmsafe_pads,nmsafe_oth,nmprev_ref,nmprev_lgt,nmprev_oth,crashlocation,nmcrashtype,crosswalk,schoolzone,sidewalk,train_inv,wildlife_inv,rotr_fars,intersect_fars,dd_inv,aid_inv,dpd_inv,id_inv,mj_inv,impnm_inv,ainm_inv,dpnm_inv,speed_inv,unlic_inv,unendmc_inv,drowsy_inv,drdist_inv,nmdist_inv,fty_inv,unrestfat_inv,dr1617_inv,dr1820_inv,dr1620_inv,dr2125_inv,dr1625_inv,dr65_inv,dr70_inv,dr75_inv,mc_inv,pv_inv,ht_inv,ped_inv,bike_inv,unrest_fat,mc_fat,unhelmet_mc,pv_fat,ht_fat,ped_fat,bike_fat,dr_alc7,dr_alc8,dr_drug,dr_imp,dr_dist,dr_spd,dr_fty,dr_unlic,dr_alc7only,dr_alc8only,dr_drugonly,dr_drink,nm_imp,nm_alc7,nm_alc8,nm_drug,nm_dist,agegrp1,agegrp2,roadclass,urbrur,dayweek,restuse,vehtype,race_me,intersect,lanedep,oppdir,wrongway,rep_typ,investag,repag_long,rotr,st_rd,cty_rd,city_rd,oth_rd,drug_thc,thc_res,drug_cthc,cthc_res,drug_cann,prevpersemin,prevperse,prevsusoth,drugtst4,drugtst5,drugtst6,drugtst7,drugtst8,drugres4,drugres5,drugres6,drugres7,drugres8,adspresent,adsengaged,adslevel,race1,race2,race3,race4,race5,helmet,helmetmisuse,nmdistract1,nmdistract2,nmdistract3,nmdistract4,nmdistract5,nmdistract6,lab,isedtcase,crf1,crf2,crf3,CoRoadName,CoMP,IntCoRoadName,IntCoMP,crashzip,dcity,crashcity
1371,1394,1394,2018,387,E854932,5.0,2018-10-11,20:39,11,10,0.0,11,Clark,0,1,0.0,2,1,2,1,1,1,1,,,,8,0,0,16.0,1,0,1,1,1,1,1,0,0,0,0,I-5,,-122.6974639,45.841063889,0,1,13,80,5,70,6,0,0,1,2,8,4,2,3,3,14,1,3,53,0,52,47,2018,0,0.0,8,63.0,38.0,,,,1,1,25,2,0.0,0.0,0,0,3,0,11,0,,,,,0.0,0.0,3.0,3.0,1,0,0.0,0.0,0.0,96,,,,,,0,,,,,,92612,6,63.0,110.0,6.0,1.0,0.0,0.0,0.0,0.0,,0,,,,,,0,,,8,0,0,0,8.0,9,2,,,0,0.0,0.0,0,0,8.0,95.0,,,96.0,,,8,95,995.0,,,,,,,,,,,,,,,,,,,,,,,,,,,,,,0,0,0,0,0,0,0,0,0,1,0,1,0,0,0,0,0,0,0,0,0,0,0,1,1,0,0,0,0,1,0,1,0,0,0,,0,0,0,0,0,0,0,0,0,0,0,0,0,0,0,0,,,,,,21-25,16-25,Interstate,R,Thursday,Belt Used,PV,Not Fatal,0,0,0,0,State Route,State Patrol,Washington State Patrol,0,1,0,0,0,,,,,,0.0,0.0,0.0,,,,,,,,,,,,,,,,,,,,,,,,,,,,,,,,,,,,98642,Irvine,Ridgefield
1372,1395,1395,2018,388,3746668,263.0,2018-10-01,14:31,1,10,0.0,33,King,1960,10,0.0,1,2,2,1,0,2,2,,,,12,0,6,0.0,2,0,3,7,2,4,6,0,0,0,0,THORNDYKE AVE W,THORNDYKE PL W,-122.3872472,47.639513889,0,1,83,66,4,30,34,0,0,1,7,12,1,2,2,2,1,1,1,53,0,20,481,2003,0,0.0,12,63.0,40.0,,,,1,1,31,1,0.0,0.0,1,0,3,0,11,8,,,,,0.0,0.0,0.0,3.0,1,0,0.0,0.0,0.0,96,,,,,,9,,,,,,98146,53,69.0,160.0,6.0,1.0,0.0,3.0,0.0,1.0,,97,,,,,,0,03/15/2014,08/15/2017,1,0,0,0,8.0,9,8,,,0,0.0,0.0,8,1,2.0,1.0,,,1.0,,,2,1,0.23,,,,,,,,,,,,,,,,,,,,,,,,,,,,,,0,0,0,1,1,1,0,1,0,0,0,0,0,0,0,0,0,0,0,0,0,0,0,0,0,0,0,0,0,1,0,0,0,0,0,,0,0,0,0,0,1,0,1,0,0,0,0,0,1,0,1,,,,,,31-35,26-35,City street,U,Monday,Belt Used,PV,Not Fatal,1,0,0,0,City Street,Municipal/City Police,Seattle Police Department,0,0,0,1,0,,,,,,0.0,0.0,0.0,,,,,,,,,,,,,,,,,,,,,,,,,,,,,,,,,,,,98199,Seattle,Seattle
1373,1396,1396,2018,388,3746668,263.0,2018-10-01,14:31,1,10,0.0,33,King,1960,10,0.0,1,2,2,1,0,2,2,,,,12,0,6,0.0,2,0,3,7,2,4,6,0,0,20,3,THORNDYKE AVE W,THORNDYKE PL W,-122.3872472,47.639513889,0,2,82,15,2,5,4,0,0,1,7,12,1,2,2,1,11,1,2,53,0,7,24,2013,0,0.0,12,,,,,,1,1,41,1,7.0,1.0,4,7,3,0,11,0,10/01/2018,14:31,196053043046.0,43046.0,0.0,0.0,0.0,3.0,1,0,0.0,0.0,0.0,96,,,,,,99,,,,,,98103,53,70.0,190.0,6.0,1.0,0.0,0.0,0.0,0.0,,0,,,,,,0,,,8,0,0,0,0.0,9,8,,,0,0.0,0.0,8,9,2.0,1.0,,,1.0,,,2,1,0.0,,,,,,,,,,,,,,,,,,,,,,,,,,,,,,0,0,0,1,1,1,0,1,0,0,0,0,0,0,0,0,0,0,0,0,0,0,0,0,0,0,0,0,0,1,0,0,0,0,0,,1,0,0,0,0,0,0,0,0,0,0,0,0,0,0,0,,,,,,41-45,36-45,City street,U,Monday,Belt Used,PV,White,1,0,0,0,City Street,Municipal/City Police,Seattle Police Department,0,0,0,1,0,,,,,,0.0,0.0,0.0,,,,,,,,,,,,,,,,,,,,,,,,,,,,,,,,,,,,98199,Seattle,Seattle
1374,1397,1397,2018,389,E855214,346.0,2018-10-18,8:10,18,10,0.0,63,Spokane,1165,1,0.0,1,1,2,1,1,1,1,8:18,8:32,8:59,8,1,0,0.0,3,0,2,7,2,4,6,0,0,0,0,COUNTRY VISTA DR,E MISSION AVE,-117.0755917,47.671291667,0,1,13,80,5,25,34,0,0,1,5,8,1,1,2,1,1,1,1,53,0,7,482,1997,0,0.0,8,,,,,,1,1,21,1,0.0,0.0,0,0,99,0,11,0,,,,,0.0,0.0,0.0,3.0,1,91,0.0,0.0,0.0,92,,,,,,99,,,,,,99019,53,74.0,190.0,6.0,1.0,0.0,2.0,1.0,8.0,,1,,,,,,0,06/15/2014,07/15/2018,20,0,0,0,8.0,9,8,,,0,0.0,0.0,8,9,8.0,95.0,,,96.0,,,8,95,995.0,,,,,,,,,,,,,,,,,,,,,,,,,,,,,,0,0,0,1,0,0,0,0,0,0,0,0,0,0,0,0,1,0,0,0,0,0,0,1,1,0,0,0,0,1,0,1,0,0,0,,0,0,0,0,0,0,0,0,1,0,0,0,0,0,0,0,,,,,,21-25,16-25,City street,U,Thursday,Unknown,PV,Not Fatal,1,0,0,0,City Street,Municipal/City Police,LIBERTY LAKE POLICE DEPT,0,0,0,1,0,,,,,,0.0,0.0,0.0,,,,,,,,,,,,,,,,,,,,,,,,,,,,,,,,,,,,99019,Liberty Lake,Liberty Lake
1375,1398,1398,2018,390,E855368,7.0,2018-10-12,5:09,12,10,0.0,33,King,0,1,0.0,2,1,2,2,0,3,2,,,,12,0,2,21.6,1,0,1,3,1,1,3,0,0,0,0,SR-18,,-121.9634167,47.439625,0,1,50,10,2,55,34,0,0,1,2,12,1,2,3,1,1,1,1,53,0,7,482,2003,0,0.0,68,12.0,,,,,1,1,36,1,0.0,0.0,1,0,3,0,11,8,,,,,0.0,0.0,0.0,3.0,1,28,91.0,0.0,0.0,96,,,,,,9,,,,,,98503,53,72.0,200.0,6.0,1.0,0.0,0.0,2.0,5.0,,1,,,,,,0,01/15/2014,05/15/2017,8,0,0,0,8.0,9,2,,,0,0.0,0.0,1,1,2.0,177.0,401.0,417.0,1.0,1.0,1.0,2,1,0.0,,,,,,,,,,,,,,,,,,,,,,,,,,,,,,0,0,0,0,1,0,1,1,0,0,0,0,0,0,0,0,0,0,0,0,0,0,0,0,0,0,0,0,0,1,0,0,0,0,0,,0,0,0,0,0,0,1,1,0,0,0,0,0,0,1,1,,,,,,36-40,36-45,State route,R,Friday,Belt Used,PV,Not Fatal,0,1,1,0,State Route,State Patrol,Washington State Patrol,0,1,0,0,0,,,,,,0.0,0.0,5.0,,,,,,,,,,,,,,,,,,,,,,,,,,,,,,,,,,,,98027,Lacey,Issaquah
1376,1399,1399,2018,390,E855368,7.0,2018-10-12,5:09,12,10,0.0,33,King,0,1,0.0,2,1,2,2,0,3,2,,,,12,0,2,21.6,1,0,1,3,1,1,3,0,0,0,0,SR-18,,-121.9634167,47.439625,0,2,51,62,4,55,4,0,0,1,2,12,1,2,3,1,1,2,2,53,0,37,31,2016,0,0.0,12,,,,,,1,1,59,2,7.0,4.0,4,7,3,0,11,0,10/12/2018,5:09,98053045561.0,45561.0,0.0,0.0,0.0,3.0,1,0,0.0,0.0,0.0,96,,,,,,0,,,,,,98001,53,60.0,115.0,6.0,1.0,0.0,0.0,0.0,0.0,,0,,,,,,0,,,8,0,0,0,0.0,9,8,,,0,0.0,0.0,8,0,2.0,1.0,,,1.0,,,2,1,0.0,,,,,,,,,,,,,,,,,,,,,,,,,,,,,,0,0,0,0,1,0,1,1,0,0,0,0,0,0,0,0,0,0,0,0,0,0,0,0,0,0,0,0,0,1,0,0,0,0,0,,1,0,0,0,0,0,0,0,0,0,0,0,0,0,0,0,,,,,,56-60,56-65,State route,R,Friday,Belt Used,PV,API,0,1,1,0,State Route,State Patrol,Washington State Patrol,0,1,0,0,0,,,,,,0.0,0.0,0.0,,,,,,,,,,,,,,,,,,,,,,,,,,,,,,,,,,,,98027,Auburn,Issaquah
1377,1400,1400,2018,391,E855382,160.0,2018-10-27,22:36,27,10,0.0,33,King,1030,2,0.0,3,2,2,1,0,1,1,,,,30,0,0,2.6,1,0,1,3,2,1,3,0,0,0,0,SR-181,,-122.24945,47.415380556,0,1,1,6,1,50,2,0,0,1,7,30,1,1,7,5,1,1,2,53,0,37,31,2003,0,0.0,63,30.0,42.0,,,,1,1,17,2,7.0,7.0,4,0,3,0,11,4,10/29/2018,16:40,196053048806.0,48806.0,0.0,0.0,3.0,3.0,1,0,0.0,0.0,0.0,96,,,,,,99,,,,,,98030,53,62.0,100.0,6.0,2.0,0.0,0.0,0.0,0.0,,0,,,,,,4,,,1,0,0,0,0.0,9,8,,,0,0.0,0.0,8,9,2.0,1.0,,,1.0,,,2,1,0.0,,,,,,,,,,,,,,,,,,,,,,,,,,,,,,0,0,1,0,0,0,0,0,0,0,0,0,1,0,0,0,0,0,0,0,1,0,1,0,1,0,0,0,0,1,0,0,0,0,0,,1,0,0,0,0,0,0,0,0,1,0,0,0,0,0,0,,,,,,16-17,16-25,State route,U,Saturday,Belt Used,PV,API,0,1,0,0,State Route,Municipal/City Police,Kent Police Department,1,1,0,0,0,,,,,,0.0,0.0,0.0,,,,,,,,,,,,,,,,,,,,,,,,,,,,,,,,,,,,98032,Kent,Kent
1378,1401,1401,2018,392,E855512,40.0,2018-09-02,2:19,2,9,6.0,63,Spokane,0,1,0.0,2,1,2,1,0,1,1,,,,1,0,0,5.5,1,0,1,5,1,2,4,0,0,0,0,CR-S WELLS RD,,-117.4922472,47.295466667,0,1,6,6,1,45,21,1,0,1,7,1,3,1,2,1,14,1,1,53,0,12,461,1998,0,0.0,68,64.0,1.0,,,,1,1,60,1,7.0,1.0,4,7,20,0,11,0,09/02/2018,2:19,53039018.0,39018.0,0.0,0.0,0.0,3.0,1,0,0.0,0.0,0.0,92,,,,,,99,,,,,,99022,53,67.0,190.0,6.0,1.0,0.0,0.0,0.0,1.0,,0,,,,,,0,09/15/2018,09/15/2018,1,1,9,0,0.0,9,8,,,0,0.0,0.0,8,9,2.0,177.0,605.0,695.0,1.0,1.0,1.0,2,1,0.14,,,,,,,,,,,,,,,,,,,,,,,,,,,,,,0,0,1,0,1,1,1,1,1,0,0,0,0,0,0,0,1,0,0,1,0,0,0,0,0,0,0,0,0,1,0,0,0,1,0,,1,0,0,0,0,1,1,1,1,0,0,0,0,0,0,1,,,,,,56-60,56-65,County road,R,Sunday,Not Used,PV,White,0,1,0,0,County Road,County Sheriff,Spokane County Sheriff's Office,1,0,1,0,0,thc,888.0,carboxy-thc,888.0,,0.0,0.0,0.0,,,,,,,,,,,,,,,,,,,,,,,,,,,,,,,,,,,,99170,Medical Lake,Rosalia
1379,1402,1402,2018,393,E855891,28.0,2018-10-28,23:41,28,10,0.0,37,Kittitas,620,1,0.0,2,1,2,1,1,1,1,23:42,23:58,,8,0,0,0.0,1,0,1,7,1,4,6,0,0,0,0,CR-W UNIVERSITY WAY,CURRIER ST N,-120.5849222,47.006786111,0,1,13,80,5,40,4,0,0,1,5,8,8,8,2,1,1,1,1,53,0,34,34,2010,0,0.0,8,,,,,,1,1,19,1,0.0,0.0,0,0,3,0,11,0,,,,,0.0,0.0,0.0,3.0,1,0,0.0,0.0,0.0,92,,,,,,99,,,,,,98930,53,71.0,155.0,6.0,2.0,0.0,0.0,0.0,0.0,,0,,,,,,0,,,20,0,0,0,8.0,9,8,,,0,0.0,0.0,8,9,2.0,1.0,,,1.0,,,2,1,0.0,,,,,,,,,,,,,,,,,,,,,,,,,,,,,,0,0,0,0,0,0,0,0,0,1,1,1,0,0,0,0,1,0,0,0,0,1,1,0,1,0,0,0,0,1,0,1,0,0,0,,0,0,0,0,0,0,0,0,1,0,0,0,0,0,0,0,,,,,,18-20,16-25,City street,R,Sunday,Belt Used,PV,Not Fatal,0,0,0,0,City Street,County Sheriff,Kittitas County Sheriff's Office,0,0,0,1,0,,,,,,0.0,0.0,0.0,,,,,,,,,,,,,,,,,,,,,,,,,,,,,,,,,,,,98926,Grandview,Ellensburg
1380,1403,1403,2018,394,E856029,7.0,2018-10-22,2:00,22,10,0.0,33,King,229,5,0.0,3,1,2,1,0,1,1,,,,42,0,0,30.1,1,0,1,3,2,1,3,0,0,0,0,SR-509,,-122.3324972,47.465202778,0,1,1,13,2,60,80,0,0,1,7,42,3,2,2,3,14,1,1,53,0,37,706,2004,0,0.0,63,42.0,,,,,1,1,22,1,7.0,1.0,4,7,19,0,11,0,10/22/2018,2:00,22953046353.0,46353.0,0.0,0.0,0.0,3.0,1,0,0.0,0.0,0.0,96,,,,,,99,,,,,,98148,53,71.0,195.0,6.0,1.0,0.0,0.0,0.0,1.0,,0,,,,,,3,02/15/2017,02/15/2017,20,8,0,0,0.0,9,8,,,0,0.0,0.0,8,9,2.0,1.0,,,1.0,,,2,1,0.0,,,,,,,,,,,,,,,,,,,,,,,,,,,,,,0,0,1,0,0,0,0,0,0,0,0,0,1,0,0,0,0,0,0,0,0,0,0,1,1,0,0,0,1,0,0,0,0,0,1,0.0,0,0,0,0,0,0,0,0,0,1,0,0,0,0,0,0,,,,,,21-25,16-25,State route,U,Monday,,MC,White,0,1,0,0,State Route,State Patrol,Washington State Patrol,1,1,0,0,0,,,,,,0.0,0.0,0.0,,,,,,,,,,,,,,,,,,,,,,,,,,,,,,,,,,,,98148,Seattle,Seattle
1381,1404,1404,2018,395,E856808,8.0,2018-10-28,23:54,28,10,0.0,31,Jefferson,0,1,0.0,3,2,2,1,0,2,2,23:48,23:56,0:43,31,0,0,293.7,1,0,1,3,1,1,2,0,0,0,0,US-101,,-122.8756333,47.8231,0,1,1,6,1,30,14,0,0,1,2,14,2,1,2,1,14,2,1,53,0,12,402,2005,0,0.0,68,68.0,63.0,31.0,14.0,,1,1,38,2,7.0,1.0,4,7,3,0,11,0,10/29/2018,1:18,53047575.0,47575.0,0.0,0.0,0.0,3.0,1,58,0.0,0.0,0.0,96,,,,,,9,,,,,,98382,53,63.0,135.0,6.0,1.0,0.0,0.0,0.0,1.0,,0,,,,,,4,09/15/2017,09/15/2017,20,2,9,0,0.0,1,1,,,0,0.0,0.0,1,1,2.0,605.0,695.0,,1.0,1.0,,2,1,0.17,,,,,,,,,,,,,,,,,,,,,,,,,,,,,,0,0,1,0,1,1,1,1,1,0,0,0,1,0,0,0,0,0,0,0,0,0,0,0,0,0,0,0,0,1,0,0,0,0,0,,1,0,0,0,0,1,1,1,0,1,0,0,0,0,0,1,,,,,,36-40,36-45,US highway,R,Sunday,Belt Used,PV,White,0,1,0,0,State Route,State Patrol,Washington State Patrol,1,1,0,0,0,thc,3.7,carboxy-thc,23.0,,0.0,0.0,0.0,,,,,,,,,,,,,,,,,,,,,,,,,,,,,,,,,,,,98376,Sequim,Quilcene
1382,1405,1405,2018,396,E856916,8.0,2018-10-12,21:30,12,10,0.0,31,Jefferson,0,1,0.0,2,1,2,1,0,3,1,,,,34,0,0,174.6,1,0,1,3,1,1,2,0,0,0,0,US-101,,-124.24955,47.787783333,0,1,1,13,2,55,4,0,0,1,2,34,3,1,2,1,14,3,1,53,0,20,25,2013,0,0.0,63,34.0,,,,,1,1,54,1,0.0,0.0,1,0,3,0,11,8,,,,,0.0,0.0,0.0,2.0,1,91,0.0,0.0,0.0,96,,,,,,9,,,,,,98331,53,64.0,230.0,1.0,1.0,1.0,1.0,0.0,0.0,,1,11.0,14.0,,,,0,03/15/2017,09/15/2018,1,0,0,0,8.0,9,8,,,0,0.0,0.0,8,1,2.0,1.0,,,1.0,,,2,1,0.12,,,,,,,,,,,,,,,,,,,,,,,,,,,,,,0,0,1,0,1,1,0,1,0,0,0,0,0,1,0,0,0,0,0,1,0,0,0,0,0,0,0,0,0,1,0,0,0,0,0,,0,0,0,0,0,1,0,1,0,0,0,1,0,1,0,1,,,,,,51-55,46-55,US highway,R,Friday,Belt Used,PV,Not Fatal,0,1,0,0,State Route,State Patrol,Washington State Patrol,1,1,0,0,0,,,,,,0.0,1.0,1.0,,,,,,,,,,,,,,,,,,,,,,,,,,,,,,,,,,,,98331,Forks,Forks
1383,1406,1406,2018,397,E857085,26.0,2018-11-03,11:17,3,11,0.0,35,Kitsap,0,2,0.0,1,2,2,1,0,1,1,,,,31,0,0,1.0,1,0,1,5,1,2,4,0,0,0,0,CR-HANSVILLE RD NE,,-122.5415028,47.823802778,0,1,1,13,2,45,34,0,0,1,7,42,1,2,2,1,1,1,1,53,0,20,481,1998,0,0.0,63,31.0,42.0,,,,1,1,71,1,7.0,3.0,4,7,3,0,11,0,11/03/2018,11:17,53048297.0,48297.0,0.0,0.0,3.0,3.0,1,0,0.0,0.0,0.0,96,,,,,,99,,,,,,98346,53,70.0,260.0,6.0,1.0,0.0,0.0,0.0,0.0,,0,,,,,,0,,,1,0,0,0,0.0,9,8,,,0,0.0,0.0,8,9,2.0,996.0,,,1.0,,,2,1,0.0,,,,,,,,,,,,,,,,,,,,,,,,,,,,,,0,0,1,0,0,0,1,1,0,0,0,0,0,0,0,0,0,0,0,0,0,0,0,0,0,1,1,0,0,1,0,0,0,0,0,,1,0,0,0,0,0,1,1,0,0,0,0,0,0,1,0,,,,,,71-75,66-75,County road,R,Saturday,Belt Used,PV,AIAN,0,1,0,0,County Road,County Sheriff,Kitsap County Sheriff's Office,1,0,1,0,0,,,,,,0.0,0.0,0.0,,,,,,,,,,,,,,,,,,,,,,,,,,,,,,,,,,,,98346,Kingston,Kingston
1384,1407,1407,2018,398,E857161,42.0,2018-11-04,12:34,4,11,0.0,67,Thurston,0,10,0.0,1,2,2,1,0,1,1,,,,1,0,0,5.6,1,0,1,5,1,2,4,0,0,0,0,CR-WADDELL CREEK RD SW,,-123.04815,46.955708333,0,1,98,6,1,35,80,0,0,1,7,1,3,2,2,1,14,1,1,53,0,37,706,2007,0,0.0,1,,,,,,1,1,82,1,7.0,1.0,4,7,19,0,11,0,11/04/2018,12:34,53048755.0,48755.0,0.0,0.0,0.0,3.0,1,0,0.0,0.0,0.0,96,,,,,,0,,,,,,98335,53,72.0,195.0,6.0,1.0,0.0,0.0,0.0,0.0,,0,,,,,,4,,,20,8,0,0,0.0,9,8,,,0,0.0,0.0,8,0,2.0,1.0,,,1.0,,,2,1,0.0,,,,,,,,,,,,,,,,,,,,,,,,,,,,,,0,0,0,0,0,0,0,0,0,0,0,0,1,0,0,0,0,0,0,0,0,0,0,0,0,1,1,1,1,0,0,0,0,0,1,0.0,0,0,0,0,0,0,0,0,0,1,0,0,0,0,0,0,,,,,,81+,76+,County road,R,Sunday,,MC,White,0,0,0,0,County Road,County Sheriff,Thurston County Sheriff's Office,0,0,1,0,0,,,,,,0.0,0.0,0.0,,,,,,,,,,,,,,,,,,,,,,,,,,,,,,,,,,,,98512,Gig Harbor,Olympia
1385,1409,1409,2018,400,E857393,41.0,2018-11-02,19:00,2,11,0.0,65,Stevens,0,10,0.0,2,98,5,1,0,1,1,,,,1,0,0,0.0,1,0,1,7,1,98,8,0,0,0,0,SMACKOUT CREEK RD,,-117.5681389,48.790366667,0,1,6,13,2,98,14,0,0,1,7,1,2,2,8,1,14,1,1,53,0,2,403,1998,0,0.0,63,69.0,64.0,1.0,42.0,,1,1,40,1,7.0,1.0,4,7,99,0,11,0,11/02/2018,19:00,53048281.0,48281.0,0.0,0.0,0.0,3.0,1,0,0.0,0.0,0.0,92,,,,,,99,,,,,,99114,53,75.0,265.0,6.0,1.0,0.0,0.0,0.0,0.0,,0,,,,,,0,,,20,1,9,0,0.0,9,2,,,0,0.0,0.0,0,9,2.0,1.0,,,1.0,,,2,1,0.0,,,,,,,,,,,,,,,,,,,,,,,,,,,,,,0,0,1,0,0,0,0,0,0,0,0,0,0,0,0,0,1,0,0,0,0,0,0,0,0,0,0,0,0,1,0,0,0,0,0,,1,0,0,0,0,0,0,0,1,0,0,0,0,0,0,0,,,,,,36-40,36-45,Other,R,Friday,Unknown,PV,White,0,1,0,0,Other,County Sheriff,Stevens County Sheriff's Office,1,0,0,0,1,,,,,,0.0,0.0,0.0,,,,,,,,,,,,,,,,,,,,,,,,,,,,,,,,,,,,99114,Colville,Colville
1386,1410,1410,2018,402,E857487,297.0,2018-11-03,22:13,3,11,0.0,33,King,2310,2,0.0,3,2,2,1,0,5,2,,,,12,0,6,4.8,1,0,1,3,2,1,3,0,0,0,0,SR-181,,-122.2440417,47.446625,0,1,64,6,1,40,4,0,0,1,7,12,2,1,5,5,14,4,2,53,0,55,33,2005,0,0.0,68,12.0,,,,,1,1,16,2,0.0,0.0,1,0,2,0,11,8,,,,,0.0,0.0,3.0,3.0,1,28,0.0,0.0,0.0,96,,,,,,0,,,,,,98055,53,64.0,105.0,6.0,2.0,0.0,0.0,0.0,0.0,,97,,,,,,3,,,8,0,0,0,8.0,9,8,,,0,0.0,0.0,8,0,8.0,95.0,,,96.0,,,8,95,995.0,,,,,,,,,,,,,,,,,,,,,,,,,,,,,,0,0,0,0,0,0,0,0,0,0,0,0,1,0,0,0,0,0,0,0,1,0,1,0,1,0,0,0,0,1,0,0,0,0,0,,0,0,0,0,0,0,0,0,0,1,0,0,0,0,0,0,,,,,,16-17,16-25,State route,U,Saturday,Belt Used,PV,Not Fatal,0,1,1,0,State Route,Municipal/City Police,Tukwila Police Department,0,1,0,0,0,,,,,,0.0,0.0,0.0,,,,,,,,,,,,,,,,,,,,,,,,,,,,,,,,,,,,98188,Renton,Seattle
1387,1411,1411,2018,402,E857487,297.0,2018-11-03,22:13,3,11,0.0,33,King,2310,2,0.0,3,2,2,1,0,5,2,,,,12,0,6,4.8,1,0,1,3,2,1,3,0,0,0,0,SR-181,,-122.2440417,47.446625,0,2,65,62,4,40,4,0,0,1,7,12,3,1,5,5,14,1,2,53,0,37,31,1993,0,0.0,12,,,,,,1,1,27,1,1.0,3.0,4,7,3,0,11,0,11/03/2018,22:13,231053048739.0,48739.0,0.0,0.0,0.0,3.0,1,0,0.0,0.0,0.0,96,,,,,,0,,,,,,98055,53,72.0,190.0,6.0,1.0,0.0,0.0,1.0,0.0,,0,,,,,,0,06/15/2018,06/15/2018,20,0,0,0,0.0,9,8,,,0,0.0,0.0,8,0,2.0,1.0,,,1.0,,,2,1,0.0,,,,,,,,,,,,,,,,,,,,,,,,,,,,,,0,0,0,0,0,0,0,0,0,0,0,0,1,0,0,0,0,0,0,0,1,0,1,0,1,0,0,0,0,1,0,0,0,0,0,,1,0,0,0,0,0,0,0,0,0,0,0,0,0,0,0,,,,,,26-30,26-35,State route,U,Saturday,Belt Used,PV,Hispanic,0,1,1,0,State Route,Municipal/City Police,Tukwila Police Department,0,1,0,0,0,,,,,,0.0,0.0,0.0,,,,,,,,,,,,,,,,,,,,,,,,,,,,,,,,,,,,98188,Renton,Seattle
1388,1412,1412,2018,403,E857585,2.0,2018-11-03,22:06,3,11,0.0,57,Skagit,0,2,0.0,2,2,2,1,0,2,2,22:00,22:11,22:35,12,0,2,3.1,1,0,1,5,1,2,4,0,0,0,0,CR-FRANCIS RD,,-122.2873083,48.467952778,0,1,50,10,2,50,14,0,0,1,7,12,1,1,2,1,1,1,1,53,0,63,402,2008,0,0.0,68,12.0,,,,,1,1,31,1,0.0,0.0,1,0,3,0,11,5,,,,,0.0,0.0,0.0,3.0,1,28,0.0,0.0,0.0,96,,,,,,9,,,,,,98232,53,67.0,165.0,6.0,1.0,0.0,2.0,0.0,3.0,,97,,,,,,0,03/15/2014,04/15/2017,8,0,0,0,8.0,9,8,,,0,0.0,0.0,8,1,8.0,95.0,,,96.0,,,8,95,995.0,,,,,,,,,,,,,,,,,,,,,,,,,,,,,,0,0,0,0,1,0,1,1,1,0,0,0,0,0,0,0,0,0,0,0,0,0,0,0,0,0,0,0,0,1,0,0,0,0,0,,0,0,0,0,0,0,0,0,0,0,0,0,0,0,0,1,,,,,,31-35,26-35,County road,R,Saturday,Belt Used,PV,Not Fatal,0,1,1,0,County Road,State Patrol,Washington State Patrol,0,0,1,0,0,,,,,,0.0,0.0,4.0,,,,,,,,,,,,,,,,,,,,,,,,,,,,,,,,,,,,98273,Bow,Mount Vernon