,index,Unnamed: 0,year,case,par,repjur,crash_dt,crash_tm,accday,accmon,holiday,county,co_char,city,weather,weather2,lightcond,surfcond,surftype,numfatal,nmforms,pforms,vforms,not_tm,arr_tm,hosp_tm,fhevent,hitrun,manncol,milepnt,reljunc,reljuncinter,intersectiontype,funcsystem,landuse,ownership,route,schlbus,spejur,contdev,devfunc,trafid1,trafid2,lon,lat,wk_zone,vnumber,crashtype,criticalevent,criticaleventcat,spdlim,body,trailer,emerg,hazcargo,leave,mhevent,roadalgn,roadprof,traflane,trafflow,vehmanvr,numoccs,regowner,regstate,spuse,make,model,modelyr,vrf1,vrf2,seqevent1,seqevent2,seqevent3,seqevent4,seqevent5,seqevent6,pnumber,ptype,age,sex,hispanic,race,injury,diedscene,restraint,restraintmisuse,seatpos,takehosp,death_dt,death_tm,cert,cernum_wa,commlic,licendor,licrestrict,liccomp,drivpres,drf1,drf2,drf3,drf4,distract1,distract2,distract3,distract4,distract5,distract6,dricond1,dricond2,dricond3,dricond4,dricond5,dricond6,dzip,licstate,drhgt_in,weight,noncdl,noncdltype,prevdwi,prevoth,prevacc,prevspd,prevsus,driviol1,driviol2,driviol3,driviol4,driviol5,driviol6,spdrel,first_dt,last_dt,airbag,ejection,ejectpath,extricat,injurwrk,methalc,methdrug,nmlocat,strikveh,prf1,prf2,prf3,druginv,alcinvol,drugsts,drugres1,drugres2,drugres3,drugtst1,drugtst2,drugtst3,alcsts,alctst,alcres,nmact1,nmact2,nmact3,nmact4,nmact5,nmact6,nmprior1,nmprior2,nmprior3,nmprior4,nmprior5,nmprior6,nmcond1,nmcond2,nmcond3,nmcond4,nmcond5,nmcond6,nmsafe_helmet,nmsafe_pads,nmsafe_oth,nmprev_ref,nmprev_lgt,nmprev_oth,crashlocation,nmcrashtype,crosswalk,schoolzone,sidewalk,train_inv,wildlife_inv,rotr_fars,intersect_fars,dd_inv,aid_inv,dpd_inv,id_inv,mj_inv,impnm_inv,ainm_inv,dpnm_inv,speed_inv,unlic_inv,unendmc_inv,drowsy_inv,drdist_inv,nmdist_inv,fty_inv,unrestfat_inv,dr1617_inv,dr1820_inv,dr1620_inv,dr2125_inv,dr1625_inv,dr65_inv,dr70_inv,dr75_inv,mc_inv,pv_inv,ht_inv,ped_inv,bike_inv,unrest_fat,mc_fat,unhelmet_mc,pv_fat,ht_fat,ped_fat,bike_fat,dr_alc7,dr_alc8,dr_drug,dr_imp,dr_dist,dr_spd,dr_fty,dr_unlic,dr_alc7only,dr_alc8only,dr_drugonly,dr_drink,nm_imp,nm_alc7,nm_alc8,nm_drug,nm_dist,agegrp1,agegrp2,roadclass,urbrur,dayweek,restuse,vehtype,race_me,intersect,lanedep,oppdir,wrongway,rep_typ,investag,repag_long,rotr,st_rd,cty_rd,city_rd,oth_rd,drug_thc,thc_res,drug_cthc,cthc_res,drug_cann,prevpersemin,prevperse,prevsusoth,drugtst4,drugtst5,drugtst6,drugtst7,drugtst8,drugres4,drugres5,drugres6,drugres7,drugres8,adspresent,adsengaged,adslevel,race1,race2,race3,race4,race5,helmet,helmetmisuse,nmdistract1,nmdistract2,nmdistract3,nmdistract4,nmdistract5,nmdistract6,lab,isedtcase,crf1,crf2,crf3,CoRoadName,CoMP,IntCoRoadName,IntCoMP,crashzip,dcity,crashcity
1389,1413,1413,2018,403,E857585,2.0,2018-11-03,22:06,3,11,0.0,57,Skagit,0,2,0.0,2,2,2,1,0,2,2,22:00,22:11,22:35,12,0,2,3.1,1,0,1,5,1,2,4,0,0,0,0,CR-FRANCIS RD,,-122.2873083,48.467952778,0,2,51,62,4,50,4,0,0,1,7,12,1,1,2,1,1,1,1,53,0,37,31,1999,0,0.0,12,,,,,,1,1,38,2,7.0,1.0,4,7,3,0,11,0,11/03/2018,22:06,53050351.0,50351.0,0.0,0.0,0.0,3.0,1,0,0.0,0.0,0.0,96,,,,,,99,,,,,,98273,53,68.0,235.0,6.0,1.0,0.0,2.0,0.0,0.0,,0,,,,,,0,08/15/2016,06/15/2017,8,0,0,0,0.0,9,8,,,0,0.0,0.0,8,9,2.0,605.0,695.0,996.0,1.0,1.0,1.0,2,1,0.0,,,,,,,,,,,,,,,,,,,,,,,,,,,,,,0,0,0,0,1,0,1,1,1,0,0,0,0,0,0,0,0,0,0,0,0,0,0,0,0,0,0,0,0,1,0,0,0,0,0,,1,0,0,0,0,0,1,1,0,0,0,0,0,0,1,0,,,,,,36-40,36-45,County road,R,Saturday,Belt Used,PV,White,0,1,1,0,County Road,State Patrol,Washington State Patrol,0,0,1,0,0,thc,8.7,carboxy-thc,50.0,,0.0,0.0,0.0,1.0,,,,,996.0,,,,,,,,,,,,,,,,,,,,,,,,,,,,,,98273,Mount Vernon,Mount Vernon
1390,1414,1414,2018,404,E857842,11.0,2018-11-04,18:15,4,11,0.0,5,Benton,0,1,0.0,2,1,2,1,0,1,1,,,,11,0,0,0.0,1,0,1,96,6,96,8,0,0,0,0,GLADE NORTH RD,,-119.3849861,46.474061111,0,1,13,87,6,60,80,0,0,1,7,11,1,2,8,8,1,1,1,53,0,72,706,2009,0,0.0,11,,,,,,1,1,28,1,7.0,1.0,4,0,16,0,11,4,11/07/2018,0:06,185053048759.0,48759.0,0.0,0.0,0.0,3.0,1,0,0.0,0.0,0.0,96,,,,,,0,,,,,,99336,53,74.0,240.0,6.0,1.0,0.0,1.0,0.0,0.0,,0,,,,,,0,11/15/2016,11/15/2016,20,8,0,0,0.0,9,8,,,0,0.0,0.0,8,0,2.0,1.0,,,1.0,,,2,1,0.0,,,,,,,,,,,,,,,,,,,,,,,,,,,,,,0,1,0,0,0,0,0,0,0,0,0,0,0,0,0,0,0,0,0,0,0,0,0,0,0,0,0,0,1,0,0,0,0,0,1,1.0,0,0,0,0,0,0,0,0,0,0,0,0,0,0,0,0,,,,,,26-30,26-35,Other,,Sunday,,MC,White,0,0,0,0,Other,County Sheriff,Benton County Sheriff's Office,0,0,0,0,1,,,,,,0.0,0.0,0.0,,,,,,,,,,,,,,,,,,,,,,,,,,,,,,,,,,,,99352,Kennewick,Richland
1391,1415,1415,2018,405,E850607,8.0,2018-10-01,16:55,1,10,0.0,31,Jefferson,0,10,0.0,1,2,2,1,0,2,2,,,,12,0,6,2.2,1,0,1,3,1,1,3,0,0,0,0,SR-20,,-122.8453472,47.996825,0,1,62,6,1,50,2,0,0,1,2,12,3,2,2,1,14,1,1,53,0,37,31,2004,0,0.0,68,12.0,,,,,1,1,25,2,7.0,1.0,4,7,3,0,11,0,10/01/2018,16:55,53042774.0,42774.0,0.0,0.0,3.0,3.0,1,28,0.0,0.0,0.0,96,,,,,,0,,,,,,98376,53,62.0,100.0,6.0,1.0,0.0,0.0,1.0,3.0,,0,,,,,,4,07/15/2014,03/15/2017,99,0,0,0,0.0,9,8,,,0,0.0,0.0,8,0,2.0,1.0,,,1.0,,,2,1,0.0,,,,,,,,,,,,,,,,,,,,,,,,,,,,,,0,0,0,0,0,0,0,0,0,0,0,0,1,0,0,0,0,0,0,0,0,0,0,1,1,0,0,0,0,1,0,0,0,0,0,,1,0,0,0,0,0,0,0,0,1,0,0,0,0,0,0,,,,,,21-25,16-25,State route,R,Monday,Belt Used,PV,White,0,1,1,0,State Route,State Patrol,Washington State Patrol,0,1,0,0,0,,,,,,0.0,0.0,0.0,,,,,,,,,,,,,,,,,,,,,,,,,,,,,,,,,,,,98368,Quilcene,Port Townsend
1392,1416,1416,2018,405,E850607,8.0,2018-10-01,16:55,1,10,0.0,31,Jefferson,0,10,0.0,1,2,2,1,0,2,2,,,,12,0,6,2.2,1,0,1,3,1,1,3,0,0,0,0,SR-20,,-122.8453472,47.996825,0,2,62,62,4,50,34,0,0,1,7,12,1,2,2,1,1,1,3,53,0,12,481,1992,0,0.0,12,63.0,24.0,,,,1,1,35,1,0.0,0.0,1,0,3,0,11,4,,,,,0.0,0.0,0.0,3.0,1,0,0.0,0.0,0.0,96,,,,,,0,,,,,,98362,53,69.0,158.0,6.0,1.0,0.0,0.0,0.0,0.0,,0,,,,,,0,,,20,0,0,0,8.0,9,8,,,0,0.0,0.0,8,0,8.0,95.0,,,96.0,,,8,95,995.0,,,,,,,,,,,,,,,,,,,,,,,,,,,,,,0,0,0,0,0,0,0,0,0,0,0,0,1,0,0,0,0,0,0,0,0,0,0,1,1,0,0,0,0,1,0,0,0,0,0,,0,0,0,0,0,0,0,0,0,0,0,0,0,0,0,0,,,,,,31-35,26-35,State route,R,Monday,Belt Used,PV,Not Fatal,0,1,1,0,State Route,State Patrol,Washington State Patrol,0,1,0,0,0,,,,,,0.0,0.0,0.0,,,,,,,,,,,,,,,,,,,,,,,,,,,,,,,,,,,,98368,Port Angeles,Port Townsend
1393,1417,1417,2018,406,E858776,180.0,2018-11-08,18:44,8,11,0.0,15,Cowlitz,1190,1,0.0,3,1,2,1,1,2,1,,,,8,0,0,0.0,1,0,1,7,2,4,6,0,0,0,0,NE NICHOLS BLVD,MAPLE ST,-122.9527472,46.143755556,0,1,13,80,5,35,4,0,0,1,5,8,1,1,2,1,1,2,2,53,0,63,38,2011,0,0.0,8,,,,,,1,1,28,2,0.0,0.0,0,0,99,0,11,0,,,,,0.0,0.0,0.0,3.0,1,10,0.0,0.0,0.0,12,,,,,,0,,,,,,98626,53,62.0,115.0,6.0,1.0,0.0,0.0,0.0,1.0,,0,,,,,,0,04/15/2014,04/15/2014,20,0,0,0,8.0,9,8,,,0,0.0,0.0,8,0,2.0,177.0,401.0,417.0,1.0,1.0,1.0,2,1,0.0,,,,,,,,,,,,,,,,,,,,,,,,,,,,,,0,0,0,0,0,0,1,1,0,1,0,1,0,0,0,0,1,0,0,0,0,0,0,0,0,0,0,0,0,1,0,1,0,0,0,,0,0,0,0,0,0,1,1,1,0,0,0,0,0,1,0,,,,,,26-30,26-35,City street,U,Thursday,Unknown,PV,Not Fatal,0,0,0,0,City Street,Municipal/City Police,Longview Police Department,0,0,0,1,0,,,,,,0.0,0.0,0.0,,,,,,,,,,,,,,,,,,,,,,,,,,,,,,,,,,,,98632,Kelso,Longview
1394,1418,1418,2018,407,E859114,3.0,2018-11-02,13:19,2,11,0.0,53,Pierce,1124,1,0.0,1,1,1,1,0,3,2,,,,12,0,6,128.1,1,0,1,1,2,1,1,0,0,0,0,I-5,,-122.4726333,47.170313889,0,1,46,8,1,60,34,0,0,1,7,12,1,1,4,3,15,1,1,53,0,12,481,2014,0,0.0,12,64.0,63.0,25.0,,,1,1,71,1,7.0,1.0,4,0,3,0,11,4,11/02/2018,13:57,76353048811.0,48811.0,0.0,0.0,0.0,3.0,1,0,0.0,0.0,0.0,92,,,,,,1,,,,,,98271,53,71.0,260.0,6.0,1.0,0.0,1.0,1.0,0.0,,0,,,,,,0,09/15/2014,09/15/2014,20,0,0,0,0.0,9,8,,,0,0.0,0.0,8,9,2.0,155.0,157.0,,1.0,1.0,,2,1,0.0,,,,,,,,,,,,,,,,,,,,,,,,,,,,,,0,0,0,0,0,0,1,1,0,0,0,0,0,0,0,0,1,0,0,0,0,0,0,0,0,1,1,1,0,1,0,0,0,0,0,,1,0,0,0,0,0,1,1,1,0,0,0,0,0,1,0,,,,,,71-75,66-75,Interstate,U,Friday,Belt Used,PV,White,0,0,0,0,State Route,State Patrol,Washington State Patrol,0,1,0,0,0,,,,,,0.0,0.0,0.0,,,,,,,,,,,,,,,,,,,,,,,,,,,,,,,,,,,,98499,Marysville,Lakewood
1395,1419,1419,2018,407,E859114,3.0,2018-11-02,13:19,2,11,0.0,53,Pierce,1124,1,0.0,1,1,1,1,0,3,2,,,,12,0,6,128.1,1,0,1,1,2,1,1,0,0,0,0,I-5,,-122.4726333,47.170313889,0,2,45,61,4,60,15,0,0,1,7,12,1,1,4,3,1,2,1,53,0,23,421,2005,0,0.0,12,64.0,25.0,25.0,69.0,,1,1,79,1,0.0,0.0,0,0,3,0,11,0,,,,,0.0,0.0,3.0,3.0,1,0,0.0,0.0,0.0,0,,,,,,0,,,,,,98445,53,67.0,220.0,6.0,1.0,0.0,0.0,0.0,0.0,,0,,,,,,0,,,20,0,0,0,8.0,9,8,,,0,0.0,0.0,8,0,8.0,95.0,,,96.0,,,8,95,995.0,,,,,,,,,,,,,,,,,,,,,,,,,,,,,,0,0,0,0,0,0,1,1,0,0,0,0,0,0,0,0,1,0,0,0,0,0,0,0,0,1,1,1,0,1,0,0,0,0,0,,0,0,0,0,0,0,0,0,0,0,0,0,0,0,0,0,,,,,,76-80,76+,Interstate,U,Friday,Belt Used,PV,Not Fatal,0,0,0,0,State Route,State Patrol,Washington State Patrol,0,1,0,0,0,,,,,,0.0,0.0,0.0,,,,,,,,,,,,,,,,,,,,,,,,,,,,,,,,,,,,98499,Tacoma,Lakewood
1396,1420,1420,2018,408,E859394,4.0,2018-11-07,17:24,7,11,0.0,65,Stevens,0,1,0.0,3,1,2,1,0,6,5,,,,12,0,1,217.8,3,0,3,3,1,1,2,0,0,0,0,US-395,BLUE CREEK,-117.8191417,48.320144444,0,1,20,50,3,60,14,0,0,1,2,12,1,2,3,1,1,2,9,95,0,48,402,2009,0,0.0,12,,,,,,1,1,87,1,0.0,0.0,1,0,3,0,11,8,,,,,99.0,9.0,9.0,9.0,1,0,0.0,0.0,0.0,93,,,,,,0,,,,,,0,95,,999.0,9.0,9.0,99.0,99.0,99.0,99.0,,97,,,,,,0,,,1,0,0,0,8.0,9,2,,,0,0.0,0.0,0,0,0.0,0.0,,,0.0,,,8,95,995.0,,,,,,,,,,,,,,,,,,,,,,,,,,,,,,0,0,0,1,0,0,0,0,0,0,0,0,0,0,0,0,1,0,0,0,1,0,1,1,1,1,1,1,0,1,0,0,0,0,0,,0,0,0,0,0,0,0,0,1,0,0,0,0,0,0,0,,,,,,81+,76+,US highway,R,Wednesday,Belt Used,PV,Not Fatal,1,0,0,0,State Route,State Patrol,Washington State Patrol,0,1,0,0,0,,,,,,99.0,99.0,99.0,,,,,,,,,,,,,,,,,,,,,,,,,,,,,,,,,,,,99109,Canada,Chewelah
1397,1421,1421,2018,408,E859394,4.0,2018-11-07,17:24,7,11,0.0,65,Stevens,0,1,0.0,3,1,2,1,0,6,5,,,,12,0,1,217.8,3,0,3,3,1,1,2,0,0,0,0,US-395,BLUE CREEK,-117.8191417,48.320144444,0,2,21,60,4,60,4,0,0,1,2,12,1,2,3,1,5,1,1,53,0,49,32,2016,0,0.0,12,12.0,68.0,12.0,12.0,,1,1,22,2,0.0,0.0,1,0,3,0,11,8,,,,,0.0,0.0,0.0,3.0,1,0,0.0,0.0,0.0,96,,,,,,0,,,,,,99101,53,62.0,148.0,6.0,1.0,0.0,0.0,0.0,0.0,,0,,,,,,0,,,2,0,0,0,8.0,9,8,,,0,0.0,0.0,8,0,8.0,95.0,,,96.0,,,8,95,995.0,,,,,,,,,,,,,,,,,,,,,,,,,,,,,,0,0,0,1,0,0,0,0,0,0,0,0,0,0,0,0,1,0,0,0,1,0,1,1,1,1,1,1,0,1,0,0,0,0,0,,0,0,0,0,0,0,0,0,0,0,0,0,0,0,0,0,,,,,,21-25,16-25,US highway,R,Wednesday,Belt Used,PV,Not Fatal,1,0,0,0,State Route,State Patrol,Washington State Patrol,0,1,0,0,0,,,,,,0.0,0.0,0.0,,,,,,,,,,,,,,,,,,,,,,,,,,,,,,,,,,,,99109,Addy,Chewelah
1398,1422,1422,2018,408,E859394,4.0,2018-11-07,17:24,7,11,0.0,65,Stevens,0,1,0.0,3,1,2,1,0,6,5,,,,12,0,1,217.8,3,0,3,3,1,1,2,0,0,0,0,US-395,BLUE CREEK,-117.8191417,48.320144444,0,3,98,60,4,60,6,0,0,1,5,12,1,2,3,1,5,1,2,53,0,48,34,1997,0,0.0,12,,,,,,1,1,17,1,0.0,0.0,0,0,3,0,11,0,,,,,0.0,0.0,3.0,3.0,1,0,0.0,0.0,0.0,0,,,,,,0,,,,,,99109,53,70.0,235.0,6.0,2.0,0.0,0.0,0.0,0.0,,0,,,,,,0,,,20,0,0,0,8.0,9,8,,,0,0.0,0.0,8,0,0.0,0.0,,,0.0,,,8,95,995.0,,,,,,,,,,,,,,,,,,,,,,,,,,,,,,0,0,0,1,0,0,0,0,0,0,0,0,0,0,0,0,1,0,0,0,1,0,1,1,1,1,1,1,0,1,0,0,0,0,0,,0,0,0,0,0,0,0,0,0,0,0,0,0,0,0,0,,,,,,16-17,16-25,US highway,R,Wednesday,Belt Used,PV,Not Fatal,1,0,0,0,State Route,State Patrol,Washington State Patrol,0,1,0,0,0,,,,,,0.0,0.0,0.0,,,,,,,,,,,,,,,,,,,,,,,,,,,,,,,,,,,,99109,Chewelah,Chewelah
1399,1423,1423,2018,408,E859394,4.0,2018-11-07,17:24,7,11,0.0,65,Stevens,0,1,0.0,3,1,2,1,0,6,5,,,,12,0,1,217.8,3,0,3,3,1,1,2,0,0,0,0,US-395,BLUE CREEK,-117.8191417,48.320144444,0,4,98,62,4,60,2,0,0,1,5,12,1,2,2,1,1,1,2,53,0,49,38,1992,0,0.0,12,,,,,,1,1,60,1,0.0,0.0,0,0,3,0,11,0,,,,,0.0,0.0,0.0,3.0,1,0,0.0,0.0,0.0,96,,,,,,0,,,,,,99217,53,67.0,176.0,6.0,1.0,0.0,0.0,0.0,1.0,,0,,,,,,0,01/15/2018,01/15/2018,20,0,0,0,8.0,9,8,,,0,0.0,0.0,8,0,8.0,95.0,,,96.0,,,8,95,995.0,,,,,,,,,,,,,,,,,,,,,,,,,,,,,,0,0,0,1,0,0,0,0,0,0,0,0,0,0,0,0,1,0,0,0,1,0,1,1,1,1,1,1,0,1,0,0,0,0,0,,0,0,0,0,0,0,0,0,0,0,0,0,0,0,0,0,,,,,,56-60,56-65,US highway,R,Wednesday,Belt Used,PV,Not Fatal,1,0,0,0,State Route,State Patrol,Washington State Patrol,0,1,0,0,0,,,,,,0.0,0.0,0.0,,,,,,,,,,,,,,,,,,,,,,,,,,,,,,,,,,,,99109,Spokane,Chewelah
1400,1424,1424,2018,408,E859394,4.0,2018-11-07,17:24,7,11,0.0,65,Stevens,0,1,0.0,3,1,2,1,0,6,5,,,,12,0,1,217.8,3,0,3,3,1,1,2,0,0,20,3,US-395,BLUE CREEK,-117.8191417,48.320144444,0,5,98,98,7,25,34,0,0,1,5,12,1,2,2,1,5,1,1,53,0,7,482,2007,0,0.0,12,,,,,,1,1,22,1,0.0,0.0,0,0,3,0,11,0,,,,,6.0,0.0,0.0,3.0,1,0,0.0,0.0,0.0,0,,,,,,0,,,,,,99114,53,62.0,170.0,6.0,1.0,0.0,5.0,0.0,7.0,,0,,,,,,0,05/15/2014,07/15/2018,20,0,0,0,8.0,9,8,,,0,0.0,0.0,8,0,8.0,95.0,,,96.0,,,8,95,995.0,,,,,,,,,,,,,,,,,,,,,,,,,,,,,,0,0,0,1,0,0,0,0,0,0,0,0,0,0,0,0,1,0,0,0,1,0,1,1,1,1,1,1,0,1,0,0,0,0,0,,0,0,0,0,0,0,0,0,0,0,0,0,0,0,0,0,,,,,,21-25,16-25,US highway,R,Wednesday,Belt Used,PV,Not Fatal,1,0,0,0,State Route,State Patrol,Washington State Patrol,0,1,0,0,0,,,,,,0.0,0.0,0.0,,,,,,,,,,,,,,,,,,,,,,,,,,,,,,,,,,,,99109,Colville,Chewelah
1401,1425,1425,2018,409,E859476,3.0,2018-11-06,23:05,6,11,0.0,67,Thurston,2320,1,0.0,3,1,2,1,0,4,4,,,,1,0,0,0.2,5,1,1,1,2,1,1,0,0,0,0,I-5 RAMP Q109977,,-122.936325,46.955094444,0,1,6,6,1,98,80,0,0,1,2,1,2,8,1,6,14,1,1,53,0,72,706,2012,0,0.0,64,1.0,25.0,12.0,12.0,12.0,1,1,36,1,7.0,1.0,4,7,16,0,11,0,11/06/2018,23:05,232053049211.0,49211.0,0.0,0.0,0.0,3.0,1,0,0.0,0.0,0.0,96,,,,,,99,,,,,,98576,53,72.0,270.0,6.0,1.0,0.0,2.0,2.0,2.0,,0,,,,,,4,10/15/2016,04/15/2018,20,8,0,0,0.0,9,8,,,0,0.0,0.0,8,9,8.0,95.0,,,96.0,,,8,95,995.0,,,,,,,,,,,,,,,,,,,,,,,,,,,,,,0,0,1,0,0,0,0,0,0,0,0,0,1,0,0,0,0,0,0,0,0,0,0,1,1,0,0,0,1,0,1,0,0,0,1,1.0,0,0,0,0,0,0,0,0,0,1,0,0,0,0,0,0,,,,,,36-40,36-45,Interstate,U,Tuesday,,MC,White,1,0,0,0,State Route,State Patrol,Washington State Patrol,0,1,0,0,0,,,,,,0.0,0.0,0.0,,,,,,,,,,,,,,,,,,,,,,,,,,,,,,,,,,,,98512,Rainier,Olympia
1402,1428,1428,2018,409,E859476,3.0,2018-11-06,23:05,6,11,0.0,67,Thurston,2320,1,0.0,3,1,2,1,0,4,4,,,,1,0,0,0.2,5,1,1,1,2,1,1,0,0,0,0,I-5 RAMP Q109977,,-122.936325,46.955094444,0,4,98,98,7,70,66,1,0,1,5,12,1,1,3,1,1,1,3,18,0,84,884,2018,0,0.0,12,,,,,,1,1,24,1,0.0,0.0,0,0,3,0,11,0,,,,,6.0,1.0,0.0,3.0,1,0,0.0,0.0,0.0,96,,,,,,0,,,,,,98387,53,74.0,220.0,6.0,1.0,0.0,1.0,1.0,0.0,,0,,,,,,0,07/15/2017,09/15/2018,20,0,0,0,8.0,9,8,,,0,0.0,0.0,8,0,8.0,95.0,,,96.0,,,8,95,995.0,,,,,,,,,,,,,,,,,,,,,,,,,,,,,,0,0,1,0,0,0,0,0,0,0,0,0,1,0,0,0,0,0,0,0,0,0,0,1,1,0,0,0,1,0,1,0,0,0,0,,0,0,0,0,0,0,0,0,0,0,0,0,0,0,0,0,,,,,,21-25,16-25,Interstate,U,Tuesday,,MHTRUCK,Not Fatal,1,0,0,0,State Route,State Patrol,Washington State Patrol,0,1,0,0,0,,,,,,0.0,0.0,0.0,,,,,,,,,,,,,,,,,,,,,,,,,,,,,,,,,,,,98512,Spanaway,Olympia
1403,1429,1429,2018,410,E859813,42.0,2018-11-03,19:45,3,11,0.0,67,Thurston,0,2,0.0,2,2,2,1,0,3,2,,,,12,0,2,4.8,1,0,1,7,1,2,4,0,0,0,0,CR-188TH AVE SW,,-123.1019278,46.814541667,0,1,50,10,2,35,80,0,0,1,7,12,1,1,2,1,6,2,1,53,0,72,706,2009,0,0.0,68,12.0,,,,,1,1,63,1,7.0,1.0,4,7,19,0,11,0,11/03/2018,19:45,53048343.0,48343.0,0.0,0.0,0.0,2.0,1,28,0.0,0.0,0.0,96,,,,,,99,,,,,,98531,53,72.0,218.0,6.0,1.0,0.0,0.0,0.0,0.0,,0,,,,,,0,,,20,8,0,0,0.0,9,8,,,0,0.0,0.0,8,9,2.0,695.0,417.0,,1.0,1.0,,2,1,0.0,,,,,,,,,,,,,,,,,,,,,,,,,,,,,,0,0,0,0,0,0,1,1,1,0,0,0,0,0,1,0,0,0,0,0,0,0,0,0,0,1,1,1,1,1,0,0,0,0,1,0.0,0,0,0,0,0,0,1,1,0,0,0,0,0,0,1,0,,,,,,61-65,56-65,County road,R,Saturday,,MC,White,0,1,1,0,County Road,County Sheriff,Thurston County Sheriff's Office,0,0,1,0,0,,,carboxy-thc,12.0,,0.0,0.0,0.0,,,,,,,,,,,,,,,,,,,,,,,,,,,,,,,,,,,,98579,Centralia,Rochester
1404,1430,1430,2018,410,E859813,42.0,2018-11-03,19:45,3,11,0.0,67,Thurston,0,2,0.0,2,2,2,1,0,3,2,,,,12,0,2,4.8,1,0,1,7,1,2,4,0,0,0,0,CR-188TH AVE SW,,-123.1019278,46.814541667,0,2,51,62,4,35,2,0,0,1,7,12,1,1,2,1,1,1,1,53,0,21,1,1975,0,0.0,12,,,,,,1,1,82,1,0.0,0.0,2,0,3,0,11,8,,,,,0.0,0.0,0.0,3.0,1,0,0.0,0.0,0.0,96,,,,,,0,,,,,,98531,53,70.0,205.0,6.0,1.0,0.0,0.0,0.0,0.0,,0,,,,,,0,,,20,0,0,0,8.0,9,8,,,0,0.0,0.0,8,0,8.0,95.0,,,96.0,,,8,95,995.0,,,,,,,,,,,,,,,,,,,,,,,,,,,,,,0,0,0,0,0,0,1,1,1,0,0,0,0,0,1,0,0,0,0,0,0,0,0,0,0,1,1,1,1,1,0,0,0,0,0,,0,0,0,0,0,0,0,0,0,0,0,0,0,0,0,0,,,,,,81+,76+,County road,R,Saturday,Belt Used,PV,Not Fatal,0,1,1,0,County Road,County Sheriff,Thurston County Sheriff's Office,0,0,1,0,0,,,,,,0.0,0.0,0.0,,,,,,,,,,,,,,,,,,,,,,,,,,,,,,,,,,,,98579,Centralia,Rochester
1405,1431,1431,2018,411,E852018,7.0,2018-10-08,20:33,8,10,7.0,33,King,0,2,0.0,3,2,1,1,0,1,1,,,,42,0,0,31.3,1,0,1,1,1,1,1,0,0,0,0,I-90,,-121.7525917,47.473572222,0,1,6,12,2,70,34,0,0,1,2,42,1,2,3,2,1,1,1,53,0,49,482,2016,0,0.0,64,65.0,64.0,42.0,,,1,1,39,1,7.0,1.0,4,7,3,0,11,0,10/08/2018,20:33,53044441.0,44441.0,0.0,0.0,0.0,3.0,1,0,0.0,0.0,0.0,96,,,,,,99,,,,,,98040,53,79.0,265.0,6.0,1.0,0.0,0.0,1.0,0.0,,0,,,,,,0,05/15/2017,05/15/2017,8,0,0,0,0.0,9,8,,,0,0.0,0.0,8,9,2.0,1.0,,,1.0,,,2,1,0.0,,,,,,,,,,,,,,,,,,,,,,,,,,,,,,0,0,1,0,0,0,0,0,0,0,0,0,0,0,0,0,0,0,0,0,0,0,0,0,0,0,0,0,0,1,0,0,0,0,0,,1,0,0,0,0,0,0,0,0,0,0,0,0,0,0,0,,,,,,36-40,36-45,Interstate,R,Monday,Belt Used,PV,White,0,1,0,0,State Route,State Patrol,Washington State Patrol,1,1,0,0,0,,,,,,0.0,0.0,0.0,,,,,,,,,,,,,,,,,,,,,,,,,,,,,,,,,,,,98045,Mercer Island,North Bend
1406,1432,1432,2018,412,E860831,173.0,2018-11-14,12:28,14,11,0.0,53,Pierce,1124,10,0.0,1,1,2,1,1,1,1,,,,8,0,0,0.0,3,0,3,7,2,4,6,0,0,3,3,BRIDGEPORT WAY SW,86TH ST SW,-122.5181056,47.179497222,0,1,1,98,7,35,14,0,0,1,5,8,1,1,4,1,1,1,1,53,0,7,402,2001,0,0.0,63,8.0,38.0,,,,1,1,43,1,0.0,0.0,2,0,2,0,11,8,,,,,0.0,0.0,0.0,3.0,1,91,0.0,0.0,0.0,96,,,,,,99,,,,,,98404,53,75.0,230.0,6.0,1.0,0.0,0.0,0.0,0.0,,1,,,,,,4,,,20,0,0,0,8.0,9,8,,,0,0.0,0.0,8,1,2.0,695.0,,,1.0,,,2,1,0.0,,,,,,,,,,,,,,,,,,,,,,,,,,,,,,0,0,1,1,1,0,1,1,1,0,0,0,1,0,0,0,0,0,0,0,0,0,0,0,0,0,0,0,0,1,0,1,0,0,0,,0,0,0,0,0,0,1,1,0,1,0,0,0,0,1,1,,,,,,41-45,36-45,City street,U,Wednesday,Belt Used,PV,Not Fatal,1,0,0,0,City Street,Municipal/City Police,Lakewood Police Department,0,0,0,1,0,,,carboxy-thc,5.6,,0.0,0.0,0.0,,,,,,,,,,,,,,,,,,,,,,,,,,,,,,,,,,,,98499,Tacoma,Lakewood