,index,Unnamed: 0,year,case,par,repjur,crash_dt,crash_tm,accday,accmon,holiday,county,co_char,city,weather,weather2,lightcond,surfcond,surftype,numfatal,nmforms,pforms,vforms,not_tm,arr_tm,hosp_tm,fhevent,hitrun,manncol,milepnt,reljunc,reljuncinter,intersectiontype,funcsystem,landuse,ownership,route,schlbus,spejur,contdev,devfunc,trafid1,trafid2,lon,lat,wk_zone,vnumber,crashtype,criticalevent,criticaleventcat,spdlim,body,trailer,emerg,hazcargo,leave,mhevent,roadalgn,roadprof,traflane,trafflow,vehmanvr,numoccs,regowner,regstate,spuse,make,model,modelyr,vrf1,vrf2,seqevent1,seqevent2,seqevent3,seqevent4,seqevent5,seqevent6,pnumber,ptype,age,sex,hispanic,race,injury,diedscene,restraint,restraintmisuse,seatpos,takehosp,death_dt,death_tm,cert,cernum_wa,commlic,licendor,licrestrict,liccomp,drivpres,drf1,drf2,drf3,drf4,distract1,distract2,distract3,distract4,distract5,distract6,dricond1,dricond2,dricond3,dricond4,dricond5,dricond6,dzip,licstate,drhgt_in,weight,noncdl,noncdltype,prevdwi,prevoth,prevacc,prevspd,prevsus,driviol1,driviol2,driviol3,driviol4,driviol5,driviol6,spdrel,first_dt,last_dt,airbag,ejection,ejectpath,extricat,injurwrk,methalc,methdrug,nmlocat,strikveh,prf1,prf2,prf3,druginv,alcinvol,drugsts,drugres1,drugres2,drugres3,drugtst1,drugtst2,drugtst3,alcsts,alctst,alcres,nmact1,nmact2,nmact3,nmact4,nmact5,nmact6,nmprior1,nmprior2,nmprior3,nmprior4,nmprior5,nmprior6,nmcond1,nmcond2,nmcond3,nmcond4,nmcond5,nmcond6,nmsafe_helmet,nmsafe_pads,nmsafe_oth,nmprev_ref,nmprev_lgt,nmprev_oth,crashlocation,nmcrashtype,crosswalk,schoolzone,sidewalk,train_inv,wildlife_inv,rotr_fars,intersect_fars,dd_inv,aid_inv,dpd_inv,id_inv,mj_inv,impnm_inv,ainm_inv,dpnm_inv,speed_inv,unlic_inv,unendmc_inv,drowsy_inv,drdist_inv,nmdist_inv,fty_inv,unrestfat_inv,dr1617_inv,dr1820_inv,dr1620_inv,dr2125_inv,dr1625_inv,dr65_inv,dr70_inv,dr75_inv,mc_inv,pv_inv,ht_inv,ped_inv,bike_inv,unrest_fat,mc_fat,unhelmet_mc,pv_fat,ht_fat,ped_fat,bike_fat,dr_alc7,dr_alc8,dr_drug,dr_imp,dr_dist,dr_spd,dr_fty,dr_unlic,dr_alc7only,dr_alc8only,dr_drugonly,dr_drink,nm_imp,nm_alc7,nm_alc8,nm_drug,nm_dist,agegrp1,agegrp2,roadclass,urbrur,dayweek,restuse,vehtype,race_me,intersect,lanedep,oppdir,wrongway,rep_typ,investag,repag_long,rotr,st_rd,cty_rd,city_rd,oth_rd,drug_thc,thc_res,drug_cthc,cthc_res,drug_cann,prevpersemin,prevperse,prevsusoth,drugtst4,drugtst5,drugtst6,drugtst7,drugtst8,drugres4,drugres5,drugres6,drugres7,drugres8,adspresent,adsengaged,adslevel,race1,race2,race3,race4,race5,helmet,helmetmisuse,nmdistract1,nmdistract2,nmdistract3,nmdistract4,nmdistract5,nmdistract6,lab,isedtcase,crf1,crf2,crf3,CoRoadName,CoMP,IntCoRoadName,IntCoMP,crashzip,dcity,crashcity
1407,1433,1433,2018,413,E856061,2.0,2018-10-17,6:00,17,10,0.0,61,Snohomish,0,2,0.0,2,2,2,1,0,4,4,,,,12,0,8,6.8,1,0,1,3,1,1,2,0,0,0,0,US-2,,-122.0702694,47.936069444,0,1,64,10,2,60,14,0,0,1,2,12,1,1,2,1,1,1,1,53,0,35,402,2001,0,0.0,68,12.0,12.0,12.0,,,1,1,34,1,7.0,1.0,4,0,3,0,11,4,10/17/2018,18:05,69053045541.0,45541.0,0.0,0.0,0.0,3.0,1,28,0.0,0.0,0.0,92,,,,,,0,,,,,,98290,53,68.0,144.0,6.0,1.0,0.0,1.0,1.0,4.0,,0,,,,,,0,10/15/2013,04/15/2018,20,0,0,0,0.0,9,8,,,0,0.0,0.0,8,0,8.0,95.0,,,96.0,,,8,95,995.0,,,,,,,,,,,,,,,,,,,,,,,,,,,,,,0,0,0,0,0,0,0,0,0,0,0,0,0,0,0,0,1,0,0,0,0,0,0,0,0,0,0,0,0,1,0,0,0,0,0,,1,0,0,0,0,0,0,0,1,0,0,0,0,0,0,0,,,,,,31-35,26-35,US highway,R,Wednesday,Belt Used,PV,White,0,1,1,0,State Route,State Patrol,Washington State Patrol,0,1,0,0,0,,,,,,0.0,0.0,0.0,,,,,,,,,,,,,,,,,,,,,,,,,,,,,,,,,,,,98290,Snohomish,Snohomish
1408,1434,1434,2018,413,E856061,2.0,2018-10-17,6:00,17,10,0.0,61,Snohomish,0,2,0.0,2,2,2,1,0,4,4,,,,12,0,8,6.8,1,0,1,3,1,1,2,0,0,0,0,US-2,,-122.0702694,47.936069444,0,2,65,62,4,60,14,0,0,1,2,12,1,1,2,1,1,1,1,53,0,12,401,2002,0,0.0,12,,,,,,1,1,61,1,0.0,0.0,0,0,20,0,11,0,,,,,0.0,0.0,0.0,3.0,1,0,0.0,0.0,0.0,96,,,,,,0,,,,,,98203,53,69.0,260.0,6.0,1.0,0.0,0.0,0.0,0.0,,0,,,,,,0,,,20,0,0,0,8.0,9,8,,,0,0.0,0.0,8,0,8.0,95.0,,,96.0,,,8,95,995.0,,,,,,,,,,,,,,,,,,,,,,,,,,,,,,0,0,0,0,0,0,0,0,0,0,0,0,0,0,0,0,1,0,0,0,0,0,0,0,0,0,0,0,0,1,0,0,0,0,0,,0,0,0,0,0,0,0,0,0,0,0,0,0,0,0,0,,,,,,61-65,56-65,US highway,R,Wednesday,Not Used,PV,Not Fatal,0,1,1,0,State Route,State Patrol,Washington State Patrol,0,1,0,0,0,,,,,,0.0,0.0,0.0,,,,,,,,,,,,,,,,,,,,,,,,,,,,,,,,,,,,98290,Everett,Snohomish
1409,1435,1435,2018,413,E856061,2.0,2018-10-17,6:00,17,10,0.0,61,Snohomish,0,2,0.0,2,2,2,1,0,4,4,,,,12,0,8,6.8,1,0,1,3,1,1,2,0,0,0,0,US-2,,-122.0702694,47.936069444,0,3,98,62,4,60,14,0,0,1,2,12,1,1,2,1,1,1,2,53,0,2,404,2017,0,0.0,12,,,,,,1,1,49,1,0.0,0.0,3,0,3,0,11,4,,,,,0.0,0.0,3.0,3.0,1,0,0.0,0.0,0.0,96,,,,,,0,,,,,,98258,53,71.0,240.0,6.0,1.0,0.0,0.0,0.0,0.0,,0,,,,,,0,,,1,0,0,0,8.0,9,8,,,0,0.0,0.0,8,0,8.0,95.0,,,96.0,,,8,95,995.0,,,,,,,,,,,,,,,,,,,,,,,,,,,,,,0,0,0,0,0,0,0,0,0,0,0,0,0,0,0,0,1,0,0,0,0,0,0,0,0,0,0,0,0,1,0,0,0,0,0,,0,0,0,0,0,0,0,0,0,0,0,0,0,0,0,0,,,,,,46-50,46-55,US highway,R,Wednesday,Belt Used,PV,Not Fatal,0,1,1,0,State Route,State Patrol,Washington State Patrol,0,1,0,0,0,,,,,,0.0,0.0,0.0,,,,,,,,,,,,,,,,,,,,,,,,,,,,,,,,,,,,98290,Lake Stevens,Snohomish
1410,1436,1436,2018,413,E856061,2.0,2018-10-17,6:00,17,10,0.0,61,Snohomish,0,2,0.0,2,2,2,1,0,4,4,,,,12,0,8,6.8,1,0,1,3,1,1,2,0,0,0,0,US-2,,-122.0702694,47.936069444,0,4,98,62,4,60,5,0,0,1,2,12,1,1,2,1,1,1,1,53,0,30,42,2017,0,0.0,12,,,,,,1,1,61,1,0.0,0.0,3,0,3,0,11,4,,,,,0.0,0.0,0.0,3.0,1,0,0.0,0.0,0.0,96,,,,,,0,,,,,,98201,53,67.0,220.0,6.0,1.0,0.0,0.0,0.0,0.0,,0,,,,,,0,,,1,0,0,0,8.0,9,8,,,0,0.0,0.0,8,0,8.0,95.0,,,96.0,,,8,95,995.0,,,,,,,,,,,,,,,,,,,,,,,,,,,,,,0,0,0,0,0,0,0,0,0,0,0,0,0,0,0,0,1,0,0,0,0,0,0,0,0,0,0,0,0,1,0,0,0,0,0,,0,0,0,0,0,0,0,0,0,0,0,0,0,0,0,0,,,,,,61-65,56-65,US highway,R,Wednesday,Belt Used,PV,Not Fatal,0,1,1,0,State Route,State Patrol,Washington State Patrol,0,1,0,0,0,,,,,,0.0,0.0,0.0,,,,,,,,,,,,,,,,,,,,,,,,,,,,,,,,,,,,98290,Everett,Snohomish
1411,1437,1437,2018,414,E860914,25.0,2018-11-09,16:17,9,11,0.0,33,King,0,10,0.0,5,2,1,1,0,2,2,,,,12,0,6,4.7,2,0,4,5,1,2,4,0,0,0,0,CR-196TH AVE SE,195TH PL SE,-122.0795472,47.4434,0,1,98,51,3,40,14,0,0,1,7,12,3,3,2,1,14,1,1,17,0,12,401,2015,0,0.0,12,,,,,,1,1,38,2,0.0,0.0,0,0,3,0,11,0,,,,,0.0,0.0,3.0,3.0,1,0,0.0,0.0,0.0,93,,,,,,0,,,,,,62002,17,67.0,186.0,6.0,1.0,0.0,2.0,0.0,0.0,,97,,,,,,0,06/15/2018,08/15/2018,20,0,0,0,8.0,9,8,,,0,0.0,0.0,8,0,8.0,95.0,,,96.0,,,8,95,995.0,,,,,,,,,,,,,,,,,,,,,,,,,,,,,,0,0,0,1,0,0,0,0,0,0,0,0,0,0,0,0,1,0,0,0,0,0,0,0,0,1,0,0,1,1,0,0,0,0,0,,0,0,0,0,0,0,0,0,1,0,0,0,0,0,0,0,,,,,,36-40,36-45,County road,R,Friday,Belt Used,PV,Not Fatal,1,0,0,0,County Road,County Sheriff,King County Police,0,0,1,0,0,,,,,,0.0,0.0,0.0,,,,,,,,,,,,,,,,,,,,,,,,,,,,,,,,,,,,98058,Alton,Renton
1412,1438,1438,2018,414,E860914,25.0,2018-11-09,16:17,9,11,0.0,33,King,0,10,0.0,5,2,1,1,0,2,2,,,,12,0,6,4.7,2,0,4,5,1,2,4,0,0,0,0,CR-196TH AVE SE,195TH PL SE,-122.0795472,47.4434,0,2,98,53,3,40,80,0,0,1,7,12,3,3,2,1,10,1,1,53,0,72,706,2019,0,0.0,12,,,,,,1,1,67,1,7.0,1.0,4,7,19,0,11,0,11/09/2018,16:17,53049734.0,49734.0,0.0,0.0,0.0,3.0,1,0,0.0,0.0,0.0,96,,,,,,99,,,,,,98188,53,73.0,258.0,6.0,1.0,0.0,0.0,0.0,0.0,,0,,,,,,0,,,20,8,0,0,0.0,9,8,,,0,0.0,0.0,8,9,2.0,1.0,,,1.0,,,2,1,0.0,,,,,,,,,,,,,,,,,,,,,,,,,,,,,,0,0,0,1,0,0,0,0,0,0,0,0,0,0,0,0,1,0,0,0,0,0,0,0,0,1,0,0,1,1,0,0,0,0,1,0.0,0,0,0,0,0,0,0,0,0,0,0,0,0,0,0,0,,,,,,66-70,66-75,County road,R,Friday,,MC,White,1,0,0,0,County Road,County Sheriff,King County Police,0,0,1,0,0,,,,,,0.0,0.0,0.0,,,,,,,,,,,,,,,,,,,,,,,,,,,,,,,,,,,,98058,Seattle,Renton
1413,1439,1439,2018,415,E861465,14.0,2018-11-15,7:47,15,11,0.0,11,Clark,0,5,0.0,1,2,2,1,0,1,1,,,,38,0,0,0.4,1,0,1,7,1,2,4,0,0,0,0,CR-NE 174TH ST,,-122.4784083,45.748427778,0,1,1,13,2,40,34,0,0,1,7,38,1,4,2,1,1,1,2,53,0,12,471,1993,0,0.0,63,38.0,42.0,42.0,,,1,1,36,1,7.0,1.0,4,7,3,0,11,0,11/15/2018,7:47,53050251.0,50251.0,0.0,0.0,0.0,3.0,1,0,0.0,0.0,0.0,92,,,,,,99,,,,,,98607,53,68.0,145.0,6.0,1.0,1.0,0.0,0.0,0.0,,0,,,,,,0,03/15/2014,08/15/2015,20,0,0,0,0.0,9,8,,,0,0.0,0.0,8,9,2.0,996.0,996.0,401.0,1.0,1.0,1.0,2,1,0.0,,,,,,,,,,,,,,,,,,,,,,,,,,,,,,0,0,1,0,0,0,1,1,1,0,0,0,0,0,0,0,1,0,0,0,0,0,0,0,0,0,0,0,0,1,0,0,0,0,0,,1,0,0,0,0,0,1,1,1,0,0,0,0,0,1,0,,,,,,36-40,36-45,County road,R,Thursday,Belt Used,PV,White,0,1,0,0,County Road,County Sheriff,Clark County Sheriff's Office,1,0,1,0,0,thc,0.67,,,,0.0,0.0,3.0,1.0,1.0,,,,417.0,605.0,,,,,,,,,,,,,,,,,,,,,,,,,,,,,98606,Camas,Brush Prairie
1414,1440,1440,2018,416,E861527,2.0,2018-11-15,23:24,15,11,0.0,61,Snohomish,0,2,0.0,2,2,2,1,0,1,1,23:20,23:43,0:35,30,0,0,17.8,1,0,1,4,1,1,3,0,0,0,0,SR-530,,-121.8888167,48.271544444,0,1,7,6,1,50,4,0,0,1,2,30,2,1,2,1,14,1,2,38,0,12,17,2003,0,0.0,68,64.0,30.0,,,,1,1,18,2,7.0,1.0,4,0,3,0,11,5,11/16/2018,1:33,8053050439.0,50439.0,0.0,0.0,0.0,3.0,1,0,0.0,0.0,0.0,96,,,,,,99,,,,,,98241,53,65.0,120.0,6.0,1.0,0.0,0.0,0.0,0.0,,0,,,,,,4,,,20,0,0,0,0.0,9,8,,,0,0.0,0.0,8,9,2.0,605.0,,,1.0,,,2,1,0.0,,,,,,,,,,,,,,,,,,,,,,,,,,,,,,0,0,0,0,0,0,1,1,1,0,0,0,1,0,0,0,0,0,0,0,0,1,1,0,1,0,0,0,0,1,0,0,0,0,0,,1,0,0,0,0,0,1,1,0,1,0,0,0,0,1,0,,,,,,18-20,16-25,State route,R,Thursday,Belt Used,PV,White,0,1,0,0,State Route,State Patrol,Washington State Patrol,1,1,0,0,0,thc,1.2,,,,0.0,0.0,0.0,,,,,,,,,,,,,,,,,,,,,,,,,,,,,,,,,,,,98223,Darrington,Arlington
1415,1441,1441,2018,417,E861644,46.0,2018-10-25,22:45,25,10,0.0,75,Whitman,0,99,0.0,9,99,2,1,0,1,1,,,,30,0,0,1.9,1,0,1,5,1,2,4,0,0,0,0,CR-PULLMAN ALBION RD,,-117.2245417,46.774169444,0,1,1,13,2,55,4,0,0,1,7,30,1,2,2,1,1,1,2,53,0,37,32,2005,0,0.0,63,30.0,,,,,1,1,19,1,7.0,1.0,4,7,3,0,11,0,10/25/2018,22:45,53046973.0,46973.0,0.0,0.0,3.0,3.0,1,0,0.0,0.0,0.0,96,,,,,,99,,,,,,99012,53,72.0,140.0,6.0,1.0,0.0,0.0,0.0,0.0,,0,,,,,,0,,,8,0,0,0,0.0,9,8,,,0,0.0,0.0,8,9,2.0,1.0,,,1.0,,,2,1,0.0,,,,,,,,,,,,,,,,,,,,,,,,,,,,,,0,0,1,0,0,0,0,0,0,0,0,0,0,0,0,0,0,0,0,0,0,1,1,0,1,0,0,0,0,1,0,0,0,0,0,,1,0,0,0,0,0,0,0,0,0,0,0,0,0,0,0,,,,,,18-20,16-25,County road,R,Thursday,Belt Used,PV,White,0,1,0,0,County Road,County Sheriff,Whitman County Sheriff's Office,1,0,1,0,0,,,,,,0.0,0.0,0.0,,,,,,,,,,,,,,,,,,,,,,,,,,,,,,,,,,,,99163,Fairfield,Pullman
1416,1442,1442,2018,418,E861807,6.0,2018-10-29,17:27,29,10,0.0,1,Adams,0,1,0.0,1,1,2,1,0,2,2,17:25,17:36,,12,0,6,46.8,2,0,2,3,1,1,3,0,0,20,3,SR-26,BOOKER RD,-119.0482028,46.799541667,0,1,87,17,2,50,66,1,0,1,7,12,1,1,2,1,1,1,3,53,0,82,881,2003,0,0.0,12,,,,,,1,1,66,1,0.0,0.0,0,0,3,0,11,0,,,,,6.0,1.0,0.0,3.0,1,39,0.0,0.0,0.0,12,,,,,,0,,,,,,98610,53,66.0,180.0,6.0,1.0,0.0,0.0,0.0,0.0,,37,,,,,,0,,,20,0,0,0,8.0,3,2,,,0,0.0,0.0,0,0,8.0,95.0,,,96.0,,,8,95,995.0,,,,,,,,,,,,,,,,,,,,,,,,,,,,,,0,0,0,1,0,0,0,0,0,0,0,0,0,0,0,0,1,0,0,0,0,0,0,0,0,1,0,0,0,1,1,0,0,0,0,,0,0,0,0,0,0,0,0,1,0,0,0,0,0,0,0,,,,,,66-70,66-75,State route,R,Monday,,MHTRUCK,Not Fatal,1,0,0,0,State Route,State Patrol,Washington State Patrol,0,1,0,0,0,,,,,,0.0,0.0,0.0,,,,,,,,,,,,,,,,,,,,,,,,,,,,,,,,,,,,99344,Carson,Othello
1417,1443,1443,2018,418,E861807,6.0,2018-10-29,17:27,29,10,0.0,1,Adams,0,1,0.0,1,1,2,1,0,2,2,17:25,17:36,,12,0,6,46.8,2,0,2,3,1,1,3,0,0,0,0,SR-26,BOOKER RD,-119.0482028,46.799541667,0,2,86,66,4,60,14,0,0,1,7,12,1,1,2,1,1,1,1,53,0,12,402,2006,0,0.0,12,,,,,,1,1,35,2,7.0,1.0,4,7,3,0,11,0,10/29/2018,17:27,163053047642.0,47642.0,0.0,0.0,0.0,3.0,1,0,0.0,0.0,0.0,96,,,,,,0,,,,,,99326,53,64.0,140.0,6.0,1.0,0.0,1.0,0.0,4.0,,0,,,,,,0,11/15/2013,06/15/2017,1,0,0,0,0.0,9,8,,,0,0.0,0.0,8,0,8.0,95.0,,,96.0,,,8,95,995.0,,,,,,,,,,,,,,,,,,,,,,,,,,,,,,0,0,0,1,0,0,0,0,0,0,0,0,0,0,0,0,1,0,0,0,0,0,0,0,0,1,0,0,0,1,1,0,0,0,0,,1,0,0,0,0,0,0,0,0,0,0,0,0,0,0,0,,,,,,31-35,26-35,State route,R,Monday,Belt Used,PV,White,1,0,0,0,State Route,State Patrol,Washington State Patrol,0,1,0,0,0,,,,,,0.0,0.0,0.0,,,,,,,,,,,,,,,,,,,,,,,,,,,,,,,,,,,,99344,Connell,Othello
1418,1444,1444,2018,419,E862451,8.0,2018-11-19,10:30,19,11,0.0,35,Kitsap,0,1,0.0,1,1,2,1,0,1,1,,,,42,0,0,18.5,1,0,1,3,1,1,3,0,0,0,0,SR-16,,-122.6224889,47.439677778,0,1,1,13,2,60,55,0,0,1,2,2,1,1,2,3,1,1,3,53,3,12,870,2017,0,0.0,63,42.0,2.0,,,,1,1,75,1,7.0,1.0,4,7,2,0,11,0,11/19/2018,10:30,171053050882.0,50882.0,6.0,1.0,3.0,3.0,1,0,0.0,0.0,0.0,92,,,,,,0,,,,,,98366,53,72.0,230.0,6.0,1.0,0.0,0.0,0.0,0.0,,0,,,,,,0,,,99,0,0,0,1.0,9,8,,,0,0.0,0.0,8,0,2.0,1.0,,,1.0,,,2,1,0.0,,,,,,,,,,,,,,,,,,,,,,,,,,,,,,0,0,1,0,0,0,0,0,0,0,0,0,0,0,0,0,1,0,0,0,0,0,0,0,0,1,1,1,0,0,0,0,0,0,0,,0,0,0,0,0,0,0,0,1,0,0,0,0,0,0,0,,,,,,71-75,66-75,State route,R,Monday,,BUS,White,0,1,0,0,State Route,State Patrol,Washington State Patrol,1,1,0,0,0,,,,,,0.0,0.0,0.0,,,,,,,,,,,,,,,,,,,,,,,,,,,,,,,,,,,,98367,Port Orchard,Port Orchard
1419,1445,1445,2018,420,E862525,7.0,2018-11-11,22:27,11,11,0.0,33,King,0,1,0.0,2,1,2,1,1,3,3,,,,8,0,0,13.1,1,0,1,3,2,1,3,0,0,0,0,SR-18,,-122.1015472,47.368283333,0,1,13,80,5,60,14,0,0,1,5,8,1,1,2,3,1,1,1,53,0,12,402,2007,0,0.0,8,,,,,,1,1,44,1,0.0,0.0,0,0,3,0,11,0,,,,,0.0,0.0,0.0,3.0,1,0,0.0,0.0,0.0,96,,,,,,0,,,,,,98372,53,70.0,205.0,6.0,1.0,0.0,0.0,0.0,0.0,,0,,,,,,0,,,20,0,0,0,8.0,9,8,,,0,0.0,0.0,8,0,0.0,0.0,,,0.0,,,0,0,996.0,,,,,,,,,,,,,,,,,,,,,,,,,,,,,,0,0,0,0,0,0,0,0,0,0,0,0,0,0,0,0,0,0,0,0,0,0,0,0,0,0,0,0,1,1,0,1,0,0,0,,0,0,0,0,0,0,0,0,0,0,0,0,0,0,0,0,,,,,,41-45,36-45,State route,U,Sunday,Belt Used,PV,Not Fatal,0,0,0,0,State Route,State Patrol,Washington State Patrol,0,1,0,0,0,,,,,,0.0,0.0,0.0,,,,,,,,,,,,,,,,,,,,,,,,,,,,,,,,,,,,98042,Puyallup,Kent
1420,1446,1446,2018,420,E862525,7.0,2018-11-11,22:27,11,11,0.0,33,King,0,1,0.0,2,1,2,1,1,3,3,,,,8,0,0,13.1,1,0,1,3,2,1,3,0,0,0,0,SR-18,,-122.1015472,47.368283333,0,2,98,80,5,60,20,0,0,1,5,8,1,1,2,3,1,1,1,53,0,49,442,2000,0,0.0,8,,,,,,1,1,51,2,0.0,0.0,0,0,3,0,11,0,,,,,0.0,0.0,0.0,3.0,1,0,0.0,0.0,0.0,96,,,,,,0,,,,,,98051,53,69.0,220.0,6.0,1.0,0.0,8.0,1.0,0.0,,0,,,,,,0,12/15/2013,10/15/2018,20,0,0,0,8.0,9,8,,,0,0.0,0.0,8,0,0.0,0.0,,,0.0,,,0,0,996.0,,,,,,,,,,,,,,,,,,,,,,,,,,,,,,0,0,0,0,0,0,0,0,0,0,0,0,0,0,0,0,0,0,0,0,0,0,0,0,0,0,0,0,1,1,0,1,0,0,0,,0,0,0,0,0,0,0,0,0,0,0,0,0,0,0,0,,,,,,51-55,46-55,State route,U,Sunday,Belt Used,PV,Not Fatal,0,0,0,0,State Route,State Patrol,Washington State Patrol,0,1,0,0,0,,,,,,0.0,0.0,2.0,,,,,,,,,,,,,,,,,,,,,,,,,,,,,,,,,,,,98042,Ravensdale,Kent
1421,1447,1447,2018,420,E862525,7.0,2018-11-11,22:27,11,11,0.0,33,King,0,1,0.0,2,1,2,1,1,3,3,,,,8,0,0,13.1,1,0,1,3,2,1,3,0,0,0,0,SR-18,,-122.1015472,47.368283333,0,3,98,80,5,60,80,0,0,1,5,8,1,1,2,3,1,1,1,53,0,72,706,2018,0,0.0,8,,,,,,1,1,48,1,0.0,0.0,0,0,19,0,11,0,,,,,0.0,0.0,0.0,3.0,1,0,0.0,0.0,0.0,96,,,,,,0,,,,,,98422,53,75.0,200.0,6.0,1.0,0.0,0.0,0.0,0.0,,0,,,,,,0,,,20,8,0,0,8.0,9,8,,,0,0.0,0.0,8,0,0.0,0.0,,,0.0,,,0,0,996.0,,,,,,,,,,,,,,,,,,,,,,,,,,,,,,0,0,0,0,0,0,0,0,0,0,0,0,0,0,0,0,0,0,0,0,0,0,0,0,0,0,0,0,1,1,0,1,0,0,0,0.0,0,0,0,0,0,0,0,0,0,0,0,0,0,0,0,0,,,,,,46-50,46-55,State route,U,Sunday,,MC,Not Fatal,0,0,0,0,State Route,State Patrol,Washington State Patrol,0,1,0,0,0,,,,,,0.0,0.0,0.0,,,,,,,,,,,,,,,,,,,,,,,,,,,,,,,,,,,,98042,Tacoma,Kent
1422,1448,1448,2018,421,E862716,32.0,2018-11-12,11:15,12,11,0.0,47,Okanogan,0,1,0.0,1,1,5,1,0,1,1,,,,42,0,0,0.8,1,0,1,7,1,2,4,0,0,0,0,CR-SMITH CANYON RD,,-120.1710361,48.264163889,0,1,6,12,2,35,34,0,0,1,7,42,1,2,2,1,1,1,2,41,0,7,481,1987,0,0.0,68,64.0,42.0,,,,1,1,30,1,7.0,1.0,4,7,3,0,11,0,11/12/2018,11:15,53050823.0,50823.0,0.0,0.0,0.0,0.0,1,0,0.0,0.0,0.0,92,,,,,,99,,,,,,98670,53,68.0,145.0,0.0,0.0,0.0,0.0,0.0,0.0,,0,,,,,,0,,,20,0,0,0,0.0,9,8,,,0,0.0,0.0,8,1,2.0,1.0,,,1.0,,,2,1,0.16,,,,,,,,,,,,,,,,,,,,,,,,,,,,,,0,0,1,0,1,1,0,1,0,0,0,0,0,1,0,0,1,0,0,0,0,0,0,0,0,0,0,0,0,1,0,0,0,0,0,,1,0,0,0,0,1,0,1,1,0,0,1,0,1,0,1,,,,,,26-30,26-35,County road,R,Monday,Belt Used,PV,White,0,1,0,0,County Road,County Sheriff,Okanogan County Sheriff's Office,1,0,1,0,0,,,,,,0.0,0.0,0.0,,,,,,,,,,,,,,,,,,,,,,,,,,,,,,,,,,,,98814,Wahkiacus,Carlton
1423,1449,1449,2018,422,E852372,290.0,2018-10-19,23:49,19,10,0.0,53,Pierce,2230,5,0.0,3,2,2,1,1,1,1,,,,8,0,0,0.0,1,0,1,4,2,4,6,0,0,0,0,6TH AVE,,-122.5183333,47.255411111,0,1,13,80,5,30,14,0,0,1,5,8,1,2,5,5,1,1,1,53,0,12,401,2003,0,0.0,8,,,,,,1,1,23,1,0.0,0.0,0,0,3,0,11,0,,,,,0.0,0.0,0.0,3.0,1,0,0.0,0.0,0.0,96,,,,,,0,,,,,,98409,53,74.0,175.0,6.0,1.0,0.0,0.0,1.0,1.0,,0,,,,,,0,04/15/2014,10/15/2016,20,0,0,0,8.0,9,8,,,0,0.0,0.0,8,0,0.0,0.0,,,0.0,,,0,0,996.0,,,,,,,,,,,,,,,,,,,,,,,,,,,,,,0,0,0,0,0,0,0,0,0,1,1,0,0,0,0,0,0,0,0,0,0,0,0,1,1,0,0,0,0,1,0,1,0,0,0,,0,0,0,0,0,0,0,0,0,0,0,0,0,0,0,0,,,,,,21-25,16-25,City street,U,Friday,Belt Used,PV,Not Fatal,0,0,0,0,City Street,Municipal/City Police,Tacoma Police Department,0,0,0,1,0,,,,,,0.0,0.0,0.0,,,,,,,,,,,,,,,,,,,,,,,,,,,,,,,,,,,,98406,Tacoma,Tacoma
1424,1450,1450,2018,423,E852066,122.0,2018-10-14,18:53,14,10,0.0,61,Snohomish,690,1,0.0,3,1,2,1,0,3,2,,,,12,0,7,46.4,1,0,1,3,2,1,3,0,0,0,0,SR-99,,-122.2520194,47.896286111,0,1,45,61,4,50,80,0,0,1,7,12,1,1,6,1,3,1,2,53,0,53,706,2004,0,0.0,12,63.0,40.0,42.0,,,1,1,19,1,7.0,1.0,4,7,5,0,11,0,10/14/2018,18:53,69053045056.0,45056.0,0.0,0.0,0.0,3.0,1,0,0.0,0.0,0.0,96,,,,,,99,,,,,,98204,53,76.0,170.0,6.0,1.0,0.0,2.0,2.0,1.0,,0,,,,,,4,03/15/2016,07/15/2016,20,8,0,0,0.0,9,8,,,0,0.0,0.0,8,9,2.0,1.0,,,1.0,,,2,1,0.0,,,,,,,,,,,,,,,,,,,,,,,,,,,,,,0,0,0,0,0,0,0,0,0,0,0,0,1,0,0,0,0,0,0,0,0,1,1,0,1,0,0,0,1,1,0,0,0,0,1,0.0,0,0,0,0,0,0,0,0,0,1,0,0,0,0,0,0,,,,,,18-20,16-25,State route,U,Sunday,,MC,White,0,0,0,0,State Route,Municipal/City Police,Everett Police Department,0,1,0,0,0,,,,,,0.0,0.0,1.0,,,,,,,,,,,,,,,,,,,,,,,,,,,,,,,,,,,,98204,Everett,Everett
1425,1451,1451,2018,423,E852066,122.0,2018-10-14,18:53,14,10,0.0,61,Snohomish,690,1,0.0,3,1,2,1,0,3,2,,,,12,0,7,46.4,1,0,1,3,2,1,3,0,0,0,0,SR-99,,-122.2520194,47.896286111,0,2,46,11,2,50,4,0,0,1,5,12,1,1,6,1,15,2,2,6,0,37,31,1999,0,0.0,12,,,,,,1,1,27,1,0.0,0.0,0,0,3,0,11,0,,,,,0.0,0.0,0.0,3.0,1,0,0.0,0.0,0.0,96,,,,,,0,,,,,,98208,53,73.0,200.0,6.0,1.0,0.0,0.0,1.0,0.0,,0,,,,,,0,07/15/2018,07/15/2018,20,0,0,0,8.0,9,8,,,0,0.0,0.0,8,0,8.0,95.0,,,96.0,,,8,95,995.0,,,,,,,,,,,,,,,,,,,,,,,,,,,,,,0,0,0,0,0,0,0,0,0,0,0,0,1,0,0,0,0,0,0,0,0,1,1,0,1,0,0,0,1,1,0,0,0,0,0,,0,0,0,0,0,0,0,0,0,0,0,0,0,0,0,0,,,,,,26-30,26-35,State route,U,Sunday,Belt Used,PV,Not Fatal,0,0,0,0,State Route,Municipal/City Police,Everett Police Department,0,1,0,0,0,,,,,,0.0,0.0,0.0,,,,,,,,,,,,,,,,,,,,,,,,,,,,,,,,,,,,98204,Everett,Everett