,index,Unnamed: 0,year,case,par,repjur,crash_dt,crash_tm,accday,accmon,holiday,county,co_char,city,weather,weather2,lightcond,surfcond,surftype,numfatal,nmforms,pforms,vforms,not_tm,arr_tm,hosp_tm,fhevent,hitrun,manncol,milepnt,reljunc,reljuncinter,intersectiontype,funcsystem,landuse,ownership,route,schlbus,spejur,contdev,devfunc,trafid1,trafid2,lon,lat,wk_zone,vnumber,crashtype,criticalevent,criticaleventcat,spdlim,body,trailer,emerg,hazcargo,leave,mhevent,roadalgn,roadprof,traflane,trafflow,vehmanvr,numoccs,regowner,regstate,spuse,make,model,modelyr,vrf1,vrf2,seqevent1,seqevent2,seqevent3,seqevent4,seqevent5,seqevent6,pnumber,ptype,age,sex,hispanic,race,injury,diedscene,restraint,restraintmisuse,seatpos,takehosp,death_dt,death_tm,cert,cernum_wa,commlic,licendor,licrestrict,liccomp,drivpres,drf1,drf2,drf3,drf4,distract1,distract2,distract3,distract4,distract5,distract6,dricond1,dricond2,dricond3,dricond4,dricond5,dricond6,dzip,licstate,drhgt_in,weight,noncdl,noncdltype,prevdwi,prevoth,prevacc,prevspd,prevsus,driviol1,driviol2,driviol3,driviol4,driviol5,driviol6,spdrel,first_dt,last_dt,airbag,ejection,ejectpath,extricat,injurwrk,methalc,methdrug,nmlocat,strikveh,prf1,prf2,prf3,druginv,alcinvol,drugsts,drugres1,drugres2,drugres3,drugtst1,drugtst2,drugtst3,alcsts,alctst,alcres,nmact1,nmact2,nmact3,nmact4,nmact5,nmact6,nmprior1,nmprior2,nmprior3,nmprior4,nmprior5,nmprior6,nmcond1,nmcond2,nmcond3,nmcond4,nmcond5,nmcond6,nmsafe_helmet,nmsafe_pads,nmsafe_oth,nmprev_ref,nmprev_lgt,nmprev_oth,crashlocation,nmcrashtype,crosswalk,schoolzone,sidewalk,train_inv,wildlife_inv,rotr_fars,intersect_fars,dd_inv,aid_inv,dpd_inv,id_inv,mj_inv,impnm_inv,ainm_inv,dpnm_inv,speed_inv,unlic_inv,unendmc_inv,drowsy_inv,drdist_inv,nmdist_inv,fty_inv,unrestfat_inv,dr1617_inv,dr1820_inv,dr1620_inv,dr2125_inv,dr1625_inv,dr65_inv,dr70_inv,dr75_inv,mc_inv,pv_inv,ht_inv,ped_inv,bike_inv,unrest_fat,mc_fat,unhelmet_mc,pv_fat,ht_fat,ped_fat,bike_fat,dr_alc7,dr_alc8,dr_drug,dr_imp,dr_dist,dr_spd,dr_fty,dr_unlic,dr_alc7only,dr_alc8only,dr_drugonly,dr_drink,nm_imp,nm_alc7,nm_alc8,nm_drug,nm_dist,agegrp1,agegrp2,roadclass,urbrur,dayweek,restuse,vehtype,race_me,intersect,lanedep,oppdir,wrongway,rep_typ,investag,repag_long,rotr,st_rd,cty_rd,city_rd,oth_rd,drug_thc,thc_res,drug_cthc,cthc_res,drug_cann,prevpersemin,prevperse,prevsusoth,drugtst4,drugtst5,drugtst6,drugtst7,drugtst8,drugres4,drugres5,drugres6,drugres7,drugres8,adspresent,adsengaged,adslevel,race1,race2,race3,race4,race5,helmet,helmetmisuse,nmdistract1,nmdistract2,nmdistract3,nmdistract4,nmdistract5,nmdistract6,lab,isedtcase,crf1,crf2,crf3,CoRoadName,CoMP,IntCoRoadName,IntCoMP,crashzip,dcity,crashcity
1463,1489,1489,2018,449,E868733,21.0,2018-11-22,20:07,22,11,8.0,25,Grant,0,3,0.0,2,4,2,1,0,4,1,20:05,20:17,20:53,24,0,0,16.1,1,0,1,5,1,2,4,0,0,0,0,CR-ROAD 5 NW,,-119.8963083,47.160133333,0,1,6,6,1,60,14,0,0,1,7,3,1,1,2,1,6,4,2,53,0,59,403,2004,0,0.0,68,64.0,24.0,1.0,3.0,,1,1,39,2,0.0,0.0,3,0,3,0,11,5,,,,,0.0,0.0,3.0,3.0,1,87,0.0,0.0,0.0,93,,,,,,0,,,,,,98801,53,66.0,220.0,6.0,1.0,0.0,0.0,0.0,1.0,,0,,,,,,4,02/15/2018,02/15/2018,8,0,0,0,8.0,9,8,,,0,0.0,0.0,8,0,8.0,95.0,,,96.0,,,8,95,995.0,,,,,,,,,,,,,,,,,,,,,,,,,,,,,,0,0,1,0,0,0,0,0,0,0,0,0,1,0,0,0,1,0,0,0,0,0,0,0,0,0,0,0,0,1,0,0,0,0,0,,0,0,0,0,0,0,0,0,1,1,0,0,0,0,0,0,,,,,,36-40,36-45,County road,R,Thursday,Belt Used,PV,Not Fatal,0,1,0,0,County Road,County Sheriff,Grant County Sheriff's Office,1,0,1,0,0,,,,,,0.0,0.0,0.0,,,,,,,,,,,,,,,,,,,,,,,,,,,,,,,,,,,,98848,Wenatchee,Quincy
1464,1490,1490,2018,450,E868734,21.0,2018-11-23,0:39,23,11,8.0,25,Grant,0,1,0.0,2,4,2,1,0,1,1,2:48,3:18,,1,0,0,9.1,1,0,1,5,1,2,4,0,0,0,0,CR-DODSON RD S,,-119.5572278,47.008816667,0,1,2,6,1,60,15,0,0,1,7,1,1,1,2,1,1,1,1,53,0,13,421,1999,0,0.0,63,69.0,68.0,68.0,63.0,1.0,1,1,31,2,7.0,1.0,4,7,20,0,11,0,11/23/2018,0:39,53051059.0,51059.0,0.0,0.0,0.0,3.0,1,58,87.0,0.0,0.0,96,,,,,,99,,,,,,99357,53,69.0,160.0,6.0,1.0,0.0,1.0,0.0,0.0,,0,,,,,,3,09/15/2016,09/15/2016,20,1,9,0,0.0,9,8,,,0,0.0,0.0,8,1,8.0,95.0,,,96.0,,,8,95,995.0,,,,,,,,,,,,,,,,,,,,,,,,,,,,,,0,0,0,0,1,0,0,0,0,0,0,0,1,0,0,0,0,0,0,1,0,0,0,0,0,0,0,0,0,1,0,0,0,1,0,,1,0,0,0,0,0,0,0,0,1,0,0,0,0,0,1,,,,,,31-35,26-35,County road,R,Friday,Not Used,PV,White,0,1,0,0,County Road,County Sheriff,Grant County Sheriff's Office,1,0,1,0,0,,,,,,0.0,0.0,0.0,,,,,,,,,,,,,,,,,,,,,,,,,,,,,,,,,,,,99357,Royal City,Royal City
1465,1491,1491,2018,451,E868930,222.0,2018-12-04,11:51,4,12,0.0,67,Thurston,1590,1,0.0,1,1,2,1,1,1,1,,,,15,0,0,0.0,4,0,1,7,2,4,6,0,0,0,0,MARTIN WAY E,ENSIGN RD NE,-122.8558361,47.046494444,0,1,13,83,5,35,67,0,0,1,7,15,1,1,4,1,10,1,1,53,0,7,880,2006,0,0.0,15,,,,,,1,1,46,1,0.0,0.0,0,0,3,0,11,0,,,,,0.0,0.0,0.0,3.0,1,10,0.0,0.0,0.0,93,,,,,,0,,,,,,98513,53,66.0,150.0,6.0,1.0,0.0,0.0,0.0,0.0,,97,,,,,,0,,,20,0,0,0,8.0,9,8,,,0,0.0,0.0,8,0,8.0,95.0,,,96.0,,,8,95,995.0,,,,,,,,,,,,,,,,,,,,,,,,,,,,,,0,0,0,0,0,0,0,0,0,1,0,1,0,0,0,0,1,0,0,0,0,0,0,0,0,0,0,0,0,0,1,1,0,0,0,,0,0,0,0,0,0,0,0,1,0,0,0,0,0,0,0,,,,,,46-50,46-55,City street,U,Tuesday,Belt Used,MHTRUCK,Not Fatal,0,0,0,0,City Street,Municipal/City Police,Olympia Police Department,0,0,0,1,0,,,,,,0.0,0.0,0.0,,,,,,,,,,,,,,,,,,,,,,,,,,,,,,,,,,,,98506,Olympia,Olympia
1466,1492,1492,2018,452,E870976,7.0,2018-12-08,1:18,8,12,0.0,53,Pierce,0,1,0.0,2,2,2,1,1,1,1,1:15,1:24,,8,0,0,12.3,1,0,1,3,2,1,3,0,0,0,0,SR-302,,-122.683,47.3881,0,1,13,80,5,50,4,0,0,1,7,8,1,1,2,1,1,1,2,53,0,35,47,2007,0,0.0,8,,,,,,1,1,17,1,0.0,0.0,0,0,3,0,11,0,,,,,0.0,0.0,1.0,3.0,1,0,0.0,0.0,0.0,96,,,,,,0,,,,,,98329,53,71.0,150.0,6.0,2.0,0.0,0.0,0.0,0.0,,0,,,,,,0,,,20,0,0,0,8.0,9,2,,,0,0.0,0.0,0,0,2.0,1.0,,,1.0,,,2,1,0.0,,,,,,,,,,,,,,,,,,,,,,,,,,,,,,0,0,0,0,0,0,0,0,0,1,1,1,0,0,0,0,0,0,0,0,1,0,1,0,1,0,0,0,0,1,0,1,0,0,0,,0,0,0,0,0,0,0,0,0,0,0,0,0,0,0,0,,,,,,16-17,16-25,State route,U,Saturday,Belt Used,PV,Not Fatal,0,0,0,0,State Route,State Patrol,Washington State Patrol,0,1,0,0,0,,,,,,0.0,0.0,0.0,,,,,,,,,,,,,,,,,,,,,,,,,,,,,,,,,,,,98329,Gig Harbor,Gig Harbor
1467,1493,1493,2018,453,E871028,1.0,2018-12-05,5:30,5,12,0.0,77,Yakima,0,5,0.0,2,0,0,1,0,3,3,5:30,5:45,6:28,12,0,6,13.8,4,0,1,5,1,1,3,0,0,0,0,SR-241,,-119.9555667,46.391430556,0,1,82,15,2,0,66,1,0,1,5,12,0,0,0,0,11,1,3,53,0,82,881,2012,0,0.0,12,12.0,,,,,1,1,34,1,0.0,0.0,0,0,3,0,11,0,,,,,6.0,1.0,0.0,3.0,1,38,0.0,0.0,0.0,96,,,,,,0,,,,,,98944,53,65.0,153.0,6.0,1.0,0.0,0.0,1.0,0.0,,2,,,,,,0,09/15/2017,09/15/2017,20,0,0,0,8.0,9,8,,,0,0.0,0.0,8,0,8.0,95.0,,,96.0,,,8,95,995.0,,,,,,,,,,,,,,,,,,,,,,,,,,,,,,0,0,0,0,0,0,0,0,0,0,0,0,0,0,0,0,0,0,1,0,0,0,0,1,1,0,0,0,0,1,1,0,0,0,0,,0,0,0,0,0,0,0,0,0,0,1,0,0,0,0,0,,,,,,31-35,26-35,State route,R,Wednesday,,MHTRUCK,Not Fatal,0,0,0,0,State Route,State Patrol,Washington State Patrol,0,1,0,0,0,,,,,,0.0,0.0,0.0,,,,,,,,,,,,,,,,,,,,,,,,,,,,,,,,,,,,98944,Sunnyside,Sunnyside
1468,1494,1494,2018,453,E871028,1.0,2018-12-05,5:30,5,12,0.0,77,Yakima,0,5,0.0,2,4,2,1,0,3,3,5:30,5:45,6:28,12,0,6,13.8,4,0,1,5,1,1,3,0,0,0,0,SR-241,,-119.9555667,46.391430556,0,2,83,67,4,55,34,0,0,1,7,12,1,1,2,1,1,1,2,53,0,35,471,1993,0,0.0,12,12.0,,,,,1,1,24,1,6.0,98.0,4,7,99,0,11,0,12/05/2018,5:30,53053860.0,53860.0,0.0,0.0,3.0,3.0,1,0,0.0,0.0,0.0,96,,,,,,99,,,,,,98944,53,67.0,158.0,6.0,1.0,0.0,2.0,1.0,2.0,,0,,,,,,0,05/15/2015,07/15/2016,20,1,9,0,0.0,9,8,,,0,0.0,0.0,8,9,8.0,95.0,,,96.0,,,8,95,995.0,,,,,,,,,,,,,,,,,,,,,,,,,,,,,,0,0,0,0,0,0,0,0,0,0,0,0,0,0,0,0,0,0,1,0,0,0,0,1,1,0,0,0,0,1,1,0,0,0,0,,1,0,0,0,0,0,0,0,0,0,0,0,0,0,0,0,,,,,,21-25,16-25,State route,R,Wednesday,Unknown,PV,Hispanic,0,0,0,0,State Route,State Patrol,Washington State Patrol,0,1,0,0,0,,,,,,0.0,0.0,0.0,,,,,,,,,,,,,,,,,,,,,,,,,,,,,,,,,,,,98944,Sunnyside,Sunnyside
1469,1495,1495,2018,453,E871028,1.0,2018-12-05,5:30,5,12,0.0,77,Yakima,0,5,0.0,2,4,2,1,0,3,3,5:30,5:45,6:28,12,0,6,13.8,4,0,1,5,1,1,3,0,0,0,0,SR-241,,-119.9555667,46.391430556,0,3,98,98,7,55,14,0,0,1,7,12,1,1,2,1,1,1,1,53,0,12,402,2009,0,0.0,12,12.0,,,,,1,1,62,1,0.0,0.0,2,0,3,0,11,5,,,,,0.0,0.0,0.0,3.0,1,0,0.0,0.0,0.0,96,,,,,,0,,,,,,99350,53,70.0,190.0,6.0,1.0,0.0,0.0,0.0,0.0,,0,,,,,,0,,,8,0,0,0,8.0,9,8,,,0,0.0,0.0,8,0,8.0,95.0,,,96.0,,,8,95,995.0,,,,,,,,,,,,,,,,,,,,,,,,,,,,,,0,0,0,0,0,0,0,0,0,0,0,0,0,0,0,0,0,0,1,0,0,0,0,1,1,0,0,0,0,1,1,0,0,0,0,,0,0,0,0,0,0,0,0,0,0,0,0,0,0,0,0,,,,,,61-65,56-65,State route,R,Wednesday,Belt Used,PV,Not Fatal,0,0,0,0,State Route,State Patrol,Washington State Patrol,0,1,0,0,0,,,,,,0.0,0.0,0.0,,,,,,,,,,,,,,,,,,,,,,,,,,,,,,,,,,,,98944,Prosser,Sunnyside
1470,1496,1496,2018,454,E871120,7.0,2018-12-11,20:30,11,12,0.0,53,Pierce,1770,10,0.0,3,2,2,1,1,1,1,,,,8,0,0,5.1,1,0,1,3,2,1,3,0,3,0,0,SR-167,,-122.3147583,47.204863889,0,1,13,80,5,45,34,0,0,1,7,8,2,1,3,5,14,1,1,53,0,35,481,2008,0,0.0,8,,,,,,1,1,43,1,0.0,0.0,0,0,3,0,11,0,,,,,0.0,0.0,0.0,3.0,1,0,0.0,0.0,0.0,96,,,,,,0,,,,,,98390,53,71.0,190.0,6.0,1.0,0.0,0.0,0.0,0.0,,0,,,,,,0,,,20,0,0,1,8.0,5,8,,,0,0.0,0.0,8,1,2.0,1.0,,,1.0,,,2,1,0.0,,,,,,,,,,,,,,,,,,,,,,,,,,,,,,0,0,0,0,1,0,0,0,0,1,0,1,0,0,0,0,0,1,0,0,0,0,0,0,0,0,0,0,0,1,0,1,0,0,0,,0,0,0,0,0,0,0,0,0,0,0,0,0,0,0,1,,,,,,41-45,36-45,State route,U,Tuesday,Belt Used,PV,Not Fatal,0,0,0,0,State Route,Municipal/City Police,Puyallup Police Department,0,1,0,0,0,,,,,,0.0,0.0,0.0,,,,,,,,,,,,,,,,,,,,,,,,,,,,,,,,,,,,98371,Sumner,Puyallup
1471,1497,1497,2018,455,E871292,298.0,2018-12-10,20:31,10,12,0.0,33,King,2310,10,0.0,2,1,2,1,0,6,3,,,,12,0,2,0.0,1,0,1,7,2,4,6,0,0,0,0,S BOEING ACCESS RD,AIRPORT WAY S,-122.2859333,47.507502778,1,1,50,10,2,35,4,0,0,1,7,12,1,2,4,1,1,2,1,53,0,37,31,2007,0,0.0,68,12.0,63.0,25.0,69.0,12.0,1,1,72,2,7.0,1.0,4,0,3,0,11,4,12/11/2018,6:50,196053055343.0,55343.0,0.0,0.0,3.0,3.0,1,28,0.0,0.0,0.0,96,,,,,,99,,,,,,98118,53,61.0,150.0,6.0,1.0,0.0,0.0,0.0,0.0,,0,,,,,,0,,,8,0,0,0,0.0,9,8,,,0,0.0,0.0,8,9,2.0,348.0,,,1.0,,,2,1,0.0,,,,,,,,,,,,,,,,,,,,,,,,,,,,,,0,0,0,0,0,0,1,1,0,0,0,0,0,0,0,0,0,0,0,0,0,0,0,0,0,1,1,0,0,1,0,0,0,0,0,,1,0,0,0,0,0,1,1,0,0,0,0,0,0,1,0,,,,,,71-75,66-75,City street,U,Monday,Belt Used,PV,White,0,1,1,0,City Street,Municipal/City Police,Tukwila Police Department,0,0,0,1,0,,,,,,0.0,0.0,0.0,,,,,,,,,,,,,,,,,,,,,,,,,,,,,,,,,,,,98168,Seattle,Seattle
1472,1498,1498,2018,455,E871292,298.0,2018-12-10,20:31,10,12,0.0,33,King,2310,10,0.0,2,1,2,1,0,6,3,,,,12,0,2,0.0,1,0,1,7,2,4,6,0,0,0,0,S BOEING ACCESS RD,AIRPORT WAY S,-122.2859333,47.507502778,1,2,51,62,4,35,2,0,0,1,7,1,1,2,4,1,1,1,1,53,0,20,9,2011,0,0.0,12,63.0,25.0,1.0,,,1,1,29,1,0.0,0.0,3,0,20,0,11,8,,,,,0.0,0.0,0.0,3.0,1,0,0.0,0.0,0.0,96,,,,,,99,,,,,,98058,53,72.0,170.0,6.0,1.0,0.0,2.0,1.0,1.0,,0,,,,,,0,08/15/2016,03/15/2018,8,0,0,0,8.0,9,8,,,0,0.0,0.0,8,9,8.0,95.0,,,96.0,,,8,95,995.0,,,,,,,,,,,,,,,,,,,,,,,,,,,,,,0,0,0,0,0,0,1,1,0,0,0,0,0,0,0,0,0,0,0,0,0,0,0,0,0,1,1,0,0,1,0,0,0,0,0,,0,0,0,0,0,0,0,0,0,0,0,0,0,0,0,0,,,,,,26-30,26-35,City street,U,Monday,Not Used,PV,Not Fatal,0,1,1,0,City Street,Municipal/City Police,Tukwila Police Department,0,0,0,1,0,,,,,,0.0,0.0,0.0,,,,,,,,,,,,,,,,,,,,,,,,,,,,,,,,,,,,98168,Renton,Seattle
1473,1499,1499,2018,455,E871292,298.0,2018-12-10,20:31,10,12,0.0,33,King,2310,10,0.0,2,1,2,1,0,6,3,,,,12,0,2,0.0,1,0,1,7,2,4,6,0,0,0,0,S BOEING ACCESS RD,AIRPORT WAY S,-122.2859333,47.507502778,1,3,98,98,7,35,4,0,0,1,7,12,1,2,4,1,1,3,1,53,0,37,32,1990,0,0.0,12,,,,,,1,1,33,2,0.0,0.0,2,0,3,0,11,8,,,,,0.0,0.0,3.0,3.0,1,0,0.0,0.0,0.0,96,,,,,,0,,,,,,98178,53,69.0,155.0,6.0,1.0,0.0,1.0,1.0,1.0,,0,,,,,,0,01/15/2016,03/15/2018,20,0,0,0,8.0,9,8,,,0,0.0,0.0,8,0,8.0,95.0,,,96.0,,,8,95,995.0,,,,,,,,,,,,,,,,,,,,,,,,,,,,,,0,0,0,0,0,0,1,1,0,0,0,0,0,0,0,0,0,0,0,0,0,0,0,0,0,1,1,0,0,1,0,0,0,0,0,,0,0,0,0,0,0,0,0,0,0,0,0,0,0,0,0,,,,,,31-35,26-35,City street,U,Monday,Belt Used,PV,Not Fatal,0,1,1,0,City Street,Municipal/City Police,Tukwila Police Department,0,0,0,1,0,,,,,,0.0,0.0,2.0,,,,,,,,,,,,,,,,,,,,,,,,,,,,,,,,,,,,98168,Seattle,Seattle
1474,1500,1500,2018,456,E871410,3.0,2018-11-28,4:30,28,11,0.0,67,Thurston,0,1,0.0,3,1,2,2,0,3,2,,,,12,0,7,30.8,1,0,1,4,2,1,3,0,0,0,0,SR-507,,-122.5632389,46.932277778,0,1,46,51,3,35,34,0,0,1,2,1,1,2,2,1,6,2,2,53,0,49,471,1989,0,0.0,12,63.0,38.0,39.0,1.0,3.0,1,1,20,1,7.0,1.0,4,7,3,0,11,0,11/28/2018,4:30,260053052732.0,52732.0,0.0,0.0,0.0,3.0,1,0,0.0,0.0,0.0,92,,,,,,0,,,,,,98597,53,73.0,170.0,6.0,1.0,0.0,0.0,0.0,0.0,,0,,,,,,0,,,20,0,0,0,0.0,9,8,,,0,0.0,0.0,8,0,2.0,605.0,695.0,,1.0,1.0,,2,1,0.0,,,,,,,,,,,,,,,,,,,,,,,,,,,,,,0,0,0,0,0,0,1,1,1,0,0,0,0,0,0,0,1,0,0,0,0,1,1,0,1,1,0,0,0,1,0,0,0,0,0,,1,0,0,0,0,0,1,1,1,0,0,0,0,0,1,0,,,,,,18-20,16-25,State route,U,Wednesday,Belt Used,PV,White,0,0,0,0,State Route,State Patrol,Washington State Patrol,0,1,0,0,0,thc,1.2,carboxy-thc,6.4,,0.0,0.0,0.0,,,,,,,,,,,,,,,,,,,,,,,,,,,,,,,,,,,,98597,Yelm,Yelm
1475,1501,1501,2018,456,E871410,3.0,2018-11-28,4:30,28,11,0.0,67,Thurston,0,1,0.0,3,1,2,2,0,3,2,,,,12,0,7,30.8,1,0,1,4,2,1,3,0,0,0,0,SR-507,,-122.5632389,46.932277778,0,2,45,60,4,35,4,0,0,1,5,12,1,2,2,1,1,1,1,53,0,55,35,2005,0,0.0,12,,,,,,1,1,66,2,0.0,0.0,0,0,3,0,11,0,,,,,0.0,0.0,0.0,3.0,1,0,0.0,0.0,0.0,96,,,,,,0,,,,,,98597,53,61.0,140.0,6.0,1.0,0.0,0.0,2.0,0.0,,0,,,,,,0,09/15/2014,04/15/2017,20,0,0,0,8.0,9,8,,,0,0.0,0.0,8,0,8.0,95.0,,,96.0,,,8,95,995.0,,,,,,,,,,,,,,,,,,,,,,,,,,,,,,0,0,0,0,0,0,1,1,1,0,0,0,0,0,0,0,1,0,0,0,0,1,1,0,1,1,0,0,0,1,0,0,0,0,0,,0,0,0,0,0,0,0,0,0,0,0,0,0,0,0,0,,,,,,66-70,66-75,State route,U,Wednesday,Belt Used,PV,Not Fatal,0,0,0,0,State Route,State Patrol,Washington State Patrol,0,1,0,0,0,,,,,,0.0,0.0,0.0,,,,,,,,,,,,,,,,,,,,,,,,,,,,,,,,,,,,98597,Yelm,Yelm
1476,1502,1502,2018,457,E871534,1.0,2018-12-05,13:15,5,12,0.0,77,Yakima,0,1,0.0,1,1,2,1,0,1,1,13:16,13:34,,1,0,0,15.4,1,0,1,4,1,1,3,0,0,0,0,SR-24,,-120.1850194,46.505741667,0,1,1,13,2,60,66,2,0,1,2,1,1,1,2,1,1,1,3,53,0,82,881,2008,0,0.0,63,1.0,,,,,1,1,58,1,1.0,98.0,4,7,20,0,11,0,12/05/2018,13:15,142053054022.0,54022.0,0.0,0.0,0.0,2.0,1,0,0.0,0.0,0.0,96,,,,,,0,,,,,,98901,53,72.0,250.0,6.0,1.0,0.0,4.0,1.0,1.0,,0,,,,,,0,09/15/2014,09/15/2018,20,2,9,0,1.0,9,8,,,0,0.0,0.0,8,0,2.0,1.0,,,1.0,,,2,1,0.0,,,,,,,,,,,,,,,,,,,,,,,,,,,,,,0,0,1,0,0,0,0,0,0,0,0,0,0,0,0,0,0,0,0,0,0,0,0,0,0,0,0,0,0,0,1,0,0,0,0,,0,1,0,0,0,0,0,0,0,0,0,0,0,0,0,0,,,,,,56-60,56-65,State route,R,Wednesday,,MHTRUCK,Hispanic,0,0,0,0,State Route,State Patrol,Washington State Patrol,0,1,0,0,0,,,,,,0.0,0.0,0.0,,,,,,,,,,,,,,,,,,,,,,,,,,,,,,,,,,,,98936,Yakima,Moxee
1477,1503,1503,2018,460,E872038,7.0,2018-12-04,0:59,4,12,0.0,33,King,0,2,0.0,3,2,2,2,0,5,2,,,,12,0,1,9.9,1,0,1,3,1,1,3,0,0,0,0,SR-164,,-122.0805278,47.210919444,0,1,66,6,1,50,4,0,0,1,5,12,2,1,2,1,14,4,2,53,0,63,33,2004,0,0.0,68,12.0,,,,,1,1,22,2,0.0,0.0,3,0,20,0,11,8,,,,,0.0,0.0,0.0,2.0,1,28,0.0,0.0,0.0,96,,,,,,9,,,,,,98022,53,61.0,145.0,0.0,0.0,0.0,0.0,0.0,0.0,,97,,,,,,4,,,8,0,0,0,8.0,9,8,,,0,0.0,0.0,8,1,2.0,1.0,,,1.0,,,2,1,0.08,,,,,,,,,,,,,,,,,,,,,,,,,,,,,,0,0,0,0,1,1,0,1,0,0,0,0,1,1,0,0,0,0,0,1,0,0,0,1,1,0,0,0,0,1,0,0,0,0,0,,0,0,0,0,0,1,0,1,0,1,0,1,0,1,0,1,,,,,,21-25,16-25,State route,R,Tuesday,Not Used,PV,Not Fatal,0,1,1,0,State Route,State Patrol,Washington State Patrol,0,1,0,0,0,,,,,,0.0,0.0,0.0,,,,,,,,,,,,,,,,,,,,,,,,,,,,,,,,,,,,98022,Enumclaw,Enumclaw
1478,1504,1504,2018,460,E872038,7.0,2018-12-04,0:59,4,12,0.0,33,King,0,2,0.0,3,2,2,2,0,5,2,,,,12,0,1,9.9,1,0,1,3,1,1,3,0,0,0,0,SR-164,,-122.0805278,47.210919444,0,2,66,62,4,50,34,0,0,1,5,1,3,1,2,1,14,1,1,53,0,12,481,2013,0,0.0,12,63.0,1.0,30.0,,,1,1,31,1,0.0,0.0,2,0,3,0,11,8,,,,,0.0,0.0,0.0,3.0,1,0,0.0,0.0,0.0,96,,,,,,0,,,,,,98022,53,75.0,215.0,6.0,1.0,0.0,0.0,0.0,0.0,,0,,,,,,0,,,8,0,0,0,8.0,9,8,,,0,0.0,0.0,8,0,8.0,95.0,,,96.0,,,8,95,995.0,,,,,,,,,,,,,,,,,,,,,,,,,,,,,,0,0,0,0,1,1,0,1,0,0,0,0,1,1,0,0,0,0,0,1,0,0,0,1,1,0,0,0,0,1,0,0,0,0,0,,0,0,0,0,0,0,0,0,0,0,0,0,0,0,0,0,,,,,,31-35,26-35,State route,R,Tuesday,Belt Used,PV,Not Fatal,0,1,1,0,State Route,State Patrol,Washington State Patrol,0,1,0,0,0,,,,,,0.0,0.0,0.0,,,,,,,,,,,,,,,,,,,,,,,,,,,,,,,,,,,,98022,Enumclaw,Enumclaw
1479,1505,1505,2018,461,E872248,25.0,2018-12-08,12:56,8,12,0.0,33,King,1958,1,0.0,1,1,2,1,0,2,2,,,,12,0,2,0.0,1,0,1,7,2,4,6,0,0,0,0,12TH PL S,16TH AVE S,-122.3143472,47.434713889,0,1,50,10,2,40,2,0,0,1,7,12,2,1,4,1,14,1,2,53,0,49,38,1997,0,0.0,68,12.0,,,,,1,1,52,2,7.0,2.0,4,7,20,0,11,0,12/08/2018,12:56,195853053878.0,53878.0,0.0,0.0,3.0,3.0,1,28,0.0,0.0,0.0,96,,,,,,0,,,,,,98188,53,62.0,160.0,6.0,1.0,0.0,0.0,2.0,0.0,,0,,,,,,0,03/15/2015,09/15/2015,8,0,0,0,0.0,9,8,,,0,0.0,0.0,8,0,2.0,1.0,,,1.0,,,2,1,0.0,,,,,,,,,,,,,,,,,,,,,,,,,,,,,,0,0,0,0,0,0,0,0,0,0,0,0,0,0,0,0,0,0,0,1,0,0,0,0,0,0,0,0,0,1,0,0,0,1,0,,1,0,0,0,0,0,0,0,0,0,0,0,0,0,0,0,,,,,,51-55,46-55,City street,U,Saturday,Not Used,PV,Black,0,1,1,0,City Street,County Sheriff,King County Police,0,0,0,1,0,,,,,,0.0,0.0,0.0,,,,,,,,,,,,,,,,,,,,,,,,,,,,,,,,,,,,98148,Seattle,Seattle
1480,1506,1506,2018,461,E872248,25.0,2018-12-08,12:56,8,12,0.0,33,King,1958,1,0.0,1,1,2,1,0,2,2,,,,12,0,2,0.0,1,0,1,7,2,4,6,0,0,0,0,12TH PL S,16TH AVE S,-122.3143472,47.434713889,0,2,51,62,4,40,34,0,0,1,7,12,3,1,4,1,14,1,1,53,0,7,482,2001,0,0.0,12,,,,,,1,1,64,1,0.0,0.0,2,0,3,0,11,8,,,,,0.0,0.0,3.0,3.0,1,0,0.0,0.0,0.0,96,,,,,,0,,,,,,98198,53,72.0,250.0,6.0,1.0,0.0,0.0,1.0,0.0,,0,,,,,,0,02/15/2018,02/15/2018,8,0,0,0,8.0,9,8,,,0,0.0,0.0,8,0,8.0,95.0,,,96.0,,,8,95,995.0,,,,,,,,,,,,,,,,,,,,,,,,,,,,,,0,0,0,0,0,0,0,0,0,0,0,0,0,0,0,0,0,0,0,1,0,0,0,0,0,0,0,0,0,1,0,0,0,0,0,,0,0,0,0,0,0,0,0,0,0,0,0,0,0,0,0,,,,,,61-65,56-65,City street,U,Saturday,Belt Used,PV,Not Fatal,0,1,1,0,City Street,County Sheriff,King County Police,0,0,0,1,0,,,,,,0.0,0.0,0.0,,,,,,,,,,,,,,,,,,,,,,,,,,,,,,,,,,,,98148,Seattle,Seattle