,index,Unnamed: 0,year,case,par,repjur,crash_dt,crash_tm,accday,accmon,holiday,county,co_char,city,weather,weather2,lightcond,surfcond,surftype,numfatal,nmforms,pforms,vforms,not_tm,arr_tm,hosp_tm,fhevent,hitrun,manncol,milepnt,reljunc,reljuncinter,intersectiontype,funcsystem,landuse,ownership,route,schlbus,spejur,contdev,devfunc,trafid1,trafid2,lon,lat,wk_zone,vnumber,crashtype,criticalevent,criticaleventcat,spdlim,body,trailer,emerg,hazcargo,leave,mhevent,roadalgn,roadprof,traflane,trafflow,vehmanvr,numoccs,regowner,regstate,spuse,make,model,modelyr,vrf1,vrf2,seqevent1,seqevent2,seqevent3,seqevent4,seqevent5,seqevent6,pnumber,ptype,age,sex,hispanic,race,injury,diedscene,restraint,restraintmisuse,seatpos,takehosp,death_dt,death_tm,cert,cernum_wa,commlic,licendor,licrestrict,liccomp,drivpres,drf1,drf2,drf3,drf4,distract1,distract2,distract3,distract4,distract5,distract6,dricond1,dricond2,dricond3,dricond4,dricond5,dricond6,dzip,licstate,drhgt_in,weight,noncdl,noncdltype,prevdwi,prevoth,prevacc,prevspd,prevsus,driviol1,driviol2,driviol3,driviol4,driviol5,driviol6,spdrel,first_dt,last_dt,airbag,ejection,ejectpath,extricat,injurwrk,methalc,methdrug,nmlocat,strikveh,prf1,prf2,prf3,druginv,alcinvol,drugsts,drugres1,drugres2,drugres3,drugtst1,drugtst2,drugtst3,alcsts,alctst,alcres,nmact1,nmact2,nmact3,nmact4,nmact5,nmact6,nmprior1,nmprior2,nmprior3,nmprior4,nmprior5,nmprior6,nmcond1,nmcond2,nmcond3,nmcond4,nmcond5,nmcond6,nmsafe_helmet,nmsafe_pads,nmsafe_oth,nmprev_ref,nmprev_lgt,nmprev_oth,crashlocation,nmcrashtype,crosswalk,schoolzone,sidewalk,train_inv,wildlife_inv,rotr_fars,intersect_fars,dd_inv,aid_inv,dpd_inv,id_inv,mj_inv,impnm_inv,ainm_inv,dpnm_inv,speed_inv,unlic_inv,unendmc_inv,drowsy_inv,drdist_inv,nmdist_inv,fty_inv,unrestfat_inv,dr1617_inv,dr1820_inv,dr1620_inv,dr2125_inv,dr1625_inv,dr65_inv,dr70_inv,dr75_inv,mc_inv,pv_inv,ht_inv,ped_inv,bike_inv,unrest_fat,mc_fat,unhelmet_mc,pv_fat,ht_fat,ped_fat,bike_fat,dr_alc7,dr_alc8,dr_drug,dr_imp,dr_dist,dr_spd,dr_fty,dr_unlic,dr_alc7only,dr_alc8only,dr_drugonly,dr_drink,nm_imp,nm_alc7,nm_alc8,nm_drug,nm_dist,agegrp1,agegrp2,roadclass,urbrur,dayweek,restuse,vehtype,race_me,intersect,lanedep,oppdir,wrongway,rep_typ,investag,repag_long,rotr,st_rd,cty_rd,city_rd,oth_rd,drug_thc,thc_res,drug_cthc,cthc_res,drug_cann,prevpersemin,prevperse,prevsusoth,drugtst4,drugtst5,drugtst6,drugtst7,drugtst8,drugres4,drugres5,drugres6,drugres7,drugres8,adspresent,adsengaged,adslevel,race1,race2,race3,race4,race5,helmet,helmetmisuse,nmdistract1,nmdistract2,nmdistract3,nmdistract4,nmdistract5,nmdistract6,lab,isedtcase,crf1,crf2,crf3,CoRoadName,CoMP,IntCoRoadName,IntCoMP,crashzip,dcity,crashcity
1481,1507,1507,2018,462,E872691,35.0,2018-12-16,6:52,16,12,0.0,53,Pierce,0,1,0.0,2,2,2,1,0,2,1,,,,1,0,0,0.5,1,0,1,5,1,2,4,0,0,0,0,CR-264TH ST E,,-122.2173306,47.017386111,0,1,1,11,2,35,14,0,0,1,7,1,3,2,2,1,14,2,2,53,0,2,404,1999,0,0.0,63,1.0,,,,,1,1,15,2,0.0,0.0,2,0,3,0,11,8,,,,,0.0,0.0,0.0,0.0,1,0,0.0,0.0,0.0,96,,,,,,9,,,,,,98387,53,,999.0,0.0,0.0,99.0,99.0,99.0,99.0,,97,,,,,,0,,,20,0,0,0,8.0,9,1,,,0,0.0,0.0,1,9,2.0,605.0,,,1.0,,,8,95,995.0,,,,,,,,,,,,,,,,,,,,,,,,,,,,,,0,0,1,0,0,0,1,1,1,0,0,0,0,1,0,0,0,0,0,1,0,0,0,0,0,0,0,0,0,1,0,0,0,0,0,,0,0,0,0,0,0,1,1,0,0,0,1,0,0,0,0,,,,,,10-15,0-15,County road,R,Sunday,Belt Used,PV,Not Fatal,0,1,0,0,County Road,County Sheriff,Law Enforcement Support Agency,1,0,1,0,0,,,,,,99.0,99.0,99.0,,,,,,,,,,,,,,,,,,,,,,,,,,,,,,,,,,,,98360,Spanaway,Orting
1482,1508,1508,2018,463,E872857,4.0,2018-12-11,15:15,11,12,0.0,63,Spokane,0,4,0.0,1,10,2,1,0,3,2,,,,12,0,6,304.1,1,0,1,3,1,1,2,0,0,0,0,US-2,,-117.3496389,47.999097222,0,1,66,9,1,98,2,0,0,1,2,12,1,2,2,1,1,1,2,53,0,37,31,1995,0,0.0,68,12.0,,,,,1,1,49,2,7.0,1.0,4,7,99,0,11,0,12/11/2018,15:30,53054611.0,54611.0,0.0,0.0,0.0,2.0,1,28,0.0,0.0,0.0,96,,,,,,9,,,,,,72712,5,60.0,130.0,1.0,1.0,0.0,0.0,0.0,0.0,,0,,,,,,0,,,20,0,0,0,0.0,9,1,,,0,0.0,0.0,1,9,2.0,605.0,695.0,401.0,1.0,1.0,1.0,2,1,0.0,,,,,,,,,,,,,,,,,,,,,,,,,,,,,,0,0,0,0,0,0,1,1,1,0,0,0,0,1,0,0,0,0,0,0,0,0,0,0,0,0,0,0,0,1,0,0,0,0,0,,1,0,0,0,0,0,1,1,0,0,0,1,0,0,1,0,,,,,,46-50,46-55,US highway,R,Tuesday,Unknown,PV,White,0,1,1,0,State Route,State Patrol,Washington State Patrol,0,1,0,0,0,thc,39.0,carboxy-thc,29.0,,0.0,0.0,0.0,1.0,,,,,417.0,,,,,,,,,,,,,,,,,,,,,,,,,,,,,,99003,Bentonville,Chattaroy
1483,1509,1509,2018,463,E872857,4.0,2018-12-11,15:15,11,12,0.0,63,Spokane,0,4,0.0,1,10,2,1,0,3,2,,,,12,0,6,304.1,1,0,1,3,1,1,2,0,0,0,0,US-2,,-117.3496389,47.999097222,0,2,66,62,4,60,14,0,0,1,7,12,1,2,2,1,1,2,1,53,0,12,401,1997,0,0.0,12,,,,,,1,1,58,1,0.0,0.0,1,0,3,0,11,0,,,,,0.0,0.0,0.0,0.0,1,0,0.0,0.0,0.0,96,,,,,,0,,,,,,99009,53,75.0,155.0,0.0,0.0,0.0,0.0,0.0,0.0,,72,,,,,,0,,,1,0,0,0,8.0,9,8,,,0,0.0,0.0,8,0,8.0,95.0,,,96.0,,,8,95,995.0,,,,,,,,,,,,,,,,,,,,,,,,,,,,,,0,0,0,0,0,0,1,1,1,0,0,0,0,1,0,0,0,0,0,0,0,0,0,0,0,0,0,0,0,1,0,0,0,0,0,,0,0,0,0,0,0,0,0,0,0,0,1,0,0,0,0,,,,,,56-60,56-65,US highway,R,Tuesday,Belt Used,PV,Not Fatal,0,1,1,0,State Route,State Patrol,Washington State Patrol,0,1,0,0,0,,,,,,0.0,0.0,0.0,,,,,,,,,,,,,,,,,,,,,,,,,,,,,,,,,,,,99003,Elk,Chattaroy
1484,1510,1510,2018,464,E872897,339.0,2018-12-11,11:58,11,12,0.0,63,Spokane,2113,1,0.0,9,1,2,1,0,1,1,,,,1,0,0,0.0,1,0,1,7,2,4,6,0,0,0,0,E MONTGOMERY AVE,,-117.1673,47.678733333,0,1,98,98,7,98,20,0,0,1,7,1,1,1,2,1,1,1,2,53,0,9,442,1999,0,0.0,1,,,,,,1,1,22,2,7.0,1.0,4,7,3,0,11,0,12/11/2018,11:58,211353055154.0,55154.0,0.0,0.0,0.0,3.0,1,0,0.0,0.0,0.0,93,,,,,,99,,,,,,99206,53,66.0,145.0,6.0,1.0,0.0,0.0,0.0,1.0,,0,,,,,,0,03/15/2017,03/15/2017,8,0,0,0,0.0,9,8,,,0,0.0,0.0,8,9,2.0,407.0,996.0,402.0,1.0,1.0,1.0,2,1,0.245,,,,,,,,,,,,,,,,,,,,,,,,,,,,,,0,0,0,0,1,1,1,1,1,0,0,0,0,0,0,0,1,0,0,0,0,0,0,1,1,0,0,0,0,1,0,0,0,0,0,,1,0,0,0,0,1,1,1,1,0,0,0,0,0,0,1,,,,,,21-25,16-25,City street,U,Tuesday,Belt Used,PV,White,0,1,0,0,City Street,Municipal/City Police,Spokane Valley Police Department,1,0,0,1,0,thc,6.5,carboxy-thc,11.0,,0.0,0.0,0.0,1.0,1.0,,,,695.0,605.0,,,,,,,,,,,,,,,,,,,,,,,,,,,,,99016,Spokane,Greenacres
1485,1511,1511,2018,465,E872902,339.0,2018-12-16,2:55,16,12,0.0,63,Spokane,2113,2,0.0,3,2,2,1,0,1,1,2:58,3:04,3:42,25,0,0,0.0,1,0,1,5,2,4,6,0,0,0,0,E MISSION AVE,E AUGUSTA AVE,-117.2937472,47.672211111,0,1,6,12,2,98,2,0,0,1,7,25,2,1,2,1,14,1,1,53,0,58,37,2011,0,0.0,68,64.0,25.0,67.0,39.0,,1,1,22,1,7.0,1.0,4,0,1,0,11,5,12/16/2018,4:53,211053055914.0,55914.0,0.0,0.0,0.0,3.0,1,0,0.0,0.0,0.0,96,,,,,,99,,,,,,99206,53,71.0,145.0,6.0,1.0,0.0,0.0,0.0,0.0,,0,,,,,,3,,,8,0,0,0,0.0,9,8,,,0,0.0,0.0,8,9,2.0,348.0,,,1.0,,,2,1,0.0,,,,,,,,,,,,,,,,,,,,,,,,,,,,,,0,0,1,0,0,0,1,1,0,0,0,0,1,0,0,0,0,0,0,0,0,0,0,1,1,0,0,0,0,1,0,0,0,0,0,,1,0,0,0,0,0,1,1,0,1,0,0,0,0,1,0,,,,,,21-25,16-25,City street,U,Sunday,Belt Used,PV,White,0,1,0,0,City Street,Municipal/City Police,Spokane Valley Police Department,1,0,0,1,0,,,,,,0.0,0.0,0.0,,,,,,,,,,,,,,,,,,,,,,,,,,,,,,,,,,,,99212,Spokane,Spokane
1486,1512,1512,2018,466,E872998,4.0,2018-12-10,8:20,10,12,0.0,65,Stevens,0,10,0.0,1,10,2,1,0,4,3,,,,12,0,2,192.3,1,0,1,3,1,1,2,0,0,0,0,US-395,,-117.5920111,48.021694444,0,1,50,6,1,60,34,0,0,1,2,12,2,2,3,1,14,2,1,53,0,49,472,1998,0,0.0,68,12.0,12.0,,,,1,1,50,2,7.0,1.0,4,7,20,0,11,0,12/10/2018,8:20,53054787.0,54787.0,0.0,0.0,3.0,3.0,1,87,0.0,0.0,0.0,96,,,,,,99,,,,,,99109,53,65.0,190.0,6.0,1.0,0.0,0.0,0.0,0.0,,0,,,,,,4,,,20,0,0,0,0.0,1,1,,,0,0.0,0.0,0,0,2.0,177.0,,,1.0,,,2,1,0.0,,,,,,,,,,,,,,,,,,,,,,,,,,,,,,0,0,0,0,0,0,1,1,0,0,0,0,1,0,0,0,0,0,0,1,0,0,0,0,0,1,1,0,0,1,0,0,0,1,0,,1,0,0,0,0,0,1,1,0,1,0,0,0,0,1,0,,,,,,46-50,46-55,US highway,R,Monday,Not Used,PV,White,0,1,1,0,State Route,State Patrol,Washington State Patrol,0,1,0,0,0,,,,,,0.0,0.0,0.0,,,,,,,,,,,,,,,,,,,,,,,,,,,,,,,,,,,,99110,Chewelah,Clayton
1487,1513,1513,2018,466,E872998,4.0,2018-12-10,8:20,10,12,0.0,65,Stevens,0,10,0.0,1,10,2,1,0,4,3,,,,12,0,2,192.3,1,0,1,3,1,1,2,0,0,0,0,US-395,,-117.5920111,48.021694444,0,2,51,62,4,60,34,0,0,1,2,12,3,2,3,1,14,1,1,53,0,7,482,2007,0,0.0,12,,,,,,1,1,73,1,0.0,0.0,0,0,3,0,11,0,,,,,0.0,0.0,3.0,3.0,1,0,0.0,0.0,0.0,96,,,,,,0,,,,,,99109,53,70.0,230.0,6.0,1.0,0.0,0.0,0.0,0.0,,0,,,,,,0,,,20,0,0,0,8.0,9,8,,,0,0.0,0.0,8,0,8.0,95.0,,,96.0,,,8,95,995.0,,,,,,,,,,,,,,,,,,,,,,,,,,,,,,0,0,0,0,0,0,1,1,0,0,0,0,1,0,0,0,0,0,0,1,0,0,0,0,0,1,1,0,0,1,0,0,0,0,0,,0,0,0,0,0,0,0,0,0,0,0,0,0,0,0,0,,,,,,71-75,66-75,US highway,R,Monday,Belt Used,PV,Not Fatal,0,1,1,0,State Route,State Patrol,Washington State Patrol,0,1,0,0,0,,,,,,0.0,0.0,0.0,,,,,,,,,,,,,,,,,,,,,,,,,,,,,,,,,,,,99110,Chewelah,Clayton
1488,1514,1514,2018,466,E872998,4.0,2018-12-10,8:20,10,12,0.0,65,Stevens,0,10,0.0,1,10,2,1,0,4,3,,,,12,0,2,192.3,1,0,1,3,1,1,2,0,0,0,0,US-395,,-117.5920111,48.021694444,0,3,98,62,4,60,15,0,0,1,2,12,3,2,3,1,14,1,1,53,0,23,422,2011,0,0.0,12,,,,,,1,1,54,1,0.0,0.0,1,0,3,0,11,8,,,,,0.0,0.0,0.0,3.0,1,0,0.0,0.0,0.0,96,,,,,,0,,,,,,99005,53,63.0,285.0,6.0,1.0,0.0,0.0,1.0,0.0,,0,,,,,,0,10/15/2017,10/15/2017,1,0,0,0,8.0,9,8,,,0,0.0,0.0,8,0,8.0,95.0,,,96.0,,,8,95,995.0,,,,,,,,,,,,,,,,,,,,,,,,,,,,,,0,0,0,0,0,0,1,1,0,0,0,0,1,0,0,0,0,0,0,1,0,0,0,0,0,1,1,0,0,1,0,0,0,0,0,,0,0,0,0,0,0,0,0,0,0,0,0,0,0,0,0,,,,,,51-55,46-55,US highway,R,Monday,Belt Used,PV,Not Fatal,0,1,1,0,State Route,State Patrol,Washington State Patrol,0,1,0,0,0,,,,,,0.0,0.0,0.0,,,,,,,,,,,,,,,,,,,,,,,,,,,,,,,,,,,,99110,Colbert,Clayton
1489,1515,1515,2018,467,E873054,221.0,2018-12-12,0:00,12,12,0.0,47,Okanogan,0,1,0.0,2,10,5,1,0,1,1,,,,3,0,0,1.2,1,0,1,6,1,2,4,0,0,0,0,CR-MONSE RIVER RD,,-119.6904611,48.110938889,0,1,0,6,1,35,14,0,0,1,7,3,1,1,2,1,1,1,1,53,0,12,402,2003,0,0.0,68,68.0,63.0,3.0,,,1,1,76,2,7.0,1.0,4,7,20,0,11,0,12/12/2018,0:00,53055232.0,55232.0,0.0,0.0,3.0,2.0,1,58,0.0,0.0,0.0,93,,,,,,99,,,,,,98812,53,65.0,150.0,1.0,1.0,0.0,0.0,0.0,1.0,,0,,,,,,4,08/15/2018,08/15/2018,20,0,0,0,0.0,9,8,,,0,0.0,0.0,8,9,2.0,996.0,,,1.0,,,2,1,0.11,,,,,,,,,,,,,,,,,,,,,,,,,,,,,,0,0,0,0,1,1,1,1,0,0,0,0,1,1,0,0,1,0,0,1,0,0,0,0,0,1,1,1,0,1,0,0,0,1,0,,1,0,0,0,0,1,1,1,1,1,0,1,0,0,0,1,,,,,,76-80,76+,County road,R,Wednesday,Not Used,PV,White,0,1,0,0,County Road,County Sheriff,Okanogan County Sheriff's Office,1,0,1,0,0,,,,,,0.0,0.0,1.0,,,,,,,,,,,,,,,,,,,,,,,,,,,,,,,,,,,,98812,Brewster,Brewster
1490,1516,1516,2018,468,E873114,4.0,2018-12-12,4:26,12,12,0.0,43,Lincoln,0,1,0.0,2,4,2,1,0,4,2,4:40,5:16,5:54,12,0,6,244.8,1,0,1,1,1,1,1,0,0,0,0,I-90,,-117.9407417,47.323186111,0,1,98,6,1,60,66,1,0,1,2,12,1,2,2,3,1,2,3,6,0,82,881,2015,0,0.0,12,,,,,,1,1,23,1,7.0,68.0,4,7,3,0,11,0,12/12/2018,4:26,53055442.0,55442.0,6.0,3.0,0.0,3.0,1,0,0.0,0.0,0.0,96,,,,,,99,,,,,,95377,6,67.0,160.0,6.0,1.0,0.0,0.0,0.0,0.0,,0,,,,,,4,,,20,9,0,0,1.0,9,8,,,0,0.0,0.0,8,9,8.0,95.0,,,96.0,,,8,95,995.0,,,,,,,,,,,,,,,,,,,,,,,,,,,,,,0,0,0,0,0,0,0,0,0,0,0,0,1,0,0,0,1,0,0,0,0,0,0,1,1,0,0,0,0,0,1,0,0,0,0,,0,1,0,0,0,0,0,0,0,1,0,0,0,0,0,0,,,,,,21-25,16-25,Interstate,R,Wednesday,,MHTRUCK,API,0,0,0,0,State Route,State Patrol,Washington State Patrol,0,1,0,0,0,,,,,,0.0,0.0,0.0,,,,,,,,,,,,,,,,,,,,,,,,,,,,,,,,,,,,99032,Tracy,Sprague
1491,1517,1517,2018,468,E873114,4.0,2018-12-12,4:26,12,12,0.0,43,Lincoln,0,1,0.0,2,4,2,1,0,4,2,4:40,5:16,5:54,12,0,6,244.8,1,0,1,1,1,1,1,0,0,0,0,I-90,,-117.9407417,47.323186111,0,2,98,50,3,60,66,1,0,1,2,12,1,2,2,3,1,2,3,17,0,51,881,2018,0,0.0,12,,,,,,1,1,26,1,0.0,0.0,3,0,3,0,11,4,,,,,6.0,3.0,0.0,3.0,1,0,0.0,0.0,0.0,93,,,,,,0,,,,,,33478,12,74.0,999.0,6.0,1.0,0.0,3.0,0.0,1.0,,0,,,,,,4,09/15/2015,10/15/2017,1,0,0,0,8.0,9,8,,,0,0.0,0.0,8,0,8.0,95.0,,,96.0,,,8,95,995.0,,,,,,,,,,,,,,,,,,,,,,,,,,,,,,0,0,0,0,0,0,0,0,0,0,0,0,1,0,0,0,1,0,0,0,0,0,0,1,1,0,0,0,0,0,1,0,0,0,0,,0,0,0,0,0,0,0,0,1,1,0,0,0,0,0,0,,,,,,26-30,26-35,Interstate,R,Wednesday,,MHTRUCK,Not Fatal,0,0,0,0,State Route,State Patrol,Washington State Patrol,0,1,0,0,0,,,,,,0.0,0.0,0.0,,,,,,,,,,,,,,,,,,,,,,,,,,,,,,,,,,,,99032,Jupiter,Sprague
1492,1518,1518,2018,469,E874030,222.0,2018-12-18,6:27,18,12,0.0,67,Thurston,1590,2,0.0,3,2,2,1,1,1,1,,,,8,0,0,0.0,1,0,1,7,2,4,6,0,0,0,0,FONES RD SE,WOODLAND TRAIL,-122.8469,47.040027778,0,1,13,80,5,35,4,0,0,1,7,8,1,1,3,1,1,1,2,53,0,37,31,1994,0,0.0,8,,,,,,1,1,33,1,0.0,0.0,0,0,3,0,11,0,,,,,0.0,0.0,3.0,3.0,1,0,0.0,0.0,0.0,93,,,,,,0,,,,,,98501,53,72.0,180.0,6.0,1.0,0.0,0.0,0.0,1.0,,97,,,,,,0,04/15/2018,12/15/2018,20,0,0,0,8.0,9,8,,,0,0.0,0.0,8,0,8.0,95.0,,,96.0,,,8,95,995.0,,,,,,,,,,,,,,,,,,,,,,,,,,,,,,0,0,0,0,0,0,0,0,0,0,0,0,0,0,0,0,1,0,0,0,0,0,0,0,0,0,0,0,0,1,0,1,0,0,0,,0,0,0,0,0,0,0,0,1,0,0,0,0,0,0,0,,,,,,31-35,26-35,City street,U,Tuesday,Belt Used,PV,Not Fatal,1,0,0,0,City Street,Municipal/City Police,Olympia Police Department,0,0,0,1,0,,,,,,0.0,0.0,1.0,,,,,,,,,,,,,,,,,,,,,,,,,,,,,,,,,,,,98501,Olympia,Olympia
1493,1519,1519,2018,470,E874079,42.0,2018-12-17,21:23,17,12,0.0,67,Thurston,0,2,0.0,2,2,2,1,1,4,1,,,,8,0,0,11.1,1,0,1,5,1,2,4,0,0,0,0,CR-LITTLEROCK RD SW,,-122.9762333,46.9497,0,1,13,80,5,50,15,1,0,1,5,8,1,1,2,1,1,4,1,53,0,12,422,1999,0,0.0,8,,,,,,1,1,46,1,0.0,0.0,0,0,3,0,11,0,,,,,0.0,0.0,0.0,3.0,1,10,0.0,0.0,0.0,96,,,,,,0,,,,,,98579,53,69.0,190.0,6.0,1.0,0.0,0.0,0.0,0.0,,0,,,,,,0,,,20,0,0,0,8.0,9,8,,,0,0.0,0.0,8,0,8.0,95.0,,,96.0,,,8,95,995.0,,,,,,,,,,,,,,,,,,,,,,,,,,,,,,0,0,0,0,0,0,0,0,0,0,0,0,0,0,0,0,0,0,0,0,0,0,0,0,0,0,0,0,0,1,0,1,0,0,0,,0,0,0,0,0,0,0,0,0,0,0,0,0,0,0,0,,,,,,46-50,46-55,County road,R,Monday,Belt Used,PV,Not Fatal,0,0,0,0,County Road,County Sheriff,Thurston County Sheriff's Office,0,0,1,0,0,,,,,,0.0,0.0,0.0,,,,,,,,,,,,,,,,,,,,,,,,,,,,,,,,,,,,98512,Rochester,Olympia
1494,1520,1520,2018,471,E874335,4.0,2018-12-19,7:26,19,12,0.0,63,Spokane,0,1,0.0,1,2,2,1,0,6,3,7:28,7:51,8:22,12,0,1,266.1,3,0,2,3,1,1,2,0,0,0,0,US-2,CHRISTENSEN RD,-117.6686028,47.642936111,0,1,20,10,2,55,20,0,0,1,2,12,1,1,3,1,1,1,2,53,0,7,442,2002,0,0.0,12,,,,,,1,1,45,1,0.0,0.0,2,0,3,0,11,5,,,,,0.0,0.0,0.0,3.0,1,91,0.0,0.0,0.0,96,,,,,,9,,,,,,99155,53,70.0,195.0,6.0,1.0,1.0,1.0,0.0,1.0,,1,,,,,,0,12/15/2015,11/15/2016,1,0,0,0,8.0,9,8,,,0,0.0,0.0,8,1,2.0,605.0,695.0,401.0,1.0,1.0,1.0,2,1,0.016,,,,,,,,,,,,,,,,,,,,,,,,,,,,,,0,0,0,1,1,0,1,1,1,0,0,0,0,0,0,0,0,0,0,0,0,0,0,0,0,0,0,0,0,1,1,0,0,0,0,,0,0,0,0,1,0,1,1,0,0,0,0,0,0,0,1,,,,,,41-45,36-45,US highway,R,Wednesday,Belt Used,PV,Not Fatal,1,0,0,0,State Route,State Patrol,Washington State Patrol,0,1,0,0,0,thc,4.1,carboxy-thc,53.0,,0.0,0.0,1.0,1.0,,,,,417.0,,,,,,,,,,,,,,,,,,,,,,,,,,,,,,99022,Nespelem,Medical Lake
1495,1521,1521,2018,471,E874335,4.0,2018-12-19,7:26,19,12,0.0,63,Spokane,0,1,0.0,1,2,2,1,0,6,3,7:28,7:51,8:22,12,0,1,266.1,3,0,2,3,1,1,2,0,0,0,0,US-2,CHRISTENSEN RD,-117.6686028,47.642936111,0,2,21,60,4,55,14,0,0,1,2,12,1,1,3,1,5,1,1,53,0,48,403,2016,0,0.0,12,68.0,12.0,,,,1,1,36,1,7.0,1.0,4,7,3,0,11,0,12/19/2018,7:26,2253056007.0,56007.0,0.0,0.0,0.0,3.0,1,0,0.0,0.0,0.0,0,,,,,,99,,,,,,99217,53,70.0,180.0,6.0,1.0,0.0,0.0,1.0,0.0,,0,,,,,,0,12/15/2016,12/15/2016,8,0,0,0,0.0,9,8,,,0,0.0,0.0,8,0,2.0,1.0,,,1.0,,,2,1,0.0,,,,,,,,,,,,,,,,,,,,,,,,,,,,,,0,0,0,1,1,0,1,1,1,0,0,0,0,0,0,0,0,0,0,0,0,0,0,0,0,0,0,0,0,1,1,0,0,0,0,,1,0,0,0,0,0,0,0,0,0,0,0,0,0,0,0,,,,,,36-40,36-45,US highway,R,Wednesday,Belt Used,PV,White,1,0,0,0,State Route,State Patrol,Washington State Patrol,0,1,0,0,0,,,,,,0.0,0.0,0.0,,,,,,,,,,,,,,,,,,,,,,,,,,,,,,,,,,,,99022,Spokane,Medical Lake
1496,1522,1522,2018,471,E874335,4.0,2018-12-19,7:26,19,12,0.0,63,Spokane,0,1,0.0,1,2,2,1,0,6,3,7:28,7:51,8:22,12,0,1,266.1,3,0,2,3,1,1,2,0,0,0,0,US-2,CHRISTENSEN RD,-117.6686028,47.642936111,0,3,98,62,4,55,67,0,0,1,2,12,1,1,3,1,1,4,1,53,0,12,880,2001,0,0.0,12,,,,,,1,1,28,1,0.0,0.0,2,0,3,0,11,5,,,,,0.0,0.0,0.0,3.0,1,0,0.0,0.0,0.0,96,,,,,,0,,,,,,99008,53,70.0,200.0,6.0,1.0,0.0,0.0,0.0,0.0,,0,,,,,,0,,,20,0,0,0,8.0,9,8,,,0,0.0,0.0,8,0,8.0,95.0,,,96.0,,,8,95,995.0,,,,,,,,,,,,,,,,,,,,,,,,,,,,,,0,0,0,1,1,0,1,1,1,0,0,0,0,0,0,0,0,0,0,0,0,0,0,0,0,0,0,0,0,1,1,0,0,0,0,,0,0,0,0,0,0,0,0,0,0,0,0,0,0,0,0,,,,,,26-30,26-35,US highway,R,Wednesday,Belt Used,MHTRUCK,Not Fatal,1,0,0,0,State Route,State Patrol,Washington State Patrol,0,1,0,0,0,,,,,,0.0,0.0,0.0,,,,,,,,,,,,,,,,,,,,,,,,,,,,,,,,,,,,99022,Edwall,Medical Lake
1497,1524,1524,2018,473,E874638,4.0,2018-12-14,21:05,14,12,0.0,43,Lincoln,0,1,0.0,2,1,2,1,0,1,1,,,,1,0,0,35.3,1,0,1,5,1,1,3,0,0,0,0,SR-174,,-118.7814778,47.822022222,0,1,6,12,2,60,34,0,0,1,2,1,1,1,2,1,1,1,1,53,0,12,481,1998,0,0.0,68,64.0,1.0,,,,1,1,43,1,7.0,1.0,4,7,99,0,11,0,12/14/2018,21:05,251053055448.0,55448.0,0.0,0.0,0.0,3.0,1,0,0.0,0.0,0.0,0,,,,,,2,,,,,,99122,53,70.0,160.0,6.0,1.0,0.0,2.0,0.0,1.0,,0,,,,,,0,12/15/2014,11/15/2017,20,1,9,0,0.0,9,8,,,0,0.0,0.0,8,9,8.0,95.0,,,96.0,,,8,95,995.0,,,,,,,,,,,,,,,,,,,,,,,,,,,,,,0,0,1,0,0,0,0,0,0,0,0,0,0,0,0,1,0,0,0,0,0,0,0,0,0,0,0,0,0,1,0,0,0,0,0,,1,0,0,0,0,0,0,0,0,0,0,0,0,0,0,0,,,,,,41-45,36-45,State route,R,Friday,Unknown,PV,White,0,1,0,0,State Route,State Patrol,Washington State Patrol,1,1,0,0,0,,,,,,0.0,0.0,1.0,,,,,,,,,,,,,,,,,,,,,,,,,,,,,,,,,,,,99103,Davenport,Almira
1498,1525,1525,2018,474,E875914,2.0,2018-12-20,3:20,20,12,0.0,73,Whatcom,740,2,0.0,2,2,2,1,1,1,1,3:21,3:29,,8,1,0,0.0,1,0,1,7,2,4,6,0,0,0,0,CR-GRANDVIEW RD,ATWOOD RD,-122.5948861,48.892363889,0,1,13,13,2,35,34,0,0,1,5,8,3,1,2,1,14,1,1,91,0,20,481,2002,0,0.0,63,8.0,,,,,1,1,43,1,0.0,0.0,9,0,99,0,11,8,,,,,0.0,0.0,0.0,3.0,1,0,0.0,0.0,0.0,92,,,,,,99,,,,,,98248,53,72.0,175.0,6.0,1.0,0.0,2.0,1.0,0.0,,7,,,,,,0,05/15/2018,05/15/2018,99,9,0,0,8.0,9,8,,,0,0.0,0.0,8,9,8.0,95.0,,,96.0,,,8,95,995.0,,,,,,,,,,,,,,,,,,,,,,,,,,,,,,0,0,0,0,0,0,0,0,0,1,1,1,0,0,0,0,1,0,0,0,0,0,0,0,0,0,0,0,0,1,0,1,0,0,0,,0,0,0,0,0,0,0,0,1,0,0,0,0,0,0,0,,,,,,41-45,36-45,City street,U,Thursday,Unknown,PV,Not Fatal,0,0,0,0,City Street,State Patrol,Washington State Patrol,0,0,0,1,0,,,,,,0.0,0.0,1.0,,,,,,,,,,,,,,,,,,,,,,,,,,,,,,,,,,,,98248,Ferndale,Ferndale
1499,1526,1526,2018,475,E876580,160.0,2018-12-23,15:46,23,12,9.0,33,King,1030,2,0.0,1,2,1,1,0,1,1,,,,42,0,0,0.0,1,0,1,7,2,4,6,0,0,0,0,REITEN RD,E GUIBERSON ST,-122.2181333,47.378322222,0,1,1,13,2,98,6,0,0,1,7,42,3,2,2,1,14,1,1,53,0,48,34,2001,0,0.0,63,42.0,,,,,1,1,64,1,7.0,1.0,4,7,20,0,11,0,12/23/2018,15:46,103053057501.0,57501.0,0.0,0.0,0.0,3.0,1,0,0.0,0.0,0.0,96,,,,,,99,,,,,,98030,53,67.0,170.0,6.0,1.0,0.0,0.0,0.0,3.0,,0,,,,,,4,12/15/2014,02/15/2016,20,0,0,0,0.0,9,8,,,0,0.0,0.0,8,1,2.0,189.0,188.0,,1.0,1.0,,2,1,0.0,,,,,,,,,,,,,,,,,,,,,,,,,,,,,,0,0,1,0,1,0,1,1,0,0,0,0,1,0,0,0,0,0,0,1,0,0,0,0,0,0,0,0,0,1,0,0,0,1,0,,1,0,0,0,0,0,1,1,0,1,0,0,0,0,1,1,,,,,,61-65,56-65,City street,U,Sunday,Not Used,PV,White,0,1,0,0,City Street,Municipal/City Police,Kent Police Department,1,0,0,1,0,,,,,,0.0,0.0,0.0,,,,,,,,,,,,,,,,,,,,,,,,,,,,,,,,,,,,98030,Kent,Kent