,index,Unnamed: 0,year,case,par,repjur,crash_dt,crash_tm,accday,accmon,holiday,county,co_char,city,weather,weather2,lightcond,surfcond,surftype,numfatal,nmforms,pforms,vforms,not_tm,arr_tm,hosp_tm,fhevent,hitrun,manncol,milepnt,reljunc,reljuncinter,intersectiontype,funcsystem,landuse,ownership,route,schlbus,spejur,contdev,devfunc,trafid1,trafid2,lon,lat,wk_zone,vnumber,crashtype,criticalevent,criticaleventcat,spdlim,body,trailer,emerg,hazcargo,leave,mhevent,roadalgn,roadprof,traflane,trafflow,vehmanvr,numoccs,regowner,regstate,spuse,make,model,modelyr,vrf1,vrf2,seqevent1,seqevent2,seqevent3,seqevent4,seqevent5,seqevent6,pnumber,ptype,age,sex,hispanic,race,injury,diedscene,restraint,restraintmisuse,seatpos,takehosp,death_dt,death_tm,cert,cernum_wa,commlic,licendor,licrestrict,liccomp,drivpres,drf1,drf2,drf3,drf4,distract1,distract2,distract3,distract4,distract5,distract6,dricond1,dricond2,dricond3,dricond4,dricond5,dricond6,dzip,licstate,drhgt_in,weight,noncdl,noncdltype,prevdwi,prevoth,prevacc,prevspd,prevsus,driviol1,driviol2,driviol3,driviol4,driviol5,driviol6,spdrel,first_dt,last_dt,airbag,ejection,ejectpath,extricat,injurwrk,methalc,methdrug,nmlocat,strikveh,prf1,prf2,prf3,druginv,alcinvol,drugsts,drugres1,drugres2,drugres3,drugtst1,drugtst2,drugtst3,alcsts,alctst,alcres,nmact1,nmact2,nmact3,nmact4,nmact5,nmact6,nmprior1,nmprior2,nmprior3,nmprior4,nmprior5,nmprior6,nmcond1,nmcond2,nmcond3,nmcond4,nmcond5,nmcond6,nmsafe_helmet,nmsafe_pads,nmsafe_oth,nmprev_ref,nmprev_lgt,nmprev_oth,crashlocation,nmcrashtype,crosswalk,schoolzone,sidewalk,train_inv,wildlife_inv,rotr_fars,intersect_fars,dd_inv,aid_inv,dpd_inv,id_inv,mj_inv,impnm_inv,ainm_inv,dpnm_inv,speed_inv,unlic_inv,unendmc_inv,drowsy_inv,drdist_inv,nmdist_inv,fty_inv,unrestfat_inv,dr1617_inv,dr1820_inv,dr1620_inv,dr2125_inv,dr1625_inv,dr65_inv,dr70_inv,dr75_inv,mc_inv,pv_inv,ht_inv,ped_inv,bike_inv,unrest_fat,mc_fat,unhelmet_mc,pv_fat,ht_fat,ped_fat,bike_fat,dr_alc7,dr_alc8,dr_drug,dr_imp,dr_dist,dr_spd,dr_fty,dr_unlic,dr_alc7only,dr_alc8only,dr_drugonly,dr_drink,nm_imp,nm_alc7,nm_alc8,nm_drug,nm_dist,agegrp1,agegrp2,roadclass,urbrur,dayweek,restuse,vehtype,race_me,intersect,lanedep,oppdir,wrongway,rep_typ,investag,repag_long,rotr,st_rd,cty_rd,city_rd,oth_rd,drug_thc,thc_res,drug_cthc,cthc_res,drug_cann,prevpersemin,prevperse,prevsusoth,drugtst4,drugtst5,drugtst6,drugtst7,drugtst8,drugres4,drugres5,drugres6,drugres7,drugres8,adspresent,adsengaged,adslevel,race1,race2,race3,race4,race5,helmet,helmetmisuse,nmdistract1,nmdistract2,nmdistract3,nmdistract4,nmdistract5,nmdistract6,lab,isedtcase,crf1,crf2,crf3,CoRoadName,CoMP,IntCoRoadName,IntCoMP,crashzip,dcity,crashcity
1500,1527,1527,2018,476,E876928,9.0,2018-12-23,0:28,23,12,9.0,1,Adams,0,4,0.0,2,10,2,1,0,6,1,0:33,1:15,,1,0,0,4.7,1,0,1,5,1,2,4,0,0,0,0,CR-S LIND HATTON RD,,-118.8091278,46.821719444,0,1,1,13,2,25,20,0,0,1,7,1,3,2,2,1,14,6,2,53,0,6,441,2003,0,0.0,63,1.0,,,,,1,1,37,1,0.0,0.0,1,0,99,0,11,0,,,,,0.0,0.0,0.0,3.0,1,0,0.0,0.0,0.0,96,,,,,,0,,,,,,99344,53,67.0,185.0,6.0,1.0,0.0,2.0,1.0,2.0,,23,,,,,,3,06/15/2014,05/15/2016,1,0,0,0,8.0,9,8,,,0,0.0,0.0,8,0,8.0,95.0,,,96.0,,,8,95,995.0,,,,,,,,,,,,,,,,,,,,,,,,,,,,,,0,0,1,0,0,0,0,0,0,0,0,0,1,0,0,0,0,0,0,0,0,0,0,0,0,0,0,0,0,1,0,0,0,0,0,,0,0,0,0,0,0,0,0,0,1,0,0,0,0,0,0,,,,,,36-40,36-45,County road,R,Sunday,Unknown,PV,Not Fatal,0,1,0,0,County Road,County Sheriff,Adam's County Sheriff's Office,1,0,1,0,0,,,,,,0.0,0.0,0.0,,,,,,,,,,,,,,,,,,,,,,,,,,,,,,,,,,,,99344,Othello,Othello
1501,1528,1528,2018,477,E877198,247.0,2018-12-28,16:44,28,12,0.0,33,King,1820,2,0.0,2,2,2,1,1,1,1,,,,8,0,0,0.0,3,0,2,7,2,4,6,0,0,3,3,NE 28TH ST,152ND AVE NE,-122.1377278,47.635197222,0,1,13,80,5,98,62,0,0,1,5,8,1,2,2,1,11,1,3,53,0,84,881,2014,0,0.0,8,,,,,,1,1,33,1,0.0,0.0,0,0,3,0,11,0,,,,,0.0,0.0,0.0,3.0,1,38,0.0,0.0,0.0,96,,,,,,0,,,,,,98047,53,67.0,145.0,6.0,1.0,0.0,0.0,0.0,0.0,,97,,,,,,0,04/15/2014,04/15/2014,20,0,0,0,8.0,9,8,,,0,0.0,0.0,8,0,8.0,95.0,,,96.0,,,8,95,995.0,,,,,,,,,,,,,,,,,,,,,,,,,,,,,,0,0,0,1,0,0,0,0,0,0,0,0,0,0,0,0,0,0,1,0,0,0,0,0,0,0,0,0,0,0,1,1,0,0,0,,0,0,0,0,0,0,0,0,0,0,1,0,0,0,0,0,,,,,,31-35,26-35,City street,U,Friday,,MHTRUCK,Not Fatal,1,0,0,0,City Street,Municipal/City Police,Redmond Police Department,0,0,0,1,0,,,,,,0.0,0.0,1.0,,,,,,,,,,,,,,,,,,,,,,,,,,,,,,,,,,,,98052,Pacific,Redmond
1502,1529,1529,2018,478,E877471,6.0,2018-12-10,18:12,10,12,0.0,25,Grant,0,10,0.0,2,2,2,1,0,2,2,,,,12,0,2,27.0,1,0,1,3,1,1,3,0,0,0,0,SR-26,,-119.4443278,46.852325,0,1,50,10,2,60,4,0,0,1,2,12,1,1,2,1,1,1,1,53,0,12,17,2006,0,0.0,68,12.0,,,,,1,1,19,1,6.0,1.0,4,7,99,0,11,0,12/10/2018,18:12,193253055695.0,55695.0,0.0,0.0,0.0,3.0,1,28,0.0,0.0,0.0,96,,,,,,0,,,,,,98840,53,69.0,150.0,6.0,1.0,0.0,0.0,0.0,0.0,,0,,,,,,0,,,20,1,9,0,0.0,9,8,,,0,0.0,0.0,8,0,8.0,95.0,,,96.0,,,8,95,995.0,,,,,,,,,,,,,,,,,,,,,,,,,,,,,,0,0,0,0,0,0,0,0,0,0,0,0,0,0,0,0,0,0,0,0,0,1,1,1,1,0,0,0,0,1,1,0,0,0,0,,1,0,0,0,0,0,0,0,0,0,0,0,0,0,0,0,,,,,,18-20,16-25,State route,R,Monday,Unknown,PV,Hispanic,0,1,1,0,State Route,State Patrol,Washington State Patrol,0,1,0,0,0,,,,,,0.0,0.0,0.0,,,,,,,,,,,,,,,,,,,,,,,,,,,,,,,,,,,,99357,Okanogan,Royal City
1503,1530,1530,2018,478,E877471,6.0,2018-12-10,18:12,10,12,0.0,25,Grant,0,10,0.0,2,2,2,1,0,2,2,,,,12,0,2,27.0,1,0,1,3,1,1,3,0,0,0,0,SR-26,,-119.4443278,46.852325,0,2,51,62,4,60,66,1,0,1,7,12,1,1,2,1,1,1,3,53,0,51,881,2017,0,0.0,12,,,,,,1,1,25,1,0.0,0.0,1,0,3,0,11,4,,,,,6.0,1.0,0.0,3.0,1,0,0.0,0.0,0.0,96,,,,,,0,,,,,,99344,53,70.0,380.0,6.0,1.0,0.0,2.0,0.0,4.0,,0,,,,,,0,07/15/2014,01/15/2016,20,0,0,0,8.0,9,8,,,0,0.0,0.0,8,0,8.0,95.0,,,96.0,,,8,95,995.0,,,,,,,,,,,,,,,,,,,,,,,,,,,,,,0,0,0,0,0,0,0,0,0,0,0,0,0,0,0,0,0,0,0,0,0,1,1,1,1,0,0,0,0,1,1,0,0,0,0,,0,0,0,0,0,0,0,0,0,0,0,0,0,0,0,0,,,,,,21-25,16-25,State route,R,Monday,,MHTRUCK,Not Fatal,0,1,1,0,State Route,State Patrol,Washington State Patrol,0,1,0,0,0,,,,,,0.0,0.0,0.0,,,,,,,,,,,,,,,,,,,,,,,,,,,,,,,,,,,,99357,Othello,Royal City
1504,1531,1531,2018,479,E877730,16.0,2018-12-28,14:10,28,12,0.0,15,Cowlitz,0,2,0.0,1,2,2,1,0,1,1,,,,42,0,0,0.6,1,0,1,5,1,2,4,0,0,0,0,CR-MOUNT PLEASANT RD,,-122.8563528,46.062713889,0,1,6,12,2,35,63,0,0,1,7,42,1,2,2,1,1,1,3,53,0,98,804,2000,0,0.0,68,64.0,42.0,,,,1,1,66,1,7.0,1.0,4,0,99,0,11,4,12/28/2018,17:51,119053058229.0,58229.0,6.0,1.0,0.0,3.0,1,0,0.0,0.0,0.0,96,,,,,,0,,,,,,98611,53,77.0,240.0,6.0,1.0,0.0,0.0,0.0,1.0,,0,,,,,,0,02/15/2016,02/15/2016,20,0,0,0,1.0,9,8,,,0,0.0,0.0,8,0,2.0,1.0,,,1.0,,,2,1,0.0,,,,,,,,,,,,,,,,,,,,,,,,,,,,,,0,0,1,0,0,0,0,0,0,0,0,0,0,0,0,0,0,0,0,0,0,0,0,0,0,1,0,0,0,0,1,0,0,0,0,,0,1,0,0,0,0,0,0,0,0,0,0,0,0,0,0,,,,,,66-70,66-75,County road,R,Friday,,MHTRUCK,White,0,1,0,0,County Road,County Sheriff,Cowlitz County Sheriff's Office,1,0,1,0,0,,,,,,0.0,0.0,0.0,,,,,,,,,,,,,,,,,,,,,,,,,,,,,,,,,,,,98626,Castle Rock,Kelso
1505,1532,1532,2018,480,E878609,7.0,2018-12-30,4:55,30,12,0.0,33,King,1960,10,0.0,3,2,2,1,0,2,2,,,,24,0,0,161.1,1,0,1,1,2,1,1,0,0,0,0,I-5,,-122.3097,47.546936111,0,1,7,6,1,60,14,0,0,1,7,1,4,1,5,3,14,1,1,53,0,2,404,1999,0,0.0,64,24.0,1.0,60.0,54.0,,1,1,40,1,7.0,98.0,4,7,99,0,11,0,12/30/2018,4:55,196053058077.0,58077.0,0.0,0.0,0.0,3.0,1,0,0.0,0.0,0.0,96,,,,,,99,,,,,,98057,53,71.0,160.0,6.0,1.0,0.0,0.0,0.0,0.0,,0,,,,,,4,,,20,0,0,0,0.0,9,8,,,0,0.0,0.0,8,9,2.0,605.0,695.0,,1.0,1.0,,2,1,0.233,,,,,,,,,,,,,,,,,,,,,,,,,,,,,,0,0,0,0,1,1,1,1,1,0,0,0,1,0,0,0,0,0,0,0,0,0,0,0,0,0,0,0,0,1,0,0,0,0,0,,1,0,0,0,0,1,1,1,0,1,0,0,0,0,0,1,,,,,,36-40,36-45,Interstate,U,Sunday,Unknown,PV,Oth/Unk,0,1,0,0,State Route,State Patrol,Washington State Patrol,1,1,0,0,0,thc,1.5,carboxy-thc,8.9,,0.0,0.0,0.0,,,,,,,,,,,,,,,,,,,,,,,,,,,,,,,,,,,,98108,Renton,Seattle
1506,1533,1533,2018,480,E878609,7.0,2018-12-30,4:55,30,12,0.0,33,King,1960,10,0.0,3,2,2,1,0,2,2,,,,24,0,0,161.1,1,0,1,1,2,1,1,0,0,0,0,I-5,,-122.3097,47.546936111,0,2,98,98,7,60,20,0,0,1,5,54,4,1,5,3,14,1,1,53,0,37,441,2008,0,0.0,54,,,,,,1,1,45,2,0.0,0.0,0,0,3,0,11,0,,,,,0.0,0.0,0.0,3.0,1,0,0.0,0.0,0.0,96,,,,,,0,,,,,,98012,53,68.0,125.0,6.0,1.0,0.0,0.0,0.0,0.0,,0,,,,,,0,,,20,0,0,0,8.0,9,8,,,0,0.0,0.0,8,0,8.0,95.0,,,96.0,,,8,95,995.0,,,,,,,,,,,,,,,,,,,,,,,,,,,,,,0,0,0,0,1,1,1,1,1,0,0,0,1,0,0,0,0,0,0,0,0,0,0,0,0,0,0,0,0,1,0,0,0,0,0,,0,0,0,0,0,0,0,0,0,0,0,0,0,0,0,0,,,,,,41-45,36-45,Interstate,U,Sunday,Belt Used,PV,Not Fatal,0,1,0,0,State Route,State Patrol,Washington State Patrol,1,1,0,0,0,,,,,,0.0,0.0,0.0,,,,,,,,,,,,,,,,,,,,,,,,,,,,,,,,,,,,98108,Bothell,Seattle
1507,1534,1534,2018,481,E879767,6.0,2018-12-27,21:40,27,12,0.0,25,Grant,0,5,0.0,2,2,2,1,1,3,1,,,,8,0,0,157.6,1,0,1,1,1,1,1,0,0,0,0,I-90,,-119.6696694,47.103866667,0,1,13,80,5,70,67,0,0,1,5,8,1,1,2,3,1,3,1,53,0,7,880,2014,0,0.0,8,,,,,,1,1,50,1,0.0,0.0,0,0,3,0,11,0,,,,,0.0,0.0,0.0,3.0,1,0,0.0,0.0,0.0,96,,,,,,0,,,,,,98801,53,76.0,240.0,6.0,1.0,0.0,0.0,0.0,0.0,,0,,,,,,0,,,20,0,0,0,8.0,9,8,,,0,0.0,0.0,8,1,8.0,95.0,,,96.0,,,8,95,995.0,,,,,,,,,,,,,,,,,,,,,,,,,,,,,,0,0,0,0,1,0,0,0,0,0,0,0,0,0,0,0,0,0,0,0,0,0,0,0,0,0,0,0,0,0,1,1,0,0,0,,0,0,0,0,0,0,0,0,0,0,0,0,0,0,0,1,,,,,,46-50,46-55,Interstate,R,Thursday,Belt Used,MHTRUCK,Not Fatal,0,0,0,0,State Route,State Patrol,Washington State Patrol,0,1,0,0,0,,,,,,0.0,0.0,0.0,,,,,,,,,,,,,,,,,,,,,,,,,,,,,,,,,,,,98848,Wenatchee,Quincy
1508,1535,1535,2018,482,E880236,7.0,2018-12-16,16:50,16,12,0.0,33,King,0,2,0.0,3,2,1,1,0,3,2,,,,12,0,6,29.2,3,1,3,1,2,1,1,0,0,20,3,I-5 RAMP,SR-104,-122.3157194,47.777622222,0,1,82,15,2,98,4,0,0,1,7,12,1,2,1,6,11,2,1,53,0,59,35,2002,0,0.0,12,,,,,,1,1,74,1,7.0,1.0,4,0,3,0,11,4,12/20/2018,21:21,196053056430.0,56430.0,0.0,0.0,0.0,3.0,1,38,0.0,0.0,0.0,96,,,,,,99,,,,,,98043,53,72.0,210.0,6.0,1.0,0.0,1.0,0.0,1.0,,46,,,,,,0,07/15/2015,10/15/2017,2,0,0,0,0.0,9,8,,,0,0.0,0.0,8,9,8.0,95.0,,,96.0,,,8,95,995.0,,,,,,,,,,,,,,,,,,,,,,,,,,,,,,0,0,0,1,0,0,0,0,0,0,0,0,0,0,0,0,0,0,1,0,0,0,0,0,0,1,1,1,0,1,0,0,0,0,0,,1,0,0,0,0,0,0,0,0,0,1,0,0,0,0,0,,,,,,71-75,66-75,Interstate,U,Sunday,Belt Used,PV,White,1,0,0,0,State Route,State Patrol,Washington State Patrol,0,1,0,0,0,,,,,,0.0,0.0,0.0,,,,,,,,,,,,,,,,,,,,,,,,,,,,,,,,,,,,98043,Mountlake Terrace,Mountlake Terrace
1509,1536,1536,2018,482,E880236,7.0,2018-12-16,16:50,16,12,0.0,33,King,0,2,0.0,3,2,1,1,0,3,2,,,,12,0,6,29.2,3,1,3,1,2,1,1,0,0,0,0,I-5 RAMP,SR-104,-122.3157194,47.777622222,0,2,83,67,4,35,4,0,0,1,7,12,1,2,2,1,1,1,1,53,0,18,20,1999,0,0.0,12,,,,,,1,1,88,1,0.0,0.0,1,0,3,0,11,8,,,,,0.0,0.0,3.0,3.0,1,0,0.0,0.0,0.0,96,,,,,,0,,,,,,98020,53,71.0,175.0,6.0,1.0,0.0,0.0,0.0,0.0,,0,,,,,,0,,,1,0,0,0,8.0,9,8,,,0,0.0,0.0,8,0,8.0,95.0,,,96.0,,,8,95,995.0,,,,,,,,,,,,,,,,,,,,,,,,,,,,,,0,0,0,1,0,0,0,0,0,0,0,0,0,0,0,0,0,0,1,0,0,0,0,0,0,1,1,1,0,1,0,0,0,0,0,,0,0,0,0,0,0,0,0,0,0,0,0,0,0,0,0,,,,,,81+,76+,Interstate,U,Sunday,Belt Used,PV,Not Fatal,1,0,0,0,State Route,State Patrol,Washington State Patrol,0,1,0,0,0,,,,,,0.0,0.0,0.0,,,,,,,,,,,,,,,,,,,,,,,,,,,,,,,,,,,,98043,Edmonds,Mountlake Terrace
1510,1537,1537,2018,483,E880661,2.0,2018-12-30,18:07,30,12,0.0,61,Snohomish,0,1,0.0,2,1,1,1,1,6,3,18:05,18:16,,8,0,0,213.5,1,0,1,1,1,1,1,0,0,0,0,I-5,,-122.2502056,48.247394444,0,1,13,80,5,70,6,0,0,1,5,8,1,1,3,3,1,2,2,53,0,30,40,2005,0,0.0,8,,,,,,1,1,55,1,0.0,0.0,0,0,3,0,11,0,,,,,0.0,0.0,3.0,3.0,1,0,0.0,0.0,0.0,96,,,,,,0,,,,,,98275,53,78.0,225.0,6.0,1.0,0.0,0.0,0.0,1.0,,0,,,,,,0,07/15/2018,07/15/2018,20,0,0,0,8.0,9,8,,,0,0.0,0.0,8,0,8.0,95.0,,,96.0,,,8,95,995.0,,,,,,,,,,,,,,,,,,,,,,,,,,,,,,0,0,0,0,0,0,0,0,0,0,0,0,0,0,0,0,0,0,0,0,0,0,0,0,0,0,0,0,0,1,0,1,0,0,0,,0,0,0,0,0,0,0,0,0,0,0,0,0,0,0,0,,,,,,51-55,46-55,Interstate,R,Sunday,Belt Used,PV,Not Fatal,0,0,0,0,State Route,State Patrol,Washington State Patrol,0,1,0,0,0,,,,,,0.0,0.0,0.0,,,,,,,,,,,,,,,,,,,,,,,,,,,,,,,,,,,,98292,Mukilteo,Stanwood
1511,1538,1538,2018,483,E880661,2.0,2018-12-30,18:07,30,12,0.0,61,Snohomish,0,1,0.0,2,1,1,1,1,6,3,18:05,18:16,,8,0,0,213.5,1,0,1,1,1,1,1,0,0,0,0,I-5,,-122.2502056,48.247394444,0,2,98,80,5,70,4,0,0,1,5,8,1,1,3,3,1,1,9,95,0,37,31,2017,0,0.0,8,,,,,,1,1,33,1,0.0,0.0,0,0,3,0,11,0,,,,,99.0,9.0,9.0,9.0,1,0,0.0,0.0,0.0,96,,,,,,0,,,,,,0,95,,999.0,9.0,9.0,99.0,99.0,99.0,99.0,,0,,,,,,0,,,20,0,0,0,8.0,9,8,,,0,0.0,0.0,8,0,8.0,95.0,,,96.0,,,8,95,995.0,,,,,,,,,,,,,,,,,,,,,,,,,,,,,,0,0,0,0,0,0,0,0,0,0,0,0,0,0,0,0,0,0,0,0,0,0,0,0,0,0,0,0,0,1,0,1,0,0,0,,0,0,0,0,0,0,0,0,0,0,0,0,0,0,0,0,,,,,,31-35,26-35,Interstate,R,Sunday,Belt Used,PV,Not Fatal,0,0,0,0,State Route,State Patrol,Washington State Patrol,0,1,0,0,0,,,,,,99.0,99.0,99.0,,,,,,,,,,,,,,,,,,,,,,,,,,,,,,,,,,,,98292,Canada,Stanwood
1512,1539,1539,2018,483,E880661,2.0,2018-12-30,18:07,30,12,0.0,61,Snohomish,0,1,0.0,2,1,1,1,1,6,3,18:05,18:16,,8,0,0,213.5,1,0,1,1,1,1,1,0,0,0,0,I-5,,-122.2502056,48.247394444,0,3,98,80,5,70,14,0,0,1,5,8,1,1,3,3,1,3,2,53,0,49,402,2014,0,0.0,8,,,,,,1,1,37,1,0.0,0.0,0,0,3,0,11,0,,,,,0.0,0.0,3.0,3.0,1,0,0.0,0.0,0.0,96,,,,,,0,,,,,,98036,53,65.0,190.0,6.0,1.0,0.0,0.0,0.0,0.0,,0,,,,,,0,,,20,0,0,0,8.0,9,8,,,0,0.0,0.0,8,0,8.0,95.0,,,96.0,,,8,95,995.0,,,,,,,,,,,,,,,,,,,,,,,,,,,,,,0,0,0,0,0,0,0,0,0,0,0,0,0,0,0,0,0,0,0,0,0,0,0,0,0,0,0,0,0,1,0,1,0,0,0,,0,0,0,0,0,0,0,0,0,0,0,0,0,0,0,0,,,,,,36-40,36-45,Interstate,R,Sunday,Belt Used,PV,Not Fatal,0,0,0,0,State Route,State Patrol,Washington State Patrol,0,1,0,0,0,,,,,,0.0,0.0,0.0,,,,,,,,,,,,,,,,,,,,,,,,,,,,,,,,,,,,98292,Lynnwood,Stanwood
1513,1540,1540,2018,485,E880701,32.0,2018-12-26,9:56,26,12,0.0,47,Okanogan,1670,4,0.0,1,10,2,1,1,2,1,9:31,9:52,,15,0,0,0.0,2,0,2,7,2,4,6,0,0,0,0,WARREN AVE,EVELINE ST,-119.9089889,48.049019444,0,1,13,83,5,25,67,0,0,1,5,15,1,1,2,1,1,2,1,53,0,12,880,2018,0,0.0,15,,,,,,1,1,64,8,0.0,0.0,0,0,3,0,11,0,,,,,0.0,0.0,0.0,3.0,1,0,0.0,0.0,0.0,96,,,,,,99,,,,,,98846,53,69.0,170.0,6.0,1.0,0.0,0.0,0.0,0.0,,0,,,,,,0,,,20,0,0,0,8.0,9,8,,,0,0.0,0.0,8,1,8.0,95.0,,,96.0,,,8,95,995.0,,,,,,,,,,,,,,,,,,,,,,,,,,,,,,0,0,0,1,1,0,0,0,0,0,0,0,0,0,0,0,0,0,0,0,0,0,0,0,0,0,0,0,0,0,1,1,0,0,0,,0,0,0,0,0,0,0,0,0,0,0,0,0,0,0,1,,,,,,61-65,56-65,City street,U,Wednesday,Belt Used,MHTRUCK,Not Fatal,1,0,0,0,City Street,County Sheriff,Okanogan County Sheriff's Office,0,0,0,1,0,,,,,,0.0,0.0,0.0,,,,,,,,,,,,,,,,,,,,,,,,,,,,,,,,,,,,98846,Pateros,Pateros
1514,1541,1541,2018,486,E881029,39.0,2018-12-13,17:12,13,12,0.0,61,Snohomish,0,10,0.0,3,2,2,1,1,1,1,,,,8,0,0,0.2,1,0,1,7,1,2,4,0,0,0,0,CR-DAMSON RD,,-122.2440111,47.81215,0,1,13,80,5,35,14,0,0,1,7,8,1,1,2,1,1,1,2,53,0,51,401,2017,0,0.0,8,,,,,,1,1,65,1,0.0,0.0,0,0,99,0,11,0,,,,,0.0,0.0,0.0,0.0,1,38,0.0,0.0,0.0,93,,,,,,0,,,,,,98021,53,,999.0,0.0,0.0,99.0,99.0,99.0,99.0,,97,,,,,,0,,,20,0,0,0,8.0,9,8,,,0,0.0,0.0,8,0,8.0,95.0,,,96.0,,,8,95,995.0,,,,,,,,,,,,,,,,,,,,,,,,,,,,,,0,0,0,0,0,0,0,0,0,1,0,1,0,1,0,0,1,0,1,0,0,0,0,0,0,1,0,0,0,1,0,1,0,0,0,,0,0,0,0,0,0,0,0,1,0,1,1,0,0,0,0,,,,,,61-65,56-65,County road,R,Thursday,Unknown,PV,Not Fatal,0,0,0,0,County Road,County Sheriff,Snohomish County Sheriff's Office,0,0,1,0,0,,,,,,99.0,99.0,99.0,,,,,,,,,,,,,,,,,,,,,,,,,,,,,,,,,,,,98036,Bothell,Lynnwood
1515,1542,1542,2018,487,0MEDIA1,345.0,2018-08-01,14:40,1,8,0.0,65,Stevens,0,98,0.0,1,98,8,2,0,3,1,,,,1,0,0,0.0,1,0,1,5,2,2,4,0,3,0,0,CR-FORT WELLPINIT RD,,-117.8247194,47.915772222,0,1,99,99,9,98,14,0,0,1,8,1,8,8,2,1,99,3,1,53,0,20,403,2004,0,0.0,63,1.0,42.0,,,,1,1,29,2,7.0,3.0,4,7,20,0,11,0,08/01/2018,14:40,75753033865.0,33865.0,0.0,0.0,3.0,2.0,1,0,0.0,0.0,0.0,96,,,,,,99,,,,,,99040,53,63.0,150.0,1.0,1.0,0.0,0.0,0.0,0.0,,0,,,,,,0,,,98,1,9,0,0.0,9,8,,,0,0.0,0.0,8,9,2.0,401.0,417.0,,1.0,1.0,,2,1,0.27,,,,,,,,,,,,,,,,,,,,,,,,,,,,,,0,0,0,0,1,1,1,1,0,0,0,0,0,1,0,0,0,0,0,1,0,0,0,0,0,0,0,0,0,1,0,0,0,1,0,,1,0,0,0,0,1,1,1,0,0,0,1,0,0,0,1,,,,,,26-30,26-35,County road,U,Wednesday,Not Used,PV,AIAN,0,0,0,0,County Road,,,0,0,1,0,0,,,,,,0.0,0.0,0.0,,,,,,,,,,,,,,,,,,,,,,,,,,,,,,,,,,,,99013,Wellpinit,Ford
1516,1543,1543,2018,488,E866907,8.0,2018-11-26,17:40,26,11,0.0,35,Kitsap,0,2,0.0,2,2,2,1,0,7,1,,,,24,0,0,25.7,1,0,1,3,1,1,3,0,0,0,0,SR-16,,-122.6761861,47.528130556,0,1,2,6,1,60,20,0,0,1,7,24,3,2,2,3,14,7,1,53,0,49,442,1999,0,0.0,63,24.0,69.0,64.0,24.0,,1,1,30,1,0.0,0.0,0,0,3,0,11,0,,,,,0.0,0.0,0.0,3.0,1,0,0.0,0.0,0.0,96,,,,,,0,,,,,,98337,53,64.0,132.0,6.0,1.0,0.0,2.0,0.0,0.0,,97,,,,,,4,04/15/2016,10/15/2018,20,0,0,0,8.0,9,2,,,0,0.0,0.0,0,0,8.0,95.0,,,96.0,,,8,95,995.0,,,,,,,,,,,,,,,,,,,,,,,,,,,,,,0,0,0,0,0,0,0,0,0,0,0,0,1,0,0,0,0,0,0,1,0,0,0,0,0,0,0,0,0,1,0,0,0,0,0,,0,0,0,0,0,0,0,0,0,1,0,0,0,0,0,0,,,,,,26-30,26-35,State route,R,Monday,Belt Used,PV,Not Fatal,0,1,0,0,State Route,State Patrol,Washington State Patrol,1,1,0,0,0,,,,,,0.0,0.0,0.0,,,,,,,,,,,,,,,,,,,,,,,,,,,,,,,,,,,,98366,Bremerton,Port Orchard
1517,1544,1544,2018,489,E883495,87.0,2018-12-31,18:08,31,12,10.0,3,Asotin,360,1,0.0,3,1,2,1,1,1,1,,,,15,0,0,430.0,8,0,1,3,2,1,2,0,0,0,0,US-12,,-117.0553444,46.419925,0,1,13,83,5,30,4,0,0,1,5,15,1,1,3,5,1,1,1,53,0,18,7,1989,0,0.0,15,,,,,,1,1,40,2,0.0,0.0,0,0,3,0,11,0,,,,,0.0,0.0,3.0,3.0,1,0,0.0,0.0,0.0,96,,,,,,0,,,,,,99403,53,66.0,200.0,6.0,1.0,0.0,1.0,0.0,0.0,,76,,,,,,0,02/15/2016,02/15/2016,20,0,0,0,8.0,9,8,,,0,0.0,0.0,8,0,2.0,996.0,996.0,401.0,1.0,1.0,1.0,2,1,0.0,,,,,,,,,,,,,,,,,,,,,,,,,,,,,,0,0,0,0,0,0,1,1,0,0,0,0,0,0,0,0,0,1,0,0,0,0,0,0,0,0,0,0,0,1,0,1,0,0,0,,0,0,0,0,0,0,1,1,0,0,0,0,0,0,1,0,,,,,,36-40,36-45,US highway,U,Monday,Belt Used,PV,Not Fatal,0,0,0,0,State Route,Municipal/City Police,Clarkston Police Department,0,1,0,0,0,,,,,,0.0,0.0,0.0,1.0,1.0,1.0,,,417.0,128.0,177.0,996.0,157.0,,,,,,,,,,,,,,,,,,,,,,,,,,99403,Clarkston,Clarkston