,index,Unnamed: 0,year,case,par,repjur,crash_dt,crash_tm,accday,accmon,holiday,county,co_char,city,weather,weather2,lightcond,surfcond,surftype,numfatal,nmforms,pforms,vforms,not_tm,arr_tm,hosp_tm,fhevent,hitrun,manncol,milepnt,reljunc,reljuncinter,intersectiontype,funcsystem,landuse,ownership,route,schlbus,spejur,contdev,devfunc,trafid1,trafid2,lon,lat,wk_zone,vnumber,crashtype,criticalevent,criticaleventcat,spdlim,body,trailer,emerg,hazcargo,leave,mhevent,roadalgn,roadprof,traflane,trafflow,vehmanvr,numoccs,regowner,regstate,spuse,make,model,modelyr,vrf1,vrf2,seqevent1,seqevent2,seqevent3,seqevent4,seqevent5,seqevent6,pnumber,ptype,age,sex,hispanic,race,injury,diedscene,restraint,restraintmisuse,seatpos,takehosp,death_dt,death_tm,cert,cernum_wa,commlic,licendor,licrestrict,liccomp,drivpres,drf1,drf2,drf3,drf4,distract1,distract2,distract3,distract4,distract5,distract6,dricond1,dricond2,dricond3,dricond4,dricond5,dricond6,dzip,licstate,drhgt_in,weight,noncdl,noncdltype,prevdwi,prevoth,prevacc,prevspd,prevsus,driviol1,driviol2,driviol3,driviol4,driviol5,driviol6,spdrel,first_dt,last_dt,airbag,ejection,ejectpath,extricat,injurwrk,methalc,methdrug,nmlocat,strikveh,prf1,prf2,prf3,druginv,alcinvol,drugsts,drugres1,drugres2,drugres3,drugtst1,drugtst2,drugtst3,alcsts,alctst,alcres,nmact1,nmact2,nmact3,nmact4,nmact5,nmact6,nmprior1,nmprior2,nmprior3,nmprior4,nmprior5,nmprior6,nmcond1,nmcond2,nmcond3,nmcond4,nmcond5,nmcond6,nmsafe_helmet,nmsafe_pads,nmsafe_oth,nmprev_ref,nmprev_lgt,nmprev_oth,crashlocation,nmcrashtype,crosswalk,schoolzone,sidewalk,train_inv,wildlife_inv,rotr_fars,intersect_fars,dd_inv,aid_inv,dpd_inv,id_inv,mj_inv,impnm_inv,ainm_inv,dpnm_inv,speed_inv,unlic_inv,unendmc_inv,drowsy_inv,drdist_inv,nmdist_inv,fty_inv,unrestfat_inv,dr1617_inv,dr1820_inv,dr1620_inv,dr2125_inv,dr1625_inv,dr65_inv,dr70_inv,dr75_inv,mc_inv,pv_inv,ht_inv,ped_inv,bike_inv,unrest_fat,mc_fat,unhelmet_mc,pv_fat,ht_fat,ped_fat,bike_fat,dr_alc7,dr_alc8,dr_drug,dr_imp,dr_dist,dr_spd,dr_fty,dr_unlic,dr_alc7only,dr_alc8only,dr_drugonly,dr_drink,nm_imp,nm_alc7,nm_alc8,nm_drug,nm_dist,agegrp1,agegrp2,roadclass,urbrur,dayweek,restuse,vehtype,race_me,intersect,lanedep,oppdir,wrongway,rep_typ,investag,repag_long,rotr,st_rd,cty_rd,city_rd,oth_rd,drug_thc,thc_res,drug_cthc,cthc_res,drug_cann,prevpersemin,prevperse,prevsusoth,drugtst4,drugtst5,drugtst6,drugtst7,drugtst8,drugres4,drugres5,drugres6,drugres7,drugres8,adspresent,adsengaged,adslevel,race1,race2,race3,race4,race5,helmet,helmetmisuse,nmdistract1,nmdistract2,nmdistract3,nmdistract4,nmdistract5,nmdistract6,lab,isedtcase,crf1,crf2,crf3,CoRoadName,CoMP,IntCoRoadName,IntCoMP,crashzip,dcity,crashcity
1518,1545,1545,2018,490,E885282,39.0,2018-12-31,13:40,31,12,0.0,61,Snohomish,0,1,0.0,1,1,2,1,0,4,3,13:40,14:03,14:36,12,0,1,1.1,2,0,3,4,1,2,4,0,0,0,0,CR-84TH ST NE,105TH AVE NE,-122.0887972,48.072058333,0,1,28,52,3,50,21,0,0,1,7,12,1,1,2,1,1,1,3,53,0,20,461,2013,0,0.0,12,,,,,,1,1,43,1,0.0,0.0,0,0,3,0,11,0,,,,,0.0,0.0,3.0,3.0,1,26,0.0,0.0,0.0,93,,,,,,0,,,,,,98168,53,74.0,215.0,6.0,1.0,0.0,0.0,1.0,0.0,,97,,,,,,0,10/15/2016,10/15/2016,20,0,0,0,8.0,9,8,,,0,0.0,0.0,8,0,8.0,95.0,,,96.0,,,8,95,995.0,,,,,,,,,,,,,,,,,,,,,,,,,,,,,,0,0,0,1,0,0,0,0,0,0,0,0,0,1,0,0,1,0,0,0,0,0,0,0,0,0,0,0,0,1,0,0,0,0,0,,0,0,0,0,0,0,0,0,1,0,0,0,0,0,0,0,,,,,,41-45,36-45,County road,R,Monday,Belt Used,PV,Not Fatal,1,0,0,0,County Road,County Sheriff,Snohomish County Sheriff's Office,0,0,1,0,0,,,,,,0.0,0.0,0.0,,,,,,,,,,,,,,,,,,,,,,,,,,,,,,,,,,,,98258,Seattle,Lake Stevens
1519,1546,1546,2018,490,E885282,39.0,2018-12-31,13:40,31,12,0.0,61,Snohomish,0,1,0.0,1,1,2,1,0,4,3,13:40,14:03,14:36,12,0,1,1.1,2,0,3,4,1,2,4,0,0,0,0,CR-84TH ST NE,105TH AVE NE,-122.0887972,48.072058333,0,2,29,53,3,50,4,0,0,1,7,12,1,1,2,1,2,2,1,53,0,49,51,2008,0,0.0,12,68.0,12.0,,,,1,1,48,2,0.0,0.0,9,0,3,0,11,8,,,,,0.0,0.0,0.0,3.0,1,0,0.0,0.0,0.0,96,,,,,,0,,,,,,98272,53,65.0,155.0,6.0,1.0,0.0,0.0,0.0,0.0,,0,,,,,,0,,,1,0,0,0,8.0,9,8,,,0,0.0,0.0,8,0,8.0,95.0,,,96.0,,,8,95,995.0,,,,,,,,,,,,,,,,,,,,,,,,,,,,,,0,0,0,1,0,0,0,0,0,0,0,0,0,1,0,0,1,0,0,0,0,0,0,0,0,0,0,0,0,1,0,0,0,0,0,,0,0,0,0,0,0,0,0,0,0,0,0,0,0,0,0,,,,,,46-50,46-55,County road,R,Monday,Belt Used,PV,Not Fatal,1,0,0,0,County Road,County Sheriff,Snohomish County Sheriff's Office,0,0,1,0,0,,,,,,0.0,0.0,0.0,,,,,,,,,,,,,,,,,,,,,,,,,,,,,,,,,,,,98258,Monroe,Lake Stevens
1520,1547,1547,2018,490,E885282,39.0,2018-12-31,13:40,31,12,0.0,61,Snohomish,0,1,0.0,1,1,2,1,0,4,3,13:40,14:03,14:36,12,0,1,1.1,2,0,3,4,1,2,4,0,0,0,0,CR-84TH ST NE,105TH AVE NE,-122.0887972,48.072058333,0,3,98,62,4,50,15,0,0,1,7,12,1,1,2,1,1,1,3,53,0,54,421,2001,0,0.0,12,,,,,,1,1,28,1,0.0,0.0,2,0,3,0,11,8,,,,,0.0,0.0,3.0,2.0,1,0,0.0,0.0,0.0,96,,,,,,0,,,,,,98223,53,74.0,220.0,1.0,1.0,0.0,2.0,0.0,0.0,,97,,,,,,0,12/15/2015,01/15/2016,1,0,0,0,8.0,9,8,,,0,0.0,0.0,8,0,8.0,95.0,,,96.0,,,8,95,995.0,,,,,,,,,,,,,,,,,,,,,,,,,,,,,,0,0,0,1,0,0,0,0,0,0,0,0,0,1,0,0,1,0,0,0,0,0,0,0,0,0,0,0,0,1,0,0,0,0,0,,0,0,0,0,0,0,0,0,0,0,0,1,0,0,0,0,,,,,,26-30,26-35,County road,R,Monday,Belt Used,PV,Not Fatal,1,0,0,0,County Road,County Sheriff,Snohomish County Sheriff's Office,0,0,1,0,0,,,,,,0.0,0.0,2.0,,,,,,,,,,,,,,,,,,,,,,,,,,,,,,,,,,,,98258,Arlington,Lake Stevens
1521,1548,1548,2018,491,E862015,337.0,2018-11-08,17:36,8,11,0.0,73,Whatcom,110,1,0.0,3,1,2,1,1,1,1,,,,8,0,0,0.0,1,0,1,4,2,4,6,0,0,0,0,CORDATA PKWY,,-122.49765,48.808608333,0,1,13,80,5,35,4,0,0,1,7,8,2,1,4,1,14,1,2,53,0,7,20,2003,0,0.0,8,,,,,,1,1,20,1,0.0,0.0,0,0,3,0,11,0,,,,,0.0,0.0,0.0,3.0,1,0,0.0,0.0,0.0,96,,,,,,0,,,,,,98264,53,74.0,220.0,6.0,1.0,0.0,0.0,0.0,0.0,,0,,,,,,0,,,20,0,0,0,8.0,9,8,,,0,0.0,0.0,8,0,8.0,95.0,,,96.0,,,8,95,995.0,,,,,,,,,,,,,,,,,,,,,,,,,,,,,,0,0,0,0,0,0,0,0,0,0,0,0,0,0,0,0,0,0,0,0,0,1,1,0,1,0,0,0,0,1,0,1,0,0,0,,0,0,0,0,0,0,0,0,0,0,0,0,0,0,0,0,,,,,,18-20,16-25,City street,U,Thursday,Belt Used,PV,Not Fatal,0,0,0,0,City Street,Municipal/City Police,Bellingham Police Department,0,0,0,1,0,,,,,,0.0,0.0,0.0,,,,,,,,,,,,,,,,,,,,,,,,,,,,,,,,,,,,98226,Lynden,Bellingham
1522,1549,1549,2018,492,E868097,2.0,2018-11-23,18:05,23,11,8.0,57,Skagit,230,2,0.0,2,2,2,1,1,1,1,,,,8,0,0,60.3,1,0,1,3,2,1,3,0,0,0,0,SR-20,,-122.3247861,48.477780556,0,1,13,80,5,30,3,0,0,1,7,8,1,1,2,1,1,1,1,53,0,54,31,2001,0,0.0,8,,,,,,1,1,24,1,0.0,0.0,0,0,3,0,11,0,,,,,0.0,0.0,0.0,3.0,1,10,0.0,0.0,0.0,96,,,,,,0,,,,,,98233,53,70.0,220.0,6.0,1.0,0.0,0.0,1.0,3.0,,0,,,,,,0,02/15/2015,10/15/2017,20,0,0,0,8.0,9,8,,,0,0.0,0.0,8,0,8.0,95.0,,,96.0,,,8,95,995.0,,,,,,,,,,,,,,,,,,,,,,,,,,,,,,0,0,0,0,0,0,0,0,0,0,0,0,0,0,0,0,0,0,0,0,0,0,0,1,1,0,0,0,0,1,0,1,0,0,0,,0,0,0,0,0,0,0,0,0,0,0,0,0,0,0,0,,,,,,21-25,16-25,State route,U,Friday,Belt Used,PV,Not Fatal,0,0,0,0,State Route,State Patrol,Washington State Patrol,0,1,0,0,0,,,,,,0.0,1.0,0.0,,,,,,,,,,,,,,,,,,,,,,,,,,,,,,,,,,,,98233,Burlington,Burlington
1523,1550,1550,2018,493,E866251,4.0,2018-11-28,21:00,28,11,0.0,63,Spokane,2113,2,0.0,3,2,2,1,1,1,1,,,,8,0,0,88.6,1,0,1,3,2,1,3,0,0,0,0,SR-27,,-117.2396944,47.668722222,0,1,13,80,5,35,4,0,0,1,5,8,1,1,5,5,1,1,0,2,0,30,40,2014,0,0.0,8,,,,,,1,1,23,1,0.0,0.0,0,0,3,0,11,0,,,,,0.0,0.0,0.0,3.0,1,0,0.0,0.0,0.0,96,,,,,,0,,,,,,99508,2,77.0,185.0,6.0,1.0,0.0,2.0,0.0,2.0,,0,,,,,,0,07/15/2015,11/15/2018,20,0,0,0,8.0,9,2,,,0,0.0,0.0,0,0,8.0,95.0,,,96.0,,,8,95,995.0,,,,,,,,,,,,,,,,,,,,,,,,,,,,,,0,0,0,0,0,0,0,0,0,0,0,0,0,0,0,0,0,0,0,0,0,0,0,1,1,0,0,0,0,1,0,1,0,0,0,,0,0,0,0,0,0,0,0,0,0,0,0,0,0,0,0,,,,,,21-25,16-25,State route,U,Wednesday,Belt Used,PV,Not Fatal,0,0,0,0,State Route,State Patrol,Washington State Patrol,0,1,0,0,0,,,,,,0.0,0.0,0.0,,,,,,,,,,,,,,,,,,,,,,,,,,,,,,,,,,,,99206,Anchorage,Spokane
1524,1551,1551,2018,494,E887160,222.0,2018-11-04,17:56,4,11,0.0,67,Thurston,1590,1,0.0,3,1,2,1,1,1,1,,,,8,0,0,0.0,1,0,1,7,2,4,6,0,0,0,0,LILLY RD NE,12TH AVE NE,-122.8444139,47.056733333,0,1,13,80,5,35,2,0,0,1,5,8,1,1,3,5,1,1,1,53,0,37,31,2017,0,0.0,8,,,,,,1,1,96,2,0.0,0.0,0,0,3,0,11,0,,,,,0.0,0.0,0.0,3.0,1,0,0.0,0.0,0.0,96,,,,,,0,,,,,,98516,53,62.0,130.0,6.0,1.0,0.0,0.0,0.0,0.0,,0,,,,,,0,,,20,0,0,0,8.0,9,8,,,0,0.0,0.0,8,0,8.0,95.0,,,96.0,,,8,95,995.0,,,,,,,,,,,,,,,,,,,,,,,,,,,,,,0,0,0,0,0,0,0,0,0,0,0,0,0,0,0,0,0,0,0,0,0,0,0,0,0,1,1,1,0,1,0,1,0,0,0,,0,0,0,0,0,0,0,0,0,0,0,0,0,0,0,0,,,,,,81+,76+,City street,U,Sunday,Belt Used,PV,Not Fatal,0,0,0,0,City Street,Municipal/City Police,Olympia Police Department,0,0,0,1,0,,,,,,0.0,0.0,0.0,,,,,,,,,,,,,,,,,,,,,,,,,,,,,,,,,,,,98506,Olympia,Olympia
1525,1552,1552,2018,495,3795979,263.0,2018-12-12,22:07,12,12,0.0,33,King,1960,2,0.0,3,2,2,1,1,1,1,,,,8,0,0,0.0,1,0,1,3,2,4,6,0,0,0,0,15TH AVE W,W WHEELER ST,-122.3762,47.639208333,0,1,13,80,5,30,14,0,0,1,7,8,1,2,5,5,1,1,2,53,0,49,404,2008,0,0.0,8,,,,,,1,1,23,1,0.0,0.0,0,0,3,0,11,0,,,,,0.0,0.0,0.0,3.0,1,0,0.0,0.0,0.0,92,,,,,,0,,,,,,98040,53,70.0,180.0,6.0,1.0,0.0,0.0,0.0,2.0,,0,,,,,,0,04/15/2018,08/15/2018,20,0,0,0,8.0,9,8,,,0,0.0,0.0,8,0,8.0,95.0,,,96.0,,,8,95,995.0,,,,,,,,,,,,,,,,,,,,,,,,,,,,,,0,0,0,0,0,0,0,0,0,1,1,1,0,0,0,0,1,0,0,0,0,0,0,1,1,0,0,0,0,1,0,1,0,0,0,,0,0,0,0,0,0,0,0,1,0,0,0,0,0,0,0,,,,,,21-25,16-25,City street,U,Wednesday,Belt Used,PV,Not Fatal,0,0,0,0,City Street,Municipal/City Police,Seattle Police Department,0,0,0,1,0,thc,888.0,carboxy-thc,12.0,,0.0,0.0,0.0,,,,,,,,,,,,,,,,,,,,,,,,,,,,,,,,,,,,98119,Mercer Island,Seattle
1526,1553,1553,2018,496,E876253,278.0,2018-12-22,17:04,22,12,9.0,63,Spokane,2113,1,0.0,3,1,2,1,1,1,1,,,,8,0,0,0.0,1,0,1,3,2,4,6,0,0,0,0,SPRAGUE,,-117.2136139,47.657130556,0,1,13,80,5,35,14,0,0,1,5,8,1,1,7,5,15,1,1,53,0,2,404,1998,0,0.0,8,,,,,,1,1,22,2,0.0,0.0,0,0,2,0,11,0,,,,,0.0,0.0,0.0,3.0,1,10,0.0,0.0,0.0,96,,,,,,0,,,,,,99037,53,68.0,145.0,6.0,1.0,0.0,0.0,0.0,0.0,,0,,,,,,0,,,20,0,0,0,8.0,9,8,,,0,0.0,0.0,8,0,2.0,1.0,,,1.0,,,2,1,0.0,,,,,,,,,,,,,,,,,,,,,,,,,,,,,,0,0,0,0,0,0,0,0,0,1,0,1,0,0,0,0,0,0,0,0,0,0,0,1,1,0,0,0,0,1,0,1,0,0,0,,0,0,0,0,0,0,0,0,0,0,0,0,0,0,0,0,,,,,,21-25,16-25,City street,U,Saturday,Belt Used,PV,Not Fatal,0,0,0,0,City Street,Municipal/City Police,Spokane Valley Police Department,0,0,0,1,0,,,,,,0.0,0.0,0.0,,,,,,,,,,,,,,,,,,,,,,,,,,,,,,,,,,,,99216,Veradale,Spokane
1527,1554,1554,2018,497,3767141,263.0,2018-12-31,17:54,31,12,0.0,33,King,1960,1,0.0,2,1,2,1,1,1,1,,,,8,0,0,0.0,3,0,3,3,2,4,6,0,0,2,3,N 85TH ST,PALATINE AVE N,-122.3566417,47.690594444,0,1,13,80,5,25,4,0,0,1,7,8,1,1,2,1,11,1,1,53,0,20,37,2014,0,0.0,8,,,,,,1,1,74,1,0.0,0.0,0,0,3,0,11,0,,,,,0.0,0.0,3.0,3.0,1,0,0.0,0.0,0.0,92,,,,,,0,,,,,,98043,53,71.0,200.0,6.0,1.0,0.0,0.0,0.0,0.0,,97,,,,,,0,,,20,0,0,0,8.0,9,8,,,0,0.0,0.0,8,0,8.0,95.0,,,96.0,,,8,95,995.0,,,,,,,,,,,,,,,,,,,,,,,,,,,,,,0,0,0,1,0,0,0,0,0,0,0,0,0,0,0,0,1,0,0,0,0,0,0,0,0,1,1,0,0,1,0,1,0,0,0,,0,0,0,0,0,0,0,0,1,0,0,0,0,0,0,0,,,,,,71-75,66-75,City street,U,Monday,Belt Used,PV,Not Fatal,1,0,0,0,City Street,Municipal/City Police,Seattle Police Department,0,0,0,1,0,,,,,,0.0,0.0,0.0,,,,,,,,,,,,,,,,,,,,,,,,,,,,,,,,,,,,98103,Mountlake Terrace,Seattle
1528,1555,1555,2018,498,E890327,31.0,2018-12-23,8:00,23,12,9.0,45,Mason,0,2,0.0,1,2,2,1,0,2,1,8:02,8:23,8:57,42,0,0,14.2,1,0,1,6,1,2,4,0,0,0,0,CR-W CLOQUALLUM RD,,-123.3283333,47.131927778,0,1,6,12,2,45,2,0,0,1,7,1,2,1,2,1,14,2,2,53,0,37,32,1994,0,0.0,68,64.0,42.0,31.0,67.0,1.0,1,1,19,1,0.0,0.0,2,0,99,0,11,5,,,,,0.0,0.0,0.0,0.0,1,0,0.0,0.0,0.0,0,,,,,,99,,,,,,98541,53,73.0,165.0,0.0,0.0,0.0,0.0,0.0,1.0,,97,,,,,,3,09/15/2018,09/15/2018,8,9,0,1,8.0,9,8,,,0,0.0,0.0,8,9,2.0,401.0,417.0,,1.0,1.0,,2,1,0.0,,,,,,,,,,,,,,,,,,,,,,,,,,,,,,0,0,1,0,0,0,1,1,0,0,0,0,1,1,0,0,0,0,0,0,0,1,1,0,1,0,0,0,0,1,0,0,0,0,0,,0,0,0,0,0,0,1,1,0,1,0,1,0,0,1,0,,,,,,18-20,16-25,County road,R,Sunday,Unknown,PV,Not Fatal,0,1,0,0,County Road,County Sheriff,Mason County Sheriff's Office,1,0,1,0,0,,,,,,0.0,0.0,0.0,,,,,,,,,,,,,,,,,,,,,,,,,,,,,,,,,,,,98541,Elma,Elma
1529,1557,1557,2018,501,E854361,32.0,2018-10-22,9:50,22,10,0.0,47,Okanogan,0,1,0.0,1,1,2,1,0,1,1,,,,59,0,0,3.0,1,0,1,6,1,2,4,0,0,0,0,CR-B AND ON NORTH RD,,-119.67755,48.316888889,0,1,6,12,2,98,34,0,0,1,7,35,1,2,2,1,1,1,1,53,0,12,481,1966,0,0.0,68,64.0,59.0,67.0,35.0,,1,1,54,2,7.0,1.0,4,7,20,0,11,0,10/22/2018,9:50,53046382.0,46382.0,0.0,0.0,0.0,0.0,1,0,0.0,0.0,0.0,96,,,,,,1,,,,,,98840,53,64.0,195.0,2.0,1.0,0.0,0.0,1.0,0.0,,0,,,,,,0,12/15/2016,12/15/2016,20,0,0,0,0.0,9,8,,,0,0.0,0.0,8,9,2.0,1.0,,,1.0,,,2,1,0.0,,,,,,,,,,,,,,,,,,,,,,,,,,,,,,0,0,1,0,0,0,0,0,0,0,0,0,0,1,0,0,0,0,0,1,0,0,0,0,0,0,0,0,0,1,0,0,0,1,0,,1,0,0,0,0,0,0,0,0,0,0,1,0,0,0,0,,,,,,51-55,46-55,County road,R,Monday,Not Used,PV,White,0,1,0,0,County Road,County Sheriff,Okanogan County Sheriff's Office,1,0,1,0,0,,,,,,0.0,0.0,0.0,,,,,,,,,,,,,,,,,,,,,,,,,,,,,,,,,,,,98840,Okanogan,Okanogan
1530,1558,1558,2018,502,E867469,55.0,2018-12-02,17:32,2,12,0.0,33,King,100,1,0.0,3,1,2,1,1,1,1,,,,8,0,0,0.0,1,0,1,3,2,4,6,0,0,0,0,A ST SE,,-122.2287,47.301677778,0,1,13,80,5,30,3,0,0,1,7,8,1,1,5,5,1,1,1,2,0,47,31,1993,0,0.0,8,,,,,,1,1,55,1,0.0,0.0,0,0,3,0,11,0,,,,,6.0,0.0,3.0,3.0,1,0,0.0,0.0,0.0,96,,,,,,0,,,,,,98092,53,73.0,175.0,6.0,1.0,0.0,0.0,0.0,1.0,,0,,,,,,0,03/15/2014,03/15/2014,20,0,0,0,8.0,9,8,,,0,0.0,0.0,8,0,2.0,1.0,,,1.0,,,2,1,0.0,,,,,,,,,,,,,,,,,,,,,,,,,,,,,,0,0,0,0,0,0,0,0,0,0,0,0,0,0,0,0,0,0,0,0,0,0,0,0,0,0,0,0,0,1,0,1,0,0,0,,0,0,0,0,0,0,0,0,0,0,0,0,0,0,0,0,,,,,,51-55,46-55,City street,U,Sunday,Belt Used,PV,Not Fatal,0,0,0,0,City Street,Municipal/City Police,Auburn Police Department,0,0,0,1,0,,,,,,0.0,0.0,0.0,,,,,,,,,,,,,,,,,,,,,,,,,,,,,,,,,,,,98002,Auburn,Auburn
1531,1559,1559,2018,503,E857686,2.0,2018-11-01,4:51,1,11,0.0,61,Snohomish,690,2,0.0,3,2,2,1,0,1,1,,,,59,0,0,188.3,1,0,1,1,2,1,1,0,0,0,0,I-5,,-122.2131139,47.904186111,0,1,1,13,2,60,4,0,0,1,7,42,1,1,4,3,1,1,1,53,0,6,18,2013,0,0.0,63,59.0,38.0,42.0,,,1,1,46,2,7.0,1.0,4,7,20,0,11,0,11/01/2018,4:51,69053047909.0,47909.0,0.0,0.0,0.0,3.0,1,0,0.0,0.0,0.0,92,,,,,,99,,,,,,98223,53,65.0,320.0,6.0,1.0,0.0,3.0,0.0,2.0,,0,,,,,,0,06/15/2014,11/15/2017,1,0,0,0,0.0,9,8,,,0,0.0,0.0,8,9,2.0,401.0,417.0,,1.0,1.0,,2,1,0.0,,,,,,,,,,,,,,,,,,,,,,,,,,,,,,0,0,1,0,0,0,1,1,0,0,0,0,0,0,0,0,1,0,0,1,0,0,0,0,0,0,0,0,0,1,0,0,0,1,0,,1,0,0,0,0,0,1,1,1,0,0,0,0,0,1,0,,,,,,46-50,46-55,Interstate,U,Thursday,Not Used,PV,White,0,0,0,0,State Route,,,0,1,0,0,0,,,,,,0.0,0.0,0.0,,,,,,,,,,,,,,,,,,,,,,,,,,,,,,,,,,,,98208,Arlington,Everett
1532,1560,1560,2018,504,E898995,189.0,2018-09-25,2:28,25,9,0.0,61,Snohomish,1280,1,0.0,3,1,2,1,0,1,1,,,,10,0,0,0.0,1,0,1,7,2,4,6,0,0,0,0,STATE AVE,104TH ST NE,-122.1736111,48.089163889,0,1,1,13,2,30,4,0,0,1,7,10,1,1,2,1,1,1,1,53,0,7,20,2004,0,0.0,63,10.0,,,,,1,1,31,8,7.0,1.0,4,7,3,0,11,0,09/25/2018,2:28,128053042363.0,42363.0,0.0,0.0,3.0,3.0,1,0,0.0,0.0,0.0,92,,,,,,0,,,,,,98271,53,69.0,190.0,6.0,1.0,0.0,1.0,1.0,1.0,,0,,,,,,0,03/15/2014,07/15/2018,1,0,0,0,0.0,9,8,,,0,0.0,0.0,8,0,2.0,605.0,695.0,,1.0,1.0,,2,1,0.0,,,,,,,,,,,,,,,,,,,,,,,,,,,,,,1,0,1,0,0,0,1,1,1,0,0,0,0,0,0,0,1,0,0,0,0,0,0,0,0,0,0,0,0,1,0,0,0,0,0,,1,0,0,0,0,0,1,1,1,0,0,0,0,0,1,0,,,,,,31-35,26-35,City street,U,Tuesday,Belt Used,PV,White,0,0,0,0,City Street,Municipal/City Police,Marysville Police Department,0,0,0,1,0,thc,10.0,carboxy-thc,51.0,,0.0,0.0,0.0,,,,,,,,,,,,,,,,,,,,,,,,,,,,,,,,,,,,98271,Marysville,Marysville
1533,1561,1561,2018,505,E812564,173.0,2018-06-21,15:55,21,6,0.0,53,Pierce,1124,1,0.0,1,1,2,1,0,6,5,,,,12,0,6,0.0,2,0,2,3,2,4,6,0,0,3,3,LAKEWOOD DR SW,STEILACOOM BLVD SW,-122.5078278,47.176513889,0,1,87,17,2,35,4,0,0,1,5,12,1,1,4,1,1,1,2,53,0,41,51,2012,0,0.0,12,12.0,,,,,1,1,36,1,7.0,1.0,4,0,3,0,11,4,06/24/2018,6:02,223053028043.0,28043.0,0.0,0.0,0.0,3.0,1,37,39.0,0.0,0.0,96,,,,,,99,,,,,,98444,53,68.0,160.0,6.0,1.0,0.0,1.0,0.0,0.0,,0,,,,,,3,11/15/2017,11/15/2017,8,0,0,0,0.0,9,8,,,0,0.0,0.0,8,9,2.0,401.0,417.0,,1.0,1.0,,2,1,0.0,,,,,,,,,,,,,,,,,,,,,,,,,,,,,,0,0,0,1,0,0,1,1,0,0,0,0,1,0,0,0,0,0,0,0,0,0,0,1,1,1,0,0,0,1,0,0,0,0,0,,1,0,0,0,0,0,1,1,0,1,0,0,0,0,1,0,,,,,,36-40,36-45,City street,U,Thursday,Belt Used,PV,White,1,0,0,0,City Street,Municipal/City Police,Lakewood Police Department,0,0,0,1,0,,,,,,0.0,0.0,1.0,,,,,,,,,,,,,,,,,,,,,,,,,,,,,,,,,,,,98499,Tacoma,Lakewood
1534,1562,1562,2018,505,E812564,173.0,2018-06-21,15:55,21,6,0.0,53,Pierce,1124,1,0.0,1,1,2,1,0,6,5,,,,12,0,6,0.0,2,0,2,3,2,4,6,0,0,3,3,LAKEWOOD DR SW,STEILACOOM BLVD SW,-122.5078278,47.176513889,0,2,86,66,4,35,34,0,0,1,5,12,1,1,4,1,1,2,1,53,0,23,481,2008,0,0.0,12,,,,,,1,1,23,1,0.0,0.0,0,0,3,0,11,0,,,,,0.0,0.0,3.0,3.0,1,0,0.0,0.0,0.0,96,,,,,,0,,,,,,98388,53,74.0,192.0,6.0,1.0,0.0,5.0,0.0,1.0,,0,,,,,,0,03/15/2015,02/15/2018,1,0,0,0,8.0,9,8,,,0,0.0,0.0,8,0,8.0,95.0,,,96.0,,,8,95,995.0,,,,,,,,,,,,,,,,,,,,,,,,,,,,,,0,0,0,1,0,0,1,1,0,0,0,0,1,0,0,0,0,0,0,0,0,0,0,1,1,1,0,0,0,1,0,0,0,0,0,,0,0,0,0,0,0,0,0,0,0,0,0,0,0,0,0,,,,,,21-25,16-25,City street,U,Thursday,Belt Used,PV,Not Fatal,1,0,0,0,City Street,Municipal/City Police,Lakewood Police Department,0,0,0,1,0,,,,,,0.0,0.0,0.0,,,,,,,,,,,,,,,,,,,,,,,,,,,,,,,,,,,,98499,Steilacoom,Lakewood
1535,1563,1563,2018,505,E812564,173.0,2018-06-21,15:55,21,6,0.0,53,Pierce,1124,1,0.0,1,1,2,1,0,6,5,,,,12,0,6,0.0,2,0,2,3,2,4,6,0,0,3,3,LAKEWOOD DR SW,STEILACOOM BLVD SW,-122.5078278,47.176513889,0,3,98,62,4,35,14,0,0,1,5,12,1,1,4,1,5,1,1,53,0,23,402,2014,0,0.0,12,12.0,,,,,1,1,67,2,0.0,0.0,1,0,3,0,11,8,,,,,0.0,0.0,3.0,3.0,1,0,0.0,0.0,0.0,0,,,,,,0,,,,,,98374,53,64.0,107.0,6.0,1.0,0.0,0.0,0.0,0.0,,0,,,,,,0,,,8,0,0,0,8.0,9,8,,,0,0.0,0.0,8,0,8.0,95.0,,,96.0,,,8,95,995.0,,,,,,,,,,,,,,,,,,,,,,,,,,,,,,0,0,0,1,0,0,1,1,0,0,0,0,1,0,0,0,0,0,0,0,0,0,0,1,1,1,0,0,0,1,0,0,0,0,0,,0,0,0,0,0,0,0,0,0,0,0,0,0,0,0,0,,,,,,66-70,66-75,City street,U,Thursday,Belt Used,PV,Not Fatal,1,0,0,0,City Street,Municipal/City Police,Lakewood Police Department,0,0,0,1,0,,,,,,0.0,0.0,0.0,,,,,,,,,,,,,,,,,,,,,,,,,,,,,,,,,,,,98499,Puyallup,Lakewood