,index,Unnamed: 0,year,case,par,repjur,crash_dt,crash_tm,accday,accmon,holiday,county,co_char,city,weather,weather2,lightcond,surfcond,surftype,numfatal,nmforms,pforms,vforms,not_tm,arr_tm,hosp_tm,fhevent,hitrun,manncol,milepnt,reljunc,reljuncinter,intersectiontype,funcsystem,landuse,ownership,route,schlbus,spejur,contdev,devfunc,trafid1,trafid2,lon,lat,wk_zone,vnumber,crashtype,criticalevent,criticaleventcat,spdlim,body,trailer,emerg,hazcargo,leave,mhevent,roadalgn,roadprof,traflane,trafflow,vehmanvr,numoccs,regowner,regstate,spuse,make,model,modelyr,vrf1,vrf2,seqevent1,seqevent2,seqevent3,seqevent4,seqevent5,seqevent6,pnumber,ptype,age,sex,hispanic,race,injury,diedscene,restraint,restraintmisuse,seatpos,takehosp,death_dt,death_tm,cert,cernum_wa,commlic,licendor,licrestrict,liccomp,drivpres,drf1,drf2,drf3,drf4,distract1,distract2,distract3,distract4,distract5,distract6,dricond1,dricond2,dricond3,dricond4,dricond5,dricond6,dzip,licstate,drhgt_in,weight,noncdl,noncdltype,prevdwi,prevoth,prevacc,prevspd,prevsus,driviol1,driviol2,driviol3,driviol4,driviol5,driviol6,spdrel,first_dt,last_dt,airbag,ejection,ejectpath,extricat,injurwrk,methalc,methdrug,nmlocat,strikveh,prf1,prf2,prf3,druginv,alcinvol,drugsts,drugres1,drugres2,drugres3,drugtst1,drugtst2,drugtst3,alcsts,alctst,alcres,nmact1,nmact2,nmact3,nmact4,nmact5,nmact6,nmprior1,nmprior2,nmprior3,nmprior4,nmprior5,nmprior6,nmcond1,nmcond2,nmcond3,nmcond4,nmcond5,nmcond6,nmsafe_helmet,nmsafe_pads,nmsafe_oth,nmprev_ref,nmprev_lgt,nmprev_oth,crashlocation,nmcrashtype,crosswalk,schoolzone,sidewalk,train_inv,wildlife_inv,rotr_fars,intersect_fars,dd_inv,aid_inv,dpd_inv,id_inv,mj_inv,impnm_inv,ainm_inv,dpnm_inv,speed_inv,unlic_inv,unendmc_inv,drowsy_inv,drdist_inv,nmdist_inv,fty_inv,unrestfat_inv,dr1617_inv,dr1820_inv,dr1620_inv,dr2125_inv,dr1625_inv,dr65_inv,dr70_inv,dr75_inv,mc_inv,pv_inv,ht_inv,ped_inv,bike_inv,unrest_fat,mc_fat,unhelmet_mc,pv_fat,ht_fat,ped_fat,bike_fat,dr_alc7,dr_alc8,dr_drug,dr_imp,dr_dist,dr_spd,dr_fty,dr_unlic,dr_alc7only,dr_alc8only,dr_drugonly,dr_drink,nm_imp,nm_alc7,nm_alc8,nm_drug,nm_dist,agegrp1,agegrp2,roadclass,urbrur,dayweek,restuse,vehtype,race_me,intersect,lanedep,oppdir,wrongway,rep_typ,investag,repag_long,rotr,st_rd,cty_rd,city_rd,oth_rd,drug_thc,thc_res,drug_cthc,cthc_res,drug_cann,prevpersemin,prevperse,prevsusoth,drugtst4,drugtst5,drugtst6,drugtst7,drugtst8,drugres4,drugres5,drugres6,drugres7,drugres8,adspresent,adsengaged,adslevel,race1,race2,race3,race4,race5,helmet,helmetmisuse,nmdistract1,nmdistract2,nmdistract3,nmdistract4,nmdistract5,nmdistract6,lab,isedtcase,crf1,crf2,crf3,CoRoadName,CoMP,IntCoRoadName,IntCoMP,crashzip,dcity,crashcity
1573,1601,1601,2019,22,E886916,,2019-01-23,23:43,23,1,,21,Franklin,0,10,0.0,2,1,1,1,0,2,2,,,,12,0,1,52.2,1,0,1,3,1,1,2,0,0,0,0,US-395,,-118.9964528,46.560425,0,2,25,53,3,60,66,1,0,1,7,12,1,2,2,3,1,1,3,53,0,84,884,1997,0,0.0,12,,,,,,1,1,39,1,0.0,,1,0,3,0,11,8,,,,,6.0,1.0,0.0,3.0,1,91,0.0,0.0,0.0,96,,,,,,0,,,,,,99001,53,69.0,275.0,6.0,1.0,0.0,0.0,1.0,0.0,,89,,,,,,0,11/15/2015,11/15/2015,20,0,0,0,8.0,9,2,,,0,0.0,0.0,0,0,2.0,1.0,,,1.0,,,2,1,0.0,,,,,,,,,,,,,,,,,,,,,,,,,,,,,,0,0,0,0,0,0,0,0,0,0,0,0,0,0,0,1,1,0,0,0,0,0,0,0,0,0,0,0,0,1,1,0,0,0,0,,0,0,0,0,0,0,0,0,0,0,0,0,0,0,0,0,,,,,,36-40,36-45,US highway,R,Wednesday,,MHTRUCK,Not Fatal,0,0,0,0,State Route,State Patrol,Washington State Patrol,0,1,0,0,0,,,,,,0.0,0.0,0.0,,,,,,,,,,,0.0,0.0,0.0,0.0,,,,,20.0,7.0,,,,,,,,,,,,,,,,99343,Airway Heights,Mesa
1574,1602,1602,2019,23,E884741,3.0,2019-01-11,20:25,11,1,,53,Pierce,0,1,0.0,3,1,2,1,0,6,4,,,,12,0,1,48.3,3,0,2,3,2,1,3,0,0,3,3,SR-7,176TH ST E,-122.4349444,47.097133333,0,1,20,50,3,40,4,0,0,1,7,12,1,1,4,2,1,1,2,53,0,37,32,1998,0,0.0,12,,,,,,1,1,64,1,7.0,,4,0,20,7,11,4,01/11/2019,21:15,223053002925.0,2925.0,0.0,0.0,3.0,3.0,1,0,0.0,0.0,0.0,96,,,,,,9,,,,,,98444,53,74.0,250.0,6.0,1.0,0.0,1.0,0.0,0.0,,0,,,,,,0,01/15/2015,01/15/2015,1,0,0,0,0.0,9,8,,,0,0.0,0.0,1,9,2.0,996.0,996.0,401.0,1.0,1.0,1.0,2,1,0.0,,,,,,,,,,,,,,,,,,,,,,,,,,,,,,0,0,0,1,0,0,1,1,0,0,0,0,0,0,0,0,0,0,0,1,0,0,0,1,1,0,0,0,0,1,0,0,0,1,0,,1,0,0,0,0,0,1,1,0,0,0,0,0,0,1,0,,,,,,61-65,56-65,State route,U,Friday,Not Used,PV,White,1,0,0,0,State Route,State Patrol,Washington State Patrol,0,1,0,0,0,,,,,,0.0,0.0,0.0,1.0,1.0,1.0,,,417.0,124.0,996.0,,,0.0,0.0,0.0,1.0,,,,,20.0,7.0,,,,,,,,,,,,,,,,98387,Tacoma,Spanaway
1575,1603,1603,2019,23,E884741,3.0,2019-01-11,20:25,11,1,,53,Pierce,0,1,0.0,3,1,2,1,0,6,4,,,,12,0,1,48.3,3,0,2,3,2,1,3,0,0,3,3,SR-7,176TH ST E,-122.4349444,47.097133333,0,2,21,53,3,40,34,0,0,1,7,12,1,1,4,2,5,1,1,53,0,7,482,2002,0,0.0,12,12.0,,,,,1,1,22,1,0.0,,0,0,3,0,11,0,,,,,0.0,0.0,3.0,3.0,1,0,0.0,0.0,0.0,0,,,,,,0,,,,,,98226,53,69.0,190.0,6.0,1.0,0.0,2.0,1.0,3.0,,0,,,,,,0,06/15/2015,07/15/2017,20,0,0,0,8.0,9,8,,,0,0.0,0.0,8,0,8.0,95.0,,,96.0,,,8,95,995.0,,,,,,,,,,,,,,,,,,,,,,,,,,,,,,0,0,0,1,0,0,1,1,0,0,0,0,0,0,0,0,0,0,0,1,0,0,0,1,1,0,0,0,0,1,0,0,0,0,0,,0,0,0,0,0,0,0,0,0,0,0,0,0,0,0,0,,,,,,21-25,16-25,State route,U,Friday,Belt Used,PV,Not Fatal,1,0,0,0,State Route,State Patrol,Washington State Patrol,0,1,0,0,0,,,,,,0.0,0.0,0.0,,,,,,,,,,,98.0,98.0,98.0,0.0,,,,,20.0,7.0,,,,,,,,,,,,,,,,98387,Bellingham,Spanaway
1576,1604,1604,2019,23,E884741,3.0,2019-01-11,20:25,11,1,,53,Pierce,0,1,0.0,3,1,2,1,0,6,4,,,,12,0,1,48.3,3,0,2,3,2,1,3,0,0,3,3,SR-7,176TH ST E,-122.4349444,47.097133333,0,3,98,53,3,40,6,0,0,1,7,12,1,1,4,2,5,3,2,53,0,52,47,2013,0,0.0,12,12.0,,,,,1,1,26,2,0.0,,0,0,3,0,11,0,,,,,0.0,0.0,0.0,3.0,1,0,0.0,0.0,0.0,0,,,,,,0,,,,,,98444,53,64.0,135.0,6.0,1.0,0.0,0.0,0.0,1.0,,0,,,,,,0,05/15/2014,05/15/2014,20,0,0,0,8.0,9,8,,,0,0.0,0.0,8,0,8.0,95.0,,,96.0,,,8,95,995.0,,,,,,,,,,,,,,,,,,,,,,,,,,,,,,0,0,0,1,0,0,1,1,0,0,0,0,0,0,0,0,0,0,0,1,0,0,0,1,1,0,0,0,0,1,0,0,0,0,0,,0,0,0,0,0,0,0,0,0,0,0,0,0,0,0,0,,,,,,26-30,26-35,State route,U,Friday,Belt Used,PV,Not Fatal,1,0,0,0,State Route,State Patrol,Washington State Patrol,0,1,0,0,0,,,,,,0.0,0.0,0.0,,,,,,,,,,,98.0,98.0,98.0,0.0,,,,,20.0,7.0,,,,,,,,,,,,,,,,98387,Tacoma,Spanaway
1577,1605,1605,2019,23,E884741,3.0,2019-01-11,20:25,11,1,,53,Pierce,0,1,0.0,3,1,2,1,0,6,4,,,,12,0,1,48.3,3,0,2,3,2,1,3,0,0,0,0,SR-7,176TH ST E,-122.4349444,47.097133333,0,4,98,53,3,40,4,0,0,1,5,12,1,1,4,2,5,1,1,53,0,30,40,2004,0,0.0,12,,,,,,1,1,24,2,0.0,,0,0,3,0,11,0,,,,,0.0,0.0,3.0,3.0,1,0,0.0,0.0,0.0,0,,,,,,0,,,,,,98031,53,62.0,220.0,6.0,1.0,0.0,0.0,1.0,0.0,,0,,,,,,0,01/15/2015,01/15/2015,20,0,0,0,8.0,9,8,,,0,0.0,0.0,8,0,8.0,95.0,,,96.0,,,8,95,995.0,,,,,,,,,,,,,,,,,,,,,,,,,,,,,,0,0,0,1,0,0,1,1,0,0,0,0,0,0,0,0,0,0,0,1,0,0,0,1,1,0,0,0,0,1,0,0,0,0,0,,0,0,0,0,0,0,0,0,0,0,0,0,0,0,0,0,,,,,,21-25,16-25,State route,U,Friday,Belt Used,PV,Not Fatal,1,0,0,0,State Route,State Patrol,Washington State Patrol,0,1,0,0,0,,,,,,0.0,0.0,0.0,,,,,,,,,,,98.0,98.0,98.0,0.0,,,,,20.0,7.0,,,,,,,,,,,,,,,,98387,Kent,Spanaway
1578,1606,1606,2019,24,E886225,25.0,2019-01-18,2:32,18,1,,33,King,0,99,0.0,3,2,2,1,0,1,1,,,,42,0,0,2.0,1,0,1,5,1,2,4,0,0,0,0,CR-272ND AVE SE,,-121.9795,47.358566667,0,1,6,12,2,35,80,0,0,1,7,42,2,1,2,1,1,1,1,53,0,72,706,2014,0,0.0,68,64.0,42.0,,,,1,1,28,1,7.0,,4,7,20,7,11,0,01/18/2019,2:32,53002970.0,2970.0,0.0,0.0,0.0,3.0,1,0,0.0,0.0,0.0,96,,,,,,99,,,,,,98249,53,74.0,200.0,6.0,1.0,0.0,0.0,0.0,0.0,,0,,,,,,0,,,20,8,0,0,0.0,9,8,,,0,0.0,0.0,8,9,2.0,401.0,996.0,,1.0,1.0,,2,1,0.221,,,,,,,,,,,,,,,,,,,,,,,,,,,,,,0,0,1,0,1,1,1,1,0,0,0,0,0,0,0,0,0,0,0,0,0,0,0,0,0,0,0,0,1,0,0,0,0,0,1,0.0,0,0,0,0,0,1,1,1,0,0,0,0,0,0,0,1,,,,,,26-30,26-35,County road,R,Friday,,MC,White,0,1,0,0,County Road,County Sheriff,King County Police,1,0,1,0,0,,,,,,0.0,0.0,0.0,,,,,,,,,,,0.0,0.0,0.0,1.0,,,,,19.0,0.0,,,,,,,,,,,,,,,,98051,Freeland,Ravensdale
1579,1607,1607,2019,25,E887024,40.0,2019-01-25,18:57,25,1,,63,Spokane,0,10,0.0,2,1,2,1,1,1,1,,,,8,0,0,1.2,3,0,3,4,2,2,4,0,0,0,0,CR-E 57TH AVE,S HAILEE LN,-117.3637139,47.602175,0,1,13,80,5,35,14,0,0,1,5,8,1,1,3,5,1,1,1,53,0,59,403,2004,0,0.0,8,,,,,,1,1,58,1,0.0,,0,0,3,0,11,0,,,,,0.0,0.0,3.0,3.0,1,0,0.0,0.0,0.0,93,,,,,,0,,,,,,99223,53,73.0,180.0,6.0,1.0,0.0,3.0,2.0,0.0,,0,,,,,,0,07/15/2015,07/15/2017,20,0,0,0,8.0,9,8,,,0,0.0,0.0,8,0,2.0,1.0,,,1.0,,,2,1,0.0,,,,,,,,,,,,,,,,,,,,,,,,,,,,,,0,0,0,1,0,0,0,0,0,0,0,0,0,0,0,0,1,1,0,0,0,0,0,0,0,0,0,0,0,1,0,1,0,0,0,,0,0,0,0,0,0,0,0,1,0,0,0,0,0,0,0,,,,,,56-60,56-65,County road,U,Friday,Belt Used,PV,Not Fatal,1,0,0,0,County Road,County Sheriff,Spokane County Sheriff's Office,0,0,1,0,0,,,,,,0.0,1.0,1.0,,,,,,,,,,,98.0,98.0,98.0,0.0,,,,,20.0,7.0,,,,,,,,,,,,,,,,99223,Spokane,Spokane
1580,1608,1608,2019,26,E887053,29.0,2019-01-13,3:32,13,1,,27,Grays Harbor,0,5,0.0,2,2,2,1,0,1,1,,,,42,0,0,1.6,1,0,1,5,1,2,4,0,0,0,0,CR-GARRARD CREEK RD,,-123.3004917,46.801680556,0,1,6,12,2,50,34,0,0,1,7,42,2,1,2,1,14,1,2,53,0,12,481,1986,0,0.0,68,64.0,42.0,,,,1,1,18,1,7.0,,4,7,3,0,11,0,01/13/2019,3:32,53002911.0,2911.0,0.0,0.0,3.0,3.0,1,0,0.0,0.0,0.0,92,,,,,,99,,,,,,98596,53,69.0,160.0,6.0,2.0,0.0,0.0,0.0,0.0,,0,,,,,,0,,,20,0,0,0,0.0,9,8,,,0,0.0,0.0,8,9,2.0,1.0,,,1.0,,,2,1,0.21,,,,,,,,,,,,,,,,,,,,,,,,,,,,,,0,0,1,0,1,1,0,1,0,0,0,0,0,0,0,0,1,0,0,0,0,1,1,0,1,0,0,0,0,1,0,0,0,0,0,,1,0,0,0,0,1,0,1,1,0,0,0,0,1,0,1,,,,,,18-20,16-25,County road,R,Sunday,Belt Used,PV,White,0,1,0,0,County Road,County Sheriff,Lewis County Sheriff's Office,1,0,1,0,0,,,,,,0.0,0.0,0.0,,,,,,,,,,,0.0,0.0,0.0,1.0,,,,,20.0,7.0,,,,,,,,,,,,,,,,98568,Winlock,Oakville
1581,1609,1609,2019,27,E887107,8.0,2019-01-18,10:10,18,1,,49,Pacific,0,2,0.0,1,2,1,1,0,2,2,,,,12,0,1,62.0,1,0,1,3,1,1,2,0,0,0,0,US-101,,-123.7440111,46.727825,0,1,25,53,3,55,66,2,0,1,5,12,2,2,2,1,14,1,3,53,0,87,881,2000,0,0.0,12,,,,,,1,1,62,1,0.0,,0,0,3,0,11,0,,,,,6.0,1.0,0.0,3.0,1,0,0.0,0.0,0.0,96,,,,,,0,,,,,,97391,41,73.0,280.0,6.0,1.0,0.0,0.0,0.0,0.0,,0,,,,,,0,,,20,0,0,0,8.0,9,8,,,0,0.0,0.0,8,0,2.0,1.0,,,1.0,,,2,1,0.0,,,,,,,,,,,,,,,,,,,,,,,,,,,,,,0,0,0,0,0,0,0,0,0,0,0,0,0,0,0,0,0,0,0,0,0,0,0,0,0,0,0,0,0,1,1,0,0,0,0,,0,0,0,0,0,0,0,0,0,0,0,0,0,0,0,0,,,,,,61-65,56-65,US highway,R,Friday,,MHTRUCK,Not Fatal,0,1,1,0,State Route,State Patrol,WASHINGTON STATE PATROL,0,1,0,0,0,,,,,,0.0,0.0,0.0,,,,,,,,,,,98.0,98.0,98.0,0.0,,,,,20.0,7.0,,,,,,,,,,,,,,,,98577,Toledo,Raymond
1582,1610,1610,2019,27,E887107,8.0,2019-01-18,10:10,18,1,,49,Pacific,0,2,0.0,1,2,1,1,0,2,2,,,,12,0,1,62.0,1,0,1,3,1,1,2,0,0,0,0,US-101,,-123.7440111,46.727825,0,2,24,51,3,55,6,0,0,1,2,12,2,2,2,1,14,1,1,53,0,35,51,2015,0,0.0,12,,,,,,1,1,64,2,7.0,,4,7,3,0,11,0,01/18/2019,10:10,53003052.0,3052.0,0.0,0.0,3.0,3.0,1,0,0.0,0.0,0.0,96,,,,,,99,,,,,,98550,53,64.0,210.0,6.0,1.0,0.0,0.0,0.0,1.0,,0,,,,,,0,06/15/2018,06/15/2018,8,9,0,0,0.0,9,8,,,0,0.0,0.0,8,9,2.0,1.0,,,1.0,,,2,1,0.0,,,,,,,,,,,,,,,,,,,,,,,,,,,,,,0,0,0,0,0,0,0,0,0,0,0,0,0,0,0,0,0,0,0,0,0,0,0,0,0,0,0,0,0,1,1,0,0,0,0,,1,0,0,0,0,0,0,0,0,0,0,0,0,0,0,0,,,,,,61-65,56-65,US highway,R,Friday,Belt Used,PV,White,0,1,1,0,State Route,State Patrol,WASHINGTON STATE PATROL,0,1,0,0,0,,,,,,0.0,0.0,0.0,,,,,,,,,,,98.0,98.0,98.0,1.0,,,,,20.0,7.0,,,,,,,,,,,,,,,,98577,Hoquiam,Raymond
1583,1611,1611,2019,28,E887454,4.0,2019-01-25,10:51,25,1,,75,Whitman,0,10,0.0,1,1,2,1,0,1,1,,,,1,0,0,4.4,1,0,1,5,1,1,3,0,0,0,0,SR-271,,-117.2943889,47.182122222,0,1,6,13,2,55,34,0,0,1,7,1,3,8,2,1,14,1,1,40,0,12,471,1998,0,0.0,63,69.0,68.0,64.0,1.0,,1,1,57,2,7.0,,4,0,20,7,11,8,01/25/2019,12:15,211053004423.0,4423.0,0.0,0.0,0.0,2.0,1,58,0.0,0.0,0.0,6,,,,,,0,,,,,,73128,40,64.0,150.0,1.0,1.0,0.0,2.0,1.0,0.0,,0,,,,,,0,04/15/2014,02/15/2015,20,1,9,0,0.0,9,8,,,0,0.0,0.0,8,0,8.0,95.0,,,96.0,,,8,95,995.0,,,,,,,,,,,,,,,,,,,,,,,,,,,,,,0,0,1,0,0,0,0,0,0,0,0,0,0,1,0,0,1,0,0,1,0,0,0,0,0,0,0,0,0,1,0,0,0,1,0,,1,0,0,0,0,0,0,0,1,0,0,1,0,0,0,0,,,,,,56-60,56-65,State route,R,Friday,Not Used,PV,White,0,1,0,0,State Route,State Patrol,Washington State Patrol,1,1,0,0,0,,,,,,0.0,0.0,0.0,,,,,,,,,,,0.0,0.0,0.0,1.0,,,,,20.0,7.0,,,,,,,,,,,,,,,,99170,Oklahoma City,Rosalia
1584,1612,1612,2019,29,E887804,122.0,2019-01-27,9:14,27,1,,61,Snohomish,690,5,0.0,1,2,2,2,0,4,1,,,,40,0,0,0.0,1,0,1,7,2,4,6,0,0,0,0,112TH ST SW,,-122.2506333,47.896430556,0,1,7,6,1,30,4,0,0,1,7,40,1,1,5,5,1,4,2,53,0,54,35,2000,0,0.0,67,68.0,64.0,40.0,42.0,30.0,1,1,27,1,0.0,,3,0,3,0,11,8,,,,,0.0,0.0,3.0,2.0,1,0,0.0,0.0,0.0,96,,,,,,9,,,,,,98208,53,69.0,200.0,1.0,1.0,1.0,1.0,1.0,3.0,,97,,,,,,4,04/15/2015,01/15/2018,1,1,9,0,8.0,9,8,,,0,0.0,0.0,8,1,2.0,1.0,,,1.0,,,2,1,0.064,,,,,,,,,,,,,,,,,,,,,,,,,,,,,,0,0,0,0,1,0,0,0,0,0,0,0,1,1,0,0,0,0,0,0,0,0,0,0,0,0,0,0,0,1,0,0,0,0,0,,0,0,0,0,1,0,0,0,0,1,0,1,1,0,0,1,,,,,,26-30,26-35,City street,U,Sunday,Belt Used,PV,Not Fatal,0,1,0,0,City Street,Municipal/City Police,Everett Police Department,1,0,0,1,0,,,,,,0.0,1.0,5.0,,,,,,,,,,,98.0,98.0,98.0,0.0,,,,,20.0,7.0,,,,,,,,,,,,,,,,98204,Everett,Everett
1585,1613,1613,2019,30,E887858,4.0,2019-01-25,15:05,25,1,,63,Spokane,0,5,0.0,1,1,2,1,0,2,2,,,,12,0,2,71.7,1,0,1,3,1,1,2,0,0,0,0,US-195,,-117.3806139,47.351566667,0,1,50,10,2,98,4,0,0,1,2,12,1,1,2,1,1,1,1,53,0,35,39,2012,0,0.0,68,12.0,,,,,1,1,67,1,7.0,,4,7,3,0,11,0,01/25/2019,15:05,53004837.0,4837.0,0.0,0.0,0.0,3.0,1,28,0.0,0.0,0.0,96,,,,,,99,,,,,,99224,53,70.0,170.0,6.0,1.0,0.0,2.0,1.0,0.0,,0,,,,,,0,03/15/2016,05/15/2016,8,0,0,0,0.0,1,8,,,0,0.0,0.0,8,1,2.0,1.0,,,1.0,,,2,1,0.0,,,,,,,,,,,,,,,,,,,,,,,,,,,,,,0,0,0,0,1,0,0,0,0,0,0,0,0,0,0,0,0,0,0,0,0,0,0,0,0,1,1,1,0,1,1,0,0,0,0,,1,0,0,0,0,0,0,0,0,0,0,0,0,0,0,1,,,,,,66-70,66-75,US highway,R,Friday,Belt Used,PV,White,0,1,1,0,State Route,State Patrol,Washington State Patrol,0,1,0,0,0,,,,,,0.0,0.0,0.0,,,,,,,,,,,98.0,98.0,98.0,1.0,,,,,20.0,7.0,,,,,,,,,,,,,,,,99170,Spokane,Rosalia
1586,1614,1614,2019,30,E887858,4.0,2019-01-25,15:05,25,1,,63,Spokane,0,5,0.0,1,1,2,1,0,2,2,,,,12,0,2,71.7,1,0,1,3,1,1,2,0,0,0,0,US-195,,-117.3806139,47.351566667,0,2,51,62,4,60,66,2,0,1,2,12,1,1,2,1,1,1,3,16,0,85,881,1999,0,0.0,12,,,,,,1,1,81,1,0.0,,0,0,3,0,11,0,,,,,6.0,1.0,3.0,3.0,1,0,0.0,0.0,0.0,96,,,,,,0,,,,,,99005,53,68.0,200.0,6.0,1.0,0.0,1.0,4.0,0.0,,0,,,,,,0,01/15/2014,09/15/2017,20,0,0,0,8.0,9,2,,,0,0.0,0.0,0,0,8.0,95.0,,,96.0,,,8,95,995.0,,,,,,,,,,,,,,,,,,,,,,,,,,,,,,0,0,0,0,1,0,0,0,0,0,0,0,0,0,0,0,0,0,0,0,0,0,0,0,0,1,1,1,0,1,1,0,0,0,0,,0,0,0,0,0,0,0,0,0,0,0,0,0,0,0,0,,,,,,81+,76+,US highway,R,Friday,,MHTRUCK,Not Fatal,0,1,1,0,State Route,State Patrol,Washington State Patrol,0,1,0,0,0,,,,,,0.0,0.0,0.0,,,,,,,,,,,0.0,0.0,0.0,0.0,,,,,20.0,7.0,,,,,,,,,,,,,,,,99170,Colbert,Rosalia
1587,1615,1615,2019,31,E888005,35.0,2019-01-29,17:45,29,1,,53,Pierce,0,1,0.0,2,1,2,1,0,5,3,,,,12,0,1,1.4,1,0,1,5,2,2,4,0,0,0,0,CR-SUMNER TAPPS HWY E,,-122.2131667,47.217655556,0,1,24,51,3,45,34,0,0,1,7,12,2,3,2,1,14,1,1,53,0,12,471,2009,0,0.0,12,,,,,,1,1,61,1,0.0,,0,0,3,0,11,0,,,,,6.0,0.0,3.0,3.0,1,0,0.0,0.0,0.0,96,,,,,,9,,,,,,98391,53,71.0,220.0,6.0,1.0,0.0,5.0,1.0,0.0,,97,,,,,,0,04/15/2014,06/15/2017,1,0,0,0,8.0,1,8,,,0,0.0,0.0,8,1,2.0,1.0,,,1.0,,,2,1,0.16,,,,,,,,,,,,,,,,,,,,,,,,,,,,,,0,0,0,0,1,1,0,1,0,0,0,0,0,0,0,0,0,0,0,1,1,0,1,0,1,0,0,0,0,1,0,0,0,0,0,,0,0,0,0,0,1,0,1,0,0,0,0,0,1,0,1,,,,,,61-65,56-65,County road,U,Tuesday,Belt Used,PV,Not Fatal,1,0,0,0,County Road,County Sheriff,Law Enforcement Support Agency,0,0,1,0,0,,,,,,0.0,0.0,0.0,,,,,,,,,,,98.0,98.0,98.0,0.0,,,,,20.0,7.0,,,,,,,,,,,,,,,,98391,Bonney Lake,Bonney Lake
1588,1616,1616,2019,31,E888005,35.0,2019-01-29,17:45,29,1,,53,Pierce,0,1,0.0,2,1,2,1,0,5,3,,,,12,0,1,1.4,1,0,1,5,2,2,4,0,0,0,0,CR-SUMNER TAPPS HWY E,,-122.2131667,47.217655556,0,2,25,53,3,45,3,0,0,1,7,12,2,3,2,1,14,2,1,53,0,20,34,1989,0,0.0,12,12.0,,,,,1,1,61,1,0.0,,3,0,3,0,11,5,,,,,6.0,0.0,0.0,3.0,1,0,0.0,0.0,0.0,96,,,,,,0,,,,,,98391,53,72.0,240.0,6.0,1.0,0.0,0.0,0.0,0.0,,0,,,,,,0,,,1,0,0,0,8.0,9,8,,,0,0.0,0.0,8,0,8.0,95.0,,,96.0,,,8,95,995.0,,,,,,,,,,,,,,,,,,,,,,,,,,,,,,0,0,0,0,1,1,0,1,0,0,0,0,0,0,0,0,0,0,0,1,1,0,1,0,1,0,0,0,0,1,0,0,0,0,0,,0,0,0,0,0,0,0,0,0,0,0,0,0,0,0,0,,,,,,61-65,56-65,County road,U,Tuesday,Belt Used,PV,Not Fatal,1,0,0,0,County Road,County Sheriff,Law Enforcement Support Agency,0,0,1,0,0,,,,,,0.0,0.0,0.0,,,,,,,,,,,0.0,0.0,0.0,0.0,,,,,20.0,7.0,,,,,,,,,,,,,,,,98391,Bonney Lake,Bonney Lake
1589,1617,1617,2019,31,E888005,35.0,2019-01-29,17:45,29,1,,53,Pierce,0,1,0.0,2,1,2,1,0,5,3,,,,12,0,1,1.4,1,0,1,5,2,2,4,0,0,0,0,CR-SUMNER TAPPS HWY E,,-122.2131667,47.217655556,0,3,98,62,4,45,3,0,0,1,7,12,3,3,2,1,14,2,2,53,0,49,33,1992,0,0.0,12,,,,,,1,1,17,2,0.0,,1,0,3,0,11,8,,,,,0.0,0.0,0.0,3.0,1,0,0.0,0.0,0.0,96,,,,,,0,,,,,,98391,53,64.0,130.0,6.0,2.0,0.0,0.0,0.0,0.0,,0,,,,,,0,,,1,0,0,0,8.0,9,8,,,0,0.0,0.0,8,0,8.0,95.0,,,96.0,,,8,95,995.0,,,,,,,,,,,,,,,,,,,,,,,,,,,,,,0,0,0,0,1,1,0,1,0,0,0,0,0,0,0,0,0,0,0,1,1,0,1,0,1,0,0,0,0,1,0,0,0,0,0,,0,0,0,0,0,0,0,0,0,0,0,0,0,0,0,0,,,,,,16-17,16-25,County road,U,Tuesday,Belt Used,PV,Not Fatal,1,0,0,0,County Road,County Sheriff,Law Enforcement Support Agency,0,0,1,0,0,,,,,,0.0,0.0,0.0,,,,,,,,,,,0.0,0.0,0.0,0.0,,,,,20.0,7.0,,,,,,,,,,,,,,,,98391,Bonney Lake,Bonney Lake
1590,1618,1618,2019,32,E888548,7.0,2019-01-25,20:23,25,1,,7,Chelan,0,1,0.0,2,1,2,1,0,2,2,,,,12,0,1,80.7,1,0,1,3,1,1,2,0,0,0,0,US-2,,-120.8172306,47.774405556,0,1,24,51,3,60,6,0,0,1,7,1,1,1,2,1,1,1,1,53,0,48,34,1998,0,0.0,12,1.0,,,,,1,1,47,1,7.0,,4,0,20,7,11,4,01/25/2019,23:12,249053004519.0,4519.0,0.0,0.0,0.0,3.0,1,0,0.0,0.0,0.0,96,,,,,,9,,,,,,98279,53,69.0,165.0,6.0,1.0,0.0,0.0,1.0,0.0,,0,,,,,,0,08/15/2016,08/15/2016,1,0,0,0,0.0,1,8,,,0,0.0,0.0,8,1,8.0,95.0,,,96.0,,,2,1,0.09,,,,,,,,,,,,,,,,,,,,,,,,,,,,,,0,0,0,0,1,1,0,1,0,0,0,0,0,0,0,0,0,0,0,1,0,0,0,0,0,0,0,0,0,1,0,0,0,1,0,,1,0,0,0,0,1,0,1,0,0,0,0,0,1,0,1,,,,,,46-50,46-55,US highway,R,Friday,Not Used,PV,White,0,0,0,0,State Route,State Patrol,Washington State Patrol,0,1,0,0,0,,,,,,0.0,0.0,0.0,,,,,,,,,,,0.0,0.0,0.0,1.0,,,,,20.0,7.0,,,,,,,,,,,,,,,,98826,Olga,Leavenworth