,index,Unnamed: 0,year,case,par,repjur,crash_dt,crash_tm,accday,accmon,holiday,county,co_char,city,weather,weather2,lightcond,surfcond,surftype,numfatal,nmforms,pforms,vforms,not_tm,arr_tm,hosp_tm,fhevent,hitrun,manncol,milepnt,reljunc,reljuncinter,intersectiontype,funcsystem,landuse,ownership,route,schlbus,spejur,contdev,devfunc,trafid1,trafid2,lon,lat,wk_zone,vnumber,crashtype,criticalevent,criticaleventcat,spdlim,body,trailer,emerg,hazcargo,leave,mhevent,roadalgn,roadprof,traflane,trafflow,vehmanvr,numoccs,regowner,regstate,spuse,make,model,modelyr,vrf1,vrf2,seqevent1,seqevent2,seqevent3,seqevent4,seqevent5,seqevent6,pnumber,ptype,age,sex,hispanic,race,injury,diedscene,restraint,restraintmisuse,seatpos,takehosp,death_dt,death_tm,cert,cernum_wa,commlic,licendor,licrestrict,liccomp,drivpres,drf1,drf2,drf3,drf4,distract1,distract2,distract3,distract4,distract5,distract6,dricond1,dricond2,dricond3,dricond4,dricond5,dricond6,dzip,licstate,drhgt_in,weight,noncdl,noncdltype,prevdwi,prevoth,prevacc,prevspd,prevsus,driviol1,driviol2,driviol3,driviol4,driviol5,driviol6,spdrel,first_dt,last_dt,airbag,ejection,ejectpath,extricat,injurwrk,methalc,methdrug,nmlocat,strikveh,prf1,prf2,prf3,druginv,alcinvol,drugsts,drugres1,drugres2,drugres3,drugtst1,drugtst2,drugtst3,alcsts,alctst,alcres,nmact1,nmact2,nmact3,nmact4,nmact5,nmact6,nmprior1,nmprior2,nmprior3,nmprior4,nmprior5,nmprior6,nmcond1,nmcond2,nmcond3,nmcond4,nmcond5,nmcond6,nmsafe_helmet,nmsafe_pads,nmsafe_oth,nmprev_ref,nmprev_lgt,nmprev_oth,crashlocation,nmcrashtype,crosswalk,schoolzone,sidewalk,train_inv,wildlife_inv,rotr_fars,intersect_fars,dd_inv,aid_inv,dpd_inv,id_inv,mj_inv,impnm_inv,ainm_inv,dpnm_inv,speed_inv,unlic_inv,unendmc_inv,drowsy_inv,drdist_inv,nmdist_inv,fty_inv,unrestfat_inv,dr1617_inv,dr1820_inv,dr1620_inv,dr2125_inv,dr1625_inv,dr65_inv,dr70_inv,dr75_inv,mc_inv,pv_inv,ht_inv,ped_inv,bike_inv,unrest_fat,mc_fat,unhelmet_mc,pv_fat,ht_fat,ped_fat,bike_fat,dr_alc7,dr_alc8,dr_drug,dr_imp,dr_dist,dr_spd,dr_fty,dr_unlic,dr_alc7only,dr_alc8only,dr_drugonly,dr_drink,nm_imp,nm_alc7,nm_alc8,nm_drug,nm_dist,agegrp1,agegrp2,roadclass,urbrur,dayweek,restuse,vehtype,race_me,intersect,lanedep,oppdir,wrongway,rep_typ,investag,repag_long,rotr,st_rd,cty_rd,city_rd,oth_rd,drug_thc,thc_res,drug_cthc,cthc_res,drug_cann,prevpersemin,prevperse,prevsusoth,drugtst4,drugtst5,drugtst6,drugtst7,drugtst8,drugres4,drugres5,drugres6,drugres7,drugres8,adspresent,adsengaged,adslevel,race1,race2,race3,race4,race5,helmet,helmetmisuse,nmdistract1,nmdistract2,nmdistract3,nmdistract4,nmdistract5,nmdistract6,lab,isedtcase,crf1,crf2,crf3,CoRoadName,CoMP,IntCoRoadName,IntCoMP,crashzip,dcity,crashcity
1591,1619,1619,2019,32,E888548,7.0,2019-01-25,20:23,25,1,,7,Chelan,0,1,0.0,2,1,2,1,0,2,2,,,,12,0,1,80.7,1,0,1,3,1,1,2,0,0,0,0,US-2,,-120.8172306,47.774405556,0,2,25,53,3,60,99,0,0,1,5,12,1,1,2,1,1,1,3,53,0,55,999,2001,0,0.0,12,,,,,,1,1,40,1,0.0,,0,0,2,0,11,0,,,,,6.0,0.0,0.0,3.0,1,0,0.0,0.0,0.0,96,,,,,,0,,,,,,98801,53,70.0,160.0,6.0,1.0,0.0,0.0,0.0,0.0,,0,,,,,,0,,,20,0,0,0,8.0,5,2,,,0,0.0,0.0,0,0,0.0,0.0,,,0.0,,,0,0,996.0,,,,,,,,,,,,,,,,,,,,,,,,,,,,,,0,0,0,0,1,1,0,1,0,0,0,0,0,0,0,0,0,0,0,1,0,0,0,0,0,0,0,0,0,1,0,0,0,0,0,,0,0,0,0,0,0,0,0,0,0,0,0,0,0,0,0,,,,,,36-40,36-45,US highway,R,Friday,,NR-U,Not Fatal,0,0,0,0,State Route,State Patrol,Washington State Patrol,0,1,0,0,0,,,,,,0.0,0.0,0.0,,,,,,,,,,,98.0,98.0,98.0,0.0,,,,,20.0,7.0,,,,,,,,,,,,,,,,98826,Wenatchee,Leavenworth
1592,1620,1620,2019,33,E889102,4.0,2019-02-01,20:10,1,2,,51,Pend Oreille,0,2,0.0,2,2,2,1,0,3,3,,,,12,0,2,321.2,1,0,1,3,1,1,2,0,0,0,0,US-2,,-117.1279833,48.147933333,0,1,50,10,2,98,5,0,0,1,2,12,1,2,2,1,6,1,2,53,0,48,38,2004,0,0.0,12,,,,,,1,1,38,1,7.0,,4,7,20,7,11,0,02/01/2019,20:10,53005709.0,5709.0,0.0,0.0,0.0,3.0,1,28,33.0,0.0,0.0,96,,,,,,9,,,,,,99037,53,70.0,225.0,6.0,1.0,0.0,1.0,0.0,1.0,,0,,,,,,4,05/15/2018,09/15/2018,1,2,9,0,0.0,1,8,,,0,0.0,0.0,8,1,2.0,1.0,,,1.0,,,2,1,0.27,,,,,,,,,,,,,,,,,,,,,,,,,,,,,,0,0,0,0,1,1,0,1,0,0,0,0,1,0,0,0,0,0,0,1,0,0,0,0,0,0,0,0,0,1,1,0,0,1,0,,1,0,0,0,0,1,0,1,0,1,0,0,0,1,0,1,,,,,,36-40,36-45,US highway,R,Friday,Not Used,PV,White,0,1,1,0,State Route,State Patrol,Washington State Patrol,0,1,0,0,0,,,,,,0.0,0.0,0.0,,,,,,,,,,,98.0,98.0,98.0,1.0,,,,,20.0,7.0,,,,,,,,,,,,,,,,99156,Veradale,Newport
1593,1621,1621,2019,33,E889102,4.0,2019-02-01,20:10,1,2,,51,Pend Oreille,0,2,0.0,2,2,2,1,0,3,3,,,,12,0,2,321.2,1,0,1,3,1,1,2,0,0,0,0,US-2,,-117.1279833,48.147933333,0,2,51,62,4,60,6,0,0,1,2,12,1,2,2,1,1,1,2,53,0,24,10,2007,0,0.0,12,12.0,,,,,1,1,44,2,0.0,,3,0,3,0,11,8,,,,,0.0,0.0,0.0,3.0,1,0,0.0,0.0,0.0,96,,,,,,0,,,,,,99156,53,68.0,270.0,6.0,1.0,0.0,1.0,1.0,0.0,,0,,,,,,0,12/15/2018,12/15/2018,8,0,0,0,8.0,9,8,,,0,0.0,0.0,8,0,8.0,95.0,,,96.0,,,8,95,995.0,,,,,,,,,,,,,,,,,,,,,,,,,,,,,,0,0,0,0,1,1,0,1,0,0,0,0,1,0,0,0,0,0,0,1,0,0,0,0,0,0,0,0,0,1,1,0,0,0,0,,0,0,0,0,0,0,0,0,0,0,0,0,0,0,0,0,,,,,,41-45,36-45,US highway,R,Friday,Belt Used,PV,Not Fatal,0,1,1,0,State Route,State Patrol,Washington State Patrol,0,1,0,0,0,,,,,,0.0,0.0,1.0,,,,,,,,,,,98.0,98.0,98.0,0.0,,,,,20.0,7.0,,,,,,,,,,,,,,,,99156,Newport,Newport
1594,1622,1622,2019,33,E889102,4.0,2019-02-01,20:10,1,2,,51,Pend Oreille,0,2,0.0,2,2,2,1,0,3,3,,,,12,0,2,321.2,1,0,1,3,1,1,2,0,0,0,0,US-2,,-117.1279833,48.147933333,0,3,98,98,7,60,66,1,0,1,5,12,1,2,2,1,1,1,3,53,0,85,881,2018,0,0.0,12,,,,,,1,1,36,1,0.0,,0,0,3,0,11,0,,,,,6.0,1.0,0.0,3.0,1,0,0.0,0.0,0.0,0,,,,,,0,,,,,,99206,53,74.0,260.0,6.0,1.0,0.0,0.0,0.0,0.0,,0,,,,,,0,,,20,0,0,0,8.0,9,8,,,0,0.0,0.0,8,0,8.0,95.0,,,96.0,,,8,95,995.0,,,,,,,,,,,,,,,,,,,,,,,,,,,,,,0,0,0,0,1,1,0,1,0,0,0,0,1,0,0,0,0,0,0,1,0,0,0,0,0,0,0,0,0,1,1,0,0,0,0,,0,0,0,0,0,0,0,0,0,0,0,0,0,0,0,0,,,,,,36-40,36-45,US highway,R,Friday,,MHTRUCK,Not Fatal,0,1,1,0,State Route,State Patrol,Washington State Patrol,0,1,0,0,0,,,,,,0.0,0.0,0.0,,,,,,,,,,,98.0,98.0,98.0,0.0,,,,,20.0,7.0,,,,,,,,,,,,,,,,99156,Spokane,Newport
1595,1624,1624,2019,35,E890289,6.0,2019-01-16,20:50,16,1,,1,Adams,1630,1,0.0,2,1,2,1,0,2,2,,,,12,0,6,40.1,3,0,2,3,2,1,3,0,0,0,0,SR-26,MOON ROAD,-119.1871139,46.811458333,0,1,80,10,2,50,66,2,0,1,5,12,1,1,2,1,10,1,3,53,0,85,881,1994,0,0.0,68,12.0,,,,,1,1,54,1,0.0,,0,0,3,0,11,0,,,,,1.0,0.0,0.0,2.0,1,48,0.0,0.0,0.0,96,,,,,,0,,,,,,99349,53,72.0,216.0,1.0,1.0,0.0,1.0,0.0,2.0,,69,,,,,,0,02/15/2018,06/15/2018,20,0,0,0,8.0,9,8,,,0,0.0,0.0,8,0,8.0,95.0,,,96.0,,,8,95,995.0,,,,,,,,,,,,,,,,,,,,,,,,,,,,,,0,0,0,1,0,0,1,1,0,0,0,0,0,1,0,0,0,0,0,1,0,0,0,1,1,0,0,0,0,1,1,0,0,0,0,,0,0,0,0,0,0,0,0,0,0,0,1,0,0,0,0,,,,,,51-55,46-55,State route,U,Wednesday,,MHTRUCK,Not Fatal,1,0,0,0,State Route,State Patrol,Washington State Patrol Headquarter,0,1,0,0,0,,,,,,0.0,0.0,1.0,,,,,,,,,,,0.0,0.0,0.0,0.0,,,,,20.0,7.0,,,,,,,,,,,,,,,,99344,Mattawa,Othello
1596,1625,1625,2019,35,E890289,6.0,2019-01-16,20:50,16,1,,1,Adams,1630,1,0.0,2,1,2,1,0,2,2,,,,12,0,6,40.1,3,0,2,3,2,1,3,0,0,0,0,SR-26,MOON ROAD,-119.1871139,46.811458333,0,2,81,62,4,50,4,0,0,1,7,1,1,1,2,1,1,1,2,53,0,49,40,2015,0,0.0,12,63.0,24.0,17.0,53.0,1.0,1,1,21,1,1.0,,4,0,20,7,11,4,01/17/2019,23:05,211053003042.0,3042.0,0.0,0.0,3.0,3.0,1,0,0.0,0.0,0.0,96,,,,,,0,,,,,,99344,53,65.0,160.0,6.0,1.0,0.0,2.0,0.0,1.0,,0,,,,,,0,10/15/2016,10/15/2017,8,1,9,0,0.0,9,8,,,0,0.0,0.0,8,0,2.0,300.0,348.0,,1.0,1.0,,2,1,0.0,,,,,,,,,,,,,,,,,,,,,,,,,,,,,,0,0,0,1,0,0,1,1,0,0,0,0,0,1,0,0,0,0,0,1,0,0,0,1,1,0,0,0,0,1,1,0,0,1,0,,1,0,0,0,0,0,1,1,0,0,0,0,0,0,1,0,,,,,,21-25,16-25,State route,U,Wednesday,Not Used,PV,Hispanic,1,0,0,0,State Route,State Patrol,Washington State Patrol Headquarter,0,1,0,0,0,,,,,,0.0,0.0,2.0,,,,,,,,,,,98.0,98.0,98.0,1.0,,,,,20.0,7.0,,,,,,,,,,,,,,,,99344,Othello,Othello
1597,1626,1626,2019,36,E890328,31.0,2019-02-02,16:51,2,2,,45,Mason,0,1,0.0,1,1,2,1,0,5,2,,,,12,0,7,1.8,3,0,3,5,1,2,4,0,0,0,0,CR-E PICKERING RD,STRONG RD,-122.9384,47.268936111,0,1,46,11,2,40,67,0,0,1,7,12,3,2,2,1,6,3,1,53,0,20,880,2010,0,0.0,12,,,,,,1,1,43,1,7.0,,4,7,20,7,11,0,02/02/2019,16:51,53006649.0,6649.0,0.0,0.0,0.0,2.0,1,33,58.0,0.0,0.0,96,,,,,,99,,,,,,98584,53,69.0,185.0,1.0,1.0,0.0,1.0,0.0,0.0,,0,,,,,,4,04/15/2014,04/15/2014,20,1,9,0,0.0,9,8,,,0,0.0,0.0,8,9,2.0,1.0,,,1.0,,,2,1,0.0,,,,,,,,,,,,,,,,,,,,,,,,,,,,,,0,0,0,1,0,0,0,0,0,0,0,0,1,1,0,0,0,0,1,0,0,0,0,0,0,0,0,0,0,1,1,0,0,0,0,,0,1,0,0,0,0,0,0,0,1,0,1,0,0,0,0,,,,,,41-45,36-45,County road,R,Saturday,,MHTRUCK,White,1,0,0,0,County Road,County Sheriff,Mason County Sheriff's Office,0,0,1,0,0,,,,,,0.0,0.0,1.0,,,,,,,,,,,98.0,98.0,98.0,1.0,,,,,20.0,7.0,,,,,,,,,,,,,,,,98584,Shelton,Shelton
1598,1627,1627,2019,36,E890328,31.0,2019-02-02,16:51,2,2,,45,Mason,0,1,0.0,1,1,2,1,0,5,2,,,,12,0,7,1.8,3,0,3,5,1,2,4,0,0,0,0,CR-E PICKERING RD,STRONG RD,-122.9384,47.268936111,0,2,45,60,4,40,34,0,0,1,7,1,3,2,2,1,14,2,1,53,0,12,481,2015,0,0.0,12,63.0,35.0,1.0,,,1,1,43,1,0.0,,1,0,3,0,11,4,,,,,0.0,0.0,0.0,3.0,1,38,0.0,0.0,0.0,96,,,,,,0,,,,,,98370,53,73.0,250.0,6.0,1.0,0.0,0.0,1.0,0.0,,0,,,,,,0,06/15/2016,06/15/2016,8,0,0,0,8.0,9,8,,,0,0.0,0.0,8,9,8.0,95.0,,,96.0,,,8,95,995.0,,,,,,,,,,,,,,,,,,,,,,,,,,,,,,0,0,0,1,0,0,0,0,0,0,0,0,1,1,0,0,0,0,1,0,0,0,0,0,0,0,0,0,0,1,1,0,0,0,0,,0,0,0,0,0,0,0,0,0,0,1,0,0,0,0,0,,,,,,41-45,36-45,County road,R,Saturday,Belt Used,PV,Not Fatal,1,0,0,0,County Road,County Sheriff,Mason County Sheriff's Office,0,0,1,0,0,,,,,,0.0,0.0,0.0,,,,,,,,,,,98.0,98.0,98.0,0.0,,,,,20.0,7.0,,,,,,,,,,,,,,,,98584,Poulsbo,Shelton
1599,1628,1628,2019,37,E890893,75.0,2019-02-06,0:13,6,2,,11,Clark,240,10,0.0,3,1,1,1,0,2,1,,,,42,0,0,0.0,1,0,1,7,2,4,6,0,0,0,0,NE 3RD AVE,,-122.397525,45.588391667,0,1,1,13,2,25,4,0,0,1,7,42,3,1,4,2,14,2,2,53,0,22,22,2008,0,0.0,63,42.0,30.0,1.0,,,1,1,29,1,0.0,,1,0,3,0,11,8,,,,,0.0,0.0,0.0,0.0,1,91,0.0,0.0,0.0,96,,,,,,99,,,,,,96792,15,64.0,180.0,0.0,0.0,0.0,3.0,0.0,1.0,,1,,,,,,4,07/15/2015,02/15/2019,1,0,0,0,8.0,9,8,,,0,0.0,0.0,8,9,2.0,1.0,,,1.0,,,2,1,0.26,,,,,,,,,,,,,,,,,,,,,,,,,,,,,,0,0,1,0,1,1,0,1,0,0,0,0,1,1,0,0,0,0,0,0,0,0,0,0,0,0,0,0,0,1,0,0,0,0,0,,0,0,0,0,0,1,0,1,0,1,0,1,0,1,0,1,,,,,,26-30,26-35,City street,U,Wednesday,Belt Used,PV,Not Fatal,0,1,0,0,City Street,Municipal/City Police,Camas Police Department,1,0,0,1,0,,,,,,0.0,0.0,2.0,,,,,,,,,,,98.0,98.0,98.0,0.0,,,,,20.0,7.0,,,,,,,,,,,,,,,,98607,Waianae,Camas
1600,1629,1629,2019,38,E891885,1.0,2019-02-04,16:48,4,2,,21,Franklin,0,4,0.0,2,10,1,1,0,5,1,,,,1,0,0,40.8,1,0,1,3,1,1,2,0,0,0,0,US-395,,-119.0508028,46.408027778,0,1,2,6,1,70,34,0,0,1,2,1,1,2,2,3,1,5,2,53,0,49,482,2004,0,0.0,63,1.0,,,,,1,1,31,2,0.0,,0,0,3,0,11,0,,,,,0.0,0.0,3.0,3.0,1,87,0.0,0.0,0.0,96,,,,,,0,,,,,,83627,16,63.0,150.0,6.0,1.0,0.0,0.0,0.0,1.0,,0,,,,,,4,08/15/2015,08/15/2015,20,0,0,0,8.0,9,8,,,0,0.0,0.0,8,0,2.0,1.0,,,1.0,,,2,1,0.0,,,,,,,,,,,,,,,,,,,,,,,,,,,,,,0,0,0,0,0,0,0,0,0,0,0,0,1,0,0,0,0,0,0,1,0,0,0,0,0,0,0,0,0,1,0,0,0,0,0,,0,0,0,0,0,0,0,0,0,1,0,0,0,0,0,0,,,,,,31-35,26-35,US highway,R,Monday,Belt Used,PV,Not Fatal,0,1,0,0,State Route,State Patrol,Washington State Patrol,1,1,0,0,0,,,,,,0.0,0.0,0.0,,,,,,,,,,,98.0,98.0,98.0,0.0,,,,,20.0,7.0,,,,,,,,,,,,,,,,99301,Hammett,Pasco
1601,1630,1630,2019,39,E891889,1.0,2019-02-02,20:30,2,2,,21,Franklin,1660,2,0.0,3,2,1,2,0,11,7,,,,12,1,1,8.8,1,0,1,1,2,1,1,0,0,0,0,I-182,,-119.1919778,46.268447222,0,1,24,51,3,70,4,0,0,1,2,12,1,2,3,2,1,1,2,53,0,6,43,2004,0,0.0,12,,,,,,1,1,22,1,0.0,,0,0,3,0,11,0,,,,,0.0,0.0,3.0,2.0,1,0,0.0,0.0,0.0,96,,,,,,99,,,,,,99301,53,66.0,175.0,1.0,1.0,1.0,5.0,1.0,0.0,,7,,,,,,0,03/15/2015,09/15/2018,1,0,0,0,8.0,9,8,,,0,0.0,0.0,8,9,8.0,95.0,,,96.0,,,8,95,995.0,,,,,,,,,,,,,,,,,,,,,,,,,,,,,,0,0,0,0,0,0,0,0,0,0,0,0,0,1,0,0,0,0,0,0,0,0,0,1,1,0,0,0,0,1,0,0,0,0,0,,0,0,0,0,0,0,0,0,0,0,0,1,0,0,0,0,,,,,,21-25,16-25,Interstate,U,Saturday,Belt Used,PV,Not Fatal,0,0,0,0,State Route,State Patrol,Washington State Patrol,0,1,0,0,0,,,,,,1.0,0.0,8.0,,,,,,,,,,,98.0,98.0,98.0,0.0,,,,,20.0,7.0,,,,,,,,,,,,,,,,99301,Pasco,Pasco
1602,1631,1631,2019,39,E891889,1.0,2019-02-02,20:30,2,2,,21,Franklin,1660,2,0.0,3,2,1,2,0,11,7,,,,12,0,1,8.8,1,0,1,1,2,1,1,0,0,0,0,I-182,,-119.1919778,46.268447222,0,2,25,53,3,70,15,0,0,1,2,12,1,2,3,2,1,1,1,53,0,2,422,2014,0,0.0,12,65.0,12.0,12.0,12.0,12.0,1,1,44,2,7.0,,4,7,3,0,11,0,02/02/2019,20:30,166053005705.0,5705.0,0.0,0.0,0.0,3.0,1,0,0.0,0.0,0.0,0,,,,,,0,,,,,,99320,53,69.0,190.0,6.0,1.0,0.0,0.0,0.0,1.0,,0,,,,,,0,11/15/2016,11/15/2016,20,0,0,0,0.0,9,8,,,0,0.0,0.0,8,0,2.0,1.0,,,1.0,,,2,4,0.0,,,,,,,,,,,,,,,,,,,,,,,,,,,,,,0,0,0,0,0,0,0,0,0,0,0,0,0,1,0,0,0,0,0,0,0,0,0,1,1,0,0,0,0,1,0,0,0,0,0,,1,0,0,0,0,0,0,0,0,0,0,0,0,0,0,0,,,,,,41-45,36-45,Interstate,U,Saturday,Belt Used,PV,White,0,0,0,0,State Route,State Patrol,Washington State Patrol,0,1,0,0,0,,,,,,0.0,0.0,0.0,,,,,,,,,,,98.0,98.0,98.0,1.0,,,,,20.0,7.0,,,,,,,,,,,,,,,,99301,Benton City,Pasco
1603,1632,1632,2019,39,E891889,1.0,2019-02-02,20:30,2,2,,21,Franklin,1660,2,0.0,3,2,1,2,0,11,7,,,,12,0,1,8.8,1,0,1,1,2,1,1,0,0,0,0,I-182,,-119.1919778,46.268447222,0,3,98,62,4,70,2,0,0,1,2,12,1,2,3,2,1,1,1,53,0,12,3,2010,0,0.0,12,,,,,,1,1,48,2,7.0,,4,0,3,0,11,4,02/05/2019,16:27,166053005662.0,5662.0,0.0,0.0,3.0,3.0,1,0,0.0,0.0,0.0,96,,,,,,99,,,,,,99301,53,67.0,105.0,6.0,1.0,0.0,0.0,0.0,0.0,,0,,,,,,0,,,8,0,0,0,0.0,9,8,,,0,0.0,0.0,8,9,8.0,95.0,,,96.0,,,8,95,995.0,,,,,,,,,,,,,,,,,,,,,,,,,,,,,,0,0,0,0,0,0,0,0,0,0,0,0,0,1,0,0,0,0,0,0,0,0,0,1,1,0,0,0,0,1,0,0,0,0,0,,1,0,0,0,0,0,0,0,0,0,0,0,0,0,0,0,,,,,,46-50,46-55,Interstate,U,Saturday,Belt Used,PV,White,0,0,0,0,State Route,State Patrol,Washington State Patrol,0,1,0,0,0,,,,,,0.0,0.0,0.0,,,,,,,,,,,98.0,98.0,98.0,1.0,,,,,20.0,7.0,,,,,,,,,,,,,,,,99301,Pasco,Pasco
1604,1633,1633,2019,39,E891889,1.0,2019-02-02,20:30,2,2,,21,Franklin,1660,2,0.0,3,2,1,2,0,11,7,,,,12,0,1,8.8,1,0,1,1,2,1,1,0,0,0,0,I-182,,-119.1919778,46.268447222,0,4,98,62,4,70,4,0,0,1,2,12,1,2,3,2,1,2,2,53,0,35,47,2013,0,0.0,12,,,,,,1,1,33,1,0.0,,3,0,3,0,11,4,,,,,0.0,0.0,0.0,3.0,1,0,0.0,0.0,0.0,96,,,,,,0,,,,,,99301,53,63.0,140.0,6.0,1.0,0.0,0.0,0.0,1.0,,0,,,,,,0,12/15/2014,12/15/2014,1,0,0,0,8.0,9,8,,,0,0.0,0.0,8,0,8.0,95.0,,,96.0,,,8,95,995.0,,,,,,,,,,,,,,,,,,,,,,,,,,,,,,0,0,0,0,0,0,0,0,0,0,0,0,0,1,0,0,0,0,0,0,0,0,0,1,1,0,0,0,0,1,0,0,0,0,0,,0,0,0,0,0,0,0,0,0,0,0,0,0,0,0,0,,,,,,31-35,26-35,Interstate,U,Saturday,Belt Used,PV,Not Fatal,0,0,0,0,State Route,State Patrol,Washington State Patrol,0,1,0,0,0,,,,,,0.0,0.0,0.0,,,,,,,,,,,98.0,98.0,98.0,0.0,,,,,20.0,7.0,,,,,,,,,,,,,,,,99301,Pasco,Pasco
1605,1634,1634,2019,39,E891889,1.0,2019-02-02,20:30,2,2,,21,Franklin,1660,2,0.0,3,2,1,2,0,11,7,,,,12,0,1,8.8,1,0,1,1,2,1,1,0,0,0,0,I-182,,-119.1919778,46.268447222,0,5,98,62,4,70,4,0,0,1,2,12,1,2,3,2,1,1,1,53,0,35,43,2019,0,0.0,12,,,,,,1,1,25,2,0.0,,1,0,3,0,11,8,,,,,0.0,0.0,0.0,3.0,1,0,0.0,0.0,0.0,96,,,,,,0,,,,,,99301,53,64.0,95.0,6.0,1.0,0.0,0.0,0.0,1.0,,0,,,,,,0,02/15/2017,02/15/2017,8,0,0,0,8.0,9,8,,,0,0.0,0.0,8,0,8.0,95.0,,,96.0,,,8,95,995.0,,,,,,,,,,,,,,,,,,,,,,,,,,,,,,0,0,0,0,0,0,0,0,0,0,0,0,0,1,0,0,0,0,0,0,0,0,0,1,1,0,0,0,0,1,0,0,0,0,0,,0,0,0,0,0,0,0,0,0,0,0,0,0,0,0,0,,,,,,21-25,16-25,Interstate,U,Saturday,Belt Used,PV,Not Fatal,0,0,0,0,State Route,State Patrol,Washington State Patrol,0,1,0,0,0,,,,,,0.0,0.0,0.0,,,,,,,,,,,98.0,98.0,98.0,0.0,,,,,20.0,7.0,,,,,,,,,,,,,,,,99301,Pasco,Pasco
1606,1635,1635,2019,39,E891889,1.0,2019-02-02,20:30,2,2,,21,Franklin,1660,2,0.0,3,2,1,2,0,11,7,,,,12,0,1,8.8,1,0,1,1,2,1,1,0,0,0,0,I-182,,-119.1919778,46.268447222,0,6,98,62,4,70,34,0,0,1,5,12,1,2,3,2,1,3,1,53,0,20,481,2018,0,0.0,12,,,,,,1,1,48,1,0.0,,0,0,3,0,11,0,,,,,0.0,0.0,0.0,3.0,1,0,0.0,0.0,0.0,96,,,,,,0,,,,,,99352,53,71.0,200.0,6.0,1.0,0.0,0.0,0.0,0.0,,0,,,,,,0,,,20,0,0,0,8.0,9,8,,,0,0.0,0.0,8,0,8.0,95.0,,,96.0,,,8,95,995.0,,,,,,,,,,,,,,,,,,,,,,,,,,,,,,0,0,0,0,0,0,0,0,0,0,0,0,0,1,0,0,0,0,0,0,0,0,0,1,1,0,0,0,0,1,0,0,0,0,0,,0,0,0,0,0,0,0,0,0,0,0,0,0,0,0,0,,,,,,46-50,46-55,Interstate,U,Saturday,Belt Used,PV,Not Fatal,0,0,0,0,State Route,State Patrol,Washington State Patrol,0,1,0,0,0,,,,,,0.0,0.0,0.0,,,,,,,,,,,98.0,98.0,98.0,0.0,,,,,20.0,7.0,,,,,,,,,,,,,,,,99301,Richland,Pasco
1607,1636,1636,2019,39,E891889,1.0,2019-02-02,20:30,2,2,,21,Franklin,1660,2,0.0,3,2,1,2,0,11,7,,,,12,0,1,8.8,1,0,1,1,2,1,1,0,0,0,0,I-182,,-119.1919778,46.268447222,0,7,98,62,4,70,34,0,0,1,5,12,1,2,3,2,1,2,1,53,0,7,482,2013,0,0.0,12,,,,,,1,1,27,1,0.0,,0,0,3,0,11,0,,,,,0.0,0.0,0.0,3.0,1,0,0.0,0.0,0.0,96,,,,,,0,,,,,,99352,53,69.0,200.0,6.0,1.0,0.0,0.0,0.0,1.0,,0,,,,,,0,09/15/2017,09/15/2017,20,0,0,0,8.0,9,8,,,0,0.0,0.0,8,0,8.0,95.0,,,96.0,,,8,95,995.0,,,,,,,,,,,,,,,,,,,,,,,,,,,,,,0,0,0,0,0,0,0,0,0,0,0,0,0,1,0,0,0,0,0,0,0,0,0,1,1,0,0,0,0,1,0,0,0,0,0,,0,0,0,0,0,0,0,0,0,0,0,0,0,0,0,0,,,,,,26-30,26-35,Interstate,U,Saturday,Belt Used,PV,Not Fatal,0,0,0,0,State Route,State Patrol,Washington State Patrol,0,1,0,0,0,,,,,,0.0,0.0,0.0,,,,,,,,,,,98.0,98.0,98.0,0.0,,,,,20.0,7.0,,,,,,,,,,,,,,,,99301,Richland,Pasco
1608,1637,1637,2019,41,E894113,155.0,2019-01-07,23:42,7,1,,33,King,980,1,0.0,3,1,2,1,0,1,1,,,,33,0,0,0.0,3,0,4,7,2,4,6,0,0,0,0,FRONT ST S,6TH AVE SE,-122.0269694,47.516327778,0,1,6,10,2,35,4,0,0,1,2,2,1,1,1,2,1,1,1,53,0,18,3,1997,0,0.0,64,33.0,67.0,42.0,42.0,2.0,1,1,28,1,7.0,,4,7,20,7,11,0,01/07/2019,23:42,98053001570.0,1570.0,0.0,0.0,0.0,3.0,1,0,0.0,0.0,0.0,92,,,,,,99,,,,,,98374,53,69.0,180.0,6.0,1.0,0.0,1.0,0.0,1.0,,0,,,,,,0,02/15/2017,01/15/2018,1,0,0,0,0.0,9,8,,,0,0.0,0.0,8,9,2.0,695.0,605.0,,1.0,1.0,,2,1,0.241,,,,,,,,,,,,,,,,,,,,,,,,,,,,,,0,0,1,1,1,1,1,1,1,0,0,0,0,0,0,0,1,0,0,1,0,0,0,0,0,0,0,0,0,1,0,0,0,1,0,,1,0,0,0,0,1,1,1,1,0,0,0,0,0,0,1,,,,,,26-30,26-35,City street,U,Monday,Not Used,PV,Black,0,1,0,0,City Street,Municipal/City Police,Issaquah Police Department,1,0,0,1,0,thc,1.8,carboxy-thc,9.1,,0.0,0.0,2.0,,,,,,,,,,,0.0,0.0,0.0,2.0,,,,,20.0,7.0,,,,,,,nms,,,,,,,,,98027,Puyallup,Issaquah