,index,Unnamed: 0,year,case,par,repjur,crash_dt,crash_tm,accday,accmon,holiday,county,co_char,city,weather,weather2,lightcond,surfcond,surftype,numfatal,nmforms,pforms,vforms,not_tm,arr_tm,hosp_tm,fhevent,hitrun,manncol,milepnt,reljunc,reljuncinter,intersectiontype,funcsystem,landuse,ownership,route,schlbus,spejur,contdev,devfunc,trafid1,trafid2,lon,lat,wk_zone,vnumber,crashtype,criticalevent,criticaleventcat,spdlim,body,trailer,emerg,hazcargo,leave,mhevent,roadalgn,roadprof,traflane,trafflow,vehmanvr,numoccs,regowner,regstate,spuse,make,model,modelyr,vrf1,vrf2,seqevent1,seqevent2,seqevent3,seqevent4,seqevent5,seqevent6,pnumber,ptype,age,sex,hispanic,race,injury,diedscene,restraint,restraintmisuse,seatpos,takehosp,death_dt,death_tm,cert,cernum_wa,commlic,licendor,licrestrict,liccomp,drivpres,drf1,drf2,drf3,drf4,distract1,distract2,distract3,distract4,distract5,distract6,dricond1,dricond2,dricond3,dricond4,dricond5,dricond6,dzip,licstate,drhgt_in,weight,noncdl,noncdltype,prevdwi,prevoth,prevacc,prevspd,prevsus,driviol1,driviol2,driviol3,driviol4,driviol5,driviol6,spdrel,first_dt,last_dt,airbag,ejection,ejectpath,extricat,injurwrk,methalc,methdrug,nmlocat,strikveh,prf1,prf2,prf3,druginv,alcinvol,drugsts,drugres1,drugres2,drugres3,drugtst1,drugtst2,drugtst3,alcsts,alctst,alcres,nmact1,nmact2,nmact3,nmact4,nmact5,nmact6,nmprior1,nmprior2,nmprior3,nmprior4,nmprior5,nmprior6,nmcond1,nmcond2,nmcond3,nmcond4,nmcond5,nmcond6,nmsafe_helmet,nmsafe_pads,nmsafe_oth,nmprev_ref,nmprev_lgt,nmprev_oth,crashlocation,nmcrashtype,crosswalk,schoolzone,sidewalk,train_inv,wildlife_inv,rotr_fars,intersect_fars,dd_inv,aid_inv,dpd_inv,id_inv,mj_inv,impnm_inv,ainm_inv,dpnm_inv,speed_inv,unlic_inv,unendmc_inv,drowsy_inv,drdist_inv,nmdist_inv,fty_inv,unrestfat_inv,dr1617_inv,dr1820_inv,dr1620_inv,dr2125_inv,dr1625_inv,dr65_inv,dr70_inv,dr75_inv,mc_inv,pv_inv,ht_inv,ped_inv,bike_inv,unrest_fat,mc_fat,unhelmet_mc,pv_fat,ht_fat,ped_fat,bike_fat,dr_alc7,dr_alc8,dr_drug,dr_imp,dr_dist,dr_spd,dr_fty,dr_unlic,dr_alc7only,dr_alc8only,dr_drugonly,dr_drink,nm_imp,nm_alc7,nm_alc8,nm_drug,nm_dist,agegrp1,agegrp2,roadclass,urbrur,dayweek,restuse,vehtype,race_me,intersect,lanedep,oppdir,wrongway,rep_typ,investag,repag_long,rotr,st_rd,cty_rd,city_rd,oth_rd,drug_thc,thc_res,drug_cthc,cthc_res,drug_cann,prevpersemin,prevperse,prevsusoth,drugtst4,drugtst5,drugtst6,drugtst7,drugtst8,drugres4,drugres5,drugres6,drugres7,drugres8,adspresent,adsengaged,adslevel,race1,race2,race3,race4,race5,helmet,helmetmisuse,nmdistract1,nmdistract2,nmdistract3,nmdistract4,nmdistract5,nmdistract6,lab,isedtcase,crf1,crf2,crf3,CoRoadName,CoMP,IntCoRoadName,IntCoMP,crashzip,dcity,crashcity
1628,1657,1657,2019,54,E897680,14.0,2019-01-27,8:17,27,1,,11,Clark,0,1,0.0,1,1,2,1,0,1,1,,,,1,0,0,2.2,1,0,1,5,1,2,4,0,0,0,0,CR-NE LUCIA FALLS RD,,-122.4506833,45.840677778,0,1,2,11,2,40,34,0,0,1,7,1,1,2,2,1,1,1,1,53,0,7,482,1999,0,0.0,63,69.0,63.0,1.0,42.0,,1,1,33,8,7.0,,4,7,20,7,11,0,01/27/2019,8:17,53004780.0,4780.0,0.0,0.0,0.0,3.0,1,0,0.0,0.0,0.0,93,,,,,,99,,,,,,98675,53,70.0,200.0,6.0,1.0,0.0,0.0,0.0,1.0,,0,,,,,,3,04/15/2017,06/15/2017,20,0,0,1,0.0,9,8,,,0,0.0,0.0,8,9,2.0,996.0,401.0,417.0,1.0,1.0,1.0,2,1,0.0,,,,,,,,,,,,,,,,,,,,,,,,,,,,,,0,0,0,0,0,0,1,1,0,0,0,0,1,0,0,0,1,0,0,1,0,0,0,0,0,0,0,0,0,1,0,0,0,1,0,,1,0,0,0,0,0,1,1,1,1,0,0,0,0,1,0,,,,,,31-35,26-35,County road,R,Sunday,Not Used,PV,White,0,1,0,0,County Road,County Sheriff,Clark County Sheriff's Office,1,0,1,0,0,,,,,,0.0,0.0,1.0,,,,,,,,,,,0.0,0.0,0.0,1.0,,,,,20.0,7.0,,,,,,,,,,,,,,,,98675,Yacolt,Yacolt
1629,1658,1658,2019,55,E897773,188.0,2019-02-22,18:48,22,2,,33,King,1264,2,0.0,3,2,1,1,1,4,2,,,,8,0,0,12.4,3,0,2,3,2,1,3,0,0,0,0,SR-169,SE 253RD PL,-122.0248028,47.374808333,0,1,13,80,5,45,20,0,0,1,7,8,1,3,5,1,1,2,2,53,0,37,441,2014,0,0.0,8,,,,,,1,1,43,2,0.0,,0,0,3,0,11,0,,,,,0.0,0.0,3.0,3.0,1,0,0.0,0.0,0.0,0,,,,,,0,,,,,,98038,53,68.0,140.0,6.0,1.0,0.0,0.0,0.0,0.0,,0,,,,,,0,,,20,0,0,0,8.0,9,8,,,0,0.0,0.0,8,0,8.0,95.0,,,96.0,,,8,95,995.0,,,,,,,,,,,,,,,,,,,,,,,,,,,,,,0,0,0,1,0,0,0,0,0,0,0,0,0,0,0,0,0,0,0,0,0,0,0,0,0,0,0,0,0,1,0,1,0,0,0,,0,0,0,0,0,0,0,0,0,0,0,0,0,0,0,0,,,,,,41-45,36-45,State route,U,Friday,Belt Used,PV,Not Fatal,1,0,0,0,State Route,Municipal/City Police,Maple Valley Police Dept,0,1,0,0,0,,,,,,0.0,0.0,0.0,,,,,,,,,,,98.0,98.0,98.0,0.0,,,,,20.0,7.0,,,,,,,,,,,,,,,,98038,Maple Valley,Maple Valley
1630,1659,1659,2019,55,E897773,188.0,2019-02-22,18:48,22,2,,33,King,1264,2,0.0,3,2,1,1,1,4,2,,,,8,0,0,12.4,3,0,2,3,2,1,3,0,0,0,0,SR-169,SE 253RD PL,-122.0248028,47.374808333,0,2,98,98,7,45,4,0,0,1,5,8,1,3,5,1,1,2,1,53,0,37,31,2001,0,0.0,8,,,,,,1,1,58,1,0.0,,0,0,3,0,11,0,,,,,0.0,0.0,0.0,3.0,1,0,0.0,0.0,0.0,0,,,,,,0,,,,,,98058,53,71.0,184.0,6.0,1.0,0.0,0.0,0.0,0.0,,0,,,,,,0,,,20,0,0,0,8.0,9,8,,,0,0.0,0.0,8,0,8.0,95.0,,,96.0,,,8,95,995.0,,,,,,,,,,,,,,,,,,,,,,,,,,,,,,0,0,0,1,0,0,0,0,0,0,0,0,0,0,0,0,0,0,0,0,0,0,0,0,0,0,0,0,0,1,0,1,0,0,0,,0,0,0,0,0,0,0,0,0,0,0,0,0,0,0,0,,,,,,56-60,56-65,State route,U,Friday,Belt Used,PV,Not Fatal,1,0,0,0,State Route,Municipal/City Police,Maple Valley Police Dept,0,1,0,0,0,,,,,,0.0,0.0,0.0,,,,,,,,,,,98.0,98.0,98.0,0.0,,,,,20.0,7.0,,,,,,,,,,,,,,,,98038,Renton,Maple Valley
1631,1660,1660,2019,56,E897795,4.0,2019-02-27,8:24,27,2,,1,Adams,0,4,0.0,1,10,2,1,0,2,2,,,,12,0,6,87.5,1,0,1,3,1,1,3,0,0,0,0,SR-26,,-118.2216333,46.742308333,0,1,66,6,1,65,14,0,0,1,2,1,1,1,2,1,1,1,1,53,0,48,403,2019,0,0.0,12,63.0,1.0,,,,1,1,29,2,7.0,,4,7,3,0,11,0,02/27/2019,9:58,243053010223.0,10223.0,0.0,0.0,3.0,3.0,1,87,0.0,0.0,0.0,96,,,,,,99,,,,,,98851,53,66.0,170.0,6.0,1.0,0.0,0.0,0.0,0.0,,0,,,,,,4,,,8,0,0,0,0.0,9,8,,,0,0.0,0.0,8,0,2.0,1.0,,,1.0,,,2,1,0.0,,,,,,,,,,,,,,,,,,,,,,,,,,,,,,0,0,0,0,0,0,0,0,0,0,0,0,1,0,0,0,0,0,0,0,0,0,0,0,0,0,0,0,0,1,1,0,0,0,0,,1,0,0,0,0,0,0,0,0,1,0,0,0,0,0,0,,,,,,26-30,26-35,State route,R,Wednesday,Belt Used,PV,White,0,1,1,0,State Route,State Patrol,Washington State Patrol,0,1,0,0,0,,,,,,0.0,0.0,0.0,,,,,,,,,,,98.0,98.0,98.0,1.0,,,,,20.0,7.0,,,,,,,,,,,,,,,,99371,Soap Lake,Washtucna
1632,1661,1661,2019,56,E897795,4.0,2019-02-27,8:24,27,2,,1,Adams,0,4,0.0,1,10,2,1,0,2,2,,,,12,0,6,87.5,1,0,1,3,1,1,3,0,0,0,0,SR-26,,-118.2216333,46.742308333,0,2,66,62,4,60,66,1,0,1,7,1,1,1,2,1,1,1,3,17,0,82,881,2015,0,0.0,12,63.0,1.0,,,,1,1,29,1,0.0,,0,0,3,0,11,0,,,,,6.0,1.0,0.0,3.0,1,0,0.0,0.0,0.0,96,,,,,,0,,,,,,98682,53,76.0,200.0,6.0,1.0,0.0,0.0,1.0,2.0,,0,,,,,,0,03/15/2014,06/15/2016,99,0,0,0,8.0,9,8,,,0,0.0,0.0,8,0,8.0,95.0,,,96.0,,,8,95,995.0,,,,,,,,,,,,,,,,,,,,,,,,,,,,,,0,0,0,0,0,0,0,0,0,0,0,0,1,0,0,0,0,0,0,0,0,0,0,0,0,0,0,0,0,1,1,0,0,0,0,,0,0,0,0,0,0,0,0,0,0,0,0,0,0,0,0,,,,,,26-30,26-35,State route,R,Wednesday,,MHTRUCK,Not Fatal,0,1,1,0,State Route,State Patrol,Washington State Patrol,0,1,0,0,0,,,,,,0.0,0.0,0.0,,,,,,,,,,,98.0,98.0,98.0,0.0,,,,,20.0,7.0,,,,,,,,,,,,,,,,99371,Vancouver,Washtucna
1633,1662,1662,2019,57,E898880,146.0,2019-02-23,15:45,23,2,,77,Yakima,0,1,0.0,1,1,2,1,0,2,2,,,,12,0,6,13.0,2,0,2,6,1,2,4,0,3,20,3,CR-PROGRESSIVE RD,CAMPBELLL RD,-120.4383611,46.419055556,0,1,89,17,2,50,4,0,0,1,7,12,1,1,2,1,1,1,1,53,0,20,2,2001,0,0.0,12,,,,,,1,1,25,1,1.0,,4,7,20,7,11,0,02/23/2019,15:45,53009006.0,9006.0,0.0,0.0,0.0,0.0,1,39,0.0,0.0,0.0,96,,,,,,99,,,,,,98952,53,65.0,140.0,0.0,0.0,0.0,0.0,0.0,0.0,,0,,,,,,0,,,8,0,0,0,0.0,9,8,,,0,0.0,0.0,8,9,2.0,695.0,605.0,,1.0,1.0,,2,1,0.0,,,,,,,,,,,,,,,,,,,,,,,,,,,,,,0,0,0,1,0,0,1,1,1,0,0,0,0,1,0,0,0,0,0,1,0,0,0,1,1,0,0,0,0,1,0,0,0,1,0,,1,0,0,0,0,0,1,1,0,0,0,1,0,0,1,0,,,,,,21-25,16-25,County road,R,Saturday,Not Used,PV,Hispanic,1,0,0,0,County Road,County Sheriff,Yakima County Sheriff's Office,0,0,1,0,0,thc,11.0,carboxy-thc,98.0,,0.0,0.0,0.0,,,,,,,,,,,98.0,98.0,98.0,1.0,,,,,20.0,7.0,,,,,,,,,,,,,,,,98951,White Swan,Wapato
1634,1663,1663,2019,57,E898880,146.0,2019-02-23,15:45,23,2,,77,Yakima,0,1,0.0,1,1,2,1,0,2,2,,,,12,0,6,13.0,2,0,2,6,1,2,4,0,3,0,0,CR-PROGRESSIVE RD,CAMPBELLL RD,-120.4383611,46.419055556,0,2,88,66,4,50,34,0,0,1,7,1,1,1,2,1,1,1,1,53,0,7,482,2016,0,0.0,12,1.0,,,,,1,1,32,1,0.0,,2,0,3,0,11,8,,,,,0.0,0.0,0.0,3.0,1,0,0.0,0.0,0.0,96,,,,,,0,,,,,,98951,53,71.0,190.0,6.0,1.0,0.0,0.0,0.0,0.0,,0,,,,,,0,,,8,0,0,0,8.0,9,8,,,0,0.0,0.0,8,0,8.0,95.0,,,96.0,,,8,95,995.0,,,,,,,,,,,,,,,,,,,,,,,,,,,,,,0,0,0,1,0,0,1,1,1,0,0,0,0,1,0,0,0,0,0,1,0,0,0,1,1,0,0,0,0,1,0,0,0,0,0,,0,0,0,0,0,0,0,0,0,0,0,0,0,0,0,0,,,,,,31-35,26-35,County road,R,Saturday,Belt Used,PV,Not Fatal,1,0,0,0,County Road,County Sheriff,Yakima County Sheriff's Office,0,0,1,0,0,,,,,,0.0,0.0,0.0,,,,,,,,,,,98.0,98.0,98.0,0.0,,,,,20.0,7.0,,,,,,,,,,,,,,,,98951,Wapato,Wapato
1635,1664,1664,2019,58,E899053,4.0,2019-02-27,11:35,27,2,,43,Lincoln,0,4,0.0,1,10,2,1,0,2,2,,,,12,0,2,36.2,1,0,1,5,1,1,3,0,0,0,0,SR-231,,-117.88215,47.740294444,0,1,50,6,1,55,14,0,0,1,2,12,2,2,2,1,14,1,3,16,0,18,405,2017,0,0.0,68,12.0,,,,,1,1,62,1,7.0,,4,0,3,0,11,4,02/27/2019,14:02,211053009637.0,9637.0,0.0,0.0,0.0,3.0,1,28,87.0,0.0,0.0,96,,,,,,0,,,,,,97030,41,74.0,250.0,6.0,1.0,0.0,0.0,1.0,1.0,,0,,,,,,4,08/15/2015,12/15/2015,8,0,0,0,1.0,9,8,,,0,0.0,0.0,8,0,2.0,605.0,695.0,996.0,1.0,1.0,1.0,2,1,0.0,,,,,,,,,,,,,,,,,,,,,,,,,,,,,,0,0,0,0,0,0,1,1,1,0,0,0,1,0,0,0,0,0,0,0,0,0,0,0,0,0,0,0,0,1,1,0,0,0,0,,1,0,0,0,0,0,1,1,0,1,0,0,0,0,1,0,,,,,,61-65,56-65,State route,R,Wednesday,Belt Used,PV,AIAN,0,1,1,0,State Route,State Patrol,Washington State Patrol,0,1,0,0,0,thc,71.0,carboxy-thc,888.0,,0.0,0.0,0.0,,,,,,,,,,,98.0,98.0,98.0,3.0,,,,,20.0,7.0,,,,,,,,,,,,,,,,99029,Gresham,Reardan
1636,1665,1665,2019,58,E899053,4.0,2019-02-27,11:35,27,2,,43,Lincoln,0,4,0.0,1,10,2,1,0,2,2,,,,12,0,2,36.2,1,0,1,5,1,1,3,0,0,0,0,SR-231,,-117.88215,47.740294444,0,2,51,62,4,55,66,1,0,1,7,12,3,2,2,1,14,1,3,53,0,87,881,1997,0,0.0,12,,,,,,1,1,64,1,0.0,,0,0,3,0,11,0,,,,,6.0,1.0,3.0,3.0,1,0,0.0,0.0,0.0,96,,,,,,0,,,,,,99114,53,72.0,290.0,6.0,1.0,0.0,2.0,1.0,1.0,,0,,,,,,0,08/15/2015,11/15/2018,20,0,0,0,8.0,9,8,,,0,0.0,0.0,8,0,8.0,95.0,,,96.0,,,8,95,995.0,,,,,,,,,,,,,,,,,,,,,,,,,,,,,,0,0,0,0,0,0,1,1,1,0,0,0,1,0,0,0,0,0,0,0,0,0,0,0,0,0,0,0,0,1,1,0,0,0,0,,0,0,0,0,0,0,0,0,0,0,0,0,0,0,0,0,,,,,,61-65,56-65,State route,R,Wednesday,,MHTRUCK,Not Fatal,0,1,1,0,State Route,State Patrol,Washington State Patrol,0,1,0,0,0,,,,,,0.0,0.0,0.0,,,,,,,,,,,0.0,0.0,0.0,0.0,,,,,20.0,7.0,,,,,,,,,,,,,,,,99029,Colville,Reardan
1637,1666,1666,2019,59,E899099,3.0,2019-03-04,16:36,4,3,,53,Pierce,0,1,0.0,1,1,2,1,0,3,2,,,,12,0,2,19.3,1,0,1,4,2,1,3,0,0,0,0,SR-165,,-122.0548778,47.136772222,0,1,50,6,1,50,80,0,0,1,2,12,2,1,2,1,14,1,1,53,0,72,706,2008,0,0.0,68,12.0,,,,,1,1,59,1,7.0,,4,7,20,7,11,0,03/04/2019,16:36,53010529.0,10529.0,0.0,0.0,0.0,3.0,1,28,0.0,0.0,0.0,96,,,,,,99,,,,,,98022,53,72.0,210.0,6.0,1.0,0.0,0.0,0.0,0.0,,0,,,,,,4,,,20,8,0,0,0.0,9,8,,,0,0.0,0.0,8,9,2.0,1.0,,,1.0,,,2,1,0.046,,,,,,,,,,,,,,,,,,,,,,,,,,,,,,0,0,0,0,1,0,0,0,0,0,0,0,1,0,0,0,0,0,0,0,0,0,0,0,0,0,0,0,1,1,0,0,0,0,1,0.0,0,0,0,0,1,0,0,0,0,1,0,0,1,0,0,1,,,,,,56-60,56-65,State route,U,Monday,,MC,White,0,1,1,0,State Route,State Patrol,Washington State Patrol,0,1,0,0,0,,,,,,0.0,0.0,0.0,,,,,,,,,,,0.0,0.0,0.0,1.0,,,,,5.0,0.0,,,,,,,,,,,,,,,,98321,Enumclaw,Buckley
1638,1667,1667,2019,59,E899099,3.0,2019-03-04,16:36,4,3,,53,Pierce,0,1,0.0,1,1,2,1,0,3,2,,,,12,0,2,19.3,1,0,1,4,2,1,3,0,0,0,0,SR-165,,-122.0548778,47.136772222,0,2,51,62,4,50,34,0,0,1,2,12,3,1,2,1,14,2,1,53,0,49,472,2002,0,0.0,12,,,,,,1,1,42,1,0.0,,0,0,3,0,11,0,,,,,0.0,0.0,3.0,3.0,1,0,0.0,0.0,0.0,96,,,,,,0,,,,,,98321,53,70.0,185.0,6.0,1.0,0.0,0.0,2.0,0.0,,0,,,,,,0,05/15/2016,01/15/2019,1,0,0,0,8.0,9,8,,,0,0.0,0.0,8,0,8.0,95.0,,,96.0,,,8,95,995.0,,,,,,,,,,,,,,,,,,,,,,,,,,,,,,0,0,0,0,1,0,0,0,0,0,0,0,1,0,0,0,0,0,0,0,0,0,0,0,0,0,0,0,1,1,0,0,0,0,0,,0,0,0,0,0,0,0,0,0,0,0,0,0,0,0,0,,,,,,41-45,36-45,State route,U,Monday,Belt Used,PV,Not Fatal,0,1,1,0,State Route,State Patrol,Washington State Patrol,0,1,0,0,0,,,,,,0.0,0.0,0.0,,,,,,,,,,,98.0,98.0,98.0,0.0,,,,,20.0,7.0,,,,,,,,,,,,,,,,98321,Buckley,Buckley
1639,1668,1668,2019,60,E899233,290.0,2019-02-15,10:47,15,2,,53,Pierce,2230,2,0.0,1,2,2,1,0,3,3,,,,12,0,1,0.6,1,0,1,3,2,1,3,0,3,0,0,SR-167,,-122.3958806,47.237038889,0,1,28,52,3,35,4,0,0,1,7,12,1,1,4,1,1,1,1,53,0,7,41,2001,0,0.0,12,12.0,,,,,1,1,76,1,7.0,,4,0,20,7,11,4,02/21/2019,5:57,196053009056.0,9056.0,0.0,0.0,0.0,3.0,1,0,0.0,0.0,0.0,96,,,,,,99,,,,,,98391,53,68.0,160.0,6.0,1.0,0.0,0.0,4.0,1.0,,0,,,,,,0,10/15/2014,07/15/2018,1,0,0,0,0.0,9,8,,,0,0.0,0.0,8,9,2.0,1.0,,,1.0,,,2,1,0.0,,,,,,,,,,,,,,,,,,,,,,,,,,,,,,0,0,0,0,0,0,0,0,0,0,0,0,0,0,0,0,0,0,0,1,0,0,0,0,0,1,1,1,0,1,1,0,0,1,0,,1,0,0,0,0,0,0,0,0,0,0,0,0,0,0,0,,,,,,76-80,76+,State route,U,Friday,Not Used,PV,White,0,0,0,0,State Route,Municipal/City Police,Tacoma Police Department,0,1,0,0,0,,,,,,0.0,0.0,0.0,,,,,,,,,,,98.0,98.0,98.0,1.0,,,,,20.0,7.0,,,,,,,,,,,,,,,,98404,Bonney Lake,Tacoma
1640,1669,1669,2019,60,E899233,290.0,2019-02-15,10:47,15,2,,53,Pierce,2230,2,0.0,1,2,2,1,0,3,3,,,,12,0,1,0.6,1,0,1,3,2,1,3,0,3,0,0,SR-167,,-122.3958806,47.237038889,0,2,29,53,3,35,66,1,0,1,5,12,1,1,4,1,2,1,3,18,0,82,881,2015,0,0.0,12,,,,,,1,1,44,1,0.0,,0,0,3,0,11,0,,,,,6.0,1.0,3.0,3.0,1,0,0.0,0.0,0.0,0,,,,,,0,,,,,,98329,53,68.0,175.0,6.0,1.0,0.0,2.0,0.0,0.0,,0,,,,,,0,03/15/2015,10/15/2018,20,0,0,0,8.0,9,8,,,0,0.0,0.0,8,0,8.0,95.0,,,96.0,,,8,95,995.0,,,,,,,,,,,,,,,,,,,,,,,,,,,,,,0,0,0,0,0,0,0,0,0,0,0,0,0,0,0,0,0,0,0,1,0,0,0,0,0,1,1,1,0,1,1,0,0,0,0,,0,0,0,0,0,0,0,0,0,0,0,0,0,0,0,0,,,,,,41-45,36-45,State route,U,Friday,,MHTRUCK,Not Fatal,0,0,0,0,State Route,Municipal/City Police,Tacoma Police Department,0,1,0,0,0,,,,,,0.0,0.0,0.0,,,,,,,,,,,98.0,98.0,98.0,0.0,,,,,20.0,7.0,,,,,,,,,,,,,,,,98404,Gig Harbor,Tacoma
1641,1671,1671,2019,61,E899305,35.0,2019-03-01,11:21,1,3,,53,Pierce,0,1,0.0,1,1,2,1,0,1,1,,,,42,0,0,11.4,1,0,1,4,1,2,4,0,0,0,0,CR-8TH AVE S,,-122.4426806,46.969872222,0,1,1,13,2,45,34,0,0,1,7,42,1,2,2,1,1,1,1,53,0,12,471,1999,0,0.0,63,42.0,,,,,1,1,79,1,7.0,,4,7,20,7,11,0,03/01/2019,11:21,53010294.0,10294.0,0.0,0.0,0.0,3.0,1,0,0.0,0.0,0.0,96,,,,,,1,,,,,,98580,53,71.0,175.0,6.0,1.0,0.0,1.0,0.0,0.0,,0,,,,,,0,07/15/2017,07/15/2017,1,0,0,0,0.0,9,8,,,0,0.0,0.0,8,0,2.0,996.0,417.0,,1.0,1.0,,2,1,0.0,,,,,,,,,,,,,,,,,,,,,,,,,,,,,,0,0,1,0,0,0,1,1,0,0,0,0,0,0,0,0,0,0,0,1,0,0,0,0,0,1,1,1,0,1,0,0,0,1,0,,1,0,0,0,0,0,1,1,0,0,0,0,0,0,1,0,,,,,,76-80,76+,County road,R,Friday,Not Used,PV,White,0,1,0,0,County Road,County Sheriff,Law Enforcement Support Agency,1,0,1,0,0,,,,,,0.0,0.0,0.0,,,,,,,,,,,0.0,0.0,0.0,1.0,,,,,20.0,7.0,,,,,,,,,,,,,,,,98580,Roy,Roy
1642,1672,1672,2019,62,E899434,7.0,2019-02-18,3:54,18,2,,33,King,1820,1,0.0,3,1,2,1,0,2,2,,,,12,0,2,11.6,1,0,1,3,2,1,3,0,0,0,0,SR-520,,-122.1305361,47.666061111,0,1,52,54,3,98,14,0,0,1,2,12,2,2,5,3,14,1,1,53,0,48,401,2015,0,0.0,12,,,,,,1,1,39,1,7.0,,4,7,3,0,11,0,02/18/2019,3:54,182053008709.0,8709.0,0.0,0.0,0.0,3.0,1,51,0.0,0.0,0.0,96,,,,,,99,,,,,,98290,53,70.0,180.0,6.0,1.0,0.0,1.0,0.0,2.0,,0,,,,,,0,12/15/2014,04/15/2017,8,0,0,0,0.0,1,8,,,0,0.0,0.0,8,1,2.0,695.0,605.0,,1.0,1.0,,2,1,0.15,,,,,,,,,,,,,,,,,,,,,,,,,,,,,,0,0,0,0,1,1,1,1,1,0,0,0,0,0,0,0,0,0,0,0,0,0,0,0,0,1,0,0,0,1,1,0,0,0,0,,1,0,0,0,0,1,1,1,0,0,0,0,0,0,0,1,,,,,,36-40,36-45,State route,U,Monday,Belt Used,PV,Multiracial,0,0,0,1,State Route,State Patrol,Washington State Patrol,0,1,0,0,0,thc,24.0,carboxy-thc,55.0,,0.0,0.0,1.0,,,,,,,,,,,98.0,98.0,98.0,204.0,268.0,,,,20.0,7.0,,,,,,,,,,,,,,,,98052,Snohomish,Redmond
1643,1673,1673,2019,62,E899434,7.0,2019-02-18,3:54,18,2,,33,King,1820,1,0.0,3,1,2,1,0,2,2,,,,12,0,2,11.6,1,0,1,3,2,1,3,0,0,0,0,SR-520,,-122.1305361,47.666061111,0,2,52,54,3,60,63,0,0,1,7,12,3,2,5,3,14,1,3,94,0,84,881,2005,0,0.0,12,,,,,,1,1,65,1,0.0,,1,0,3,0,11,8,,,,,6.0,1.0,3.0,3.0,1,0,0.0,0.0,0.0,96,,,,,,0,,,,,,98056,53,67.0,183.0,6.0,1.0,0.0,0.0,2.0,0.0,,0,,,,,,0,08/15/2016,12/15/2017,20,0,0,0,8.0,9,8,,,0,0.0,0.0,8,0,8.0,95.0,,,96.0,,,8,95,995.0,,,,,,,,,,,,,,,,,,,,,,,,,,,,,,0,0,0,0,1,1,1,1,1,0,0,0,0,0,0,0,0,0,0,0,0,0,0,0,0,1,0,0,0,1,1,0,0,0,0,,0,0,0,0,0,0,0,0,0,0,0,0,0,0,0,0,,,,,,61-65,56-65,State route,U,Monday,,MHTRUCK,Not Fatal,0,0,0,1,State Route,State Patrol,Washington State Patrol,0,1,0,0,0,,,,,,0.0,0.0,0.0,,,,,,,,,,,98.0,98.0,98.0,0.0,,,,,20.0,7.0,,,,,,,,,,,,,,,,98052,Renton,Redmond
1644,1674,1674,2019,63,E899661,25.0,2019-03-03,21:12,3,3,,33,King,0,1,0.0,2,1,2,1,0,3,1,,,,23,0,0,3.7,1,0,1,6,1,2,4,0,0,0,0,CR-W SNOQUALMIE RIVER R,,-121.9268194,47.591602778,0,1,1,13,2,35,4,0,0,1,7,23,3,1,8,1,14,3,1,53,0,58,37,2007,0,0.0,63,23.0,3.0,1.0,,,1,1,23,1,1.0,,4,7,20,7,11,0,03/03/2019,21:12,53010296.0,10296.0,0.0,0.0,0.0,3.0,1,0,0.0,0.0,0.0,96,,,,,,99,,,,,,98045,53,67.0,185.0,6.0,1.0,0.0,1.0,0.0,2.0,,0,,,,,,3,12/15/2014,07/15/2017,8,0,0,0,0.0,9,8,,,0,0.0,0.0,8,9,2.0,695.0,605.0,,1.0,1.0,,2,1,0.18,,,,,,,,,,,,,,,,,,,,,,,,,,,,,,0,0,1,0,1,1,1,1,1,0,0,0,1,0,0,0,0,0,0,1,0,0,0,1,1,0,0,0,0,1,0,0,0,1,0,,1,0,0,0,0,1,1,1,0,1,0,0,0,0,0,1,,,,,,21-25,16-25,County road,R,Sunday,Not Used,PV,Hispanic,0,1,0,0,County Road,County Sheriff,King County Police,1,0,1,0,0,thc,9.2,carboxy-thc,31.0,,0.0,0.0,1.0,,,,,,,,,,,98.0,98.0,98.0,298.0,,,,,20.0,7.0,,,,,,,,,,,,,,,,98024,North Bend,Fall City
1645,1675,1675,2019,64,E900266,2.0,2019-01-15,19:10,15,1,,57,Skagit,230,10,0.0,3,1,2,1,1,1,1,,,,8,0,0,230.0,1,0,1,1,2,1,1,0,0,0,0,I-5,,-122.3420111,48.469130556,0,1,13,80,5,60,66,1,0,2,7,8,1,1,2,3,15,1,3,53,0,85,881,2016,0,0.0,8,,,,,,1,1,42,1,0.0,,0,0,3,0,11,0,,,,,6.0,1.0,0.0,3.0,1,0,0.0,0.0,0.0,96,,,,,,9,,,,,,98244,53,68.0,180.0,6.0,1.0,0.0,0.0,0.0,0.0,,0,,,,,,0,02/15/2017,02/15/2017,20,0,0,0,8.0,9,2,,,0,0.0,0.0,0,1,2.0,605.0,695.0,,1.0,1.0,,2,1,0.0,,,,,,,,,,,,,,,,,,,,,,,,,,,,,,0,0,0,0,1,0,1,1,1,0,0,0,0,0,0,0,0,0,0,0,0,0,0,0,0,0,0,0,0,0,1,1,0,0,0,,0,0,0,0,0,0,1,1,0,0,0,0,0,0,1,1,,,,,,41-45,36-45,Interstate,U,Tuesday,,MHTRUCK,Not Fatal,0,0,0,0,State Route,State Patrol,Washington State Patrol,0,1,0,0,0,thc,1.8,carboxy-thc,25.0,,0.0,0.0,1.0,,,,,,,,,,,98.0,98.0,98.0,0.0,,,,,20.0,7.0,,,,,,,,,,,,,,,,98233,Deming,Burlington