,index,Unnamed: 0,year,case,par,repjur,crash_dt,crash_tm,accday,accmon,holiday,county,co_char,city,weather,weather2,lightcond,surfcond,surftype,numfatal,nmforms,pforms,vforms,not_tm,arr_tm,hosp_tm,fhevent,hitrun,manncol,milepnt,reljunc,reljuncinter,intersectiontype,funcsystem,landuse,ownership,route,schlbus,spejur,contdev,devfunc,trafid1,trafid2,lon,lat,wk_zone,vnumber,crashtype,criticalevent,criticaleventcat,spdlim,body,trailer,emerg,hazcargo,leave,mhevent,roadalgn,roadprof,traflane,trafflow,vehmanvr,numoccs,regowner,regstate,spuse,make,model,modelyr,vrf1,vrf2,seqevent1,seqevent2,seqevent3,seqevent4,seqevent5,seqevent6,pnumber,ptype,age,sex,hispanic,race,injury,diedscene,restraint,restraintmisuse,seatpos,takehosp,death_dt,death_tm,cert,cernum_wa,commlic,licendor,licrestrict,liccomp,drivpres,drf1,drf2,drf3,drf4,distract1,distract2,distract3,distract4,distract5,distract6,dricond1,dricond2,dricond3,dricond4,dricond5,dricond6,dzip,licstate,drhgt_in,weight,noncdl,noncdltype,prevdwi,prevoth,prevacc,prevspd,prevsus,driviol1,driviol2,driviol3,driviol4,driviol5,driviol6,spdrel,first_dt,last_dt,airbag,ejection,ejectpath,extricat,injurwrk,methalc,methdrug,nmlocat,strikveh,prf1,prf2,prf3,druginv,alcinvol,drugsts,drugres1,drugres2,drugres3,drugtst1,drugtst2,drugtst3,alcsts,alctst,alcres,nmact1,nmact2,nmact3,nmact4,nmact5,nmact6,nmprior1,nmprior2,nmprior3,nmprior4,nmprior5,nmprior6,nmcond1,nmcond2,nmcond3,nmcond4,nmcond5,nmcond6,nmsafe_helmet,nmsafe_pads,nmsafe_oth,nmprev_ref,nmprev_lgt,nmprev_oth,crashlocation,nmcrashtype,crosswalk,schoolzone,sidewalk,train_inv,wildlife_inv,rotr_fars,intersect_fars,dd_inv,aid_inv,dpd_inv,id_inv,mj_inv,impnm_inv,ainm_inv,dpnm_inv,speed_inv,unlic_inv,unendmc_inv,drowsy_inv,drdist_inv,nmdist_inv,fty_inv,unrestfat_inv,dr1617_inv,dr1820_inv,dr1620_inv,dr2125_inv,dr1625_inv,dr65_inv,dr70_inv,dr75_inv,mc_inv,pv_inv,ht_inv,ped_inv,bike_inv,unrest_fat,mc_fat,unhelmet_mc,pv_fat,ht_fat,ped_fat,bike_fat,dr_alc7,dr_alc8,dr_drug,dr_imp,dr_dist,dr_spd,dr_fty,dr_unlic,dr_alc7only,dr_alc8only,dr_drugonly,dr_drink,nm_imp,nm_alc7,nm_alc8,nm_drug,nm_dist,agegrp1,agegrp2,roadclass,urbrur,dayweek,restuse,vehtype,race_me,intersect,lanedep,oppdir,wrongway,rep_typ,investag,repag_long,rotr,st_rd,cty_rd,city_rd,oth_rd,drug_thc,thc_res,drug_cthc,cthc_res,drug_cann,prevpersemin,prevperse,prevsusoth,drugtst4,drugtst5,drugtst6,drugtst7,drugtst8,drugres4,drugres5,drugres6,drugres7,drugres8,adspresent,adsengaged,adslevel,race1,race2,race3,race4,race5,helmet,helmetmisuse,nmdistract1,nmdistract2,nmdistract3,nmdistract4,nmdistract5,nmdistract6,lab,isedtcase,crf1,crf2,crf3,CoRoadName,CoMP,IntCoRoadName,IntCoMP,crashzip,dcity,crashcity
1646,1676,1676,2019,65,E899642,1.0,2019-02-04,14:46,4,2,,77,Yakima,0,4,0.0,1,4,2,1,0,12,6,,,,12,0,7,21.0,1,0,1,1,1,1,1,0,0,0,0,I-82,,-120.3964778,46.725494444,0,1,98,60,4,70,66,1,0,1,5,12,1,3,2,3,2,2,3,53,0,82,881,2007,0,0.0,12,12.0,12.0,,,,1,1,43,1,0.0,,0,0,3,0,11,0,,,,,6.0,1.0,0.0,3.0,1,87,0.0,0.0,0.0,96,,,,,,0,,,,,,98908,53,67.0,230.0,6.0,1.0,0.0,0.0,0.0,0.0,,0,,,,,,0,,,20,0,0,0,8.0,9,8,,,0,0.0,0.0,8,0,8.0,95.0,,,96.0,,,8,95,995.0,,,,,,,,,,,,,,,,,,,,,,,,,,,,,,0,0,0,0,0,0,0,0,0,0,0,0,1,0,0,0,0,0,0,0,0,1,1,0,1,1,1,0,0,1,1,0,0,0,0,,0,0,0,0,0,0,0,0,0,0,0,0,0,0,0,0,,,,,,41-45,36-45,Interstate,R,Monday,,MHTRUCK,Not Fatal,0,0,0,0,State Route,State Patrol,Washington State Patrol,0,1,0,0,0,,,,,,0.0,0.0,0.0,,,,,,,,,,,98.0,98.0,98.0,0.0,,,,,20.0,7.0,,,,,,,,,,,,,,,,98901,Yakima,Yakima
1647,1677,1677,2019,65,E899642,1.0,2019-02-04,14:46,4,2,,77,Yakima,0,4,0.0,1,4,2,1,0,12,6,,,,12,0,7,21.0,1,0,1,1,1,1,1,0,0,0,0,I-82,,-120.3964778,46.725494444,0,2,98,9,1,70,4,0,0,1,2,12,1,3,2,3,1,1,2,53,0,41,51,2008,0,0.0,12,12.0,,,,,1,1,19,2,0.0,,0,0,3,0,11,0,,,,,0.0,0.0,3.0,3.0,1,87,0.0,0.0,0.0,96,,,,,,0,,,,,,98942,53,63.0,135.0,6.0,2.0,0.0,0.0,2.0,0.0,,0,,,,,,0,01/15/2016,07/15/2018,8,0,0,0,8.0,9,8,,,0,0.0,0.0,8,0,8.0,95.0,,,96.0,,,8,95,995.0,,,,,,,,,,,,,,,,,,,,,,,,,,,,,,0,0,0,0,0,0,0,0,0,0,0,0,1,0,0,0,0,0,0,0,0,1,1,0,1,1,1,0,0,1,1,0,0,0,0,,0,0,0,0,0,0,0,0,0,0,0,0,0,0,0,0,,,,,,18-20,16-25,Interstate,R,Monday,Belt Used,PV,Not Fatal,0,0,0,0,State Route,State Patrol,Washington State Patrol,0,1,0,0,0,,,,,,0.0,0.0,0.0,,,,,,,,,,,98.0,98.0,98.0,0.0,,,,,20.0,7.0,,,,,,,,,,,,,,,,98901,Selah,Yakima
1648,1678,1678,2019,65,E899642,1.0,2019-02-04,14:46,4,2,,77,Yakima,0,4,0.0,1,4,2,1,0,12,6,,,,12,0,7,21.0,1,0,1,1,1,1,1,0,0,0,0,I-82,,-120.3964778,46.725494444,0,3,45,61,4,70,15,0,0,1,2,12,1,3,2,3,1,1,1,53,0,54,421,2004,0,0.0,12,12.0,,,,,1,1,70,1,0.0,,0,0,3,0,11,0,,,,,0.0,0.0,0.0,3.0,1,87,0.0,0.0,0.0,96,,,,,,0,,,,,,98365,53,72.0,210.0,6.0,1.0,0.0,0.0,0.0,1.0,,0,,,,,,0,01/15/2016,01/15/2016,8,0,0,0,8.0,9,8,,,0,0.0,0.0,8,0,8.0,95.0,,,96.0,,,8,95,995.0,,,,,,,,,,,,,,,,,,,,,,,,,,,,,,0,0,0,0,0,0,0,0,0,0,0,0,1,0,0,0,0,0,0,0,0,1,1,0,1,1,1,0,0,1,1,0,0,0,0,,0,0,0,0,0,0,0,0,0,0,0,0,0,0,0,0,,,,,,66-70,66-75,Interstate,R,Monday,Belt Used,PV,Not Fatal,0,0,0,0,State Route,State Patrol,Washington State Patrol,0,1,0,0,0,,,,,,0.0,0.0,0.0,,,,,,,,,,,98.0,98.0,98.0,0.0,,,,,20.0,7.0,,,,,,,,,,,,,,,,98901,Port Ludlow,Yakima
1649,1679,1679,2019,65,E899642,1.0,2019-02-04,14:46,4,2,,77,Yakima,0,4,0.0,1,4,2,1,0,12,6,,,,12,0,7,21.0,1,0,1,1,1,1,1,0,0,0,0,I-82,,-120.3964778,46.725494444,0,4,47,10,2,70,20,0,0,1,5,12,1,3,2,3,15,2,3,53,0,7,442,2014,0,0.0,12,,,,,,1,1,37,2,0.0,,0,0,3,0,11,0,,,,,0.0,0.0,0.0,3.0,1,87,0.0,0.0,0.0,96,,,,,,0,,,,,,98503,53,63.0,130.0,6.0,1.0,0.0,0.0,0.0,0.0,,0,,,,,,0,,,20,0,0,0,8.0,9,8,,,0,0.0,0.0,8,0,8.0,95.0,,,96.0,,,8,95,995.0,,,,,,,,,,,,,,,,,,,,,,,,,,,,,,0,0,0,0,0,0,0,0,0,0,0,0,1,0,0,0,0,0,0,0,0,1,1,0,1,1,1,0,0,1,1,0,0,0,0,,0,0,0,0,0,0,0,0,0,0,0,0,0,0,0,0,,,,,,36-40,36-45,Interstate,R,Monday,Belt Used,PV,Not Fatal,0,0,0,0,State Route,State Patrol,Washington State Patrol,0,1,0,0,0,,,,,,0.0,0.0,0.0,,,,,,,,,,,98.0,98.0,98.0,0.0,,,,,20.0,7.0,,,,,,,,,,,,,,,,98901,Lacey,Yakima
1650,1680,1680,2019,65,E899642,1.0,2019-02-04,14:46,4,2,,77,Yakima,0,4,0.0,1,4,2,1,0,12,6,,,,12,0,7,21.0,1,0,1,1,1,1,1,0,0,0,0,I-82,,-120.3964778,46.725494444,0,5,98,98,7,70,6,0,0,1,7,12,1,3,2,3,98,3,1,53,0,48,45,2017,0,0.0,12,,,,,,1,1,64,1,0.0,,0,0,3,0,11,0,,,,,0.0,0.0,3.0,3.0,1,87,0.0,0.0,0.0,96,,,,,,0,,,,,,99354,53,70.0,170.0,6.0,1.0,0.0,0.0,0.0,0.0,,0,,,,,,0,,,8,0,0,0,8.0,9,8,,,0,0.0,0.0,8,0,8.0,95.0,,,96.0,,,8,95,995.0,,,,,,,,,,,,,,,,,,,,,,,,,,,,,,0,0,0,0,0,0,0,0,0,0,0,0,1,0,0,0,0,0,0,0,0,1,1,0,1,1,1,0,0,1,1,0,0,0,0,,0,0,0,0,0,0,0,0,0,0,0,0,0,0,0,0,,,,,,61-65,56-65,Interstate,R,Monday,Belt Used,PV,Not Fatal,0,0,0,0,State Route,State Patrol,Washington State Patrol,0,1,0,0,0,,,,,,0.0,0.0,0.0,,,,,,,,,,,98.0,98.0,98.0,0.0,,,,,20.0,7.0,,,,,,,,,,,,,,,,98901,Richland,Yakima
1651,1681,1681,2019,65,E899642,1.0,2019-02-04,14:46,4,2,,77,Yakima,0,4,0.0,1,4,2,1,0,12,6,,,,12,0,7,21.0,1,0,1,1,1,1,1,0,0,0,0,I-82,,-120.3964778,46.725494444,0,6,98,52,3,70,14,0,0,1,2,12,1,3,2,3,1,3,1,53,0,20,404,2017,0,0.0,12,12.0,12.0,,,,1,1,60,1,0.0,,0,0,3,0,11,0,,,,,0.0,0.0,0.0,3.0,1,87,0.0,0.0,0.0,96,,,,,,0,,,,,,98942,53,64.0,230.0,6.0,1.0,0.0,0.0,0.0,0.0,,0,,,,,,4,,,8,0,0,0,8.0,9,8,,,0,0.0,0.0,8,0,8.0,95.0,,,96.0,,,8,95,995.0,,,,,,,,,,,,,,,,,,,,,,,,,,,,,,0,0,0,0,0,0,0,0,0,0,0,0,1,0,0,0,0,0,0,0,0,1,1,0,1,1,1,0,0,1,1,0,0,0,0,,0,0,0,0,0,0,0,0,0,1,0,0,0,0,0,0,,,,,,56-60,56-65,Interstate,R,Monday,Belt Used,PV,Not Fatal,0,0,0,0,State Route,State Patrol,Washington State Patrol,0,1,0,0,0,,,,,,0.0,0.0,0.0,,,,,,,,,,,98.0,98.0,98.0,0.0,,,,,20.0,7.0,,,,,,,,,,,,,,,,98901,Selah,Yakima
1652,1682,1682,2019,66,3748144,263.0,2019-01-18,16:32,18,1,,33,King,1960,10,0.0,3,2,2,1,0,4,2,,,,12,0,1,31.0,2,0,2,3,2,1,3,0,0,0,0,SR-99,N 84TH ST,-122.3445972,47.689838889,0,1,24,51,3,30,2,0,0,1,7,12,1,1,3,3,1,1,1,53,0,19,3,1969,0,0.0,12,,,,,,1,1,76,1,7.0,,4,8,99,7,11,4,01/18/2019,17:07,196053003606.0,3606.0,0.0,0.0,3.0,3.0,1,0,0.0,0.0,0.0,96,,,,,,99,,,,,,98133,53,72.0,180.0,6.0,1.0,0.0,0.0,0.0,0.0,,0,,,,,,4,,,20,9,0,0,0.0,9,8,,,0,0.0,0.0,8,9,2.0,1.0,,,1.0,,,2,1,0.0,,,,,,,,,,,,,,,,,,,,,,,,,,,,,,0,0,0,1,0,0,0,0,0,0,0,0,1,0,0,0,0,0,0,0,0,0,0,0,0,1,1,1,0,1,0,0,0,0,0,,1,0,0,0,0,0,0,0,0,1,0,0,0,0,0,0,,,,,,76-80,76+,State route,U,Friday,Unknown,PV,White,0,0,0,0,State Route,Municipal/City Police,Seattle Police Department,0,1,0,0,0,,,,,,0.0,0.0,0.0,,,,,,,,,,,0.0,0.0,0.0,1.0,,,,,20.0,7.0,,,,,,,,,,,,,,,,98103,Seattle,Seattle
1653,1683,1683,2019,66,3748144,263.0,2019-01-18,16:32,18,1,,33,King,1960,10,0.0,3,2,2,1,0,4,2,,,,12,0,1,31.0,2,0,2,3,2,1,3,0,0,0,0,SR-99,N 84TH ST,-122.3445972,47.689838889,0,2,25,53,3,30,52,0,0,1,5,12,1,1,3,3,4,3,3,53,3,98,988,2011,0,0.0,12,,,,,,1,1,60,1,0.0,,0,0,3,0,11,0,,,,,6.0,1.0,0.0,3.0,1,0,0.0,0.0,0.0,96,,,,,,0,,,,,,98101,53,71.0,175.0,6.0,1.0,0.0,0.0,0.0,0.0,,0,,,,,,0,,,20,0,0,0,8.0,9,8,,,0,0.0,0.0,8,0,8.0,95.0,,,96.0,,,8,95,995.0,,,,,,,,,,,,,,,,,,,,,,,,,,,,,,0,0,0,1,0,0,0,0,0,0,0,0,1,0,0,0,0,0,0,0,0,0,0,0,0,1,1,1,0,1,0,0,0,0,0,,0,0,0,0,0,0,0,0,0,0,0,0,0,0,0,0,,,,,,56-60,56-65,State route,U,Friday,,BUS,Not Fatal,0,0,0,0,State Route,Municipal/City Police,Seattle Police Department,0,1,0,0,0,,,,,,0.0,0.0,0.0,,,,,,,,,,,98.0,98.0,98.0,0.0,,,,,20.0,7.0,,,,,,,,,,,,,,,,98103,Seattle,Seattle
1654,1684,1684,2019,67,E900965,180.0,2019-03-07,18:30,7,3,,15,Cowlitz,1190,1,0.0,3,1,1,1,0,1,1,,,,33,0,0,7.1,1,0,1,3,2,1,3,0,0,0,0,SR-432,,-122.9312694,46.115830556,0,1,1,13,2,98,80,0,0,1,7,1,2,1,4,1,6,1,2,16,0,72,706,2000,0,0.0,63,33.0,1.0,,,,1,1,65,1,7.0,,4,7,20,7,11,0,03/07/2019,18:30,119053011108.0,11108.0,6.0,0.0,0.0,2.0,1,0,0.0,0.0,0.0,93,,,,,,99,,,,,,98626,53,71.0,200.0,6.0,1.0,0.0,2.0,0.0,4.0,,0,,,,,,4,04/15/2015,02/15/2017,20,8,0,0,0.0,9,8,,,0,0.0,0.0,8,9,2.0,401.0,417.0,,1.0,1.0,,2,1,0.069,,,,,,,,,,,,,,,,,,,,,,,,,,,,,,0,0,1,0,1,0,1,1,0,0,0,0,1,0,1,0,1,0,0,0,0,0,0,0,0,1,0,0,1,0,0,0,0,0,1,0.0,0,0,0,0,1,0,1,1,1,1,0,0,0,0,0,1,,,,,,61-65,56-65,State route,U,Thursday,,MC,White,0,1,0,0,State Route,Municipal/City Police,Longview Police Department,1,1,0,0,0,,,,,,0.0,0.0,0.0,,,,,,,,,,,0.0,0.0,0.0,1.0,,,,,19.0,0.0,,,,,,,,,,,,,,,,98632,Kelso,Longview
1655,1685,1685,2019,68,E882470,250.0,2019-01-08,20:53,8,1,,5,Benton,1850,2,0.0,3,2,2,1,0,1,1,,,,19,0,0,0.0,1,0,1,7,2,4,6,0,0,0,0,JADWIN AVE,,-119.2752139,46.281108333,0,1,2,1,1,30,14,0,0,1,7,2,1,1,2,1,1,1,1,53,0,20,401,2003,0,0.0,61,63.0,19.0,2.0,,,1,1,60,1,7.0,,4,0,99,7,11,5,01/13/2019,18:55,185053002802.0,2802.0,0.0,0.0,3.0,3.0,1,80,0.0,0.0,0.0,96,,,,,,99,,,,,,99320,53,68.0,220.0,6.0,1.0,0.0,2.0,0.0,0.0,,0,,,,,,0,01/15/2015,05/15/2018,20,0,0,0,0.0,9,8,,,0,0.0,0.0,8,9,8.0,95.0,,,96.0,,,8,95,995.0,,,,,,,,,,,,,,,,,,,,,,,,,,,,,,0,0,0,0,0,0,0,0,0,0,0,0,0,0,0,0,0,0,0,0,0,0,0,0,0,0,0,0,0,1,0,0,0,0,0,,1,0,0,0,0,0,0,0,0,0,0,0,0,0,0,0,,,,,,56-60,56-65,City street,U,Tuesday,Unknown,PV,White,0,1,0,0,City Street,Municipal/City Police,Richland Police Department,1,0,0,1,0,,,,,,0.0,0.0,0.0,,,,,,,,,,,98.0,98.0,98.0,1.0,,,,,20.0,7.0,,,,,,,,,,,,,,,,99352,Benton City,Richland
1656,1686,1686,2019,69,E901420,290.0,2019-03-08,13:11,8,3,,53,Pierce,2230,1,0.0,1,1,2,1,1,1,1,,,,9,0,0,3.8,1,0,1,3,2,1,3,0,3,0,0,SR-509,,-122.3601917,47.256533333,0,1,13,83,5,50,6,0,0,1,7,9,1,1,2,2,1,1,3,53,0,49,46,2015,0,0.0,9,,,,,,1,1,32,1,0.0,,0,0,99,7,11,0,,,,,0.0,0.0,0.0,3.0,1,0,0.0,0.0,0.0,96,,,,,,0,,,,,,98466,53,71.0,200.0,6.0,1.0,0.0,0.0,2.0,0.0,,0,,,,,,0,05/15/2014,09/15/2016,20,0,0,0,8.0,9,8,,,0,0.0,0.0,8,0,8.0,95.0,,,96.0,,,8,95,995.0,,,,,,,,,,,,,,,,,,,,,,,,,,,,,,0,0,0,0,0,0,0,0,0,1,0,1,0,0,0,0,0,1,0,0,0,0,0,0,0,0,0,0,0,1,0,0,1,0,0,,0,0,0,0,0,0,0,0,0,0,0,0,0,0,0,0,,,,,,31-35,26-35,State route,U,Friday,Unknown,PV,Not Fatal,0,0,0,0,State Route,Municipal/City Police,Tacoma Police Department,0,1,0,0,0,,,,,,0.0,0.0,0.0,,,,,,,,,,,98.0,98.0,98.0,0.0,,,,,20.0,7.0,,,,,,,,,,,,,,,,98421,Tacoma,Tacoma
1657,1687,1687,2019,70,E902965,122.0,2019-03-16,5:57,16,3,,61,Snohomish,690,10,0.0,3,1,2,1,0,3,2,,,,12,0,2,46.7,1,0,1,3,2,1,3,0,0,0,0,SR-99,,-122.2483583,47.900180556,0,1,50,10,2,98,6,0,0,1,7,12,1,2,5,5,1,2,1,53,0,48,38,2007,0,0.0,68,12.0,,,,,1,1,19,1,0.0,,0,0,3,0,11,0,,,,,0.0,0.0,0.0,3.0,1,28,0.0,0.0,0.0,15,,,,,,99,,,,,,98034,53,67.0,134.0,6.0,1.0,0.0,3.0,1.0,3.0,,1,,,,,,0,12/15/2015,09/15/2017,8,0,0,0,8.0,9,8,,,0,0.0,0.0,8,9,2.0,401.0,417.0,177.0,1.0,1.0,1.0,2,1,0.0,,,,,,,,,,,,,,,,,,,,,,,,,,,,,,0,0,0,0,1,1,1,1,0,0,0,0,0,0,0,0,1,0,0,1,0,1,1,0,1,0,0,0,0,1,0,0,0,0,0,,0,0,0,0,0,0,1,1,1,0,0,0,0,0,1,0,,,,,,18-20,16-25,State route,U,Saturday,Belt Used,PV,Not Fatal,0,1,1,0,State Route,Municipal/City Police,Everett Police Department,0,1,0,0,0,,,,,,0.0,0.0,0.0,1.0,,,,,996.0,,,,,98.0,98.0,98.0,0.0,,,,,20.0,7.0,,,,,,,,,,,,,,,,98204,Kirkland,Everett
1658,1688,1688,2019,70,E902965,122.0,2019-03-16,5:57,16,3,,61,Snohomish,690,10,0.0,3,1,2,1,0,3,2,,,,12,0,2,46.7,1,0,1,3,2,1,3,0,0,0,0,SR-99,,-122.2483583,47.900180556,0,2,51,62,4,98,4,0,0,1,7,12,1,2,5,5,1,1,1,53,0,49,32,2013,0,0.0,12,,,,,,1,1,27,1,7.0,,4,7,20,7,11,0,03/16/2019,5:57,69053012868.0,12868.0,0.0,0.0,0.0,3.0,1,0,0.0,0.0,0.0,96,,,,,,0,,,,,,98433,53,67.0,165.0,6.0,1.0,0.0,0.0,0.0,0.0,,0,,,,,,0,,,8,0,0,0,0.0,9,8,,,0,0.0,0.0,8,9,2.0,1.0,,,1.0,,,2,1,0.12,,,,,,,,,,,,,,,,,,,,,,,,,,,,,,0,0,0,0,1,1,1,1,0,0,0,0,0,0,0,0,1,0,0,1,0,1,1,0,1,0,0,0,0,1,0,0,0,1,0,,1,0,0,0,0,1,0,1,0,0,0,0,0,1,0,1,,,,,,26-30,26-35,State route,U,Saturday,Not Used,PV,Multiracial,0,1,1,0,State Route,Municipal/City Police,Everett Police Department,0,1,0,0,0,,,,,,0.0,0.0,0.0,,,,,,,,,,,98.0,98.0,98.0,268.0,,,,,20.0,7.0,,,,,,,,,,,,,,,,98204,Tacoma,Everett
1659,1689,1689,2019,71,E902989,42.0,2019-03-15,8:22,15,3,,67,Thurston,0,1,0.0,1,1,2,1,0,1,1,,,,38,0,0,13.0,1,0,1,4,2,2,4,0,0,0,0,CR-LITTLEROCK RD SW,,-122.9512778,46.970591667,0,1,1,13,2,50,14,0,0,1,7,38,1,1,2,1,1,1,1,53,0,2,403,1998,0,0.0,63,38.0,,,,,1,1,38,1,7.0,,4,7,20,7,11,0,03/15/2019,,53012409.0,12409.0,0.0,0.0,0.0,3.0,1,0,0.0,0.0,0.0,92,,,,,,99,,,,,,98512,53,68.0,210.0,6.0,1.0,1.0,1.0,1.0,0.0,,0,,,,,,0,04/15/2016,03/15/2017,20,0,0,0,0.0,9,8,,,0,0.0,0.0,8,9,2.0,695.0,605.0,,1.0,1.0,,2,1,0.25,,,,,,,,,,,,,,,,,,,,,,,,,,,,,,0,0,1,0,1,1,1,1,1,0,0,0,0,0,0,0,1,0,0,1,0,0,0,0,0,0,0,0,0,1,0,0,0,1,0,,1,0,0,0,0,1,1,1,1,0,0,0,0,0,0,1,,,,,,36-40,36-45,County road,U,Friday,Not Used,PV,White,0,1,0,0,County Road,County Sheriff,Thurston County Sheriff's Office,1,0,1,0,0,thc,5.2,carboxy-thc,28.0,,0.0,1.0,3.0,,,,,,,,,,,0.0,0.0,0.0,1.0,,,,,20.0,7.0,,,,,,,,,,,,,,,,98512,Olympia,Olympia
1660,1691,1691,2019,73,E903900,3.0,2019-03-15,6:15,15,3,,67,Thurston,0,5,0.0,2,1,2,1,0,5,4,,,,12,0,2,40.1,1,0,1,3,1,1,2,0,0,0,0,US-12,,-123.1288444,46.825133333,0,1,50,10,2,98,4,0,0,1,2,12,1,1,2,1,6,1,2,53,0,58,37,2008,0,0.0,68,12.0,12.0,18.0,54.0,,1,1,42,8,2.0,,4,7,3,0,11,0,03/15/2019,6:15,53012993.0,12993.0,0.0,0.0,0.0,2.0,1,28,0.0,0.0,0.0,96,,,,,,99,,,,,,98589,53,70.0,215.0,1.0,1.0,8.0,0.0,0.0,3.0,,0,,,,,,0,10/15/2015,09/15/2018,8,0,0,0,0.0,9,8,,,0,0.0,0.0,8,9,2.0,401.0,417.0,695.0,1.0,1.0,1.0,2,1,0.0,,,,,,,,,,,,,,,,,,,,,,,,,,,,,,0,0,0,0,0,0,1,1,1,0,0,0,0,1,0,0,0,0,0,0,0,0,0,1,1,0,0,0,0,1,0,0,0,0,0,,1,0,0,0,0,0,1,1,0,0,0,1,0,0,1,0,,,,,,41-45,36-45,US highway,R,Friday,Belt Used,PV,Hispanic,0,1,1,0,State Route,State Patrol,Washington State Patrol,0,1,0,0,0,thc,2.1,carboxy-thc,7.8,,0.0,0.0,0.0,1.0,,,,,605.0,,,,,98.0,98.0,98.0,7.0,,,,,20.0,7.0,,,,,,,nms,,,,,,,,,98579,Tenino,Rochester
1661,1692,1692,2019,73,E903900,3.0,2019-03-15,6:15,15,3,,67,Thurston,0,5,0.0,2,1,2,1,0,5,4,,,,12,0,2,40.1,1,0,1,3,1,1,2,0,0,0,0,US-12,,-123.1288444,46.825133333,0,2,51,62,4,55,34,0,0,1,2,12,1,1,2,1,1,2,1,53,0,12,481,2002,0,0.0,12,,,,,,1,1,29,1,0.0,,0,0,3,0,11,0,,,,,0.0,0.0,0.0,3.0,1,0,0.0,0.0,0.0,96,,,,,,0,,,,,,98568,53,77.0,215.0,6.0,1.0,0.0,2.0,1.0,3.0,,0,,,,,,0,03/15/2014,05/15/2017,1,0,0,0,8.0,9,8,,,0,0.0,0.0,8,0,8.0,95.0,,,96.0,,,8,95,995.0,,,,,,,,,,,,,,,,,,,,,,,,,,,,,,0,0,0,0,0,0,1,1,1,0,0,0,0,1,0,0,0,0,0,0,0,0,0,1,1,0,0,0,0,1,0,0,0,0,0,,0,0,0,0,0,0,0,0,0,0,0,0,0,0,0,0,,,,,,26-30,26-35,US highway,R,Friday,Belt Used,PV,Not Fatal,0,1,1,0,State Route,State Patrol,Washington State Patrol,0,1,0,0,0,,,,,,0.0,0.0,0.0,,,,,,,,,,,98.0,98.0,98.0,0.0,,,,,20.0,7.0,,,,,,,,,,,,,,,,98579,Oakville,Rochester
1662,1693,1693,2019,73,E903900,3.0,2019-03-15,6:15,15,3,,67,Thurston,0,5,0.0,2,1,2,1,0,5,4,,,,12,0,2,40.1,1,0,1,3,1,1,2,0,0,0,0,US-12,,-123.1288444,46.825133333,0,3,98,98,7,55,4,0,0,1,7,12,1,1,2,1,1,1,1,53,0,20,2,2001,0,0.0,12,,,,,,1,1,23,1,0.0,,0,0,3,0,11,0,,,,,0.0,0.0,0.0,3.0,1,0,0.0,0.0,0.0,96,,,,,,0,,,,,,98579,53,69.0,200.0,6.0,1.0,0.0,0.0,0.0,0.0,,0,,,,,,0,,,20,0,0,0,8.0,9,8,,,0,0.0,0.0,8,0,8.0,95.0,,,96.0,,,8,95,995.0,,,,,,,,,,,,,,,,,,,,,,,,,,,,,,0,0,0,0,0,0,1,1,1,0,0,0,0,1,0,0,0,0,0,0,0,0,0,1,1,0,0,0,0,1,0,0,0,0,0,,0,0,0,0,0,0,0,0,0,0,0,0,0,0,0,0,,,,,,21-25,16-25,US highway,R,Friday,Belt Used,PV,Not Fatal,0,1,1,0,State Route,State Patrol,Washington State Patrol,0,1,0,0,0,,,,,,0.0,0.0,0.0,,,,,,,,,,,98.0,98.0,98.0,0.0,,,,,20.0,7.0,,,,,,,,,,,,,,,,98579,Rochester,Rochester
1663,1694,1694,2019,73,E903900,3.0,2019-03-15,6:15,15,3,,67,Thurston,0,5,0.0,2,1,2,1,0,5,4,,,,12,0,2,40.1,1,0,1,3,1,1,2,0,0,0,0,US-12,,-123.1288444,46.825133333,0,4,98,98,7,55,4,0,0,1,5,54,1,1,2,1,1,1,1,53,0,37,31,2012,0,0.0,54,,,,,,1,1,52,8,0.0,,0,0,3,0,11,0,,,,,0.0,0.0,0.0,3.0,1,0,0.0,0.0,0.0,96,,,,,,0,,,,,,98531,53,61.0,170.0,6.0,1.0,0.0,0.0,1.0,0.0,,0,,,,,,0,05/15/2015,05/15/2015,20,0,0,0,8.0,9,8,,,0,0.0,0.0,8,0,8.0,95.0,,,96.0,,,8,95,995.0,,,,,,,,,,,,,,,,,,,,,,,,,,,,,,0,0,0,0,0,0,1,1,1,0,0,0,0,1,0,0,0,0,0,0,0,0,0,1,1,0,0,0,0,1,0,0,0,0,0,,0,0,0,0,0,0,0,0,0,0,0,0,0,0,0,0,,,,,,51-55,46-55,US highway,R,Friday,Belt Used,PV,Not Fatal,0,1,1,0,State Route,State Patrol,Washington State Patrol,0,1,0,0,0,,,,,,0.0,0.0,0.0,,,,,,,,,,,98.0,98.0,98.0,0.0,,,,,20.0,7.0,,,,,,,,,,,,,,,,98579,Centralia,Rochester