,index,Unnamed: 0,year,case,par,repjur,crash_dt,crash_tm,accday,accmon,holiday,county,co_char,city,weather,weather2,lightcond,surfcond,surftype,numfatal,nmforms,pforms,vforms,not_tm,arr_tm,hosp_tm,fhevent,hitrun,manncol,milepnt,reljunc,reljuncinter,intersectiontype,funcsystem,landuse,ownership,route,schlbus,spejur,contdev,devfunc,trafid1,trafid2,lon,lat,wk_zone,vnumber,crashtype,criticalevent,criticaleventcat,spdlim,body,trailer,emerg,hazcargo,leave,mhevent,roadalgn,roadprof,traflane,trafflow,vehmanvr,numoccs,regowner,regstate,spuse,make,model,modelyr,vrf1,vrf2,seqevent1,seqevent2,seqevent3,seqevent4,seqevent5,seqevent6,pnumber,ptype,age,sex,hispanic,race,injury,diedscene,restraint,restraintmisuse,seatpos,takehosp,death_dt,death_tm,cert,cernum_wa,commlic,licendor,licrestrict,liccomp,drivpres,drf1,drf2,drf3,drf4,distract1,distract2,distract3,distract4,distract5,distract6,dricond1,dricond2,dricond3,dricond4,dricond5,dricond6,dzip,licstate,drhgt_in,weight,noncdl,noncdltype,prevdwi,prevoth,prevacc,prevspd,prevsus,driviol1,driviol2,driviol3,driviol4,driviol5,driviol6,spdrel,first_dt,last_dt,airbag,ejection,ejectpath,extricat,injurwrk,methalc,methdrug,nmlocat,strikveh,prf1,prf2,prf3,druginv,alcinvol,drugsts,drugres1,drugres2,drugres3,drugtst1,drugtst2,drugtst3,alcsts,alctst,alcres,nmact1,nmact2,nmact3,nmact4,nmact5,nmact6,nmprior1,nmprior2,nmprior3,nmprior4,nmprior5,nmprior6,nmcond1,nmcond2,nmcond3,nmcond4,nmcond5,nmcond6,nmsafe_helmet,nmsafe_pads,nmsafe_oth,nmprev_ref,nmprev_lgt,nmprev_oth,crashlocation,nmcrashtype,crosswalk,schoolzone,sidewalk,train_inv,wildlife_inv,rotr_fars,intersect_fars,dd_inv,aid_inv,dpd_inv,id_inv,mj_inv,impnm_inv,ainm_inv,dpnm_inv,speed_inv,unlic_inv,unendmc_inv,drowsy_inv,drdist_inv,nmdist_inv,fty_inv,unrestfat_inv,dr1617_inv,dr1820_inv,dr1620_inv,dr2125_inv,dr1625_inv,dr65_inv,dr70_inv,dr75_inv,mc_inv,pv_inv,ht_inv,ped_inv,bike_inv,unrest_fat,mc_fat,unhelmet_mc,pv_fat,ht_fat,ped_fat,bike_fat,dr_alc7,dr_alc8,dr_drug,dr_imp,dr_dist,dr_spd,dr_fty,dr_unlic,dr_alc7only,dr_alc8only,dr_drugonly,dr_drink,nm_imp,nm_alc7,nm_alc8,nm_drug,nm_dist,agegrp1,agegrp2,roadclass,urbrur,dayweek,restuse,vehtype,race_me,intersect,lanedep,oppdir,wrongway,rep_typ,investag,repag_long,rotr,st_rd,cty_rd,city_rd,oth_rd,drug_thc,thc_res,drug_cthc,cthc_res,drug_cann,prevpersemin,prevperse,prevsusoth,drugtst4,drugtst5,drugtst6,drugtst7,drugtst8,drugres4,drugres5,drugres6,drugres7,drugres8,adspresent,adsengaged,adslevel,race1,race2,race3,race4,race5,helmet,helmetmisuse,nmdistract1,nmdistract2,nmdistract3,nmdistract4,nmdistract5,nmdistract6,lab,isedtcase,crf1,crf2,crf3,CoRoadName,CoMP,IntCoRoadName,IntCoMP,crashzip,dcity,crashcity
1683,1715,1715,2019,89,E907057,1.0,2019-03-22,13:00,22,3,,23,Garfield,0,1,0.0,1,1,2,1,0,1,1,,,,32,0,0,390.8,1,0,1,3,1,1,2,0,0,0,0,US-12,,-117.7733472,46.498305556,0,1,6,12,2,60,14,0,0,1,2,3,2,1,2,1,14,1,2,53,0,12,401,1998,0,0.0,68,64.0,32.0,1.0,42.0,3.0,1,1,24,1,7.0,,4,7,20,7,11,0,03/22/2019,13:00,53014134.0,14134.0,6.0,0.0,0.0,3.0,1,0,0.0,0.0,0.0,93,,,,,,99,,,,,,99403,53,73.0,215.0,6.0,1.0,0.0,0.0,0.0,0.0,,0,,,,,,0,,,8,0,0,0,0.0,1,8,,,0,0.0,0.0,1,1,2.0,695.0,605.0,,1.0,1.0,,2,1,0.22,,,,,,,,,,,,,,,,,,,,,,,,,,,,,,0,0,1,0,1,1,1,1,1,0,0,0,0,0,0,0,1,0,0,1,0,0,0,1,1,0,0,0,0,1,0,0,0,1,0,,1,0,0,0,0,1,1,1,1,0,0,0,0,0,0,1,,,,,,21-25,16-25,US highway,R,Friday,Not Used,PV,White,0,1,0,0,State Route,State Patrol,Washington State Patrol,1,1,0,0,0,thc,1.7,carboxy-thc,6.6,,0.0,0.0,0.0,,,,,,,,,,,0.0,0.0,0.0,1.0,,,,,20.0,7.0,,,,,,,,,,,,,,,,99347,Clarkston,Pomeroy
1684,1716,1716,2019,90,E880511,290.0,2019-01-07,6:20,7,1,,53,Pierce,2230,1,0.0,3,2,2,1,0,3,1,,,,42,0,0,0.0,1,0,1,4,2,4,6,0,0,0,0,S TYLER ST,,-122.4937667,47.219438889,0,1,2,5,1,30,4,0,0,1,7,42,2,1,3,5,14,3,1,53,0,12,16,2004,0,0.0,63,42.0,,,,,1,1,26,1,0.0,,1,0,20,7,11,8,,,,,0.0,0.0,0.0,2.0,1,0,0.0,0.0,0.0,96,,,,,,99,,,,,,98409,53,67.0,130.0,1.0,1.0,0.0,3.0,1.0,2.0,,0,,,,,,0,09/15/2014,06/15/2018,1,0,0,0,8.0,9,8,,,0,0.0,0.0,8,9,8.0,95.0,,,96.0,,,8,95,995.0,,,,,,,,,,,,,,,,,,,,,,,,,,,,,,0,0,0,0,0,0,0,0,0,0,0,0,0,1,0,0,0,0,0,0,0,0,0,0,0,0,0,0,0,1,0,0,0,0,0,,0,0,0,0,0,0,0,0,0,0,0,1,0,0,0,0,,,,,,26-30,26-35,City street,U,Monday,Not Used,PV,Not Fatal,0,1,0,0,City Street,Municipal/City Police,Tacoma Police Department,1,0,0,1,0,,,,,,0.0,0.0,3.0,,,,,,,,,,,98.0,98.0,98.0,0.0,,,,,20.0,7.0,,,,,,,,,,,,,,,,98409,Tacoma,Tacoma
1685,1717,1717,2019,91,E907243,146.0,2019-03-17,14:15,17,3,,77,Yakima,0,1,0.0,1,1,2,1,0,2,2,,,,12,0,6,2.9,2,0,2,6,1,2,4,0,0,20,3,CR-WANETA RD,STOVER RD,-119.9785583,46.273022222,0,1,87,17,2,50,4,0,0,1,7,12,1,1,2,1,1,1,1,53,0,55,33,2000,0,0.0,12,,,,,,1,1,86,1,7.0,,4,0,3,0,11,4,03/17/2019,15:42,222053012470.0,12470.0,0.0,0.0,3.0,3.0,1,38,39.0,0.0,0.0,96,,,,,,99,,,,,,98944,53,68.0,193.0,6.0,1.0,0.0,0.0,0.0,0.0,,0,,,,,,0,,,1,0,0,0,0.0,9,8,,,0,0.0,0.0,8,9,8.0,95.0,,,96.0,,,8,95,995.0,,,,,,,,,,,,,,,,,,,,,,,,,,,,,,0,0,0,1,0,0,0,0,0,0,0,0,0,0,0,0,0,0,1,0,0,0,0,0,0,1,1,1,0,1,1,0,0,0,0,,1,0,0,0,0,0,0,0,0,0,1,0,0,0,0,0,,,,,,81+,76+,County road,R,Sunday,Belt Used,PV,White,1,0,0,0,County Road,County Sheriff,Yakima County Sheriff's Office,0,0,1,0,0,,,,,,0.0,0.0,0.0,,,,,,,,,,,98.0,98.0,98.0,1.0,,,,,20.0,7.0,,,,,,,,,,,,,,,,98930,Sunnyside,Grandview
1686,1718,1718,2019,91,E907243,146.0,2019-03-17,14:15,17,3,,77,Yakima,0,1,0.0,1,1,2,1,0,2,2,,,,12,0,6,2.9,2,0,2,6,1,2,4,0,0,0,0,CR-WANETA RD,STOVER RD,-119.9785583,46.273022222,0,2,86,66,4,55,67,0,0,1,7,1,1,1,2,1,1,1,1,53,0,12,880,2016,0,0.0,12,1.0,,,,,1,1,67,1,0.0,,3,0,3,0,11,8,,,,,6.0,0.0,3.0,3.0,1,0,0.0,0.0,0.0,96,,,,,,0,,,,,,98903,53,69.0,250.0,6.0,1.0,0.0,0.0,0.0,0.0,,0,,,,,,0,,,8,0,0,0,8.0,9,8,,,0,0.0,0.0,8,0,8.0,95.0,,,96.0,,,8,95,995.0,,,,,,,,,,,,,,,,,,,,,,,,,,,,,,0,0,0,1,0,0,0,0,0,0,0,0,0,0,0,0,0,0,1,0,0,0,0,0,0,1,1,1,0,1,1,0,0,0,0,,0,0,0,0,0,0,0,0,0,0,0,0,0,0,0,0,,,,,,66-70,66-75,County road,R,Sunday,,MHTRUCK,Not Fatal,1,0,0,0,County Road,County Sheriff,Yakima County Sheriff's Office,0,0,1,0,0,,,,,,0.0,0.0,0.0,,,,,,,,,,,98.0,98.0,98.0,0.0,,,,,20.0,7.0,,,,,,,,,,,,,,,,98930,Yakima,Grandview
1687,1719,1719,2019,92,E907254,6.0,2019-03-17,1:26,17,3,,25,Grant,0,1,0.0,2,1,2,1,0,1,1,,,,43,0,0,38.8,1,0,1,4,1,1,3,0,0,0,0,SR-28,,-119.7476972,47.234486111,0,1,6,12,2,60,4,0,0,1,2,1,3,1,2,1,14,1,2,53,0,9,20,1996,0,0.0,68,64.0,43.0,1.0,,,1,1,24,1,1.0,,4,7,20,7,11,0,03/17/2019,1:26,53012791.0,12791.0,0.0,0.0,0.0,0.0,1,0,0.0,0.0,0.0,96,,,,,,9,,,,,,99357,96,,999.0,0.0,0.0,99.0,99.0,99.0,99.0,,0,,,,,,4,,,8,1,9,0,0.0,1,1,,,0,0.0,0.0,1,1,2.0,401.0,303.0,304.0,1.0,1.0,1.0,2,1,0.21,,,,,,,,,,,,,,,,,,,,,,,,,,,,,,0,0,1,0,1,1,1,1,1,0,0,0,1,1,0,0,0,0,0,1,0,0,0,1,1,0,0,0,0,1,0,0,0,1,0,,1,0,0,0,0,1,1,1,0,1,0,1,0,0,0,1,,,,,,21-25,16-25,State route,R,Sunday,Not Used,PV,Hispanic,0,1,0,0,State Route,State Patrol,Washington State Patrol,1,1,0,0,0,,,,,,99.0,99.0,99.0,1.0,1.0,1.0,,,124.0,695.0,407.0,151.0,167.0,0.0,0.0,0.0,1.0,,,,,20.0,7.0,,,,,,,,,,,,,,,,98848,Royal City,Quincy
1688,1720,1720,2019,93,E907632,7.0,2019-03-14,5:25,14,3,,33,King,1960,1,0.0,3,1,1,1,0,1,1,,,,25,0,0,167.0,1,0,1,1,2,1,1,0,0,0,0,I-5,,-122.3276361,47.628288889,0,1,6,6,1,60,80,0,0,1,7,25,3,2,4,3,14,1,2,53,0,76,705,2001,0,0.0,64,25.0,,,,,1,1,52,1,7.0,,4,7,20,7,11,0,03/14/2019,5:25,196053016256.0,16256.0,0.0,0.0,3.0,3.0,1,0,0.0,0.0,0.0,96,,,,,,99,,,,,,98223,53,71.0,223.0,6.0,1.0,0.0,0.0,0.0,0.0,,0,,,,,,4,,,20,8,0,0,0.0,9,8,,,0,0.0,0.0,8,9,2.0,417.0,,,1.0,,,2,1,0.0,,,,,,,,,,,,,,,,,,,,,,,,,,,,,,0,0,1,0,0,0,1,1,0,0,0,0,1,0,0,0,0,0,0,0,0,0,0,0,0,0,0,0,1,0,0,0,0,0,1,0.0,0,0,0,0,0,0,1,1,0,1,0,0,0,0,1,0,,,,,,51-55,46-55,Interstate,U,Thursday,,MC,White,0,1,0,0,State Route,State Patrol,Washington State Patrol,1,1,0,0,0,,,,,,0.0,0.0,0.0,,,,,,,,,,,0.0,0.0,0.0,1.0,,,,,19.0,0.0,,,,,,,,,,,,,,,,98102,Arlington,Seattle
1689,1721,1721,2019,94,E907862,180.0,2019-04-04,9:03,4,4,,15,Cowlitz,1190,10,0.0,1,0,0,1,1,1,1,,,,8,0,0,0.0,4,0,1,7,2,4,6,0,0,0,0,DELAWARE ST,16TH AVE,-122.9407972,46.130916667,0,1,13,80,5,0,14,0,0,1,5,8,0,0,0,0,11,1,3,53,0,20,404,2017,0,0.0,8,,,,,,1,1,39,1,0.0,,0,0,3,0,11,0,,,,,0.0,0.0,0.0,3.0,1,0,0.0,0.0,0.0,96,,,,,,0,,,,,,98625,53,71.0,190.0,6.0,1.0,0.0,0.0,0.0,0.0,,0,,,,,,0,,,20,0,0,0,8.0,9,8,,,0,0.0,0.0,8,0,8.0,95.0,,,96.0,,,8,95,995.0,,,,,,,,,,,,,,,,,,,,,,,,,,,,,,0,0,0,0,0,0,0,0,0,0,0,0,0,0,0,0,0,0,0,0,0,0,0,0,0,0,0,0,0,1,0,1,0,0,0,,0,0,0,0,0,0,0,0,0,0,0,0,0,0,0,0,,,,,,36-40,36-45,City street,U,Thursday,Belt Used,PV,Not Fatal,0,0,0,0,City Street,Municipal/City Police,Longview Police Department,0,0,0,1,0,,,,,,0.0,0.0,0.0,,,,,,,,,,,98.0,98.0,98.0,0.0,,,,,20.0,7.0,,,,,,,,,,,,,,,,98632,Kalama,Longview
1690,1722,1722,2019,95,E907896,146.0,2019-04-02,19:05,2,4,,77,Yakima,0,1,0.0,5,1,2,1,0,3,2,,,,12,0,6,3.8,2,0,3,4,2,2,4,0,0,20,3,CR-AHTANUM RD,S 34TH AVE,-120.5546194,46.557911111,0,1,82,15,2,50,14,0,0,1,7,12,1,1,2,1,11,2,1,53,0,20,404,2015,0,0.0,12,,,,,,1,1,31,1,0.0,,0,0,3,0,11,0,,,,,0.0,0.0,0.0,3.0,1,0,0.0,0.0,0.0,96,,,,,,0,,,,,,98908,53,71.0,250.0,6.0,1.0,0.0,0.0,0.0,2.0,,0,,,,,,0,02/15/2015,05/15/2017,8,0,0,0,8.0,9,8,,,0,0.0,0.0,8,0,8.0,95.0,,,96.0,,,8,95,995.0,,,,,,,,,,,,,,,,,,,,,,,,,,,,,,0,0,0,1,0,0,1,1,1,0,0,0,1,0,0,0,0,0,0,0,0,0,0,0,0,0,0,0,1,1,0,0,0,0,0,,0,0,0,0,0,0,0,0,0,0,0,0,0,0,0,0,,,,,,31-35,26-35,County road,U,Tuesday,Belt Used,PV,Not Fatal,1,0,0,0,County Road,County Sheriff,Yakima County Sheriff's Office,0,0,1,0,0,,,,,,0.0,0.0,0.0,,,,,,,,,,,98.0,98.0,98.0,0.0,,,,,20.0,7.0,,,,,,,,,,,,,,,,98903,Yakima,Yakima
1691,1723,1723,2019,95,E907896,146.0,2019-04-02,19:05,2,4,,77,Yakima,0,1,0.0,5,1,2,1,0,3,2,,,,12,0,6,3.8,2,0,3,4,2,2,4,0,0,0,0,CR-AHTANUM RD,S 34TH AVE,-120.5546194,46.557911111,0,2,83,67,4,50,80,0,0,1,7,12,1,1,2,1,1,1,1,53,0,76,705,2017,0,0.0,12,,,,,,1,1,30,1,1.0,,4,7,20,7,11,0,04/02/2019,19:05,53015148.0,15148.0,0.0,0.0,0.0,3.0,1,0,0.0,0.0,0.0,96,,,,,,99,,,,,,98593,53,68.0,200.0,6.0,1.0,0.0,0.0,0.0,0.0,,0,,,,,,3,,,20,8,0,0,0.0,9,8,,,0,0.0,0.0,8,9,2.0,605.0,695.0,,1.0,1.0,,2,1,0.0,,,,,,,,,,,,,,,,,,,,,,,,,,,,,,0,0,0,1,0,0,1,1,1,0,0,0,1,0,0,0,0,0,0,0,0,0,0,0,0,0,0,0,1,1,0,0,0,0,1,0.0,0,0,0,0,0,0,1,1,0,1,0,0,0,0,1,0,,,,,,26-30,26-35,County road,U,Tuesday,,MC,Hispanic,1,0,0,0,County Road,County Sheriff,Yakima County Sheriff's Office,0,0,1,0,0,thc,10.0,carboxy-thc,53.0,,0.0,0.0,0.0,,,,,,,,,,,0.0,0.0,0.0,1.0,,,,,19.0,0.0,,,,,,,,,,,,,,,,98903,Vader,Yakima
1692,1724,1724,2019,96,E907952,5.0,2019-03-29,20:46,29,3,,15,Cowlitz,0,1,0.0,2,2,2,1,0,2,1,,,,30,0,0,4.8,1,0,1,4,2,1,3,0,0,0,0,SR-411,,-122.9062278,46.187888889,0,1,1,13,2,35,2,0,0,1,2,30,1,1,2,1,1,2,1,53,0,37,31,2003,0,0.0,63,30.0,53.0,,,,1,1,60,1,0.0,,3,0,3,0,11,8,,,,,0.0,0.0,0.0,3.0,1,91,0.0,0.0,0.0,0,,,,,,2,9.0,,,,,98626,53,64.0,135.0,6.0,1.0,0.0,0.0,0.0,0.0,,1,,,,,,0,,,1,0,0,0,8.0,9,2,,,0,0.0,0.0,1,0,2.0,167.0,189.0,,1.0,1.0,,2,1,0.0,,,,,,,,,,,,,,,,,,,,,,,,,,,,,,0,0,1,0,0,0,1,1,0,0,0,0,0,0,0,1,0,0,0,1,0,0,0,0,0,0,0,0,0,1,0,0,0,0,0,,0,0,0,0,0,0,1,1,0,0,0,0,0,0,1,0,,,,,,56-60,56-65,State route,U,Friday,Belt Used,PV,Not Fatal,0,1,0,0,State Route,State Patrol,Washington State Patrol,1,1,0,0,0,,,,,,0.0,0.0,0.0,,,,,,,,,,,98.0,98.0,98.0,0.0,,,,,20.0,7.0,,,,,,,,,,,,,,,,98626,Kelso,Kelso
1693,1725,1725,2019,97,E907496,14.0,2019-03-30,0:25,30,3,,11,Clark,0,1,0.0,2,1,2,1,0,2,2,,,,12,0,1,0.1,1,0,1,5,2,2,4,0,0,0,0,CR-NW 99TH ST,,-122.684525,45.692875,0,1,21,98,7,98,34,0,0,1,7,12,1,1,2,1,5,1,2,53,0,12,481,1984,0,0.0,12,,,,,,1,1,34,2,0.0,,1,0,99,7,11,8,,,,,0.0,0.0,0.0,3.0,1,0,0.0,0.0,0.0,96,,,,,,0,,,,,,98684,53,61.0,135.0,6.0,1.0,0.0,0.0,0.0,1.0,,97,,,,,,0,06/15/2016,09/15/2017,20,0,0,0,8.0,9,8,,,0,0.0,0.0,8,0,8.0,95.0,,,96.0,,,8,95,995.0,,,,,,,,,,,,,,,,,,,,,,,,,,,,,,0,0,0,0,1,1,0,1,0,0,0,0,0,0,0,0,0,0,0,0,0,0,0,0,0,0,0,0,0,1,0,0,0,0,0,,0,0,0,0,0,0,0,0,0,0,0,0,0,0,0,0,,,,,,31-35,26-35,County road,U,Saturday,Unknown,PV,Not Fatal,0,0,0,0,County Road,County Sheriff,Clark County Sheriff's Office,0,0,1,0,0,,,,,,0.0,0.0,1.0,,,,,,,,,,,0.0,0.0,0.0,0.0,,,,,20.0,7.0,,,,,,,,,,,,,,,,98665,Vancouver,Vancouver
1694,1726,1726,2019,97,E907496,14.0,2019-03-30,0:25,30,3,,11,Clark,0,1,0.0,2,1,2,1,0,2,2,,,,12,0,1,0.1,1,0,1,5,2,2,4,0,0,0,0,CR-NW 99TH ST,,-122.684525,45.692875,0,2,20,50,3,98,34,0,0,1,7,1,1,2,2,1,1,1,1,53,0,7,482,2012,0,0.0,12,1.0,,,,,1,1,26,1,6.0,,4,7,99,7,11,0,03/30/2019,0:25,53015292.0,15292.0,0.0,0.0,0.0,3.0,1,0,0.0,0.0,0.0,96,,,,,,99,,,,,,98671,53,71.0,185.0,6.0,1.0,0.0,0.0,0.0,1.0,,0,,,,,,0,03/15/2018,03/15/2018,8,0,0,0,0.0,9,8,,,0,0.0,0.0,8,9,2.0,1.0,,,1.0,,,2,1,0.17,,,,,,,,,,,,,,,,,,,,,,,,,,,,,,0,0,0,0,1,1,0,1,0,0,0,0,0,0,0,0,0,0,0,0,0,0,0,0,0,0,0,0,0,1,0,0,0,0,0,,1,0,0,0,0,1,0,1,0,0,0,0,0,1,0,1,,,,,,26-30,26-35,County road,U,Saturday,Unknown,PV,Hispanic,0,0,0,0,County Road,County Sheriff,Clark County Sheriff's Office,0,0,1,0,0,,,,,,0.0,0.0,0.0,,,,,,,,,,,98.0,98.0,98.0,298.0,,,,,20.0,7.0,,,,,,,,,,,,,,,,98665,Washougal,Vancouver
1695,1727,1727,2019,98,E908332,14.0,2019-03-29,19:36,29,3,,11,Clark,240,10,0.0,1,1,2,1,0,1,1,,,,1,0,0,0.0,1,0,1,7,2,4,6,0,0,0,0,NW LAKE RD,,-122.4163667,45.607425,0,1,98,13,2,35,80,0,0,1,7,1,3,2,2,1,14,1,1,53,0,73,705,2007,0,0.0,1,63.0,24.0,,,,1,1,19,1,7.0,,4,7,20,7,11,0,03/29/2019,19:36,24053014786.0,14786.0,0.0,0.0,0.0,3.0,1,0,0.0,0.0,0.0,96,,,,,,99,,,,,,98684,53,72.0,165.0,6.0,1.0,0.0,0.0,0.0,0.0,,0,,,,,,4,,,20,8,0,0,0.0,9,8,,,0,0.0,0.0,8,9,2.0,1.0,,,1.0,,,2,1,0.0,,,,,,,,,,,,,,,,,,,,,,,,,,,,,,0,0,0,0,0,0,0,0,0,0,0,0,1,0,0,0,0,0,0,0,0,1,1,0,1,0,0,0,1,0,0,0,0,0,1,0.0,0,0,0,0,0,0,0,0,0,1,0,0,0,0,0,0,,,,,,18-20,16-25,City street,U,Friday,,MC,White,0,0,0,0,City Street,Municipal/City Police,Camas Police Department,0,0,0,1,0,,,,,,0.0,0.0,0.0,,,,,,,,,,,0.0,0.0,0.0,1.0,,,,,19.0,0.0,,,,,,,,,,,,,,,,98607,Vancouver,Camas
1696,1729,1729,2019,99,E908698,1.0,2019-04-05,23:35,5,4,,77,Yakima,0,1,0.0,3,1,2,1,1,8,4,,,,8,0,0,67.4,2,0,2,4,2,1,2,0,3,3,3,US-97,S WAPATO RD,-120.4174583,46.432697222,0,2,98,80,5,55,4,0,0,1,5,8,1,1,5,1,1,3,1,53,0,49,40,2014,0,0.0,8,,,,,,1,1,76,2,0.0,,0,0,3,0,11,0,,,,,0.0,0.0,0.0,3.0,1,0,0.0,0.0,0.0,96,,,,,,0,,,,,,98951,53,64.0,150.0,6.0,1.0,0.0,0.0,0.0,1.0,,0,,,,,,0,11/15/2018,11/15/2018,20,0,0,0,8.0,9,8,,,0,0.0,0.0,8,0,8.0,95.0,,,96.0,,,8,95,995.0,,,,,,,,,,,,,,,,,,,,,,,,,,,,,,0,0,0,1,0,0,0,0,0,1,1,1,0,0,0,0,0,0,0,0,0,0,0,0,0,1,1,1,0,1,0,1,0,0,0,,0,0,0,0,0,0,0,0,0,0,0,0,0,0,0,0,,,,,,76-80,76+,US highway,U,Friday,Belt Used,PV,Not Fatal,1,0,0,0,State Route,State Patrol,Washington State Patrol,0,1,0,0,0,,,,,,0.0,0.0,0.0,,,,,,,,,,,98.0,98.0,98.0,0.0,,,,,20.0,7.0,,,,,,,,,,,,,,,,98951,Wapato,Wapato
1697,1730,1730,2019,99,E908698,1.0,2019-04-05,23:35,5,4,,77,Yakima,0,1,0.0,3,1,2,1,1,8,4,,,,8,0,0,67.4,2,0,2,4,2,1,2,0,3,3,3,US-97,S WAPATO RD,-120.4174583,46.432697222,0,3,98,80,5,55,4,0,0,1,5,8,1,1,5,1,1,2,1,53,0,7,29,2013,0,0.0,8,,,,,,1,1,54,2,0.0,,0,0,3,0,11,0,,,,,0.0,0.0,0.0,3.0,1,0,0.0,0.0,0.0,96,,,,,,0,,,,,,98951,53,61.0,170.0,6.0,1.0,0.0,0.0,0.0,0.0,,0,,,,,,0,,,20,0,0,0,8.0,9,8,,,0,0.0,0.0,8,0,8.0,95.0,,,96.0,,,8,95,995.0,,,,,,,,,,,,,,,,,,,,,,,,,,,,,,0,0,0,1,0,0,0,0,0,1,1,1,0,0,0,0,0,0,0,0,0,0,0,0,0,1,1,1,0,1,0,1,0,0,0,,0,0,0,0,0,0,0,0,0,0,0,0,0,0,0,0,,,,,,51-55,46-55,US highway,U,Friday,Belt Used,PV,Not Fatal,1,0,0,0,State Route,State Patrol,Washington State Patrol,0,1,0,0,0,,,,,,0.0,0.0,0.0,,,,,,,,,,,98.0,98.0,98.0,0.0,,,,,20.0,7.0,,,,,,,,,,,,,,,,98951,Wapato,Wapato
1698,1731,1731,2019,99,E908698,1.0,2019-04-05,23:35,5,4,,77,Yakima,0,1,0.0,3,1,2,1,1,8,4,,,,8,0,0,67.4,2,0,2,4,2,1,2,0,3,3,3,US-97,S WAPATO RD,-120.4174583,46.432697222,0,4,98,80,5,55,34,0,0,1,5,8,1,1,5,1,1,2,1,53,0,12,481,1999,0,0.0,8,,,,,,1,1,51,2,0.0,,0,0,3,0,11,0,,,,,0.0,0.0,3.0,3.0,1,0,0.0,0.0,0.0,96,,,,,,0,,,,,,98908,53,67.0,170.0,6.0,1.0,0.0,0.0,0.0,0.0,,0,,,,,,0,,,20,0,0,0,8.0,9,8,,,0,0.0,0.0,8,0,8.0,95.0,,,96.0,,,8,95,995.0,,,,,,,,,,,,,,,,,,,,,,,,,,,,,,0,0,0,1,0,0,0,0,0,1,1,1,0,0,0,0,0,0,0,0,0,0,0,0,0,1,1,1,0,1,0,1,0,0,0,,0,0,0,0,0,0,0,0,0,0,0,0,0,0,0,0,,,,,,51-55,46-55,US highway,U,Friday,Belt Used,PV,Not Fatal,1,0,0,0,State Route,State Patrol,Washington State Patrol,0,1,0,0,0,,,,,,0.0,0.0,0.0,,,,,,,,,,,0.0,0.0,0.0,0.0,,,,,20.0,7.0,,,,,,,,,,,,,,,,98951,Yakima,Wapato
1699,1732,1732,2019,100,E908443,3.0,2019-03-29,12:34,29,3,,53,Pierce,2230,1,0.0,1,1,1,1,0,2,2,,,,12,0,1,132.8,1,0,1,1,2,1,1,0,0,0,0,I-5,,-122.4521861,47.230311111,0,1,29,53,3,60,80,0,0,1,2,12,1,1,3,3,2,1,1,53,0,72,706,2006,0,0.0,12,,,,,,1,1,44,1,7.0,,4,7,20,7,11,0,03/29/2019,12:34,223053015128.0,15128.0,0.0,0.0,0.0,3.0,1,26,0.0,0.0,0.0,96,,,,,,0,,,,,,98252,53,72.0,250.0,6.0,1.0,0.0,1.0,0.0,0.0,,0,,,,,,4,11/15/2018,11/15/2018,20,8,0,0,0.0,9,8,,,0,0.0,0.0,8,0,2.0,1.0,,,1.0,,,2,1,0.0,,,,,,,,,,,,,,,,,,,,,,,,,,,,,,0,0,0,0,0,0,0,0,0,0,0,0,1,0,0,0,0,0,0,0,0,0,0,0,0,0,0,0,1,1,0,0,0,0,1,0.0,0,0,0,0,0,0,0,0,0,1,0,0,0,0,0,0,,,,,,41-45,36-45,Interstate,U,Friday,,MC,White,0,0,0,0,State Route,State Patrol,Washington State Patrol,0,1,0,0,0,,,,,,0.0,0.0,0.0,,,,,,,,,,,0.0,0.0,0.0,1.0,,,,,5.0,0.0,,,,,,,,,,,,,,,,98418,Granite Falls,Tacoma
1700,1733,1733,2019,100,E908443,3.0,2019-03-29,12:34,29,3,,53,Pierce,2230,1,0.0,1,1,1,1,0,2,2,,,,12,0,1,132.8,1,0,1,1,2,1,1,0,0,0,0,I-5,,-122.4521861,47.230311111,0,2,28,52,3,60,4,0,0,1,5,12,1,1,3,3,2,1,1,53,0,55,35,2008,0,0.0,12,,,,,,1,1,28,2,0.0,,0,0,3,0,11,0,,,,,0.0,0.0,0.0,3.0,1,0,0.0,0.0,0.0,96,,,,,,0,,,,,,98107,53,64.0,135.0,6.0,1.0,0.0,0.0,0.0,0.0,,97,,,,,,0,,,20,0,0,0,8.0,9,8,,,0,0.0,0.0,8,0,8.0,95.0,,,96.0,,,8,95,995.0,,,,,,,,,,,,,,,,,,,,,,,,,,,,,,0,0,0,0,0,0,0,0,0,0,0,0,1,0,0,0,0,0,0,0,0,0,0,0,0,0,0,0,1,1,0,0,0,0,0,,0,0,0,0,0,0,0,0,0,0,0,0,0,0,0,0,,,,,,26-30,26-35,Interstate,U,Friday,Belt Used,PV,Not Fatal,0,0,0,0,State Route,State Patrol,Washington State Patrol,0,1,0,0,0,,,,,,0.0,0.0,0.0,,,,,,,,,,,98.0,98.0,98.0,0.0,,,,,20.0,7.0,,,,,,,,,,,,,,,,98418,Seattle,Tacoma