,index,Unnamed: 0,year,case,par,repjur,crash_dt,crash_tm,accday,accmon,holiday,county,co_char,city,weather,weather2,lightcond,surfcond,surftype,numfatal,nmforms,pforms,vforms,not_tm,arr_tm,hosp_tm,fhevent,hitrun,manncol,milepnt,reljunc,reljuncinter,intersectiontype,funcsystem,landuse,ownership,route,schlbus,spejur,contdev,devfunc,trafid1,trafid2,lon,lat,wk_zone,vnumber,crashtype,criticalevent,criticaleventcat,spdlim,body,trailer,emerg,hazcargo,leave,mhevent,roadalgn,roadprof,traflane,trafflow,vehmanvr,numoccs,regowner,regstate,spuse,make,model,modelyr,vrf1,vrf2,seqevent1,seqevent2,seqevent3,seqevent4,seqevent5,seqevent6,pnumber,ptype,age,sex,hispanic,race,injury,diedscene,restraint,restraintmisuse,seatpos,takehosp,death_dt,death_tm,cert,cernum_wa,commlic,licendor,licrestrict,liccomp,drivpres,drf1,drf2,drf3,drf4,distract1,distract2,distract3,distract4,distract5,distract6,dricond1,dricond2,dricond3,dricond4,dricond5,dricond6,dzip,licstate,drhgt_in,weight,noncdl,noncdltype,prevdwi,prevoth,prevacc,prevspd,prevsus,driviol1,driviol2,driviol3,driviol4,driviol5,driviol6,spdrel,first_dt,last_dt,airbag,ejection,ejectpath,extricat,injurwrk,methalc,methdrug,nmlocat,strikveh,prf1,prf2,prf3,druginv,alcinvol,drugsts,drugres1,drugres2,drugres3,drugtst1,drugtst2,drugtst3,alcsts,alctst,alcres,nmact1,nmact2,nmact3,nmact4,nmact5,nmact6,nmprior1,nmprior2,nmprior3,nmprior4,nmprior5,nmprior6,nmcond1,nmcond2,nmcond3,nmcond4,nmcond5,nmcond6,nmsafe_helmet,nmsafe_pads,nmsafe_oth,nmprev_ref,nmprev_lgt,nmprev_oth,crashlocation,nmcrashtype,crosswalk,schoolzone,sidewalk,train_inv,wildlife_inv,rotr_fars,intersect_fars,dd_inv,aid_inv,dpd_inv,id_inv,mj_inv,impnm_inv,ainm_inv,dpnm_inv,speed_inv,unlic_inv,unendmc_inv,drowsy_inv,drdist_inv,nmdist_inv,fty_inv,unrestfat_inv,dr1617_inv,dr1820_inv,dr1620_inv,dr2125_inv,dr1625_inv,dr65_inv,dr70_inv,dr75_inv,mc_inv,pv_inv,ht_inv,ped_inv,bike_inv,unrest_fat,mc_fat,unhelmet_mc,pv_fat,ht_fat,ped_fat,bike_fat,dr_alc7,dr_alc8,dr_drug,dr_imp,dr_dist,dr_spd,dr_fty,dr_unlic,dr_alc7only,dr_alc8only,dr_drugonly,dr_drink,nm_imp,nm_alc7,nm_alc8,nm_drug,nm_dist,agegrp1,agegrp2,roadclass,urbrur,dayweek,restuse,vehtype,race_me,intersect,lanedep,oppdir,wrongway,rep_typ,investag,repag_long,rotr,st_rd,cty_rd,city_rd,oth_rd,drug_thc,thc_res,drug_cthc,cthc_res,drug_cann,prevpersemin,prevperse,prevsusoth,drugtst4,drugtst5,drugtst6,drugtst7,drugtst8,drugres4,drugres5,drugres6,drugres7,drugres8,adspresent,adsengaged,adslevel,race1,race2,race3,race4,race5,helmet,helmetmisuse,nmdistract1,nmdistract2,nmdistract3,nmdistract4,nmdistract5,nmdistract6,lab,isedtcase,crf1,crf2,crf3,CoRoadName,CoMP,IntCoRoadName,IntCoMP,crashzip,dcity,crashcity
1701,1734,1734,2019,101,E886959,3.0,2019-01-27,17:35,27,1,,67,Thurston,0,1,0.0,2,1,2,1,1,3,1,,,,8,1,0,357.5,1,0,1,3,1,1,2,0,0,0,0,US-101,,-123.0362417,47.085152778,0,1,13,80,5,60,20,0,0,1,7,8,3,1,2,3,14,3,2,53,0,9,442,1998,0,0.0,8,,,,,,1,1,51,1,0.0,,0,0,99,7,11,0,,,,,0.0,0.0,0.0,2.0,1,91,0.0,0.0,0.0,96,,,,,,99,,,,,,98584,53,72.0,195.0,1.0,1.0,0.0,1.0,0.0,0.0,,1,,,,,,0,02/15/2016,06/15/2018,20,0,0,0,8.0,9,8,,,0,0.0,0.0,8,9,8.0,95.0,,,96.0,,,8,95,995.0,,,,,,,,,,,,,,,,,,,,,,,,,,,,,,0,0,0,0,0,0,0,0,0,0,0,0,0,1,0,0,0,0,0,0,0,0,0,0,0,0,0,0,0,1,0,1,0,0,0,,0,0,0,0,0,0,0,0,0,0,0,1,0,0,0,0,,,,,,51-55,46-55,US highway,R,Sunday,Unknown,PV,Not Fatal,0,0,0,0,State Route,State Patrol,Washington State Patrol,0,1,0,0,0,,,,,,0.0,0.0,5.0,,,,,,,,,,,0.0,0.0,0.0,0.0,,,,,20.0,7.0,,,,,,,,,,,,,,,,98502,Shelton,Olympia
1702,1735,1735,2019,102,E909663,5.0,2019-03-27,20:25,27,3,,11,Clark,0,10,0.0,2,2,2,1,1,1,1,,,,8,0,0,9.0,1,0,1,3,2,1,3,0,0,0,0,SR-500,,-122.5114139,45.682852778,0,1,13,80,5,40,34,0,0,1,7,8,3,1,4,1,14,1,1,53,0,7,482,2014,0,0.0,8,,,,,,1,1,47,1,0.0,,0,0,3,0,11,0,,,,,0.0,0.0,0.0,3.0,1,0,0.0,0.0,0.0,96,,,,,,0,,,,,,98606,53,69.0,160.0,6.0,1.0,0.0,0.0,0.0,1.0,,0,,,,,,0,03/15/2016,03/15/2016,20,0,0,0,8.0,9,8,,,0,0.0,0.0,8,0,2.0,1.0,,,1.0,,,2,1,0.0,,,,,,,,,,,,,,,,,,,,,,,,,,,,,,0,0,0,0,0,0,0,0,0,1,1,1,0,0,0,0,0,0,0,0,0,0,0,0,0,0,0,0,0,1,0,1,0,0,0,,0,0,0,0,0,0,0,0,0,0,0,0,0,0,0,0,,,,,,46-50,46-55,State route,U,Wednesday,Belt Used,PV,Not Fatal,0,0,0,0,State Route,State Patrol,Washington State Patrol,0,1,0,0,0,,,,,,0.0,0.0,0.0,,,,,,,,,,,98.0,98.0,98.0,0.0,,,,,20.0,7.0,,,,,,,,,,,,,,,,98682,Brush Prairie,Vancouver
1703,1736,1736,2019,103,E909777,35.0,2019-04-09,12:21,9,4,,53,Pierce,0,1,0.0,1,1,2,2,0,2,1,,,,42,0,0,1.4,1,0,1,5,1,2,4,0,0,0,0,CR-NISQUALLY RD,,-122.6830361,47.077266667,0,1,1,13,2,45,14,0,0,1,7,42,1,1,2,1,1,2,1,53,0,34,402,2014,0,0.0,63,42.0,,,,,1,1,77,2,7.0,,4,7,3,0,11,0,04/09/2019,12:21,53016662.0,16662.0,0.0,0.0,0.0,3.0,1,0,0.0,0.0,0.0,96,,,,,,1,,,,,,98032,53,63.0,150.0,6.0,1.0,0.0,0.0,0.0,0.0,,0,,,,,,0,,,1,0,0,0,0.0,9,8,,,0,0.0,0.0,8,9,2.0,1.0,,,1.0,,,2,1,0.0,,,,,,,,,,,,,,,,,,,,,,,,,,,,,,0,0,1,0,0,0,0,0,0,0,0,0,0,0,0,0,0,0,0,0,0,0,0,0,0,1,1,1,0,1,0,0,0,0,0,,1,0,0,0,0,0,0,0,0,0,0,0,0,0,0,0,,,,,,76-80,76+,County road,R,Tuesday,Belt Used,PV,White,0,1,0,0,County Road,County Sheriff,Law Enforcement Support Agency,1,0,1,0,0,,,,,,0.0,0.0,0.0,,,,,,,,,,,98.0,98.0,98.0,1.0,,,,,20.0,7.0,,,,,,,,,,,,,,,,98433,Kent,Tacoma
1704,1737,1737,2019,104,E910021,5.0,2019-03-15,13:36,15,3,,15,Cowlitz,0,1,0.0,1,1,2,2,0,3,2,,,,12,0,2,50.5,1,0,1,4,1,1,3,0,0,0,0,SR-503,,-122.7019583,45.938422222,0,1,50,10,2,50,4,0,0,1,7,12,1,1,2,1,1,2,1,53,0,63,31,1999,0,0.0,68,12.0,,,,,1,1,75,1,7.0,,4,7,3,0,11,0,03/15/2019,13:36,53013146.0,13146.0,0.0,0.0,0.0,3.0,1,28,0.0,0.0,0.0,0,,,,,,1,,,,,,98603,53,67.0,125.0,6.0,1.0,0.0,0.0,0.0,0.0,,0,,,,,,0,,,20,0,0,0,0.0,9,8,,,0,0.0,0.0,8,9,2.0,177.0,,,1.0,,,2,1,0.0,,,,,,,,,,,,,,,,,,,,,,,,,,,,,,0,0,0,0,0,0,1,1,0,0,0,0,0,0,0,0,0,0,0,0,0,0,0,0,0,1,1,1,0,1,0,0,0,0,0,,1,0,0,0,0,0,1,1,0,0,0,0,0,0,1,0,,,,,,71-75,66-75,State route,R,Friday,Belt Used,PV,White,0,1,1,0,State Route,State Patrol,Washington State Patrol,0,1,0,0,0,,,,,,0.0,0.0,0.0,,,,,,,,,,,0.0,0.0,0.0,1.0,,,,,20.0,7.0,,,,,,,,,,,,,,,,98674,Ariel,Woodland
1705,1738,1738,2019,104,E910021,5.0,2019-03-15,13:36,15,3,,15,Cowlitz,0,1,0.0,1,1,2,2,0,3,2,,,,12,0,2,50.5,1,0,1,4,1,1,3,0,0,0,0,SR-503,,-122.7019583,45.938422222,0,2,51,62,4,50,2,0,0,1,7,12,1,1,2,1,1,1,1,53,0,34,39,1998,0,0.0,12,,,,,,1,1,60,1,0.0,,3,0,3,0,11,8,,,,,0.0,0.0,0.0,3.0,1,0,0.0,0.0,0.0,96,,,,,,0,,,,,,98674,53,76.0,275.0,6.0,1.0,0.0,0.0,0.0,0.0,,0,,,,,,0,,,1,0,0,0,8.0,9,2,,,0,0.0,0.0,0,0,8.0,95.0,,,96.0,,,8,95,995.0,,,,,,,,,,,,,,,,,,,,,,,,,,,,,,0,0,0,0,0,0,1,1,0,0,0,0,0,0,0,0,0,0,0,0,0,0,0,0,0,1,1,1,0,1,0,0,0,0,0,,0,0,0,0,0,0,0,0,0,0,0,0,0,0,0,0,,,,,,56-60,56-65,State route,R,Friday,Belt Used,PV,Not Fatal,0,1,1,0,State Route,State Patrol,Washington State Patrol,0,1,0,0,0,,,,,,0.0,0.0,0.0,,,,,,,,,,,0.0,0.0,0.0,0.0,,,,,20.0,7.0,,,,,,,,,,,,,,,,98674,Woodland,Woodland
1706,1739,1739,2019,105,E910563,146.0,2019-03-15,16:50,15,3,,77,Yakima,0,1,0.0,1,1,2,1,0,2,2,,,,12,0,6,8.0,2,0,2,7,1,2,4,0,3,20,3,CR-HARRAH RD,PROGRESSIVE RD,-120.5441139,46.419036111,0,1,88,17,2,50,4,0,0,1,7,12,1,1,2,1,1,1,1,53,0,54,35,2013,0,0.0,12,,,,,,1,1,40,1,0.0,,3,0,3,0,11,8,,,,,0.0,0.0,3.0,3.0,1,39,0.0,0.0,0.0,96,,,,,,0,,,,,,98901,53,76.0,230.0,6.0,1.0,0.0,0.0,1.0,2.0,,97,,,,,,3,02/15/2017,01/15/2019,1,0,0,0,8.0,9,8,,,0,0.0,0.0,8,0,8.0,95.0,,,96.0,,,8,95,995.0,,,,,,,,,,,,,,,,,,,,,,,,,,,,,,0,0,0,1,0,0,0,0,0,0,0,0,1,0,0,0,0,0,0,0,0,0,0,0,0,0,0,0,0,1,0,0,0,0,0,,0,0,0,0,0,0,0,0,0,1,0,0,0,0,0,0,,,,,,36-40,36-45,County road,R,Friday,Belt Used,PV,Not Fatal,1,0,0,0,County Road,County Sheriff,Yakima County Sheriff's Office,0,0,1,0,0,,,,,,0.0,0.0,1.0,,,,,,,,,,,98.0,98.0,98.0,0.0,,,,,20.0,7.0,,,,,,,,,,,,,,,,98951,Yakima,Wapato
1707,1740,1740,2019,105,E910563,146.0,2019-03-15,16:50,15,3,,77,Yakima,0,1,0.0,1,1,2,1,0,2,2,,,,12,0,6,8.0,2,0,2,7,1,2,4,0,3,0,0,CR-HARRAH RD,PROGRESSIVE RD,-120.5441139,46.419036111,0,2,89,66,4,50,6,0,0,1,7,12,1,1,2,1,1,1,1,53,0,48,34,1994,0,0.0,12,63.0,30.0,19.0,,,1,1,54,1,7.0,,4,7,3,0,11,0,03/15/2019,16:50,53012687.0,12687.0,0.0,0.0,0.0,3.0,1,0,0.0,0.0,0.0,96,,,,,,0,,,,,,98951,53,69.0,210.0,6.0,1.0,0.0,0.0,0.0,0.0,,0,,,,,,0,,,20,1,9,0,0.0,9,8,,,0,0.0,0.0,8,0,2.0,1.0,,,1.0,,,2,1,0.0,,,,,,,,,,,,,,,,,,,,,,,,,,,,,,0,0,0,1,0,0,0,0,0,0,0,0,1,0,0,0,0,0,0,0,0,0,0,0,0,0,0,0,0,1,0,0,0,0,0,,1,0,0,0,0,0,0,0,0,0,0,0,0,0,0,0,,,,,,51-55,46-55,County road,R,Friday,Belt Used,PV,White,1,0,0,0,County Road,County Sheriff,Yakima County Sheriff's Office,0,0,1,0,0,,,,,,0.0,0.0,0.0,,,,,,,,,,,0.0,0.0,0.0,1.0,,,,,20.0,7.0,,,,,,,,,,,,,,,,98951,Wapato,Wapato
1708,1741,1741,2019,106,3810331,263.0,2019-02-22,19:13,22,2,,33,King,1960,10,0.0,3,1,2,1,1,3,2,,,,8,0,0,1.1,1,0,1,3,2,1,3,0,0,0,0,SR-522,,-122.3076083,47.690708333,0,1,13,80,5,35,2,0,0,1,3,8,1,1,2,2,1,2,1,53,0,58,31,1991,0,0.0,8,,,,,,1,1,75,1,0.0,,1,0,99,7,11,8,,,,,0.0,0.0,0.0,3.0,1,0,0.0,0.0,0.0,96,,,,,,0,,,,,,98125,53,72.0,174.0,6.0,1.0,0.0,0.0,0.0,0.0,,0,,,,,,0,,,20,0,0,0,8.0,9,2,,,0,0.0,0.0,0,0,8.0,95.0,,,96.0,,,8,95,995.0,,,,,,,,,,,,,,,,,,,,,,,,,,,,,,0,0,0,0,0,0,0,0,0,1,1,0,0,0,0,0,0,1,0,0,0,0,0,0,0,1,1,1,0,1,0,1,0,0,0,,0,0,0,0,0,0,0,0,0,0,0,0,0,0,0,0,,,,,,71-75,66-75,State route,U,Friday,Unknown,PV,Not Fatal,0,0,0,0,State Route,Municipal/City Police,Seattle Police Department,0,1,0,0,0,,,,,,0.0,0.0,0.0,,,,,,,,,,,0.0,0.0,0.0,0.0,,,,,20.0,7.0,,,,,,,,,,,,,,,,98115,Seattle,Seattle
1709,1742,1742,2019,106,3810331,263.0,2019-02-22,19:13,22,2,,33,King,1960,10,0.0,3,1,2,1,1,3,2,,,,8,0,0,1.1,1,0,1,3,2,1,3,0,0,0,0,SR-522,,-122.3076083,47.690708333,0,2,98,80,5,35,4,0,0,1,3,8,1,1,2,2,1,1,2,53,0,41,35,1998,0,0.0,8,,,,,,1,1,54,2,0.0,,1,0,99,7,11,8,,,,,0.0,0.0,0.0,3.0,1,0,0.0,0.0,0.0,96,,,,,,0,,,,,,98121,53,61.0,125.0,6.0,1.0,0.0,1.0,1.0,0.0,,0,,,,,,0,11/15/2017,11/15/2017,20,0,0,0,8.0,9,2,,,0,0.0,0.0,0,0,8.0,95.0,,,96.0,,,8,95,995.0,,,,,,,,,,,,,,,,,,,,,,,,,,,,,,0,0,0,0,0,0,0,0,0,1,1,0,0,0,0,0,0,1,0,0,0,0,0,0,0,1,1,1,0,1,0,1,0,0,0,,0,0,0,0,0,0,0,0,0,0,0,0,0,0,0,0,,,,,,51-55,46-55,State route,U,Friday,Unknown,PV,Not Fatal,0,0,0,0,State Route,Municipal/City Police,Seattle Police Department,0,1,0,0,0,,,,,,0.0,0.0,0.0,,,,,,,,,,,0.0,0.0,0.0,0.0,,,,,20.0,7.0,,,,,,,,,,,,,,,,98115,Seattle,Seattle
1710,1743,1743,2019,107,E911226,42.0,2019-04-15,14:02,15,4,,67,Thurston,0,1,0.0,1,1,7,2,0,3,2,,,,12,0,2,5.7,1,0,1,5,1,2,4,0,0,0,0,CR-RAINIER RD SE,,-122.7699444,46.945541667,0,1,50,10,2,50,4,0,0,1,5,12,2,1,2,1,6,1,2,53,0,12,37,2005,0,0.0,63,69.0,68.0,12.0,,,1,1,37,1,7.0,,4,7,3,0,11,0,04/15/2019,14:02,53017424.0,17424.0,0.0,0.0,0.0,3.0,1,33,28.0,0.0,0.0,96,,,,,,99,,,,,,98576,53,72.0,200.0,6.0,1.0,0.0,0.0,1.0,0.0,,0,,,,,,0,06/15/2018,06/15/2018,8,0,0,0,0.0,9,8,,,0,0.0,0.0,8,9,8.0,95.0,,,96.0,,,8,95,995.0,,,,,,,,,,,,,,,,,,,,,,,,,,,,,,0,0,0,0,0,0,0,0,0,0,0,0,0,0,0,0,0,0,0,0,0,0,0,0,0,0,0,0,0,1,0,0,0,0,0,,1,0,0,0,0,0,0,0,0,0,0,0,0,0,0,0,,,,,,36-40,36-45,County road,R,Monday,Belt Used,PV,White,0,1,1,0,County Road,County Sheriff,Thurston County Sheriff's Office,0,0,1,0,0,,,,,,0.0,0.0,0.0,,,,,,,,,,,98.0,98.0,98.0,1.0,,,,,20.0,7.0,,,,,,,,,,,,,,,,98576,Rainier,Rainier
1711,1744,1744,2019,107,E911226,42.0,2019-04-15,14:02,15,4,,67,Thurston,0,1,0.0,1,1,7,2,0,3,2,,,,12,0,2,5.7,1,0,1,5,1,2,4,0,0,0,0,CR-RAINIER RD SE,,-122.7699444,46.945541667,0,2,51,62,4,50,4,0,0,1,5,12,3,1,2,1,14,2,1,53,0,30,40,2003,0,0.0,12,,,,,,1,1,37,1,7.0,,4,7,3,0,11,0,04/15/2019,14:02,53017906.0,17906.0,0.0,0.0,0.0,3.0,1,0,0.0,0.0,0.0,96,,,,,,99,,,,,,98597,53,71.0,215.0,6.0,1.0,0.0,0.0,0.0,0.0,,0,,,,,,0,,,8,0,0,0,0.0,9,8,,,0,0.0,0.0,8,9,8.0,95.0,,,96.0,,,8,95,995.0,,,,,,,,,,,,,,,,,,,,,,,,,,,,,,0,0,0,0,0,0,0,0,0,0,0,0,0,0,0,0,0,0,0,0,0,0,0,0,0,0,0,0,0,1,0,0,0,0,0,,1,0,0,0,0,0,0,0,0,0,0,0,0,0,0,0,,,,,,36-40,36-45,County road,R,Monday,Belt Used,PV,White,0,1,1,0,County Road,County Sheriff,Thurston County Sheriff's Office,0,0,1,0,0,,,,,,0.0,0.0,0.0,,,,,,,,,,,98.0,98.0,98.0,1.0,,,,,20.0,7.0,,,,,,,,,,,,,,,,98576,Yelm,Rainier
1712,1745,1745,2019,108,E899539,290.0,2019-03-05,16:52,5,3,,53,Pierce,2230,1,0.0,1,1,1,1,0,2,2,,,,12,0,6,0.0,2,0,2,7,2,4,6,0,0,0,0,S ASOTIN ST,S 49TH ST,-122.4564056,47.212997222,0,1,87,17,2,25,2,0,0,1,5,12,1,1,2,1,1,1,2,53,0,12,3,2010,0,0.0,12,,,,,,1,1,32,1,0.0,,0,0,3,0,11,0,,,,,0.0,0.0,3.0,3.0,1,38,0.0,0.0,0.0,93,,,,,,0,,,,,,98408,53,65.0,145.0,6.0,1.0,0.0,0.0,0.0,0.0,,46,,,,,,0,,,20,0,0,0,8.0,9,8,,,0,0.0,0.0,8,0,8.0,95.0,,,96.0,,,8,95,995.0,,,,,,,,,,,,,,,,,,,,,,,,,,,,,,0,0,0,1,0,0,0,0,0,0,0,0,0,0,0,0,1,0,1,0,0,0,0,0,0,1,1,1,0,1,0,0,0,0,0,,0,0,0,0,0,0,0,0,1,0,1,0,0,0,0,0,,,,,,31-35,26-35,City street,U,Tuesday,Belt Used,PV,Not Fatal,1,0,0,0,City Street,Municipal/City Police,Tacoma Police Department,0,0,0,1,0,,,,,,0.0,0.0,0.0,,,,,,,,,,,98.0,98.0,98.0,0.0,,,,,20.0,7.0,,,,,,,,,,,,,,,,98408,Tacoma,Tacoma
1713,1746,1746,2019,108,E899539,290.0,2019-03-05,16:52,5,3,,53,Pierce,2230,1,0.0,1,1,1,1,0,2,2,,,,12,0,6,0.0,2,0,2,7,2,4,6,0,0,0,0,S ASOTIN ST,S 49TH ST,-122.4564056,47.212997222,0,2,86,66,4,25,6,0,0,1,5,12,1,1,2,1,1,1,2,53,0,6,52,2002,0,0.0,12,,,,,,1,1,76,2,7.0,,4,0,3,0,11,6,03/07/2019,14:06,223053011510.0,11510.0,0.0,0.0,3.0,3.0,1,0,0.0,0.0,0.0,96,,,,,,0,,,,,,98408,53,64.0,170.0,6.0,1.0,0.0,0.0,0.0,0.0,,0,,,,,,0,,,1,0,0,0,0.0,9,8,,,0,0.0,0.0,8,0,8.0,95.0,,,96.0,,,8,95,995.0,,,,,,,,,,,,,,,,,,,,,,,,,,,,,,0,0,0,1,0,0,0,0,0,0,0,0,0,0,0,0,1,0,1,0,0,0,0,0,0,1,1,1,0,1,0,0,0,0,0,,1,0,0,0,0,0,0,0,0,0,0,0,0,0,0,0,,,,,,76-80,76+,City street,U,Tuesday,Belt Used,PV,White,1,0,0,0,City Street,Municipal/City Police,Tacoma Police Department,0,0,0,1,0,,,,,,0.0,0.0,0.0,,,,,,,,,,,98.0,98.0,98.0,1.0,,,,,20.0,7.0,,,,,,,,,,,,,,,,98408,Tacoma,Tacoma
1714,1747,1747,2019,109,E912871,6.0,2019-03-22,15:54,22,3,,25,Grant,0,1,0.0,1,1,2,1,0,4,4,,,,12,0,2,53.0,1,0,1,3,1,1,3,0,0,0,0,SR-17,,-119.3635556,47.199263889,0,1,50,10,2,60,4,0,0,1,7,12,1,1,2,1,1,1,1,53,0,63,34,2013,0,0.0,68,12.0,12.0,12.0,,,1,1,50,1,7.0,,4,7,3,0,11,0,03/22/2019,15:54,53013972.0,13972.0,0.0,0.0,3.0,3.0,1,28,0.0,0.0,0.0,96,,,,,,99,,,,,,98823,53,71.0,250.0,6.0,1.0,0.0,0.0,0.0,0.0,,0,,,,,,0,,,8,0,0,0,0.0,9,8,,,0,0.0,0.0,8,9,8.0,95.0,,,96.0,,,8,95,995.0,,,,,,,,,,,,,,,,,,,,,,,,,,,,,,0,0,0,0,0,0,0,0,0,0,0,0,0,0,0,0,0,0,0,0,0,0,0,0,0,0,0,0,0,1,0,0,0,0,0,,1,0,0,0,0,0,0,0,0,0,0,0,0,0,0,0,,,,,,46-50,46-55,State route,R,Friday,Belt Used,PV,White,0,1,1,0,State Route,State Patrol,Washington State Patrol,0,1,0,0,0,,,,,,0.0,0.0,0.0,,,,,,,,,,,98.0,98.0,98.0,1.0,,,,,20.0,7.0,,,,,,,,,,,,,,,,98837,Ephrata,Moses Lake
1715,1748,1748,2019,109,E912871,6.0,2019-03-22,15:54,22,3,,25,Grant,0,1,0.0,1,1,2,1,0,4,4,,,,12,0,2,53.0,1,0,1,3,1,1,3,0,0,0,0,SR-17,,-119.3635556,47.199263889,0,2,51,62,4,60,34,0,0,1,7,12,1,1,2,1,1,1,1,53,0,20,481,2013,0,0.0,12,,,,,,1,1,31,1,0.0,,0,0,3,0,11,0,,,,,0.0,0.0,0.0,3.0,1,0,0.0,0.0,0.0,96,,,,,,0,,,,,,98823,53,75.0,225.0,6.0,1.0,0.0,0.0,0.0,0.0,,0,,,,,,0,,,20,0,0,0,8.0,9,8,,,0,0.0,0.0,8,0,8.0,95.0,,,96.0,,,8,95,995.0,,,,,,,,,,,,,,,,,,,,,,,,,,,,,,0,0,0,0,0,0,0,0,0,0,0,0,0,0,0,0,0,0,0,0,0,0,0,0,0,0,0,0,0,1,0,0,0,0,0,,0,0,0,0,0,0,0,0,0,0,0,0,0,0,0,0,,,,,,31-35,26-35,State route,R,Friday,Belt Used,PV,Not Fatal,0,1,1,0,State Route,State Patrol,Washington State Patrol,0,1,0,0,0,,,,,,0.0,0.0,0.0,,,,,,,,,,,98.0,98.0,98.0,0.0,,,,,20.0,7.0,,,,,,,,,,,,,,,,98837,Ephrata,Moses Lake
1716,1749,1749,2019,109,E912871,6.0,2019-03-22,15:54,22,3,,25,Grant,0,1,0.0,1,1,2,1,0,4,4,,,,12,0,2,53.0,1,0,1,3,1,1,3,0,0,0,0,SR-17,,-119.3635556,47.199263889,0,3,98,62,4,60,6,0,0,1,7,12,1,1,2,1,1,1,1,53,0,6,52,2004,0,0.0,12,1.0,,,,,1,1,38,1,0.0,,3,0,3,0,11,1,,,,,0.0,0.0,0.0,3.0,1,0,0.0,0.0,0.0,96,,,,,,0,,,,,,98823,53,68.0,170.0,6.0,1.0,0.0,0.0,0.0,0.0,,0,,,,,,0,,,8,0,0,0,8.0,9,8,,,0,0.0,0.0,8,0,8.0,95.0,,,96.0,,,8,95,995.0,,,,,,,,,,,,,,,,,,,,,,,,,,,,,,0,0,0,0,0,0,0,0,0,0,0,0,0,0,0,0,0,0,0,0,0,0,0,0,0,0,0,0,0,1,0,0,0,0,0,,0,0,0,0,0,0,0,0,0,0,0,0,0,0,0,0,,,,,,36-40,36-45,State route,R,Friday,Belt Used,PV,Not Fatal,0,1,1,0,State Route,State Patrol,Washington State Patrol,0,1,0,0,0,,,,,,0.0,0.0,0.0,,,,,,,,,,,98.0,98.0,98.0,0.0,,,,,20.0,7.0,,,,,,,,,,,,,,,,98837,Ephrata,Moses Lake
1717,1750,1750,2019,109,E912871,6.0,2019-03-22,15:54,22,3,,25,Grant,0,1,0.0,1,1,2,1,0,4,4,,,,12,0,2,53.0,1,0,1,3,1,1,3,0,0,0,0,SR-17,,-119.3635556,47.199263889,0,4,98,62,4,60,4,0,0,1,7,12,1,1,2,1,1,1,1,53,0,9,20,2001,0,0.0,12,,,,,,1,1,29,1,0.0,,0,0,3,0,11,0,,,,,0.0,0.0,0.0,3.0,1,0,0.0,0.0,0.0,96,,,,,,0,,,,,,98837,53,70.0,260.0,6.0,1.0,0.0,1.0,1.0,0.0,,0,,,,,,0,09/15/2014,01/15/2017,20,0,0,0,8.0,9,8,,,0,0.0,0.0,8,0,8.0,95.0,,,96.0,,,8,95,995.0,,,,,,,,,,,,,,,,,,,,,,,,,,,,,,0,0,0,0,0,0,0,0,0,0,0,0,0,0,0,0,0,0,0,0,0,0,0,0,0,0,0,0,0,1,0,0,0,0,0,,0,0,0,0,0,0,0,0,0,0,0,0,0,0,0,0,,,,,,26-30,26-35,State route,R,Friday,Belt Used,PV,Not Fatal,0,1,1,0,State Route,State Patrol,Washington State Patrol,0,1,0,0,0,,,,,,0.0,0.0,0.0,,,,,,,,,,,98.0,98.0,98.0,0.0,,,,,20.0,7.0,,,,,,,,,,,,,,,,98837,Moses Lake,Moses Lake
1718,1751,1751,2019,110,E912921,6.0,2019-04-15,14:17,15,4,,17,Douglas,0,1,0.0,1,1,2,1,0,2,1,,,,1,0,0,1.5,1,0,1,4,1,1,3,0,0,0,0,SR-174,,-119.3601083,47.933769444,0,1,7,13,2,60,20,0,0,1,7,1,2,1,2,1,14,2,1,53,0,49,442,2012,0,0.0,63,69.0,68.0,64.0,1.0,,1,1,80,1,0.0,,3,0,99,7,11,8,,,,,0.0,0.0,3.0,3.0,1,58,0.0,0.0,0.0,93,,,,,,0,,,,,,98841,53,68.0,204.0,6.0,1.0,0.0,0.0,0.0,0.0,,0,,,,,,0,,,20,0,0,0,8.0,9,2,,,0,0.0,0.0,0,0,8.0,95.0,,,96.0,,,8,95,995.0,,,,,,,,,,,,,,,,,,,,,,,,,,,,,,0,0,0,0,0,0,0,0,0,0,0,0,0,0,0,0,1,0,0,0,0,0,0,0,0,1,1,1,0,1,0,0,0,0,0,,0,0,0,0,0,0,0,0,1,0,0,0,0,0,0,0,,,,,,76-80,76+,State route,R,Monday,Unknown,PV,Not Fatal,0,1,0,0,State Route,State Patrol,Washington State Patrol Headquarter,1,1,0,0,0,,,,,,0.0,0.0,0.0,,,,,,,,,,,98.0,98.0,98.0,0.0,,,,,20.0,7.0,,,,,,,,,,,,,,,,99133,Omak,Grand Coulee