,index,Unnamed: 0,year,case,par,repjur,crash_dt,crash_tm,accday,accmon,holiday,county,co_char,city,weather,weather2,lightcond,surfcond,surftype,numfatal,nmforms,pforms,vforms,not_tm,arr_tm,hosp_tm,fhevent,hitrun,manncol,milepnt,reljunc,reljuncinter,intersectiontype,funcsystem,landuse,ownership,route,schlbus,spejur,contdev,devfunc,trafid1,trafid2,lon,lat,wk_zone,vnumber,crashtype,criticalevent,criticaleventcat,spdlim,body,trailer,emerg,hazcargo,leave,mhevent,roadalgn,roadprof,traflane,trafflow,vehmanvr,numoccs,regowner,regstate,spuse,make,model,modelyr,vrf1,vrf2,seqevent1,seqevent2,seqevent3,seqevent4,seqevent5,seqevent6,pnumber,ptype,age,sex,hispanic,race,injury,diedscene,restraint,restraintmisuse,seatpos,takehosp,death_dt,death_tm,cert,cernum_wa,commlic,licendor,licrestrict,liccomp,drivpres,drf1,drf2,drf3,drf4,distract1,distract2,distract3,distract4,distract5,distract6,dricond1,dricond2,dricond3,dricond4,dricond5,dricond6,dzip,licstate,drhgt_in,weight,noncdl,noncdltype,prevdwi,prevoth,prevacc,prevspd,prevsus,driviol1,driviol2,driviol3,driviol4,driviol5,driviol6,spdrel,first_dt,last_dt,airbag,ejection,ejectpath,extricat,injurwrk,methalc,methdrug,nmlocat,strikveh,prf1,prf2,prf3,druginv,alcinvol,drugsts,drugres1,drugres2,drugres3,drugtst1,drugtst2,drugtst3,alcsts,alctst,alcres,nmact1,nmact2,nmact3,nmact4,nmact5,nmact6,nmprior1,nmprior2,nmprior3,nmprior4,nmprior5,nmprior6,nmcond1,nmcond2,nmcond3,nmcond4,nmcond5,nmcond6,nmsafe_helmet,nmsafe_pads,nmsafe_oth,nmprev_ref,nmprev_lgt,nmprev_oth,crashlocation,nmcrashtype,crosswalk,schoolzone,sidewalk,train_inv,wildlife_inv,rotr_fars,intersect_fars,dd_inv,aid_inv,dpd_inv,id_inv,mj_inv,impnm_inv,ainm_inv,dpnm_inv,speed_inv,unlic_inv,unendmc_inv,drowsy_inv,drdist_inv,nmdist_inv,fty_inv,unrestfat_inv,dr1617_inv,dr1820_inv,dr1620_inv,dr2125_inv,dr1625_inv,dr65_inv,dr70_inv,dr75_inv,mc_inv,pv_inv,ht_inv,ped_inv,bike_inv,unrest_fat,mc_fat,unhelmet_mc,pv_fat,ht_fat,ped_fat,bike_fat,dr_alc7,dr_alc8,dr_drug,dr_imp,dr_dist,dr_spd,dr_fty,dr_unlic,dr_alc7only,dr_alc8only,dr_drugonly,dr_drink,nm_imp,nm_alc7,nm_alc8,nm_drug,nm_dist,agegrp1,agegrp2,roadclass,urbrur,dayweek,restuse,vehtype,race_me,intersect,lanedep,oppdir,wrongway,rep_typ,investag,repag_long,rotr,st_rd,cty_rd,city_rd,oth_rd,drug_thc,thc_res,drug_cthc,cthc_res,drug_cann,prevpersemin,prevperse,prevsusoth,drugtst4,drugtst5,drugtst6,drugtst7,drugtst8,drugres4,drugres5,drugres6,drugres7,drugres8,adspresent,adsengaged,adslevel,race1,race2,race3,race4,race5,helmet,helmetmisuse,nmdistract1,nmdistract2,nmdistract3,nmdistract4,nmdistract5,nmdistract6,lab,isedtcase,crf1,crf2,crf3,CoRoadName,CoMP,IntCoRoadName,IntCoMP,crashzip,dcity,crashcity
1719,1752,1752,2019,111,E913433,39.0,2019-04-20,3:34,20,4,,61,Snohomish,0,10,0.0,2,0,0,1,0,1,1,,,,42,0,0,0.5,1,0,1,7,1,2,4,0,0,0,0,CR-200TH ST SE,,-122.1647056,47.816011111,0,1,6,12,2,0,4,0,0,1,7,2,0,0,0,0,1,1,3,53,0,35,47,2018,0,0.0,68,64.0,42.0,2.0,,,1,1,37,1,2.0,,4,7,20,7,11,0,04/20/2019,3:34,53018765.0,18765.0,0.0,0.0,0.0,3.0,1,0,0.0,0.0,0.0,92,,,,,,99,,,,,,32542,12,73.0,999.0,6.0,1.0,0.0,0.0,0.0,1.0,,0,,,,,,0,11/15/2015,02/15/2018,99,2,9,0,0.0,9,8,,,0,0.0,0.0,8,9,2.0,401.0,,,1.0,,,2,1,0.19,,,,,,,,,,,,,,,,,,,,,,,,,,,,,,0,0,1,0,1,1,1,1,0,0,0,0,0,0,0,0,1,0,0,1,0,0,0,0,0,0,0,0,0,1,0,0,0,1,0,,1,0,0,0,0,1,1,1,1,0,0,0,0,0,0,1,,,,,,36-40,36-45,County road,R,Saturday,Not Used,PV,Hispanic,0,1,0,0,County Road,County Sheriff,Snohomish County Sheriff's Office,1,0,1,0,0,,,,,,0.0,0.0,1.0,,,,,,,,,,,98.0,98.0,98.0,298.0,,,,,20.0,7.0,,,,,,,,,,,,,,,,98012,Eglin AFB,Bothell
1720,1753,1753,2019,112,E910672,5.0,2019-04-12,15:25,12,4,,41,Lewis,0,2,0.0,1,2,2,1,0,6,4,,,,12,0,6,4.8,1,0,1,5,1,1,3,0,0,0,0,SR-508,,-122.7903667,46.576091667,0,1,98,50,3,55,61,0,0,1,2,12,1,1,2,1,2,1,3,53,0,23,881,2008,0,0.0,12,68.0,12.0,60.0,54.0,,1,1,21,1,0.0,,1,0,3,0,11,8,,,,,6.0,9.0,0.0,3.0,1,28,0.0,0.0,0.0,12,,,,,,0,,,,,,98532,53,71.0,180.0,6.0,1.0,0.0,0.0,0.0,0.0,,69,,,,,,0,,,1,0,0,0,8.0,9,2,,,0,0.0,0.0,0,0,8.0,95.0,,,96.0,,,8,95,995.0,,,,,,,,,,,,,,,,,,,,,,,,,,,,,,0,0,0,0,0,0,0,0,0,0,0,0,0,0,0,0,1,0,0,0,0,0,0,1,1,1,0,0,0,1,1,0,0,0,0,,0,0,0,0,0,0,0,0,1,0,0,0,0,0,0,0,,,,,,21-25,16-25,State route,R,Friday,,MHTRUCK,Not Fatal,0,0,0,0,State Route,State Patrol,Washington State Patrol,0,1,0,0,0,,,,,,0.0,0.0,0.0,,,,,,,,,,,98.0,98.0,98.0,0.0,,,,,20.0,7.0,,,,,,,,,,,,,,,,98532,Chehalis,Chehalis
1721,1754,1754,2019,112,E910672,5.0,2019-04-12,15:25,12,4,,41,Lewis,0,2,0.0,1,2,2,1,0,6,4,,,,12,0,6,4.8,1,0,1,5,1,1,3,0,0,0,0,SR-508,,-122.7903667,46.576091667,0,2,98,53,3,55,16,0,0,1,5,12,1,1,2,1,5,2,2,53,0,20,431,2003,0,0.0,12,,,,,,1,1,21,1,0.0,,0,0,3,0,11,0,,,,,0.0,0.0,0.0,3.0,1,0,0.0,0.0,0.0,0,,,,,,0,,,,,,98532,53,72.0,225.0,6.0,1.0,0.0,1.0,0.0,2.0,,0,,,,,,0,10/15/2015,01/15/2017,20,0,0,0,8.0,9,2,,,0,0.0,0.0,0,0,8.0,95.0,,,96.0,,,8,95,995.0,,,,,,,,,,,,,,,,,,,,,,,,,,,,,,0,0,0,0,0,0,0,0,0,0,0,0,0,0,0,0,1,0,0,0,0,0,0,1,1,1,0,0,0,1,1,0,0,0,0,,0,0,0,0,0,0,0,0,0,0,0,0,0,0,0,0,,,,,,21-25,16-25,State route,R,Friday,Belt Used,PV,Not Fatal,0,0,0,0,State Route,State Patrol,Washington State Patrol,0,1,0,0,0,,,,,,0.0,0.0,0.0,,,,,,,,,,,98.0,98.0,98.0,0.0,,,,,20.0,7.0,,,,,,,,,,,,,,,,98532,Chehalis,Chehalis
1722,1755,1755,2019,112,E910672,5.0,2019-04-12,15:25,12,4,,41,Lewis,0,2,0.0,1,2,2,1,0,6,4,,,,12,0,6,4.8,1,0,1,5,1,1,3,0,0,0,0,SR-508,,-122.7903667,46.576091667,0,3,98,62,4,55,14,0,0,1,2,12,1,1,2,1,1,1,1,53,0,55,404,2018,0,0.0,12,,,,,,1,1,62,2,7.0,,4,7,3,0,11,0,04/12/2019,15:25,53019224.0,19224.0,0.0,0.0,3.0,3.0,1,0,0.0,0.0,0.0,96,,,,,,0,,,,,,98570,53,63.0,126.0,6.0,1.0,0.0,0.0,0.0,0.0,,99,,,,,,0,,,8,0,0,0,0.0,9,8,,,0,0.0,0.0,8,9,2.0,1.0,,,1.0,,,2,1,0.0,,,,,,,,,,,,,,,,,,,,,,,,,,,,,,0,0,0,0,0,0,0,0,0,0,0,0,0,0,0,0,1,0,0,0,0,0,0,1,1,1,0,0,0,1,1,0,0,0,0,,1,0,0,0,0,0,0,0,0,0,0,0,0,0,0,0,,,,,,61-65,56-65,State route,R,Friday,Belt Used,PV,White,0,0,0,0,State Route,State Patrol,Washington State Patrol,0,1,0,0,0,,,,,,0.0,0.0,0.0,,,,,,,,,,,98.0,98.0,98.0,1.0,,,,,20.0,7.0,,,,,,,,,,,,,,,,98532,Onalaska,Chehalis
1723,1756,1756,2019,112,E910672,5.0,2019-04-12,15:25,12,4,,41,Lewis,0,2,0.0,1,2,2,1,0,6,4,,,,12,0,6,4.8,1,0,1,5,1,1,3,0,0,0,0,SR-508,,-122.7903667,46.576091667,0,4,98,98,7,55,14,0,0,1,5,54,1,1,2,1,5,2,1,53,0,12,402,2010,0,0.0,54,,,,,,1,1,65,1,0.0,,0,0,3,0,11,0,,,,,6.0,0.0,3.0,3.0,1,0,0.0,0.0,0.0,0,,,,,,0,,,,,,98532,53,72.0,210.0,6.0,1.0,0.0,0.0,0.0,0.0,,0,,,,,,0,,,20,0,0,0,8.0,9,2,,,0,0.0,0.0,0,0,8.0,95.0,,,96.0,,,8,95,995.0,,,,,,,,,,,,,,,,,,,,,,,,,,,,,,0,0,0,0,0,0,0,0,0,0,0,0,0,0,0,0,1,0,0,0,0,0,0,1,1,1,0,0,0,1,1,0,0,0,0,,0,0,0,0,0,0,0,0,0,0,0,0,0,0,0,0,,,,,,61-65,56-65,State route,R,Friday,Belt Used,PV,Not Fatal,0,0,0,0,State Route,State Patrol,Washington State Patrol,0,1,0,0,0,,,,,,0.0,0.0,0.0,,,,,,,,,,,98.0,98.0,98.0,0.0,,,,,20.0,7.0,,,,,,,,,,,,,,,,98532,Chehalis,Chehalis
1724,1757,1757,2019,113,E913639,47.0,2019-04-15,13:23,15,4,,27,Grays Harbor,10,10,0.0,1,1,2,1,0,3,3,,,,12,0,2,0.6,1,0,1,3,2,1,2,0,0,0,0,US-12,,-123.8026278,46.977347222,0,1,50,10,2,30,34,0,0,1,5,12,1,1,5,5,1,1,1,53,0,7,482,1997,0,0.0,68,12.0,12.0,,,,1,1,69,1,7.0,,4,7,3,0,11,0,04/15/2019,13:23,1053017787.0,17787.0,6.0,0.0,3.0,3.0,1,28,0.0,0.0,0.0,96,,,,,,99,,,,,,98520,53,70.0,185.0,6.0,1.0,0.0,0.0,0.0,0.0,,0,,,,,,0,,,1,0,0,0,0.0,9,8,,,0,0.0,0.0,8,9,2.0,1.0,,,1.0,,,2,1,0.0,,,,,,,,,,,,,,,,,,,,,,,,,,,,,,0,0,0,0,0,0,0,0,0,0,0,0,0,0,0,0,0,0,0,0,0,0,0,0,0,1,0,0,0,1,1,0,0,0,0,,1,0,0,0,0,0,0,0,0,0,0,0,0,0,0,0,,,,,,66-70,66-75,US highway,U,Monday,Belt Used,PV,White,0,1,1,0,State Route,Municipal/City Police,Aberdeen Police Department,0,1,0,0,0,,,,,,0.0,0.0,0.0,,,,,,,,,,,0.0,0.0,0.0,1.0,,,,,20.0,7.0,,,,,,,,,,,,,,,,98520,Aberdeen,Aberdeen
1725,1758,1758,2019,113,E913639,47.0,2019-04-15,13:23,15,4,,27,Grays Harbor,10,10,0.0,1,1,2,1,0,3,3,,,,12,0,2,0.6,1,0,1,3,2,1,2,0,0,0,0,US-12,,-123.8026278,46.977347222,0,2,98,62,4,30,66,1,0,1,5,12,1,1,5,5,1,1,3,53,0,87,884,2014,0,0.0,12,,,,,,1,1,61,1,0.0,,0,0,3,0,11,0,,,,,6.0,3.0,0.0,3.0,1,0,0.0,0.0,0.0,96,,,,,,0,,,,,,98520,53,72.0,225.0,6.0,1.0,0.0,1.0,2.0,1.0,,0,,,,,,0,01/15/2016,08/15/2017,20,0,0,0,8.0,9,8,,,0,0.0,0.0,8,0,8.0,95.0,,,96.0,,,8,95,995.0,,,,,,,,,,,,,,,,,,,,,,,,,,,,,,0,0,0,0,0,0,0,0,0,0,0,0,0,0,0,0,0,0,0,0,0,0,0,0,0,1,0,0,0,1,1,0,0,0,0,,0,0,0,0,0,0,0,0,0,0,0,0,0,0,0,0,,,,,,61-65,56-65,US highway,U,Monday,,MHTRUCK,Not Fatal,0,1,1,0,State Route,Municipal/City Police,Aberdeen Police Department,0,1,0,0,0,,,,,,0.0,0.0,0.0,,,,,,,,,,,98.0,98.0,98.0,0.0,,,,,20.0,7.0,,,,,,,,,,,,,,,,98520,Aberdeen,Aberdeen
1726,1759,1759,2019,113,E913639,47.0,2019-04-15,13:23,15,4,,27,Grays Harbor,10,10,0.0,1,1,2,1,0,3,3,,,,12,0,2,0.6,1,0,1,3,2,1,2,0,0,0,0,US-12,,-123.8026278,46.977347222,0,3,51,62,4,30,6,0,0,1,5,12,1,1,5,5,5,1,1,53,0,49,46,2017,0,0.0,12,,,,,,1,1,27,1,0.0,,0,0,3,0,11,0,,,,,0.0,0.0,0.0,3.0,1,0,0.0,0.0,0.0,0,,,,,,0,,,,,,98520,53,66.0,230.0,6.0,1.0,0.0,0.0,0.0,0.0,,0,,,,,,0,,,99,0,0,0,8.0,9,8,,,0,0.0,0.0,8,0,8.0,95.0,,,96.0,,,8,95,995.0,,,,,,,,,,,,,,,,,,,,,,,,,,,,,,0,0,0,0,0,0,0,0,0,0,0,0,0,0,0,0,0,0,0,0,0,0,0,0,0,1,0,0,0,1,1,0,0,0,0,,0,0,0,0,0,0,0,0,0,0,0,0,0,0,0,0,,,,,,26-30,26-35,US highway,U,Monday,Belt Used,PV,Not Fatal,0,1,1,0,State Route,Municipal/City Police,Aberdeen Police Department,0,1,0,0,0,,,,,,0.0,0.0,0.0,,,,,,,,,,,98.0,98.0,98.0,0.0,,,,,20.0,7.0,,,,,,,,,,,,,,,,98520,Aberdeen,Aberdeen
1727,1761,1761,2019,115,E913863,339.0,2019-04-23,11:33,23,4,,63,Spokane,2113,1,0.0,1,1,2,1,0,2,2,,,,12,0,6,0.0,2,0,2,7,2,4,6,0,0,20,3,E BROADWAY AVE,N EASTERN RD,-117.3200833,47.663836111,0,1,82,15,2,98,67,1,0,1,5,12,1,1,2,1,11,1,1,53,0,7,880,2016,0,0.0,12,,,,,,1,1,64,1,0.0,,0,0,3,0,11,0,,,,,6.0,0.0,3.0,3.0,1,0,0.0,0.0,0.0,96,,,,,,0,,,,,,99402,53,73.0,270.0,6.0,1.0,0.0,0.0,0.0,0.0,,0,,,,,,0,,,20,0,0,0,8.0,9,8,,,0,0.0,0.0,8,0,8.0,95.0,,,96.0,,,8,95,995.0,,,,,,,,,,,,,,,,,,,,,,,,,,,,,,0,0,0,1,1,0,1,1,0,0,0,0,1,1,1,0,0,0,0,0,0,0,0,0,0,0,0,0,1,0,1,0,0,0,0,,0,0,0,0,0,0,0,0,0,0,0,0,0,0,0,0,,,,,,61-65,56-65,City street,U,Tuesday,,MHTRUCK,Not Fatal,1,0,0,0,City Street,Municipal/City Police,Spokane Valley Police Department,0,0,0,1,0,,,,,,0.0,0.0,0.0,,,,,,,,,,,98.0,98.0,98.0,0.0,,,,,20.0,7.0,,,,,,,,,,,,,,,,99212,Asotin,Spokane
1728,1762,1762,2019,115,E913863,339.0,2019-04-23,11:33,23,4,,63,Spokane,2113,1,0.0,1,1,2,1,0,2,2,,,,12,0,6,0.0,2,0,2,7,2,4,6,0,0,0,0,E BROADWAY AVE,N EASTERN RD,-117.3200833,47.663836111,0,2,83,6,1,35,80,0,0,1,5,12,1,1,4,1,1,1,2,53,0,53,705,2003,0,0.0,12,,,,,,1,1,44,1,7.0,,4,7,20,7,11,0,04/23/2019,11:33,211353018986.0,18986.0,0.0,0.0,0.0,2.0,1,0,0.0,0.0,0.0,96,,,,,,99,,,,,,99212,53,66.0,200.0,1.0,1.0,0.0,0.0,0.0,0.0,,0,,,,,,3,09/15/2014,09/15/2014,20,8,0,0,0.0,9,8,,,0,0.0,0.0,8,9,2.0,401.0,417.0,,1.0,1.0,,2,1,0.06,,,,,,,,,,,,,,,,,,,,,,,,,,,,,,0,0,0,1,1,0,1,1,0,0,0,0,1,1,1,0,0,0,0,0,0,0,0,0,0,0,0,0,1,0,1,0,0,0,1,0.0,0,0,0,0,1,0,1,1,0,1,0,1,0,0,0,1,,,,,,41-45,36-45,City street,U,Tuesday,,MC,White,1,0,0,0,City Street,Municipal/City Police,Spokane Valley Police Department,0,0,0,1,0,,,,,,0.0,0.0,1.0,,,,,,,,,,,0.0,0.0,0.0,1.0,,,,,19.0,0.0,,,,,,,,,,,,,,,,99212,Spokane,Spokane
1729,1763,1763,2019,116,E914827,8.0,2019-04-21,17:53,21,4,,27,Grays Harbor,0,1,0.0,1,1,2,1,0,1,1,,,,1,0,0,137.0,1,0,1,3,1,1,2,0,3,0,0,US-101,,-124.0936972,47.487677778,0,1,1,13,2,60,2,0,0,1,2,1,1,1,2,1,1,1,1,53,0,37,32,1997,0,0.0,63,1.0,42.0,,,,1,1,79,1,7.0,,4,7,2,0,11,0,04/21/2019,17:53,53018696.0,18696.0,0.0,0.0,0.0,3.0,1,0,0.0,0.0,0.0,92,,,,,,99,,,,,,98331,53,68.0,170.0,6.0,1.0,0.0,0.0,0.0,0.0,,0,,,,,,0,,,1,1,9,0,0.0,9,8,,,0,0.0,0.0,8,1,2.0,1.0,,,1.0,,,2,1,0.0,,,,,,,,,,,,,,,,,,,,,,,,,,,,,,0,0,1,0,1,0,0,0,0,0,0,0,0,0,0,0,1,0,0,0,0,0,0,0,0,1,1,1,0,1,0,0,0,0,0,,1,0,0,0,0,0,0,0,1,0,0,0,0,0,0,1,,,,,,76-80,76+,US highway,R,Sunday,Belt Used,PV,White,0,1,0,0,State Route,State Patrol,Washington State Patrol,1,1,0,0,0,,,,,,0.0,0.0,0.0,,,,,,,,,,,0.0,0.0,0.0,1.0,,,,,20.0,7.0,,,,,,,,,,,,,,,,98526,Forks,Amanda Park
1730,1764,1764,2019,117,E914828,8.0,2019-04-20,23:20,20,4,,27,Grays Harbor,0,10,0.0,2,1,2,1,0,4,3,,,,12,0,7,37.9,1,0,1,3,1,1,2,0,0,0,0,US-12,,-123.1738194,46.827991667,0,1,46,51,3,55,4,0,0,1,2,1,1,1,2,1,6,2,2,53,0,37,32,2002,0,0.0,68,68.0,12.0,1.0,12.0,,1,1,38,1,7.0,,4,7,20,7,11,0,04/20/2019,23:20,53019608.0,19608.0,0.0,0.0,3.0,2.0,1,33,0.0,0.0,0.0,96,,,,,,9,,,,,,98502,53,72.0,297.0,1.0,1.0,0.0,1.0,1.0,0.0,,0,,,,,,3,09/15/2014,10/15/2016,8,2,9,0,0.0,1,8,,,0,0.0,0.0,8,1,2.0,1.0,,,1.0,,,2,1,0.14,,,,,,,,,,,,,,,,,,,,,,,,,,,,,,0,0,0,0,1,1,0,1,0,0,0,0,1,1,0,0,0,0,0,1,0,0,0,0,0,0,0,0,0,1,0,0,0,1,0,,1,0,0,0,0,1,0,1,0,1,0,1,0,1,0,1,,,,,,36-40,36-45,US highway,R,Saturday,Not Used,PV,White,0,0,0,0,State Route,State Patrol,Washington State Patrol,0,1,0,0,0,,,,,,0.0,0.0,6.0,,,,,,,,,,,98.0,98.0,98.0,1.0,,,,,20.0,7.0,,,,,,,,,,,,,,,,98568,Olympia,Oakville
1731,1765,1765,2019,117,E914828,8.0,2019-04-20,23:20,20,4,,27,Grays Harbor,0,10,0.0,2,1,2,1,0,4,3,,,,12,0,7,37.9,1,0,1,3,1,1,2,0,0,0,0,US-12,,-123.1738194,46.827991667,0,2,98,62,4,55,4,0,0,1,2,12,1,1,2,1,1,1,2,53,0,49,40,2012,0,0.0,12,,,,,,1,1,49,1,0.0,,0,0,3,0,11,0,,,,,0.0,0.0,0.0,0.0,1,0,0.0,0.0,0.0,96,,,,,,99,,,,,,98331,53,61.0,110.0,0.0,0.0,0.0,0.0,0.0,0.0,,0,,,,,,0,,,2,0,0,0,8.0,9,8,,,0,0.0,0.0,8,0,8.0,95.0,,,96.0,,,8,95,995.0,,,,,,,,,,,,,,,,,,,,,,,,,,,,,,0,0,0,0,1,1,0,1,0,0,0,0,1,1,0,0,0,0,0,1,0,0,0,0,0,0,0,0,0,1,0,0,0,0,0,,0,0,0,0,0,0,0,0,0,0,0,1,0,0,0,0,,,,,,46-50,46-55,US highway,R,Saturday,Belt Used,PV,Not Fatal,0,0,0,0,State Route,State Patrol,Washington State Patrol,0,1,0,0,0,,,,,,0.0,0.0,0.0,,,,,,,,,,,98.0,98.0,98.0,0.0,,,,,20.0,7.0,,,,,,,,,,,,,,,,98568,Forks,Oakville
1732,1766,1766,2019,117,E914828,8.0,2019-04-20,23:20,20,4,,27,Grays Harbor,0,10,0.0,2,1,2,1,0,4,3,,,,12,0,7,37.9,1,0,1,3,1,1,2,0,0,0,0,US-12,,-123.1738194,46.827991667,0,3,45,60,4,55,4,0,0,1,7,12,1,1,2,1,1,1,1,53,0,37,31,2014,0,0.0,12,,,,,,1,1,26,2,0.0,,3,0,3,0,11,8,,,,,0.0,0.0,0.0,3.0,1,0,0.0,0.0,0.0,96,,,,,,0,,,,,,98503,53,67.0,155.0,6.0,1.0,0.0,1.0,0.0,1.0,,0,,,,,,0,01/15/2015,11/15/2017,8,0,0,0,8.0,9,8,,,0,0.0,0.0,8,9,8.0,95.0,,,96.0,,,8,95,995.0,,,,,,,,,,,,,,,,,,,,,,,,,,,,,,0,0,0,0,1,1,0,1,0,0,0,0,1,1,0,0,0,0,0,1,0,0,0,0,0,0,0,0,0,1,0,0,0,0,0,,0,0,0,0,0,0,0,0,0,0,0,0,0,0,0,0,,,,,,26-30,26-35,US highway,R,Saturday,Belt Used,PV,Not Fatal,0,0,0,0,State Route,State Patrol,Washington State Patrol,0,1,0,0,0,,,,,,0.0,0.0,2.0,,,,,,,,,,,98.0,98.0,98.0,0.0,,,,,20.0,7.0,,,,,,,,,,,,,,,,98568,Lacey,Oakville
1733,1767,1767,2019,118,E914919,1.0,2019-04-22,1:37,22,4,,77,Yakima,0,1,0.0,2,1,2,1,0,2,1,,,,1,0,0,60.3,1,0,1,3,1,1,2,0,3,0,0,US-97,,-120.3201917,46.359736111,0,1,1,13,2,55,4,0,0,1,2,1,1,1,2,1,1,2,3,53,0,35,47,2019,0,0.0,63,67.0,1.0,,,,1,1,25,1,0.0,,1,0,20,7,11,8,,,,,0.0,0.0,0.0,3.0,1,0,0.0,0.0,0.0,96,,,,,,9,,,,,,98665,53,67.0,155.0,6.0,1.0,0.0,0.0,1.0,0.0,,97,,,,,,3,07/15/2017,07/15/2017,2,0,0,0,8.0,1,8,,,0,0.0,0.0,1,1,2.0,695.0,605.0,337.0,1.0,1.0,1.0,2,1,0.097,,,,,,,,,,,,,,,,,,,,,,,,,,,,,,0,0,1,0,1,1,1,1,1,0,0,0,1,0,0,0,0,0,0,1,0,0,0,1,1,0,0,0,0,1,0,0,0,0,0,,0,0,0,0,0,1,1,1,0,1,0,0,0,0,0,1,,,,,,21-25,16-25,US highway,R,Monday,Not Used,PV,Not Fatal,0,1,0,0,State Route,State Patrol,Washington State Patrol,1,1,0,0,0,thc,3.5,carboxy-thc,25.0,,0.0,0.0,0.0,1.0,,,,,348.0,,,,,98.0,98.0,98.0,0.0,,,,,20.0,7.0,,,,,,,,,,,,,,,,98948,Vancouver,Toppenish
1734,1768,1768,2019,119,E915182,1.0,2019-04-27,18:09,27,4,,71,Walla Walla,0,1,0.0,5,1,2,1,0,1,1,,,,24,0,0,12.4,1,0,1,4,1,1,3,0,0,0,0,SR-124,,-118.7818528,46.265305556,0,1,7,6,1,98,80,0,0,1,7,24,1,2,2,1,6,1,1,53,0,72,706,2016,0,0.0,68,64.0,24.0,,,,1,1,33,1,7.0,,4,0,20,7,11,8,04/27/2019,19:30,185053021192.0,21192.0,0.0,0.0,3.0,3.0,1,0,0.0,0.0,0.0,96,,,,,,99,,,,,,99352,53,74.0,159.0,6.0,1.0,0.0,0.0,0.0,0.0,,0,,,,,,4,,,20,8,0,0,0.0,9,8,,,0,0.0,0.0,8,0,2.0,1.0,,,1.0,,,2,1,0.0,,,,,,,,,,,,,,,,,,,,,,,,,,,,,,0,0,0,0,0,0,0,0,0,0,0,0,1,0,0,0,0,0,0,0,0,0,0,0,0,0,0,0,1,0,0,0,0,0,1,0.0,0,0,0,0,0,0,0,0,0,1,0,0,0,0,0,0,,,,,,31-35,26-35,State route,R,Saturday,,MC,White,0,1,0,0,State Route,State Patrol,Washington State Patrol,1,1,0,0,0,,,,,,0.0,0.0,0.0,,,,,,,,,,,0.0,0.0,0.0,1.0,,,,,19.0,0.0,,,,,,,,,,,,,,,,99323,Richland,Burbank
1735,1769,1769,2019,120,E915297,3.0,2019-04-09,20:22,9,4,,67,Thurston,0,1,0.0,3,1,2,1,0,5,2,,,,12,0,6,2.8,2,0,2,4,2,1,3,0,0,0,0,SR-510,ROCKCRESS DR,-122.7427583,47.035919444,0,1,68,15,2,50,4,0,0,1,2,12,1,1,3,1,11,4,1,53,0,41,51,2004,0,0.0,12,,,,,,1,1,36,1,0.0,,0,0,3,0,11,0,,,,,0.0,0.0,3.0,3.0,1,38,91.0,0.0,0.0,96,,,,,,9,,,,,,98503,53,71.0,165.0,6.0,1.0,0.0,0.0,0.0,0.0,,1,,,,,,0,,,20,0,0,0,8.0,1,8,,,0,0.0,0.0,8,1,2.0,1.0,,,1.0,,,2,1,0.044,,,,,,,,,,,,,,,,,,,,,,,,,,,,,,0,0,0,1,1,0,0,0,0,0,0,0,0,1,1,0,0,0,1,0,0,0,0,0,0,0,0,0,1,1,0,0,0,0,0,,0,0,0,0,1,0,0,0,0,0,1,0,1,0,0,1,,,,,,36-40,36-45,State route,U,Tuesday,Belt Used,PV,Not Fatal,1,0,0,0,State Route,State Patrol,Washington State Patrol,0,1,0,0,0,,,,,,0.0,0.0,0.0,,,,,,,,,,,98.0,98.0,98.0,0.0,,,,,20.0,7.0,,,,,,,,,,,,,,,,98513,Lacey,Olympia
1736,1770,1770,2019,120,E915297,3.0,2019-04-09,20:22,9,4,,67,Thurston,0,1,0.0,3,1,2,1,0,5,2,,,,12,0,6,2.8,2,0,2,4,2,1,3,0,0,0,0,SR-510,ROCKCRESS DR,-122.7427583,47.035919444,0,2,69,62,4,50,80,0,0,1,7,12,1,1,3,1,1,1,2,53,0,76,705,2004,0,0.0,12,,,,,,1,1,33,1,7.0,,4,7,20,7,11,0,04/09/2019,20:22,53016616.0,16616.0,0.0,0.0,0.0,2.0,1,0,0.0,0.0,0.0,96,,,,,,99,,,,,,98501,53,67.0,200.0,1.0,1.0,0.0,0.0,0.0,0.0,,0,,,,,,0,05/15/2014,03/15/2016,20,8,0,0,0.0,9,8,,,0,0.0,0.0,8,9,8.0,95.0,,,96.0,,,8,95,995.0,,,,,,,,,,,,,,,,,,,,,,,,,,,,,,0,0,0,1,1,0,0,0,0,0,0,0,0,1,1,0,0,0,1,0,0,0,0,0,0,0,0,0,1,1,0,0,0,0,1,0.0,0,0,0,0,0,0,0,0,0,0,0,1,0,0,0,0,,,,,,31-35,26-35,State route,U,Tuesday,,MC,API,1,0,0,0,State Route,State Patrol,Washington State Patrol,0,1,0,0,0,,,,,,0.0,0.0,3.0,,,,,,,,,,,0.0,0.0,0.0,68.0,,,,,5.0,0.0,,,,,,,,,,,,,,,,98513,Olympia,Olympia