,index,Unnamed: 0,year,case,par,repjur,crash_dt,crash_tm,accday,accmon,holiday,county,co_char,city,weather,weather2,lightcond,surfcond,surftype,numfatal,nmforms,pforms,vforms,not_tm,arr_tm,hosp_tm,fhevent,hitrun,manncol,milepnt,reljunc,reljuncinter,intersectiontype,funcsystem,landuse,ownership,route,schlbus,spejur,contdev,devfunc,trafid1,trafid2,lon,lat,wk_zone,vnumber,crashtype,criticalevent,criticaleventcat,spdlim,body,trailer,emerg,hazcargo,leave,mhevent,roadalgn,roadprof,traflane,trafflow,vehmanvr,numoccs,regowner,regstate,spuse,make,model,modelyr,vrf1,vrf2,seqevent1,seqevent2,seqevent3,seqevent4,seqevent5,seqevent6,pnumber,ptype,age,sex,hispanic,race,injury,diedscene,restraint,restraintmisuse,seatpos,takehosp,death_dt,death_tm,cert,cernum_wa,commlic,licendor,licrestrict,liccomp,drivpres,drf1,drf2,drf3,drf4,distract1,distract2,distract3,distract4,distract5,distract6,dricond1,dricond2,dricond3,dricond4,dricond5,dricond6,dzip,licstate,drhgt_in,weight,noncdl,noncdltype,prevdwi,prevoth,prevacc,prevspd,prevsus,driviol1,driviol2,driviol3,driviol4,driviol5,driviol6,spdrel,first_dt,last_dt,airbag,ejection,ejectpath,extricat,injurwrk,methalc,methdrug,nmlocat,strikveh,prf1,prf2,prf3,druginv,alcinvol,drugsts,drugres1,drugres2,drugres3,drugtst1,drugtst2,drugtst3,alcsts,alctst,alcres,nmact1,nmact2,nmact3,nmact4,nmact5,nmact6,nmprior1,nmprior2,nmprior3,nmprior4,nmprior5,nmprior6,nmcond1,nmcond2,nmcond3,nmcond4,nmcond5,nmcond6,nmsafe_helmet,nmsafe_pads,nmsafe_oth,nmprev_ref,nmprev_lgt,nmprev_oth,crashlocation,nmcrashtype,crosswalk,schoolzone,sidewalk,train_inv,wildlife_inv,rotr_fars,intersect_fars,dd_inv,aid_inv,dpd_inv,id_inv,mj_inv,impnm_inv,ainm_inv,dpnm_inv,speed_inv,unlic_inv,unendmc_inv,drowsy_inv,drdist_inv,nmdist_inv,fty_inv,unrestfat_inv,dr1617_inv,dr1820_inv,dr1620_inv,dr2125_inv,dr1625_inv,dr65_inv,dr70_inv,dr75_inv,mc_inv,pv_inv,ht_inv,ped_inv,bike_inv,unrest_fat,mc_fat,unhelmet_mc,pv_fat,ht_fat,ped_fat,bike_fat,dr_alc7,dr_alc8,dr_drug,dr_imp,dr_dist,dr_spd,dr_fty,dr_unlic,dr_alc7only,dr_alc8only,dr_drugonly,dr_drink,nm_imp,nm_alc7,nm_alc8,nm_drug,nm_dist,agegrp1,agegrp2,roadclass,urbrur,dayweek,restuse,vehtype,race_me,intersect,lanedep,oppdir,wrongway,rep_typ,investag,repag_long,rotr,st_rd,cty_rd,city_rd,oth_rd,drug_thc,thc_res,drug_cthc,cthc_res,drug_cann,prevpersemin,prevperse,prevsusoth,drugtst4,drugtst5,drugtst6,drugtst7,drugtst8,drugres4,drugres5,drugres6,drugres7,drugres8,adspresent,adsengaged,adslevel,race1,race2,race3,race4,race5,helmet,helmetmisuse,nmdistract1,nmdistract2,nmdistract3,nmdistract4,nmdistract5,nmdistract6,lab,isedtcase,crf1,crf2,crf3,CoRoadName,CoMP,IntCoRoadName,IntCoMP,crashzip,dcity,crashcity
1737,1771,1771,2019,121,E915428,2.0,2019-04-25,18:08,25,4,,57,Skagit,0,10,0.0,1,1,2,1,0,7,2,,,,12,0,6,1.4,2,0,2,5,1,1,3,0,0,20,3,SR- 11,PULVER RD,-122.3564444,48.500105556,0,1,88,17,2,50,14,0,0,1,2,12,1,1,2,1,1,3,2,53,0,12,402,2008,0,0.0,12,,,,,,1,1,17,2,0.0,,0,0,3,0,11,0,,,,,0.0,0.0,3.0,3.0,1,38,0.0,0.0,0.0,96,,,,,,0,,,,,,98233,53,64.0,140.0,6.0,2.0,0.0,0.0,0.0,0.0,,97,,,,,,0,,,20,0,0,0,8.0,9,8,,,0,0.0,0.0,8,0,2.0,695.0,605.0,,1.0,1.0,,2,1,0.0,,,,,,,,,,,,,,,,,,,,,,,,,,,,,,0,0,0,1,0,0,1,1,1,0,0,0,0,0,0,0,0,0,1,0,1,0,1,0,1,0,0,0,0,1,0,0,0,0,0,,0,0,0,0,0,0,1,1,0,0,1,0,0,0,1,0,,,,,,16-17,16-25,State route,R,Thursday,Belt Used,PV,Not Fatal,1,0,0,0,State Route,State Patrol,Washington State Patrol,0,1,0,0,0,thc,5.9,carboxy-thc,130.0,,0.0,0.0,0.0,,,,,,,,,,,98.0,98.0,98.0,0.0,,,,,20.0,7.0,,,,,,,,,,,,,,,,98233,Burlington,Burlington
1738,1772,1772,2019,121,E915428,2.0,2019-04-25,18:08,25,4,,57,Skagit,0,10,0.0,1,1,2,1,0,7,2,,,,12,0,6,1.4,2,0,2,5,1,1,3,0,0,0,0,SR- 11,PULVER RD,-122.3564444,48.500105556,0,2,89,66,4,50,34,0,0,1,2,1,1,1,2,1,1,4,1,53,0,12,481,2005,0,0.0,12,1.0,,,,,1,1,31,1,7.0,,4,7,3,0,11,0,04/25/2019,18:08,53019265.0,19265.0,0.0,0.0,0.0,3.0,1,0,0.0,0.0,0.0,96,,,,,,99,,,,,,98284,53,73.0,190.0,6.0,1.0,0.0,0.0,0.0,0.0,,0,,,,,,0,03/15/2017,03/15/2017,20,0,0,0,0.0,9,8,,,0,0.0,0.0,8,9,8.0,95.0,,,96.0,,,8,95,995.0,,,,,,,,,,,,,,,,,,,,,,,,,,,,,,0,0,0,1,0,0,1,1,1,0,0,0,0,0,0,0,0,0,1,0,1,0,1,0,1,0,0,0,0,1,0,0,0,0,0,,1,0,0,0,0,0,0,0,0,0,0,0,0,0,0,0,,,,,,31-35,26-35,State route,R,Thursday,Belt Used,PV,White,1,0,0,0,State Route,State Patrol,Washington State Patrol,0,1,0,0,0,,,,,,0.0,0.0,1.0,,,,,,,,,,,98.0,98.0,98.0,1.0,,,,,20.0,7.0,,,,,,,,,,,,,,,,98233,Sedro Woolley,Burlington
1739,1773,1773,2019,122,E915551,35.0,2019-04-28,15:42,28,4,,53,Pierce,0,1,0.0,1,1,2,1,0,3,2,,,,12,0,2,0.0,1,0,1,5,2,2,4,0,0,0,0,CR-218TH AVE E,,-122.140525,47.220486111,0,1,50,10,2,40,34,0,0,1,7,12,2,1,2,1,14,1,1,53,0,20,482,2005,0,0.0,68,12.0,,,,,1,1,33,1,0.0,,2,0,3,0,11,8,,,,,0.0,0.0,0.0,3.0,1,28,91.0,0.0,0.0,96,,,,,,9,,,,,,98391,53,66.0,185.0,6.0,1.0,0.0,0.0,0.0,0.0,,1,,,,,,0,,,1,0,0,0,8.0,9,8,,,0,0.0,0.0,8,1,2.0,1.0,,,1.0,,,2,1,0.044,,,,,,,,,,,,,,,,,,,,,,,,,,,,,,0,0,0,0,1,0,0,0,0,0,0,0,0,0,0,0,0,0,0,0,0,0,0,0,0,0,0,0,0,1,0,0,0,0,0,,0,0,0,0,1,0,0,0,0,0,0,0,1,0,0,1,,,,,,31-35,26-35,County road,U,Sunday,Belt Used,PV,Not Fatal,0,1,1,0,County Road,County Sheriff,Law Enforcement Support Agency,0,0,1,0,0,,,,,,0.0,0.0,0.0,,,,,,,,,,,98.0,98.0,98.0,0.0,,,,,20.0,7.0,,,,,,,,,,,,,,,,98391,Bonney Lake,Bonney Lake
1740,1774,1774,2019,122,E915551,35.0,2019-04-28,15:42,28,4,,53,Pierce,0,1,0.0,1,1,2,1,0,3,2,,,,12,0,2,0.0,1,0,1,5,2,2,4,0,0,0,0,CR-218TH AVE E,,-122.140525,47.220486111,0,2,51,62,4,40,34,0,0,1,7,12,3,1,2,1,14,2,1,53,0,20,481,2001,0,0.0,12,,,,,,1,1,33,1,1.0,,4,7,99,7,11,0,04/28/2019,15:42,53019460.0,19460.0,0.0,0.0,0.0,3.0,1,0,0.0,0.0,0.0,96,,,,,,99,,,,,,98092,53,68.0,200.0,6.0,1.0,0.0,1.0,0.0,1.0,,0,,,,,,0,02/15/2015,07/15/2018,20,0,0,0,0.0,9,8,,,0,0.0,0.0,8,9,2.0,1.0,,,1.0,,,2,1,0.0,,,,,,,,,,,,,,,,,,,,,,,,,,,,,,0,0,0,0,1,0,0,0,0,0,0,0,0,0,0,0,0,0,0,0,0,0,0,0,0,0,0,0,0,1,0,0,0,0,0,,1,0,0,0,0,0,0,0,0,0,0,0,0,0,0,0,,,,,,31-35,26-35,County road,U,Sunday,Unknown,PV,Hispanic,0,1,1,0,County Road,County Sheriff,Law Enforcement Support Agency,0,0,1,0,0,,,,,,0.0,0.0,0.0,,,,,,,,,,,98.0,98.0,98.0,298.0,,,,,20.0,7.0,,,,,,,,,,,,,,,,98391,Auburn,Bonney Lake
1741,1775,1775,2019,123,E902346,1.0,2019-03-10,18:54,10,3,,21,Franklin,1660,1,0.0,1,1,2,1,0,2,1,,,,1,0,0,0.2,5,1,1,1,2,1,1,0,0,0,0,I-182 RAMP R100969,,-119.1794111,46.265605556,0,1,6,12,2,98,4,0,0,1,7,1,2,3,1,6,14,2,1,53,0,54,35,2003,0,0.0,64,1.0,,,,,1,1,35,1,0.0,,0,0,3,0,11,0,,,,,0.0,0.0,0.0,3.0,1,0,0.0,0.0,0.0,96,,,,,,9,,,,,,99301,53,67.0,170.0,6.0,1.0,0.0,0.0,0.0,0.0,,97,,,,,,4,,,2,0,0,0,8.0,1,8,,,0,0.0,0.0,8,1,2.0,1.0,,,1.0,,,2,1,0.1,,,,,,,,,,,,,,,,,,,,,,,,,,,,,,0,0,1,0,1,1,0,1,0,0,0,0,1,0,0,0,0,0,0,0,0,0,0,0,0,0,0,0,0,1,0,0,0,0,0,,0,0,0,0,0,1,0,1,0,1,0,0,0,1,0,1,,,,,,31-35,26-35,Interstate,U,Sunday,Belt Used,PV,Not Fatal,0,1,0,0,State Route,State Patrol,Washington State Patrol,1,1,0,0,0,,,,,,0.0,0.0,0.0,,,,,,,,,,,98.0,98.0,98.0,0.0,,,,,20.0,7.0,,,,,,,,,,,,,,,,99301,Pasco,Pasco
1742,1776,1776,2019,124,E915971,3.0,2019-04-30,12:00,30,4,,53,Pierce,0,1,0.0,1,1,2,1,0,2,2,,,,12,0,2,23.6,1,0,1,4,1,1,3,0,0,0,0,SR-7,,-122.2995083,46.813511111,0,1,50,9,1,98,80,0,0,1,5,12,2,4,2,1,14,1,1,53,0,76,706,2014,0,0.0,68,12.0,,,,,1,1,77,1,7.0,,4,7,20,7,11,0,04/30/2019,12:00,53019687.0,19687.0,0.0,0.0,3.0,3.0,1,28,0.0,0.0,0.0,96,,,,,,0,,,,,,98387,53,70.0,185.0,6.0,1.0,0.0,0.0,0.0,0.0,,69,,,,,,0,,,20,8,0,0,0.0,9,8,,,0,0.0,0.0,8,0,2.0,1.0,,,1.0,,,2,1,0.0,,,,,,,,,,,,,,,,,,,,,,,,,,,,,,0,0,0,0,0,0,0,0,0,0,0,0,0,0,0,0,0,0,0,0,0,0,0,0,0,1,1,1,1,0,1,0,0,0,1,0.0,0,0,0,0,0,0,0,0,0,0,0,0,0,0,0,0,,,,,,76-80,76+,State route,R,Tuesday,,MC,White,0,1,1,0,State Route,State Patrol,Washington State Patrol,0,1,0,0,0,,,,,,0.0,0.0,0.0,,,,,,,,,,,0.0,0.0,0.0,1.0,,,,,5.0,0.0,,,,,,,,,,,,,,,,98328,Spanaway,Eatonville
1743,1777,1777,2019,124,E915971,3.0,2019-04-30,12:00,30,4,,53,Pierce,0,1,0.0,1,1,2,1,0,2,2,,,,12,0,2,23.6,1,0,1,4,1,1,3,0,0,0,0,SR-7,,-122.2995083,46.813511111,0,2,51,62,4,50,63,0,0,1,5,12,3,4,2,1,14,1,1,53,0,85,881,2004,0,0.0,12,,,,,,1,1,58,1,0.0,,0,0,3,0,11,0,,,,,6.0,1.0,0.0,3.0,1,0,0.0,0.0,0.0,96,,,,,,0,,,,,,98355,53,72.0,160.0,6.0,1.0,0.0,0.0,0.0,1.0,,0,,,,,,0,05/15/2015,05/15/2015,20,0,0,0,8.0,9,8,,,0,0.0,0.0,8,0,8.0,95.0,,,96.0,,,8,95,995.0,,,,,,,,,,,,,,,,,,,,,,,,,,,,,,0,0,0,0,0,0,0,0,0,0,0,0,0,0,0,0,0,0,0,0,0,0,0,0,0,1,1,1,1,0,1,0,0,0,0,,0,0,0,0,0,0,0,0,0,0,0,0,0,0,0,0,,,,,,56-60,56-65,State route,R,Tuesday,,MHTRUCK,Not Fatal,0,1,1,0,State Route,State Patrol,Washington State Patrol,0,1,0,0,0,,,,,,0.0,0.0,0.0,,,,,,,,,,,98.0,98.0,98.0,0.0,,,,,20.0,7.0,,,,,,,,,,,,,,,,98328,Mineral,Eatonville
1744,1778,1778,2019,125,E916263,39.0,2019-05-02,1:47,2,5,,61,Snohomish,0,10,0.0,2,1,2,1,0,1,1,,,,24,0,0,1.0,1,0,1,7,2,2,4,0,0,0,0,CR-ENGEBRETSEN RD,,-122.0032,48.100255556,0,1,7,6,1,35,80,0,0,1,7,24,2,1,2,1,14,1,5,53,0,37,705,2015,0,0.0,68,64.0,24.0,,,,1,1,54,1,7.0,,4,7,20,7,11,0,05/02/2019,1:47,53034312.0,34312.0,0.0,0.0,0.0,3.0,1,0,0.0,0.0,0.0,93,,,,,,99,,,,,,98104,53,72.0,190.0,6.0,1.0,0.0,1.0,1.0,1.0,,0,,,,,,4,10/15/2018,02/15/2019,20,8,0,0,0.0,9,8,,,0,0.0,0.0,8,9,2.0,996.0,401.0,417.0,1.0,1.0,1.0,2,1,0.0,,,,,,,,,,,,,,,,,,,,,,,,,,,,,,0,0,0,0,0,0,1,1,0,0,0,0,1,0,0,0,1,0,0,0,0,0,0,0,0,0,0,0,1,0,0,0,0,0,1,0.0,0,0,0,0,0,0,1,1,1,1,0,0,0,0,1,0,,,,,,51-55,46-55,County road,U,Thursday,,MC,White,0,1,0,0,County Road,County Sheriff,Snohomish County Sheriff's Office,1,0,1,0,0,,,,,,0.0,0.0,3.0,,,,,,,,,,,0.0,0.0,0.0,1.0,,,,,5.0,0.0,,,,,,,,,,,,,,,,98252,Seattle,Granite Falls
1745,1779,1779,2019,126,E916308,35.0,2019-05-01,18:36,1,5,,53,Pierce,0,1,0.0,1,1,2,1,1,2,1,,,,15,0,0,0.1,8,0,1,7,1,2,4,0,0,0,0,CR-130TH AVE CT E,,-122.2556139,47.106772222,0,1,92,83,5,30,34,0,0,1,5,15,1,1,9,1,13,2,1,53,0,20,481,2008,0,0.0,15,,,,,,1,1,27,1,0.0,,0,0,3,0,11,0,,,,,0.0,0.0,0.0,3.0,1,0,0.0,0.0,0.0,96,,,,,,0,,,,,,98022,53,72.0,180.0,6.0,1.0,0.0,0.0,0.0,0.0,,0,,,,,,0,,,20,0,0,0,8.0,9,8,,,0,0.0,0.0,8,0,8.0,95.0,,,96.0,,,8,95,995.0,,,,,,,,,,,,,,,,,,,,,,,,,,,,,,0,0,0,0,0,0,0,0,0,0,0,0,0,0,0,0,0,0,0,0,0,0,0,0,0,0,0,0,0,1,0,1,0,0,0,,0,0,0,0,0,0,0,0,0,0,0,0,0,0,0,0,,,,,,26-30,26-35,County road,R,Wednesday,Belt Used,PV,Not Fatal,0,0,0,0,County Road,County Sheriff,Law Enforcement Support Agency,0,0,1,0,0,,,,,,0.0,0.0,0.0,,,,,,,,,,,98.0,98.0,98.0,0.0,,,,,20.0,7.0,,,,,,,,,,,,,,,,98374,Enumclaw,Puyallup
1746,1780,1780,2019,127,E916672,8.0,2019-04-17,14:49,17,4,,45,Mason,0,1,0.0,1,1,2,1,0,2,2,,,,12,0,2,3.7,1,0,1,3,2,1,3,0,0,0,0,SR-3,,-123.0829611,47.216663889,0,1,50,10,2,50,3,0,0,1,7,12,2,1,2,1,14,1,1,53,0,20,34,1995,0,0.0,68,12.0,,,,,1,1,42,1,0.0,,3,0,3,0,11,8,,,,,0.0,0.0,0.0,3.0,1,28,0.0,0.0,0.0,96,,,,,,2,,,,,,98557,53,72.0,200.0,6.0,1.0,0.0,0.0,0.0,0.0,,97,,,,,,0,,,8,0,0,0,8.0,9,8,,,0,0.0,0.0,8,0,2.0,695.0,605.0,177.0,1.0,1.0,1.0,2,1,0.0,,,,,,,,,,,,,,,,,,,,,,,,,,,,,,0,0,0,0,0,0,1,1,1,0,0,0,0,0,0,1,0,0,0,0,0,0,0,0,0,1,1,1,0,1,0,0,0,0,0,,0,0,0,0,0,0,1,1,0,0,0,0,0,0,1,0,,,,,,41-45,36-45,State route,U,Wednesday,Belt Used,PV,Not Fatal,0,1,1,0,State Route,State Patrol,Washington State Patrol,0,1,0,0,0,thc,25.0,carboxy-thc,130.0,,0.0,0.0,0.0,,,,,,,,,,,0.0,0.0,0.0,0.0,,,,,20.0,7.0,,,,,,,,,,,,,,,,98584,McCleary,Shelton
1747,1781,1781,2019,127,E916672,8.0,2019-04-17,14:49,17,4,,45,Mason,0,1,0.0,1,1,2,1,0,2,2,,,,12,0,2,3.7,1,0,1,3,2,1,3,0,0,0,0,SR-3,,-123.0829611,47.216663889,0,2,51,62,4,50,4,0,0,1,7,12,3,1,2,1,14,1,1,53,0,12,37,2009,0,0.0,12,,,,,,1,1,85,2,7.0,,4,0,3,0,11,8,04/17/2019,16:29,196053017917.0,17917.0,0.0,0.0,0.0,3.0,1,0,0.0,0.0,0.0,96,,,,,,0,,,,,,98524,53,66.0,130.0,6.0,1.0,0.0,0.0,0.0,0.0,,0,,,,,,0,,,8,0,0,0,0.0,9,8,,,0,0.0,0.0,8,0,2.0,348.0,155.0,151.0,1.0,1.0,1.0,2,1,0.0,,,,,,,,,,,,,,,,,,,,,,,,,,,,,,0,0,0,0,0,0,1,1,1,0,0,0,0,0,0,1,0,0,0,0,0,0,0,0,0,1,1,1,0,1,0,0,0,0,0,,1,0,0,0,0,0,1,1,0,0,0,0,0,0,1,0,,,,,,81+,76+,State route,U,Wednesday,Belt Used,PV,White,0,1,1,0,State Route,State Patrol,Washington State Patrol,0,1,0,0,0,,,,,,0.0,0.0,0.0,,,,,,,,,,,98.0,98.0,98.0,1.0,,,,,20.0,7.0,,,,,,,,,,,,,,,,98584,Allyn,Shelton
1748,1782,1782,2019,128,E916778,288.0,2019-04-27,1:35,27,4,,53,Pierce,2210,1,0.0,2,1,2,1,0,2,2,,,,12,0,2,0.0,1,0,1,7,1,4,6,0,0,0,0,W VALLEY HWY E,,-122.2551194,47.228394444,0,1,50,54,3,35,2,0,0,1,7,2,2,1,2,1,14,1,1,53,0,34,34,1999,0,0.0,12,2.0,,,,,1,1,24,2,7.0,,4,7,99,7,11,0,04/27/2019,1:35,221053019458.0,19458.0,0.0,0.0,0.0,3.0,1,51,0.0,0.0,0.0,96,,,,,,99,,,,,,98338,53,67.0,143.0,6.0,1.0,0.0,1.0,0.0,2.0,,0,,,,,,0,08/15/2014,11/15/2016,99,0,0,0,0.0,9,8,,,0,0.0,0.0,8,9,2.0,1.0,,,1.0,,,2,1,0.27,,,,,,,,,,,,,,,,,,,,,,,,,,,,,,0,0,0,0,1,1,1,1,0,0,0,0,0,0,0,0,0,0,0,0,0,0,0,1,1,0,0,0,0,1,0,0,0,0,0,,1,0,0,0,0,1,0,1,0,0,0,0,0,1,0,1,,,,,,21-25,16-25,City street,R,Saturday,Unknown,PV,White,0,0,0,1,City Street,Municipal/City Police,Sumner Police Department,0,0,0,1,0,,,,,,0.0,0.0,2.0,,,,,,,,,,,0.0,0.0,0.0,1.0,,,,,20.0,7.0,,,,,,,,,,,,,,,,98390,Graham,Sumner
1749,1783,1783,2019,128,E916778,288.0,2019-04-27,1:35,27,4,,53,Pierce,2210,1,0.0,2,1,2,1,0,2,2,,,,12,0,2,0.0,1,0,1,7,1,4,6,0,0,0,0,W VALLEY HWY E,,-122.2551194,47.228394444,0,2,51,54,3,35,4,0,0,1,7,12,3,1,2,1,14,1,2,53,0,32,44,2007,0,0.0,12,,,,,,1,1,48,1,0.0,,2,0,3,0,11,8,,,,,0.0,0.0,0.0,3.0,1,0,0.0,0.0,0.0,96,,,,,,99,,,,,,98047,53,72.0,225.0,6.0,1.0,0.0,0.0,0.0,0.0,,0,,,,,,0,,,8,0,0,0,8.0,9,8,,,0,0.0,0.0,8,1,2.0,402.0,,,1.0,,,2,1,0.062,,,,,,,,,,,,,,,,,,,,,,,,,,,,,,0,0,0,0,1,1,1,1,0,0,0,0,0,0,0,0,0,0,0,0,0,0,0,1,1,0,0,0,0,1,0,0,0,0,0,,0,0,0,0,1,0,1,1,0,0,0,0,0,0,0,1,,,,,,46-50,46-55,City street,R,Saturday,Belt Used,PV,Not Fatal,0,0,0,1,City Street,Municipal/City Police,Sumner Police Department,0,0,0,1,0,,,,,,0.0,0.0,0.0,,,,,,,,,,,98.0,98.0,98.0,0.0,,,,,20.0,7.0,,,,,,,,,,,,,,,,98390,Pacific,Sumner
1750,1784,1784,2019,129,E917036,3.0,2019-05-04,14:58,4,5,,53,Pierce,0,1,0.0,9,1,2,1,0,1,1,,,,1,0,0,8.6,1,0,1,4,2,1,3,0,0,0,0,SR-162,,-122.1869139,47.081855556,0,1,7,6,1,50,2,0,0,1,2,1,3,1,2,1,14,1,2,53,0,49,38,1991,0,0.0,63,69.0,68.0,64.0,1.0,3.0,1,1,70,1,7.0,,4,7,2,0,11,0,05/04/2019,14:58,53020553.0,20553.0,0.0,0.0,0.0,2.0,1,0,0.0,0.0,0.0,93,,,,,,99,,,,,,98360,53,69.0,160.0,1.0,1.0,0.0,0.0,0.0,0.0,,0,,,,,,4,11/15/2015,11/15/2015,20,0,0,0,0.0,9,8,,,0,0.0,0.0,8,9,2.0,996.0,401.0,417.0,1.0,1.0,1.0,2,1,0.141,,,,,,,,,,,,,,,,,,,,,,,,,,,,,,0,0,0,0,1,1,1,1,1,0,0,0,1,1,0,0,1,0,0,0,0,0,0,0,0,1,1,0,0,1,0,0,0,0,0,,1,0,0,0,0,1,1,1,1,1,0,1,0,0,0,1,,,,,,66-70,66-75,State route,U,Saturday,Belt Used,PV,White,0,1,0,0,State Route,State Patrol,Washington State Patrol,1,1,0,0,0,thc,11.0,carboxy-thc,32.0,,0.0,0.0,1.0,1.0,1.0,,,,695.0,605.0,,,,0.0,0.0,0.0,1.0,,,,,20.0,7.0,,,,,,,nms,,,,,,,,,98360,Orting,Orting
1751,1785,1785,2019,130,E917267,2.0,2019-04-30,5:35,30,4,,57,Skagit,0,1,0.0,4,1,2,1,0,8,7,,,,12,0,1,221.2,1,0,1,1,1,1,1,0,0,97,8,I-5,,-122.3360056,48.343016667,1,1,28,52,3,60,62,0,0,1,2,12,1,1,1,3,1,1,3,53,0,82,881,2017,0,0.0,12,,,,,,1,1,54,1,0.0,,0,0,3,0,11,0,,,,,6.0,1.0,0.0,3.0,1,0,0.0,0.0,0.0,13,,,,,,0,,,,,,98371,53,66.0,240.0,6.0,1.0,0.0,0.0,0.0,0.0,,97,,,,,,0,,,99,0,0,0,8.0,9,2,,,0,0.0,0.0,0,0,2.0,1.0,,,1.0,,,2,1,0.0,,,,,,,,,,,,,,,,,,,,,,,,,,,,,,0,0,0,0,0,0,0,0,0,0,0,0,0,0,0,0,1,0,0,0,0,1,1,0,1,0,0,0,0,1,1,0,0,0,0,,0,0,0,0,0,0,0,0,1,0,0,0,0,0,0,0,,,,,,51-55,46-55,Interstate,R,Tuesday,,MHTRUCK,Not Fatal,0,0,0,0,State Route,State Patrol,Washington State Patrol,0,1,0,0,0,,,,,,0.0,0.0,0.0,,,,,,,,,,,98.0,98.0,98.0,0.0,,,,,20.0,7.0,,,,,,,,,,,,,,,,98273,Puyallup,Mount Vernon
1752,1786,1786,2019,130,E917267,2.0,2019-04-30,5:35,30,4,,57,Skagit,0,1,0.0,4,1,2,1,0,8,7,,,,12,0,1,221.2,1,0,1,1,1,1,1,0,0,97,8,I-5,,-122.3360056,48.343016667,1,2,29,53,3,70,20,0,0,1,2,12,1,1,1,3,2,1,2,53,0,20,441,2005,0,0.0,12,12.0,12.0,12.0,,,1,1,33,1,7.0,,4,7,99,7,11,0,04/30/2019,5:35,53020689.0,20689.0,0.0,0.0,0.0,3.0,1,0,0.0,0.0,0.0,96,,,,,,99,,,,,,98284,53,70.0,225.0,6.0,1.0,0.0,0.0,0.0,0.0,,0,,,,,,0,,,99,0,0,0,0.0,9,8,,,0,0.0,0.0,8,9,2.0,1.0,,,1.0,,,2,1,0.0,,,,,,,,,,,,,,,,,,,,,,,,,,,,,,0,0,0,0,0,0,0,0,0,0,0,0,0,0,0,0,1,0,0,0,0,1,1,0,1,0,0,0,0,1,1,0,0,0,0,,1,0,0,0,0,0,0,0,0,0,0,0,0,0,0,0,,,,,,31-35,26-35,Interstate,R,Tuesday,Unknown,PV,White,0,0,0,0,State Route,State Patrol,Washington State Patrol,0,1,0,0,0,,,,,,0.0,0.0,0.0,,,,,,,,,,,98.0,98.0,98.0,1.0,,,,,20.0,7.0,,,,,,,,,,,,,,,,98273,Sedro Woolley,Mount Vernon
1753,1787,1787,2019,130,E917267,2.0,2019-04-30,5:35,30,4,,57,Skagit,0,1,0.0,4,1,2,1,0,8,7,,,,12,0,1,221.2,1,0,1,1,1,1,1,0,0,97,8,I-5,,-122.3360056,48.343016667,1,3,98,98,7,70,2,0,0,1,7,12,1,1,1,3,2,1,1,53,0,20,9,1993,0,0.0,12,,,,,,1,1,58,1,0.0,,0,0,3,0,11,0,,,,,0.0,0.0,3.0,3.0,1,0,0.0,0.0,0.0,96,,,,,,0,,,,,,98284,53,71.0,205.0,6.0,1.0,0.0,0.0,0.0,0.0,,0,,,,,,0,,,20,0,0,0,8.0,9,8,,,0,0.0,0.0,8,0,8.0,95.0,,,96.0,,,8,95,995.0,,,,,,,,,,,,,,,,,,,,,,,,,,,,,,0,0,0,0,0,0,0,0,0,0,0,0,0,0,0,0,1,0,0,0,0,1,1,0,1,0,0,0,0,1,1,0,0,0,0,,0,0,0,0,0,0,0,0,0,0,0,0,0,0,0,0,,,,,,56-60,56-65,Interstate,R,Tuesday,Belt Used,PV,Not Fatal,0,0,0,0,State Route,State Patrol,Washington State Patrol,0,1,0,0,0,,,,,,0.0,0.0,0.0,,,,,,,,,,,0.0,0.0,0.0,0.0,,,,,20.0,7.0,,,,,,,,,,,,,,,,98273,Sedro Woolley,Mount Vernon
1754,1788,1788,2019,130,E917267,2.0,2019-04-30,5:35,30,4,,57,Skagit,0,1,0.0,4,1,2,1,0,8,7,,,,12,0,1,221.2,1,0,1,1,1,1,1,0,0,97,8,I-5,,-122.3360056,48.343016667,1,4,98,98,7,70,14,0,0,1,7,12,1,1,1,3,2,2,1,53,0,12,402,2009,0,0.0,12,12.0,,,,,1,1,20,1,0.0,,0,0,3,0,11,0,,,,,0.0,0.0,0.0,3.0,1,0,0.0,0.0,0.0,96,,,,,,0,,,,,,98273,53,70.0,200.0,6.0,1.0,0.0,0.0,0.0,0.0,,0,,,,,,0,,,1,0,0,0,8.0,9,8,,,0,0.0,0.0,8,0,8.0,95.0,,,96.0,,,8,95,995.0,,,,,,,,,,,,,,,,,,,,,,,,,,,,,,0,0,0,0,0,0,0,0,0,0,0,0,0,0,0,0,1,0,0,0,0,1,1,0,1,0,0,0,0,1,1,0,0,0,0,,0,0,0,0,0,0,0,0,0,0,0,0,0,0,0,0,,,,,,18-20,16-25,Interstate,R,Tuesday,Belt Used,PV,Not Fatal,0,0,0,0,State Route,State Patrol,Washington State Patrol,0,1,0,0,0,,,,,,0.0,0.0,0.0,,,,,,,,,,,98.0,98.0,98.0,0.0,,,,,20.0,7.0,,,,,,,,,,,,,,,,98273,Mount Vernon,Mount Vernon
1755,1789,1789,2019,130,E917267,2.0,2019-04-30,5:35,30,4,,57,Skagit,0,1,0.0,4,1,2,1,0,8,7,,,,12,0,1,221.2,1,0,1,1,1,1,1,0,0,97,8,I-5,,-122.3360056,48.343016667,1,5,98,98,7,70,4,0,0,1,7,12,1,1,1,3,2,1,2,53,0,63,32,2009,0,0.0,12,12.0,64.0,24.0,,,1,1,37,1,0.0,,0,0,3,0,11,0,,,,,0.0,0.0,0.0,3.0,1,0,0.0,0.0,0.0,96,,,,,,0,,,,,,98284,53,71.0,190.0,6.0,1.0,0.0,0.0,0.0,0.0,,0,,,,,,0,,,1,0,0,0,8.0,9,8,,,0,0.0,0.0,8,0,8.0,95.0,,,96.0,,,8,95,995.0,,,,,,,,,,,,,,,,,,,,,,,,,,,,,,0,0,0,0,0,0,0,0,0,0,0,0,0,0,0,0,1,0,0,0,0,1,1,0,1,0,0,0,0,1,1,0,0,0,0,,0,0,0,0,0,0,0,0,0,0,0,0,0,0,0,0,,,,,,36-40,36-45,Interstate,R,Tuesday,Belt Used,PV,Not Fatal,0,0,0,0,State Route,State Patrol,Washington State Patrol,0,1,0,0,0,,,,,,0.0,0.0,0.0,,,,,,,,,,,98.0,98.0,98.0,0.0,,,,,20.0,7.0,,,,,,,,,,,,,,,,98273,Sedro Woolley,Mount Vernon