,index,Unnamed: 0,year,case,par,repjur,crash_dt,crash_tm,accday,accmon,holiday,county,co_char,city,weather,weather2,lightcond,surfcond,surftype,numfatal,nmforms,pforms,vforms,not_tm,arr_tm,hosp_tm,fhevent,hitrun,manncol,milepnt,reljunc,reljuncinter,intersectiontype,funcsystem,landuse,ownership,route,schlbus,spejur,contdev,devfunc,trafid1,trafid2,lon,lat,wk_zone,vnumber,crashtype,criticalevent,criticaleventcat,spdlim,body,trailer,emerg,hazcargo,leave,mhevent,roadalgn,roadprof,traflane,trafflow,vehmanvr,numoccs,regowner,regstate,spuse,make,model,modelyr,vrf1,vrf2,seqevent1,seqevent2,seqevent3,seqevent4,seqevent5,seqevent6,pnumber,ptype,age,sex,hispanic,race,injury,diedscene,restraint,restraintmisuse,seatpos,takehosp,death_dt,death_tm,cert,cernum_wa,commlic,licendor,licrestrict,liccomp,drivpres,drf1,drf2,drf3,drf4,distract1,distract2,distract3,distract4,distract5,distract6,dricond1,dricond2,dricond3,dricond4,dricond5,dricond6,dzip,licstate,drhgt_in,weight,noncdl,noncdltype,prevdwi,prevoth,prevacc,prevspd,prevsus,driviol1,driviol2,driviol3,driviol4,driviol5,driviol6,spdrel,first_dt,last_dt,airbag,ejection,ejectpath,extricat,injurwrk,methalc,methdrug,nmlocat,strikveh,prf1,prf2,prf3,druginv,alcinvol,drugsts,drugres1,drugres2,drugres3,drugtst1,drugtst2,drugtst3,alcsts,alctst,alcres,nmact1,nmact2,nmact3,nmact4,nmact5,nmact6,nmprior1,nmprior2,nmprior3,nmprior4,nmprior5,nmprior6,nmcond1,nmcond2,nmcond3,nmcond4,nmcond5,nmcond6,nmsafe_helmet,nmsafe_pads,nmsafe_oth,nmprev_ref,nmprev_lgt,nmprev_oth,crashlocation,nmcrashtype,crosswalk,schoolzone,sidewalk,train_inv,wildlife_inv,rotr_fars,intersect_fars,dd_inv,aid_inv,dpd_inv,id_inv,mj_inv,impnm_inv,ainm_inv,dpnm_inv,speed_inv,unlic_inv,unendmc_inv,drowsy_inv,drdist_inv,nmdist_inv,fty_inv,unrestfat_inv,dr1617_inv,dr1820_inv,dr1620_inv,dr2125_inv,dr1625_inv,dr65_inv,dr70_inv,dr75_inv,mc_inv,pv_inv,ht_inv,ped_inv,bike_inv,unrest_fat,mc_fat,unhelmet_mc,pv_fat,ht_fat,ped_fat,bike_fat,dr_alc7,dr_alc8,dr_drug,dr_imp,dr_dist,dr_spd,dr_fty,dr_unlic,dr_alc7only,dr_alc8only,dr_drugonly,dr_drink,nm_imp,nm_alc7,nm_alc8,nm_drug,nm_dist,agegrp1,agegrp2,roadclass,urbrur,dayweek,restuse,vehtype,race_me,intersect,lanedep,oppdir,wrongway,rep_typ,investag,repag_long,rotr,st_rd,cty_rd,city_rd,oth_rd,drug_thc,thc_res,drug_cthc,cthc_res,drug_cann,prevpersemin,prevperse,prevsusoth,drugtst4,drugtst5,drugtst6,drugtst7,drugtst8,drugres4,drugres5,drugres6,drugres7,drugres8,adspresent,adsengaged,adslevel,race1,race2,race3,race4,race5,helmet,helmetmisuse,nmdistract1,nmdistract2,nmdistract3,nmdistract4,nmdistract5,nmdistract6,lab,isedtcase,crf1,crf2,crf3,CoRoadName,CoMP,IntCoRoadName,IntCoMP,crashzip,dcity,crashcity
1756,1790,1790,2019,130,E917267,2.0,2019-04-30,5:35,30,4,,57,Skagit,0,1,0.0,4,1,2,1,0,8,7,,,,12,0,1,221.2,1,0,1,1,1,1,1,0,0,97,8,I-5,,-122.3360056,48.343016667,1,6,98,98,7,70,4,0,0,1,7,12,1,1,1,3,2,1,1,53,0,52,34,2012,0,0.0,12,64.0,57.0,,,,1,1,43,2,0.0,,0,0,3,0,11,0,,,,,0.0,0.0,0.0,3.0,1,0,0.0,0.0,0.0,96,,,,,,0,,,,,,98273,53,65.0,180.0,6.0,1.0,0.0,0.0,1.0,0.0,,0,,,,,,0,06/15/2017,06/15/2017,20,0,0,0,8.0,9,8,,,0,0.0,0.0,8,0,8.0,95.0,,,96.0,,,8,95,995.0,,,,,,,,,,,,,,,,,,,,,,,,,,,,,,0,0,0,0,0,0,0,0,0,0,0,0,0,0,0,0,1,0,0,0,0,1,1,0,1,0,0,0,0,1,1,0,0,0,0,,0,0,0,0,0,0,0,0,0,0,0,0,0,0,0,0,,,,,,41-45,36-45,Interstate,R,Tuesday,Belt Used,PV,Not Fatal,0,0,0,0,State Route,State Patrol,Washington State Patrol,0,1,0,0,0,,,,,,0.0,0.0,0.0,,,,,,,,,,,98.0,98.0,98.0,0.0,,,,,20.0,7.0,,,,,,,,,,,,,,,,98273,Mount Vernon,Mount Vernon
1757,1791,1791,2019,130,E917267,2.0,2019-04-30,5:35,30,4,,57,Skagit,0,1,0.0,4,1,2,1,0,8,7,,,,12,0,1,221.2,1,0,1,1,1,1,1,0,0,97,8,I-5,,-122.3360056,48.343016667,1,7,98,98,7,70,4,0,0,1,5,12,1,1,1,3,2,1,1,53,0,24,1,1995,0,0.0,12,,,,,,1,1,42,1,0.0,,0,0,3,0,11,0,,,,,0.0,0.0,3.0,3.0,1,0,0.0,0.0,0.0,96,,,,,,0,,,,,,98273,53,73.0,185.0,6.0,1.0,0.0,0.0,0.0,0.0,,0,,,,,,0,,,20,0,0,0,8.0,9,8,,,0,0.0,0.0,8,0,8.0,95.0,,,96.0,,,8,95,995.0,,,,,,,,,,,,,,,,,,,,,,,,,,,,,,0,0,0,0,0,0,0,0,0,0,0,0,0,0,0,0,1,0,0,0,0,1,1,0,1,0,0,0,0,1,1,0,0,0,0,,0,0,0,0,0,0,0,0,0,0,0,0,0,0,0,0,,,,,,41-45,36-45,Interstate,R,Tuesday,Belt Used,PV,Not Fatal,0,0,0,0,State Route,State Patrol,Washington State Patrol,0,1,0,0,0,,,,,,0.0,0.0,0.0,,,,,,,,,,,0.0,0.0,0.0,0.0,,,,,20.0,7.0,,,,,,,,,,,,,,,,98273,Mount Vernon,Mount Vernon
1758,1792,1792,2019,131,E917596,146.0,2019-05-03,19:10,3,5,,77,Yakima,0,1,0.0,1,1,2,1,0,1,1,,,,1,0,0,1.9,1,0,1,5,1,2,4,0,3,0,0,CR-TOPPENISH-ZILLAH RD,,-120.2939306,46.383494444,0,1,2,54,3,50,2,0,0,1,7,1,1,1,2,1,6,1,2,53,0,20,36,2003,0,0.0,68,68.0,63.0,1.0,3.0,,1,1,25,8,1.0,,4,7,20,7,11,0,05/03/2019,19:10,53020144.0,20144.0,0.0,0.0,3.0,3.0,1,33,0.0,0.0,0.0,96,,,,,,99,,,,,,98948,53,63.0,240.0,6.0,1.0,0.0,1.0,0.0,1.0,,0,,,,,,0,11/15/2015,12/15/2018,20,0,0,0,0.0,9,8,,,0,0.0,0.0,8,1,2.0,996.0,,,1.0,,,2,1,0.14,,,,,,,,,,,,,,,,,,,,,,,,,,,,,,0,0,0,0,1,1,1,1,0,0,0,0,0,0,0,0,0,0,0,1,0,0,0,1,1,0,0,0,0,1,0,0,0,1,0,,1,0,0,0,0,1,1,1,0,0,0,0,0,0,0,1,,,,,,21-25,16-25,County road,R,Friday,Not Used,PV,Hispanic,0,1,0,0,County Road,County Sheriff,Yakima County Sheriff's Office,1,0,1,0,0,,,,,,0.0,0.0,0.0,,,,,,,,,,,98.0,98.0,98.0,1.0,,,,,20.0,7.0,,,,,,,,,,,,,,,,98948,Toppenish,Toppenish
1759,1793,1793,2019,132,E917791,16.0,2019-05-06,14:13,6,5,,15,Cowlitz,0,1,0.0,1,1,2,1,0,1,1,,,,35,0,0,0.2,1,0,1,5,1,2,4,0,0,0,0,CR-SPRUCE CREEK RD,,-123.1949222,46.196522222,0,1,6,12,2,35,2,0,0,1,7,1,2,2,2,1,14,1,2,41,0,12,3,1996,0,0.0,68,64.0,35.0,1.0,,,1,1,36,1,7.0,,4,7,20,7,11,0,05/06/2019,14:20,53020905.0,20905.0,0.0,0.0,0.0,0.0,1,0,0.0,0.0,0.0,96,,,,,,99,,,,,,98632,53,64.0,165.0,0.0,0.0,0.0,0.0,0.0,0.0,,0,,,,,,4,11/15/2017,11/15/2018,1,1,9,0,0.0,9,8,,,0,0.0,0.0,8,1,2.0,401.0,417.0,605.0,1.0,1.0,1.0,2,1,0.136,,,,,,,,,,,,,,,,,,,,,,,,,,,,,,0,0,1,0,1,1,1,1,1,0,0,0,1,1,0,0,0,0,0,1,0,0,0,0,0,0,0,0,0,1,0,0,0,1,0,,1,0,0,0,0,1,1,1,0,1,0,1,0,0,0,1,,,,,,36-40,36-45,County road,R,Monday,Not Used,PV,White,0,1,0,0,County Road,County Sheriff,Cowlitz County Sheriff's Office,1,0,1,0,0,thc,1.7,,,,0.0,0.0,2.0,,,,,,,,,,,0.0,0.0,0.0,1.0,,,,,20.0,7.0,,,,,,,nms,,,,,,,,,98632,Longview,Longview
1760,1794,1794,2019,133,E917953,146.0,2019-05-07,3:55,7,5,,77,Yakima,0,1,0.0,2,1,2,4,0,7,2,,,,12,0,6,60.4,2,0,2,3,1,1,2,0,3,20,3,US-97,LARUE RD,-120.3201833,46.360511111,0,1,87,17,2,50,15,0,0,1,7,12,1,1,2,1,1,6,2,53,0,7,422,2007,0,0.0,12,1.0,,,,,1,1,25,1,0.0,,3,0,20,7,11,8,,,,,0.0,0.0,0.0,0.0,1,39,0.0,0.0,0.0,96,,,,,,9,,,,,,98951,53,70.0,225.0,0.0,0.0,0.0,1.0,0.0,0.0,,97,,,,,,0,05/15/2017,05/15/2017,8,1,9,0,8.0,9,8,,,0,0.0,0.0,8,1,2.0,695.0,605.0,402.0,1.0,1.0,1.0,2,1,0.025,,,,,,,,,,,,,,,,,,,,,,,,,,,,,,0,0,0,1,1,0,1,1,1,0,0,0,0,1,0,0,0,0,0,0,0,0,0,1,1,0,0,0,0,1,1,0,0,0,0,,0,0,0,0,1,0,1,1,0,0,0,1,0,0,0,1,,,,,,21-25,16-25,US highway,R,Tuesday,Not Used,PV,Not Fatal,1,0,0,0,State Route,County Sheriff,Yakima County Sheriff's Office,0,1,0,0,0,thc,2.0,carboxy-thc,44.0,,0.0,0.0,0.0,1.0,1.0,,,,996.0,407.0,,,,98.0,98.0,98.0,0.0,,,,,20.0,7.0,,,,,,,,,,,,,,,,98948,Wapato,Toppenish
1761,1795,1795,2019,133,E917953,146.0,2019-05-07,3:55,7,5,,77,Yakima,0,1,0.0,2,1,2,4,0,7,2,,,,12,0,6,60.4,2,0,2,3,1,1,2,0,3,0,0,US-97,LARUE RD,-120.3201833,46.360511111,0,2,86,66,4,55,66,1,0,1,7,1,1,1,2,1,1,1,3,53,0,82,881,2011,0,0.0,12,63.0,1.0,,,,1,1,55,1,0.0,,1,0,3,0,11,8,,,,,6.0,1.0,0.0,3.0,1,0,0.0,0.0,0.0,96,,,,,,0,,,,,,98902,53,67.0,240.0,6.0,1.0,0.0,0.0,0.0,0.0,,0,,,,,,0,,,20,0,0,0,8.0,9,8,,,0,0.0,0.0,8,0,8.0,95.0,,,96.0,,,8,95,995.0,,,,,,,,,,,,,,,,,,,,,,,,,,,,,,0,0,0,1,1,0,1,1,1,0,0,0,0,1,0,0,0,0,0,0,0,0,0,1,1,0,0,0,0,1,1,0,0,0,0,,0,0,0,0,0,0,0,0,0,0,0,0,0,0,0,0,,,,,,51-55,46-55,US highway,R,Tuesday,,MHTRUCK,Not Fatal,1,0,0,0,State Route,County Sheriff,Yakima County Sheriff's Office,0,1,0,0,0,,,,,,0.0,0.0,0.0,,,,,,,,,,,98.0,98.0,98.0,0.0,,,,,20.0,7.0,,,,,,,,,,,,,,,,98948,Yakima,Toppenish
1762,1797,1797,2019,135,E918789,7.0,2019-02-12,14:49,12,2,,33,King,1960,2,0.0,1,2,2,1,0,2,2,,,,12,0,1,160.2,1,0,1,1,2,1,1,0,0,0,0,I-5,,-122.2984083,47.536552778,0,1,21,2,1,60,4,0,0,1,2,12,1,1,5,3,7,1,2,53,0,35,47,1997,0,0.0,12,,,,,,1,1,58,1,1.0,,4,0,20,7,11,4,02/17/2019,15:31,196053009654.0,9654.0,0.0,0.0,0.0,0.0,1,0,0.0,0.0,0.0,96,,,,,,99,,,,,,98198,53,,999.0,0.0,0.0,0.0,0.0,0.0,0.0,,0,,,,,,0,,,20,0,0,0,0.0,9,8,,,0,0.0,0.0,8,9,2.0,1.0,,,1.0,,,2,1,0.0,,,,,,,,,,,,,,,,,,,,,,,,,,,,,,0,0,0,0,0,0,0,0,0,0,0,0,0,1,0,0,0,0,0,1,0,0,0,0,0,0,0,0,0,1,0,0,0,1,0,,1,0,0,0,0,0,0,0,0,0,0,1,0,0,0,0,,,,,,56-60,56-65,Interstate,U,Tuesday,Not Used,PV,Hispanic,0,0,0,0,State Route,State Patrol,Washington State Patrol,0,1,0,0,0,,,,,,0.0,0.0,0.0,,,,,,,,,,,0.0,0.0,0.0,298.0,,,,,20.0,7.0,,,,,,,,,,,,,,,,98108,Seattle,Seattle
1763,1798,1798,2019,135,E918789,7.0,2019-02-12,14:49,12,2,,33,King,1960,2,0.0,1,2,2,1,0,2,2,,,,12,0,1,160.2,1,0,1,1,2,1,1,0,0,0,0,I-5,,-122.2984083,47.536552778,0,2,20,50,3,60,6,0,0,1,7,12,1,1,5,3,1,1,2,41,0,35,49,2015,0,0.0,12,,,,,,1,1,31,1,0.0,,0,0,3,0,11,0,,,,,0.0,0.0,0.0,3.0,1,26,0.0,0.0,0.0,96,,,,,,0,,,,,,98122,53,70.0,160.0,6.0,1.0,0.0,1.0,2.0,2.0,,58,,,,,,0,06/15/2014,10/15/2017,1,0,0,0,8.0,9,8,,,0,0.0,0.0,8,0,8.0,95.0,,,96.0,,,8,95,995.0,,,,,,,,,,,,,,,,,,,,,,,,,,,,,,0,0,0,0,0,0,0,0,0,0,0,0,0,1,0,0,0,0,0,1,0,0,0,0,0,0,0,0,0,1,0,0,0,0,0,,0,0,0,0,0,0,0,0,0,0,0,0,0,0,0,0,,,,,,31-35,26-35,Interstate,U,Tuesday,Belt Used,PV,Not Fatal,0,0,0,0,State Route,State Patrol,Washington State Patrol,0,1,0,0,0,,,,,,0.0,0.0,0.0,,,,,,,,,,,98.0,98.0,98.0,0.0,,,,,20.0,7.0,,,,,,,,,,,,,,,,98108,Seattle,Seattle
1764,1799,1799,2019,136,E902079,6.0,2019-03-05,13:08,5,3,,37,Kittitas,0,1,0.0,1,1,2,1,0,7,3,,,,25,0,0,77.5,1,0,1,1,1,1,1,0,0,0,0,I-90,,-121.0389917,47.182486111,0,1,6,12,2,70,14,0,0,1,7,1,2,1,2,3,14,1,2,53,0,37,402,2018,0,0.0,64,25.0,67.0,59.0,1.0,65.0,1,1,69,2,7.0,,4,0,3,0,11,4,03/20/2019,14:15,196053013394.0,13394.0,0.0,0.0,0.0,3.0,1,0,0.0,0.0,0.0,96,,,,,,0,,,,,,98922,53,65.0,200.0,6.0,1.0,0.0,0.0,0.0,0.0,,0,,,,,,0,,,8,0,0,0,0.0,9,8,,,0,0.0,0.0,8,0,8.0,95.0,,,96.0,,,8,95,995.0,,,,,,,,,,,,,,,,,,,,,,,,,,,,,,0,0,1,0,0,0,0,0,0,0,0,0,0,0,0,0,0,0,0,0,0,0,0,0,0,1,0,0,0,1,1,0,0,0,0,,1,0,0,0,0,0,0,0,0,0,0,0,0,0,0,0,,,,,,66-70,66-75,Interstate,R,Tuesday,Belt Used,PV,White,0,1,0,0,State Route,State Patrol,Washington State Patrol,1,1,0,0,0,,,,,,0.0,0.0,0.0,,,,,,,,,,,98.0,98.0,98.0,1.0,,,,,20.0,7.0,,,,,,,,,,,,,,,,98922,Cle Elum,Cle Elum
1765,1800,1800,2019,136,E902079,6.0,2019-03-05,13:08,5,3,,37,Kittitas,0,1,0.0,1,1,2,1,0,7,3,,,,25,0,0,77.5,1,0,1,1,1,1,1,0,0,0,0,I-90,,-121.0389917,47.182486111,0,2,98,62,4,60,66,1,0,1,5,12,3,1,2,3,14,1,3,6,0,82,881,2010,0,0.0,12,,,,,,1,1,62,1,0.0,,0,0,3,0,11,0,,,,,6.0,3.0,3.0,3.0,1,0,0.0,0.0,0.0,96,,,,,,0,,,,,,91755,6,64.0,140.0,6.0,1.0,0.0,3.0,0.0,2.0,,0,,,,,,0,03/15/2017,11/15/2017,20,0,0,0,8.0,9,8,,,0,0.0,0.0,8,0,8.0,95.0,,,96.0,,,8,95,995.0,,,,,,,,,,,,,,,,,,,,,,,,,,,,,,0,0,1,0,0,0,0,0,0,0,0,0,0,0,0,0,0,0,0,0,0,0,0,0,0,1,0,0,0,1,1,0,0,0,0,,0,0,0,0,0,0,0,0,0,0,0,0,0,0,0,0,,,,,,61-65,56-65,Interstate,R,Tuesday,,MHTRUCK,Not Fatal,0,1,0,0,State Route,State Patrol,Washington State Patrol,1,1,0,0,0,,,,,,0.0,0.0,0.0,,,,,,,,,,,98.0,98.0,98.0,0.0,,,,,20.0,7.0,,,,,,,,,,,,,,,,98922,Monterey Park,Cle Elum
1766,1801,1801,2019,136,E902079,6.0,2019-03-05,13:08,5,3,,37,Kittitas,0,1,0.0,1,1,2,1,0,7,3,,,,25,0,0,77.5,1,0,1,1,1,1,1,0,0,0,0,I-90,,-121.0389917,47.182486111,0,3,98,62,4,70,14,0,0,1,5,12,3,1,2,3,14,5,2,53,0,20,401,1997,0,0.0,64,12.0,,,,,1,1,35,1,0.0,,0,0,3,0,11,0,,,,,6.0,0.0,0.0,3.0,1,0,0.0,0.0,0.0,96,,,,,,0,,,,,,99115,53,71.0,160.0,6.0,1.0,0.0,0.0,0.0,0.0,,0,,,,,,0,,,20,0,0,0,8.0,9,8,,,0,0.0,0.0,8,0,8.0,95.0,,,96.0,,,8,95,995.0,,,,,,,,,,,,,,,,,,,,,,,,,,,,,,0,0,1,0,0,0,0,0,0,0,0,0,0,0,0,0,0,0,0,0,0,0,0,0,0,1,0,0,0,1,1,0,0,0,0,,0,0,0,0,0,0,0,0,0,0,0,0,0,0,0,0,,,,,,31-35,26-35,Interstate,R,Tuesday,Belt Used,PV,Not Fatal,0,1,0,0,State Route,State Patrol,Washington State Patrol,1,1,0,0,0,,,,,,0.0,0.0,0.0,,,,,,,,,,,0.0,0.0,0.0,0.0,,,,,20.0,7.0,,,,,,,,,,,,,,,,98922,Coulee City,Cle Elum
1767,1802,1802,2019,137,E918060,2.0,2019-04-17,17:35,17,4,,57,Skagit,0,10,0.0,1,1,2,1,0,2,1,,,,1,0,0,1.2,8,0,1,5,1,2,4,0,0,0,0,CR-PIONEER HWY,,-122.3455194,48.314705556,0,1,6,12,2,50,6,0,0,1,2,1,1,1,2,1,11,2,1,53,0,48,45,2008,0,0.0,64,1.0,3.0,,,,1,1,21,2,0.0,,3,0,99,7,11,1,,,,,0.0,0.0,0.0,3.0,1,48,0.0,0.0,0.0,96,,,,,,99,,,,,,98008,53,65.0,107.0,6.0,1.0,0.0,0.0,0.0,0.0,,0,,,,,,0,,,20,0,0,0,8.0,9,8,,,0,0.0,0.0,8,9,8.0,95.0,,,96.0,,,8,95,995.0,,,,,,,,,,,,,,,,,,,,,,,,,,,,,,0,0,1,0,0,0,0,0,0,0,0,0,0,0,0,0,0,0,0,0,0,0,0,1,1,0,0,0,0,1,0,0,0,0,0,,0,0,0,0,0,0,0,0,0,0,0,0,0,0,0,0,,,,,,21-25,16-25,County road,R,Wednesday,Unknown,PV,Not Fatal,0,0,0,0,County Road,State Patrol,Washington State Patrol,0,0,1,0,0,,,,,,0.0,0.0,0.0,,,,,,,,,,,98.0,98.0,98.0,0.0,,,,,20.0,7.0,,,,,,,,,,,,,,,,98273,Bellevue,Mount Vernon
1768,1803,1803,2019,138,E918296,3.0,2019-05-01,6:05,1,5,,67,Thurston,0,1,0.0,4,1,2,1,0,2,2,,,,12,0,6,43.2,2,0,3,3,1,1,2,0,0,0,0,US-12,DENMARK ST SW,-123.0655583,46.815661111,0,1,68,15,2,50,4,0,0,1,2,12,1,1,2,1,11,1,1,53,0,21,21,2000,0,0.0,12,,,,,,1,1,80,2,0.0,,0,0,3,0,11,0,,,,,0.0,0.0,3.0,3.0,1,38,0.0,0.0,0.0,96,,,,,,0,,,,,,98512,53,62.0,134.0,6.0,1.0,0.0,0.0,0.0,0.0,,97,,,,,,0,,,8,0,0,0,8.0,9,8,,,0,0.0,0.0,8,0,8.0,95.0,,,96.0,,,8,95,995.0,,,,,,,,,,,,,,,,,,,,,,,,,,,,,,0,0,0,1,0,0,0,0,0,0,0,0,0,0,1,0,0,0,1,0,0,0,0,0,0,1,1,1,1,1,0,0,0,0,0,,0,0,0,0,0,0,0,0,0,0,1,0,0,0,0,0,,,,,,76-80,76+,US highway,R,Wednesday,Belt Used,PV,Not Fatal,1,0,0,0,State Route,State Patrol,Washington State Patrol,0,1,0,0,0,,,,,,0.0,0.0,0.0,,,,,,,,,,,98.0,98.0,98.0,0.0,,,,,20.0,7.0,,,,,,,,,,,,,,,,98579,Olympia,Rochester
1769,1804,1804,2019,138,E918296,3.0,2019-05-01,6:05,1,5,,67,Thurston,0,1,0.0,4,1,2,1,0,2,2,,,,12,0,6,43.2,2,0,3,3,1,1,2,0,0,0,0,US-12,DENMARK ST SW,-123.0655583,46.815661111,0,2,69,62,4,50,80,0,0,1,2,12,1,1,2,1,1,1,1,53,0,73,706,1997,0,0.0,12,,,,,,1,1,58,1,7.0,,4,7,20,7,11,0,05/01/2019,6:05,53020643.0,20643.0,0.0,0.0,0.0,2.0,1,0,0.0,0.0,0.0,96,,,,,,0,,,,,,98579,53,66.0,125.0,6.0,1.0,0.0,0.0,1.0,0.0,,0,,,,,,0,10/15/2016,10/15/2016,20,8,0,0,0.0,9,8,,,0,0.0,0.0,8,0,2.0,1.0,,,1.0,,,2,1,0.0,,,,,,,,,,,,,,,,,,,,,,,,,,,,,,0,0,0,1,0,0,0,0,0,0,0,0,0,0,1,0,0,0,1,0,0,0,0,0,0,1,1,1,1,1,0,0,0,0,1,0.0,0,0,0,0,0,0,0,0,0,0,0,0,0,0,0,0,,,,,,56-60,56-65,US highway,R,Wednesday,,MC,White,1,0,0,0,State Route,State Patrol,Washington State Patrol,0,1,0,0,0,,,,,,0.0,0.0,0.0,,,,,,,,,,,0.0,0.0,0.0,1.0,,,,,5.0,0.0,,,,,,,,,,,,,,,,98579,Rochester,Rochester
1770,1805,1805,2019,139,E919553,8.0,2019-05-03,14:34,3,5,,31,Jefferson,0,1,0.0,1,1,2,1,0,2,2,,,,12,0,6,11.3,2,0,2,3,1,1,3,0,0,20,3,SR-104,TEAL LAKE RD,-122.6868833,47.87065,0,1,82,15,2,60,4,0,0,1,2,12,1,1,2,1,11,1,1,53,0,32,51,2013,0,0.0,12,71.0,24.0,,,,1,1,80,1,0.0,,0,0,3,0,11,0,,,,,0.0,0.0,0.0,3.0,1,48,0.0,0.0,0.0,96,,,,,,0,,,,,,98365,53,69.0,220.0,6.0,1.0,0.0,1.0,0.0,0.0,,46,,,,,,0,07/15/2014,07/15/2014,20,0,0,0,8.0,9,8,,,0,0.0,0.0,8,0,8.0,95.0,,,96.0,,,8,95,995.0,,,,,,,,,,,,,,,,,,,,,,,,,,,,,,0,0,0,1,0,0,1,1,0,0,0,0,0,0,0,0,0,0,0,0,0,0,0,0,0,1,1,1,1,1,0,0,0,0,0,,0,0,0,0,0,0,0,0,0,0,0,0,0,0,0,0,,,,,,76-80,76+,State route,R,Friday,Belt Used,PV,Not Fatal,1,0,0,0,State Route,State Patrol,Washington State Patrol,0,1,0,0,0,,,,,,0.0,0.0,0.0,,,,,,,,,,,98.0,98.0,98.0,0.0,,,,,20.0,7.0,,,,,,,,,,,,,,,,98365,Port Ludlow,Port Ludlow
1771,1806,1806,2019,139,E919553,8.0,2019-05-03,14:34,3,5,,31,Jefferson,0,1,0.0,1,1,2,1,0,2,2,,,,12,0,6,11.3,2,0,2,3,1,1,3,0,0,0,0,SR-104,TEAL LAKE RD,-122.6868833,47.87065,0,2,83,67,4,60,80,0,0,1,2,12,1,1,2,1,1,1,1,53,0,53,706,2005,0,0.0,12,,,,,,1,1,72,1,7.0,,4,7,20,7,11,0,05/03/2019,14:34,53020976.0,20976.0,0.0,0.0,3.0,3.0,1,0,0.0,0.0,0.0,96,,,,,,0,,,,,,98368,53,69.0,178.0,6.0,1.0,0.0,0.0,0.0,0.0,,0,,,,,,0,,,20,8,0,0,0.0,9,8,,,0,0.0,0.0,8,9,2.0,177.0,,,1.0,,,2,1,0.0,,,,,,,,,,,,,,,,,,,,,,,,,,,,,,0,0,0,1,0,0,1,1,0,0,0,0,0,0,0,0,0,0,0,0,0,0,0,0,0,1,1,1,1,1,0,0,0,0,1,0.0,0,0,0,0,0,0,1,1,0,0,0,0,0,0,1,0,,,,,,71-75,66-75,State route,R,Friday,,MC,White,1,0,0,0,State Route,State Patrol,Washington State Patrol,0,1,0,0,0,,,,,,0.0,0.0,0.0,,,,,,,,,,,0.0,0.0,0.0,1.0,,,,,5.0,0.0,,,,,,,,,,,,,,,,98365,Port Townsend,Port Ludlow
1772,1807,1807,2019,140,E919740,6.0,2019-04-30,21:16,30,4,,25,Grant,0,1,0.0,2,1,2,1,0,8,2,,,,12,0,6,12.0,2,0,2,4,1,1,3,0,0,20,3,SR-283,ROAD 9 NW,-119.6438056,47.220641667,0,1,87,15,2,50,4,0,0,1,2,12,1,1,2,1,1,2,2,53,0,22,22,2007,0,0.0,12,,,,,,1,1,38,1,0.0,,1,0,3,0,11,5,,,,,0.0,0.0,0.0,2.0,1,38,91.0,0.0,0.0,96,,,,,,0,,,,,,98837,53,68.0,188.0,1.0,1.0,0.0,1.0,0.0,0.0,,2,71.0,76.0,,,,0,08/15/2014,09/15/2018,20,0,0,0,8.0,9,8,,,0,0.0,0.0,8,1,8.0,95.0,,,96.0,,,8,95,995.0,,,,,,,,,,,,,,,,,,,,,,,,,,,,,,0,0,0,1,1,0,0,0,0,0,0,0,0,1,0,0,0,0,1,1,0,0,0,0,0,0,0,0,0,1,0,0,0,0,0,,0,0,0,0,0,0,0,0,0,0,1,1,0,0,0,1,,,,,,36-40,36-45,State route,R,Tuesday,Belt Used,PV,Not Fatal,1,0,0,0,State Route,State Patrol,Washington State Patrol,0,1,0,0,0,,,,,,0.0,0.0,4.0,,,,,,,,,,,98.0,98.0,98.0,0.0,,,,,20.0,7.0,,,,,,,,,,,,,,,,98823,Moses Lake,Ephrata
1773,1808,1808,2019,140,E919740,6.0,2019-04-30,21:16,30,4,,25,Grant,0,1,0.0,2,1,2,1,0,8,2,,,,12,0,6,12.0,2,0,2,4,1,1,3,0,0,0,0,SR-283,ROAD 9 NW,-119.6438056,47.220641667,0,2,86,66,4,60,15,0,0,1,2,12,1,1,2,1,1,6,1,53,0,49,422,2006,0,0.0,12,,,,,,1,1,54,8,0.0,,1,0,3,0,11,5,,,,,0.0,0.0,3.0,3.0,1,0,0.0,0.0,0.0,96,,,,,,0,,,,,,98823,53,65.0,180.0,6.0,1.0,0.0,0.0,0.0,0.0,,0,,,,,,0,,,1,0,0,0,8.0,9,8,,,0,0.0,0.0,8,0,8.0,95.0,,,96.0,,,8,95,995.0,,,,,,,,,,,,,,,,,,,,,,,,,,,,,,0,0,0,1,1,0,0,0,0,0,0,0,0,1,0,0,0,0,1,1,0,0,0,0,0,0,0,0,0,1,0,0,0,0,0,,0,0,0,0,0,0,0,0,0,0,0,0,0,0,0,0,,,,,,51-55,46-55,State route,R,Tuesday,Belt Used,PV,Not Fatal,1,0,0,0,State Route,State Patrol,Washington State Patrol,0,1,0,0,0,,,,,,0.0,0.0,0.0,,,,,,,,,,,98.0,98.0,98.0,0.0,,,,,20.0,7.0,,,,,,,,,,,,,,,,98823,Ephrata,Ephrata