,index,Unnamed: 0,year,case,par,repjur,crash_dt,crash_tm,accday,accmon,holiday,county,co_char,city,weather,weather2,lightcond,surfcond,surftype,numfatal,nmforms,pforms,vforms,not_tm,arr_tm,hosp_tm,fhevent,hitrun,manncol,milepnt,reljunc,reljuncinter,intersectiontype,funcsystem,landuse,ownership,route,schlbus,spejur,contdev,devfunc,trafid1,trafid2,lon,lat,wk_zone,vnumber,crashtype,criticalevent,criticaleventcat,spdlim,body,trailer,emerg,hazcargo,leave,mhevent,roadalgn,roadprof,traflane,trafflow,vehmanvr,numoccs,regowner,regstate,spuse,make,model,modelyr,vrf1,vrf2,seqevent1,seqevent2,seqevent3,seqevent4,seqevent5,seqevent6,pnumber,ptype,age,sex,hispanic,race,injury,diedscene,restraint,restraintmisuse,seatpos,takehosp,death_dt,death_tm,cert,cernum_wa,commlic,licendor,licrestrict,liccomp,drivpres,drf1,drf2,drf3,drf4,distract1,distract2,distract3,distract4,distract5,distract6,dricond1,dricond2,dricond3,dricond4,dricond5,dricond6,dzip,licstate,drhgt_in,weight,noncdl,noncdltype,prevdwi,prevoth,prevacc,prevspd,prevsus,driviol1,driviol2,driviol3,driviol4,driviol5,driviol6,spdrel,first_dt,last_dt,airbag,ejection,ejectpath,extricat,injurwrk,methalc,methdrug,nmlocat,strikveh,prf1,prf2,prf3,druginv,alcinvol,drugsts,drugres1,drugres2,drugres3,drugtst1,drugtst2,drugtst3,alcsts,alctst,alcres,nmact1,nmact2,nmact3,nmact4,nmact5,nmact6,nmprior1,nmprior2,nmprior3,nmprior4,nmprior5,nmprior6,nmcond1,nmcond2,nmcond3,nmcond4,nmcond5,nmcond6,nmsafe_helmet,nmsafe_pads,nmsafe_oth,nmprev_ref,nmprev_lgt,nmprev_oth,crashlocation,nmcrashtype,crosswalk,schoolzone,sidewalk,train_inv,wildlife_inv,rotr_fars,intersect_fars,dd_inv,aid_inv,dpd_inv,id_inv,mj_inv,impnm_inv,ainm_inv,dpnm_inv,speed_inv,unlic_inv,unendmc_inv,drowsy_inv,drdist_inv,nmdist_inv,fty_inv,unrestfat_inv,dr1617_inv,dr1820_inv,dr1620_inv,dr2125_inv,dr1625_inv,dr65_inv,dr70_inv,dr75_inv,mc_inv,pv_inv,ht_inv,ped_inv,bike_inv,unrest_fat,mc_fat,unhelmet_mc,pv_fat,ht_fat,ped_fat,bike_fat,dr_alc7,dr_alc8,dr_drug,dr_imp,dr_dist,dr_spd,dr_fty,dr_unlic,dr_alc7only,dr_alc8only,dr_drugonly,dr_drink,nm_imp,nm_alc7,nm_alc8,nm_drug,nm_dist,agegrp1,agegrp2,roadclass,urbrur,dayweek,restuse,vehtype,race_me,intersect,lanedep,oppdir,wrongway,rep_typ,investag,repag_long,rotr,st_rd,cty_rd,city_rd,oth_rd,drug_thc,thc_res,drug_cthc,cthc_res,drug_cann,prevpersemin,prevperse,prevsusoth,drugtst4,drugtst5,drugtst6,drugtst7,drugtst8,drugres4,drugres5,drugres6,drugres7,drugres8,adspresent,adsengaged,adslevel,race1,race2,race3,race4,race5,helmet,helmetmisuse,nmdistract1,nmdistract2,nmdistract3,nmdistract4,nmdistract5,nmdistract6,lab,isedtcase,crf1,crf2,crf3,CoRoadName,CoMP,IntCoRoadName,IntCoMP,crashzip,dcity,crashcity
1792,1828,1828,2019,155,E922598,7.0,2019-05-06,18:35,6,5,,33,King,1960,1,0.0,1,1,1,1,0,2,2,,,,12,0,6,1.6,2,0,2,3,2,1,3,0,0,0,0,SR-523,17TH AVE NE,-122.3100583,47.733933333,0,2,68,54,3,35,5,0,0,1,2,12,1,1,4,1,11,1,1,53,0,37,39,2019,0,0.0,12,,,,,,1,1,51,2,0.0,,0,0,3,0,11,0,,,,,0.0,0.0,3.0,3.0,1,0,0.0,0.0,0.0,96,,,,,,0,,,,,,98125,53,69.0,210.0,6.0,1.0,0.0,1.0,0.0,1.0,,0,,,,,,0,08/15/2014,07/15/2015,8,0,0,0,8.0,9,8,,,0,0.0,0.0,8,0,8.0,95.0,,,96.0,,,8,95,995.0,,,,,,,,,,,,,,,,,,,,,,,,,,,,,,0,0,0,1,0,0,1,1,1,0,0,0,1,0,0,0,0,0,0,0,0,0,0,1,1,0,0,0,1,1,0,0,0,0,0,,0,0,0,0,0,0,0,0,0,0,0,0,0,0,0,0,,,,,,51-55,46-55,State route,U,Monday,Belt Used,PV,Not Fatal,1,0,0,0,State Route,State Patrol,Washington State Patrol,0,1,0,0,0,,,,,,0.0,0.0,0.0,,,,,,,,,,,98.0,98.0,98.0,0.0,,,,,20.0,7.0,,,,,,,,,,,,,,,,98155,Seattle,Seattle
1793,1829,1829,2019,156,E923395,2.0,2019-05-19,12:15,19,5,,73,Whatcom,0,1,0.0,1,1,1,1,0,1,1,,,,30,0,0,10.7,1,0,1,7,1,2,4,0,0,0,0,CR-MOSQUITO LAKE RD,,-122.1245583,48.804086111,0,1,6,12,2,15,80,0,0,1,2,30,2,1,2,1,14,1,1,53,0,73,705,2014,0,0.0,68,64.0,30.0,,,,1,1,20,2,7.0,,4,7,20,7,11,0,05/19/2019,12:15,53023088.0,23088.0,0.0,0.0,3.0,3.0,1,0,0.0,0.0,0.0,96,,,,,,99,,,,,,98226,53,67.0,206.0,6.0,1.0,0.0,0.0,0.0,1.0,,0,,,,,,4,12/15/2017,01/15/2018,20,8,0,0,0.0,9,8,,,0,0.0,0.0,8,9,2.0,1.0,,,1.0,,,2,1,0.0,,,,,,,,,,,,,,,,,,,,,,,,,,,,,,0,0,1,0,0,0,0,0,0,0,0,0,1,0,0,0,0,0,0,0,0,1,1,0,1,0,0,0,1,0,0,0,0,0,1,0.0,0,0,0,0,0,0,0,0,0,1,0,0,0,0,0,0,,,,,,18-20,16-25,County road,R,Sunday,,MC,AIAN,0,1,0,0,County Road,State Patrol,Washington State Patrol,1,0,1,0,0,,,,,,0.0,0.0,1.0,,,,,,,,,,,0.0,0.0,0.0,3.0,,,,,5.0,0.0,,,,,,,,,,,,,,,,98244,Bellingham,Deming
1794,1830,1830,2019,157,E925995,1.0,2019-06-01,4:43,1,6,,21,Franklin,0,1,0.0,4,1,1,1,0,2,1,,,,1,0,0,50.5,1,0,1,3,1,1,2,0,0,0,0,US-395,,-119.0122,46.538422222,0,1,7,12,2,70,4,0,0,1,7,1,1,1,2,2,1,2,2,53,0,6,51,2005,0,0.0,64,69.0,64.0,1.0,,,1,1,21,1,1.0,,4,7,3,0,11,0,06/01/2019,4:43,53025172.0,25172.0,0.0,0.0,0.0,3.0,1,58,0.0,0.0,0.0,96,,,,,,9,,,,,,99326,53,64.0,220.0,6.0,1.0,0.0,1.0,0.0,2.0,,0,,,,,,0,12/15/2015,04/15/2018,20,2,9,0,0.0,1,8,,,0,0.0,0.0,1,1,2.0,417.0,605.0,695.0,1.0,1.0,1.0,2,1,0.25,,,,,,,,,,,,,,,,,,,,,,,,,,,,,,0,0,0,0,1,1,1,1,1,0,0,0,0,0,0,0,0,0,0,0,0,0,0,1,1,0,0,0,0,1,0,0,0,0,0,,1,0,0,0,0,1,1,1,0,0,0,0,0,0,0,1,,,,,,21-25,16-25,US highway,R,Saturday,Belt Used,PV,Hispanic,0,1,0,0,State Route,State Patrol,Washington State Patrol,1,1,0,0,0,thc,12.0,carboxy-thc,100.0,,0.0,0.0,0.0,,,,,,,,,,,98.0,98.0,98.0,1.0,,,,,20.0,7.0,,,,,,,,,,,,,,,,99330,Connell,Eltopia
1795,1831,1831,2019,158,E926374,40.0,2019-05-16,21:07,16,5,,63,Spokane,0,2,0.0,2,2,2,1,1,2,2,,,,8,1,0,0.3,1,0,1,5,2,2,4,0,0,0,0,CR-S HAYFORD RD,,-117.5609139,47.657408333,0,1,13,80,5,45,34,0,0,1,5,8,4,1,2,1,14,99,1,53,0,7,482,2010,0,0.0,8,,,,,,1,1,24,1,0.0,,9,0,99,7,11,8,,,,,0.0,0.0,0.0,3.0,1,0,0.0,0.0,0.0,92,,,,,,99,,,,,,99218,53,70.0,170.0,6.0,1.0,0.0,0.0,0.0,0.0,,97,,,,,,0,,,99,0,0,0,8.0,9,8,,,0,0.0,0.0,8,9,8.0,95.0,,,96.0,,,8,95,995.0,,,,,,,,,,,,,,,,,,,,,,,,,,,,,,0,0,0,0,0,0,0,0,0,0,0,0,0,0,0,0,1,0,0,0,0,0,0,1,1,0,0,0,0,1,0,1,0,0,0,,0,0,0,0,0,0,0,0,1,0,0,0,0,0,0,0,,,,,,21-25,16-25,County road,U,Thursday,Unknown,PV,Not Fatal,0,0,0,0,County Road,County Sheriff,Spokane County Sheriff's Office,0,0,1,0,0,,,,,,0.0,0.0,0.0,,,,,,,,,,,98.0,98.0,98.0,0.0,,,,,20.0,7.0,,,,,,,,,,,,,,,,99001,Spokane,Airway Heights
1796,1832,1832,2019,158,E926374,40.0,2019-05-16,21:07,16,5,,63,Spokane,0,2,0.0,2,2,2,1,1,2,2,,,,8,0,0,0.3,1,0,1,5,2,2,4,0,0,0,0,CR-S HAYFORD RD,,-117.5609139,47.657408333,0,2,98,80,5,45,4,0,0,1,7,8,4,1,2,1,14,1,1,53,0,34,35,2008,0,0.0,8,,,,,,1,1,47,1,0.0,,0,0,3,0,11,0,,,,,0.0,0.0,0.0,3.0,1,0,0.0,0.0,0.0,12,,,,,,0,,,,,,99201,53,72.0,205.0,6.0,1.0,0.0,0.0,0.0,0.0,,0,,,,,,0,,,20,0,0,0,8.0,9,8,,,0,0.0,0.0,8,0,8.0,95.0,,,96.0,,,8,95,995.0,,,,,,,,,,,,,,,,,,,,,,,,,,,,,,0,0,0,0,0,0,0,0,0,0,0,0,0,0,0,0,1,0,0,0,0,0,0,1,1,0,0,0,0,1,0,1,0,0,0,,0,0,0,0,0,0,0,0,1,0,0,0,0,0,0,0,,,,,,46-50,46-55,County road,U,Thursday,Belt Used,PV,Not Fatal,0,0,0,0,County Road,County Sheriff,Spokane County Sheriff's Office,0,0,1,0,0,,,,,,0.0,0.0,0.0,,,,,,,,,,,98.0,98.0,98.0,0.0,,,,,20.0,7.0,,,,,,,,,,,,,,,,99001,Spokane,Airway Heights
1797,1833,1833,2019,159,E926447,157.0,2019-05-24,5:30,24,5,,15,Cowlitz,1000,10,0.0,2,1,2,1,0,1,2,,,,14,0,0,0.0,1,0,1,7,2,4,6,0,0,0,0,W FRONTAGE RD,,-122.8466028,46.008927778,0,1,1,13,2,50,4,0,0,1,7,2,8,8,2,1,1,1,1,53,0,30,40,1998,0,0.0,63,14.0,2.0,,,,1,1,49,1,7.0,,4,7,99,7,11,0,05/24/2019,5:30,100053025167.0,25167.0,0.0,0.0,3.0,3.0,1,0,0.0,0.0,0.0,92,,,,,,99,,,,,,98584,53,70.0,195.0,6.0,1.0,0.0,0.0,0.0,0.0,,0,,,,,,0,,,99,0,0,0,0.0,9,8,,,0,0.0,0.0,8,9,2.0,605.0,695.0,,1.0,1.0,,2,1,0.0,,,,,,,,,,,,,,,,,,,,,,,,,,,,,,0,0,1,0,0,0,1,1,1,0,0,0,0,0,0,0,1,0,0,0,0,0,0,0,0,0,0,0,0,1,1,0,0,0,0,,1,0,0,0,0,0,1,1,1,0,0,0,0,0,1,0,,,,,,46-50,46-55,City street,U,Friday,Unknown,PV,White,0,1,0,0,City Street,Municipal/City Police,Kalama Police Department,1,0,0,1,0,thc,35.0,carboxy-thc,45.0,,0.0,0.0,0.0,,,,,,,,,,,0.0,0.0,0.0,1.0,,,,,20.0,7.0,,,,,,,nms,,,,,,,,,98625,Shelton,Kalama
1798,1834,1834,2019,160,3690844,12.0,2019-03-29,10:58,29,3,,37,Kittitas,0,4,0.0,1,10,5,1,0,1,1,,,,42,0,0,9999.9,3,0,3,99,1,66,8,0,1,0,0,NFD 35,SPUR 176,-120.572688,47.3013505,0,1,6,12,2,25,91,0,0,1,7,42,2,1,8,8,14,1,1,53,0,98,998,1998,0,0.0,64,42.0,,,,,1,1,81,1,7.0,,4,7,20,7,11,0,03/29/2019,10:58,53014858.0,14858.0,0.0,0.0,0.0,1.0,1,0,0.0,0.0,0.0,92,,,,,,1,,,,,,99216,53,71.0,220.0,6.0,1.0,0.0,0.0,0.0,0.0,,0,,,,,,0,,,20,2,9,0,0.0,9,8,,,0,0.0,0.0,8,1,2.0,1.0,,,1.0,,,2,1,0.0,,,,,,,,,,,,,,,,,,,,,,,,,,,,,,0,0,1,1,1,0,0,0,0,0,0,0,0,0,0,0,1,0,0,0,0,0,0,0,0,1,1,1,0,0,0,0,0,0,0,,0,0,0,0,0,0,0,0,1,0,0,0,0,0,0,1,,,,,,81+,76+,Other,R,Friday,,OTHVT,White,0,1,0,0,Other,County Sheriff,Chelan County Sheriff's Office,1,0,0,0,1,,,,,,0.0,0.0,0.0,,,,,,,,,,,0.0,0.0,0.0,1.0,,,,,19.0,0.0,,,,,,,,,,,,,,,,98922,Spokane,Cle Elum
1799,1835,1835,2019,161,3727925,40.0,2019-04-20,5:43,20,4,,63,Spokane,0,2,0.0,2,2,2,1,0,1,1,,,,53,0,0,0.8,1,0,1,7,2,2,4,0,0,0,0,CR-S GARDNER RD,,-117.4805444,47.545333333,0,1,1,13,2,45,4,0,0,1,7,42,3,2,2,1,14,1,2,53,0,37,32,1998,0,0.0,63,53.0,69.0,68.0,64.0,42.0,1,1,18,1,7.0,,4,7,20,7,11,0,04/20/2019,5:43,53018752.0,18752.0,0.0,0.0,0.0,3.0,1,58,0.0,0.0,0.0,93,,,,,,99,,,,,,99001,53,65.0,165.0,6.0,2.0,0.0,1.0,0.0,0.0,,0,,,,,,3,09/15/2017,09/15/2017,1,0,0,0,0.0,9,8,,,0,0.0,0.0,8,9,2.0,605.0,695.0,,1.0,1.0,,2,1,0.2,,,,,,,,,,,,,,,,,,,,,,,,,,,,,,0,0,1,0,1,1,1,1,1,0,0,0,1,0,0,0,1,0,0,1,0,1,1,0,1,0,0,0,0,1,0,0,0,1,0,,1,0,0,0,0,1,1,1,1,1,0,0,0,0,0,1,,,,,,18-20,16-25,County road,U,Saturday,Not Used,PV,White,0,1,0,0,County Road,County Sheriff,Spokane County Sheriff's Office,1,0,1,0,0,thc,8.2,carboxy-thc,35.0,,0.0,0.0,0.0,,,,,,,,,,,0.0,0.0,0.0,1.0,,,,,20.0,7.0,,,,,,,,,,,,,,,,99004,Airway Heights,Cheney
1800,1836,1836,2019,162,E926609,278.0,2019-06-02,20:44,2,6,,63,Spokane,2110,1,0.0,5,1,2,1,0,4,2,,,,12,0,6,0.0,2,0,2,7,2,4,6,0,0,0,0,W GARLAND AVE,N NORMANDIE ST,-117.4138417,47.693466667,0,1,73,60,4,30,80,0,0,1,7,12,1,1,2,1,6,1,2,53,0,71,706,2017,0,0.0,68,12.0,,,,,1,1,42,1,7.0,,4,7,20,7,11,0,06/02/2019,20:44,211053025396.0,25396.0,0.0,0.0,0.0,3.0,1,33,0.0,0.0,0.0,96,,,,,,99,,,,,,99208,53,71.0,268.0,6.0,1.0,0.0,0.0,0.0,0.0,,0,,,,,,3,,,20,8,0,0,0.0,9,8,,,0,0.0,0.0,8,9,2.0,996.0,996.0,,1.0,1.0,,2,1,0.1,,,,,,,,,,,,,,,,,,,,,,,,,,,,,,0,0,0,1,1,1,1,1,0,0,0,0,1,0,0,0,0,0,0,0,0,0,0,0,0,0,0,0,1,1,0,0,0,0,1,0.0,0,0,0,0,0,1,1,1,0,1,0,0,0,0,0,1,,,,,,41-45,36-45,City street,U,Sunday,,MC,White,1,0,0,0,City Street,Municipal/City Police,Spokane Police Department,0,0,0,1,0,,,,,,0.0,0.0,0.0,,,,,,,,,,,0.0,0.0,0.0,1.0,,,,,19.0,0.0,,,,,,,,,,,,,,,,99205,Spokane,Spokane
1801,1837,1837,2019,162,E926609,278.0,2019-06-02,20:44,2,6,,63,Spokane,2110,1,0.0,5,1,2,1,0,4,2,,,,12,0,6,0.0,2,0,2,7,2,4,6,0,0,0,0,W GARLAND AVE,N NORMANDIE ST,-117.4138417,47.693466667,0,2,72,15,2,30,14,0,0,1,7,12,1,1,2,1,11,3,1,53,0,49,401,2017,0,0.0,12,,,,,,1,1,30,1,0.0,,0,0,3,0,11,0,,,,,0.0,0.0,0.0,3.0,1,0,0.0,0.0,0.0,96,,,,,,0,,,,,,99208,53,72.0,175.0,6.0,1.0,0.0,0.0,0.0,0.0,,0,,,,,,0,,,20,0,0,0,8.0,9,8,,,0,0.0,0.0,8,0,8.0,95.0,,,96.0,,,8,95,995.0,,,,,,,,,,,,,,,,,,,,,,,,,,,,,,0,0,0,1,1,1,1,1,0,0,0,0,1,0,0,0,0,0,0,0,0,0,0,0,0,0,0,0,1,1,0,0,0,0,0,,0,0,0,0,0,0,0,0,0,0,0,0,0,0,0,0,,,,,,26-30,26-35,City street,U,Sunday,Belt Used,PV,Not Fatal,1,0,0,0,City Street,Municipal/City Police,Spokane Police Department,0,0,0,1,0,,,,,,0.0,0.0,0.0,,,,,,,,,,,98.0,98.0,98.0,0.0,,,,,20.0,7.0,,,,,,,,,,,,,,,,99205,Spokane,Spokane
1802,1838,1838,2019,163,E926809,2.0,2019-05-26,11:10,26,5,,73,Whatcom,0,1,0.0,1,1,4,1,0,2,1,,,,24,0,0,8.5,1,0,1,7,1,2,4,0,0,0,0,CR-MOSQUITO LAKE RD,,-122.1180333,48.785686111,0,1,6,6,1,35,80,0,0,1,2,24,2,2,2,1,14,2,1,53,0,72,706,2006,0,0.0,68,64.0,24.0,,,,1,1,62,1,0.0,,3,0,20,7,11,8,,,,,0.0,0.0,3.0,3.0,1,0,0.0,0.0,0.0,93,,,,,,0,,,,,,98252,53,72.0,200.0,6.0,1.0,0.0,0.0,0.0,0.0,,97,,,,,,0,,,20,8,0,0,8.0,9,8,,,0,0.0,0.0,8,0,8.0,95.0,,,96.0,,,8,95,995.0,,,,,,,,,,,,,,,,,,,,,,,,,,,,,,0,0,1,0,0,0,0,0,0,0,0,0,0,0,0,0,1,0,0,0,0,0,0,0,0,0,0,0,1,0,0,0,0,0,0,0.0,0,0,0,0,0,0,0,0,1,0,0,0,0,0,0,0,,,,,,61-65,56-65,County road,R,Sunday,,MC,Not Fatal,0,1,0,0,County Road,State Patrol,Washington State Patrol,1,0,1,0,0,,,,,,0.0,0.0,0.0,,,,,,,,,,,0.0,0.0,0.0,0.0,,,,,5.0,0.0,,,,,,,,,,,,,,,,98244,Granite Falls,Deming
1803,1839,1839,2019,164,E926984,1.0,2019-05-28,15:11,28,5,,23,Garfield,0,1,0.0,1,1,2,1,0,8,7,,,,12,0,1,402.0,1,0,1,3,1,1,2,0,0,50,3,US-12,,-117.5644694,46.474788889,1,1,20,50,3,55,66,1,0,1,7,12,1,1,2,1,1,1,3,53,0,87,881,1999,0,0.0,12,,,,,,1,1,57,1,0.0,,0,0,3,0,11,0,,,,,6.0,1.0,3.0,3.0,1,0,0.0,0.0,0.0,93,,,,,,0,,,,,,99350,53,70.0,220.0,6.0,1.0,0.0,1.0,0.0,0.0,,97,,,,,,0,01/15/2018,01/15/2018,20,0,0,0,8.0,9,2,,,0,0.0,0.0,0,0,8.0,95.0,,,96.0,,,8,95,995.0,,,,,,,,,,,,,,,,,,,,,,,,,,,,,,0,0,0,0,0,0,0,0,0,0,0,0,0,0,0,0,1,0,0,0,0,0,0,0,0,1,1,0,1,1,1,0,0,0,0,,0,0,0,0,0,0,0,0,1,0,0,0,0,0,0,0,,,,,,56-60,56-65,US highway,R,Tuesday,,MHTRUCK,Not Fatal,0,0,0,0,State Route,State Patrol,Washington State Patrol,0,1,0,0,0,,,,,,0.0,0.0,0.0,,,,,,,,,,,0.0,0.0,0.0,0.0,,,,,20.0,7.0,,,,,,,,,,,,,,,,99347,Prosser,Pomeroy
1804,1840,1840,2019,164,E926984,1.0,2019-05-28,15:11,28,5,,23,Garfield,0,1,0.0,1,1,2,1,0,8,7,,,,12,0,1,402.0,1,0,1,3,1,1,2,0,0,50,3,US-12,,-117.5644694,46.474788889,1,2,21,50,3,55,4,0,0,1,2,12,1,1,2,1,5,2,3,53,0,49,40,2019,0,0.0,12,12.0,,,,,1,1,71,2,0.0,,1,0,3,0,11,4,,,,,0.0,0.0,0.0,3.0,1,0,0.0,0.0,0.0,0,,,,,,0,,,,,,99403,53,66.0,140.0,6.0,1.0,0.0,0.0,0.0,0.0,,0,,,,,,0,,,8,0,0,0,8.0,9,8,,,0,0.0,0.0,8,0,8.0,95.0,,,96.0,,,8,95,995.0,,,,,,,,,,,,,,,,,,,,,,,,,,,,,,0,0,0,0,0,0,0,0,0,0,0,0,0,0,0,0,1,0,0,0,0,0,0,0,0,1,1,0,1,1,1,0,0,0,0,,0,0,0,0,0,0,0,0,0,0,0,0,0,0,0,0,,,,,,71-75,66-75,US highway,R,Tuesday,Belt Used,PV,Not Fatal,0,0,0,0,State Route,State Patrol,Washington State Patrol,0,1,0,0,0,,,,,,0.0,0.0,0.0,,,,,,,,,,,98.0,98.0,98.0,0.0,,,,,20.0,7.0,,,,,,,,,,,,,,,,99347,Clarkston,Pomeroy
1805,1841,1841,2019,164,E926984,1.0,2019-05-28,15:11,28,5,,23,Garfield,0,1,0.0,1,1,2,1,0,8,7,,,,12,0,1,402.0,1,0,1,3,1,1,2,0,0,50,3,US-12,,-117.5644694,46.474788889,1,3,98,53,3,55,21,0,0,1,7,12,1,1,2,1,5,1,3,53,0,20,461,2007,0,0.0,12,12.0,12.0,12.0,,,1,1,53,1,0.0,,0,0,3,0,11,0,,,,,0.0,0.0,0.0,3.0,1,0,0.0,0.0,0.0,0,,,,,,0,,,,,,99111,53,71.0,300.0,6.0,1.0,0.0,0.0,0.0,0.0,,0,,,,,,0,,,20,0,0,0,8.0,9,8,,,0,0.0,0.0,8,0,8.0,95.0,,,96.0,,,8,95,995.0,,,,,,,,,,,,,,,,,,,,,,,,,,,,,,0,0,0,0,0,0,0,0,0,0,0,0,0,0,0,0,1,0,0,0,0,0,0,0,0,1,1,0,1,1,1,0,0,0,0,,0,0,0,0,0,0,0,0,0,0,0,0,0,0,0,0,,,,,,51-55,46-55,US highway,R,Tuesday,Belt Used,PV,Not Fatal,0,0,0,0,State Route,State Patrol,Washington State Patrol,0,1,0,0,0,,,,,,0.0,0.0,0.0,,,,,,,,,,,98.0,98.0,98.0,0.0,,,,,20.0,7.0,,,,,,,,,,,,,,,,99347,Colfax,Pomeroy
1806,1842,1842,2019,164,E926984,1.0,2019-05-28,15:11,28,5,,23,Garfield,0,1,0.0,1,1,2,1,0,8,7,,,,12,0,1,402.0,1,0,1,3,1,1,2,0,0,50,3,US-12,,-117.5644694,46.474788889,1,4,98,50,3,55,80,0,0,1,2,12,1,1,2,1,5,1,1,53,0,34,706,2012,0,0.0,12,,,,,,1,1,52,1,0.0,,0,0,20,7,11,0,,,,,0.0,0.0,3.0,3.0,1,0,0.0,0.0,0.0,0,,,,,,0,,,,,,98004,53,73.0,200.0,6.0,1.0,0.0,0.0,0.0,0.0,,0,,,,,,0,,,20,8,0,0,8.0,9,8,,,0,0.0,0.0,8,0,8.0,95.0,,,96.0,,,8,95,995.0,,,,,,,,,,,,,,,,,,,,,,,,,,,,,,0,0,0,0,0,0,0,0,0,0,0,0,0,0,0,0,1,0,0,0,0,0,0,0,0,1,1,0,1,1,1,0,0,0,0,0.0,0,0,0,0,0,0,0,0,0,0,0,0,0,0,0,0,,,,,,51-55,46-55,US highway,R,Tuesday,,MC,Not Fatal,0,0,0,0,State Route,State Patrol,Washington State Patrol,0,1,0,0,0,,,,,,0.0,0.0,0.0,,,,,,,,,,,0.0,0.0,0.0,0.0,,,,,5.0,0.0,,,,,,,,,,,,,,,,99347,Bellevue,Pomeroy
1807,1843,1843,2019,164,E926984,1.0,2019-05-28,15:11,28,5,,23,Garfield,0,1,0.0,1,1,2,1,0,8,7,,,,12,0,1,402.0,1,0,1,3,1,1,2,0,0,50,3,US-12,,-117.5644694,46.474788889,1,5,98,50,3,55,80,0,0,1,2,12,1,1,2,1,5,1,9,95,0,98,706,2016,0,0.0,12,,,,,,1,1,52,1,7.0,,4,7,20,7,11,0,05/28/2019,15:11,53024140.0,24140.0,99.0,9.0,9.0,9.0,1,0,0.0,0.0,0.0,0,,,,,,0,,,,,,0,95,,999.0,9.0,9.0,99.0,99.0,99.0,99.0,,0,,,,,,0,,,20,8,0,0,0.0,9,8,,,0,0.0,0.0,8,0,8.0,95.0,,,96.0,,,8,95,995.0,,,,,,,,,,,,,,,,,,,,,,,,,,,,,,0,0,0,0,0,0,0,0,0,0,0,0,0,0,0,0,1,0,0,0,0,0,0,0,0,1,1,0,1,1,1,0,0,0,1,0.0,0,0,0,0,0,0,0,0,0,0,0,0,0,0,0,0,,,,,,51-55,46-55,US highway,R,Tuesday,,MC,White,0,0,0,0,State Route,State Patrol,Washington State Patrol,0,1,0,0,0,,,,,,99.0,99.0,99.0,,,,,,,,,,,0.0,0.0,0.0,1.0,,,,,5.0,0.0,,,,,,,,,,,,,,,,99347,Canada,Pomeroy
1808,1844,1844,2019,164,E926984,1.0,2019-05-28,15:11,28,5,,23,Garfield,0,1,0.0,1,1,2,1,0,8,7,,,,12,0,1,402.0,1,0,1,3,1,1,2,0,0,50,3,US-12,,-117.5644694,46.474788889,1,6,98,50,3,55,14,0,0,1,7,12,1,1,2,1,5,1,1,53,0,12,401,2013,0,0.0,12,12.0,,,,,1,1,39,2,0.0,,0,0,3,0,11,0,,,,,0.0,0.0,0.0,3.0,1,0,0.0,0.0,0.0,0,,,,,,0,,,,,,99347,53,67.0,220.0,6.0,1.0,0.0,0.0,0.0,0.0,,0,,,,,,0,,,20,0,0,0,8.0,9,8,,,0,0.0,0.0,8,0,8.0,95.0,,,96.0,,,8,95,995.0,,,,,,,,,,,,,,,,,,,,,,,,,,,,,,0,0,0,0,0,0,0,0,0,0,0,0,0,0,0,0,1,0,0,0,0,0,0,0,0,1,1,0,1,1,1,0,0,0,0,,0,0,0,0,0,0,0,0,0,0,0,0,0,0,0,0,,,,,,36-40,36-45,US highway,R,Tuesday,Belt Used,PV,Not Fatal,0,0,0,0,State Route,State Patrol,Washington State Patrol,0,1,0,0,0,,,,,,0.0,0.0,0.0,,,,,,,,,,,98.0,98.0,98.0,0.0,,,,,20.0,7.0,,,,,,,,,,,,,,,,99347,Pomeroy,Pomeroy
1809,1845,1845,2019,164,E926984,1.0,2019-05-28,15:11,28,5,,23,Garfield,0,1,0.0,1,1,2,1,0,8,7,,,,12,0,1,402.0,1,0,1,3,1,1,2,0,0,50,3,US-12,,-117.5644694,46.474788889,1,7,98,50,3,55,67,0,0,1,5,12,1,1,2,1,5,1,9,99,0,12,880,2011,0,0.0,12,,,,,,1,1,44,1,0.0,,0,0,3,0,11,0,,,,,0.0,0.0,0.0,3.0,1,0,0.0,0.0,0.0,0,,,,,,0,,,,,,99403,53,71.0,230.0,6.0,1.0,0.0,0.0,0.0,0.0,,0,,,,,,0,,,20,0,0,0,8.0,9,8,,,0,0.0,0.0,8,0,8.0,95.0,,,96.0,,,8,95,995.0,,,,,,,,,,,,,,,,,,,,,,,,,,,,,,0,0,0,0,0,0,0,0,0,0,0,0,0,0,0,0,1,0,0,0,0,0,0,0,0,1,1,0,1,1,1,0,0,0,0,,0,0,0,0,0,0,0,0,0,0,0,0,0,0,0,0,,,,,,41-45,36-45,US highway,R,Tuesday,,MHTRUCK,Not Fatal,0,0,0,0,State Route,State Patrol,Washington State Patrol,0,1,0,0,0,,,,,,0.0,0.0,0.0,,,,,,,,,,,98.0,98.0,98.0,0.0,,,,,20.0,7.0,,,,,,,,,,,,,,,,99347,Clarkston,Pomeroy