,index,Unnamed: 0,year,case,par,repjur,crash_dt,crash_tm,accday,accmon,holiday,county,co_char,city,weather,weather2,lightcond,surfcond,surftype,numfatal,nmforms,pforms,vforms,not_tm,arr_tm,hosp_tm,fhevent,hitrun,manncol,milepnt,reljunc,reljuncinter,intersectiontype,funcsystem,landuse,ownership,route,schlbus,spejur,contdev,devfunc,trafid1,trafid2,lon,lat,wk_zone,vnumber,crashtype,criticalevent,criticaleventcat,spdlim,body,trailer,emerg,hazcargo,leave,mhevent,roadalgn,roadprof,traflane,trafflow,vehmanvr,numoccs,regowner,regstate,spuse,make,model,modelyr,vrf1,vrf2,seqevent1,seqevent2,seqevent3,seqevent4,seqevent5,seqevent6,pnumber,ptype,age,sex,hispanic,race,injury,diedscene,restraint,restraintmisuse,seatpos,takehosp,death_dt,death_tm,cert,cernum_wa,commlic,licendor,licrestrict,liccomp,drivpres,drf1,drf2,drf3,drf4,distract1,distract2,distract3,distract4,distract5,distract6,dricond1,dricond2,dricond3,dricond4,dricond5,dricond6,dzip,licstate,drhgt_in,weight,noncdl,noncdltype,prevdwi,prevoth,prevacc,prevspd,prevsus,driviol1,driviol2,driviol3,driviol4,driviol5,driviol6,spdrel,first_dt,last_dt,airbag,ejection,ejectpath,extricat,injurwrk,methalc,methdrug,nmlocat,strikveh,prf1,prf2,prf3,druginv,alcinvol,drugsts,drugres1,drugres2,drugres3,drugtst1,drugtst2,drugtst3,alcsts,alctst,alcres,nmact1,nmact2,nmact3,nmact4,nmact5,nmact6,nmprior1,nmprior2,nmprior3,nmprior4,nmprior5,nmprior6,nmcond1,nmcond2,nmcond3,nmcond4,nmcond5,nmcond6,nmsafe_helmet,nmsafe_pads,nmsafe_oth,nmprev_ref,nmprev_lgt,nmprev_oth,crashlocation,nmcrashtype,crosswalk,schoolzone,sidewalk,train_inv,wildlife_inv,rotr_fars,intersect_fars,dd_inv,aid_inv,dpd_inv,id_inv,mj_inv,impnm_inv,ainm_inv,dpnm_inv,speed_inv,unlic_inv,unendmc_inv,drowsy_inv,drdist_inv,nmdist_inv,fty_inv,unrestfat_inv,dr1617_inv,dr1820_inv,dr1620_inv,dr2125_inv,dr1625_inv,dr65_inv,dr70_inv,dr75_inv,mc_inv,pv_inv,ht_inv,ped_inv,bike_inv,unrest_fat,mc_fat,unhelmet_mc,pv_fat,ht_fat,ped_fat,bike_fat,dr_alc7,dr_alc8,dr_drug,dr_imp,dr_dist,dr_spd,dr_fty,dr_unlic,dr_alc7only,dr_alc8only,dr_drugonly,dr_drink,nm_imp,nm_alc7,nm_alc8,nm_drug,nm_dist,agegrp1,agegrp2,roadclass,urbrur,dayweek,restuse,vehtype,race_me,intersect,lanedep,oppdir,wrongway,rep_typ,investag,repag_long,rotr,st_rd,cty_rd,city_rd,oth_rd,drug_thc,thc_res,drug_cthc,cthc_res,drug_cann,prevpersemin,prevperse,prevsusoth,drugtst4,drugtst5,drugtst6,drugtst7,drugtst8,drugres4,drugres5,drugres6,drugres7,drugres8,adspresent,adsengaged,adslevel,race1,race2,race3,race4,race5,helmet,helmetmisuse,nmdistract1,nmdistract2,nmdistract3,nmdistract4,nmdistract5,nmdistract6,lab,isedtcase,crf1,crf2,crf3,CoRoadName,CoMP,IntCoRoadName,IntCoMP,crashzip,dcity,crashcity
1810,1846,1846,2019,165,E927566,8.0,2019-03-31,2:14,31,3,,49,Pacific,0,5,0.0,2,1,2,1,0,2,2,,,,12,0,2,7.0,1,0,1,4,1,1,3,0,0,0,0,SR-6,,-123.6398472,46.611930556,0,1,50,10,2,55,34,0,0,1,2,12,1,1,2,1,1,1,1,53,0,49,472,2016,0,0.0,68,12.0,,,,,1,1,38,1,0.0,,0,0,3,0,11,0,,,,,0.0,0.0,0.0,3.0,1,0,0.0,0.0,0.0,7,,,,,,9,,,,,,98532,53,71.0,225.0,6.0,1.0,1.0,0.0,0.0,0.0,,97,,,,,,0,07/15/2016,07/15/2016,8,0,0,0,8.0,9,8,,,0,0.0,0.0,8,1,2.0,1.0,,,1.0,,,2,1,0.072,,,,,,,,,,,,,,,,,,,,,,,,,,,,,,0,0,0,0,1,0,1,1,0,0,0,0,0,0,0,0,1,0,0,0,0,0,0,0,0,0,0,0,0,1,0,0,0,0,0,,0,0,0,0,1,0,0,0,1,0,0,0,1,0,0,1,,,,,,36-40,36-45,State route,R,Sunday,Belt Used,PV,Not Fatal,0,1,1,0,State Route,State Patrol,WASHINGTON STATE PATROL,0,1,0,0,0,,,,,,0.0,1.0,0.0,,,,,,,,,,,98.0,98.0,98.0,0.0,,,,,20.0,7.0,,,,,,,,,,,,,,,,98577,Chehalis,Raymond
1811,1847,1847,2019,165,E927566,8.0,2019-03-31,2:14,31,3,,49,Pacific,0,5,0.0,2,1,2,1,0,2,2,,,,12,0,2,7.0,1,0,1,4,1,1,3,0,0,0,0,SR-6,,-123.6398472,46.611930556,0,2,51,62,4,55,2,0,0,1,2,12,1,1,2,1,1,1,1,53,0,14,4,1995,0,0.0,12,,,,,,1,1,49,1,7.0,,4,7,99,7,11,0,03/31/2019,2:14,53014536.0,14536.0,0.0,0.0,0.0,3.0,1,0,0.0,0.0,0.0,92,,,,,,99,,,,,,98577,53,72.0,215.0,6.0,1.0,0.0,0.0,0.0,2.0,,0,,,,,,0,10/15/2015,07/15/2018,8,0,0,0,0.0,9,8,,,0,0.0,0.0,8,9,2.0,401.0,417.0,177.0,1.0,1.0,1.0,2,1,0.0,,,,,,,,,,,,,,,,,,,,,,,,,,,,,,0,0,0,0,1,0,1,1,0,0,0,0,0,0,0,0,1,0,0,0,0,0,0,0,0,0,0,0,0,1,0,0,0,0,0,,1,0,0,0,0,0,1,1,1,0,0,0,0,0,1,0,,,,,,46-50,46-55,State route,R,Sunday,Unknown,PV,White,0,1,1,0,State Route,State Patrol,WASHINGTON STATE PATROL,0,1,0,0,0,,,,,,0.0,0.0,0.0,,,,,,,,,,,0.0,0.0,0.0,1.0,,,,,20.0,7.0,,,,,,,,,,,,,,,,98577,Raymond,Raymond
1812,1848,1848,2019,166,E906586,222.0,2019-03-31,9:33,31,3,,67,Thurston,1590,1,0.0,1,1,1,1,1,1,1,,,,8,0,0,0.0,3,0,3,3,2,4,6,0,0,0,0,CAPITOL WAY SE,8TH AVE,-122.9011472,47.041505556,0,1,13,80,5,98,4,0,0,1,5,8,1,2,4,1,11,1,1,53,0,49,40,2018,0,0.0,8,,,,,,1,1,33,1,0.0,,0,0,99,7,11,0,,,,,0.0,0.0,3.0,3.0,1,0,0.0,0.0,0.0,96,,,,,,0,,,,,,98502,53,64.0,100.0,6.0,1.0,0.0,0.0,0.0,0.0,,97,,,,,,0,,,20,0,0,0,8.0,9,8,,,0,0.0,0.0,8,0,8.0,95.0,,,96.0,,,8,95,995.0,,,,,,,,,,,,,,,,,,,,,,,,,,,,,,0,0,0,1,0,0,0,0,0,0,0,0,0,0,0,0,0,0,0,0,0,0,0,0,0,0,0,0,0,1,0,1,0,0,0,,0,0,0,0,0,0,0,0,0,0,0,0,0,0,0,0,,,,,,31-35,26-35,City street,U,Sunday,Unknown,PV,Not Fatal,1,0,0,0,City Street,Municipal/City Police,Olympia Police Department,0,0,0,1,0,,,,,,0.0,0.0,0.0,,,,,,,,,,,98.0,98.0,98.0,0.0,,,,,20.0,7.0,,,,,,,,,,,,,,,,98501,Olympia,Olympia
1813,1849,1849,2019,168,E908752,25.0,2019-03-29,3:21,29,3,,33,King,0,1,0.0,3,1,1,1,0,1,1,,,,1,0,0,6.9,1,0,1,5,2,2,4,0,0,0,0,CR-E VALLEY HWY,,-122.2494889,47.3537,0,1,1,13,2,98,2,0,0,1,7,1,1,1,2,1,1,1,2,53,0,14,4,1996,0,0.0,63,1.0,,,,,1,1,44,1,6.0,,4,0,3,0,11,5,04/06/2019,17:41,196053016434.0,16434.0,0.0,0.0,0.0,2.0,1,0,0.0,0.0,0.0,96,,,,,,99,,,,,,98146,53,66.0,195.0,1.0,1.0,0.0,0.0,2.0,0.0,,0,,,,,,4,02/15/2018,02/15/2019,1,0,0,0,0.0,9,8,,,0,0.0,0.0,8,9,0.0,0.0,,,0.0,,,2,1,0.34,,,,,,,,,,,,,,,,,,,,,,,,,,,,,,0,0,1,0,1,1,0,1,0,0,0,0,1,1,0,0,0,0,0,0,0,0,0,0,0,0,0,0,0,1,0,0,0,0,0,,1,0,0,0,0,1,0,1,0,1,0,1,0,1,0,1,,,,,,41-45,36-45,County road,U,Friday,Belt Used,PV,Hispanic,0,1,0,0,County Road,County Sheriff,King County Police,1,0,1,0,0,,,,,,0.0,0.0,0.0,,,,,,,,,,,0.0,0.0,0.0,298.0,,,,,20.0,7.0,,,,,,,,,,,,,,,,98032,Seattle,Kent
1814,1850,1850,2019,169,E927685,2.0,2019-06-03,1:36,3,6,,57,Skagit,0,1,0.0,2,1,2,1,0,3,1,,,,42,0,0,109.2,1,0,1,4,1,1,3,0,0,0,0,SR-20,,-121.4078667,48.574780556,0,1,1,13,2,50,34,0,0,1,2,42,3,1,2,1,14,3,2,53,0,12,473,2002,0,0.0,63,42.0,,,,,1,1,43,1,0.0,,0,0,99,7,11,0,,,,,0.0,0.0,0.0,2.0,1,0,0.0,0.0,0.0,96,,,,,,9,,,,,,99155,53,70.0,178.0,1.0,1.0,0.0,1.0,0.0,0.0,,11,,,,,,0,10/15/2015,03/15/2018,1,0,0,0,8.0,9,2,,,0,0.0,0.0,1,1,2.0,695.0,,,1.0,,,2,1,0.19,,,,,,,,,,,,,,,,,,,,,,,,,,,,,,0,0,1,0,1,1,1,1,1,0,0,0,0,1,0,0,0,0,0,1,0,0,0,0,0,0,0,0,0,1,0,0,0,0,0,,0,0,0,0,0,1,1,1,0,0,0,1,0,0,0,1,,,,,,41-45,36-45,State route,R,Monday,Unknown,PV,Not Fatal,0,1,0,0,State Route,State Patrol,Washington State Patrol,1,1,0,0,0,,,carboxy-thc,8.0,,0.0,0.0,2.0,,,,,,,,,,,98.0,98.0,98.0,0.0,,,,,20.0,7.0,,,,,,,,,,,,,,,,98267,Nespelem,Marblemount
1815,1851,1851,2019,170,E927693,7.0,2019-06-06,0:20,6,6,,33,King,1030,1,0.0,2,1,2,1,0,3,3,,,,45,0,0,23.8,1,0,1,3,2,1,3,0,0,0,0,SR-167,,-122.220825,47.413441667,1,1,15,50,3,60,80,0,0,1,7,2,1,1,2,3,6,1,1,53,0,98,706,2017,0,0.0,45,2.0,12.0,,,,1,1,28,1,7.0,,4,7,20,7,11,0,06/06/2019,0:20,103053026031.0,26031.0,0.0,0.0,0.0,3.0,1,0,0.0,0.0,0.0,96,,,,,,99,,,,,,98031,53,74.0,160.0,6.0,1.0,0.0,0.0,0.0,1.0,,0,,,,,,0,04/15/2017,04/15/2017,20,8,0,0,0.0,9,8,,,0,0.0,0.0,8,9,2.0,1.0,,,1.0,,,2,1,0.056,,,,,,,,,,,,,,,,,,,,,,,,,,,,,,0,0,0,0,1,0,0,0,0,0,0,0,0,0,0,0,0,0,0,0,0,0,0,0,0,0,0,0,1,1,1,0,0,0,1,0.0,0,0,0,0,1,0,0,0,0,0,0,0,1,0,0,1,,,,,,26-30,26-35,State route,U,Thursday,,MC,White,0,0,0,0,State Route,State Patrol,Washington State Patrol,0,1,0,0,0,,,,,,0.0,0.0,0.0,,,,,,,,,,,0.0,0.0,0.0,1.0,,,,,19.0,0.0,,,,,,,,,,,,,,,,98031,Kent,Kent
1816,1852,1852,2019,170,E927693,7.0,2019-06-06,0:20,6,6,,33,King,1030,1,0.0,2,1,2,1,0,3,3,,,,45,0,0,23.8,1,0,1,3,2,1,3,0,0,0,0,SR-167,,-122.220825,47.413441667,1,3,98,61,4,60,6,0,0,1,7,12,1,1,3,3,1,1,1,53,0,55,35,2009,0,0.0,12,,,,,,1,1,33,2,0.0,,0,0,3,0,11,0,,,,,0.0,0.0,0.0,3.0,1,0,0.0,0.0,0.0,96,,,,,,0,,,,,,98031,53,64.0,230.0,6.0,1.0,0.0,0.0,0.0,0.0,,0,,,,,,0,,,20,0,0,0,8.0,9,8,,,0,0.0,0.0,8,0,2.0,1.0,,,1.0,,,2,1,0.0,,,,,,,,,,,,,,,,,,,,,,,,,,,,,,0,0,0,0,1,0,0,0,0,0,0,0,0,0,0,0,0,0,0,0,0,0,0,0,0,0,0,0,1,1,1,0,0,0,0,,0,0,0,0,0,0,0,0,0,0,0,0,0,0,0,0,,,,,,31-35,26-35,State route,U,Thursday,Belt Used,PV,Not Fatal,0,0,0,0,State Route,State Patrol,Washington State Patrol,0,1,0,0,0,,,,,,0.0,0.0,0.0,,,,,,,,,,,98.0,98.0,98.0,0.0,,,,,20.0,7.0,,,,,,,,,,,,,,,,98031,Kent,Kent
1817,1853,1853,2019,171,E927748,2.0,2019-06-06,9:09,6,6,,61,Snohomish,0,1,0.0,1,1,2,1,0,2,2,,,,12,0,2,20.3,1,0,1,4,1,1,3,0,0,0,0,SR-530,,-121.8381278,48.277355556,0,1,50,10,2,55,14,0,0,1,7,12,2,1,2,1,14,1,1,53,0,2,404,1994,0,0.0,68,12.0,,,,,1,1,46,1,7.0,,4,7,20,7,11,0,06/06/2019,9:09,53026321.0,26321.0,0.0,0.0,0.0,3.0,1,28,0.0,0.0,0.0,0,,,,,,2,,,,,,98241,53,77.0,220.0,6.0,1.0,0.0,0.0,0.0,0.0,,0,,,,,,0,,,1,0,0,0,0.0,9,8,,,0,0.0,0.0,1,0,2.0,167.0,996.0,128.0,1.0,1.0,1.0,2,1,0.0,,,,,,,,,,,,,,,,,,,,,,,,,,,,,,0,0,0,0,0,0,1,1,0,0,0,0,0,0,0,1,0,0,0,1,0,0,0,0,0,0,0,0,0,1,1,0,0,1,0,,1,0,0,0,0,0,1,1,0,0,0,0,0,0,1,0,,,,,,46-50,46-55,State route,R,Thursday,Not Used,PV,White,0,1,1,0,State Route,State Patrol,Washington State Patrol,0,1,0,0,0,,,,,,0.0,0.0,0.0,1.0,,,,,177.0,,,,,0.0,0.0,0.0,1.0,,,,,20.0,7.0,,,,,,,,,,,,,,,,98223,Darrington,Arlington
1818,1854,1854,2019,171,E927748,2.0,2019-06-06,9:09,6,6,,61,Snohomish,0,1,0.0,1,1,2,1,0,2,2,,,,12,0,2,20.3,1,0,1,4,1,1,3,0,0,0,0,SR-530,,-121.8381278,48.277355556,0,2,51,62,4,55,63,0,0,1,7,12,1,1,2,1,1,1,3,53,0,86,881,2019,0,0.0,12,,,,,,1,1,60,2,0.0,,0,0,3,0,11,0,,,,,6.0,1.0,3.0,3.0,1,0,0.0,0.0,0.0,96,,,,,,0,,,,,,98292,53,71.0,147.0,6.0,1.0,0.0,2.0,0.0,0.0,,0,,,,,,0,10/15/2014,09/15/2015,20,0,0,0,8.0,9,8,,,0,0.0,0.0,8,0,0.0,0.0,,,0.0,,,0,0,996.0,,,,,,,,,,,,,,,,,,,,,,,,,,,,,,0,0,0,0,0,0,1,1,0,0,0,0,0,0,0,1,0,0,0,1,0,0,0,0,0,0,0,0,0,1,1,0,0,0,0,,0,0,0,0,0,0,0,0,0,0,0,0,0,0,0,0,,,,,,56-60,56-65,State route,R,Thursday,,MHTRUCK,Not Fatal,0,1,1,0,State Route,State Patrol,Washington State Patrol,0,1,0,0,0,,,,,,0.0,0.0,0.0,,,,,,,,,,,98.0,98.0,98.0,0.0,,,,,20.0,7.0,,,,,,,,,,,,,,,,98223,Stanwood,Arlington
1819,1855,1855,2019,172,E927874,8.0,2019-05-29,16:42,29,5,,9,Clallam,1990,1,0.0,1,1,2,1,0,2,2,,,,12,0,2,263.2,1,0,1,3,2,1,2,0,0,0,0,US-101,,-123.1143806,48.073202778,0,1,51,62,4,55,6,0,0,1,2,12,1,1,2,1,1,1,1,53,0,12,37,2003,0,0.0,12,,,,,,1,1,27,1,7.0,,4,7,3,0,11,0,05/29/2019,16:42,199053025381.0,25381.0,0.0,0.0,3.0,3.0,1,0,0.0,0.0,0.0,96,,,,,,99,,,,,,98362,53,72.0,185.0,6.0,1.0,0.0,1.0,1.0,0.0,,0,,,,,,0,11/15/2016,11/15/2016,1,0,0,0,0.0,9,8,,,0,0.0,0.0,8,9,2.0,1.0,,,1.0,,,2,1,0.0,,,,,,,,,,,,,,,,,,,,,,,,,,,,,,0,0,0,0,1,0,0,0,0,0,0,0,0,0,0,0,0,0,0,0,0,0,0,1,1,0,0,0,0,1,0,0,0,0,0,,1,0,0,0,0,0,0,0,0,0,0,0,0,0,0,0,,,,,,26-30,26-35,US highway,U,Wednesday,Belt Used,PV,White,0,1,1,0,State Route,State Patrol,Washington State Patrol,0,1,0,0,0,,,,,,0.0,0.0,0.0,,,,,,,,,,,98.0,98.0,98.0,1.0,,,,,20.0,7.0,,,,,,,,,,,,,,,,98382,Port Angeles,Sequim
1820,1856,1856,2019,172,E927874,8.0,2019-05-29,16:42,29,5,,9,Clallam,1990,1,0.0,1,1,2,1,0,2,2,,,,12,0,2,263.2,1,0,1,3,2,1,2,0,0,0,0,US-101,,-123.1143806,48.073202778,0,2,50,10,2,55,14,0,0,1,2,12,1,1,2,1,1,1,1,53,0,41,402,2001,0,0.0,63,69.0,68.0,12.0,,,1,1,25,1,0.0,,2,0,3,0,11,8,,,,,0.0,0.0,0.0,3.0,1,28,91.0,0.0,0.0,96,,,,,,9,,,,,,98362,53,70.0,165.0,6.0,1.0,0.0,0.0,0.0,0.0,,1,,,,,,0,,,1,0,0,0,8.0,9,8,,,0,0.0,0.0,8,1,2.0,1.0,,,1.0,,,2,1,0.053,,,,,,,,,,,,,,,,,,,,,,,,,,,,,,0,0,0,0,1,0,0,0,0,0,0,0,0,0,0,0,0,0,0,0,0,0,0,1,1,0,0,0,0,1,0,0,0,0,0,,0,0,0,0,1,0,0,0,0,0,0,0,1,0,0,1,,,,,,21-25,16-25,US highway,U,Wednesday,Belt Used,PV,Not Fatal,0,1,1,0,State Route,State Patrol,Washington State Patrol,0,1,0,0,0,,,,,,0.0,0.0,0.0,,,,,,,,,,,98.0,98.0,98.0,0.0,,,,,20.0,7.0,,,,,,,,,,,,,,,,98382,Port Angeles,Sequim
1821,1857,1857,2019,173,E928636,4.0,2019-06-04,9:15,4,6,,19,Ferry,0,1,0.0,1,1,2,1,0,2,2,,,,1,0,0,246.6,2,0,3,3,1,1,2,0,0,0,0,US-395,SR-20,-118.1227111,48.627430556,0,1,98,6,1,55,63,0,0,1,2,1,2,1,2,1,14,1,3,41,0,85,881,2008,0,0.0,68,1.0,12.0,,,,1,1,62,1,0.0,,3,0,3,0,11,8,,,,,6.0,1.0,3.0,3.0,1,28,0.0,0.0,0.0,96,,,,,,99,,,,,,99202,53,64.0,155.0,6.0,1.0,0.0,0.0,0.0,0.0,,97,,,,,,3,,,20,2,9,0,8.0,9,8,,,0,0.0,0.0,8,0,8.0,95.0,,,96.0,,,8,95,995.0,,,,,,,,,,,,,,,,,,,,,,,,,,,,,,0,0,0,1,0,0,0,0,0,0,0,0,1,0,0,0,0,0,0,0,0,0,0,0,0,1,0,0,1,0,1,0,0,0,0,,0,0,0,0,0,0,0,0,0,1,0,0,0,0,0,0,,,,,,61-65,56-65,US highway,R,Tuesday,,MHTRUCK,Not Fatal,0,0,0,0,State Route,State Patrol,Washington State Patrol,0,1,0,0,0,,,,,,0.0,0.0,0.0,,,,,,,,,,,98.0,98.0,98.0,0.0,,,,,20.0,7.0,,,,,,,,,,,,,,,,99141,Spokane,Kettle Falls
1822,1858,1858,2019,173,E928636,4.0,2019-06-04,9:15,4,6,,19,Ferry,0,1,0.0,1,1,2,1,0,2,2,,,,1,0,0,246.6,2,0,3,3,1,1,2,0,0,0,0,US-395,SR-20,-118.1227111,48.627430556,0,2,98,62,4,55,80,0,0,1,2,12,3,1,2,1,14,1,1,95,0,76,706,2012,0,0.0,12,,,,,,1,1,69,1,7.0,,4,7,20,7,11,0,06/04/2019,9:15,53025347.0,25347.0,99.0,9.0,9.0,9.0,1,0,0.0,0.0,0.0,96,,,,,,0,,,,,,0,95,,999.0,9.0,9.0,99.0,99.0,99.0,99.0,,0,,,,,,0,,,20,8,0,0,0.0,9,8,,,0,0.0,0.0,8,0,2.0,1.0,,,1.0,,,2,1,0.0,,,,,,,,,,,,,,,,,,,,,,,,,,,,,,0,0,0,1,0,0,0,0,0,0,0,0,1,0,0,0,0,0,0,0,0,0,0,0,0,1,0,0,1,0,1,0,0,0,1,0.0,0,0,0,0,0,0,0,0,0,0,0,0,0,0,0,0,,,,,,66-70,66-75,US highway,R,Tuesday,,MC,White,0,0,0,0,State Route,State Patrol,Washington State Patrol,0,1,0,0,0,,,,,,99.0,99.0,99.0,,,,,,,,,,,0.0,0.0,0.0,1.0,,,,,5.0,0.0,,,,,,,,,,,,,,,,99141,Canada,Kettle Falls
1823,1859,1859,2019,174,E928744,30.0,2019-06-02,12:19,2,6,,1,Adams,0,1,0.0,1,1,2,1,0,3,2,,,,12,0,2,7.9,1,0,1,7,1,2,4,0,0,0,0,CR-DAVIS RD W,,-118.8163,47.260936111,0,1,50,54,3,50,34,0,0,1,7,12,1,1,2,1,1,2,2,53,0,7,472,1995,0,0.0,12,,,,,,1,1,30,2,7.0,,4,7,20,7,11,0,06/02/2019,12:19,53025168.0,25168.0,0.0,0.0,3.0,2.0,1,51,0.0,0.0,0.0,15,,,,,,99,,,,,,98857,53,62.0,110.0,1.0,1.0,0.0,1.0,0.0,2.0,,0,,,,,,0,08/15/2014,05/15/2017,20,0,0,0,0.0,9,8,,,0,0.0,0.0,8,9,2.0,996.0,401.0,417.0,1.0,1.0,1.0,2,1,0.041,,,,,,,,,,,,,,,,,,,,,,,,,,,,,,0,0,0,0,1,0,1,1,0,0,0,0,0,1,0,0,1,0,0,1,0,1,1,0,1,0,0,0,0,1,0,0,0,1,0,,1,0,0,0,1,0,1,1,1,0,0,1,0,0,0,1,,,,,,26-30,26-35,County road,R,Sunday,Not Used,PV,White,0,0,0,1,County Road,County Sheriff,Lincoln County Sheriff's Office,0,0,1,0,0,,,,,,0.0,0.0,11.0,,,,,,,,,,,0.0,0.0,0.0,1.0,,,,,20.0,7.0,,,,,,,,,,,,,,,,99159,Warden,Odessa
1824,1860,1860,2019,174,E928744,30.0,2019-06-02,12:19,2,6,,1,Adams,0,1,0.0,1,1,2,1,0,3,2,,,,12,0,2,7.9,1,0,1,7,1,2,4,0,0,0,0,CR-DAVIS RD W,,-118.8163,47.260936111,0,2,51,54,3,50,4,0,0,1,7,12,1,1,2,1,1,1,2,53,0,20,25,2015,0,0.0,12,,,,,,1,1,20,1,0.0,,1,0,3,0,11,4,,,,,0.0,0.0,0.0,3.0,1,0,0.0,0.0,0.0,0,,,,,,0,,,,,,99159,53,69.0,145.0,6.0,1.0,0.0,0.0,0.0,0.0,,0,,,,,,0,,,8,0,0,0,8.0,9,8,,,0,0.0,0.0,8,0,8.0,95.0,,,96.0,,,8,95,995.0,,,,,,,,,,,,,,,,,,,,,,,,,,,,,,0,0,0,0,1,0,1,1,0,0,0,0,0,1,0,0,1,0,0,1,0,1,1,0,1,0,0,0,0,1,0,0,0,0,0,,0,0,0,0,0,0,0,0,0,0,0,0,0,0,0,0,,,,,,18-20,16-25,County road,R,Sunday,Belt Used,PV,Not Fatal,0,0,0,1,County Road,County Sheriff,Lincoln County Sheriff's Office,0,0,1,0,0,,,,,,0.0,0.0,0.0,,,,,,,,,,,98.0,98.0,98.0,0.0,,,,,20.0,7.0,,,,,,,,,,,,,,,,99159,Odessa,Odessa
1825,1861,1861,2019,175,E928933,146.0,2019-06-08,4:10,8,6,,77,Yakima,0,1,0.0,2,1,2,1,0,2,1,,,,1,0,0,0.5,1,0,1,7,2,2,4,0,0,0,0,CR-N PIONEER WAY,,-120.6895528,46.648577778,0,1,98,11,2,50,34,0,0,1,7,1,3,1,2,1,14,2,2,53,0,7,482,2004,0,0.0,63,69.0,68.0,1.0,,,1,1,18,1,0.0,,1,0,3,0,11,8,,,,,0.0,0.0,0.0,3.0,1,0,0.0,0.0,0.0,96,,,,,,9,,,,,,98923,53,71.0,174.0,6.0,1.0,0.0,1.0,1.0,0.0,,97,,,,,,0,04/15/2019,04/15/2019,20,0,0,0,8.0,9,8,,,0,0.0,0.0,8,1,2.0,1.0,,,1.0,,,2,1,0.14,,,,,,,,,,,,,,,,,,,,,,,,,,,,,,0,0,0,0,1,1,0,1,0,0,0,0,0,0,0,0,0,0,0,0,0,1,1,0,1,0,0,0,0,1,0,0,0,0,0,,0,0,0,0,0,1,0,1,0,0,0,0,0,1,0,1,,,,,,18-20,16-25,County road,U,Saturday,Belt Used,PV,Not Fatal,0,0,0,0,County Road,County Sheriff,Yakima County Sheriff's Office,0,0,1,0,0,,,,,,0.0,0.0,0.0,,,,,,,,,,,98.0,98.0,98.0,0.0,,,,,20.0,7.0,,,,,,,,,,,,,,,,98908,Cowiche,Yakima
1826,1862,1862,2019,176,E929083,5.0,2019-06-01,16:42,1,6,,41,Lewis,0,1,0.0,1,1,2,1,0,2,1,,,,34,0,0,8.5,1,0,1,4,1,1,3,0,0,0,0,SR-7,,-122.2002111,46.654388889,0,1,1,13,2,55,34,1,0,1,7,34,1,2,2,1,1,2,1,53,0,20,481,2005,0,0.0,63,34.0,32.0,,,,1,1,74,1,7.0,,4,7,3,0,11,0,06/01/2019,16:42,53024959.0,24959.0,0.0,0.0,3.0,3.0,1,0,0.0,0.0,0.0,96,,,,,,1,,,,,,98321,53,67.0,155.0,6.0,1.0,0.0,0.0,0.0,0.0,,0,,,,,,0,,,20,0,0,0,0.0,9,8,,,0,0.0,0.0,8,9,2.0,1.0,,,1.0,,,2,1,0.0,,,,,,,,,,,,,,,,,,,,,,,,,,,,,,0,0,1,0,0,0,0,0,0,0,0,0,0,0,0,0,0,0,0,0,0,0,0,0,0,1,1,0,0,1,0,0,0,0,0,,1,0,0,0,0,0,0,0,0,0,0,0,0,0,0,0,,,,,,71-75,66-75,State route,R,Saturday,Belt Used,PV,White,0,1,0,0,State Route,State Patrol,Washington State Patrol,1,1,0,0,0,,,,,,0.0,0.0,0.0,,,,,,,,,,,98.0,98.0,98.0,1.0,,,,,20.0,7.0,,,,,,,,,,,,,,,,98356,Buckley,Morton
1827,1863,1863,2019,177,E929090,5.0,2019-06-04,12:20,4,6,,41,Lewis,0,1,0.0,1,1,2,1,0,2,2,,,,12,0,6,96.6,1,0,1,3,1,1,2,0,0,0,0,US-12,,-122.2930444,46.554152778,0,1,98,53,3,55,80,0,0,1,2,12,1,2,2,1,12,1,1,53,0,72,706,2013,0,0.0,12,,,,,,1,1,59,2,7.0,,4,0,20,7,11,4,06/04/2019,12:53,138053025518.0,25518.0,0.0,0.0,0.0,3.0,1,48,0.0,0.0,0.0,96,,,,,,9,,,,,,98377,53,63.0,124.0,6.0,1.0,1.0,0.0,0.0,0.0,,0,,,,,,0,09/15/2014,09/15/2014,20,8,0,0,0.0,1,8,,,0,0.0,0.0,8,1,8.0,95.0,,,96.0,,,2,1,0.17,,,,,,,,,,,,,,,,,,,,,,,,,,,,,,0,0,0,0,1,1,0,1,0,0,0,0,0,0,0,0,0,0,0,0,0,0,0,0,0,0,0,0,1,0,1,0,0,0,1,0.0,0,0,0,0,0,1,0,1,0,0,0,0,0,1,0,1,,,,,,56-60,56-65,US highway,R,Tuesday,,MC,White,0,0,0,0,State Route,State Patrol,Washington State Patrol,0,1,0,0,0,,,,,,0.0,0.0,1.0,,,,,,,,,,,0.0,0.0,0.0,1.0,,,,,5.0,0.0,,,,,,,,,,,,,,,,98356,Randle,Morton
1828,1864,1864,2019,177,E929090,5.0,2019-06-04,12:20,4,6,,41,Lewis,0,1,0.0,1,1,2,1,0,2,2,,,,12,0,6,96.6,1,0,1,3,1,1,2,0,0,0,0,US-12,,-122.2930444,46.554152778,0,2,98,98,7,55,66,1,0,1,7,12,1,2,2,1,1,1,3,41,0,85,881,2016,0,0.0,12,,,,,,1,1,57,2,0.0,,0,0,3,0,11,0,,,,,6.0,1.0,0.0,3.0,1,0,0.0,0.0,0.0,96,,,,,,0,,,,,,97048,41,68.0,200.0,6.0,1.0,0.0,1.0,0.0,0.0,,0,,,,,,0,05/15/2017,05/15/2017,20,0,0,0,8.0,9,2,,,0,0.0,0.0,0,0,8.0,95.0,,,96.0,,,8,95,995.0,,,,,,,,,,,,,,,,,,,,,,,,,,,,,,0,0,0,0,1,1,0,1,0,0,0,0,0,0,0,0,0,0,0,0,0,0,0,0,0,0,0,0,1,0,1,0,0,0,0,,0,0,0,0,0,0,0,0,0,0,0,0,0,0,0,0,,,,,,56-60,56-65,US highway,R,Tuesday,,MHTRUCK,Not Fatal,0,0,0,0,State Route,State Patrol,Washington State Patrol,0,1,0,0,0,,,,,,0.0,0.0,0.0,,,,,,,,,,,98.0,98.0,98.0,0.0,,,,,20.0,7.0,,,,,,,,,,,,,,,,98356,Rainier,Morton