,index,Unnamed: 0,year,case,par,repjur,crash_dt,crash_tm,accday,accmon,holiday,county,co_char,city,weather,weather2,lightcond,surfcond,surftype,numfatal,nmforms,pforms,vforms,not_tm,arr_tm,hosp_tm,fhevent,hitrun,manncol,milepnt,reljunc,reljuncinter,intersectiontype,funcsystem,landuse,ownership,route,schlbus,spejur,contdev,devfunc,trafid1,trafid2,lon,lat,wk_zone,vnumber,crashtype,criticalevent,criticaleventcat,spdlim,body,trailer,emerg,hazcargo,leave,mhevent,roadalgn,roadprof,traflane,trafflow,vehmanvr,numoccs,regowner,regstate,spuse,make,model,modelyr,vrf1,vrf2,seqevent1,seqevent2,seqevent3,seqevent4,seqevent5,seqevent6,pnumber,ptype,age,sex,hispanic,race,injury,diedscene,restraint,restraintmisuse,seatpos,takehosp,death_dt,death_tm,cert,cernum_wa,commlic,licendor,licrestrict,liccomp,drivpres,drf1,drf2,drf3,drf4,distract1,distract2,distract3,distract4,distract5,distract6,dricond1,dricond2,dricond3,dricond4,dricond5,dricond6,dzip,licstate,drhgt_in,weight,noncdl,noncdltype,prevdwi,prevoth,prevacc,prevspd,prevsus,driviol1,driviol2,driviol3,driviol4,driviol5,driviol6,spdrel,first_dt,last_dt,airbag,ejection,ejectpath,extricat,injurwrk,methalc,methdrug,nmlocat,strikveh,prf1,prf2,prf3,druginv,alcinvol,drugsts,drugres1,drugres2,drugres3,drugtst1,drugtst2,drugtst3,alcsts,alctst,alcres,nmact1,nmact2,nmact3,nmact4,nmact5,nmact6,nmprior1,nmprior2,nmprior3,nmprior4,nmprior5,nmprior6,nmcond1,nmcond2,nmcond3,nmcond4,nmcond5,nmcond6,nmsafe_helmet,nmsafe_pads,nmsafe_oth,nmprev_ref,nmprev_lgt,nmprev_oth,crashlocation,nmcrashtype,crosswalk,schoolzone,sidewalk,train_inv,wildlife_inv,rotr_fars,intersect_fars,dd_inv,aid_inv,dpd_inv,id_inv,mj_inv,impnm_inv,ainm_inv,dpnm_inv,speed_inv,unlic_inv,unendmc_inv,drowsy_inv,drdist_inv,nmdist_inv,fty_inv,unrestfat_inv,dr1617_inv,dr1820_inv,dr1620_inv,dr2125_inv,dr1625_inv,dr65_inv,dr70_inv,dr75_inv,mc_inv,pv_inv,ht_inv,ped_inv,bike_inv,unrest_fat,mc_fat,unhelmet_mc,pv_fat,ht_fat,ped_fat,bike_fat,dr_alc7,dr_alc8,dr_drug,dr_imp,dr_dist,dr_spd,dr_fty,dr_unlic,dr_alc7only,dr_alc8only,dr_drugonly,dr_drink,nm_imp,nm_alc7,nm_alc8,nm_drug,nm_dist,agegrp1,agegrp2,roadclass,urbrur,dayweek,restuse,vehtype,race_me,intersect,lanedep,oppdir,wrongway,rep_typ,investag,repag_long,rotr,st_rd,cty_rd,city_rd,oth_rd,drug_thc,thc_res,drug_cthc,cthc_res,drug_cann,prevpersemin,prevperse,prevsusoth,drugtst4,drugtst5,drugtst6,drugtst7,drugtst8,drugres4,drugres5,drugres6,drugres7,drugres8,adspresent,adsengaged,adslevel,race1,race2,race3,race4,race5,helmet,helmetmisuse,nmdistract1,nmdistract2,nmdistract3,nmdistract4,nmdistract5,nmdistract6,lab,isedtcase,crf1,crf2,crf3,CoRoadName,CoMP,IntCoRoadName,IntCoMP,crashzip,dcity,crashcity
1829,1865,1865,2019,178,E929213,8.0,2019-05-23,7:40,23,5,,45,Mason,0,1,0.0,1,1,2,1,0,2,2,,,,12,0,6,313.9,1,0,1,3,1,1,2,0,0,0,0,US-101,,-122.9901667,47.604191667,0,1,64,13,2,50,63,1,0,1,7,1,1,2,2,1,1,1,3,53,0,85,881,2006,0,0.0,63,69.0,68.0,12.0,1.0,,1,1,47,1,0.0,,3,0,3,0,11,1,,,,,6.0,1.0,0.0,3.0,1,0,0.0,0.0,0.0,93,,,,,,0,,,,,,98362,53,70.0,250.0,6.0,1.0,0.0,3.0,1.0,1.0,,97,,,,,,0,09/15/2014,04/15/2018,20,0,0,0,8.0,9,8,,,0,0.0,0.0,8,0,8.0,95.0,,,96.0,,,8,95,995.0,,,,,,,,,,,,,,,,,,,,,,,,,,,,,,0,0,0,0,0,0,0,0,0,0,0,0,0,0,0,0,1,0,0,0,0,0,0,0,0,0,0,0,0,1,1,0,0,0,0,,0,0,0,0,0,0,0,0,1,0,0,0,0,0,0,0,,,,,,46-50,46-55,US highway,R,Thursday,,MHTRUCK,Not Fatal,0,1,1,0,State Route,State Patrol,Washington State Patrol,0,1,0,0,0,,,,,,0.0,0.0,5.0,,,,,,,,,,,98.0,98.0,98.0,0.0,,,,,20.0,7.0,,,,,,,,,,,,,,,,98555,Port Angeles,Lilliwaup
1830,1866,1866,2019,178,E929213,8.0,2019-05-23,7:40,23,5,,45,Mason,0,1,0.0,1,1,2,1,0,2,2,,,,12,0,6,313.9,1,0,1,3,1,1,2,0,0,0,0,US-101,,-122.9901667,47.604191667,0,2,65,62,4,50,34,0,0,1,2,12,1,2,2,1,1,1,1,53,0,7,482,2014,0,0.0,12,,,,,,1,1,61,1,7.0,,4,7,3,0,11,0,05/23/2019,7:40,53023525.0,23525.0,6.0,0.0,0.0,3.0,1,0,0.0,0.0,0.0,96,,,,,,99,,,,,,98512,53,72.0,165.0,6.0,1.0,0.0,0.0,0.0,0.0,,0,,,,,,0,,,8,0,0,0,0.0,9,8,,,0,0.0,0.0,8,9,2.0,1.0,,,1.0,,,2,1,0.0,,,,,,,,,,,,,,,,,,,,,,,,,,,,,,0,0,0,0,0,0,0,0,0,0,0,0,0,0,0,0,1,0,0,0,0,0,0,0,0,0,0,0,0,1,1,0,0,0,0,,1,0,0,0,0,0,0,0,0,0,0,0,0,0,0,0,,,,,,61-65,56-65,US highway,R,Thursday,Belt Used,PV,White,0,1,1,0,State Route,State Patrol,Washington State Patrol,0,1,0,0,0,,,,,,0.0,0.0,0.0,,,,,,,,,,,98.0,98.0,98.0,1.0,,,,,20.0,7.0,,,,,,,,,,,,,,,,98555,Olympia,Lilliwaup
1831,1867,1867,2019,179,E929760,35.0,2019-06-09,10:05,9,6,,53,Pierce,0,1,0.0,1,1,2,1,0,2,2,,,,12,0,6,0.6,2,0,3,4,2,2,4,0,0,0,0,CR-MILITARY RD S,BRESEMANN BLVD S,-122.4459639,47.122316667,0,1,68,15,2,35,4,0,0,1,5,12,1,1,2,1,11,1,1,53,0,18,18,1994,0,0.0,12,,,,,,1,1,80,1,0.0,,0,0,3,0,11,0,,,,,0.0,0.0,0.0,3.0,1,38,0.0,0.0,0.0,96,,,,,,0,,,,,,98445,53,68.0,180.0,6.0,1.0,0.0,0.0,0.0,0.0,,97,,,,,,0,,,20,0,0,0,8.0,9,8,,,0,0.0,0.0,8,0,8.0,95.0,,,96.0,,,8,95,995.0,,,,,,,,,,,,,,,,,,,,,,,,,,,,,,0,0,0,1,0,0,1,1,1,0,0,0,1,0,1,0,0,0,1,0,0,0,0,1,1,1,1,1,1,1,0,0,0,0,0,,0,0,0,0,0,0,0,0,0,0,1,0,0,0,0,0,,,,,,76-80,76+,County road,U,Sunday,Belt Used,PV,Not Fatal,1,0,0,0,County Road,County Sheriff,Law Enforcement Support Agency,0,0,1,0,0,,,,,,0.0,0.0,0.0,,,,,,,,,,,0.0,0.0,0.0,0.0,,,,,20.0,7.0,,,,,,,,,,,,,,,,98387,Tacoma,Spanaway
1832,1868,1868,2019,179,E929760,35.0,2019-06-09,10:05,9,6,,53,Pierce,0,1,0.0,1,1,2,1,0,2,2,,,,12,0,6,0.6,2,0,3,4,2,2,4,0,0,0,0,CR-MILITARY RD S,BRESEMANN BLVD S,-122.4459639,47.122316667,0,2,69,62,4,35,80,0,0,1,5,12,1,1,2,1,1,1,1,53,0,53,706,2012,0,0.0,12,,,,,,1,1,22,1,7.0,,4,0,20,7,11,4,06/09/2019,23:03,223053026305.0,26305.0,0.0,0.0,0.0,2.0,1,0,0.0,0.0,0.0,96,,,,,,9,,,,,,98387,53,70.0,150.0,6.0,1.0,0.0,1.0,0.0,3.0,,0,,,,,,3,09/15/2016,05/15/2019,20,8,0,0,0.0,9,1,,,0,0.0,0.0,1,9,2.0,605.0,695.0,,1.0,1.0,,2,1,0.0,,,,,,,,,,,,,,,,,,,,,,,,,,,,,,0,0,0,1,0,0,1,1,1,0,0,0,1,0,1,0,0,0,1,0,0,0,0,1,1,1,1,1,1,1,0,0,0,0,1,0.0,0,0,0,0,0,0,1,1,0,1,0,0,0,0,1,0,,,,,,21-25,16-25,County road,U,Sunday,,MC,White,1,0,0,0,County Road,County Sheriff,Law Enforcement Support Agency,0,0,1,0,0,thc,7.0,carboxy-thc,21.0,,0.0,0.0,0.0,,,,,,,,,,,0.0,0.0,0.0,1.0,,,,,19.0,0.0,,,,,,,,,,,,,,,,98387,Spanaway,Spanaway
1833,1869,1869,2019,180,E928835,290.0,2019-06-10,12:36,10,6,,53,Pierce,2230,1,0.0,1,0,0,1,1,1,1,,,,8,0,0,0.0,8,0,1,7,2,4,6,0,0,0,0,N 26TH ST,N HIGHLAND ST,-122.5133222,47.271119444,0,1,13,80,5,0,14,0,0,1,5,8,0,0,0,0,11,1,1,53,0,2,404,2002,0,0.0,8,,,,,,1,1,74,1,0.0,,0,0,3,0,11,0,,,,,0.0,0.0,3.0,3.0,1,0,0.0,0.0,0.0,93,,,,,,0,,,,,,98407,53,68.0,200.0,6.0,1.0,0.0,0.0,0.0,0.0,,0,,,,,,0,,,20,0,0,0,8.0,9,8,,,0,0.0,0.0,8,0,8.0,95.0,,,96.0,,,8,95,995.0,,,,,,,,,,,,,,,,,,,,,,,,,,,,,,0,0,0,0,0,0,0,0,0,1,0,1,0,0,0,0,1,0,0,0,0,0,0,0,0,1,1,0,0,1,0,1,0,0,0,,0,0,0,0,0,0,0,0,1,0,0,0,0,0,0,0,,,,,,71-75,66-75,City street,U,Monday,Belt Used,PV,Not Fatal,0,0,0,0,City Street,Municipal/City Police,Tacoma Police Department,0,0,0,1,0,,,,,,0.0,0.0,0.0,,,,,,,,,,,98.0,98.0,98.0,0.0,,,,,20.0,7.0,,,,,,,,,,,,,,,,98407,Tacoma,Tacoma
1834,1870,1870,2019,181,E929483,26.0,2019-06-12,0:09,12,6,,35,Kitsap,0,1,0.0,3,1,2,1,0,1,1,,,,24,0,0,0.4,1,0,1,5,2,2,4,0,0,0,0,CR-HANSBERRY ST NW,,-122.6518861,47.613013889,0,1,6,12,2,30,20,0,0,1,5,24,2,1,2,1,14,1,1,53,0,20,441,1993,0,0.0,68,64.0,24.0,,,,1,1,35,1,7.0,,4,0,3,0,11,8,06/12/2019,1:25,18053026899.0,26899.0,0.0,0.0,3.0,3.0,1,0,0.0,0.0,0.0,96,,,,,,9,,,,,,98311,53,71.0,310.0,6.0,1.0,0.0,0.0,0.0,3.0,,0,,,,,,4,06/15/2015,10/15/2018,20,0,0,0,0.0,1,8,,,0,0.0,0.0,8,1,2.0,605.0,695.0,,1.0,1.0,,2,1,0.15,,,,,,,,,,,,,,,,,,,,,,,,,,,,,,0,0,1,0,1,1,1,1,1,0,0,0,1,0,0,0,0,0,0,0,0,0,0,0,0,0,0,0,0,1,0,0,0,0,0,,1,0,0,0,0,1,1,1,0,1,0,0,0,0,0,1,,,,,,31-35,26-35,County road,U,Wednesday,Belt Used,PV,White,0,1,0,0,County Road,County Sheriff,Kitsap County Sheriff's Office,1,0,1,0,0,thc,888.0,carboxy-thc,51.0,,0.0,0.0,0.0,,,,,,,,,,,0.0,0.0,0.0,1.0,,,,,20.0,7.0,,,,,,,,,,,,,,,,98311,Bremerton,Bremerton
1835,1871,1871,2019,182,E929696,7.0,2019-06-07,15:53,7,6,,33,King,1640,10,0.0,1,2,2,1,0,2,2,,,,1,0,0,13.4,1,0,1,3,2,1,3,0,0,0,0,SR-167,,-122.2596194,47.271533333,0,1,98,9,1,60,80,0,0,1,2,1,1,1,2,3,15,1,1,6,0,72,706,2008,0,0.0,1,12.0,,,,,1,1,36,1,1.0,,4,7,20,7,11,0,06/07/2019,15:53,164053025998.0,25998.0,0.0,0.0,3.0,2.0,1,0,0.0,0.0,0.0,96,,,,,,99,,,,,,95123,6,66.0,185.0,1.0,1.0,0.0,0.0,1.0,0.0,,0,,,,,,0,05/15/2017,12/15/2017,20,8,0,0,0.0,9,8,,,0,0.0,0.0,8,9,2.0,1.0,,,1.0,,,2,1,0.0,,,,,,,,,,,,,,,,,,,,,,,,,,,,,,0,0,0,0,0,0,0,0,0,0,0,0,0,1,1,0,0,0,0,0,0,0,0,0,0,0,0,0,1,0,0,0,0,0,1,0.0,0,0,0,0,0,0,0,0,0,0,0,1,0,0,0,0,,,,,,36-40,36-45,State route,U,Friday,,MC,Hispanic,0,0,0,0,State Route,State Patrol,Washington State Patrol,0,1,0,0,0,,,,,,0.0,0.0,2.0,,,,,,,,,,,0.0,0.0,0.0,298.0,,,,,5.0,0.0,,,,,,,,,,,,,,,,98047,San Jose,Pacific
1836,1872,1872,2019,182,E929696,7.0,2019-06-07,15:53,7,6,,33,King,1640,10,0.0,1,2,2,1,0,2,2,,,,1,0,0,13.4,1,0,1,3,2,1,3,0,0,0,0,SR-167,,-122.2596194,47.271533333,0,2,98,98,7,60,80,0,0,1,5,12,1,1,2,3,15,1,1,6,0,72,706,2015,0,0.0,12,,,,,,1,1,40,1,0.0,,1,0,20,7,11,4,,,,,0.0,0.0,0.0,3.0,1,0,0.0,0.0,0.0,96,,,,,,0,,,,,,95123,6,70.0,240.0,6.0,1.0,0.0,0.0,1.0,0.0,,0,,,,,,0,01/15/2018,01/15/2018,20,8,0,0,8.0,9,8,,,0,0.0,0.0,8,0,8.0,95.0,,,96.0,,,8,95,995.0,,,,,,,,,,,,,,,,,,,,,,,,,,,,,,0,0,0,0,0,0,0,0,0,0,0,0,0,1,1,0,0,0,0,0,0,0,0,0,0,0,0,0,1,0,0,0,0,0,0,0.0,0,0,0,0,0,0,0,0,0,0,0,0,0,0,0,0,,,,,,36-40,36-45,State route,U,Friday,,MC,Not Fatal,0,0,0,0,State Route,State Patrol,Washington State Patrol,0,1,0,0,0,,,,,,0.0,0.0,0.0,,,,,,,,,,,0.0,0.0,0.0,0.0,,,,,5.0,0.0,,,,,,,,,,,,,,,,98047,San Jose,Pacific
1837,1873,1873,2019,183,E930005,129.0,2019-06-01,13:28,1,6,,53,Pierce,747,1,0.0,1,1,2,1,0,2,2,,,,12,0,2,0.0,3,0,2,7,2,4,6,0,3,0,0,12TH ST E,54TH AVE E,-122.357675,47.246252778,0,1,50,6,1,98,4,0,0,1,7,12,1,1,3,1,1,1,2,16,0,18,2,2002,0,0.0,68,12.0,,,,,1,1,35,8,1.0,,4,7,3,0,11,0,06/01/2019,13:28,74753025114.0,25114.0,0.0,0.0,3.0,2.0,1,28,0.0,0.0,0.0,96,,,,,,9,,,,,,98198,53,,999.0,1.0,1.0,1.0,0.0,0.0,0.0,,0,,,,,,4,09/15/2018,09/15/2018,1,0,0,0,0.0,9,8,,,0,0.0,0.0,8,1,2.0,1.0,,,1.0,,,2,1,0.24,,,,,,,,,,,,,,,,,,,,,,,,,,,,,,0,0,0,1,1,1,0,1,0,0,0,0,1,1,0,0,0,0,0,0,0,0,0,0,0,0,0,0,0,1,0,0,0,0,0,,1,0,0,0,0,1,0,1,0,1,0,1,0,1,0,1,,,,,,31-35,26-35,City street,U,Saturday,Belt Used,PV,Hispanic,0,1,1,0,City Street,Municipal/City Police,Fife Police Department,0,0,0,1,0,,,,,,0.0,1.0,1.0,,,,,,,,,,,98.0,98.0,98.0,298.0,,,,,20.0,7.0,,,,,,,,,,,,,,,,98424,Seattle,Fife
1838,1874,1874,2019,183,E930005,129.0,2019-06-01,13:28,1,6,,53,Pierce,747,1,0.0,1,1,2,1,0,2,2,,,,12,0,2,0.0,3,0,2,7,2,4,6,0,3,0,0,12TH ST E,54TH AVE E,-122.357675,47.246252778,0,2,51,62,4,25,15,0,0,1,7,12,1,1,3,1,1,1,1,53,0,54,421,2014,0,0.0,12,,,,,,1,1,49,2,0.0,,3,0,3,0,11,8,,,,,0.0,0.0,3.0,3.0,1,0,0.0,0.0,0.0,96,,,,,,0,,,,,,98424,53,60.0,160.0,6.0,1.0,0.0,0.0,0.0,0.0,,0,,,,,,0,,,8,0,0,0,8.0,9,8,,,0,0.0,0.0,8,0,8.0,95.0,,,96.0,,,8,95,995.0,,,,,,,,,,,,,,,,,,,,,,,,,,,,,,0,0,0,1,1,1,0,1,0,0,0,0,1,1,0,0,0,0,0,0,0,0,0,0,0,0,0,0,0,1,0,0,0,0,0,,0,0,0,0,0,0,0,0,0,0,0,0,0,0,0,0,,,,,,46-50,46-55,City street,U,Saturday,Belt Used,PV,Not Fatal,0,1,1,0,City Street,Municipal/City Police,Fife Police Department,0,0,0,1,0,,,,,,0.0,0.0,0.0,,,,,,,,,,,98.0,98.0,98.0,0.0,,,,,20.0,7.0,,,,,,,,,,,,,,,,98424,Fife,Fife
1839,1875,1875,2019,184,E930127,3.0,2019-06-10,11:40,10,6,,53,Pierce,0,1,0.0,1,1,2,1,0,2,2,,,,12,0,2,37.9,1,0,1,4,1,1,3,0,0,0,0,SR-507,,-122.5129,47.018058333,0,1,50,10,2,55,14,0,0,1,2,12,1,1,2,1,1,1,2,53,0,2,404,2007,0,0.0,68,12.0,,,,,1,1,58,2,7.0,,4,7,3,0,11,0,06/10/2019,11:40,193053026055.0,26055.0,0.0,0.0,3.0,3.0,1,28,0.0,0.0,0.0,92,,,,,,99,,,,,,98031,53,68.0,215.0,6.0,1.0,0.0,0.0,1.0,0.0,,0,,,,,,0,09/15/2014,09/15/2014,8,2,9,0,0.0,9,8,,,0,0.0,0.0,8,9,2.0,1.0,,,1.0,,,2,1,0.0,,,,,,,,,,,,,,,,,,,,,,,,,,,,,,0,0,0,0,0,0,0,0,0,0,0,0,0,0,0,0,1,0,0,0,0,0,0,0,0,1,1,0,0,1,1,0,0,0,0,,1,0,0,0,0,0,0,0,1,0,0,0,0,0,0,0,,,,,,56-60,56-65,State route,R,Monday,Belt Used,PV,White,0,1,1,0,State Route,State Patrol,Washington State Patrol,0,1,0,0,0,,,,,,0.0,0.0,0.0,,,,,,,,,,,98.0,98.0,98.0,1.0,,,,,20.0,7.0,,,,,,,,,,,,,,,,98433,Kent,Tacoma
1840,1876,1876,2019,184,E930127,3.0,2019-06-10,11:40,10,6,,53,Pierce,0,1,0.0,1,1,2,1,0,2,2,,,,12,0,2,37.9,1,0,1,4,1,1,3,0,0,0,0,SR-507,,-122.5129,47.018058333,0,2,51,62,4,55,63,1,0,1,7,12,1,1,2,1,1,1,3,53,0,86,881,2000,0,0.0,12,,,,,,1,1,73,1,0.0,,1,0,3,0,11,8,,,,,6.0,1.0,0.0,3.0,1,0,0.0,0.0,0.0,96,,,,,,0,,,,,,98371,53,69.0,178.0,6.0,1.0,0.0,1.0,3.0,0.0,,0,,,,,,0,09/15/2014,01/15/2017,20,0,0,0,8.0,9,8,,,0,0.0,0.0,8,0,8.0,95.0,,,96.0,,,8,95,995.0,,,,,,,,,,,,,,,,,,,,,,,,,,,,,,0,0,0,0,0,0,0,0,0,0,0,0,0,0,0,0,1,0,0,0,0,0,0,0,0,1,1,0,0,1,1,0,0,0,0,,0,0,0,0,0,0,0,0,0,0,0,0,0,0,0,0,,,,,,71-75,66-75,State route,R,Monday,,MHTRUCK,Not Fatal,0,1,1,0,State Route,State Patrol,Washington State Patrol,0,1,0,0,0,,,,,,0.0,0.0,0.0,,,,,,,,,,,98.0,98.0,98.0,0.0,,,,,20.0,7.0,,,,,,,,,,,,,,,,98433,Puyallup,Tacoma
1841,1877,1877,2019,185,E908378,159.0,2019-04-03,10:19,3,4,,5,Benton,1020,10,0.0,1,1,2,1,0,2,2,,,,12,0,2,0.0,1,0,1,7,2,4,6,0,0,0,0,W COLUMBIA DR,,-119.1209417,46.212986111,0,1,50,10,2,35,34,0,0,1,7,12,1,1,5,5,1,1,2,53,0,12,481,1993,0,0.0,68,12.0,,,,,1,1,45,2,0.0,,3,0,3,0,11,5,,,,,0.0,0.0,0.0,3.0,1,28,0.0,0.0,0.0,92,,,,,,99,,,,,,99337,53,66.0,148.0,6.0,1.0,2.0,6.0,2.0,2.0,,97,,,,,,0,06/15/2015,10/15/2018,20,0,0,0,8.0,9,8,,,0,0.0,0.0,8,9,2.0,401.0,417.0,,1.0,1.0,,2,1,0.0,,,,,,,,,,,,,,,,,,,,,,,,,,,,,,0,0,0,0,0,0,1,1,0,0,0,0,0,0,0,0,1,0,0,0,0,0,0,0,0,1,1,0,0,1,0,0,0,0,0,,0,0,0,0,0,0,1,1,1,0,0,0,0,0,1,0,,,,,,41-45,36-45,City street,U,Wednesday,Belt Used,PV,Not Fatal,0,1,1,0,City Street,Municipal/City Police,Kennewick Police Department,0,0,0,1,0,,,,,,0.0,0.0,0.0,,,,,,,,,,,0.0,0.0,0.0,0.0,,,,,20.0,7.0,,,,,,,,,,,,,,,,99336,Kennewick,Kennewick
1842,1878,1878,2019,185,E908378,159.0,2019-04-03,10:19,3,4,,5,Benton,1020,10,0.0,1,1,2,1,0,2,2,,,,12,0,2,0.0,1,0,1,7,2,4,6,0,0,0,0,W COLUMBIA DR,,-119.1209417,46.212986111,0,2,51,62,4,35,14,0,0,1,7,12,1,1,5,5,1,1,1,53,0,49,401,1999,0,0.0,12,,,,,,1,1,71,1,7.0,,4,0,3,0,11,4,04/14/2019,18:10,211053017304.0,17304.0,0.0,0.0,0.0,3.0,1,28,0.0,0.0,0.0,96,,,,,,0,,,,,,99301,53,74.0,198.0,6.0,1.0,0.0,0.0,0.0,0.0,,0,,,,,,0,,,8,0,0,0,0.0,9,8,,,0,0.0,0.0,8,0,8.0,95.0,,,96.0,,,8,95,995.0,,,,,,,,,,,,,,,,,,,,,,,,,,,,,,0,0,0,0,0,0,1,1,0,0,0,0,0,0,0,0,1,0,0,0,0,0,0,0,0,1,1,0,0,1,0,0,0,0,0,,1,0,0,0,0,0,0,0,0,0,0,0,0,0,0,0,,,,,,71-75,66-75,City street,U,Wednesday,Belt Used,PV,White,0,1,1,0,City Street,Municipal/City Police,Kennewick Police Department,0,0,0,1,0,,,,,,0.0,0.0,0.0,,,,,,,,,,,0.0,0.0,0.0,1.0,,,,,20.0,7.0,,,,,,,,,,,,,,,,99336,Pasco,Kennewick
1843,1879,1879,2019,186,E918788,7.0,2019-04-23,8:41,23,4,,33,King,1960,1,0.0,1,1,2,1,1,1,1,,,,8,0,0,34.7,1,0,1,3,2,1,3,0,0,0,0,SR-509,,-122.3255389,47.527730556,0,1,13,80,5,60,52,0,0,1,5,8,1,2,4,3,1,1,3,53,3,98,988,2018,0,0.0,8,,,,,,1,1,49,1,0.0,,0,0,3,0,11,0,,,,,6.0,3.0,3.0,3.0,1,0,0.0,0.0,0.0,96,,,,,,0,,,,,,98199,53,72.0,200.0,6.0,1.0,0.0,0.0,0.0,0.0,,0,,,,,,0,,,20,0,0,0,8.0,9,8,,,0,0.0,0.0,8,0,8.0,95.0,,,96.0,,,8,95,995.0,,,,,,,,,,,,,,,,,,,,,,,,,,,,,,0,0,0,0,0,0,0,0,0,1,0,1,0,0,0,0,0,0,0,0,0,0,0,0,0,0,0,0,0,0,0,1,0,0,0,,0,0,0,0,0,0,0,0,0,0,0,0,0,0,0,0,,,,,,46-50,46-55,State route,U,Tuesday,,BUS,Not Fatal,0,0,0,0,State Route,State Patrol,Washington State Patrol,0,1,0,0,0,,,,,,0.0,0.0,0.0,,,,,,,,,,,98.0,98.0,98.0,0.0,,,,,20.0,7.0,,,,,,,,,,,,,,,,98108,Seattle,Seattle
1844,1880,1880,2019,187,E916731,26.0,2019-04-30,19:04,30,4,,35,Kitsap,0,1,0.0,1,1,2,1,0,1,1,,,,24,0,0,1.3,1,0,1,4,1,2,4,0,0,0,0,CR-SEABECK HWY NW,,-122.7148056,47.590205556,0,1,2,6,1,35,80,0,0,1,7,24,3,2,2,1,14,1,2,53,0,76,706,2006,0,0.0,63,24.0,,,,,1,1,21,1,7.0,,4,0,20,7,11,1,05/18/2019,12:47,196053023804.0,23804.0,0.0,0.0,0.0,3.0,1,0,0.0,0.0,0.0,96,,,,,,99,,,,,,32583,12,68.0,999.0,6.0,1.0,0.0,0.0,0.0,2.0,,0,,,,,,4,05/15/2017,06/15/2018,20,8,0,0,0.0,9,8,,,0,0.0,0.0,8,9,8.0,95.0,,,96.0,,,8,95,995.0,,,,,,,,,,,,,,,,,,,,,,,,,,,,,,0,0,0,0,0,0,0,0,0,0,0,0,1,0,0,0,0,0,0,0,0,0,0,1,1,0,0,0,1,0,0,0,0,0,1,0.0,0,0,0,0,0,0,0,0,0,1,0,0,0,0,0,0,,,,,,21-25,16-25,County road,R,Tuesday,,MC,White,0,1,0,0,County Road,County Sheriff,Kitsap County Sheriff's Office,1,0,1,0,0,,,,,,0.0,0.0,1.0,,,,,,,,,,,0.0,0.0,0.0,1.0,,,,,19.0,0.0,,,,,,,,,,,,,,,,98312,Milton,Bremerton
1845,1881,1881,2019,188,E930330,242.0,2019-06-12,20:06,12,6,,53,Pierce,1770,1,0.0,1,1,1,1,0,1,1,,,,30,0,0,0.0,3,0,3,7,2,4,6,0,0,0,0,5TH ST SE,7TH ST SE,-122.2865639,47.163786111,0,1,1,13,2,25,4,0,0,1,7,1,4,1,2,1,14,1,1,53,0,30,40,2002,0,0.0,63,30.0,1.0,,,,1,1,34,1,1.0,,4,0,99,7,11,5,06/12/2019,20:47,223053027016.0,27016.0,0.0,0.0,0.0,3.0,1,0,0.0,0.0,0.0,96,,,,,,99,,,,,,98387,53,67.0,150.0,6.0,1.0,0.0,0.0,0.0,0.0,,0,,,,,,3,,,8,0,0,1,0.0,9,8,,,0,0.0,0.0,8,9,2.0,1.0,,,1.0,,,2,1,0.17,,,,,,,,,,,,,,,,,,,,,,,,,,,,,,0,0,1,1,1,1,0,1,0,0,0,0,1,0,0,0,0,0,0,0,0,0,0,0,0,0,0,0,0,1,0,0,0,0,0,,1,0,0,0,0,1,0,1,0,1,0,0,0,1,0,1,,,,,,31-35,26-35,City street,U,Wednesday,Unknown,PV,Hispanic,0,1,0,0,City Street,Municipal/City Police,Puyallup Police Department,1,0,0,1,0,,,,,,0.0,0.0,0.0,,,,,,,,,,,98.0,98.0,98.0,1.0,,,,,20.0,7.0,,,,,,,,,,,,,,,,98374,Spanaway,Puyallup
1846,1882,1882,2019,189,E905934,278.0,2019-03-21,3:21,21,3,,63,Spokane,2110,1,0.0,3,1,2,1,0,1,1,,,,42,0,0,0.0,1,0,1,3,2,4,6,0,0,0,0,N FREYA ST,,-117.3580861,47.667847222,0,1,1,13,2,98,14,0,0,1,7,2,3,8,2,1,14,1,2,53,0,12,401,1993,0,0.0,63,42.0,2.0,,,,1,1,23,1,7.0,,4,0,99,7,11,5,03/23/2019,13:32,211053013995.0,13995.0,0.0,0.0,3.0,2.0,1,0,0.0,0.0,0.0,92,,,,,,99,,,,,,99204,53,71.0,150.0,1.0,1.0,1.0,0.0,0.0,0.0,,0,,,,,,0,11/15/2017,11/15/2017,99,0,0,0,0.0,9,8,,,0,0.0,0.0,8,9,2.0,417.0,,,1.0,,,2,1,0.0,,,,,,,,,,,,,,,,,,,,,,,,,,,,,,0,0,1,0,0,0,1,1,0,0,0,0,0,1,0,0,1,0,0,0,0,0,0,1,1,0,0,0,0,1,0,0,0,0,0,,1,0,0,0,0,0,1,1,1,0,0,1,0,0,1,0,,,,,,21-25,16-25,City street,U,Thursday,Unknown,PV,White,0,1,0,0,City Street,Municipal/City Police,Spokane Police Department,1,0,0,1,0,,,,,,0.0,1.0,0.0,,,,,,,,,,,0.0,0.0,0.0,1.0,,,,,20.0,7.0,,,,,,,,,,,,,,,,99202,Spokane,Spokane