,index,Unnamed: 0,year,case,par,repjur,crash_dt,crash_tm,accday,accmon,holiday,county,co_char,city,weather,weather2,lightcond,surfcond,surftype,numfatal,nmforms,pforms,vforms,not_tm,arr_tm,hosp_tm,fhevent,hitrun,manncol,milepnt,reljunc,reljuncinter,intersectiontype,funcsystem,landuse,ownership,route,schlbus,spejur,contdev,devfunc,trafid1,trafid2,lon,lat,wk_zone,vnumber,crashtype,criticalevent,criticaleventcat,spdlim,body,trailer,emerg,hazcargo,leave,mhevent,roadalgn,roadprof,traflane,trafflow,vehmanvr,numoccs,regowner,regstate,spuse,make,model,modelyr,vrf1,vrf2,seqevent1,seqevent2,seqevent3,seqevent4,seqevent5,seqevent6,pnumber,ptype,age,sex,hispanic,race,injury,diedscene,restraint,restraintmisuse,seatpos,takehosp,death_dt,death_tm,cert,cernum_wa,commlic,licendor,licrestrict,liccomp,drivpres,drf1,drf2,drf3,drf4,distract1,distract2,distract3,distract4,distract5,distract6,dricond1,dricond2,dricond3,dricond4,dricond5,dricond6,dzip,licstate,drhgt_in,weight,noncdl,noncdltype,prevdwi,prevoth,prevacc,prevspd,prevsus,driviol1,driviol2,driviol3,driviol4,driviol5,driviol6,spdrel,first_dt,last_dt,airbag,ejection,ejectpath,extricat,injurwrk,methalc,methdrug,nmlocat,strikveh,prf1,prf2,prf3,druginv,alcinvol,drugsts,drugres1,drugres2,drugres3,drugtst1,drugtst2,drugtst3,alcsts,alctst,alcres,nmact1,nmact2,nmact3,nmact4,nmact5,nmact6,nmprior1,nmprior2,nmprior3,nmprior4,nmprior5,nmprior6,nmcond1,nmcond2,nmcond3,nmcond4,nmcond5,nmcond6,nmsafe_helmet,nmsafe_pads,nmsafe_oth,nmprev_ref,nmprev_lgt,nmprev_oth,crashlocation,nmcrashtype,crosswalk,schoolzone,sidewalk,train_inv,wildlife_inv,rotr_fars,intersect_fars,dd_inv,aid_inv,dpd_inv,id_inv,mj_inv,impnm_inv,ainm_inv,dpnm_inv,speed_inv,unlic_inv,unendmc_inv,drowsy_inv,drdist_inv,nmdist_inv,fty_inv,unrestfat_inv,dr1617_inv,dr1820_inv,dr1620_inv,dr2125_inv,dr1625_inv,dr65_inv,dr70_inv,dr75_inv,mc_inv,pv_inv,ht_inv,ped_inv,bike_inv,unrest_fat,mc_fat,unhelmet_mc,pv_fat,ht_fat,ped_fat,bike_fat,dr_alc7,dr_alc8,dr_drug,dr_imp,dr_dist,dr_spd,dr_fty,dr_unlic,dr_alc7only,dr_alc8only,dr_drugonly,dr_drink,nm_imp,nm_alc7,nm_alc8,nm_drug,nm_dist,agegrp1,agegrp2,roadclass,urbrur,dayweek,restuse,vehtype,race_me,intersect,lanedep,oppdir,wrongway,rep_typ,investag,repag_long,rotr,st_rd,cty_rd,city_rd,oth_rd,drug_thc,thc_res,drug_cthc,cthc_res,drug_cann,prevpersemin,prevperse,prevsusoth,drugtst4,drugtst5,drugtst6,drugtst7,drugtst8,drugres4,drugres5,drugres6,drugres7,drugres8,adspresent,adsengaged,adslevel,race1,race2,race3,race4,race5,helmet,helmetmisuse,nmdistract1,nmdistract2,nmdistract3,nmdistract4,nmdistract5,nmdistract6,lab,isedtcase,crf1,crf2,crf3,CoRoadName,CoMP,IntCoRoadName,IntCoMP,crashzip,dcity,crashcity
1847,1883,1883,2019,190,E932603,6.0,2019-05-26,1:53,26,5,,7,Chelan,0,10,0.0,2,1,2,1,0,7,3,,,,12,0,6,4.5,1,0,1,4,1,1,2,0,0,0,0,US-97A,,-120.2990722,47.534144444,0,1,66,10,2,60,4,0,0,1,7,12,2,1,2,1,14,1,2,49,0,49,32,2006,0,0.0,68,12.0,12.0,,,,1,1,20,2,7.0,,4,0,3,0,11,4,05/26/2019,3:31,246053023627.0,23627.0,0.0,0.0,3.0,3.0,1,28,0.0,0.0,0.0,96,,,,,,99,,,,,,84015,49,73.0,165.0,6.0,1.0,0.0,1.0,98.0,0.0,,0,,,,,,0,10/15/2016,10/15/2016,8,0,0,0,0.0,1,8,,,0,0.0,0.0,8,1,2.0,1.0,,,1.0,,,2,1,0.063,,,,,,,,,,,,,,,,,,,,,,,,,,,,,,0,0,0,0,1,0,0,0,0,0,0,0,0,0,0,0,0,0,0,0,0,1,1,1,1,0,0,0,0,1,0,0,0,0,0,,1,0,0,0,1,0,0,0,0,0,0,0,1,0,0,1,,,,,,18-20,16-25,US highway,R,Sunday,Belt Used,PV,Black,0,1,1,0,State Route,State Patrol,Washington State Patrol,0,1,0,0,0,,,,,,0.0,0.0,0.0,,,,,,,,,,,98.0,98.0,98.0,2.0,,,,,20.0,7.0,,,,,,,,,,,,,,,,98801,Clearfield,Wenatchee
1848,1884,1884,2019,190,E932603,6.0,2019-05-26,1:53,26,5,,7,Chelan,0,10,0.0,2,1,2,1,0,7,3,,,,12,0,6,4.5,1,0,1,4,1,1,2,0,0,0,0,US-97A,,-120.2990722,47.534144444,0,2,66,62,4,60,34,0,0,1,7,12,3,1,2,1,14,2,1,53,0,20,481,2000,0,0.0,12,,,,,,1,1,23,1,0.0,,0,0,3,0,11,0,,,,,0.0,0.0,0.0,3.0,1,0,0.0,0.0,0.0,96,,,,,,0,,,,,,98822,53,65.0,190.0,6.0,1.0,0.0,0.0,0.0,0.0,,0,,,,,,0,,,1,0,0,0,8.0,9,8,,,0,0.0,0.0,0,0,8.0,95.0,,,96.0,,,8,95,995.0,,,,,,,,,,,,,,,,,,,,,,,,,,,,,,0,0,0,0,1,0,0,0,0,0,0,0,0,0,0,0,0,0,0,0,0,1,1,1,1,0,0,0,0,1,0,0,0,0,0,,0,0,0,0,0,0,0,0,0,0,0,0,0,0,0,0,,,,,,21-25,16-25,US highway,R,Sunday,Belt Used,PV,Not Fatal,0,1,1,0,State Route,State Patrol,Washington State Patrol,0,1,0,0,0,,,,,,0.0,0.0,0.0,,,,,,,,,,,98.0,98.0,98.0,0.0,,,,,20.0,7.0,,,,,,,,,,,,,,,,98801,Entiat,Wenatchee
1849,1885,1885,2019,190,E932603,6.0,2019-05-26,1:53,26,5,,7,Chelan,0,10,0.0,2,1,2,1,0,7,3,,,,12,0,6,4.5,1,0,1,4,1,1,2,0,0,0,0,US-97A,,-120.2990722,47.534144444,0,3,98,62,4,60,14,0,0,1,7,12,3,1,2,1,14,4,1,53,0,49,401,2004,0,0.0,12,,,,,,1,1,26,1,0.0,,1,0,3,0,11,0,,,,,0.0,0.0,0.0,3.0,1,0,0.0,0.0,0.0,96,,,,,,0,,,,,,98822,53,73.0,205.0,6.0,1.0,0.0,2.0,0.0,1.0,,0,,,,,,0,03/15/2015,06/15/2018,8,0,0,0,8.0,9,8,,,0,0.0,0.0,8,0,8.0,95.0,,,96.0,,,8,95,995.0,,,,,,,,,,,,,,,,,,,,,,,,,,,,,,0,0,0,0,1,0,0,0,0,0,0,0,0,0,0,0,0,0,0,0,0,1,1,1,1,0,0,0,0,1,0,0,0,0,0,,0,0,0,0,0,0,0,0,0,0,0,0,0,0,0,0,,,,,,26-30,26-35,US highway,R,Sunday,Belt Used,PV,Not Fatal,0,1,1,0,State Route,State Patrol,Washington State Patrol,0,1,0,0,0,,,,,,0.0,0.0,0.0,,,,,,,,,,,98.0,98.0,98.0,0.0,,,,,20.0,7.0,,,,,,,,,,,,,,,,98801,Entiat,Wenatchee
1850,1886,1886,2019,191,E933262,307.0,2019-06-23,21:51,23,6,,71,Walla Walla,2390,1,0.0,2,1,2,1,0,1,1,,,,31,0,0,0.0,3,0,2,7,2,4,6,0,0,20,3,TAUMARSON RD,PLAZA WAY,-118.3447333,46.03605,0,1,1,13,2,98,80,0,0,1,7,31,3,1,2,1,14,1,1,53,0,37,706,2006,0,0.0,63,31.0,,,,,1,1,31,1,7.0,,4,0,20,7,11,8,06/23/2019,22:35,239053028399.0,28399.0,6.0,0.0,0.0,3.0,1,0,0.0,0.0,0.0,96,,,,,,99,,,,,,99362,53,75.0,170.0,6.0,1.0,1.0,1.0,0.0,1.0,,0,,,,,,3,01/15/2015,06/15/2017,20,8,0,0,0.0,9,8,,,0,0.0,0.0,8,9,8.0,95.0,,,96.0,,,8,95,995.0,,,,,,,,,,,,,,,,,,,,,,,,,,,,,,0,0,1,1,0,0,0,0,0,0,0,0,1,0,0,0,0,0,0,0,0,0,0,0,0,0,0,0,1,0,0,0,0,0,1,0.0,0,0,0,0,0,0,0,0,0,1,0,0,0,0,0,0,,,,,,31-35,26-35,City street,U,Sunday,,MC,White,0,1,0,0,City Street,Municipal/City Police,Walla Walla Police Department,1,0,0,1,0,,,,,,0.0,1.0,0.0,,,,,,,,,,,0.0,0.0,0.0,1.0,,,,,19.0,0.0,,,,,,,,,,,,,,,,99362,Walla Walla,Walla Walla
1851,1887,1887,2019,192,E919375,173.0,2019-05-11,20:40,11,5,,53,Pierce,1124,1,0.0,1,1,2,1,0,2,1,,,,1,0,0,0.0,1,0,1,5,2,4,6,0,0,0,0,DURANGO ST SW,,-122.4874861,47.183094444,0,1,6,12,2,35,2,0,0,1,7,1,1,1,2,1,1,2,1,53,0,35,48,2007,0,0.0,68,64.0,1.0,19.0,,,1,1,20,1,7.0,,4,0,99,7,11,5,05/17/2019,16:23,223053023274.0,23274.0,0.0,0.0,3.0,3.0,1,0,0.0,0.0,0.0,96,,,,,,99,,,,,,98498,53,67.0,140.0,6.0,1.0,0.0,0.0,1.0,0.0,,0,,,,,,4,03/15/2019,03/15/2019,8,0,0,0,0.0,9,8,,,0,0.0,0.0,8,9,8.0,95.0,,,96.0,,,8,95,995.0,,,,,,,,,,,,,,,,,,,,,,,,,,,,,,0,0,1,0,0,0,0,0,0,0,0,0,1,0,0,0,0,0,0,0,0,1,1,0,1,0,0,0,0,1,0,0,0,0,0,,1,0,0,0,0,0,0,0,0,1,0,0,0,0,0,0,,,,,,18-20,16-25,City street,U,Saturday,Unknown,PV,API,0,1,0,0,City Street,Municipal/City Police,Lakewood Police Department,1,0,0,1,0,,,,,,0.0,0.0,0.0,,,,,,,,,,,98.0,98.0,98.0,7.0,,,,,20.0,7.0,,,,,,,,,,,,,,,,98499,Lakewood,Lakewood
1852,1888,1888,2019,193,E934410,6.0,2019-06-26,9:35,26,6,,37,Kittitas,0,1,0.0,1,1,2,1,0,3,3,,,,12,0,2,147.1,1,0,1,3,1,1,2,0,0,28,3,US-97,,-120.6110389,47.331452778,1,1,50,10,2,60,1,0,0,1,7,12,2,2,3,1,14,1,1,53,0,30,47,2016,0,0.0,68,12.0,,,,,1,1,75,2,7.0,,4,7,3,0,11,0,06/26/2019,9:35,53029032.0,29032.0,0.0,0.0,0.0,3.0,1,28,0.0,0.0,0.0,96,,,,,,99,,,,,,98424,53,64.0,168.0,6.0,1.0,0.0,2.0,2.0,0.0,,0,,,,,,0,11/15/2015,12/15/2015,1,0,0,0,0.0,9,8,,,0,0.0,0.0,8,9,8.0,95.0,,,96.0,,,8,95,995.0,,,,,,,,,,,,,,,,,,,,,,,,,,,,,,0,0,0,0,0,0,0,0,0,0,0,0,0,0,0,0,0,0,0,0,0,0,0,0,0,1,1,1,0,1,1,0,0,0,0,,1,0,0,0,0,0,0,0,0,0,0,0,0,0,0,0,,,,,,71-75,66-75,US highway,R,Wednesday,Belt Used,PV,White,0,1,1,0,State Route,State Patrol,Washington State Patrol,0,1,0,0,0,,,,,,0.0,0.0,0.0,,,,,,,,,,,98.0,98.0,98.0,1.0,,,,,20.0,7.0,,,,,,,,,,,,,,,,98922,Fife,Cle Elum
1853,1889,1889,2019,193,E934410,6.0,2019-06-26,9:35,26,6,,37,Kittitas,0,1,0.0,1,1,2,1,0,3,3,,,,12,0,2,147.1,1,0,1,3,1,1,2,0,0,28,3,US-97,,-120.6110389,47.331452778,1,2,51,62,4,60,6,0,0,1,7,12,2,2,3,1,14,1,4,13,0,35,49,2018,0,0.0,12,12.0,,,,,1,1,61,1,0.0,,3,0,3,0,11,8,,,,,0.0,0.0,0.0,3.0,1,0,0.0,0.0,0.0,96,,,,,,0,,,,,,48383,26,73.0,165.0,6.0,1.0,0.0,0.0,0.0,0.0,,0,,,,,,0,,,8,0,0,0,8.0,9,2,,,0,0.0,0.0,0,0,8.0,95.0,,,96.0,,,8,95,995.0,,,,,,,,,,,,,,,,,,,,,,,,,,,,,,0,0,0,0,0,0,0,0,0,0,0,0,0,0,0,0,0,0,0,0,0,0,0,0,0,1,1,1,0,1,1,0,0,0,0,,0,0,0,0,0,0,0,0,0,0,0,0,0,0,0,0,,,,,,61-65,56-65,US highway,R,Wednesday,Belt Used,PV,Not Fatal,0,1,1,0,State Route,State Patrol,Washington State Patrol,0,1,0,0,0,,,,,,0.0,0.0,0.0,,,,,,,,,,,98.0,98.0,98.0,0.0,,,,,20.0,7.0,,,,,,,,,,,,,,,,98922,White Lake,Cle Elum
1854,1890,1890,2019,193,E934410,6.0,2019-06-26,9:35,26,6,,37,Kittitas,0,1,0.0,1,1,2,1,0,3,3,,,,12,0,2,147.1,1,0,1,3,1,1,2,0,0,28,3,US-97,,-120.6110389,47.331452778,1,3,98,61,4,60,66,1,0,1,5,12,2,2,3,1,14,1,3,53,0,85,881,2013,0,0.0,12,,,,,,1,1,59,1,0.0,,0,0,3,0,11,0,,,,,6.0,1.0,0.0,3.0,1,0,0.0,0.0,0.0,96,,,,,,0,,,,,,98632,53,70.0,180.0,6.0,1.0,0.0,0.0,1.0,0.0,,0,,,,,,0,08/15/2017,08/15/2017,20,0,0,0,8.0,9,2,,,0,0.0,0.0,0,0,8.0,95.0,,,96.0,,,8,95,995.0,,,,,,,,,,,,,,,,,,,,,,,,,,,,,,0,0,0,0,0,0,0,0,0,0,0,0,0,0,0,0,0,0,0,0,0,0,0,0,0,1,1,1,0,1,1,0,0,0,0,,0,0,0,0,0,0,0,0,0,0,0,0,0,0,0,0,,,,,,56-60,56-65,US highway,R,Wednesday,,MHTRUCK,Not Fatal,0,1,1,0,State Route,State Patrol,Washington State Patrol,0,1,0,0,0,,,,,,0.0,0.0,0.0,,,,,,,,,,,98.0,98.0,98.0,0.0,,,,,20.0,7.0,,,,,,,,,,,,,,,,98922,Longview,Cle Elum
1855,1891,1891,2019,194,E933789,6.0,2019-06-09,3:55,9,6,,25,Grant,0,1,0.0,2,1,2,1,0,8,4,,,,35,0,0,55.4,1,0,1,3,1,1,3,0,0,0,0,SR-17,,-119.4005278,47.222722222,0,1,6,12,2,60,34,0,0,1,7,1,1,1,2,1,1,1,2,53,0,12,481,2002,0,0.0,68,64.0,35.0,1.0,60.0,54.0,1,1,23,2,7.0,,4,7,20,7,11,0,06/09/2019,3:55,53026373.0,26373.0,0.0,0.0,3.0,2.0,1,0,0.0,0.0,0.0,96,,,,,,2,,,,,,98851,53,66.0,180.0,1.0,1.0,0.0,4.0,0.0,0.0,,0,,,,,,0,10/15/2014,08/15/2018,1,1,9,0,0.0,9,8,,,0,0.0,0.0,8,9,8.0,95.0,,,96.0,,,8,95,995.0,,,,,,,,,,,,,,,,,,,,,,,,,,,,,,0,0,1,0,0,0,0,0,0,0,0,0,0,1,0,1,0,0,0,1,0,0,0,1,1,0,0,0,0,1,0,0,0,1,0,,1,0,0,0,0,0,0,0,0,0,0,1,0,0,0,0,,,,,,21-25,16-25,State route,R,Sunday,Not Used,PV,White,0,1,0,0,State Route,State Patrol,Washington State Patrol,1,1,0,0,0,,,,,,0.0,0.0,6.0,,,,,,,,,,,98.0,98.0,98.0,1.0,,,,,20.0,7.0,,,,,,,,,,,,,,,,98837,Soap Lake,Moses Lake
1856,1892,1892,2019,194,E933789,6.0,2019-06-09,3:55,9,6,,25,Grant,0,1,0.0,2,1,2,1,0,8,4,,,,35,0,0,55.4,1,0,1,3,1,1,3,0,0,0,0,SR-17,,-119.4005278,47.222722222,0,2,98,90,6,60,20,0,0,1,5,54,1,1,2,1,1,1,1,53,0,37,441,2002,0,0.0,54,,,,,,1,1,45,1,0.0,,0,0,3,0,11,0,,,,,0.0,0.0,0.0,3.0,1,0,0.0,0.0,0.0,96,,,,,,0,,,,,,98823,53,65.0,190.0,6.0,1.0,0.0,1.0,1.0,4.0,,0,,,,,,0,11/15/2014,12/15/2017,20,0,0,0,8.0,9,8,,,0,0.0,0.0,8,0,8.0,95.0,,,96.0,,,8,95,995.0,,,,,,,,,,,,,,,,,,,,,,,,,,,,,,0,0,1,0,0,0,0,0,0,0,0,0,0,1,0,1,0,0,0,1,0,0,0,1,1,0,0,0,0,1,0,0,0,0,0,,0,0,0,0,0,0,0,0,0,0,0,0,0,0,0,0,,,,,,41-45,36-45,State route,R,Sunday,Belt Used,PV,Not Fatal,0,1,0,0,State Route,State Patrol,Washington State Patrol,1,1,0,0,0,,,,,,0.0,0.0,0.0,,,,,,,,,,,98.0,98.0,98.0,0.0,,,,,20.0,7.0,,,,,,,,,,,,,,,,98837,Ephrata,Moses Lake
1857,1893,1893,2019,194,E933789,6.0,2019-06-09,3:55,9,6,,25,Grant,0,1,0.0,2,1,2,1,0,8,4,,,,35,0,0,55.4,1,0,1,3,1,1,3,0,0,0,0,SR-17,,-119.4005278,47.222722222,0,3,98,90,6,60,2,0,0,1,5,54,1,1,2,1,1,3,2,53,0,20,36,2004,0,0.0,54,,,,,,1,1,59,2,0.0,,0,0,3,0,11,0,,,,,0.0,0.0,3.0,3.0,1,0,0.0,0.0,0.0,96,,,,,,0,,,,,,99135,53,67.0,210.0,6.0,1.0,0.0,1.0,0.0,0.0,,0,,,,,,0,12/15/2018,12/15/2018,20,0,0,0,8.0,9,8,,,0,0.0,0.0,8,0,8.0,95.0,,,96.0,,,8,95,995.0,,,,,,,,,,,,,,,,,,,,,,,,,,,,,,0,0,1,0,0,0,0,0,0,0,0,0,0,1,0,1,0,0,0,1,0,0,0,1,1,0,0,0,0,1,0,0,0,0,0,,0,0,0,0,0,0,0,0,0,0,0,0,0,0,0,0,,,,,,56-60,56-65,State route,R,Sunday,Belt Used,PV,Not Fatal,0,1,0,0,State Route,State Patrol,Washington State Patrol,1,1,0,0,0,,,,,,0.0,0.0,0.0,,,,,,,,,,,98.0,98.0,98.0,0.0,,,,,20.0,7.0,,,,,,,,,,,,,,,,98837,Hartline,Moses Lake
1858,1894,1894,2019,194,E933789,6.0,2019-06-09,3:55,9,6,,25,Grant,0,1,0.0,2,1,2,1,0,8,4,,,,35,0,0,55.4,1,0,1,3,1,1,3,0,0,0,0,SR-17,,-119.4005278,47.222722222,0,4,98,90,6,60,34,1,0,1,5,54,1,1,2,1,1,3,1,53,0,20,481,2016,0,0.0,54,,,,,,1,1,41,1,0.0,,0,0,3,0,11,0,,,,,0.0,0.0,0.0,3.0,1,0,0.0,0.0,0.0,96,,,,,,0,,,,,,98837,53,68.0,190.0,6.0,1.0,0.0,1.0,1.0,0.0,,0,,,,,,0,12/15/2014,08/15/2015,20,0,0,0,8.0,9,8,,,0,0.0,0.0,8,0,8.0,95.0,,,96.0,,,8,95,995.0,,,,,,,,,,,,,,,,,,,,,,,,,,,,,,0,0,1,0,0,0,0,0,0,0,0,0,0,1,0,1,0,0,0,1,0,0,0,1,1,0,0,0,0,1,0,0,0,0,0,,0,0,0,0,0,0,0,0,0,0,0,0,0,0,0,0,,,,,,41-45,36-45,State route,R,Sunday,Belt Used,PV,Not Fatal,0,1,0,0,State Route,State Patrol,Washington State Patrol,1,1,0,0,0,,,,,,0.0,0.0,0.0,,,,,,,,,,,98.0,98.0,98.0,0.0,,,,,20.0,7.0,,,,,,,,,,,,,,,,98837,Moses Lake,Moses Lake
1859,1895,1895,2019,195,E934230,146.0,2019-06-21,11:25,21,6,,77,Yakima,0,1,0.0,1,1,4,1,0,1,1,,,,1,0,0,2.0,1,0,1,7,2,2,4,0,3,0,0,CR-MEDICINE VALLEY RD,,-120.7963639,46.390091667,0,1,1,6,1,50,34,0,0,1,7,1,3,1,2,1,14,1,1,53,0,7,482,1998,0,0.0,63,69.0,63.0,1.0,,,1,1,33,1,7.0,,4,7,20,7,11,0,06/21/2019,11:25,53027954.0,27954.0,0.0,0.0,0.0,3.0,1,0,0.0,0.0,0.0,96,,,,,,99,,,,,,98951,53,75.0,225.0,6.0,1.0,0.0,0.0,0.0,0.0,,0,,,,,,4,,,20,2,9,0,0.0,9,8,,,0,0.0,0.0,8,9,2.0,605.0,695.0,,1.0,1.0,,2,1,0.23,,,,,,,,,,,,,,,,,,,,,,,,,,,,,,0,0,1,0,1,1,1,1,1,0,0,0,1,0,0,0,0,0,0,1,0,0,0,0,0,0,0,0,0,1,0,0,0,1,0,,1,0,0,0,0,1,1,1,0,1,0,0,0,0,0,1,,,,,,31-35,26-35,County road,U,Friday,Not Used,PV,White,1,0,0,0,County Road,County Sheriff,Yakima County Sheriff's Office,0,0,1,0,0,thc,2.9,carboxy-thc,15.0,,0.0,0.0,0.0,,,,,,,,,,,0.0,0.0,0.0,1.0,,,,,20.0,7.0,,,,,,,,,,,,,,,,98952,Wapato,White Swan
1860,1896,1896,2019,196,E934303,14.0,2019-06-25,16:45,25,6,,11,Clark,2420,1,0.0,1,1,2,2,2,1,1,,,,38,1,0,0.0,1,0,1,7,2,4,6,0,0,98,3,N SHEPHERD RD  THRUWAY,,-122.3669139,45.589091667,0,1,1,13,2,98,14,0,0,1,5,8,3,8,2,1,98,1,2,53,0,2,404,2005,0,0.0,63,38.0,8.0,8.0,31.0,,1,1,71,1,0.0,,0,0,99,7,11,0,,,,,0.0,0.0,0.0,3.0,1,91,0.0,0.0,0.0,96,,,,,,9,,,,,,98671,53,66.0,140.0,6.0,1.0,0.0,0.0,0.0,0.0,,1,7.0,,,,,0,,,20,0,0,0,8.0,9,8,,,0,0.0,0.0,8,1,2.0,1.0,,,1.0,,,2,1,0.075,,,,,,,,,,,,,,,,,,,,,,,,,,,,,,0,0,1,0,1,0,0,0,0,0,0,0,0,0,0,0,0,0,0,0,0,0,0,0,0,1,1,0,0,1,0,1,0,0,0,,0,0,0,0,1,0,0,0,0,0,0,0,1,0,0,1,,,,,,71-75,66-75,City street,U,Tuesday,Unknown,PV,Not Fatal,0,1,0,0,City Street,Municipal/City Police,Washougal Police Department,1,0,0,1,0,,,,,,0.0,0.0,0.0,,,,,,,,,,,98.0,98.0,98.0,0.0,,,,,20.0,7.0,,,,,,,,,,,,,,,,98671,Washougal,Washougal
1861,1897,1897,2019,197,E934621,2.0,2019-06-09,18:14,9,6,,73,Whatcom,0,1,0.0,1,1,2,1,0,3,1,,,,30,0,0,0.2,1,0,1,7,2,2,4,0,3,0,0,CR-S RED RIVER RD,,-122.6131833,48.816363889,0,1,6,6,1,35,34,0,0,1,5,30,2,1,2,1,6,3,1,53,0,12,481,2004,0,0.0,68,64.0,30.0,,,,1,1,42,1,0.0,,3,0,20,7,11,8,,,,,0.0,0.0,0.0,3.0,1,33,91.0,0.0,0.0,96,,,,,,9,,,,,,98226,53,71.0,210.0,6.0,1.0,0.0,0.0,0.0,1.0,,1,,,,,,4,02/15/2015,07/15/2015,20,1,9,0,8.0,9,8,,,0,0.0,0.0,8,1,8.0,95.0,,,96.0,,,8,95,995.0,,,,,,,,,,,,,,,,,,,,,,,,,,,,,,0,0,1,0,1,0,0,0,0,0,0,0,1,0,0,0,0,0,0,0,0,0,0,0,0,0,0,0,0,1,0,0,0,0,0,,0,0,0,0,0,0,0,0,0,1,0,0,0,0,0,1,,,,,,41-45,36-45,County road,U,Sunday,Not Used,PV,Not Fatal,0,1,0,0,County Road,State Patrol,Washington State Patrol,1,0,1,0,0,,,,,,0.0,0.0,1.0,,,,,,,,,,,98.0,98.0,98.0,0.0,,,,,20.0,7.0,,,,,,,,,,,,,,,,98248,Bellingham,Ferndale
1862,1898,1898,2019,198,E934696,7.0,2019-06-25,4:27,25,6,,33,King,0,5,0.0,2,0,0,1,0,4,2,,,,12,0,6,14.0,4,0,1,4,2,1,3,0,0,0,0,SR-202,,-121.9956583,47.629455556,0,1,82,15,2,0,2,0,0,1,7,12,0,0,0,0,11,3,2,53,0,12,3,2000,0,0.0,12,,,,,,1,1,19,2,1.0,,4,7,3,0,11,0,06/25/2019,4:27,53028338.0,28338.0,0.0,0.0,0.0,0.0,1,38,48.0,0.0,0.0,93,,,,,,99,,,,,,98125,53,64.0,130.0,0.0,0.0,0.0,0.0,0.0,0.0,,0,,,,,,0,,,8,0,0,0,0.0,9,8,,,0,0.0,0.0,8,9,2.0,401.0,417.0,407.0,1.0,1.0,1.0,2,1,0.0,,,,,,,,,,,,,,,,,,,,,,,,,,,,,,0,0,0,0,0,0,1,1,1,0,0,0,0,1,0,0,1,0,1,0,0,1,1,1,1,0,0,0,0,1,0,0,0,0,0,,1,0,0,0,0,0,1,1,1,0,1,1,0,0,1,0,,,,,,18-20,16-25,State route,U,Tuesday,Belt Used,PV,Hispanic,0,0,0,0,State Route,State Patrol,Washington State Patrol,0,1,0,0,0,thc,4.8,carboxy-thc,23.0,,0.0,0.0,0.0,1.0,1.0,1.0,,,402.0,605.0,695.0,,,98.0,98.0,98.0,202.0,201.0,,,,20.0,7.0,,,,,,,nms,,,,,,,,,98053,Seattle,Redmond
1863,1899,1899,2019,198,E934696,7.0,2019-06-25,4:27,25,6,,33,King,0,5,0.0,2,1,2,1,0,4,2,,,,12,0,6,14.0,4,0,1,4,2,1,3,0,0,0,0,SR-202,,-121.9956583,47.629455556,0,2,83,67,4,55,34,0,0,1,7,12,1,1,2,1,1,1,1,53,0,49,482,2003,0,0.0,12,,,,,,1,1,24,1,0.0,,1,0,3,0,11,8,,,,,0.0,0.0,0.0,3.0,1,0,0.0,0.0,0.0,96,,,,,,0,,,,,,98021,53,70.0,180.0,6.0,1.0,0.0,1.0,1.0,2.0,,0,,,,,,0,05/15/2016,08/15/2017,8,0,0,0,8.0,9,8,,,0,0.0,0.0,8,0,8.0,95.0,,,96.0,,,8,95,995.0,,,,,,,,,,,,,,,,,,,,,,,,,,,,,,0,0,0,0,0,0,1,1,1,0,0,0,0,1,0,0,1,0,1,0,0,1,1,1,1,0,0,0,0,1,0,0,0,0,0,,0,0,0,0,0,0,0,0,0,0,0,0,0,0,0,0,,,,,,21-25,16-25,State route,U,Tuesday,Belt Used,PV,Not Fatal,0,0,0,0,State Route,State Patrol,Washington State Patrol,0,1,0,0,0,,,,,,0.0,0.0,0.0,,,,,,,,,,,98.0,98.0,98.0,0.0,,,,,20.0,7.0,,,,,,,,,,,,,,,,98053,Bothell,Redmond
1864,1900,1900,2019,199,E934932,26.0,2019-06-27,16:26,27,6,,35,Kitsap,0,1,0.0,1,1,2,1,0,3,2,,,,12,0,2,2.2,1,0,1,5,1,2,4,0,0,0,0,CR-SE BURLEY OLALLA RD,,-122.5843806,47.431166667,0,1,50,10,2,98,4,0,0,1,7,12,2,2,2,1,14,1,2,53,0,49,40,2011,0,0.0,68,12.0,,,,,1,1,57,2,7.0,,4,7,3,0,11,0,06/27/2019,16:26,53029349.0,29349.0,0.0,0.0,3.0,3.0,1,28,0.0,0.0,0.0,96,,,,,,9,,,,,,98367,53,63.0,125.0,6.0,1.0,0.0,0.0,0.0,2.0,,0,,,,,,0,04/15/2016,05/15/2016,8,0,0,0,0.0,1,1,,,0,0.0,0.0,1,1,2.0,605.0,695.0,,1.0,1.0,,2,1,0.078,,,,,,,,,,,,,,,,,,,,,,,,,,,,,,0,0,0,0,1,0,1,1,1,0,0,0,0,0,0,0,0,0,0,0,0,0,0,0,0,0,0,0,0,1,0,0,0,0,0,,1,0,0,0,1,0,1,1,0,0,0,0,0,0,0,1,,,,,,56-60,56-65,County road,R,Thursday,Belt Used,PV,White,0,1,1,0,County Road,County Sheriff,Kitsap County Sheriff's Office,0,0,1,0,0,thc,28.0,carboxy-thc,65.0,,0.0,0.0,0.0,,,,,,,,,,,98.0,98.0,98.0,1.0,,,,,20.0,7.0,,,,,,,,,,,,,,,,98359,Port Orchard,Olalla