,index,Unnamed: 0,year,case,par,repjur,crash_dt,crash_tm,accday,accmon,holiday,county,co_char,city,weather,weather2,lightcond,surfcond,surftype,numfatal,nmforms,pforms,vforms,not_tm,arr_tm,hosp_tm,fhevent,hitrun,manncol,milepnt,reljunc,reljuncinter,intersectiontype,funcsystem,landuse,ownership,route,schlbus,spejur,contdev,devfunc,trafid1,trafid2,lon,lat,wk_zone,vnumber,crashtype,criticalevent,criticaleventcat,spdlim,body,trailer,emerg,hazcargo,leave,mhevent,roadalgn,roadprof,traflane,trafflow,vehmanvr,numoccs,regowner,regstate,spuse,make,model,modelyr,vrf1,vrf2,seqevent1,seqevent2,seqevent3,seqevent4,seqevent5,seqevent6,pnumber,ptype,age,sex,hispanic,race,injury,diedscene,restraint,restraintmisuse,seatpos,takehosp,death_dt,death_tm,cert,cernum_wa,commlic,licendor,licrestrict,liccomp,drivpres,drf1,drf2,drf3,drf4,distract1,distract2,distract3,distract4,distract5,distract6,dricond1,dricond2,dricond3,dricond4,dricond5,dricond6,dzip,licstate,drhgt_in,weight,noncdl,noncdltype,prevdwi,prevoth,prevacc,prevspd,prevsus,driviol1,driviol2,driviol3,driviol4,driviol5,driviol6,spdrel,first_dt,last_dt,airbag,ejection,ejectpath,extricat,injurwrk,methalc,methdrug,nmlocat,strikveh,prf1,prf2,prf3,druginv,alcinvol,drugsts,drugres1,drugres2,drugres3,drugtst1,drugtst2,drugtst3,alcsts,alctst,alcres,nmact1,nmact2,nmact3,nmact4,nmact5,nmact6,nmprior1,nmprior2,nmprior3,nmprior4,nmprior5,nmprior6,nmcond1,nmcond2,nmcond3,nmcond4,nmcond5,nmcond6,nmsafe_helmet,nmsafe_pads,nmsafe_oth,nmprev_ref,nmprev_lgt,nmprev_oth,crashlocation,nmcrashtype,crosswalk,schoolzone,sidewalk,train_inv,wildlife_inv,rotr_fars,intersect_fars,dd_inv,aid_inv,dpd_inv,id_inv,mj_inv,impnm_inv,ainm_inv,dpnm_inv,speed_inv,unlic_inv,unendmc_inv,drowsy_inv,drdist_inv,nmdist_inv,fty_inv,unrestfat_inv,dr1617_inv,dr1820_inv,dr1620_inv,dr2125_inv,dr1625_inv,dr65_inv,dr70_inv,dr75_inv,mc_inv,pv_inv,ht_inv,ped_inv,bike_inv,unrest_fat,mc_fat,unhelmet_mc,pv_fat,ht_fat,ped_fat,bike_fat,dr_alc7,dr_alc8,dr_drug,dr_imp,dr_dist,dr_spd,dr_fty,dr_unlic,dr_alc7only,dr_alc8only,dr_drugonly,dr_drink,nm_imp,nm_alc7,nm_alc8,nm_drug,nm_dist,agegrp1,agegrp2,roadclass,urbrur,dayweek,restuse,vehtype,race_me,intersect,lanedep,oppdir,wrongway,rep_typ,investag,repag_long,rotr,st_rd,cty_rd,city_rd,oth_rd,drug_thc,thc_res,drug_cthc,cthc_res,drug_cann,prevpersemin,prevperse,prevsusoth,drugtst4,drugtst5,drugtst6,drugtst7,drugtst8,drugres4,drugres5,drugres6,drugres7,drugres8,adspresent,adsengaged,adslevel,race1,race2,race3,race4,race5,helmet,helmetmisuse,nmdistract1,nmdistract2,nmdistract3,nmdistract4,nmdistract5,nmdistract6,lab,isedtcase,crf1,crf2,crf3,CoRoadName,CoMP,IntCoRoadName,IntCoMP,crashzip,dcity,crashcity
1883,1919,1919,2019,211,E936436,25.0,2019-06-28,20:52,28,6,,33,King,1030,1,0.0,1,1,2,1,0,2,2,,,,1,0,0,0.0,3,0,3,7,2,4,6,0,0,0,0,SE 256TH ST,137TH AVE SE,-122.1583333,47.372427778,0,2,98,62,4,35,15,0,0,1,7,12,1,3,2,1,12,1,3,53,5,20,421,2012,0,0.0,12,,,,,,1,1,31,1,0.0,,0,0,3,0,11,0,,,,,0.0,0.0,0.0,3.0,1,16,0.0,0.0,0.0,96,,,,,,0,,,,,,98030,53,67.0,190.0,6.0,1.0,0.0,0.0,1.0,0.0,,0,,,,,,0,05/15/2016,05/15/2016,20,0,0,0,8.0,9,8,,,0,0.0,0.0,8,0,8.0,95.0,,,96.0,,,8,95,995.0,,,,,,,,,,,,,,,,,,,,,,,,,,,,,,0,0,0,1,1,1,1,1,1,0,0,0,1,1,1,0,0,0,0,0,0,1,1,0,1,0,0,0,1,1,0,0,0,0,0,,0,0,0,0,0,0,0,0,0,0,0,0,0,0,0,0,,,,,,31-35,26-35,City street,U,Friday,Belt Used,PV,Not Fatal,0,0,0,0,City Street,County Sheriff,King County Police,0,0,0,1,0,,,,,,0.0,0.0,0.0,,,,,,,,,,,98.0,98.0,98.0,0.0,,,,,20.0,7.0,,,,,,,,,,,,,,,,98042,Kent,Kent
1884,1920,1920,2019,212,E936846,120.0,2019-06-30,1:10,30,6,,33,King,670,1,0.0,3,1,2,1,1,1,1,,,,8,0,0,16.3,1,0,1,4,2,1,3,0,0,0,0,SR-410,,-121.9749361,47.199325,0,1,13,11,2,40,4,0,0,1,5,8,1,1,3,5,1,1,1,53,0,49,32,2012,0,0.0,63,8.0,,,,,1,1,21,1,0.0,,0,0,3,0,11,0,,,,,0.0,0.0,0.0,3.0,1,0,0.0,0.0,0.0,93,,,,,,99,,,,,,98022,53,67.0,140.0,6.0,1.0,0.0,0.0,0.0,0.0,,97,,,,,,0,,,20,0,0,0,8.0,9,8,,,0,0.0,0.0,8,0,8.0,95.0,,,96.0,,,8,95,995.0,,,,,,,,,,,,,,,,,,,,,,,,,,,,,,0,0,0,0,0,0,0,0,0,0,0,0,0,0,0,0,1,0,0,0,0,0,0,1,1,0,0,0,0,1,0,1,0,0,0,,0,0,0,0,0,0,0,0,1,0,0,0,0,0,0,0,,,,,,21-25,16-25,State route,U,Sunday,Belt Used,PV,Not Fatal,0,0,0,0,State Route,Municipal/City Police,Enumclaw Police Department,0,1,0,0,0,,,,,,0.0,0.0,0.0,,,,,,,,,,,98.0,98.0,98.0,0.0,,,,,20.0,7.0,,,,,,,,,,,,,,,,98022,Enumclaw,Enumclaw
1885,1921,1921,2019,213,E937123,42.0,2019-06-29,2:43,29,6,,67,Thurston,0,1,0.0,2,1,1,1,0,2,2,,,,12,0,2,8.2,1,0,1,4,2,2,4,0,0,0,0,CR-YELM HWY SE,,-122.7474222,46.9855,0,1,50,10,2,50,6,0,0,1,7,12,4,2,2,1,14,1,1,53,0,63,37,2014,0,0.0,68,12.0,,,,,1,1,37,1,1.0,,4,7,20,7,11,0,06/29/2019,2:43,53030080.0,30080.0,0.0,0.0,0.0,3.0,1,28,0.0,0.0,0.0,92,,,,,,99,,,,,,98513,53,71.0,295.0,6.0,1.0,0.0,0.0,0.0,0.0,,0,,,,,,0,,,8,0,0,0,0.0,9,8,,,0,0.0,0.0,8,1,2.0,605.0,695.0,,1.0,1.0,,2,1,0.24,,,,,,,,,,,,,,,,,,,,,,,,,,,,,,0,0,0,0,1,1,1,1,1,0,0,0,1,0,0,0,1,0,0,1,0,0,0,0,0,0,0,0,0,1,0,0,0,1,0,,1,0,0,0,0,1,1,1,1,0,0,0,0,0,0,1,,,,,,36-40,36-45,County road,U,Saturday,Not Used,PV,Hispanic,0,1,1,0,County Road,County Sheriff,Thurston County Sheriff's Office,0,0,1,0,0,thc,13.0,carboxy-thc,57.0,,0.0,0.0,0.0,,,,,,,,,,,98.0,98.0,98.0,298.0,,,,,20.0,7.0,,,,,,,,,,,,,,,,98513,Olympia,Olympia
1886,1922,1922,2019,213,E937123,42.0,2019-06-29,2:43,29,6,,67,Thurston,0,1,0.0,2,1,1,1,0,2,2,,,,12,0,2,8.2,1,0,1,4,2,2,4,0,0,0,0,CR-YELM HWY SE,,-122.7474222,46.9855,0,2,51,62,4,50,34,0,0,1,5,12,4,2,2,1,14,1,1,53,0,7,482,2010,0,0.0,12,,,,,,1,1,47,2,0.0,,1,0,3,0,11,4,,,,,0.0,0.0,3.0,3.0,1,91,0.0,0.0,0.0,96,,,,,,9,,,,,,98501,53,68.0,135.0,6.0,1.0,1.0,1.0,0.0,0.0,,1,,,,,,4,03/15/2015,03/15/2015,8,0,0,0,8.0,9,8,,,0,0.0,0.0,8,1,8.0,95.0,,,96.0,,,8,95,995.0,,,,,,,,,,,,,,,,,,,,,,,,,,,,,,0,0,0,0,1,1,1,1,1,0,0,0,1,0,0,0,1,0,0,1,0,0,0,0,0,0,0,0,0,1,0,0,0,0,0,,0,0,0,0,0,0,0,0,0,1,0,0,0,0,0,1,,,,,,46-50,46-55,County road,U,Saturday,Belt Used,PV,Not Fatal,0,1,1,0,County Road,County Sheriff,Thurston County Sheriff's Office,0,0,1,0,0,,,,,,0.0,1.0,1.0,,,,,,,,,,,98.0,98.0,98.0,0.0,,,,,20.0,7.0,,,,,,,,,,,,,,,,98513,Olympia,Olympia
1887,1923,1923,2019,214,E937515,35.0,2019-07-06,15:27,6,7,,53,Pierce,0,1,0.0,1,1,2,1,0,2,1,,,,1,0,0,2.1,3,0,3,5,1,2,4,0,0,0,0,CR-WHITEMAN ROAD KP S,33RD ST SW,-122.7907861,47.227294444,0,1,7,9,1,40,20,0,0,1,7,1,3,2,2,1,14,2,1,53,0,12,443,2005,0,0.0,63,69.0,68.0,64.0,1.0,,1,1,62,2,0.0,,1,0,20,7,11,8,,,,,0.0,0.0,3.0,3.0,1,0,0.0,0.0,0.0,96,,,,,,0,,,,,,98349,53,63.0,136.0,6.0,1.0,0.0,0.0,0.0,0.0,,0,,,,,,0,,,20,0,0,0,8.0,9,8,,,0,0.0,0.0,8,0,8.0,95.0,,,96.0,,,8,95,995.0,,,,,,,,,,,,,,,,,,,,,,,,,,,,,,0,0,0,1,0,0,0,0,0,0,0,0,0,0,0,0,0,0,0,1,0,0,0,0,0,0,0,0,0,1,0,0,0,0,0,,0,0,0,0,0,0,0,0,0,0,0,0,0,0,0,0,,,,,,61-65,56-65,County road,R,Saturday,Not Used,PV,Not Fatal,0,1,0,0,County Road,County Sheriff,Law Enforcement Support Agency,1,0,1,0,0,,,,,,0.0,0.0,0.0,,,,,,,,,,,98.0,98.0,98.0,0.0,,,,,20.0,7.0,,,,,,,,,,,,,,,,98351,Lakebay,Longbranch
1888,1924,1924,2019,215,E937770,5.0,2019-06-30,12:36,30,6,,15,Cowlitz,0,1,0.0,1,1,2,1,0,1,1,,,,24,0,0,42.6,1,0,1,4,1,1,3,0,0,0,0,SR-503,,-122.553275,45.96415,0,1,6,6,1,50,80,0,0,1,7,24,3,2,2,1,14,1,1,53,0,72,706,2003,0,0.0,63,69.0,68.0,64.0,24.0,,1,1,84,1,7.0,,4,0,20,7,11,8,06/30/2019,14:25,237053029327.0,29327.0,0.0,0.0,3.0,3.0,1,0,0.0,0.0,0.0,96,,,,,,0,,,,,,98647,53,70.0,170.0,6.0,1.0,0.0,0.0,0.0,0.0,,0,,,,,,4,,,20,8,0,0,0.0,9,8,,,0,0.0,0.0,8,0,2.0,348.0,,,1.0,,,2,1,0.0,,,,,,,,,,,,,,,,,,,,,,,,,,,,,,0,0,1,0,0,0,1,1,0,0,0,0,1,0,0,0,0,0,0,0,0,0,0,0,0,1,1,1,1,0,0,0,0,0,1,0.0,0,0,0,0,0,0,1,1,0,1,0,0,0,0,1,0,,,,,,81+,76+,State route,R,Sunday,,MC,White,0,1,0,0,State Route,State Patrol,Washington State Patrol,1,1,0,0,0,,,,,,0.0,0.0,0.0,,,,,,,,,,,0.0,0.0,0.0,1.0,,,,,5.0,0.0,,,,,,,,,,,,,,,,98603,Skamokawa,Ariel
1889,1925,1925,2019,216,E937824,1.0,2019-06-22,23:31,22,6,,77,Yakima,0,1,0.0,2,1,2,1,0,2,2,,,,12,0,2,3.0,1,0,1,5,1,2,4,0,3,0,0,CR-LATERAL A RD,,-120.4804694,46.477283333,0,1,50,10,2,55,1,0,0,1,7,12,1,1,2,1,1,1,1,53,0,52,37,2001,0,0.0,68,12.0,,,,,1,1,25,2,1.0,,4,0,20,7,11,8,06/25/2019,11:23,196053029135.0,29135.0,0.0,0.0,0.0,3.0,1,0,0.0,0.0,0.0,96,,,,,,9,,,,,,98936,53,60.0,115.0,6.0,1.0,0.0,0.0,0.0,0.0,,11,,,,,,0,,,1,0,0,0,0.0,1,8,,,0,0.0,0.0,1,1,2.0,605.0,,,1.0,,,2,1,0.14,,,,,,,,,,,,,,,,,,,,,,,,,,,,,,0,0,0,0,1,1,1,1,1,0,0,0,0,0,0,0,0,0,0,1,0,1,1,1,1,0,0,0,0,1,0,0,0,1,0,,1,0,0,0,0,1,1,1,0,0,0,0,0,0,0,1,,,,,,21-25,16-25,County road,R,Saturday,Not Used,PV,Hispanic,0,1,1,0,County Road,State Patrol,Washington State Patrol,0,0,1,0,0,thc,1.3,,,,0.0,0.0,0.0,,,,,,,,,,,98.0,98.0,98.0,298.0,,,,,20.0,7.0,,,,,,,,,,,,,,,,98951,Moxee,Wapato
1890,1926,1926,2019,216,E937824,1.0,2019-06-22,23:31,22,6,,77,Yakima,0,1,0.0,2,1,2,1,0,2,2,,,,12,0,2,3.0,1,0,1,5,1,2,4,0,3,0,0,CR-LATERAL A RD,,-120.4804694,46.477283333,0,2,51,62,4,55,4,0,0,1,7,12,1,1,2,1,1,1,2,53,0,48,34,2000,0,0.0,12,,,,,,1,1,19,2,0.0,,2,0,3,0,11,4,,,,,0.0,0.0,0.0,3.0,1,0,0.0,0.0,0.0,96,,,,,,0,,,,,,98951,53,64.0,160.0,6.0,2.0,0.0,0.0,0.0,0.0,,0,,,,,,0,,,1,0,0,0,8.0,9,8,,,0,0.0,0.0,8,0,8.0,95.0,,,96.0,,,8,95,995.0,,,,,,,,,,,,,,,,,,,,,,,,,,,,,,0,0,0,0,1,1,1,1,1,0,0,0,0,0,0,0,0,0,0,1,0,1,1,1,1,0,0,0,0,1,0,0,0,0,0,,0,0,0,0,0,0,0,0,0,0,0,0,0,0,0,0,,,,,,18-20,16-25,County road,R,Saturday,Belt Used,PV,Not Fatal,0,1,1,0,County Road,State Patrol,Washington State Patrol,0,0,1,0,0,,,,,,0.0,0.0,0.0,,,,,,,,,,,98.0,98.0,98.0,0.0,,,,,20.0,7.0,,,,,,,,,,,,,,,,98951,Wapato,Wapato
1891,1927,1927,2019,217,E938426,160.0,2019-06-30,22:09,30,6,,33,King,1030,10,0.0,3,1,2,1,0,10,4,,,,12,1,7,6.6,1,0,1,3,2,1,3,0,0,0,0,SR-516,,-122.2188556,47.380761111,0,1,47,11,2,40,4,0,0,1,5,12,1,2,2,2,6,3,3,91,0,35,47,2018,0,0.0,12,63.0,69.0,65.0,12.0,,1,1,16,1,0.0,,9,0,99,7,11,8,,,,,0.0,0.0,0.0,0.0,1,28,0.0,0.0,0.0,96,,,,,,99,,,,,,93263,6,67.0,162.0,0.0,0.0,0.0,0.0,0.0,0.0,,97,,,,,,0,,,8,9,0,0,8.0,9,8,,,0,0.0,0.0,8,9,8.0,95.0,,,96.0,,,8,95,995.0,,,,,,,,,,,,,,,,,,,,,,,,,,,,,,0,0,0,0,0,0,0,0,0,0,0,0,0,1,0,0,0,0,0,0,1,0,1,1,1,0,0,0,0,1,0,0,0,0,0,,0,0,0,0,0,0,0,0,0,0,0,1,0,0,0,0,,,,,,16-17,16-25,State route,U,Sunday,Unknown,PV,Not Fatal,0,0,0,0,State Route,Municipal/City Police,Kent Police Department,0,1,0,0,0,,,,,,0.0,0.0,0.0,,,,,,,,,,,98.0,98.0,98.0,0.0,,,,,20.0,7.0,,,,,,,,,,,,,,,,98030,Shafter,Kent
1892,1928,1928,2019,217,E938426,160.0,2019-06-30,22:09,30,6,,33,King,1030,10,0.0,3,1,2,1,0,10,4,,,,12,0,7,6.6,1,0,1,3,2,1,3,0,0,0,0,SR-516,,-122.2188556,47.380761111,0,2,45,61,4,40,14,0,0,1,5,12,1,2,2,2,1,3,1,53,0,37,402,2009,0,0.0,12,,,,,,1,1,42,2,0.0,,0,0,3,0,11,0,,,,,0.0,0.0,0.0,3.0,1,0,0.0,0.0,0.0,96,,,,,,0,,,,,,98030,53,63.0,130.0,6.0,1.0,0.0,0.0,0.0,0.0,,0,,,,,,0,,,20,0,0,0,8.0,9,8,,,0,0.0,0.0,8,0,8.0,95.0,,,96.0,,,8,95,995.0,,,,,,,,,,,,,,,,,,,,,,,,,,,,,,0,0,0,0,0,0,0,0,0,0,0,0,0,1,0,0,0,0,0,0,1,0,1,1,1,0,0,0,0,1,0,0,0,0,0,,0,0,0,0,0,0,0,0,0,0,0,0,0,0,0,0,,,,,,41-45,36-45,State route,U,Sunday,Belt Used,PV,Not Fatal,0,0,0,0,State Route,Municipal/City Police,Kent Police Department,0,1,0,0,0,,,,,,0.0,0.0,0.0,,,,,,,,,,,98.0,98.0,98.0,0.0,,,,,20.0,7.0,,,,,,,,,,,,,,,,98030,Kent,Kent
1893,1929,1929,2019,217,E938426,160.0,2019-06-30,22:09,30,6,,33,King,1030,10,0.0,3,1,2,1,0,10,4,,,,12,0,7,6.6,1,0,1,3,2,1,3,0,0,0,0,SR-516,,-122.2188556,47.380761111,0,3,98,62,4,40,4,0,0,1,5,12,1,2,2,2,1,2,2,53,0,41,35,2002,0,0.0,12,65.0,12.0,,,,1,1,39,1,0.0,,2,0,99,7,11,8,,,,,0.0,0.0,0.0,3.0,1,0,0.0,0.0,0.0,96,,,,,,0,,,,,,98030,53,63.0,130.0,6.0,1.0,0.0,0.0,0.0,0.0,,0,,,,,,0,,,8,0,0,0,8.0,9,8,,,0,0.0,0.0,8,9,8.0,95.0,,,96.0,,,8,95,995.0,,,,,,,,,,,,,,,,,,,,,,,,,,,,,,0,0,0,0,0,0,0,0,0,0,0,0,0,1,0,0,0,0,0,0,1,0,1,1,1,0,0,0,0,1,0,0,0,0,0,,0,0,0,0,0,0,0,0,0,0,0,0,0,0,0,0,,,,,,36-40,36-45,State route,U,Sunday,Unknown,PV,Not Fatal,0,0,0,0,State Route,Municipal/City Police,Kent Police Department,0,1,0,0,0,,,,,,0.0,0.0,0.0,,,,,,,,,,,98.0,98.0,98.0,0.0,,,,,20.0,7.0,,,,,,,,,,,,,,,,98030,Kent,Kent
1894,1930,1930,2019,217,E938426,160.0,2019-06-30,22:09,30,6,,33,King,1030,10,0.0,3,1,2,1,0,10,4,,,,12,0,7,6.6,1,0,1,3,2,1,3,0,0,0,0,SR-516,,-122.2188556,47.380761111,0,4,98,98,7,40,4,0,0,1,5,12,1,2,2,2,1,2,2,53,0,49,32,2005,0,0.0,12,,,,,,1,1,25,1,0.0,,0,0,3,0,11,0,,,,,0.0,0.0,0.0,3.0,1,0,0.0,0.0,0.0,96,,,,,,0,,,,,,17112,42,71.0,999.0,6.0,1.0,0.0,0.0,0.0,0.0,,0,,,,,,0,,,20,0,0,0,8.0,9,8,,,0,0.0,0.0,8,0,8.0,95.0,,,96.0,,,8,95,995.0,,,,,,,,,,,,,,,,,,,,,,,,,,,,,,0,0,0,0,0,0,0,0,0,0,0,0,0,1,0,0,0,0,0,0,1,0,1,1,1,0,0,0,0,1,0,0,0,0,0,,0,0,0,0,0,0,0,0,0,0,0,0,0,0,0,0,,,,,,21-25,16-25,State route,U,Sunday,Belt Used,PV,Not Fatal,0,0,0,0,State Route,Municipal/City Police,Kent Police Department,0,1,0,0,0,,,,,,0.0,0.0,0.0,,,,,,,,,,,98.0,98.0,98.0,0.0,,,,,20.0,7.0,,,,,,,,,,,,,,,,98030,Harrisburg,Kent
1895,1931,1931,2019,218,E938584,8.0,2019-07-05,4:05,5,7,,9,Clallam,0,1,0.0,2,1,2,1,0,1,1,,,,1,0,0,254.1,1,0,1,3,1,1,2,0,0,0,0,US-101,,-123.309075,48.096202778,0,1,98,12,2,55,34,0,0,1,2,1,1,2,2,1,1,1,2,53,0,12,471,2000,0,0.0,64,69.0,1.0,,,,1,1,40,1,7.0,,4,7,20,7,11,0,07/05/2019,4:20,170053030349.0,30349.0,0.0,0.0,0.0,3.0,1,58,0.0,0.0,0.0,96,,,,,,9,,,,,,98382,53,74.0,200.0,6.0,1.0,0.0,2.0,0.0,1.0,,0,,,,,,0,11/15/2016,03/15/2019,20,1,9,0,0.0,1,8,,,0,0.0,0.0,1,1,2.0,155.0,996.0,605.0,1.0,1.0,1.0,2,1,0.164,,,,,,,,,,,,,,,,,,,,,,,,,,,,,,0,0,0,0,1,1,1,1,1,0,0,0,0,0,0,0,0,0,0,1,0,0,0,0,0,0,0,0,0,1,0,0,0,1,0,,1,0,0,0,0,1,1,1,0,0,0,0,0,0,0,1,,,,,,36-40,36-45,US highway,R,Friday,Not Used,PV,White,0,0,0,0,State Route,State Patrol,Washington State Patrol,0,1,0,0,0,thc,1.9,carboxy-thc,17.0,,0.0,0.0,3.0,1.0,,,,,695.0,,,,,98.0,98.0,98.0,1.0,,,,,20.0,7.0,,,,,,,nms,,,,,,,,,98362,Sequim,Port Angeles
1896,1932,1932,2019,219,E938697,7.0,2019-06-23,2:12,23,6,,33,King,735,1,0.0,2,1,1,1,0,2,2,,,,24,0,0,144.5,1,0,1,1,2,1,1,0,0,0,0,I-5,,-122.2942111,47.324183333,0,1,1,13,2,60,4,0,0,1,7,1,1,1,5,3,1,1,1,53,0,20,25,2012,0,0.0,63,24.0,1.0,12.0,,,1,1,29,2,7.0,,4,7,99,7,11,0,06/23/2019,2:12,73553028449.0,28449.0,0.0,0.0,3.0,3.0,1,0,0.0,0.0,0.0,96,,,,,,9,,,,,,98003,53,64.0,150.0,6.0,1.0,0.0,0.0,1.0,2.0,,0,,,,,,0,06/15/2016,01/15/2017,8,0,0,0,0.0,1,8,,,0,0.0,0.0,8,1,2.0,605.0,695.0,,1.0,1.0,,2,1,0.27,,,,,,,,,,,,,,,,,,,,,,,,,,,,,,0,0,1,0,1,1,1,1,1,0,0,0,0,0,0,0,0,0,0,0,0,0,0,1,1,0,0,0,0,1,0,0,0,0,0,,1,0,0,0,0,1,1,1,0,0,0,0,0,0,0,1,,,,,,26-30,26-35,Interstate,U,Sunday,Unknown,PV,Multiracial,0,1,0,0,State Route,State Patrol,Washington State Patrol,1,1,0,0,0,thc,22.0,carboxy-thc,26.0,,0.0,0.0,0.0,,,,,,,,,,,98.0,98.0,98.0,298.0,,,,,20.0,7.0,,,,,,,,,,,,,,,,98003,Federal Way,Federal Way
1897,1933,1933,2019,219,E938697,7.0,2019-06-23,2:12,23,6,,33,King,735,1,0.0,2,1,1,1,0,2,2,,,,24,0,0,144.5,1,0,1,1,2,1,1,0,0,0,0,I-5,,-122.2942111,47.324183333,0,2,98,98,7,60,5,0,0,1,7,12,1,1,5,3,1,1,1,53,0,37,39,2008,0,0.0,12,,,,,,1,1,25,2,0.0,,2,0,3,0,11,8,,,,,0.0,0.0,0.0,3.0,1,0,0.0,0.0,0.0,96,,,,,,0,,,,,,98407,53,68.0,150.0,6.0,1.0,0.0,0.0,1.0,1.0,,0,,,,,,0,09/15/2016,09/15/2016,1,0,0,0,8.0,9,8,,,0,0.0,0.0,8,0,8.0,95.0,,,96.0,,,8,95,995.0,,,,,,,,,,,,,,,,,,,,,,,,,,,,,,0,0,1,0,1,1,1,1,1,0,0,0,0,0,0,0,0,0,0,0,0,0,0,1,1,0,0,0,0,1,0,0,0,0,0,,0,0,0,0,0,0,0,0,0,0,0,0,0,0,0,0,,,,,,21-25,16-25,Interstate,U,Sunday,Belt Used,PV,Not Fatal,0,1,0,0,State Route,State Patrol,Washington State Patrol,1,1,0,0,0,,,,,,0.0,0.0,0.0,,,,,,,,,,,98.0,98.0,98.0,0.0,,,,,20.0,7.0,,,,,,,,,,,,,,,,98003,Tacoma,Federal Way
1898,1934,1934,2019,220,E938714,3.0,2019-07-03,20:55,3,7,,53,Pierce,2230,10,0.0,1,1,2,1,0,2,2,,,,12,0,1,131.4,1,0,1,1,2,1,1,0,0,0,0,I-5,,-122.4628667,47.21535,1,1,29,53,3,60,2,0,0,1,7,12,1,1,5,3,2,1,1,53,0,37,32,2004,0,0.0,12,,,,,,1,1,41,1,0.0,,0,0,3,0,11,0,,,,,0.0,0.0,0.0,3.0,1,91,0.0,0.0,0.0,96,,,,,,9,,,,,,98027,53,71.0,180.0,6.0,1.0,0.0,0.0,1.0,1.0,,1,11.0,,,,,3,03/15/2015,02/15/2016,20,0,0,0,8.0,9,8,,,0,0.0,0.0,8,1,8.0,95.0,,,96.0,,,8,95,995.0,,,,,,,,,,,,,,,,,,,,,,,,,,,,,,0,0,0,0,1,1,1,1,1,0,0,0,1,1,0,0,0,0,0,1,0,0,0,0,0,0,0,0,0,1,0,0,0,0,0,,0,0,0,0,0,0,0,0,0,1,0,0,0,0,0,1,,,,,,41-45,36-45,Interstate,U,Wednesday,Belt Used,PV,Not Fatal,0,0,0,0,State Route,State Patrol,Washington State Patrol,0,1,0,0,0,,,,,,0.0,0.0,0.0,,,,,,,,,,,98.0,98.0,98.0,0.0,,,,,20.0,7.0,,,,,,,,,,,,,,,,98409,Issaquah,Tacoma
1899,1935,1935,2019,220,E938714,3.0,2019-07-03,20:55,3,7,,53,Pierce,2230,10,0.0,1,1,2,1,0,2,2,,,,12,0,1,131.4,1,0,1,1,2,1,1,0,0,0,0,I-5,,-122.4628667,47.21535,1,2,28,52,3,60,4,0,0,1,2,1,1,1,5,3,1,1,2,53,0,24,7,2003,0,0.0,12,63.0,1.0,38.0,,,1,1,29,1,7.0,,4,0,20,7,11,4,07/03/2019,21:30,223053029854.0,29854.0,0.0,0.0,0.0,2.0,1,0,0.0,0.0,0.0,96,,,,,,99,,,,,,98499,53,66.0,150.0,1.0,1.0,1.0,0.0,0.0,2.0,,0,,,,,,3,10/15/2014,03/15/2019,20,1,9,0,0.0,9,8,,,0,0.0,0.0,8,1,2.0,605.0,,,1.0,,,2,1,0.18,,,,,,,,,,,,,,,,,,,,,,,,,,,,,,0,0,0,0,1,1,1,1,1,0,0,0,1,1,0,0,0,0,0,1,0,0,0,0,0,0,0,0,0,1,0,0,0,1,0,,1,0,0,0,0,1,1,1,0,1,0,1,0,0,0,1,,,,,,26-30,26-35,Interstate,U,Wednesday,Not Used,PV,White,0,0,0,0,State Route,State Patrol,Washington State Patrol,0,1,0,0,0,thc,1.6,,,,0.0,1.0,4.0,,,,,,,,,,,98.0,98.0,98.0,1.0,,,,,20.0,7.0,,,,,,,,,,,,,,,,98409,Lakewood,Tacoma
1900,1936,1936,2019,223,3767144,263.0,2019-06-10,17:13,10,6,,33,King,1960,1,0.0,1,1,2,1,0,3,3,,,,12,0,6,0.0,2,0,2,4,2,4,6,0,0,3,3,35TH AVE,NE 75TH ST,-122.2904972,47.683038889,0,1,68,15,2,30,34,0,0,1,8,12,1,1,2,1,11,1,1,53,0,7,482,2004,0,0.0,12,,,,,,1,1,87,1,0.0,,0,0,3,0,11,0,,,,,0.0,0.0,0.0,3.0,1,0,0.0,0.0,0.0,92,,,,,,98,,,,,,98115,53,74.0,160.0,6.0,1.0,0.0,1.0,1.0,0.0,,97,,,,,,0,08/15/2016,08/15/2016,20,0,0,0,8.0,9,8,,,0,0.0,0.0,8,8,8.0,95.0,,,96.0,,,8,95,995.0,,,,,,,,,,,,,,,,,,,,,,,,,,,,,,0,0,0,1,0,0,0,0,0,0,0,0,0,0,1,0,1,0,0,0,0,0,0,1,1,1,1,1,1,1,0,0,0,0,0,,0,0,0,0,0,0,0,0,1,0,0,0,0,0,0,0,,,,,,81+,76+,City street,U,Monday,Belt Used,PV,Not Fatal,1,0,0,0,City Street,Municipal/City Police,Seattle Police Department,0,0,0,1,0,,,,,,0.0,0.0,0.0,,,,,,,,,,,98.0,98.0,98.0,0.0,,,,,20.0,7.0,,,,,,,,,,,,,,,,98115,Seattle,Seattle