,index,Unnamed: 0,year,case,par,repjur,crash_dt,crash_tm,accday,accmon,holiday,county,co_char,city,weather,weather2,lightcond,surfcond,surftype,numfatal,nmforms,pforms,vforms,not_tm,arr_tm,hosp_tm,fhevent,hitrun,manncol,milepnt,reljunc,reljuncinter,intersectiontype,funcsystem,landuse,ownership,route,schlbus,spejur,contdev,devfunc,trafid1,trafid2,lon,lat,wk_zone,vnumber,crashtype,criticalevent,criticaleventcat,spdlim,body,trailer,emerg,hazcargo,leave,mhevent,roadalgn,roadprof,traflane,trafflow,vehmanvr,numoccs,regowner,regstate,spuse,make,model,modelyr,vrf1,vrf2,seqevent1,seqevent2,seqevent3,seqevent4,seqevent5,seqevent6,pnumber,ptype,age,sex,hispanic,race,injury,diedscene,restraint,restraintmisuse,seatpos,takehosp,death_dt,death_tm,cert,cernum_wa,commlic,licendor,licrestrict,liccomp,drivpres,drf1,drf2,drf3,drf4,distract1,distract2,distract3,distract4,distract5,distract6,dricond1,dricond2,dricond3,dricond4,dricond5,dricond6,dzip,licstate,drhgt_in,weight,noncdl,noncdltype,prevdwi,prevoth,prevacc,prevspd,prevsus,driviol1,driviol2,driviol3,driviol4,driviol5,driviol6,spdrel,first_dt,last_dt,airbag,ejection,ejectpath,extricat,injurwrk,methalc,methdrug,nmlocat,strikveh,prf1,prf2,prf3,druginv,alcinvol,drugsts,drugres1,drugres2,drugres3,drugtst1,drugtst2,drugtst3,alcsts,alctst,alcres,nmact1,nmact2,nmact3,nmact4,nmact5,nmact6,nmprior1,nmprior2,nmprior3,nmprior4,nmprior5,nmprior6,nmcond1,nmcond2,nmcond3,nmcond4,nmcond5,nmcond6,nmsafe_helmet,nmsafe_pads,nmsafe_oth,nmprev_ref,nmprev_lgt,nmprev_oth,crashlocation,nmcrashtype,crosswalk,schoolzone,sidewalk,train_inv,wildlife_inv,rotr_fars,intersect_fars,dd_inv,aid_inv,dpd_inv,id_inv,mj_inv,impnm_inv,ainm_inv,dpnm_inv,speed_inv,unlic_inv,unendmc_inv,drowsy_inv,drdist_inv,nmdist_inv,fty_inv,unrestfat_inv,dr1617_inv,dr1820_inv,dr1620_inv,dr2125_inv,dr1625_inv,dr65_inv,dr70_inv,dr75_inv,mc_inv,pv_inv,ht_inv,ped_inv,bike_inv,unrest_fat,mc_fat,unhelmet_mc,pv_fat,ht_fat,ped_fat,bike_fat,dr_alc7,dr_alc8,dr_drug,dr_imp,dr_dist,dr_spd,dr_fty,dr_unlic,dr_alc7only,dr_alc8only,dr_drugonly,dr_drink,nm_imp,nm_alc7,nm_alc8,nm_drug,nm_dist,agegrp1,agegrp2,roadclass,urbrur,dayweek,restuse,vehtype,race_me,intersect,lanedep,oppdir,wrongway,rep_typ,investag,repag_long,rotr,st_rd,cty_rd,city_rd,oth_rd,drug_thc,thc_res,drug_cthc,cthc_res,drug_cann,prevpersemin,prevperse,prevsusoth,drugtst4,drugtst5,drugtst6,drugtst7,drugtst8,drugres4,drugres5,drugres6,drugres7,drugres8,adspresent,adsengaged,adslevel,race1,race2,race3,race4,race5,helmet,helmetmisuse,nmdistract1,nmdistract2,nmdistract3,nmdistract4,nmdistract5,nmdistract6,lab,isedtcase,crf1,crf2,crf3,CoRoadName,CoMP,IntCoRoadName,IntCoMP,crashzip,dcity,crashcity
1901,1937,1937,2019,223,3767144,263.0,2019-06-10,17:13,10,6,,33,King,1960,1,0.0,1,1,2,1,0,3,3,,,,12,0,6,0.0,2,0,2,4,2,4,6,0,0,3,3,35TH AVE,NE 75TH ST,-122.2904972,47.683038889,0,2,69,62,4,30,80,0,0,1,8,12,1,1,2,1,1,1,1,53,0,53,704,2005,0,0.0,12,12.0,,,,,1,1,22,1,7.0,,4,0,20,7,11,4,06/11/2019,15:00,196053026980.0,26980.0,0.0,0.0,0.0,2.0,1,0,0.0,0.0,0.0,92,,,,,,0,,,,,,98115,53,74.0,195.0,6.0,1.0,0.0,0.0,1.0,0.0,,0,,,,,,0,03/15/2015,03/15/2015,20,8,0,0,0.0,9,8,,,0,0.0,0.0,8,8,2.0,1.0,,,1.0,,,2,1,0.0,,,,,,,,,,,,,,,,,,,,,,,,,,,,,,0,0,0,1,0,0,0,0,0,0,0,0,0,0,1,0,1,0,0,0,0,0,0,1,1,1,1,1,1,1,0,0,0,0,1,0.0,0,0,0,0,0,0,0,0,1,0,0,0,0,0,0,0,,,,,,21-25,16-25,City street,U,Monday,,MC,White,1,0,0,0,City Street,Municipal/City Police,Seattle Police Department,0,0,0,1,0,,,,,,0.0,0.0,0.0,,,,,,,,,,,0.0,0.0,0.0,1.0,,,,,5.0,0.0,,,,,,,,,,,,,,,,98115,Seattle,Seattle
1902,1938,1938,2019,223,3767144,263.0,2019-06-10,17:13,10,6,,33,King,1960,1,0.0,1,1,2,1,0,3,3,,,,12,0,6,0.0,2,0,2,4,2,4,6,0,0,3,3,35TH AVE,NE 75TH ST,-122.2904972,47.683038889,0,3,98,98,7,30,14,0,0,1,5,12,8,8,3,1,5,1,1,53,0,49,403,2012,0,0.0,12,,,,,,1,1,35,2,0.0,,0,0,3,0,11,0,,,,,0.0,0.0,0.0,3.0,1,0,0.0,0.0,0.0,0,,,,,,0,,,,,,98115,53,69.0,145.0,6.0,1.0,0.0,0.0,0.0,0.0,,0,,,,,,0,,,20,0,0,0,8.0,9,8,,,0,0.0,0.0,8,8,8.0,95.0,,,96.0,,,8,95,995.0,,,,,,,,,,,,,,,,,,,,,,,,,,,,,,0,0,0,1,0,0,0,0,0,0,0,0,0,0,1,0,1,0,0,0,0,0,0,1,1,1,1,1,1,1,0,0,0,0,0,,0,0,0,0,0,0,0,0,0,0,0,0,0,0,0,0,,,,,,31-35,26-35,City street,U,Monday,Belt Used,PV,Not Fatal,1,0,0,0,City Street,Municipal/City Police,Seattle Police Department,0,0,0,1,0,,,,,,0.0,0.0,0.0,,,,,,,,,,,98.0,98.0,98.0,0.0,,,,,20.0,7.0,,,,,,,,,,,,,,,,98115,Seattle,Seattle
1903,1939,1939,2019,224,E939463,2.0,2019-07-01,21:10,1,7,,29,Island,0,1,0.0,5,1,2,1,0,4,2,,,,12,0,6,3.5,2,0,2,5,1,2,4,0,0,0,0,CR-CULTUS BAY RD,DEER LAKE RD,-122.3973083,47.969088889,0,1,83,17,2,50,80,0,0,1,2,12,1,1,2,1,1,1,1,53,0,98,706,2008,0,0.0,12,,,,,,1,1,49,1,7.0,,4,7,20,7,11,0,07/01/2019,21:10,53029560.0,29560.0,0.0,0.0,0.0,3.0,1,0,0.0,0.0,0.0,96,,,,,,9,,,,,,98249,53,71.0,180.0,6.0,1.0,0.0,3.0,1.0,0.0,,23,,,,,,4,08/15/2017,06/15/2018,20,8,0,0,0.0,1,8,,,0,0.0,0.0,1,1,2.0,605.0,695.0,,1.0,1.0,,2,1,0.2,,,,,,,,,,,,,,,,,,,,,,,,,,,,,,0,0,0,1,1,1,1,1,1,0,0,0,1,0,0,0,0,0,1,0,0,0,0,0,0,1,1,1,1,1,0,0,0,0,1,0.0,0,0,0,0,0,1,1,1,0,1,0,0,0,0,0,1,,,,,,46-50,46-55,County road,R,Monday,,MC,White,1,0,0,0,County Road,State Patrol,Washington State Patrol,0,0,1,0,0,thc,58.0,carboxy-thc,59.0,,0.0,0.0,0.0,,,,,,,,,,,0.0,0.0,0.0,1.0,,,,,19.0,0.0,,,,,,,,,,,,,,,,98236,Freeland,Clinton
1904,1940,1940,2019,224,E939463,2.0,2019-07-01,21:10,1,7,,29,Island,0,1,0.0,5,1,2,1,0,4,2,,,,12,0,6,3.5,2,0,2,5,1,2,4,0,0,20,3,CR-CULTUS BAY RD,DEER LAKE RD,-122.3973083,47.969088889,0,2,82,15,2,50,14,0,0,1,2,12,1,1,2,1,11,3,1,53,0,20,404,2007,0,0.0,12,,,,,,1,1,79,2,0.0,,0,0,3,0,11,0,,,,,0.0,0.0,0.0,3.0,1,38,0.0,0.0,0.0,96,,,,,,0,,,,,,98260,53,65.0,160.0,6.0,1.0,0.0,0.0,0.0,0.0,,97,,,,,,0,,,1,0,0,0,8.0,9,8,,,0,0.0,0.0,8,0,2.0,1.0,,,1.0,,,2,1,0.0,,,,,,,,,,,,,,,,,,,,,,,,,,,,,,0,0,0,1,1,1,1,1,1,0,0,0,1,0,0,0,0,0,1,0,0,0,0,0,0,1,1,1,1,1,0,0,0,0,0,,0,0,0,0,0,0,0,0,0,0,1,0,0,0,0,0,,,,,,76-80,76+,County road,R,Monday,Belt Used,PV,Not Fatal,1,0,0,0,County Road,State Patrol,Washington State Patrol,0,0,1,0,0,,,,,,0.0,0.0,0.0,,,,,,,,,,,98.0,98.0,98.0,0.0,,,,,20.0,7.0,,,,,,,,,,,,,,,,98236,Langley,Clinton
1905,1941,1941,2019,225,E939714,12.0,2019-06-29,14:34,29,6,,7,Chelan,0,1,0.0,1,1,2,1,0,1,1,,,,42,0,0,0.0,1,0,1,5,1,2,4,0,0,0,0,CR-CHIWAWA LOOP RD,,-120.6564028,47.764855556,0,1,1,6,1,35,80,0,0,1,5,42,3,2,2,1,14,1,2,53,0,37,705,1983,0,0.0,63,42.0,,,,,1,1,77,1,7.0,,4,7,20,7,11,0,06/29/2019,14:34,53029121.0,29121.0,0.0,0.0,3.0,3.0,1,0,0.0,0.0,0.0,96,,,,,,99,,,,,,98801,53,69.0,172.0,6.0,1.0,0.0,1.0,0.0,0.0,,0,,,,,,4,01/15/2018,01/15/2018,20,8,0,0,0.0,9,8,,,0,0.0,0.0,8,9,8.0,95.0,,,96.0,,,8,95,995.0,,,,,,,,,,,,,,,,,,,,,,,,,,,,,,0,0,1,0,0,0,0,0,0,0,0,0,1,0,0,0,0,0,0,0,0,0,0,0,0,1,1,1,1,0,0,0,0,0,1,0.0,0,0,0,0,0,0,0,0,0,1,0,0,0,0,0,0,,,,,,76-80,76+,County road,R,Saturday,,MC,White,0,1,0,0,County Road,County Sheriff,Chelan County Sheriff's Office,1,0,1,0,0,,,,,,0.0,0.0,0.0,,,,,,,,,,,0.0,0.0,0.0,1.0,,,,,19.0,0.0,,,,,,,,,,,,,,,,98826,Wenatchee,Leavenworth
1906,1942,1942,2019,226,E939885,35.0,2019-07-14,14:20,14,7,,53,Pierce,0,1,0.0,1,1,2,1,0,2,1,,,,52,0,0,1.4,1,0,1,5,2,2,4,0,0,0,0,CR-PIONEER WAY E,,-122.337075,47.192436111,0,1,7,6,1,35,4,0,0,1,5,52,3,4,2,1,14,2,1,53,0,39,36,2004,0,0.0,68,64.0,52.0,,,,1,1,49,1,0.0,,2,0,3,0,11,8,,,,,0.0,0.0,0.0,3.0,1,91,0.0,0.0,0.0,96,,,,,,9,,,,,,98374,53,70.0,190.0,6.0,1.0,0.0,0.0,0.0,1.0,,1,,,,,,4,06/15/2015,06/15/2015,20,0,0,0,8.0,1,8,,,0,0.0,0.0,8,1,2.0,1.0,,,1.0,,,2,1,0.19,,,,,,,,,,,,,,,,,,,,,,,,,,,,,,0,0,0,0,1,1,0,1,0,0,0,0,1,0,0,0,0,0,0,0,0,0,0,0,0,0,0,0,0,1,0,0,0,0,0,,0,0,0,0,0,1,0,1,0,1,0,0,0,1,0,1,,,,,,46-50,46-55,County road,U,Sunday,Belt Used,PV,Not Fatal,0,1,0,0,County Road,County Sheriff,Law Enforcement Support Agency,1,0,1,0,0,,,,,,0.0,0.0,0.0,,,,,,,,,,,98.0,98.0,98.0,0.0,,,,,20.0,7.0,,,,,,,,,,,,,,,,98371,Puyallup,Puyallup
1907,1943,1943,2019,227,E939908,1.0,2019-07-14,10:25,14,7,,21,Franklin,0,1,0.0,1,1,1,1,0,2,2,,,,1,0,0,41.6,1,0,1,3,1,1,2,0,0,0,0,US-395,,-119.0432361,46.417869444,0,1,6,10,2,70,80,0,0,1,2,1,2,2,2,3,14,1,1,30,0,72,706,2010,0,0.0,64,1.0,54.0,,,,1,1,61,1,7.0,,4,7,20,7,11,0,07/14/2019,10:30,53031240.0,31240.0,0.0,0.0,0.0,3.0,1,0,0.0,0.0,0.0,96,,,,,,0,,,,,,59102,30,,999.0,6.0,1.0,0.0,1.0,98.0,1.0,,0,,,,,,4,09/15/2014,05/15/2015,20,8,0,0,0.0,9,8,,,0,0.0,0.0,8,0,2.0,1.0,,,1.0,,,2,1,0.0,,,,,,,,,,,,,,,,,,,,,,,,,,,,,,0,0,1,0,0,0,0,0,0,0,0,0,1,0,0,0,0,0,0,0,0,0,0,0,0,0,0,0,1,0,0,0,0,0,1,0.0,0,0,0,0,0,0,0,0,0,1,0,0,0,0,0,0,,,,,,61-65,56-65,US highway,R,Sunday,,MC,White,0,1,0,0,State Route,State Patrol,Washington State Patrol,1,1,0,0,0,,,,,,0.0,0.0,0.0,,,,,,,,,,,0.0,0.0,0.0,1.0,,,,,19.0,0.0,,,,,,,,,,,,,,,,99301,Billings,Pasco
1908,1944,1944,2019,227,E939908,1.0,2019-07-14,10:25,14,7,,21,Franklin,0,1,0.0,1,1,1,1,0,2,2,,,,1,0,0,41.6,1,0,1,3,1,1,2,0,0,0,0,US-395,,-119.0432361,46.417869444,0,2,98,90,6,70,65,0,0,1,5,54,2,2,2,3,14,1,1,53,0,20,850,1984,0,0.0,54,,,,,,1,1,63,1,0.0,,0,0,3,0,11,0,,,,,0.0,0.0,0.0,3.0,1,0,0.0,0.0,0.0,96,,,,,,0,,,,,,99204,53,69.0,200.0,6.0,1.0,0.0,0.0,0.0,0.0,,0,,,,,,0,,,20,0,0,0,8.0,9,8,,,0,0.0,0.0,8,0,8.0,95.0,,,96.0,,,8,95,995.0,,,,,,,,,,,,,,,,,,,,,,,,,,,,,,0,0,1,0,0,0,0,0,0,0,0,0,1,0,0,0,0,0,0,0,0,0,0,0,0,0,0,0,1,0,0,0,0,0,0,,0,0,0,0,0,0,0,0,0,0,0,0,0,0,0,0,,,,,,61-65,56-65,US highway,R,Sunday,,MHOME,Not Fatal,0,1,0,0,State Route,State Patrol,Washington State Patrol,1,1,0,0,0,,,,,,0.0,0.0,0.0,,,,,,,,,,,0.0,0.0,0.0,0.0,,,,,20.0,7.0,,,,,,,,,,,,,,,,99301,Spokane,Pasco
1909,1945,1945,2019,228,E940194,39.0,2019-07-13,21:44,13,7,,61,Snohomish,0,1,0.0,2,1,2,1,0,1,1,,,,42,0,0,3.0,1,0,1,5,1,2,4,0,0,0,0,CR-PIONEER HWY,,-122.2534556,48.207052778,0,1,1,13,2,50,80,0,0,1,7,30,3,1,2,1,14,1,1,53,0,72,706,2014,0,0.0,63,42.0,30.0,,,,1,1,58,1,7.0,,4,7,20,7,11,0,07/13/2019,21:44,53031288.0,31288.0,0.0,0.0,0.0,3.0,1,0,0.0,0.0,0.0,96,,,,,,99,,,,,,98223,53,64.0,187.0,6.0,1.0,0.0,2.0,0.0,0.0,,0,,,,,,4,07/15/2017,09/15/2017,20,8,0,0,0.0,9,8,,,0,0.0,0.0,8,9,2.0,136.0,155.0,,1.0,1.0,,2,1,0.119,,,,,,,,,,,,,,,,,,,,,,,,,,,,,,0,0,1,0,1,1,1,1,0,0,0,0,1,0,0,0,0,0,0,0,0,0,0,0,0,0,0,0,1,0,0,0,0,0,1,0.0,0,0,0,0,0,1,1,1,0,1,0,0,0,0,0,1,,,,,,56-60,56-65,County road,R,Saturday,,MC,White,0,1,0,0,County Road,County Sheriff,Snohomish County Sheriff's Office,1,0,1,0,0,,,,,,0.0,0.0,0.0,,,,,,,,,,,0.0,0.0,0.0,1.0,,,,,5.0,0.0,,,,,,,,,,,,,,,,98292,Arlington,Stanwood
1910,1946,1946,2019,229,E940241,35.0,2019-07-15,20:03,15,7,,53,Pierce,0,1,0.0,1,1,2,1,0,1,1,,,,30,0,0,0.1,1,0,1,3,1,2,4,0,0,0,0,CR-MINTERWOOD DRIVE KP,,-122.7367083,47.352188889,0,1,6,12,2,25,4,0,0,1,7,42,1,2,2,1,1,1,2,53,0,49,40,2011,0,0.0,68,64.0,69.0,30.0,42.0,,1,1,52,1,7.0,,4,0,20,7,11,5,07/15/2019,20:55,223053032885.0,32885.0,0.0,0.0,0.0,0.0,1,0,0.0,0.0,0.0,96,,,,,,99,,,,,,98052,53,72.0,175.0,0.0,0.0,0.0,0.0,0.0,0.0,,0,,,,,,0,,,1,0,0,0,0.0,5,8,,,0,0.0,0.0,8,1,2.0,1.0,,,1.0,,,2,1,0.28,,,,,,,,,,,,,,,,,,,,,,,,,,,,,,0,0,1,0,1,1,0,1,0,0,0,0,0,1,0,0,0,0,0,1,0,0,0,0,0,0,0,0,0,1,0,0,0,1,0,,1,0,0,0,0,1,0,1,0,0,0,1,0,1,0,1,,,,,,51-55,46-55,County road,R,Monday,Not Used,PV,Multiracial,0,1,0,0,County Road,County Sheriff,Law Enforcement Support Agency,1,0,1,0,0,,,,,,0.0,0.0,0.0,,,,,,,,,,,98.0,98.0,98.0,204.0,201.0,,,,20.0,7.0,,,,,,,,,,,,,,,,98329,Redmond,Gig Harbor
1911,1947,1947,2019,230,E940384,35.0,2019-07-14,23:26,14,7,,53,Pierce,0,1,0.0,3,1,2,1,0,2,2,,,,12,0,2,10.4,1,0,1,4,2,2,4,0,0,0,0,CR-CANYON RD E,,-122.3570861,47.100691667,0,1,50,54,3,40,80,0,0,1,7,12,1,1,5,5,1,1,1,53,0,37,705,2003,0,0.0,12,,,,,,1,1,27,1,7.0,,4,0,20,7,11,4,07/15/2019,1:27,223053031686.0,31686.0,0.0,0.0,0.0,3.0,1,51,0.0,0.0,0.0,96,,,,,,99,,,,,,98375,53,68.0,191.0,6.0,1.0,0.0,3.0,2.0,4.0,,0,,,,,,0,12/15/2014,01/15/2019,20,8,0,0,0.0,9,8,,,0,0.0,0.0,8,1,2.0,1.0,,,1.0,,,2,1,0.16,,,,,,,,,,,,,,,,,,,,,,,,,,,,,,0,0,0,0,1,1,0,1,0,0,0,0,0,0,0,0,0,0,0,0,0,0,0,1,1,0,0,0,1,1,0,0,0,0,1,1.0,0,0,0,0,0,1,0,1,0,0,0,0,0,1,0,1,,,,,,26-30,26-35,County road,U,Sunday,,MC,White,0,1,1,0,County Road,County Sheriff,Law Enforcement Support Agency,0,0,1,0,0,,,,,,0.0,0.0,4.0,,,,,,,,,,,0.0,0.0,0.0,1.0,,,,,17.0,7.0,,,,,,,,,,,,,,,,98375,Puyallup,Puyallup
1912,1948,1948,2019,230,E940384,35.0,2019-07-14,23:26,14,7,,53,Pierce,0,1,0.0,3,1,2,1,0,2,2,,,,12,0,2,10.4,1,0,1,4,2,2,4,0,0,0,0,CR-CANYON RD E,,-122.3570861,47.100691667,0,2,51,54,3,40,6,0,0,1,7,12,1,1,5,5,1,1,2,53,0,48,45,2006,0,0.0,12,,,,,,1,1,23,2,0.0,,0,0,3,0,11,0,,,,,0.0,0.0,0.0,3.0,1,10,0.0,0.0,0.0,96,,,,,,0,,,,,,98466,53,64.0,127.0,6.0,1.0,0.0,0.0,0.0,1.0,,0,,,,,,0,02/15/2015,02/15/2015,1,0,0,0,8.0,9,8,,,0,0.0,0.0,8,0,8.0,95.0,,,96.0,,,8,95,995.0,,,,,,,,,,,,,,,,,,,,,,,,,,,,,,0,0,0,0,1,1,0,1,0,0,0,0,0,0,0,0,0,0,0,0,0,0,0,1,1,0,0,0,1,1,0,0,0,0,0,,0,0,0,0,0,0,0,0,0,0,0,0,0,0,0,0,,,,,,21-25,16-25,County road,U,Sunday,Belt Used,PV,Not Fatal,0,1,1,0,County Road,County Sheriff,Law Enforcement Support Agency,0,0,1,0,0,,,,,,0.0,0.0,0.0,,,,,,,,,,,98.0,98.0,98.0,0.0,,,,,20.0,7.0,,,,,,,,,,,,,,,,98375,Tacoma,Puyallup
1913,1949,1949,2019,231,E930471,146.0,2019-06-14,12:04,14,6,,77,Yakima,0,1,0.0,1,1,2,1,0,3,3,,,,12,0,8,2.1,1,0,1,5,2,2,4,0,0,0,0,CR-N WENAS RD,,-120.5177361,46.681283333,0,1,64,10,2,40,34,0,0,1,7,12,1,1,2,1,1,1,1,53,0,20,481,2002,0,0.0,68,12.0,12.0,,,,1,1,56,1,0.0,,0,0,3,0,11,0,,,,,0.0,0.0,0.0,3.0,1,28,0.0,0.0,0.0,96,,,,,,9,,,,,,98942,53,67.0,165.0,6.0,1.0,0.0,0.0,1.0,0.0,,97,,,,,,0,04/15/2018,04/15/2018,20,0,0,0,8.0,9,2,,,0,0.0,0.0,1,1,8.0,95.0,,,96.0,,,8,95,995.0,,,,,,,,,,,,,,,,,,,,,,,,,,,,,,0,0,0,0,1,0,1,1,0,0,0,0,0,0,0,0,0,0,0,0,0,0,0,0,0,1,1,1,0,1,0,0,0,0,0,,0,0,0,0,0,0,0,0,0,0,0,0,0,0,0,1,,,,,,56-60,56-65,County road,U,Friday,Belt Used,PV,Not Fatal,0,1,1,0,County Road,County Sheriff,Yakima County Sheriff's Office,0,0,1,0,0,,,,,,0.0,0.0,0.0,,,,,,,,,,,98.0,98.0,98.0,0.0,,,,,20.0,7.0,,,,,,,,,,,,,,,,98942,Selah,Selah
1914,1950,1950,2019,231,E930471,146.0,2019-06-14,12:04,14,6,,77,Yakima,0,1,0.0,1,1,2,1,0,3,3,,,,12,0,8,2.1,1,0,1,5,2,2,4,0,0,0,0,CR-N WENAS RD,,-120.5177361,46.681283333,0,2,65,62,4,40,4,0,0,1,7,12,1,1,2,1,1,1,1,53,0,14,6,2005,0,0.0,12,,,,,,1,1,81,2,7.0,,4,0,3,0,11,1,06/19/2019,12:49,196053028111.0,28111.0,0.0,0.0,3.0,3.0,1,0,0.0,0.0,0.0,96,,,,,,0,,,,,,98942,53,64.0,222.0,6.0,1.0,0.0,1.0,2.0,0.0,,0,,,,,,0,05/15/2016,01/15/2019,20,0,0,0,0.0,9,8,,,0,0.0,0.0,8,0,2.0,996.0,996.0,,1.0,1.0,,2,1,0.0,,,,,,,,,,,,,,,,,,,,,,,,,,,,,,0,0,0,0,1,0,1,1,0,0,0,0,0,0,0,0,0,0,0,0,0,0,0,0,0,1,1,1,0,1,0,0,0,0,0,,1,0,0,0,0,0,1,1,0,0,0,0,0,0,1,0,,,,,,81+,76+,County road,U,Friday,Belt Used,PV,White,0,1,1,0,County Road,County Sheriff,Yakima County Sheriff's Office,0,0,1,0,0,,,,,,0.0,0.0,0.0,,,,,,,,,,,98.0,98.0,98.0,1.0,,,,,20.0,7.0,,,,,,,,,,,,,,,,98942,Selah,Selah
1915,1951,1951,2019,231,E930471,146.0,2019-06-14,12:04,14,6,,77,Yakima,0,1,0.0,1,1,2,1,0,3,3,,,,12,0,8,2.1,1,0,1,5,2,2,4,0,0,0,0,CR-N WENAS RD,,-120.5177361,46.681283333,0,3,98,62,4,40,14,0,0,1,5,12,1,1,2,1,1,1,1,53,0,20,402,2001,0,0.0,12,,,,,,1,1,55,2,0.0,,0,0,3,0,11,0,,,,,0.0,0.0,0.0,3.0,1,0,0.0,0.0,0.0,96,,,,,,0,,,,,,98936,53,62.0,138.0,6.0,1.0,0.0,0.0,0.0,0.0,,0,,,,,,0,,,20,0,0,0,8.0,9,8,,,0,0.0,0.0,8,0,8.0,95.0,,,96.0,,,8,95,995.0,,,,,,,,,,,,,,,,,,,,,,,,,,,,,,0,0,0,0,1,0,1,1,0,0,0,0,0,0,0,0,0,0,0,0,0,0,0,0,0,1,1,1,0,1,0,0,0,0,0,,0,0,0,0,0,0,0,0,0,0,0,0,0,0,0,0,,,,,,51-55,46-55,County road,U,Friday,Belt Used,PV,Not Fatal,0,1,1,0,County Road,County Sheriff,Yakima County Sheriff's Office,0,0,1,0,0,,,,,,0.0,0.0,0.0,,,,,,,,,,,98.0,98.0,98.0,0.0,,,,,20.0,7.0,,,,,,,,,,,,,,,,98942,Moxee,Selah
1916,1952,1952,2019,234,E941099,3.0,2019-06-25,14:57,25,6,,53,Pierce,0,1,0.0,1,1,2,2,0,3,2,,,,12,0,6,16.9,2,0,3,3,2,1,3,0,0,0,0,SR-161,244TH CT W,-122.2958,47.034952778,0,1,68,15,2,55,3,0,0,1,7,12,1,3,3,1,11,2,2,53,0,30,47,2000,0,0.0,12,2.0,,,,,1,1,16,1,7.0,,4,7,99,7,11,0,06/25/2019,14:57,53028777.0,28777.0,0.0,0.0,3.0,3.0,1,38,0.0,0.0,0.0,17,,,,,,99,,,,,,98338,53,66.0,130.0,6.0,2.0,0.0,0.0,0.0,0.0,,0,,,,,,0,,,99,0,0,0,0.0,9,8,,,0,0.0,0.0,8,9,2.0,1.0,,,1.0,,,2,1,0.0,,,,,,,,,,,,,,,,,,,,,,,,,,,,,,0,0,0,1,0,0,0,0,0,0,0,0,0,0,0,0,1,0,1,0,1,0,1,0,1,0,0,0,0,1,1,0,0,0,0,,1,0,0,0,0,0,0,0,1,0,1,0,0,0,0,0,,,,,,16-17,16-25,State route,U,Tuesday,Unknown,PV,White,1,0,0,0,State Route,State Patrol,Washington State Patrol,0,1,0,0,0,,,,,,0.0,0.0,0.0,,,,,,,,,,,98.0,98.0,98.0,1.0,,,,,20.0,7.0,,,,,,,,,,,,,,,,98338,Graham,Graham
1917,1953,1953,2019,234,E941099,3.0,2019-06-25,14:57,25,6,,53,Pierce,0,1,0.0,1,1,2,2,0,3,2,,,,12,0,6,16.9,2,0,3,3,2,1,3,0,0,0,0,SR-161,244TH CT W,-122.2958,47.034952778,0,2,69,62,4,55,66,1,0,1,7,12,1,3,3,1,1,1,3,37,0,82,881,2009,0,0.0,12,2.0,,,,,1,1,40,1,0.0,,0,0,3,0,11,0,,,,,6.0,1.0,0.0,3.0,1,0,0.0,0.0,0.0,96,,,,,,0,,,,,,98597,53,71.0,200.0,6.0,1.0,0.0,0.0,0.0,2.0,,0,,,,,,0,03/15/2017,03/15/2018,99,0,0,0,8.0,9,2,,,0,0.0,0.0,0,0,8.0,95.0,,,96.0,,,8,95,995.0,,,,,,,,,,,,,,,,,,,,,,,,,,,,,,0,0,0,1,0,0,0,0,0,0,0,0,0,0,0,0,1,0,1,0,1,0,1,0,1,0,0,0,0,1,1,0,0,0,0,,0,0,0,0,0,0,0,0,0,0,0,0,0,0,0,0,,,,,,36-40,36-45,State route,U,Tuesday,,MHTRUCK,Not Fatal,1,0,0,0,State Route,State Patrol,Washington State Patrol,0,1,0,0,0,,,,,,0.0,0.0,0.0,,,,,,,,,,,98.0,98.0,98.0,0.0,,,,,20.0,7.0,,,,,,,,,,,,,,,,98338,Yelm,Graham
1918,1954,1954,2019,235,E941412,4.0,2019-07-17,9:45,17,7,,75,Whitman,0,10,0.0,1,1,2,1,0,1,1,,,,42,0,0,48.2,1,0,1,5,1,1,3,0,0,0,0,SR-27,,-117.0988833,47.195758333,0,1,6,12,2,55,34,0,0,1,2,42,2,3,2,1,14,1,1,53,0,49,471,1992,0,0.0,68,64.0,42.0,,,,1,1,61,1,7.0,,4,7,3,0,11,0,07/17/2019,9:45,53032768.0,32768.0,0.0,0.0,3.0,3.0,1,0,0.0,0.0,0.0,93,,,,,,99,,,,,,99328,53,72.0,230.0,6.0,1.0,0.0,0.0,0.0,0.0,,0,,,,,,0,,,20,0,0,0,0.0,9,8,,,0,0.0,0.0,8,0,2.0,996.0,244.0,155.0,1.0,1.0,1.0,2,1,0.0,,,,,,,,,,,,,,,,,,,,,,,,,,,,,,0,0,1,0,0,0,1,1,0,0,0,0,0,0,0,0,1,0,0,0,0,0,0,0,0,0,0,0,0,1,0,0,0,0,0,,1,0,0,0,0,0,1,1,1,0,0,0,0,0,1,0,,,,,,61-65,56-65,State route,R,Wednesday,Belt Used,PV,White,0,1,0,0,State Route,State Patrol,Washington State Patrol,1,1,0,0,0,,,,,,0.0,0.0,0.0,1.0,1.0,1.0,,,157.0,996.0,386.0,996.0,996.0,0.0,0.0,0.0,1.0,,,,,20.0,7.0,,,,,,,,,,,,,,,,99033,Dayton,Tekoa