,index,Unnamed: 0,year,case,par,repjur,crash_dt,crash_tm,accday,accmon,holiday,county,co_char,city,weather,weather2,lightcond,surfcond,surftype,numfatal,nmforms,pforms,vforms,not_tm,arr_tm,hosp_tm,fhevent,hitrun,manncol,milepnt,reljunc,reljuncinter,intersectiontype,funcsystem,landuse,ownership,route,schlbus,spejur,contdev,devfunc,trafid1,trafid2,lon,lat,wk_zone,vnumber,crashtype,criticalevent,criticaleventcat,spdlim,body,trailer,emerg,hazcargo,leave,mhevent,roadalgn,roadprof,traflane,trafflow,vehmanvr,numoccs,regowner,regstate,spuse,make,model,modelyr,vrf1,vrf2,seqevent1,seqevent2,seqevent3,seqevent4,seqevent5,seqevent6,pnumber,ptype,age,sex,hispanic,race,injury,diedscene,restraint,restraintmisuse,seatpos,takehosp,death_dt,death_tm,cert,cernum_wa,commlic,licendor,licrestrict,liccomp,drivpres,drf1,drf2,drf3,drf4,distract1,distract2,distract3,distract4,distract5,distract6,dricond1,dricond2,dricond3,dricond4,dricond5,dricond6,dzip,licstate,drhgt_in,weight,noncdl,noncdltype,prevdwi,prevoth,prevacc,prevspd,prevsus,driviol1,driviol2,driviol3,driviol4,driviol5,driviol6,spdrel,first_dt,last_dt,airbag,ejection,ejectpath,extricat,injurwrk,methalc,methdrug,nmlocat,strikveh,prf1,prf2,prf3,druginv,alcinvol,drugsts,drugres1,drugres2,drugres3,drugtst1,drugtst2,drugtst3,alcsts,alctst,alcres,nmact1,nmact2,nmact3,nmact4,nmact5,nmact6,nmprior1,nmprior2,nmprior3,nmprior4,nmprior5,nmprior6,nmcond1,nmcond2,nmcond3,nmcond4,nmcond5,nmcond6,nmsafe_helmet,nmsafe_pads,nmsafe_oth,nmprev_ref,nmprev_lgt,nmprev_oth,crashlocation,nmcrashtype,crosswalk,schoolzone,sidewalk,train_inv,wildlife_inv,rotr_fars,intersect_fars,dd_inv,aid_inv,dpd_inv,id_inv,mj_inv,impnm_inv,ainm_inv,dpnm_inv,speed_inv,unlic_inv,unendmc_inv,drowsy_inv,drdist_inv,nmdist_inv,fty_inv,unrestfat_inv,dr1617_inv,dr1820_inv,dr1620_inv,dr2125_inv,dr1625_inv,dr65_inv,dr70_inv,dr75_inv,mc_inv,pv_inv,ht_inv,ped_inv,bike_inv,unrest_fat,mc_fat,unhelmet_mc,pv_fat,ht_fat,ped_fat,bike_fat,dr_alc7,dr_alc8,dr_drug,dr_imp,dr_dist,dr_spd,dr_fty,dr_unlic,dr_alc7only,dr_alc8only,dr_drugonly,dr_drink,nm_imp,nm_alc7,nm_alc8,nm_drug,nm_dist,agegrp1,agegrp2,roadclass,urbrur,dayweek,restuse,vehtype,race_me,intersect,lanedep,oppdir,wrongway,rep_typ,investag,repag_long,rotr,st_rd,cty_rd,city_rd,oth_rd,drug_thc,thc_res,drug_cthc,cthc_res,drug_cann,prevpersemin,prevperse,prevsusoth,drugtst4,drugtst5,drugtst6,drugtst7,drugtst8,drugres4,drugres5,drugres6,drugres7,drugres8,adspresent,adsengaged,adslevel,race1,race2,race3,race4,race5,helmet,helmetmisuse,nmdistract1,nmdistract2,nmdistract3,nmdistract4,nmdistract5,nmdistract6,lab,isedtcase,crf1,crf2,crf3,CoRoadName,CoMP,IntCoRoadName,IntCoMP,crashzip,dcity,crashcity
1919,1955,1955,2019,236,E941427,4.0,2019-07-06,16:41,6,7,,65,Stevens,0,1,0.0,1,1,2,1,0,3,2,,,,12,0,2,201.3,1,0,1,3,1,1,2,0,0,0,0,US-395,,-117.6602083,48.141697222,0,1,50,10,2,60,4,0,0,1,7,12,3,2,2,1,14,1,2,53,0,49,40,2006,0,0.0,68,12.0,,,,,1,1,29,2,1.0,,4,0,20,7,11,8,07/06/2019,18:16,211053030632.0,30632.0,0.0,0.0,0.0,3.0,1,28,0.0,0.0,0.0,96,,,,,,99,,,,,,99006,53,62.0,150.0,6.0,1.0,0.0,3.0,2.0,3.0,,0,,,,,,0,07/15/2015,09/15/2018,8,0,0,0,0.0,1,1,,,0,0.0,0.0,1,0,2.0,401.0,417.0,128.0,1.0,1.0,1.0,2,1,0.0,,,,,,,,,,,,,,,,,,,,,,,,,,,,,,0,0,0,0,0,0,1,1,1,0,0,0,0,0,0,0,0,0,0,1,0,0,0,0,0,0,0,0,0,1,0,0,0,1,0,,1,0,0,0,0,0,1,1,0,0,0,0,0,0,1,0,,,,,,26-30,26-35,US highway,R,Saturday,Not Used,PV,Hispanic,0,1,1,0,State Route,State Patrol,Washington State Patrol,0,1,0,0,0,thc,1.8,,,,0.0,0.0,3.0,1.0,1.0,,,,177.0,605.0,,,,98.0,98.0,98.0,1.0,,,,,20.0,7.0,,,,,,,nms,,,,,,,,,99148,Deer Park,Loon Lake
1920,1956,1956,2019,236,E941427,4.0,2019-07-06,16:41,6,7,,65,Stevens,0,1,0.0,1,1,2,1,0,3,2,,,,12,0,2,201.3,1,0,1,3,1,1,2,0,0,0,0,US-395,,-117.6602083,48.141697222,0,2,51,62,4,60,14,0,0,1,7,1,2,2,2,1,14,2,2,53,0,59,403,2011,0,0.0,12,1.0,,,,,1,1,40,2,0.0,,3,0,3,0,11,4,,,,,0.0,0.0,3.0,3.0,1,0,0.0,0.0,0.0,96,,,,,,0,,,,,,99029,53,66.0,150.0,6.0,1.0,0.0,0.0,0.0,0.0,,0,,,,,,0,,,1,0,0,0,8.0,9,8,,,0,0.0,0.0,8,0,8.0,95.0,,,96.0,,,8,95,995.0,,,,,,,,,,,,,,,,,,,,,,,,,,,,,,0,0,0,0,0,0,1,1,1,0,0,0,0,0,0,0,0,0,0,1,0,0,0,0,0,0,0,0,0,1,0,0,0,0,0,,0,0,0,0,0,0,0,0,0,0,0,0,0,0,0,0,,,,,,36-40,36-45,US highway,R,Saturday,Belt Used,PV,Not Fatal,0,1,1,0,State Route,State Patrol,Washington State Patrol,0,1,0,0,0,,,,,,0.0,0.0,0.0,,,,,,,,,,,98.0,98.0,98.0,0.0,,,,,20.0,7.0,,,,,,,,,,,,,,,,99148,Reardan,Loon Lake
1921,1957,1957,2019,237,E941558,172.0,2019-07-17,12:00,17,7,,61,Snohomish,1120,1,0.0,1,1,2,1,0,5,2,,,,12,0,2,1.6,1,0,1,3,2,1,3,0,0,0,0,SR-204,,-122.1199028,47.996125,0,1,50,10,2,98,5,0,0,1,7,12,1,3,3,1,1,1,2,53,0,12,32,2014,0,0.0,68,12.0,,,,,1,1,47,1,7.0,,4,0,3,0,11,5,07/17/2019,13:12,69053031876.0,31876.0,0.0,0.0,0.0,3.0,1,28,0.0,0.0,0.0,96,,,,,,99,,,,,,98290,53,74.0,235.0,6.0,1.0,0.0,0.0,0.0,0.0,,0,,,,,,0,,,8,0,0,1,0.0,9,8,,,0,0.0,0.0,8,9,2.0,401.0,417.0,695.0,1.0,1.0,1.0,2,1,0.0,,,,,,,,,,,,,,,,,,,,,,,,,,,,,,0,0,0,0,0,0,1,1,1,0,0,0,0,1,0,0,0,0,0,0,0,1,1,0,1,0,0,0,0,1,0,0,0,0,0,,1,0,0,0,0,0,1,1,0,0,0,0,0,0,1,0,,,,,,46-50,46-55,State route,U,Wednesday,Belt Used,PV,White,0,1,1,0,State Route,Municipal/City Police,Lake Stevens Police Department,0,1,0,0,0,,,carboxy-thc,13.0,,0.0,0.0,0.0,,,,,,,,,,,98.0,98.0,98.0,1.0,,,,,20.0,7.0,,,,,,,nms,,,,,,,,,98258,Snohomish,Lake Stevens
1922,1958,1958,2019,237,E941558,172.0,2019-07-17,12:00,17,7,,61,Snohomish,1120,1,0.0,1,1,2,1,0,5,2,,,,12,0,2,1.6,1,0,1,3,2,1,3,0,0,4,3,SR-204,,-122.1199028,47.996125,0,2,51,62,4,55,14,0,0,1,7,12,1,3,3,1,1,4,2,53,0,23,401,2002,0,0.0,12,,,,,,1,1,18,1,0.0,,1,0,3,0,11,5,,,,,0.0,0.0,0.0,0.0,1,0,0.0,0.0,0.0,96,,,,,,0,,,,,,98258,53,74.0,215.0,0.0,0.0,0.0,0.0,0.0,1.0,,0,,,,,,0,07/15/2018,07/15/2018,8,0,0,0,8.0,9,8,,,0,0.0,0.0,8,0,8.0,95.0,,,96.0,,,8,95,995.0,,,,,,,,,,,,,,,,,,,,,,,,,,,,,,0,0,0,0,0,0,1,1,1,0,0,0,0,1,0,0,0,0,0,0,0,1,1,0,1,0,0,0,0,1,0,0,0,0,0,,0,0,0,0,0,0,0,0,0,0,0,1,0,0,0,0,,,,,,18-20,16-25,State route,U,Wednesday,Belt Used,PV,Not Fatal,0,1,1,0,State Route,Municipal/City Police,Lake Stevens Police Department,0,1,0,0,0,,,,,,0.0,0.0,1.0,,,,,,,,,,,98.0,98.0,98.0,0.0,,,,,20.0,7.0,,,,,,,,,,,,,,,,98258,Lake Stevens,Lake Stevens
1923,1959,1959,2019,238,E941590,8.0,2019-07-10,6:59,10,7,,45,Mason,0,2,0.0,1,2,2,1,0,2,2,,,,12,0,6,346.1,1,0,1,3,1,1,2,0,0,0,0,US-101,,-123.127175,47.202847222,0,1,66,6,1,60,34,0,0,1,7,12,1,1,2,1,1,1,2,53,0,7,472,2007,0,0.0,68,12.0,,,,,1,1,47,2,0.0,,1,0,3,0,11,8,,,,,0.0,0.0,0.0,3.0,1,28,0.0,0.0,0.0,96,,,,,,0,,,,,,98584,53,58.0,140.0,6.0,1.0,0.0,0.0,0.0,0.0,,23,,,,,,4,,,20,0,0,0,8.0,9,8,,,0,0.0,0.0,8,0,8.0,95.0,,,96.0,,,8,95,995.0,,,,,,,,,,,,,,,,,,,,,,,,,,,,,,0,0,0,0,0,0,1,1,1,0,0,0,1,1,0,0,0,0,0,0,0,0,0,0,0,0,0,0,0,1,0,0,0,0,0,,0,0,0,0,0,0,0,0,0,1,0,0,0,0,0,0,,,,,,46-50,46-55,US highway,R,Wednesday,Belt Used,PV,Not Fatal,1,0,0,0,State Route,State Patrol,Washington State Patrol,0,1,0,0,0,,,,,,0.0,0.0,0.0,,,,,,,,,,,98.0,98.0,98.0,0.0,,,,,20.0,7.0,,,,,,,,,,,,,,,,98584,Shelton,Shelton
1924,1960,1960,2019,238,E941590,8.0,2019-07-10,6:59,10,7,,45,Mason,0,2,0.0,1,2,2,1,0,2,2,,,,12,0,6,346.1,1,0,1,3,1,1,2,0,0,0,0,US-101,,-123.127175,47.202847222,0,2,66,62,4,60,4,0,0,1,7,12,1,1,2,1,1,1,2,53,0,49,40,1989,0,0.0,12,,,,,,1,1,63,1,7.0,,4,7,3,0,11,0,07/10/2019,6:59,53031127.0,31127.0,0.0,0.0,0.0,2.0,1,0,0.0,0.0,0.0,96,,,,,,99,,,,,,98584,53,72.0,170.0,1.0,1.0,0.0,1.0,0.0,0.0,,0,,,,,,0,06/15/2017,01/15/2018,20,0,0,0,0.0,9,8,,,0,0.0,0.0,8,9,2.0,605.0,695.0,,1.0,1.0,,2,1,0.0,,,,,,,,,,,,,,,,,,,,,,,,,,,,,,0,0,0,0,0,0,1,1,1,0,0,0,1,1,0,0,0,0,0,0,0,0,0,0,0,0,0,0,0,1,0,0,0,0,0,,1,0,0,0,0,0,1,1,0,0,0,1,0,0,1,0,,,,,,61-65,56-65,US highway,R,Wednesday,Belt Used,PV,White,1,0,0,0,State Route,State Patrol,Washington State Patrol,0,1,0,0,0,thc,31.0,carboxy-thc,888.0,,0.0,0.0,2.0,,,,,,,,,,,0.0,0.0,0.0,1.0,,,,,20.0,7.0,,,,,,,,,,,,,,,,98584,Shelton,Shelton
1925,1961,1961,2019,239,E941869,290.0,2019-07-18,12:36,18,7,,53,Pierce,2230,1,0.0,1,1,2,1,1,1,1,,,,8,0,0,0.0,1,0,1,3,2,1,6,0,0,0,0,E 28TH ST,,-122.4073944,47.238963889,0,1,13,80,5,25,66,1,0,1,5,8,1,2,3,4,1,1,3,53,0,85,881,2014,0,0.0,8,,,,,,1,1,58,1,0.0,,0,0,3,0,11,0,,,,,0.0,0.0,0.0,2.0,1,0,0.0,0.0,0.0,96,,,,,,0,,,,,,98223,53,66.0,150.0,1.0,1.0,0.0,3.0,1.0,0.0,,97,,,,,,0,03/15/2017,07/15/2018,20,0,0,0,8.0,9,8,,,0,0.0,0.0,8,0,8.0,95.0,,,96.0,,,8,95,995.0,,,,,,,,,,,,,,,,,,,,,,,,,,,,,,0,0,0,0,0,0,0,0,0,1,0,1,0,1,0,0,0,0,0,0,0,0,0,0,0,0,0,0,0,0,1,1,0,0,0,,0,0,0,0,0,0,0,0,0,0,0,1,0,0,0,0,,,,,,56-60,56-65,City street,U,Thursday,,MHTRUCK,Not Fatal,0,0,0,0,State Route,Municipal/City Police,Tacoma Police Department,0,1,0,0,0,,,,,,0.0,0.0,2.0,,,,,,,,,,,98.0,98.0,98.0,0.0,,,,,20.0,7.0,,,,,,,,,,,,,,,,98404,Arlington,Tacoma
1926,1962,1962,2019,240,E942131,12.0,2019-07-20,15:41,20,7,,7,Chelan,0,1,0.0,1,1,2,1,0,1,1,,,,32,0,0,3.3,1,0,1,5,1,2,4,0,0,0,0,CR-STINE HILL RD,,-120.53575,47.528483333,0,1,1,6,1,45,4,0,0,1,2,1,3,2,2,1,14,1,1,53,0,48,38,2008,0,0.0,63,32.0,35.0,1.0,,,1,1,29,1,1.0,,4,7,99,7,11,0,07/20/2019,15:41,53032507.0,32507.0,0.0,0.0,0.0,3.0,1,0,0.0,0.0,0.0,96,,,,,,99,,,,,,98815,53,67.0,210.0,6.0,1.0,0.0,0.0,1.0,1.0,,0,,,,,,3,11/15/2015,03/15/2019,1,9,0,0,0.0,9,8,,,0,0.0,0.0,8,9,8.0,95.0,,,96.0,,,8,95,995.0,,,,,,,,,,,,,,,,,,,,,,,,,,,,,,0,0,1,0,0,0,0,0,0,0,0,0,1,0,0,0,0,0,0,0,0,0,0,0,0,0,0,0,0,1,0,0,0,0,0,,1,0,0,0,0,0,0,0,0,1,0,0,0,0,0,0,,,,,,26-30,26-35,County road,R,Saturday,Unknown,PV,Hispanic,0,1,0,0,County Road,County Sheriff,Chelan County Sheriff's Office,1,0,1,0,0,,,,,,0.0,0.0,0.0,,,,,,,,,,,98.0,98.0,98.0,1.0,,,,,20.0,7.0,,,,,,,,,,,,,,,,98815,Cashmere,Cashmere
1927,1963,1963,2019,241,E942417,5.0,2019-07-18,14:41,18,7,,39,Klickitat,0,1,0.0,1,1,2,1,0,1,1,,,,39,0,0,71.9,1,0,1,3,1,1,3,0,0,0,0,SR-14,,-121.3627389,45.707591667,0,1,1,13,2,60,80,0,0,1,2,39,3,1,2,1,14,1,1,41,0,73,706,2013,0,0.0,63,39.0,,,,,1,1,71,1,7.0,,4,7,20,7,11,0,07/18/2019,14:41,53032270.0,32270.0,0.0,0.0,0.0,3.0,1,0,0.0,0.0,0.0,96,,,,,,99,,,,,,97124,41,71.0,220.0,6.0,1.0,0.0,0.0,0.0,1.0,,0,,,,,,0,02/15/2016,02/15/2016,20,8,0,0,0.0,9,8,,,0,0.0,0.0,8,9,8.0,95.0,,,96.0,,,8,95,995.0,,,,,,,,,,,,,,,,,,,,,,,,,,,,,,0,0,1,0,0,0,0,0,0,0,0,0,0,0,0,0,0,0,0,0,0,0,0,0,0,1,1,0,1,0,0,0,0,0,1,0.0,0,0,0,0,0,0,0,0,0,0,0,0,0,0,0,0,,,,,,71-75,66-75,State route,R,Thursday,,MC,White,0,1,0,0,State Route,State Patrol,Washington State Patrol,1,1,0,0,0,,,,,,0.0,0.0,0.0,,,,,,,,,,,0.0,0.0,0.0,1.0,,,,,19.0,0.0,,,,,,,,,,,,,,,,98635,Hillsboro,Lyle
1928,1964,1964,2019,242,E942516,6.0,2019-07-02,10:20,2,7,,7,Chelan,0,99,0.0,9,99,2,1,0,1,1,,,,1,0,0,159.0,1,0,1,4,1,1,3,0,0,0,0,SR-20,,-120.705575,48.501325,0,1,7,13,2,60,14,0,0,1,2,1,2,2,2,1,14,1,1,53,0,2,404,1999,0,0.0,63,69.0,68.0,64.0,1.0,42.0,1,1,24,1,7.0,,4,7,3,0,11,0,07/02/2019,10:20,53029679.0,29679.0,0.0,0.0,0.0,3.0,1,58,0.0,0.0,0.0,96,,,,,,9,,,,,,98266,53,74.0,185.0,6.0,1.0,0.0,0.0,0.0,0.0,,0,,,,,,0,,,20,0,0,0,0.0,1,8,,,0,0.0,0.0,1,1,2.0,605.0,695.0,,1.0,1.0,,2,1,0.098,,,,,,,,,,,,,,,,,,,,,,,,,,,,,,0,0,0,0,1,1,1,1,1,0,0,0,0,0,0,0,0,0,0,0,0,0,0,1,1,0,0,0,0,1,0,0,0,0,0,,1,0,0,0,0,1,1,1,0,0,0,0,0,0,0,1,,,,,,21-25,16-25,State route,R,Tuesday,Belt Used,PV,White,0,1,0,0,State Route,State Patrol,Washington State Patrol,1,1,0,0,0,thc,8.0,carboxy-thc,8.9,,0.0,0.0,0.0,,,,,,,,,,,0.0,0.0,0.0,1.0,,,,,20.0,7.0,,,,,,,,,,,,,,,,98852,Maple Falls,Stehekin
1929,1965,1965,2019,243,E942668,7.0,2019-07-16,4:47,16,7,,33,King,0,2,0.0,2,2,2,1,0,2,2,,,,12,0,2,13.7,1,0,1,4,2,1,3,0,0,0,0,SR-202,,-121.9995194,47.632538889,0,1,50,54,3,98,4,0,0,1,2,12,3,2,2,1,14,1,2,53,0,42,43,2000,0,0.0,12,,,,,,1,1,72,1,7.0,,4,7,20,7,11,0,07/16/2019,4:47,53031767.0,31767.0,0.0,0.0,0.0,3.0,1,51,0.0,0.0,0.0,96,,,,,,0,,,,,,98058,53,72.0,200.0,6.0,1.0,0.0,0.0,0.0,0.0,,0,,,,,,0,,,1,0,0,0,0.0,9,8,,,0,0.0,0.0,8,0,2.0,1.0,,,1.0,,,2,1,0.0,,,,,,,,,,,,,,,,,,,,,,,,,,,,,,0,0,0,0,1,0,0,0,0,0,0,0,0,0,0,0,0,0,0,1,0,0,0,0,0,1,1,0,0,1,1,0,0,1,0,,1,0,0,0,0,0,0,0,0,0,0,0,0,0,0,0,,,,,,71-75,66-75,State route,U,Tuesday,Not Used,PV,API,0,0,0,1,State Route,State Patrol,Washington State Patrol,0,1,0,0,0,,,,,,0.0,0.0,0.0,,,,,,,,,,,98.0,98.0,98.0,18.0,,,,,20.0,7.0,,,,,,,,,,,,,,,,98053,Renton,Redmond
1930,1966,1966,2019,243,E942668,7.0,2019-07-16,4:47,16,7,,33,King,0,2,0.0,2,2,2,1,0,2,2,,,,12,0,2,13.7,1,0,1,4,2,1,3,0,0,0,0,SR-202,,-121.9995194,47.632538889,0,2,51,54,3,45,66,1,0,1,5,12,2,2,2,1,14,1,3,18,0,51,881,2015,0,0.0,12,,,,,,1,1,53,1,0.0,,2,0,3,0,11,4,,,,,6.0,1.0,3.0,3.0,1,0,0.0,0.0,0.0,96,,,,,,0,,,,,,98933,53,72.0,160.0,6.0,1.0,0.0,1.0,0.0,0.0,,0,,,,,,0,09/15/2017,09/15/2017,20,0,0,0,8.0,9,8,,,0,0.0,0.0,8,1,0.0,0.0,,,0.0,,,0,0,996.0,,,,,,,,,,,,,,,,,,,,,,,,,,,,,,0,0,0,0,1,0,0,0,0,0,0,0,0,0,0,0,0,0,0,1,0,0,0,0,0,1,1,0,0,1,1,0,0,0,0,,0,0,0,0,0,0,0,0,0,0,0,0,0,0,0,1,,,,,,51-55,46-55,State route,U,Tuesday,,MHTRUCK,Not Fatal,0,0,0,1,State Route,State Patrol,Washington State Patrol,0,1,0,0,0,,,,,,0.0,0.0,0.0,,,,,,,,,,,98.0,98.0,98.0,0.0,,,,,20.0,7.0,,,,,,,,,,,,,,,,98053,Harrah,Redmond
1931,1967,1967,2019,244,E944270,146.0,2019-06-20,17:04,20,6,,77,Yakima,0,1,0.0,1,1,2,1,0,13,2,,,,12,0,6,0.5,2,0,2,7,1,2,4,0,0,20,3,CR-ROSENKRANZ RD,N TIETON RD,-120.7523917,46.709455556,0,1,88,17,2,50,61,0,0,1,7,12,1,1,2,1,1,1,3,56,0,7,881,2018,0,0.0,12,,,,,,1,1,27,1,0.0,,0,0,3,0,11,0,,,,,6.0,0.0,0.0,3.0,1,39,0.0,0.0,0.0,96,,,,,,0,,,,,,98908,53,68.0,205.0,6.0,1.0,0.0,0.0,0.0,1.0,,97,,,,,,0,07/15/2016,11/15/2016,1,0,0,0,8.0,9,8,,,0,0.0,0.0,8,0,8.0,95.0,,,96.0,,,8,95,995.0,,,,,,,,,,,,,,,,,,,,,,,,,,,,,,0,0,0,1,0,0,0,0,0,0,0,0,0,0,0,0,0,0,0,0,0,0,0,0,0,0,0,0,0,1,1,0,0,0,0,,0,0,0,0,0,0,0,0,0,0,0,0,0,0,0,0,,,,,,26-30,26-35,County road,R,Thursday,,MHTRUCK,Not Fatal,1,0,0,0,County Road,County Sheriff,Yakima County Sheriff's Office,0,0,1,0,0,,,,,,0.0,0.0,1.0,,,,,,,,,,,98.0,98.0,98.0,0.0,,,,,20.0,7.0,,,,,,,,,,,,,,,,98947,Yakima,Tieton
1932,1968,1968,2019,244,E944270,146.0,2019-06-20,17:04,20,6,,77,Yakima,0,1,0.0,1,1,2,1,0,13,2,,,,12,0,6,0.5,2,0,2,7,1,2,4,0,0,0,0,CR-ROSENKRANZ RD,N TIETON RD,-120.7523917,46.709455556,0,2,89,66,4,25,21,0,0,1,7,12,8,8,2,1,1,12,3,53,0,12,462,2016,0,0.0,12,63.0,1.0,,,,1,1,60,1,0.0,,1,0,99,7,11,4,,,,,0.0,0.0,0.0,3.0,1,0,0.0,0.0,0.0,96,,,,,,0,,,,,,98947,53,66.0,165.0,6.0,1.0,0.0,0.0,2.0,0.0,,0,,,,,,0,02/15/2017,04/15/2017,8,0,0,0,8.0,9,8,,,0,0.0,0.0,8,0,8.0,95.0,,,96.0,,,8,95,995.0,,,,,,,,,,,,,,,,,,,,,,,,,,,,,,0,0,0,1,0,0,0,0,0,0,0,0,0,0,0,0,0,0,0,0,0,0,0,0,0,0,0,0,0,1,1,0,0,0,0,,0,0,0,0,0,0,0,0,0,0,0,0,0,0,0,0,,,,,,56-60,56-65,County road,R,Thursday,Unknown,PV,Not Fatal,1,0,0,0,County Road,County Sheriff,Yakima County Sheriff's Office,0,0,1,0,0,,,,,,0.0,0.0,0.0,,,,,,,,,,,98.0,98.0,98.0,0.0,,,,,20.0,7.0,,,,,,,,,,,,,,,,98947,Tieton,Tieton
1933,1969,1969,2019,245,E943969,2.0,2019-07-12,23:03,12,7,,77,Yakima,0,1,0.0,3,1,2,1,2,2,1,,,,8,0,0,61.6,2,0,4,4,2,1,2,0,3,3,3,US-97,FORT RD,-120.3297056,46.375013889,0,1,13,80,5,55,34,0,0,1,5,8,2,1,1,4,10,2,1,53,0,49,472,2016,0,0.0,8,8.0,,,,,1,1,37,1,0.0,,0,0,3,0,11,0,,,,,0.0,0.0,0.0,3.0,1,0,0.0,0.0,0.0,0,,,,,,0,,,,,,98942,53,67.0,170.0,6.0,1.0,0.0,0.0,0.0,0.0,,97,,,,,,0,,,20,0,0,0,8.0,9,2,,,0,0.0,0.0,0,0,0.0,0.0,,,0.0,,,0,0,996.0,,,,,,,,,,,,,,,,,,,,,,,,,,,,,,0,0,0,1,0,0,0,0,0,1,0,1,0,0,0,0,0,0,0,0,0,0,0,0,0,0,0,0,0,1,0,1,0,0,0,,0,0,0,0,0,0,0,0,0,0,0,0,0,0,0,0,,,,,,36-40,36-45,US highway,U,Friday,Belt Used,PV,Not Fatal,1,0,0,0,State Route,State Patrol,Washington State Patrol,0,1,0,0,0,,,,,,0.0,0.0,0.0,,,,,,,,,,,98.0,98.0,98.0,0.0,,,,,20.0,7.0,,,,,,,,,,,,,,,,98948,Selah,Toppenish
1934,1971,1971,2019,247,E944151,2.0,2019-07-24,14:12,24,7,,73,Whatcom,0,1,0.0,1,1,7,1,0,1,1,,,,35,0,0,7.9,1,0,1,5,1,2,4,0,0,0,0,CR-S PASS RD,,-122.1765667,48.962772222,0,1,1,13,2,35,80,0,0,1,2,35,1,1,2,1,1,1,1,53,0,71,706,2018,0,0.0,63,35.0,,,,,1,1,32,1,7.0,,4,7,20,7,11,0,07/24/2019,14:12,53033572.0,33572.0,0.0,0.0,0.0,2.0,1,0,0.0,0.0,0.0,96,,,,,,99,,,,,,98225,53,69.0,130.0,6.0,1.0,0.0,1.0,1.0,1.0,,0,,,,,,0,12/15/2015,04/15/2017,20,8,0,0,0.0,9,8,,,0,0.0,0.0,8,0,2.0,1.0,,,1.0,,,2,1,0.0,,,,,,,,,,,,,,,,,,,,,,,,,,,,,,0,0,1,0,0,0,0,0,0,0,0,0,0,0,1,0,0,0,0,0,0,0,0,0,0,0,0,0,1,0,0,0,0,0,1,0.0,0,0,0,0,0,0,0,0,0,0,0,0,0,0,0,0,,,,,,31-35,26-35,County road,R,Wednesday,,MC,White,0,1,0,0,County Road,State Patrol,Washington State Patrol,1,0,1,0,0,,,,,,0.0,0.0,0.0,,,,,,,,,,,0.0,0.0,0.0,1.0,,,,,5.0,0.0,,,,,,,,,,,,,,,,98295,Bellingham,Sumas
1935,1972,1972,2019,248,E944172,189.0,2019-07-27,1:52,27,7,,61,Snohomish,1280,1,0.0,2,1,2,1,1,2,1,,,,8,0,0,6.9,1,0,1,3,2,1,3,0,0,0,0,SR-529,,-122.1806194,48.038261111,0,1,13,80,5,55,61,0,2,1,5,8,1,1,2,2,1,2,3,53,6,12,870,2019,0,0.0,8,,,,,,1,1,32,1,0.0,,0,0,99,7,11,0,,,,,0.0,0.0,3.0,3.0,1,10,0.0,0.0,0.0,96,,,,,,0,,,,,,98208,53,74.0,200.0,6.0,1.0,0.0,0.0,0.0,0.0,,0,,,,,,0,,,20,0,0,0,8.0,9,8,,,0,0.0,0.0,8,0,8.0,95.0,,,96.0,,,8,95,995.0,,,,,,,,,,,,,,,,,,,,,,,,,,,,,,0,0,0,0,0,0,0,0,0,1,1,0,0,0,0,0,0,0,0,0,0,0,0,0,0,0,0,0,0,0,1,1,0,0,0,,0,0,0,0,0,0,0,0,0,0,0,0,0,0,0,0,,,,,,31-35,26-35,State route,U,Saturday,,MHTRUCK,Not Fatal,0,0,0,0,State Route,Municipal/City Police,Marysville Police Department,0,1,0,0,0,,,,,,0.0,0.0,0.0,,,,,,,,,,,98.0,98.0,98.0,0.0,,,,,20.0,7.0,,,,,,,,,,,,,,,,98201,Everett,Everett
1936,1973,1973,2019,249,E944303,1.0,2019-07-23,0:38,23,7,,77,Yakima,0,1,0.0,2,1,2,1,0,2,2,,,,12,0,6,0.3,1,0,1,5,1,2,4,0,0,0,0,CR-VAN BELLE RD,,-120.1692278,46.346527778,0,1,66,6,1,50,4,0,0,1,2,12,1,1,2,1,1,1,1,53,0,42,31,1992,0,0.0,68,68.0,68.0,64.0,69.0,12.0,1,1,21,1,1.0,,4,7,3,0,11,0,07/23/2019,0:38,53032958.0,32958.0,0.0,0.0,0.0,2.0,1,28,0.0,0.0,0.0,96,,,,,,9,,,,,,98944,53,66.0,155.0,1.0,1.0,0.0,1.0,0.0,1.0,,0,,,,,,4,07/15/2018,08/15/2018,1,0,0,0,0.0,1,8,,,0,0.0,0.0,8,1,2.0,1.0,,,1.0,,,2,1,0.21,,,,,,,,,,,,,,,,,,,,,,,,,,,,,,0,0,0,0,1,1,0,1,0,0,0,0,1,1,0,0,0,0,0,0,0,0,0,1,1,0,0,0,0,1,1,0,0,0,0,,1,0,0,0,0,1,0,1,0,1,0,1,0,1,0,1,,,,,,21-25,16-25,County road,R,Tuesday,Belt Used,PV,Hispanic,0,1,1,0,County Road,State Patrol,Washington State Patrol,0,0,1,0,0,,,,,,1.0,0.0,1.0,,,,,,,,,,,0.0,0.0,0.0,201.0,298.0,,,,20.0,7.0,,,,,,,,,,,,,,,,98932,Sunnyside,Granger