,index,Unnamed: 0,year,case,par,repjur,crash_dt,crash_tm,accday,accmon,holiday,county,co_char,city,weather,weather2,lightcond,surfcond,surftype,numfatal,nmforms,pforms,vforms,not_tm,arr_tm,hosp_tm,fhevent,hitrun,manncol,milepnt,reljunc,reljuncinter,intersectiontype,funcsystem,landuse,ownership,route,schlbus,spejur,contdev,devfunc,trafid1,trafid2,lon,lat,wk_zone,vnumber,crashtype,criticalevent,criticaleventcat,spdlim,body,trailer,emerg,hazcargo,leave,mhevent,roadalgn,roadprof,traflane,trafflow,vehmanvr,numoccs,regowner,regstate,spuse,make,model,modelyr,vrf1,vrf2,seqevent1,seqevent2,seqevent3,seqevent4,seqevent5,seqevent6,pnumber,ptype,age,sex,hispanic,race,injury,diedscene,restraint,restraintmisuse,seatpos,takehosp,death_dt,death_tm,cert,cernum_wa,commlic,licendor,licrestrict,liccomp,drivpres,drf1,drf2,drf3,drf4,distract1,distract2,distract3,distract4,distract5,distract6,dricond1,dricond2,dricond3,dricond4,dricond5,dricond6,dzip,licstate,drhgt_in,weight,noncdl,noncdltype,prevdwi,prevoth,prevacc,prevspd,prevsus,driviol1,driviol2,driviol3,driviol4,driviol5,driviol6,spdrel,first_dt,last_dt,airbag,ejection,ejectpath,extricat,injurwrk,methalc,methdrug,nmlocat,strikveh,prf1,prf2,prf3,druginv,alcinvol,drugsts,drugres1,drugres2,drugres3,drugtst1,drugtst2,drugtst3,alcsts,alctst,alcres,nmact1,nmact2,nmact3,nmact4,nmact5,nmact6,nmprior1,nmprior2,nmprior3,nmprior4,nmprior5,nmprior6,nmcond1,nmcond2,nmcond3,nmcond4,nmcond5,nmcond6,nmsafe_helmet,nmsafe_pads,nmsafe_oth,nmprev_ref,nmprev_lgt,nmprev_oth,crashlocation,nmcrashtype,crosswalk,schoolzone,sidewalk,train_inv,wildlife_inv,rotr_fars,intersect_fars,dd_inv,aid_inv,dpd_inv,id_inv,mj_inv,impnm_inv,ainm_inv,dpnm_inv,speed_inv,unlic_inv,unendmc_inv,drowsy_inv,drdist_inv,nmdist_inv,fty_inv,unrestfat_inv,dr1617_inv,dr1820_inv,dr1620_inv,dr2125_inv,dr1625_inv,dr65_inv,dr70_inv,dr75_inv,mc_inv,pv_inv,ht_inv,ped_inv,bike_inv,unrest_fat,mc_fat,unhelmet_mc,pv_fat,ht_fat,ped_fat,bike_fat,dr_alc7,dr_alc8,dr_drug,dr_imp,dr_dist,dr_spd,dr_fty,dr_unlic,dr_alc7only,dr_alc8only,dr_drugonly,dr_drink,nm_imp,nm_alc7,nm_alc8,nm_drug,nm_dist,agegrp1,agegrp2,roadclass,urbrur,dayweek,restuse,vehtype,race_me,intersect,lanedep,oppdir,wrongway,rep_typ,investag,repag_long,rotr,st_rd,cty_rd,city_rd,oth_rd,drug_thc,thc_res,drug_cthc,cthc_res,drug_cann,prevpersemin,prevperse,prevsusoth,drugtst4,drugtst5,drugtst6,drugtst7,drugtst8,drugres4,drugres5,drugres6,drugres7,drugres8,adspresent,adsengaged,adslevel,race1,race2,race3,race4,race5,helmet,helmetmisuse,nmdistract1,nmdistract2,nmdistract3,nmdistract4,nmdistract5,nmdistract6,lab,isedtcase,crf1,crf2,crf3,CoRoadName,CoMP,IntCoRoadName,IntCoMP,crashzip,dcity,crashcity
1955,1992,1992,2019,263,E933707,39.0,2019-06-23,0:14,23,6,,61,Snohomish,0,10,0.0,3,1,2,1,0,3,2,,,,12,0,2,1.3,2,0,3,5,1,2,4,0,0,0,0,CR-236TH ST NE,32ND AVE NE,-122.1871333,48.210022222,0,2,51,62,4,35,4,0,0,1,7,12,1,2,2,1,1,1,1,53,0,12,37,2001,0,0.0,12,,,,,,1,1,61,2,7.0,,4,0,3,0,11,4,07/06/2019,8:53,69053030431.0,30431.0,0.0,0.0,0.0,3.0,1,0,0.0,0.0,0.0,96,,,,,,0,,,,,,98292,53,67.0,175.0,6.0,1.0,0.0,0.0,1.0,1.0,,0,,,,,,0,08/15/2016,05/15/2018,8,0,0,0,0.0,9,8,,,0,0.0,0.0,8,9,2.0,348.0,,,1.0,,,2,1,0.0,,,,,,,,,,,,,,,,,,,,,,,,,,,,,,0,0,0,1,0,0,1,1,0,0,0,0,0,1,0,0,1,0,0,0,0,0,0,0,0,0,0,0,0,1,0,0,0,0,0,,1,0,0,0,0,0,1,1,0,0,0,0,0,0,1,0,,,,,,61-65,56-65,County road,R,Sunday,Belt Used,PV,Multiracial,0,1,1,0,County Road,County Sheriff,Snohomish County Sheriff's Office,0,0,1,0,0,,,,,,0.0,0.0,0.0,,,,,,,,,,,98.0,98.0,98.0,201.0,298.0,,,,20.0,7.0,,,,,,,,,,,,,,,,98223,Stanwood,Arlington
1956,1993,1993,2019,264,E945003,2.0,2019-07-05,0:02,5,7,,61,Snohomish,0,1,0.0,2,1,2,1,0,4,2,,,,12,0,2,2.4,1,0,1,7,1,2,4,0,0,0,0,CR-NEWBERG RD,,-122.0050972,48.023463889,0,1,50,10,2,35,34,0,0,1,7,12,1,2,2,1,6,3,1,53,0,20,471,1984,0,0.0,68,12.0,,,,,1,1,44,1,0.0,,0,0,99,7,11,0,,,,,0.0,0.0,0.0,3.0,1,33,0.0,0.0,0.0,96,,,,,,9,,,,,,98290,53,70.0,180.0,6.0,1.0,0.0,1.0,1.0,0.0,,97,,,,,,0,10/15/2015,10/15/2015,20,0,0,0,8.0,9,8,,,0,0.0,0.0,8,1,8.0,95.0,,,96.0,,,8,95,995.0,,,,,,,,,,,,,,,,,,,,,,,,,,,,,,0,0,0,0,1,1,1,1,0,0,0,0,0,0,1,0,0,0,0,0,0,0,0,0,0,0,0,0,1,1,0,0,0,0,0,,0,0,0,0,0,0,0,0,0,0,0,0,0,0,0,1,,,,,,41-45,36-45,County road,R,Friday,Unknown,PV,Not Fatal,0,1,1,0,County Road,County Sheriff,Snohomish County Sheriff's Office,0,0,1,0,0,,,,,,0.0,0.0,0.0,,,,,,,,,,,0.0,0.0,0.0,0.0,,,,,20.0,7.0,,,,,,,,,,,,,,,,98290,Snohomish,Snohomish
1957,1994,1994,2019,264,E945003,2.0,2019-07-05,0:02,5,7,,61,Snohomish,0,1,0.0,2,1,2,1,0,4,2,,,,12,0,2,2.4,1,0,1,7,1,2,4,0,0,0,0,CR-NEWBERG RD,,-122.0050972,48.023463889,0,2,51,62,4,35,83,0,0,1,7,12,1,2,2,1,1,1,2,53,0,98,703,2008,0,0.0,12,,,,,,1,1,31,1,7.0,,4,7,20,7,11,0,07/05/2019,0:02,53031510.0,31510.0,0.0,0.0,3.0,2.0,1,0,0.0,0.0,0.0,96,,,,,,0,,,,,,98271,53,74.0,185.0,6.0,1.0,0.0,2.0,1.0,1.0,,0,,,,,,0,12/15/2015,09/15/2018,20,8,0,0,0.0,9,8,,,0,0.0,0.0,8,9,2.0,401.0,417.0,,1.0,1.0,,2,1,0.095,,,,,,,,,,,,,,,,,,,,,,,,,,,,,,0,0,0,0,1,1,1,1,0,0,0,0,0,0,1,0,0,0,0,0,0,0,0,0,0,0,0,0,1,1,0,0,0,0,1,0.0,0,0,0,0,0,1,1,1,0,0,0,0,0,0,0,1,,,,,,31-35,26-35,County road,R,Friday,,MC,White,0,1,1,0,County Road,County Sheriff,Snohomish County Sheriff's Office,0,0,1,0,0,,,,,,0.0,0.0,1.0,,,,,,,,,,,0.0,0.0,0.0,1.0,,,,,19.0,0.0,,,,,,,,,,,,,,,,98290,Marysville,Snohomish
1958,1995,1995,2019,265,E947668,4.0,2019-07-10,15:37,10,7,,65,Stevens,0,1,0.0,1,1,2,1,0,4,2,,,,12,0,2,228.3,1,0,1,3,1,1,2,0,0,0,0,US-395,,-117.8843583,48.463247222,0,1,50,10,2,60,14,0,0,1,7,12,1,1,2,1,1,3,1,53,0,18,401,2004,0,0.0,68,12.0,,,,,1,1,24,1,0.0,,2,0,3,0,11,4,,,,,0.0,0.0,0.0,3.0,1,28,0.0,0.0,0.0,0,,,,,,2,,,,,,99013,53,73.0,350.0,6.0,1.0,0.0,3.0,0.0,13.0,,2,,,,,,0,10/15/2015,05/15/2019,8,0,0,0,8.0,9,8,,,0,0.0,0.0,8,0,8.0,95.0,,,96.0,,,8,95,995.0,,,,,,,,,,,,,,,,,,,,,,,,,,,,,,0,0,0,0,0,0,0,0,0,0,0,0,0,0,0,1,0,0,0,0,0,0,0,1,1,1,1,1,0,1,0,0,0,0,0,,0,0,0,0,0,0,0,0,0,0,0,0,0,0,0,0,,,,,,21-25,16-25,US highway,R,Wednesday,Belt Used,PV,Not Fatal,0,1,1,0,State Route,State Patrol,Washington State Patrol,0,1,0,0,0,,,,,,0.0,0.0,0.0,,,,,,,,,,,98.0,98.0,98.0,0.0,,,,,20.0,7.0,,,,,,,,,,,,,,,,99114,Ford,Colville
1959,1996,1996,2019,265,E947668,4.0,2019-07-10,15:37,10,7,,65,Stevens,0,1,0.0,1,1,2,1,0,4,2,,,,12,0,2,228.3,1,0,1,3,1,1,2,0,0,0,0,US-395,,-117.8843583,48.463247222,0,2,51,62,4,60,5,0,0,1,7,12,1,1,2,1,1,1,1,53,0,41,51,2010,0,0.0,12,,,,,,1,1,81,2,7.0,,4,7,3,0,11,0,07/10/2019,15:37,53031401.0,31401.0,0.0,0.0,3.0,3.0,1,0,0.0,0.0,0.0,0,,,,,,99,,,,,,99114,53,66.0,150.0,6.0,1.0,0.0,1.0,0.0,1.0,,0,,,,,,0,03/15/2016,05/15/2019,1,0,0,0,0.0,9,8,,,0,0.0,0.0,8,0,2.0,1.0,,,1.0,,,2,1,0.0,,,,,,,,,,,,,,,,,,,,,,,,,,,,,,0,0,0,0,0,0,0,0,0,0,0,0,0,0,0,1,0,0,0,0,0,0,0,1,1,1,1,1,0,1,0,0,0,0,0,,1,0,0,0,0,0,0,0,0,0,0,0,0,0,0,0,,,,,,81+,76+,US highway,R,Wednesday,Belt Used,PV,White,0,1,1,0,State Route,State Patrol,Washington State Patrol,0,1,0,0,0,,,,,,0.0,0.0,0.0,,,,,,,,,,,98.0,98.0,98.0,1.0,,,,,20.0,7.0,,,,,,,,,,,,,,,,99114,Colville,Colville
1960,1997,1997,2019,266,E946448,248.0,2019-08-03,0:17,3,8,,33,King,1830,1,0.0,3,1,2,1,0,3,2,,,,12,0,1,24.6,8,0,1,3,2,1,3,0,0,0,0,SR-169,,-122.1867444,47.477663889,0,1,28,52,3,40,4,0,0,1,7,12,1,1,2,1,1,2,1,53,0,55,35,2013,0,0.0,12,,,,,,1,1,34,1,0.0,,0,0,3,0,11,0,,,,,0.0,0.0,0.0,3.0,1,0,0.0,0.0,0.0,96,,,,,,9,,,,,,98057,53,66.0,170.0,6.0,1.0,0.0,0.0,1.0,0.0,,97,,,,,,0,01/15/2018,01/15/2018,20,0,0,0,8.0,9,8,,,0,0.0,0.0,8,1,2.0,1.0,,,1.0,,,2,1,0.17,,,,,,,,,,,,,,,,,,,,,,,,,,,,,,0,0,0,0,1,1,1,1,0,0,0,0,0,0,0,0,0,0,0,0,0,0,0,0,0,0,0,0,1,1,0,0,0,0,0,,0,0,0,0,0,1,0,1,0,0,0,0,0,1,0,1,,,,,,31-35,26-35,State route,U,Saturday,Belt Used,PV,Not Fatal,0,0,0,0,State Route,Municipal/City Police,Renton Police Department,0,1,0,0,0,,,,,,0.0,0.0,0.0,,,,,,,,,,,98.0,98.0,98.0,0.0,,,,,20.0,7.0,,,,,,,,,,,,,,,,98057,Renton,Renton
1961,1998,1998,2019,266,E946448,248.0,2019-08-03,0:17,3,8,,33,King,1830,1,0.0,3,1,2,1,0,3,2,,,,12,0,1,24.6,8,0,1,3,2,1,3,0,0,0,0,SR-169,,-122.1867444,47.477663889,0,2,29,53,3,40,80,0,0,1,7,12,1,1,2,1,2,1,1,53,0,76,705,2007,0,0.0,12,,,,,,1,1,64,1,7.0,,4,7,20,7,11,0,08/03/2019,0:17,183053034978.0,34978.0,0.0,0.0,3.0,3.0,1,0,0.0,0.0,0.0,96,,,,,,0,,,,,,98042,53,69.0,170.0,6.0,1.0,0.0,1.0,1.0,0.0,,0,,,,,,0,04/15/2015,07/15/2018,20,8,0,0,0.0,9,8,,,0,0.0,0.0,8,0,2.0,401.0,417.0,,1.0,1.0,,2,1,0.0,,,,,,,,,,,,,,,,,,,,,,,,,,,,,,0,0,0,0,1,1,1,1,0,0,0,0,0,0,0,0,0,0,0,0,0,0,0,0,0,0,0,0,1,1,0,0,0,0,1,0.0,0,0,0,0,0,0,1,1,0,0,0,0,0,0,1,0,,,,,,61-65,56-65,State route,U,Saturday,,MC,White,0,0,0,0,State Route,Municipal/City Police,Renton Police Department,0,1,0,0,0,,,,,,0.0,0.0,0.0,,,,,,,,,,,0.0,0.0,0.0,1.0,,,,,19.0,0.0,,,,,,,,,,,,,,,,98057,Kent,Renton
1962,1999,1999,2019,267,E946872,3.0,2019-08-03,18:12,3,8,,53,Pierce,2230,1,0.0,1,1,2,1,0,4,3,,,,12,0,98,0.1,1,0,1,1,2,1,1,0,0,0,0,I-5,,-122.4269722,47.234947222,0,1,98,12,2,60,20,0,0,1,2,12,1,1,2,2,15,1,2,53,0,12,442,2002,0,0.0,64,12.0,69.0,12.0,64.0,24.0,1,1,62,2,0.0,,0,0,3,0,11,0,,,,,0.0,0.0,0.0,3.0,1,91,0.0,0.0,0.0,96,,,,,,9,,,,,,98406,53,66.0,150.0,6.0,1.0,0.0,0.0,0.0,0.0,,1,11.0,,,,,0,,,1,0,0,0,8.0,9,8,,,0,0.0,0.0,8,1,2.0,1.0,,,1.0,,,2,1,0.13,,,,,,,,,,,,,,,,,,,,,,,,,,,,,,0,0,0,0,1,1,0,1,0,0,0,0,0,0,0,0,0,0,0,0,0,0,0,1,1,0,0,0,1,1,0,0,0,0,0,,0,0,0,0,0,1,0,1,0,0,0,0,0,1,0,1,,,,,,61-65,56-65,Interstate,U,Saturday,Belt Used,PV,Not Fatal,0,0,0,0,State Route,State Patrol,Washington State Patrol,0,1,0,0,0,,,,,,0.0,0.0,0.0,,,,,,,,,,,98.0,98.0,98.0,0.0,,,,,20.0,7.0,,,,,,,,,,,,,,,,98404,Tacoma,Tacoma
1963,2000,2000,2019,267,E946872,3.0,2019-08-03,18:12,3,8,,53,Pierce,2230,1,0.0,1,1,2,1,0,4,3,,,,12,0,98,0.1,1,0,1,1,2,1,1,0,0,0,0,I-5,,-122.4269722,47.234947222,0,2,98,98,7,60,80,0,0,1,2,12,1,1,2,2,98,1,1,53,0,53,705,2005,0,0.0,12,,,,,,1,1,24,1,7.0,,4,7,20,7,11,0,08/03/2019,18:12,223053034731.0,34731.0,0.0,0.0,0.0,3.0,1,0,0.0,0.0,0.0,0,,,,,,99,,,,,,98409,53,70.0,190.0,6.0,1.0,0.0,0.0,0.0,2.0,,0,,,,,,0,08/15/2015,10/15/2015,20,8,0,0,0.0,9,8,,,0,0.0,0.0,8,9,2.0,1.0,,,1.0,,,2,1,0.0,,,,,,,,,,,,,,,,,,,,,,,,,,,,,,0,0,0,0,1,1,0,1,0,0,0,0,0,0,0,0,0,0,0,0,0,0,0,1,1,0,0,0,1,1,0,0,0,0,1,0.0,0,0,0,0,0,0,0,0,0,0,0,0,0,0,0,0,,,,,,21-25,16-25,Interstate,U,Saturday,,MC,Black,0,0,0,0,State Route,State Patrol,Washington State Patrol,0,1,0,0,0,,,,,,0.0,0.0,0.0,,,,,,,,,,,0.0,0.0,0.0,2.0,,,,,5.0,0.0,,,,,,,,,,,,,,,,98404,Tacoma,Tacoma
1964,2001,2001,2019,267,E946872,3.0,2019-08-03,18:12,3,8,,53,Pierce,2230,1,0.0,1,1,2,1,0,4,3,,,,12,0,98,0.1,1,0,1,1,2,1,1,0,0,0,0,I-5,,-122.4269722,47.234947222,0,3,98,62,4,60,4,0,0,1,2,12,1,1,4,3,1,2,1,53,0,12,37,2017,0,0.0,12,,,,,,1,1,64,1,0.0,,0,0,3,0,11,0,,,,,0.0,0.0,0.0,3.0,1,0,0.0,0.0,0.0,96,,,,,,0,,,,,,98001,53,71.0,246.0,6.0,1.0,0.0,0.0,1.0,0.0,,0,,,,,,0,10/15/2018,10/15/2018,1,0,0,0,8.0,9,8,,,0,0.0,0.0,8,0,8.0,95.0,,,96.0,,,8,95,995.0,,,,,,,,,,,,,,,,,,,,,,,,,,,,,,0,0,0,0,1,1,0,1,0,0,0,0,0,0,0,0,0,0,0,0,0,0,0,1,1,0,0,0,1,1,0,0,0,0,0,,0,0,0,0,0,0,0,0,0,0,0,0,0,0,0,0,,,,,,61-65,56-65,Interstate,U,Saturday,Belt Used,PV,Not Fatal,0,0,0,0,State Route,State Patrol,Washington State Patrol,0,1,0,0,0,,,,,,0.0,0.0,0.0,,,,,,,,,,,98.0,98.0,98.0,0.0,,,,,20.0,7.0,,,,,,,,,,,,,,,,98404,Auburn,Tacoma
1965,2002,2002,2019,268,E946931,1.0,2019-08-01,18:53,1,8,,5,Benton,0,1,0.0,1,1,2,1,0,2,2,,,,12,0,2,180.2,1,0,1,4,1,1,3,0,0,0,0,SR-14,,-119.3449639,45.944041667,0,1,51,62,4,55,80,0,0,1,2,12,1,1,2,1,1,1,1,41,0,72,706,2004,0,0.0,12,,,,,,1,1,55,1,7.0,,4,7,20,7,11,0,08/01/2019,18:53,53034210.0,34210.0,0.0,0.0,3.0,3.0,1,0,0.0,0.0,0.0,96,,,,,,9,,,,,,97875,41,70.0,150.0,6.0,1.0,0.0,0.0,0.0,0.0,,0,,,,,,0,,,20,8,0,0,0.0,9,8,,,0,0.0,0.0,1,9,2.0,605.0,695.0,189.0,1.0,1.0,1.0,2,1,0.0,,,,,,,,,,,,,,,,,,,,,,,,,,,,,,0,0,0,0,0,0,1,1,1,0,0,0,0,0,0,0,1,0,0,0,0,0,0,0,0,0,0,0,1,1,0,0,0,0,1,0.0,0,0,0,0,0,0,1,1,0,0,0,0,0,0,1,0,,,,,,51-55,46-55,State route,R,Thursday,,MC,White,0,0,0,1,State Route,State Patrol,Washington State Patrol,0,1,0,0,0,thc,5.7,carboxy-thc,8.0,,0.0,0.0,0.0,,,,,,,,,,,0.0,0.0,0.0,1.0,,,,,5.0,0.0,,,,,,,wa nm,,,,,,,,,99338,Stanfield,Kennewick
1966,2003,2003,2019,268,E946931,1.0,2019-08-01,18:53,1,8,,5,Benton,0,1,0.0,1,1,2,1,0,2,2,,,,12,0,2,180.2,1,0,1,4,1,1,3,0,0,0,0,SR-14,,-119.3449639,45.944041667,0,2,50,10,2,55,4,0,0,1,2,12,1,1,2,1,1,1,1,41,0,37,32,2014,0,0.0,68,12.0,,,,,1,1,41,1,0.0,,2,0,3,0,11,4,,,,,0.0,0.0,0.0,3.0,1,28,0.0,0.0,0.0,92,,,,,,0,,,,,,99336,53,66.0,163.0,6.0,1.0,0.0,0.0,0.0,1.0,,97,,,,,,0,08/15/2019,08/15/2019,8,0,0,0,8.0,9,8,,,0,0.0,0.0,8,0,2.0,1.0,,,1.0,,,2,1,0.0,,,,,,,,,,,,,,,,,,,,,,,,,,,,,,0,0,0,0,0,0,1,1,1,0,0,0,0,0,0,0,1,0,0,0,0,0,0,0,0,0,0,0,1,1,0,0,0,0,0,,0,0,0,0,0,0,0,0,1,0,0,0,0,0,0,0,,,,,,41-45,36-45,State route,R,Thursday,Belt Used,PV,Not Fatal,0,0,0,1,State Route,State Patrol,Washington State Patrol,0,1,0,0,0,,,,,,0.0,0.0,0.0,,,,,,,,,,,98.0,98.0,98.0,0.0,,,,,20.0,7.0,,,,,,,,,,,,,,,,99338,Kennewick,Kennewick
1967,2004,2004,2019,269,E946977,305.0,2019-08-02,13:55,2,8,,11,Clark,2370,1,0.0,1,1,2,1,0,6,5,,,,12,0,1,0.3,3,1,2,3,2,1,1,0,0,3,3,I-205 RAMP LX03111,FOURTH PLAIN BLVD,-122.5755111,45.657488889,0,1,20,50,3,35,4,0,0,1,7,12,1,2,5,1,1,1,1,53,0,49,40,2010,0,0.0,12,,,,,,1,1,60,2,0.0,,0,0,3,0,11,0,,,,,0.0,0.0,3.0,3.0,1,26,91.0,0.0,0.0,96,,,,,,9,,,,,,98604,53,68.0,160.0,6.0,1.0,0.0,0.0,4.0,0.0,,1,11.0,,,,,0,10/15/2015,11/15/2018,20,0,0,0,8.0,9,2,,,0,0.0,0.0,1,0,2.0,1.0,,,1.0,,,2,1,0.0,,,,,,,,,,,,,,,,,,,,,,,,,,,,,,0,0,0,1,0,0,0,0,0,0,0,0,0,0,0,0,0,0,0,0,0,1,1,0,1,1,1,1,1,1,0,0,0,0,0,,0,0,0,0,0,0,0,0,0,0,0,0,0,0,0,0,,,,,,56-60,56-65,Interstate,U,Friday,Belt Used,PV,Not Fatal,1,0,0,0,State Route,Municipal/City Police,Vancouver Police Department,0,1,0,0,0,,,,,,0.0,0.0,0.0,,,,,,,,,,,98.0,98.0,98.0,0.0,,,,,20.0,7.0,,,,,,,,,,,,,,,,98662,Battle Ground,Vancouver
1968,2005,2005,2019,269,E946977,305.0,2019-08-02,13:55,2,8,,11,Clark,2370,1,0.0,1,1,2,1,0,6,5,,,,12,0,1,0.3,3,1,2,3,2,1,1,0,0,3,3,I-205 RAMP LX03111,FOURTH PLAIN BLVD,-122.5755111,45.657488889,0,2,21,53,3,35,80,0,0,1,7,12,1,2,5,1,5,1,1,53,0,37,703,2012,0,0.0,12,12.0,,,,,1,1,20,1,99.0,,4,7,20,7,11,0,08/02/2019,13:55,237053034893.0,34893.0,0.0,0.0,0.0,3.0,1,0,0.0,0.0,0.0,0,,,,,,99,,,,,,98682,53,71.0,230.0,6.0,1.0,0.0,1.0,2.0,0.0,,0,,,,,,0,08/15/2016,03/15/2018,20,8,0,0,0.0,9,8,,,0,0.0,0.0,8,9,2.0,1.0,,,1.0,,,2,1,0.0,,,,,,,,,,,,,,,,,,,,,,,,,,,,,,0,0,0,1,0,0,0,0,0,0,0,0,0,0,0,0,0,0,0,0,0,1,1,0,1,1,1,1,1,1,0,0,0,0,1,0.0,0,0,0,0,0,0,0,0,0,0,0,0,0,0,0,0,,,,,,18-20,16-25,Interstate,U,Friday,,MC,Oth/Unk,1,0,0,0,State Route,Municipal/City Police,Vancouver Police Department,0,1,0,0,0,,,,,,0.0,0.0,0.0,,,,,,,,,,,0.0,0.0,0.0,99.0,,,,,19.0,0.0,,,,,,,,,,,,,,,,98662,Vancouver,Vancouver
1969,2006,2006,2019,269,E946977,305.0,2019-08-02,13:55,2,8,,11,Clark,2370,1,0.0,1,1,2,1,0,6,5,,,,12,0,1,0.3,3,1,2,3,2,1,1,0,0,3,3,I-205 RAMP LX03111,FOURTH PLAIN BLVD,-122.5755111,45.657488889,0,3,98,98,7,35,34,0,0,1,7,12,1,2,5,1,5,1,1,53,0,35,472,2008,0,0.0,12,12.0,12.0,,,,1,1,68,1,0.0,,1,0,3,0,11,8,,,,,0.0,0.0,3.0,3.0,1,0,0.0,0.0,0.0,0,,,,,,0,,,,,,98683,53,64.0,170.0,6.0,1.0,0.0,0.0,0.0,0.0,,0,,,,,,0,,,1,0,0,0,8.0,9,8,,,0,0.0,0.0,8,0,8.0,95.0,,,96.0,,,8,95,995.0,,,,,,,,,,,,,,,,,,,,,,,,,,,,,,0,0,0,1,0,0,0,0,0,0,0,0,0,0,0,0,0,0,0,0,0,1,1,0,1,1,1,1,1,1,0,0,0,0,0,,0,0,0,0,0,0,0,0,0,0,0,0,0,0,0,0,,,,,,66-70,66-75,Interstate,U,Friday,Belt Used,PV,Not Fatal,1,0,0,0,State Route,Municipal/City Police,Vancouver Police Department,0,1,0,0,0,,,,,,0.0,0.0,0.0,,,,,,,,,,,98.0,98.0,98.0,0.0,,,,,20.0,7.0,,,,,,,,,,,,,,,,98662,Vancouver,Vancouver
1970,2007,2007,2019,269,E946977,305.0,2019-08-02,13:55,2,8,,11,Clark,2370,1,0.0,1,1,2,1,0,6,5,,,,12,0,1,0.3,3,1,2,3,2,1,1,0,0,3,3,I-205 RAMP LX03111,FOURTH PLAIN BLVD,-122.5755111,45.657488889,0,4,98,98,7,35,34,0,0,1,5,12,1,2,5,1,5,2,1,53,0,12,471,2003,0,0.0,12,,,,,,1,1,80,1,0.0,,0,0,3,0,11,0,,,,,0.0,0.0,3.0,3.0,1,0,0.0,0.0,0.0,0,,,,,,0,,,,,,98662,53,72.0,190.0,6.0,1.0,0.0,0.0,0.0,0.0,,0,,,,,,0,,,20,0,0,0,8.0,9,8,,,0,0.0,0.0,8,0,8.0,95.0,,,96.0,,,8,95,995.0,,,,,,,,,,,,,,,,,,,,,,,,,,,,,,0,0,0,1,0,0,0,0,0,0,0,0,0,0,0,0,0,0,0,0,0,1,1,0,1,1,1,1,1,1,0,0,0,0,0,,0,0,0,0,0,0,0,0,0,0,0,0,0,0,0,0,,,,,,76-80,76+,Interstate,U,Friday,Belt Used,PV,Not Fatal,1,0,0,0,State Route,Municipal/City Police,Vancouver Police Department,0,1,0,0,0,,,,,,0.0,0.0,0.0,,,,,,,,,,,98.0,98.0,98.0,0.0,,,,,20.0,7.0,,,,,,,,,,,,,,,,98662,Vancouver,Vancouver
1971,2008,2008,2019,269,E946977,305.0,2019-08-02,13:55,2,8,,11,Clark,2370,1,0.0,1,1,2,1,0,6,5,,,,12,0,1,0.3,3,1,2,3,2,1,1,0,0,3,3,I-205 RAMP LX03111,FOURTH PLAIN BLVD,-122.5755111,45.657488889,0,5,98,98,7,35,14,0,0,1,7,12,1,2,5,1,5,1,3,53,0,49,402,2019,0,0.0,12,,,,,,1,1,41,2,0.0,,0,0,3,0,11,0,,,,,0.0,0.0,3.0,3.0,1,0,0.0,0.0,0.0,0,,,,,,0,,,,,,97213,41,64.0,179.0,6.0,1.0,0.0,0.0,0.0,0.0,,0,,,,,,0,,,20,0,0,0,8.0,9,8,,,0,0.0,0.0,8,0,8.0,95.0,,,96.0,,,8,95,995.0,,,,,,,,,,,,,,,,,,,,,,,,,,,,,,0,0,0,1,0,0,0,0,0,0,0,0,0,0,0,0,0,0,0,0,0,1,1,0,1,1,1,1,1,1,0,0,0,0,0,,0,0,0,0,0,0,0,0,0,0,0,0,0,0,0,0,,,,,,41-45,36-45,Interstate,U,Friday,Belt Used,PV,Not Fatal,1,0,0,0,State Route,Municipal/City Police,Vancouver Police Department,0,1,0,0,0,,,,,,0.0,0.0,0.0,,,,,,,,,,,98.0,98.0,98.0,0.0,,,,,20.0,7.0,,,,,,,,,,,,,,,,98662,Portland,Vancouver
1972,2009,2009,2019,270,E947144,2.0,2019-07-25,14:54,25,7,,73,Whatcom,740,1,0.0,1,1,1,1,0,1,1,,,,42,0,0,264.8,1,0,1,1,2,1,1,0,0,0,0,I-5,,-122.5890889,48.877055556,0,1,1,8,1,70,4,0,0,1,2,1,1,1,2,3,15,1,1,53,0,49,40,2002,0,0.0,63,42.0,67.0,1.0,42.0,,1,1,60,1,7.0,,4,7,3,0,11,0,07/25/2019,14:54,74053033880.0,33880.0,6.0,0.0,0.0,3.0,1,38,0.0,0.0,0.0,93,,,,,,99,,,,,,98248,53,74.0,200.0,6.0,1.0,1.0,1.0,2.0,0.0,,0,,,,,,0,08/15/2014,06/15/2016,1,0,0,0,0.0,9,8,,,0,0.0,0.0,8,0,2.0,605.0,695.0,,1.0,1.0,,2,1,0.0,,,,,,,,,,,,,,,,,,,,,,,,,,,,,,0,0,1,0,0,0,1,1,1,0,0,0,0,0,0,0,1,0,1,0,0,0,0,0,0,0,0,0,0,1,0,0,0,0,0,,1,0,0,0,0,0,1,1,1,0,1,0,0,0,1,0,,,,,,56-60,56-65,Interstate,U,Thursday,Belt Used,PV,Multiracial,0,1,0,0,State Route,State Patrol,Washington State Patrol,1,1,0,0,0,thc,17.0,carboxy-thc,14.0,,0.0,1.0,0.0,,,,,,,,,,,98.0,98.0,98.0,201.0,298.0,,,,20.0,7.0,,,,,,,,,,,,,,,,98248,Ferndale,Ferndale