,index,Unnamed: 0,year,case,par,repjur,crash_dt,crash_tm,accday,accmon,holiday,county,co_char,city,weather,weather2,lightcond,surfcond,surftype,numfatal,nmforms,pforms,vforms,not_tm,arr_tm,hosp_tm,fhevent,hitrun,manncol,milepnt,reljunc,reljuncinter,intersectiontype,funcsystem,landuse,ownership,route,schlbus,spejur,contdev,devfunc,trafid1,trafid2,lon,lat,wk_zone,vnumber,crashtype,criticalevent,criticaleventcat,spdlim,body,trailer,emerg,hazcargo,leave,mhevent,roadalgn,roadprof,traflane,trafflow,vehmanvr,numoccs,regowner,regstate,spuse,make,model,modelyr,vrf1,vrf2,seqevent1,seqevent2,seqevent3,seqevent4,seqevent5,seqevent6,pnumber,ptype,age,sex,hispanic,race,injury,diedscene,restraint,restraintmisuse,seatpos,takehosp,death_dt,death_tm,cert,cernum_wa,commlic,licendor,licrestrict,liccomp,drivpres,drf1,drf2,drf3,drf4,distract1,distract2,distract3,distract4,distract5,distract6,dricond1,dricond2,dricond3,dricond4,dricond5,dricond6,dzip,licstate,drhgt_in,weight,noncdl,noncdltype,prevdwi,prevoth,prevacc,prevspd,prevsus,driviol1,driviol2,driviol3,driviol4,driviol5,driviol6,spdrel,first_dt,last_dt,airbag,ejection,ejectpath,extricat,injurwrk,methalc,methdrug,nmlocat,strikveh,prf1,prf2,prf3,druginv,alcinvol,drugsts,drugres1,drugres2,drugres3,drugtst1,drugtst2,drugtst3,alcsts,alctst,alcres,nmact1,nmact2,nmact3,nmact4,nmact5,nmact6,nmprior1,nmprior2,nmprior3,nmprior4,nmprior5,nmprior6,nmcond1,nmcond2,nmcond3,nmcond4,nmcond5,nmcond6,nmsafe_helmet,nmsafe_pads,nmsafe_oth,nmprev_ref,nmprev_lgt,nmprev_oth,crashlocation,nmcrashtype,crosswalk,schoolzone,sidewalk,train_inv,wildlife_inv,rotr_fars,intersect_fars,dd_inv,aid_inv,dpd_inv,id_inv,mj_inv,impnm_inv,ainm_inv,dpnm_inv,speed_inv,unlic_inv,unendmc_inv,drowsy_inv,drdist_inv,nmdist_inv,fty_inv,unrestfat_inv,dr1617_inv,dr1820_inv,dr1620_inv,dr2125_inv,dr1625_inv,dr65_inv,dr70_inv,dr75_inv,mc_inv,pv_inv,ht_inv,ped_inv,bike_inv,unrest_fat,mc_fat,unhelmet_mc,pv_fat,ht_fat,ped_fat,bike_fat,dr_alc7,dr_alc8,dr_drug,dr_imp,dr_dist,dr_spd,dr_fty,dr_unlic,dr_alc7only,dr_alc8only,dr_drugonly,dr_drink,nm_imp,nm_alc7,nm_alc8,nm_drug,nm_dist,agegrp1,agegrp2,roadclass,urbrur,dayweek,restuse,vehtype,race_me,intersect,lanedep,oppdir,wrongway,rep_typ,investag,repag_long,rotr,st_rd,cty_rd,city_rd,oth_rd,drug_thc,thc_res,drug_cthc,cthc_res,drug_cann,prevpersemin,prevperse,prevsusoth,drugtst4,drugtst5,drugtst6,drugtst7,drugtst8,drugres4,drugres5,drugres6,drugres7,drugres8,adspresent,adsengaged,adslevel,race1,race2,race3,race4,race5,helmet,helmetmisuse,nmdistract1,nmdistract2,nmdistract3,nmdistract4,nmdistract5,nmdistract6,lab,isedtcase,crf1,crf2,crf3,CoRoadName,CoMP,IntCoRoadName,IntCoMP,crashzip,dcity,crashcity
1973,2010,2010,2019,271,E947666,8.0,2019-08-03,11:57,3,8,,31,Jefferson,0,1,0.0,1,1,2,2,0,2,2,,,,12,0,2,313.1,1,0,1,3,1,1,2,0,0,0,0,US-101,,-122.9839389,47.613686111,0,1,50,10,2,50,80,0,0,1,2,12,2,2,2,1,14,1,1,53,0,72,706,2019,0,0.0,68,12.0,,,,,1,1,71,1,7.0,,4,7,20,7,11,0,08/03/2019,11:57,53035036.0,35036.0,0.0,0.0,3.0,3.0,1,28,0.0,0.0,0.0,96,,,,,,99,,,,,,98501,53,68.0,225.0,6.0,1.0,0.0,0.0,0.0,0.0,,0,,,,,,0,,,20,8,0,0,0.0,9,8,,,0,0.0,0.0,8,9,8.0,95.0,,,96.0,,,8,95,995.0,,,,,,,,,,,,,,,,,,,,,,,,,,,,,,0,0,0,0,0,0,0,0,0,0,0,0,0,0,0,0,0,0,0,0,0,0,0,0,0,1,1,0,1,0,0,0,0,0,1,0.0,0,0,0,0,0,0,0,0,0,0,0,0,0,0,0,0,,,,,,71-75,66-75,US highway,R,Saturday,,MC,White,0,1,1,0,State Route,State Patrol,Washington State Patrol,0,1,0,0,0,,,,,,0.0,0.0,0.0,,,,,,,,,,,0.0,0.0,0.0,1.0,,,,,5.0,0.0,,,,,,,,,,,,,,,,98320,Olympia,Brinnon
1974,2011,2011,2019,271,E947666,8.0,2019-08-03,11:57,3,8,,31,Jefferson,0,1,0.0,1,1,2,2,0,2,2,,,,12,0,2,313.1,1,0,1,3,1,1,2,0,0,0,0,US-101,,-122.9839389,47.613686111,0,2,51,62,4,50,80,0,0,1,2,12,3,2,2,1,14,1,1,53,0,37,706,2005,0,0.0,12,,,,,,1,1,65,1,7.0,,4,7,20,7,11,0,08/03/2019,11:57,53034848.0,34848.0,0.0,0.0,0.0,3.0,1,0,0.0,0.0,0.0,96,,,,,,99,,,,,,98375,53,75.0,220.0,6.0,1.0,0.0,0.0,0.0,0.0,,0,,,,,,0,,,20,8,0,0,0.0,9,8,,,0,0.0,0.0,8,9,8.0,95.0,,,96.0,,,8,95,995.0,,,,,,,,,,,,,,,,,,,,,,,,,,,,,,0,0,0,0,0,0,0,0,0,0,0,0,0,0,0,0,0,0,0,0,0,0,0,0,0,1,1,0,1,0,0,0,0,0,1,0.0,0,0,0,0,0,0,0,0,0,0,0,0,0,0,0,0,,,,,,61-65,56-65,US highway,R,Saturday,,MC,White,0,1,1,0,State Route,State Patrol,Washington State Patrol,0,1,0,0,0,,,,,,0.0,0.0,0.0,,,,,,,,,,,0.0,0.0,0.0,1.0,,,,,5.0,0.0,,,,,,,,,,,,,,,,98320,Puyallup,Brinnon
1975,2012,2012,2019,272,E948081,297.0,2019-08-06,20:50,6,8,,33,King,2310,1,0.0,3,1,2,1,0,2,2,,,,1,0,0,0.0,1,0,1,7,2,4,6,0,0,0,0,INTERURBAN AVE S,,-122.2527694,47.468613889,0,1,98,8,1,35,80,0,0,1,7,1,2,1,5,5,14,1,1,53,0,37,705,2015,0,0.0,1,68.0,41.0,12.0,63.0,39.0,1,1,21,1,2.0,,4,7,20,7,11,0,08/06/2019,20:50,231053035937.0,35937.0,0.0,0.0,0.0,2.0,1,0,0.0,0.0,0.0,96,,,,,,99,,,,,,98168,53,71.0,370.0,6.0,1.0,0.0,0.0,0.0,0.0,,0,,,,,,0,,,20,8,0,0,0.0,9,8,,,0,0.0,0.0,8,9,2.0,605.0,,,1.0,,,2,1,0.045,,,,,,,,,,,,,,,,,,,,,,,,,,,,,,0,0,0,0,1,0,1,1,1,0,0,0,0,0,1,0,0,0,0,0,0,0,0,1,1,0,0,0,1,1,0,0,0,0,1,0.0,0,0,0,0,1,0,1,1,0,0,0,0,0,0,0,1,,,,,,21-25,16-25,City street,U,Tuesday,,MC,Hispanic,0,0,0,0,City Street,Municipal/City Police,Tukwila Police Department,0,0,0,1,0,thc,560.0,,,,0.0,0.0,0.0,,,,,,,,,,,0.0,0.0,0.0,1.0,,,,,19.0,0.0,,,,,,,,,,,,,,,,98168,Seattle,Seattle
1976,2013,2013,2019,272,E948081,297.0,2019-08-06,20:50,6,8,,33,King,2310,1,0.0,3,1,2,1,0,2,2,,,,1,0,0,0.0,1,0,1,7,2,4,6,0,0,0,0,INTERURBAN AVE S,,-122.2527694,47.468613889,0,2,98,62,4,35,4,0,0,1,7,12,3,1,2,2,14,1,1,53,0,34,34,2002,0,0.0,12,,,,,,1,1,26,1,0.0,,0,0,3,0,11,0,,,,,0.0,0.0,0.0,3.0,1,0,0.0,0.0,0.0,96,,,,,,0,,,,,,98023,53,70.0,180.0,6.0,1.0,0.0,0.0,0.0,0.0,,0,,,,,,0,,,8,0,0,0,8.0,9,8,,,0,0.0,0.0,8,0,8.0,95.0,,,96.0,,,8,95,995.0,,,,,,,,,,,,,,,,,,,,,,,,,,,,,,0,0,0,0,1,0,1,1,1,0,0,0,0,0,1,0,0,0,0,0,0,0,0,1,1,0,0,0,1,1,0,0,0,0,0,,0,0,0,0,0,0,0,0,0,0,0,0,0,0,0,0,,,,,,26-30,26-35,City street,U,Tuesday,Belt Used,PV,Not Fatal,0,0,0,0,City Street,Municipal/City Police,Tukwila Police Department,0,0,0,1,0,,,,,,0.0,0.0,0.0,,,,,,,,,,,98.0,98.0,98.0,0.0,,,,,20.0,7.0,,,,,,,,,,,,,,,,98168,Federal Way,Seattle
1977,2014,2014,2019,273,E948106,4.0,2019-08-04,11:49,4,8,,63,Spokane,0,1,0.0,1,1,2,1,0,5,3,,,,12,0,6,296.4,2,0,2,3,1,1,2,0,0,20,3,US-2,CHATTAROY RD,-117.3540889,47.889375,0,1,78,16,2,60,4,0,0,1,2,12,1,1,2,1,10,2,1,53,0,14,20,2006,0,0.0,12,12.0,,,,,1,1,93,2,7.0,,4,0,3,0,11,4,08/05/2019,10:45,211053034565.0,34565.0,0.0,0.0,3.0,3.0,1,38,0.0,0.0,0.0,96,,,,,,0,,,,,,99006,53,60.0,125.0,6.0,1.0,0.0,0.0,0.0,0.0,,0,,,,,,0,,,1,0,0,0,0.0,9,8,,,0,0.0,0.0,8,0,8.0,95.0,,,96.0,,,8,95,995.0,,,,,,,,,,,,,,,,,,,,,,,,,,,,,,0,0,0,1,0,0,0,0,0,0,0,0,0,0,0,0,0,0,1,0,0,0,0,0,0,1,1,1,0,1,0,0,0,0,0,,1,0,0,0,0,0,0,0,0,0,1,0,0,0,0,0,,,,,,81+,76+,US highway,R,Sunday,Belt Used,PV,White,1,0,0,0,State Route,State Patrol,Washington State Patrol,0,1,0,0,0,,,,,,0.0,0.0,0.0,,,,,,,,,,,98.0,98.0,98.0,1.0,,,,,20.0,7.0,,,,,,,,,,,,,,,,99003,Deer Park,Chattaroy
1978,2015,2015,2019,273,E948106,4.0,2019-08-04,11:49,4,8,,63,Spokane,0,1,0.0,1,1,2,1,0,5,3,,,,12,0,6,296.4,2,0,2,3,1,1,2,0,0,0,0,US-2,CHATTAROY RD,-117.3540889,47.889375,0,2,79,65,4,60,34,0,0,1,7,12,1,1,3,2,1,1,2,53,0,20,481,2018,0,0.0,12,,,,,,1,1,41,1,0.0,,0,0,3,0,11,0,,,,,0.0,0.0,0.0,3.0,1,0,0.0,0.0,0.0,96,,,,,,0,,,,,,99217,53,72.0,195.0,6.0,1.0,0.0,0.0,0.0,0.0,,0,,,,,,0,,,20,0,0,0,8.0,9,8,,,0,0.0,0.0,8,0,8.0,95.0,,,96.0,,,8,95,995.0,,,,,,,,,,,,,,,,,,,,,,,,,,,,,,0,0,0,1,0,0,0,0,0,0,0,0,0,0,0,0,0,0,1,0,0,0,0,0,0,1,1,1,0,1,0,0,0,0,0,,0,0,0,0,0,0,0,0,0,0,0,0,0,0,0,0,,,,,,41-45,36-45,US highway,R,Sunday,Belt Used,PV,Not Fatal,1,0,0,0,State Route,State Patrol,Washington State Patrol,0,1,0,0,0,,,,,,0.0,0.0,0.0,,,,,,,,,,,98.0,98.0,98.0,0.0,,,,,20.0,7.0,,,,,,,,,,,,,,,,99003,Spokane,Chattaroy
1979,2016,2016,2019,273,E948106,4.0,2019-08-04,11:49,4,8,,63,Spokane,0,1,0.0,1,1,2,1,0,5,3,,,,12,0,6,296.4,2,0,2,3,1,1,2,0,0,0,0,US-2,CHATTAROY RD,-117.3540889,47.889375,0,3,98,65,4,60,21,1,0,1,2,1,1,1,3,2,1,2,1,53,0,12,461,2006,0,0.0,12,64.0,1.0,,,,1,1,34,2,0.0,,2,0,3,0,11,4,,,,,0.0,0.0,0.0,3.0,1,0,0.0,0.0,0.0,96,,,,,,0,,,,,,98367,53,64.0,115.0,6.0,1.0,0.0,0.0,0.0,0.0,,0,,,,,,0,,,20,0,0,0,8.0,9,8,,,0,0.0,0.0,8,0,8.0,95.0,,,96.0,,,8,95,995.0,,,,,,,,,,,,,,,,,,,,,,,,,,,,,,0,0,0,1,0,0,0,0,0,0,0,0,0,0,0,0,0,0,1,0,0,0,0,0,0,1,1,1,0,1,0,0,0,0,0,,0,0,0,0,0,0,0,0,0,0,0,0,0,0,0,0,,,,,,31-35,26-35,US highway,R,Sunday,Belt Used,PV,Not Fatal,1,0,0,0,State Route,State Patrol,Washington State Patrol,0,1,0,0,0,,,,,,0.0,0.0,0.0,,,,,,,,,,,98.0,98.0,98.0,0.0,,,,,20.0,7.0,,,,,,,,,,,,,,,,99003,Port Orchard,Chattaroy
1980,2017,2017,2019,274,E948235,21.0,2019-08-01,5:21,1,8,,25,Grant,0,1,0.0,4,1,7,1,0,2,2,,,,12,0,6,4.0,2,0,2,4,1,2,4,0,0,0,0,CR-STRATFORD RD NE,RD 7 NE,-119.2778778,47.189791667,0,1,68,15,2,55,34,0,0,1,7,12,1,1,2,1,11,1,1,53,0,7,482,2012,0,0.0,12,,,,,,1,1,28,1,0.0,,0,0,3,0,11,0,,,,,0.0,0.0,0.0,3.0,1,38,0.0,0.0,0.0,93,,,,,,0,,,,,,98837,53,71.0,190.0,6.0,1.0,0.0,1.0,0.0,0.0,,46,,,,,,0,01/15/2016,01/15/2016,2,0,0,0,8.0,9,8,,,0,0.0,0.0,8,0,8.0,95.0,,,96.0,,,8,95,995.0,,,,,,,,,,,,,,,,,,,,,,,,,,,,,,0,0,0,1,0,0,0,0,0,0,0,0,0,1,1,0,1,0,1,0,0,0,0,0,0,0,0,0,1,1,0,0,0,0,0,,0,0,0,0,0,0,0,0,1,0,1,0,0,0,0,0,,,,,,26-30,26-35,County road,R,Thursday,Belt Used,PV,Not Fatal,1,0,0,0,County Road,County Sheriff,Grant County Sheriff's Office,0,0,1,0,0,,,,,,0.0,0.0,0.0,,,,,,,,,,,98.0,98.0,98.0,0.0,,,,,20.0,7.0,,,,,,,,,,,,,,,,98837,Moses Lake,Moses Lake
1981,2018,2018,2019,274,E948235,21.0,2019-08-01,5:21,1,8,,25,Grant,0,1,0.0,4,1,7,1,0,2,2,,,,12,0,6,4.0,2,0,2,4,1,2,4,0,0,0,0,CR-STRATFORD RD NE,RD 7 NE,-119.2778778,47.189791667,0,2,69,62,4,55,89,0,0,1,7,12,1,1,2,1,1,1,2,53,0,37,706,1983,0,0.0,12,,,,,,1,1,51,1,7.0,,4,7,20,7,11,0,08/01/2019,5:21,53034122.0,34122.0,0.0,0.0,0.0,0.0,1,0,0.0,0.0,0.0,96,,,,,,99,,,,,,98837,53,72.0,170.0,0.0,0.0,0.0,0.0,0.0,0.0,,0,,,,,,0,,,20,8,0,0,0.0,9,8,,,0,0.0,0.0,8,9,8.0,95.0,,,96.0,,,8,95,995.0,,,,,,,,,,,,,,,,,,,,,,,,,,,,,,0,0,0,1,0,0,0,0,0,0,0,0,0,1,1,0,1,0,1,0,0,0,0,0,0,0,0,0,1,1,0,0,0,0,1,0.0,0,0,0,0,0,0,0,0,0,0,0,1,0,0,0,0,,,,,,51-55,46-55,County road,R,Thursday,,OTHMC,White,1,0,0,0,County Road,County Sheriff,Grant County Sheriff's Office,0,0,1,0,0,,,,,,0.0,0.0,0.0,,,,,,,,,,,0.0,0.0,0.0,1.0,,,,,19.0,0.0,,,,,,,,,,,,,,,,98837,Moses Lake,Moses Lake
1982,2019,2019,2019,275,E948471,305.0,2019-06-24,21:31,24,6,,11,Clark,2370,1,0.0,3,1,2,1,1,1,1,,,,8,0,0,0.0,3,0,3,7,2,4,6,0,0,0,0,W FOURTH PLAIN BLVD,ROOSEVELT AVE,-122.689225,45.640325,0,1,13,80,5,35,2,0,0,1,7,8,1,2,4,1,1,1,2,53,0,35,32,1995,0,0.0,8,,,,,,1,1,25,1,0.0,,1,0,3,0,11,8,,,,,0.0,0.0,0.0,2.0,1,91,0.0,0.0,0.0,96,,,,,,9,,,,,,98660,53,71.0,230.0,1.0,1.0,0.0,0.0,0.0,0.0,,1,,,,,,0,01/15/2017,01/15/2017,20,0,0,0,8.0,9,2,,,0,0.0,0.0,1,1,2.0,1.0,,,1.0,,,2,1,0.0,,,,,,,,,,,,,,,,,,,,,,,,,,,,,,0,0,0,1,1,0,0,0,0,1,1,1,0,1,0,0,0,0,0,0,0,0,0,1,1,0,0,0,0,1,0,1,0,0,0,,0,0,0,0,0,0,0,0,0,0,0,1,0,0,0,1,,,,,,21-25,16-25,City street,U,Monday,Belt Used,PV,Not Fatal,0,0,0,0,City Street,Municipal/City Police,Vancouver Police Department,0,0,0,1,0,,,,,,0.0,0.0,1.0,,,,,,,,,,,0.0,0.0,0.0,0.0,,,,,20.0,7.0,,,,,,,,,,,,,,,,98660,Vancouver,Vancouver
1983,2020,2020,2019,276,3752584,263.0,2019-07-15,8:46,15,7,,33,King,1960,10,0.0,1,1,1,1,1,1,1,,,,8,0,0,0.0,1,0,1,4,2,4,6,0,0,0,0,SW ADMIRAL WY,,-122.4054083,47.577091667,0,1,13,80,5,30,34,0,0,1,7,8,1,2,3,5,1,1,2,53,0,12,471,2000,0,0.0,8,,,,,,1,1,54,1,0.0,,0,0,3,0,11,0,,,,,0.0,0.0,0.0,3.0,1,0,0.0,0.0,0.0,96,,,,,,0,,,,,,96075,6,69.0,170.0,6.0,1.0,0.0,0.0,0.0,0.0,,0,,,,,,0,,,20,0,0,0,8.0,9,8,,,0,0.0,0.0,8,0,2.0,1.0,,,1.0,,,2,1,0.18,,,,,,,,,,,,,,,,,,,,,,,,,,,,,,0,0,0,0,1,1,0,1,0,0,0,0,0,0,0,0,0,0,0,0,0,0,0,0,0,0,0,0,0,1,0,1,0,0,0,,0,0,0,0,0,1,0,1,0,0,0,0,0,1,0,1,,,,,,51-55,46-55,City street,U,Monday,Belt Used,PV,Not Fatal,0,0,0,0,City Street,Municipal/City Police,Seattle Police Department,0,0,0,1,0,,,,,,0.0,0.0,0.0,,,,,,,,,,,98.0,98.0,98.0,0.0,,,,,20.0,7.0,,,,,,,,,,,,,,,,98116,Paynes Creek,Seattle
1984,2021,2021,2019,277,E944819,3.0,2019-07-27,19:58,27,7,,53,Pierce,0,1,0.0,1,1,2,1,0,1,1,,,,53,0,0,45.4,1,0,1,3,2,1,3,0,0,0,0,SR-7,,-122.40725,47.062091667,0,1,2,51,3,50,14,0,0,1,2,1,1,1,5,5,1,1,1,53,0,48,401,1998,0,0.0,63,53.0,31.0,35.0,67.0,1.0,1,1,36,1,7.0,,4,7,3,0,11,0,07/27/2019,19:58,53034878.0,34878.0,0.0,0.0,0.0,3.0,1,58,0.0,0.0,0.0,96,,,,,,99,,,,,,98360,53,69.0,170.0,6.0,1.0,0.0,1.0,0.0,1.0,,0,,,,,,4,08/15/2014,08/15/2017,20,0,0,0,0.0,9,8,,,0,0.0,0.0,8,9,2.0,321.0,351.0,605.0,1.0,1.0,1.0,2,1,0.105,,,,,,,,,,,,,,,,,,,,,,,,,,,,,,0,0,0,0,1,1,1,1,1,0,0,0,1,0,0,0,0,0,0,0,0,0,0,0,0,0,0,0,0,1,0,0,0,0,0,,1,0,0,0,0,1,1,1,0,1,0,0,0,0,0,1,,,,,,36-40,36-45,State route,U,Saturday,Belt Used,PV,White,0,1,0,0,State Route,State Patrol,Washington State Patrol,1,1,0,0,0,thc,50.0,carboxy-thc,190.0,,0.0,0.0,1.0,1.0,,,,,695.0,,,,,0.0,0.0,0.0,1.0,,,,,20.0,7.0,,,,,,,nms,,,,,,,,,98387,Orting,Spanaway
1985,2022,2022,2019,278,E948517,2.0,2019-05-03,8:08,3,5,,61,Snohomish,0,10,0.0,1,1,2,1,0,4,2,,,,12,0,1,43.4,3,0,3,3,2,1,3,0,0,3,3,SR-99,156TH ST SW,-122.2879028,47.857777778,0,1,20,9,1,98,5,0,0,1,7,1,1,1,4,2,1,1,1,53,0,49,46,2013,0,0.0,12,1.0,,,,,1,1,41,1,7.0,,4,7,3,0,11,0,05/03/2019,8:08,53021176.0,21176.0,0.0,0.0,0.0,2.0,1,0,0.0,0.0,0.0,92,,,,,,99,,,,,,98037,53,72.0,170.0,1.0,1.0,0.0,1.0,2.0,1.0,,0,,,,,,0,08/15/2017,07/15/2018,20,0,0,0,0.0,9,8,,,0,0.0,0.0,8,9,2.0,996.0,401.0,417.0,1.0,1.0,1.0,2,1,0.0,,,,,,,,,,,,,,,,,,,,,,,,,,,,,,0,0,0,1,0,0,1,1,0,0,0,0,0,1,0,0,1,0,0,0,0,0,0,0,0,0,0,0,0,1,1,0,0,0,0,,1,0,0,0,0,0,1,1,1,0,0,1,0,0,1,0,,,,,,41-45,36-45,State route,U,Friday,Belt Used,PV,White,0,0,0,0,State Route,State Patrol,Washington State Patrol,0,1,0,0,0,,,,,,0.0,0.0,3.0,,,,,,,,,,,98.0,98.0,98.0,1.0,,,,,20.0,7.0,,,,,,,,,,,,,,,,98087,Lynnwood,Lynnwood
1986,2023,2023,2019,278,E948517,2.0,2019-05-03,8:08,3,5,,61,Snohomish,0,10,0.0,1,1,2,1,0,4,2,,,,12,0,1,43.4,3,0,3,3,2,1,3,0,0,3,3,SR-99,156TH ST SW,-122.2879028,47.857777778,0,2,21,60,4,98,61,0,0,1,5,12,1,1,4,2,5,3,3,53,0,38,882,2005,0,0.0,12,,,,,,1,1,35,1,0.0,,1,0,3,0,11,8,,,,,0.0,0.0,0.0,3.0,1,0,0.0,0.0,0.0,0,,,,,,0,,,,,,98037,53,70.0,185.0,6.0,1.0,0.0,0.0,0.0,0.0,,0,,,,,,0,,,20,0,0,0,8.0,9,8,,,0,0.0,0.0,8,0,8.0,95.0,,,96.0,,,8,95,995.0,,,,,,,,,,,,,,,,,,,,,,,,,,,,,,0,0,0,1,0,0,1,1,0,0,0,0,0,1,0,0,1,0,0,0,0,0,0,0,0,0,0,0,0,1,1,0,0,0,0,,0,0,0,0,0,0,0,0,0,0,0,0,0,0,0,0,,,,,,31-35,26-35,State route,U,Friday,,MHTRUCK,Not Fatal,0,0,0,0,State Route,State Patrol,Washington State Patrol,0,1,0,0,0,,,,,,0.0,0.0,0.0,,,,,,,,,,,98.0,98.0,98.0,0.0,,,,,20.0,7.0,,,,,,,,,,,,,,,,98087,Lynnwood,Lynnwood
1987,2024,2024,2019,279,E926146,163.0,2019-05-31,16:20,31,5,,33,King,1050,1,0.0,1,1,2,1,1,1,1,,,,8,0,0,0.0,3,0,2,3,2,4,6,0,0,20,3,MARKET ST,CENTRAL WAY,-122.2095028,47.676391667,0,1,13,80,5,25,34,0,0,1,7,8,1,1,3,1,11,1,2,53,0,49,472,2016,0,0.0,8,,,,,,1,1,51,2,0.0,,0,0,99,7,11,0,,,,,0.0,0.0,3.0,3.0,1,38,0.0,0.0,0.0,96,,,,,,0,,,,,,98033,53,65.0,150.0,6.0,1.0,0.0,1.0,0.0,0.0,,46,,,,,,0,05/15/2019,05/15/2019,20,0,0,0,8.0,9,8,,,0,0.0,0.0,8,0,8.0,95.0,,,96.0,,,8,95,995.0,,,,,,,,,,,,,,,,,,,,,,,,,,,,,,0,0,0,1,0,0,0,0,0,0,0,0,0,0,0,0,0,0,1,0,0,0,0,0,0,0,0,0,0,1,0,1,0,0,0,,0,0,0,0,0,0,0,0,0,0,1,0,0,0,0,0,,,,,,51-55,46-55,City street,U,Friday,Unknown,PV,Not Fatal,1,0,0,0,City Street,Municipal/City Police,Kirkland Police Department,0,0,0,1,0,,,,,,0.0,0.0,0.0,,,,,,,,,,,98.0,98.0,98.0,0.0,,,,,20.0,7.0,,,,,,,,,,,,,,,,98033,Kirkland,Kirkland
1988,2025,2025,2019,280,E948778,349.0,2019-07-31,22:13,31,7,,53,Pierce,0,1,0.0,3,1,2,1,0,1,1,,,,33,0,0,0.0,1,0,1,96,6,96,8,0,2,0,0,41ST DIVISION DR,,-122.5901028,47.106258333,0,1,6,10,2,35,80,0,0,1,7,1,2,2,2,2,14,1,1,53,0,50,706,2017,0,0.0,64,33.0,1.0,30.0,,,1,1,41,1,7.0,,4,7,20,7,11,0,07/31/2019,22:45,53034341.0,34341.0,0.0,0.0,0.0,3.0,1,0,0.0,0.0,0.0,96,,,,,,0,,,,,,98433,53,72.0,205.0,6.0,1.0,0.0,0.0,0.0,0.0,,0,,,,,,4,,,20,8,0,0,0.0,9,8,,,0,0.0,0.0,8,0,8.0,95.0,,,96.0,,,8,95,995.0,,,,,,,,,,,,,,,,,,,,,,,,,,,,,,0,0,1,0,0,0,0,0,0,0,0,0,1,0,0,0,0,0,0,0,0,0,0,0,0,0,0,0,1,0,0,0,0,0,1,0.0,0,0,0,0,0,0,0,0,0,1,0,0,0,0,0,0,,,,,,41-45,36-45,Other,,Wednesday,,MC,White,0,1,0,0,Other,Municipal/City Police,"Hdqtrs, 1st Military Police Brigade",1,0,0,0,1,,,,,,0.0,0.0,0.0,,,,,,,,,,,0.0,0.0,0.0,1.0,,,,,19.0,0.0,,,,,,,,,,,,,,,,98433,Tacoma,Tacoma
1989,2026,2026,2019,281,E949359,8.0,2019-08-02,22:28,2,8,,45,Mason,2000,1,0.0,3,1,2,1,1,2,1,,,,8,0,0,1.6,1,0,1,3,2,1,3,0,0,0,0,SR-3,,-123.0916583,47.200783333,0,1,13,80,5,30,5,0,0,1,5,8,1,2,3,5,1,2,1,53,0,49,51,2012,0,0.0,8,,,,,,1,1,50,2,0.0,,0,0,3,0,11,0,,,,,0.0,0.0,3.0,3.0,1,0,0.0,0.0,0.0,96,,,,,,0,,,,,,98367,53,69.0,200.0,6.0,1.0,0.0,1.0,0.0,2.0,,0,,,,,,0,07/15/2017,08/15/2018,20,0,0,0,8.0,9,8,,,0,0.0,0.0,8,0,2.0,1.0,,,1.0,,,2,1,0.0,,,,,,,,,,,,,,,,,,,,,,,,,,,,,,0,0,0,0,0,0,0,0,0,0,0,0,0,0,0,0,0,1,0,0,0,0,0,0,0,0,0,0,0,1,0,1,0,0,0,,0,0,0,0,0,0,0,0,0,0,0,0,0,0,0,0,,,,,,46-50,46-55,State route,U,Friday,Belt Used,PV,Not Fatal,0,0,0,0,State Route,State Patrol,Washington State Patrol,0,1,0,0,0,,,,,,0.0,0.0,0.0,,,,,,,,,,,98.0,98.0,98.0,0.0,,,,,20.0,7.0,,,,,,,,,,,,,,,,98584,Port Orchard,Shelton
1990,2027,2027,2019,282,E949442,297.0,2019-08-12,19:08,12,8,,33,King,2310,1,0.0,1,1,1,1,0,4,2,,,,12,0,2,0.3,1,0,1,3,2,1,3,0,0,0,0,SR-99,,-122.2949361,47.496297222,0,1,50,10,2,98,15,0,0,1,5,1,1,2,4,1,1,2,2,53,0,20,422,2004,0,0.0,68,12.0,1.0,,,,1,1,16,1,0.0,,3,0,99,7,11,5,,,,,0.0,0.0,3.0,3.0,1,28,0.0,0.0,0.0,96,,,,,,99,,,,,,98168,53,68.0,140.0,6.0,2.0,0.0,0.0,0.0,0.0,,97,,,,,,0,,,8,9,0,0,8.0,9,8,,,0,0.0,0.0,8,9,8.0,95.0,,,96.0,,,8,95,995.0,,,,,,,,,,,,,,,,,,,,,,,,,,,,,,0,0,0,0,0,0,0,0,0,0,0,0,0,0,0,0,0,0,0,0,1,0,1,1,1,0,0,0,0,1,0,0,0,0,0,,0,0,0,0,0,0,0,0,0,0,0,0,0,0,0,0,,,,,,16-17,16-25,State route,U,Monday,Unknown,PV,Not Fatal,0,1,1,0,State Route,Municipal/City Police,Tukwila Police Department,0,1,0,0,0,,,,,,0.0,0.0,0.0,,,,,,,,,,,98.0,98.0,98.0,0.0,,,,,20.0,7.0,,,,,,,,,,,,,,,,98168,Seattle,Seattle