,index,Unnamed: 0,year,case,par,repjur,crash_dt,crash_tm,accday,accmon,holiday,county,co_char,city,weather,weather2,lightcond,surfcond,surftype,numfatal,nmforms,pforms,vforms,not_tm,arr_tm,hosp_tm,fhevent,hitrun,manncol,milepnt,reljunc,reljuncinter,intersectiontype,funcsystem,landuse,ownership,route,schlbus,spejur,contdev,devfunc,trafid1,trafid2,lon,lat,wk_zone,vnumber,crashtype,criticalevent,criticaleventcat,spdlim,body,trailer,emerg,hazcargo,leave,mhevent,roadalgn,roadprof,traflane,trafflow,vehmanvr,numoccs,regowner,regstate,spuse,make,model,modelyr,vrf1,vrf2,seqevent1,seqevent2,seqevent3,seqevent4,seqevent5,seqevent6,pnumber,ptype,age,sex,hispanic,race,injury,diedscene,restraint,restraintmisuse,seatpos,takehosp,death_dt,death_tm,cert,cernum_wa,commlic,licendor,licrestrict,liccomp,drivpres,drf1,drf2,drf3,drf4,distract1,distract2,distract3,distract4,distract5,distract6,dricond1,dricond2,dricond3,dricond4,dricond5,dricond6,dzip,licstate,drhgt_in,weight,noncdl,noncdltype,prevdwi,prevoth,prevacc,prevspd,prevsus,driviol1,driviol2,driviol3,driviol4,driviol5,driviol6,spdrel,first_dt,last_dt,airbag,ejection,ejectpath,extricat,injurwrk,methalc,methdrug,nmlocat,strikveh,prf1,prf2,prf3,druginv,alcinvol,drugsts,drugres1,drugres2,drugres3,drugtst1,drugtst2,drugtst3,alcsts,alctst,alcres,nmact1,nmact2,nmact3,nmact4,nmact5,nmact6,nmprior1,nmprior2,nmprior3,nmprior4,nmprior5,nmprior6,nmcond1,nmcond2,nmcond3,nmcond4,nmcond5,nmcond6,nmsafe_helmet,nmsafe_pads,nmsafe_oth,nmprev_ref,nmprev_lgt,nmprev_oth,crashlocation,nmcrashtype,crosswalk,schoolzone,sidewalk,train_inv,wildlife_inv,rotr_fars,intersect_fars,dd_inv,aid_inv,dpd_inv,id_inv,mj_inv,impnm_inv,ainm_inv,dpnm_inv,speed_inv,unlic_inv,unendmc_inv,drowsy_inv,drdist_inv,nmdist_inv,fty_inv,unrestfat_inv,dr1617_inv,dr1820_inv,dr1620_inv,dr2125_inv,dr1625_inv,dr65_inv,dr70_inv,dr75_inv,mc_inv,pv_inv,ht_inv,ped_inv,bike_inv,unrest_fat,mc_fat,unhelmet_mc,pv_fat,ht_fat,ped_fat,bike_fat,dr_alc7,dr_alc8,dr_drug,dr_imp,dr_dist,dr_spd,dr_fty,dr_unlic,dr_alc7only,dr_alc8only,dr_drugonly,dr_drink,nm_imp,nm_alc7,nm_alc8,nm_drug,nm_dist,agegrp1,agegrp2,roadclass,urbrur,dayweek,restuse,vehtype,race_me,intersect,lanedep,oppdir,wrongway,rep_typ,investag,repag_long,rotr,st_rd,cty_rd,city_rd,oth_rd,drug_thc,thc_res,drug_cthc,cthc_res,drug_cann,prevpersemin,prevperse,prevsusoth,drugtst4,drugtst5,drugtst6,drugtst7,drugtst8,drugres4,drugres5,drugres6,drugres7,drugres8,adspresent,adsengaged,adslevel,race1,race2,race3,race4,race5,helmet,helmetmisuse,nmdistract1,nmdistract2,nmdistract3,nmdistract4,nmdistract5,nmdistract6,lab,isedtcase,crf1,crf2,crf3,CoRoadName,CoMP,IntCoRoadName,IntCoMP,crashzip,dcity,crashcity
2009,2049,2049,2019,297,E953822,160.0,2019-08-23,22:43,23,8,,33,King,1030,1,0.0,2,1,2,1,1,1,1,,,,8,0,0,0.0,1,0,1,7,2,4,6,0,0,0,0,REITH RD,,-122.2743694,47.378569444,0,1,13,80,5,35,34,0,0,1,5,8,2,2,4,1,14,1,1,53,0,12,481,1998,0,0.0,8,,,,,,1,1,53,1,0.0,,0,0,99,7,11,0,,,,,0.0,0.0,0.0,3.0,1,0,0.0,0.0,0.0,96,,,,,,9,,,,,,98032,53,68.0,145.0,6.0,1.0,0.0,0.0,0.0,0.0,,97,,,,,,0,,,20,0,0,0,8.0,9,8,,,0,0.0,0.0,8,1,8.0,95.0,,,96.0,,,8,95,995.0,,,,,,,,,,,,,,,,,,,,,,,,,,,,,,0,0,0,0,1,0,0,0,0,1,1,0,0,0,0,0,0,0,0,0,0,0,0,0,0,0,0,0,0,1,0,1,0,0,0,,0,0,0,0,0,0,0,0,0,0,0,0,0,0,0,1,,,,,,51-55,46-55,City street,U,Friday,Unknown,PV,Not Fatal,0,0,0,0,City Street,Municipal/City Police,Kent Police Department,0,0,0,1,0,,,,,,0.0,0.0,0.0,,,,,,,,,,,0.0,0.0,0.0,0.0,,,,,20.0,7.0,,,,,,,,,,,,,,,,98032,Kent,Kent
2010,2050,2050,2019,298,E954177,3.0,2019-08-22,2:22,22,8,,53,Pierce,1350,2,0.0,2,2,2,1,0,5,2,,,,25,0,0,139.2,1,0,1,1,2,1,1,0,0,0,0,I-5,,-122.3325722,47.252736111,0,1,6,12,2,60,4,0,0,1,7,12,2,2,5,3,14,3,1,53,0,20,22,2009,0,0.0,64,25.0,69.0,12.0,,,1,1,18,2,0.0,,1,0,20,7,11,4,,,,,0.0,0.0,3.0,3.0,1,91,0.0,0.0,0.0,0,,,,,,9,,,,,,98499,53,65.0,143.0,6.0,1.0,0.0,0.0,1.0,0.0,,1,12.0,,,,,0,05/15/2019,05/15/2019,20,0,0,0,8.0,9,8,,,0,0.0,0.0,8,1,2.0,337.0,695.0,605.0,1.0,1.0,1.0,2,1,0.19,,,,,,,,,,,,,,,,,,,,,,,,,,,,,,0,0,1,0,1,1,1,1,1,0,0,0,0,0,0,0,0,0,0,1,0,1,1,0,1,0,0,0,0,1,0,0,0,0,0,,0,0,0,0,0,1,1,1,0,0,0,0,0,0,0,1,,,,,,18-20,16-25,Interstate,U,Thursday,Not Used,PV,Not Fatal,0,1,0,0,State Route,State Patrol,Washington State Patrol,1,1,0,0,0,thc,7.5,carboxy-thc,41.0,,0.0,0.0,0.0,,,,,,,,,,,98.0,98.0,98.0,0.0,,,,,20.0,7.0,,,,,,,,,,,,,,,,98354,Lakewood,Milton
2011,2051,2051,2019,298,E954177,3.0,2019-08-22,2:22,22,8,,53,Pierce,1350,2,0.0,2,2,2,1,0,5,2,,,,25,0,0,139.2,1,0,1,1,2,1,1,0,0,0,0,I-5,,-122.3325722,47.252736111,0,2,98,50,3,60,34,0,0,1,7,12,2,2,5,3,14,2,1,53,0,49,482,2017,0,0.0,12,,,,,,1,1,50,1,0.0,,1,0,3,0,11,4,,,,,0.0,0.0,3.0,3.0,1,0,0.0,0.0,0.0,96,,,,,,0,,,,,,98118,53,65.0,160.0,6.0,1.0,0.0,0.0,0.0,0.0,,0,,,,,,0,,,20,0,0,0,8.0,9,8,,,0,0.0,0.0,8,0,8.0,95.0,,,96.0,,,8,95,995.0,,,,,,,,,,,,,,,,,,,,,,,,,,,,,,0,0,1,0,1,1,1,1,1,0,0,0,0,0,0,0,0,0,0,1,0,1,1,0,1,0,0,0,0,1,0,0,0,0,0,,0,0,0,0,0,0,0,0,0,0,0,0,0,0,0,0,,,,,,46-50,46-55,Interstate,U,Thursday,Belt Used,PV,Not Fatal,0,1,0,0,State Route,State Patrol,Washington State Patrol,1,1,0,0,0,,,,,,0.0,0.0,0.0,,,,,,,,,,,98.0,98.0,98.0,0.0,,,,,20.0,7.0,,,,,,,,,,,,,,,,98354,Seattle,Milton
2012,2052,2052,2019,299,E954301,40.0,2019-08-25,18:39,25,8,,63,Spokane,0,1,0.0,1,1,2,1,0,1,2,,,,1,0,0,0.4,1,0,1,5,2,2,4,0,0,0,0,CR-N WALL ST,,-117.4220361,47.721230556,0,1,98,8,1,30,80,0,0,1,5,14,1,1,2,1,1,1,1,53,0,72,706,2018,0,0.0,1,68.0,14.0,,,,1,1,49,1,7.0,,4,0,20,7,11,8,08/26/2019,3:41,211053037914.0,37914.0,0.0,0.0,0.0,3.0,1,0,0.0,0.0,0.0,96,,,,,,99,,,,,,99208,53,70.0,175.0,6.0,1.0,0.0,3.0,1.0,3.0,,0,,,,,,0,05/15/2016,06/15/2019,20,8,0,0,0.0,9,8,,,0,0.0,0.0,8,1,2.0,402.0,695.0,605.0,1.0,1.0,1.0,2,1,0.0,,,,,,,,,,,,,,,,,,,,,,,,,,,,,,0,0,0,0,1,0,1,1,1,0,0,0,0,0,0,0,0,0,0,0,0,0,0,0,0,0,0,0,1,1,0,0,0,0,1,0.0,0,0,0,0,0,0,1,1,0,0,0,0,0,0,1,1,,,,,,46-50,46-55,County road,U,Sunday,,MC,White,0,0,0,0,County Road,County Sheriff,Spokane County Sheriff's Office,0,0,1,0,0,thc,2.3,carboxy-thc,22.0,,0.0,0.0,2.0,,,,,,,,,,,0.0,0.0,0.0,1.0,,,,,19.0,0.0,,,,,,,,,,,,,,,,99208,Spokane,Spokane
2013,2053,2053,2019,300,E938326,57.0,2019-07-08,8:00,8,7,,11,Clark,107,10,0.0,1,1,2,1,0,4,4,,,,12,0,6,6.9,2,0,2,3,2,1,3,0,0,3,3,SR-503,SW 10TH AVE,-122.5473917,45.766236111,0,1,86,17,2,55,4,0,0,1,7,12,1,1,5,1,1,1,1,53,0,59,32,1992,0,0.0,12,,,,,,1,1,33,1,0.0,,0,0,3,0,11,0,,,,,0.0,0.0,0.0,3.0,1,39,0.0,0.0,0.0,93,,,,,,0,,,,,,98684,53,76.0,185.0,6.0,1.0,0.0,1.0,3.0,0.0,,97,,,,,,4,11/15/2014,04/15/2019,1,0,0,0,8.0,9,8,,,0,0.0,0.0,8,0,2.0,401.0,417.0,,1.0,1.0,,2,1,0.0,,,,,,,,,,,,,,,,,,,,,,,,,,,,,,0,0,0,1,0,0,1,1,0,0,0,0,1,0,0,0,1,0,0,0,0,0,0,0,0,0,0,0,1,1,1,0,0,0,0,,0,0,0,0,0,0,1,1,1,1,0,0,0,0,1,0,,,,,,31-35,26-35,State route,U,Monday,Belt Used,PV,Not Fatal,1,0,0,0,State Route,Municipal/City Police,Battleground Police Department,0,1,0,0,0,,,,,,0.0,0.0,0.0,,,,,,,,,,,0.0,0.0,0.0,0.0,,,,,20.0,7.0,,,,,,,,,,,,,,,,98604,Vancouver,Battle Ground
2014,2054,2054,2019,300,E938326,57.0,2019-07-08,8:00,8,7,,11,Clark,107,10,0.0,1,1,2,1,0,4,4,,,,12,0,6,6.9,2,0,2,3,2,1,3,0,0,3,3,SR-503,SW 10TH AVE,-122.5473917,45.766236111,0,2,87,66,4,55,80,0,0,1,7,12,1,1,2,1,1,1,9,99,0,98,706,2019,0,0.0,12,12.0,12.0,,,,1,1,57,1,7.0,,4,0,20,7,11,4,07/10/2019,17:55,237053031576.0,31576.0,0.0,0.0,0.0,3.0,1,0,0.0,0.0,0.0,96,,,,,,99,,,,,,98642,53,71.0,165.0,6.0,1.0,0.0,0.0,0.0,0.0,,0,,,,,,0,,,20,8,0,0,0.0,9,8,,,0,0.0,0.0,8,9,2.0,996.0,,,1.0,,,2,1,0.0,,,,,,,,,,,,,,,,,,,,,,,,,,,,,,0,0,0,1,0,0,1,1,0,0,0,0,1,0,0,0,1,0,0,0,0,0,0,0,0,0,0,0,1,1,1,0,0,0,1,0.0,0,0,0,0,0,0,1,1,0,0,0,0,0,0,1,0,,,,,,56-60,56-65,State route,U,Monday,,MC,White,1,0,0,0,State Route,Municipal/City Police,Battleground Police Department,0,1,0,0,0,,,,,,0.0,0.0,0.0,,,,,,,,,,,0.0,0.0,0.0,1.0,,,,,19.0,0.0,,,,,,,,,,,,,,,,98604,Ridgefield,Battle Ground
2015,2055,2055,2019,300,E938326,57.0,2019-07-08,8:00,8,7,,11,Clark,107,10,0.0,1,1,2,1,0,4,4,,,,12,0,6,6.9,2,0,2,3,2,1,3,0,0,3,3,SR-503,SW 10TH AVE,-122.5473917,45.766236111,0,3,98,98,7,55,67,0,0,1,5,12,1,1,5,1,5,1,1,53,0,12,880,2017,0,0.0,12,,,,,,1,1,52,1,0.0,,0,0,3,0,11,0,,,,,0.0,0.0,0.0,3.0,1,0,0.0,0.0,0.0,0,,,,,,0,,,,,,98675,53,69.0,215.0,6.0,1.0,0.0,0.0,0.0,0.0,,0,,,,,,0,,,20,0,0,0,8.0,9,8,,,0,0.0,0.0,8,0,8.0,95.0,,,96.0,,,8,95,995.0,,,,,,,,,,,,,,,,,,,,,,,,,,,,,,0,0,0,1,0,0,1,1,0,0,0,0,1,0,0,0,1,0,0,0,0,0,0,0,0,0,0,0,1,1,1,0,0,0,0,,0,0,0,0,0,0,0,0,0,0,0,0,0,0,0,0,,,,,,51-55,46-55,State route,U,Monday,,MHTRUCK,Not Fatal,1,0,0,0,State Route,Municipal/City Police,Battleground Police Department,0,1,0,0,0,,,,,,0.0,0.0,0.0,,,,,,,,,,,98.0,98.0,98.0,0.0,,,,,20.0,7.0,,,,,,,,,,,,,,,,98604,Yacolt,Battle Ground
2016,2056,2056,2019,300,E938326,57.0,2019-07-08,8:00,8,7,,11,Clark,107,10,0.0,1,1,2,1,0,4,4,,,,12,0,6,6.9,2,0,2,3,2,1,3,0,0,3,3,SR-503,SW 10TH AVE,-122.5473917,45.766236111,0,4,98,98,7,55,14,0,0,1,5,12,1,1,5,1,5,1,1,53,0,2,407,2012,0,0.0,12,,,,,,1,1,38,2,0.0,,0,0,3,0,11,0,,,,,0.0,0.0,0.0,3.0,1,0,0.0,0.0,0.0,0,,,,,,0,,,,,,98604,53,61.0,130.0,6.0,1.0,0.0,0.0,0.0,0.0,,0,,,,,,0,,,20,0,0,0,8.0,9,8,,,0,0.0,0.0,8,0,0.0,0.0,,,0.0,,,0,0,996.0,,,,,,,,,,,,,,,,,,,,,,,,,,,,,,0,0,0,1,0,0,1,1,0,0,0,0,1,0,0,0,1,0,0,0,0,0,0,0,0,0,0,0,1,1,1,0,0,0,0,,0,0,0,0,0,0,0,0,0,0,0,0,0,0,0,0,,,,,,36-40,36-45,State route,U,Monday,Belt Used,PV,Not Fatal,1,0,0,0,State Route,Municipal/City Police,Battleground Police Department,0,1,0,0,0,,,,,,0.0,0.0,0.0,,,,,,,,,,,98.0,98.0,98.0,0.0,,,,,20.0,7.0,,,,,,,,,,,,,,,,98604,Battle Ground,Battle Ground
2017,2057,2057,2019,301,E954769,44.0,2019-08-16,13:00,16,8,,71,Walla Walla,0,1,0.0,1,1,2,1,0,1,1,,,,1,0,0,0.5,1,0,1,5,1,2,4,0,0,0,0,CR-HART RD,,-118.3052222,46.182675,0,1,3,13,2,50,14,0,0,1,7,2,3,2,2,1,14,1,1,53,0,49,402,2015,0,0.0,63,69.0,68.0,64.0,1.0,35.0,1,1,69,2,7.0,,4,7,99,7,11,0,08/16/2019,13:00,53036392.0,36392.0,0.0,0.0,0.0,3.0,1,0,0.0,0.0,0.0,96,,,,,,99,,,,,,99348,53,65.0,175.0,6.0,1.0,0.0,0.0,0.0,0.0,,0,,,,,,0,,,8,0,0,0,0.0,9,8,,,0,0.0,0.0,8,9,8.0,95.0,,,96.0,,,8,95,995.0,,,,,,,,,,,,,,,,,,,,,,,,,,,,,,0,0,0,0,0,0,0,0,0,0,0,0,0,0,0,0,0,0,0,0,0,0,0,0,0,1,0,0,0,1,0,0,0,0,0,,1,0,0,0,0,0,0,0,0,0,0,0,0,0,0,0,,,,,,66-70,66-75,County road,R,Friday,Unknown,PV,White,0,1,0,0,County Road,County Sheriff,Walla Walla County Sheriff's Office,1,0,1,0,0,,,,,,0.0,0.0,0.0,,,,,,,,,,,98.0,98.0,98.0,1.0,,,,,20.0,7.0,,,,,,,,,,,,,,,,99348,Prescott,Prescott
2018,2058,2058,2019,302,E955423,35.0,2019-08-30,20:39,30,8,,53,Pierce,0,1,0.0,2,1,2,1,0,3,2,,,,12,0,6,4.7,2,0,2,5,2,2,4,0,0,0,0,CR-128TH ST E,78TH AVE E,-122.3254861,47.140297222,0,1,83,17,2,35,80,0,0,1,7,12,1,2,2,1,1,1,1,53,0,37,706,2004,0,0.0,12,,,,,,1,1,54,1,7.0,,4,7,20,7,11,0,08/30/2019,20:39,53038781.0,38781.0,0.0,0.0,0.0,3.0,1,0,0.0,0.0,0.0,96,,,,,,9,,,,,,98445,53,70.0,190.0,6.0,1.0,0.0,0.0,0.0,0.0,,0,,,,,,3,,,20,8,0,0,0.0,9,8,,,0,0.0,0.0,1,9,2.0,401.0,417.0,,1.0,1.0,,2,1,0.0,,,,,,,,,,,,,,,,,,,,,,,,,,,,,,0,0,0,1,0,0,1,1,0,0,0,0,1,0,0,0,0,0,0,0,0,0,0,0,0,0,0,0,1,1,0,0,0,0,1,0.0,0,0,0,0,0,0,1,1,0,1,0,0,0,0,1,0,,,,,,51-55,46-55,County road,U,Friday,,MC,White,1,0,0,0,County Road,County Sheriff,Law Enforcement Support Agency,0,0,1,0,0,,,,,,0.0,0.0,0.0,,,,,,,,,,,0.0,0.0,0.0,1.0,,,,,19.0,0.0,,,,,,,,,,,,,,,,98373,Tacoma,Puyallup
2019,2059,2059,2019,302,E955423,35.0,2019-08-30,20:39,30,8,,53,Pierce,0,1,0.0,2,1,2,1,0,3,2,,,,12,0,6,4.7,2,0,2,5,2,2,4,0,0,20,3,CR-128TH ST E,78TH AVE E,-122.3254861,47.140297222,0,2,82,66,4,35,34,0,0,1,5,12,1,2,2,1,11,2,2,53,0,12,481,2016,0,0.0,12,,,,,,1,1,27,1,0.0,,0,0,3,0,11,0,,,,,0.0,0.0,0.0,3.0,1,10,0.0,0.0,0.0,96,,,,,,0,,,,,,98373,53,75.0,300.0,6.0,1.0,0.0,0.0,0.0,2.0,,0,,,,,,0,01/15/2015,05/15/2015,20,0,0,0,8.0,9,8,,,0,0.0,0.0,8,0,8.0,95.0,,,96.0,,,8,95,995.0,,,,,,,,,,,,,,,,,,,,,,,,,,,,,,0,0,0,1,0,0,1,1,0,0,0,0,1,0,0,0,0,0,0,0,0,0,0,0,0,0,0,0,1,1,0,0,0,0,0,,0,0,0,0,0,0,0,0,0,0,0,0,0,0,0,0,,,,,,26-30,26-35,County road,U,Friday,Belt Used,PV,Not Fatal,1,0,0,0,County Road,County Sheriff,Law Enforcement Support Agency,0,0,1,0,0,,,,,,0.0,0.0,1.0,,,,,,,,,,,98.0,98.0,98.0,0.0,,,,,20.0,7.0,,,,,,,,,,,,,,,,98373,Puyallup,Puyallup
2020,2060,2060,2019,303,E955436,4.0,2019-08-29,19:50,29,8,,43,Lincoln,0,1,0.0,5,1,2,1,0,1,1,,,,1,0,0,225.3,1,0,1,3,1,1,2,0,0,0,0,US-2,,-118.473525,47.737358333,0,1,2,6,1,60,3,0,0,1,7,1,2,1,2,1,14,1,1,48,0,35,48,2006,0,0.0,63,1.0,,,,,1,1,27,1,7.0,,4,7,3,0,11,0,08/29/2019,19:50,53039044.0,39044.0,0.0,0.0,0.0,3.0,1,0,0.0,0.0,0.0,96,,,,,,9,,,,,,32084,12,75.0,999.0,6.0,1.0,0.0,0.0,0.0,0.0,,0,,,,,,3,,,20,2,9,0,0.0,1,8,,,0,0.0,0.0,8,1,2.0,1.0,,,1.0,,,2,1,0.21,,,,,,,,,,,,,,,,,,,,,,,,,,,,,,0,0,0,0,1,1,0,1,0,0,0,0,1,0,0,0,0,0,0,0,0,0,0,0,0,0,0,0,0,1,0,0,0,0,0,,1,0,0,0,0,1,0,1,0,1,0,0,0,1,0,1,,,,,,26-30,26-35,US highway,R,Thursday,Belt Used,PV,White,0,1,0,0,State Route,State Patrol,Washington State Patrol,1,1,0,0,0,,,,,,0.0,0.0,0.0,,,,,,,,,,,98.0,98.0,98.0,1.0,,,,,20.0,7.0,,,,,,,,,,,,,,,,99117,Saint Augustine,Creston
2021,2061,2061,2019,304,E955916,120.0,2019-08-23,10:40,23,8,,33,King,670,1,0.0,1,1,2,1,1,1,1,,,,8,0,0,15.7,3,0,2,3,2,1,3,0,0,3,3,SR-410,GARRETT ST,-121.98825,47.199413889,0,1,13,80,5,25,34,0,0,1,5,8,1,1,3,1,11,1,1,53,0,7,472,2008,0,0.0,8,,,,,,1,1,75,1,0.0,,0,0,3,0,11,0,,,,,0.0,0.0,3.0,3.0,1,0,0.0,0.0,0.0,93,,,,,,0,,,,,,98022,53,72.0,250.0,6.0,1.0,0.0,0.0,0.0,0.0,,97,,,,,,0,,,20,0,0,0,8.0,9,8,,,0,0.0,0.0,8,0,8.0,95.0,,,96.0,,,8,95,995.0,,,,,,,,,,,,,,,,,,,,,,,,,,,,,,0,0,0,1,0,0,0,0,0,0,0,0,0,0,0,0,1,0,0,0,0,0,0,0,0,1,1,1,0,1,0,1,0,0,0,,0,0,0,0,0,0,0,0,1,0,0,0,0,0,0,0,,,,,,71-75,66-75,State route,U,Friday,Belt Used,PV,Not Fatal,1,0,0,0,State Route,Municipal/City Police,Enumclaw Police Department,0,1,0,0,0,,,,,,0.0,0.0,0.0,,,,,,,,,,,98.0,98.0,98.0,0.0,,,,,20.0,7.0,,,,,,,,,,,,,,,,98022,Enumclaw,Enumclaw
2022,2062,2062,2019,305,E956253,39.0,2019-08-23,14:48,23,8,,61,Snohomish,0,1,0.0,1,1,2,1,0,1,1,,,,42,0,0,1.9,1,0,1,3,1,2,4,0,0,0,0,CR-RIVERSHORE RD,,-122.1693111,47.931061111,0,1,1,13,2,35,87,0,0,1,5,42,3,1,8,1,14,1,3,46,0,72,706,2015,0,0.0,63,42.0,,,,,1,1,60,1,7.0,,4,7,20,7,11,0,08/23/2019,14:48,53037809.0,37809.0,0.0,0.0,0.0,2.0,1,0,0.0,0.0,0.0,92,,,,,,0,,,,,,98022,53,68.0,180.0,6.0,1.0,0.0,0.0,0.0,1.0,,0,,,,,,0,10/15/2015,10/15/2015,20,8,0,0,0.0,9,8,,,0,0.0,0.0,8,0,2.0,1.0,,,1.0,,,2,1,0.0,,,,,,,,,,,,,,,,,,,,,,,,,,,,,,0,0,1,0,0,0,0,0,0,0,0,0,0,0,1,0,1,0,0,0,0,0,0,0,0,0,0,0,1,0,0,0,0,0,1,0.0,0,0,0,0,0,0,0,0,1,0,0,0,0,0,0,0,,,,,,56-60,56-65,County road,R,Friday,,MC,White,0,1,0,0,County Road,County Sheriff,Snohomish County Sheriff's Office,1,0,1,0,0,,,,,,0.0,0.0,0.0,,,,,,,,,,,0.0,0.0,0.0,1.0,,,,,19.0,0.0,,,,,,,,,,,,,,,,98290,Enumclaw,Snohomish
2023,2063,2063,2019,306,E957141,305.0,2019-09-01,17:17,1,9,,11,Clark,2370,1,0.0,1,1,2,1,0,3,2,,,,12,0,6,0.0,2,0,2,7,2,4,6,0,0,3,3,SE 164TH AVE,SE 12TH ST,-122.5041861,45.612122222,0,1,68,15,2,40,4,0,0,1,5,12,1,1,5,1,11,1,1,53,0,19,3,1995,0,0.0,12,,,,,,1,1,81,1,7.0,,4,7,3,0,11,0,09/01/2019,17:17,237053039981.0,39981.0,0.0,0.0,3.0,3.0,1,39,0.0,0.0,0.0,96,,,,,,99,,,,,,98671,53,68.0,238.0,6.0,1.0,0.0,1.0,1.0,0.0,,0,,,,,,0,12/15/2017,12/15/2017,2,0,0,0,0.0,9,8,,,0,0.0,0.0,8,9,2.0,1.0,,,1.0,,,2,1,0.0,,,,,,,,,,,,,,,,,,,,,,,,,,,,,,0,0,0,1,0,0,0,0,0,0,0,0,1,0,0,0,0,0,0,0,0,0,0,1,1,1,1,1,0,1,0,0,0,0,0,,1,0,0,0,0,0,0,0,0,0,0,0,0,0,0,0,,,,,,81+,76+,City street,U,Sunday,Belt Used,PV,White,1,0,0,0,City Street,Municipal/City Police,Vancouver Police Department,0,0,0,1,0,,,,,,0.0,0.0,0.0,,,,,,,,,,,0.0,0.0,0.0,1.0,,,,,20.0,7.0,,,,,,,,,,,,,,,,98683,Washougal,Vancouver
2024,2064,2064,2019,306,E957141,305.0,2019-09-01,17:17,1,9,,11,Clark,2370,1,0.0,1,1,2,1,0,3,2,,,,12,0,6,0.0,2,0,2,7,2,4,6,0,0,3,3,SE 164TH AVE,SE 12TH ST,-122.5041861,45.612122222,0,2,69,62,4,40,2,0,0,1,5,12,1,1,5,1,1,2,1,41,0,34,47,2015,0,0.0,12,64.0,30.0,,,,1,1,25,2,0.0,,1,0,3,0,11,5,,,,,0.0,0.0,0.0,3.0,1,0,0.0,0.0,0.0,96,,,,,,0,,,,,,98683,53,67.0,185.0,6.0,1.0,0.0,0.0,0.0,1.0,,0,,,,,,3,02/15/2019,02/15/2019,8,0,0,0,8.0,9,8,,,0,0.0,0.0,8,0,2.0,1.0,,,1.0,,,2,1,0.0,,,,,,,,,,,,,,,,,,,,,,,,,,,,,,0,0,0,1,0,0,0,0,0,0,0,0,1,0,0,0,0,0,0,0,0,0,0,1,1,1,1,1,0,1,0,0,0,0,0,,0,0,0,0,0,0,0,0,0,1,0,0,0,0,0,0,,,,,,21-25,16-25,City street,U,Sunday,Belt Used,PV,Not Fatal,1,0,0,0,City Street,Municipal/City Police,Vancouver Police Department,0,0,0,1,0,,,,,,0.0,0.0,0.0,,,,,,,,,,,98.0,98.0,98.0,0.0,,,,,20.0,7.0,,,,,,,,,,,,,,,,98683,Vancouver,Vancouver
2025,2065,2065,2019,307,E957223,2.0,2019-08-31,21:00,31,8,,29,Island,1550,1,0.0,3,1,2,1,0,2,2,,,,12,0,6,33.0,2,0,2,3,2,1,3,0,0,3,3,SR-20,NE 16TH AVE,-122.638,48.311222222,0,1,68,15,2,35,34,0,0,1,7,12,1,2,3,1,11,1,3,53,0,20,481,2017,0,0.0,12,,,,,,1,1,51,1,0.0,,0,0,3,0,11,0,,,,,0.0,0.0,3.0,3.0,1,38,0.0,0.0,0.0,96,,,,,,0,,,,,,98277,53,75.0,220.0,6.0,1.0,0.0,0.0,1.0,0.0,,97,,,,,,0,05/15/2015,05/15/2015,20,0,0,0,8.0,9,8,,,0,0.0,0.0,8,0,0.0,0.0,,,0.0,,,0,0,996.0,,,,,,,,,,,,,,,,,,,,,,,,,,,,,,0,0,0,1,1,0,0,0,0,0,0,0,0,1,1,0,0,0,1,0,0,0,0,0,0,0,0,0,1,1,0,0,0,0,0,,0,0,0,0,0,0,0,0,0,0,1,0,0,0,0,0,,,,,,51-55,46-55,State route,U,Saturday,Belt Used,PV,Not Fatal,1,0,0,0,State Route,State Patrol,Washington State Patrol,0,1,0,0,0,,,,,,0.0,0.0,0.0,,,,,,,,,,,98.0,98.0,98.0,0.0,,,,,20.0,7.0,,,,,,,,,,,,,,,,98277,Oak Harbor,Oak Harbor
2026,2066,2066,2019,307,E957223,2.0,2019-08-31,21:00,31,8,,29,Island,1550,1,0.0,3,1,2,1,0,2,2,,,,12,0,6,33.0,2,0,2,3,2,1,3,0,0,3,3,SR-20,NE 16TH AVE,-122.638,48.311222222,0,2,69,62,4,35,80,0,0,1,2,12,1,2,3,1,1,1,2,53,0,73,705,2008,0,0.0,12,,,,,,1,1,27,1,7.0,,4,0,20,7,11,4,08/31/2019,22:20,155053039683.0,39683.0,0.0,0.0,0.0,2.0,1,0,0.0,0.0,0.0,96,,,,,,9,,,,,,98277,53,73.0,160.0,1.0,1.0,1.0,1.0,1.0,5.0,,0,,,,,,0,03/15/2016,04/15/2019,20,8,0,0,0.0,1,8,,,0,0.0,0.0,8,1,0.0,0.0,,,0.0,,,2,1,0.05,,,,,,,,,,,,,,,,,,,,,,,,,,,,,,0,0,0,1,1,0,0,0,0,0,0,0,0,1,1,0,0,0,1,0,0,0,0,0,0,0,0,0,1,1,0,0,0,0,1,0.0,0,0,0,0,1,0,0,0,0,0,0,1,1,0,0,1,,,,,,26-30,26-35,State route,U,Saturday,,MC,Black,1,0,0,0,State Route,State Patrol,Washington State Patrol,0,1,0,0,0,,,,,,0.0,1.0,1.0,,,,,,,,,,,0.0,0.0,0.0,2.0,,,,,5.0,0.0,,,,,,,,,,,,,,,,98277,Oak Harbor,Oak Harbor