,index,Unnamed: 0,year,case,par,repjur,crash_dt,crash_tm,accday,accmon,holiday,county,co_char,city,weather,weather2,lightcond,surfcond,surftype,numfatal,nmforms,pforms,vforms,not_tm,arr_tm,hosp_tm,fhevent,hitrun,manncol,milepnt,reljunc,reljuncinter,intersectiontype,funcsystem,landuse,ownership,route,schlbus,spejur,contdev,devfunc,trafid1,trafid2,lon,lat,wk_zone,vnumber,crashtype,criticalevent,criticaleventcat,spdlim,body,trailer,emerg,hazcargo,leave,mhevent,roadalgn,roadprof,traflane,trafflow,vehmanvr,numoccs,regowner,regstate,spuse,make,model,modelyr,vrf1,vrf2,seqevent1,seqevent2,seqevent3,seqevent4,seqevent5,seqevent6,pnumber,ptype,age,sex,hispanic,race,injury,diedscene,restraint,restraintmisuse,seatpos,takehosp,death_dt,death_tm,cert,cernum_wa,commlic,licendor,licrestrict,liccomp,drivpres,drf1,drf2,drf3,drf4,distract1,distract2,distract3,distract4,distract5,distract6,dricond1,dricond2,dricond3,dricond4,dricond5,dricond6,dzip,licstate,drhgt_in,weight,noncdl,noncdltype,prevdwi,prevoth,prevacc,prevspd,prevsus,driviol1,driviol2,driviol3,driviol4,driviol5,driviol6,spdrel,first_dt,last_dt,airbag,ejection,ejectpath,extricat,injurwrk,methalc,methdrug,nmlocat,strikveh,prf1,prf2,prf3,druginv,alcinvol,drugsts,drugres1,drugres2,drugres3,drugtst1,drugtst2,drugtst3,alcsts,alctst,alcres,nmact1,nmact2,nmact3,nmact4,nmact5,nmact6,nmprior1,nmprior2,nmprior3,nmprior4,nmprior5,nmprior6,nmcond1,nmcond2,nmcond3,nmcond4,nmcond5,nmcond6,nmsafe_helmet,nmsafe_pads,nmsafe_oth,nmprev_ref,nmprev_lgt,nmprev_oth,crashlocation,nmcrashtype,crosswalk,schoolzone,sidewalk,train_inv,wildlife_inv,rotr_fars,intersect_fars,dd_inv,aid_inv,dpd_inv,id_inv,mj_inv,impnm_inv,ainm_inv,dpnm_inv,speed_inv,unlic_inv,unendmc_inv,drowsy_inv,drdist_inv,nmdist_inv,fty_inv,unrestfat_inv,dr1617_inv,dr1820_inv,dr1620_inv,dr2125_inv,dr1625_inv,dr65_inv,dr70_inv,dr75_inv,mc_inv,pv_inv,ht_inv,ped_inv,bike_inv,unrest_fat,mc_fat,unhelmet_mc,pv_fat,ht_fat,ped_fat,bike_fat,dr_alc7,dr_alc8,dr_drug,dr_imp,dr_dist,dr_spd,dr_fty,dr_unlic,dr_alc7only,dr_alc8only,dr_drugonly,dr_drink,nm_imp,nm_alc7,nm_alc8,nm_drug,nm_dist,agegrp1,agegrp2,roadclass,urbrur,dayweek,restuse,vehtype,race_me,intersect,lanedep,oppdir,wrongway,rep_typ,investag,repag_long,rotr,st_rd,cty_rd,city_rd,oth_rd,drug_thc,thc_res,drug_cthc,cthc_res,drug_cann,prevpersemin,prevperse,prevsusoth,drugtst4,drugtst5,drugtst6,drugtst7,drugtst8,drugres4,drugres5,drugres6,drugres7,drugres8,adspresent,adsengaged,adslevel,race1,race2,race3,race4,race5,helmet,helmetmisuse,nmdistract1,nmdistract2,nmdistract3,nmdistract4,nmdistract5,nmdistract6,lab,isedtcase,crf1,crf2,crf3,CoRoadName,CoMP,IntCoRoadName,IntCoMP,crashzip,dcity,crashcity
2027,2067,2067,2019,308,E957257,300.0,2019-09-04,18:12,4,9,,77,Yakima,2340,1,0.0,1,1,2,1,0,4,4,,,,12,0,1,0.0,1,0,1,7,2,4,6,0,0,0,0,W VALLEY MALL BLVD,,-120.5035083,46.563336111,0,1,20,50,3,40,80,0,0,1,5,12,1,1,2,2,3,1,1,53,0,73,703,2014,0,0.0,12,12.0,,,,,1,1,44,2,1.0,,4,0,20,7,11,4,09/04/2019,18:44,259053040096.0,40096.0,0.0,0.0,0.0,2.0,1,0,0.0,0.0,0.0,96,,,,,,99,,,,,,98908,53,65.0,120.0,1.0,1.0,0.0,3.0,0.0,0.0,,0,,,,,,4,02/15/2015,06/15/2017,20,8,0,0,0.0,9,8,,,0,0.0,0.0,8,9,2.0,401.0,417.0,,1.0,1.0,,2,1,0.0,,,,,,,,,,,,,,,,,,,,,,,,,,,,,,0,0,0,0,0,0,1,1,0,0,0,0,1,1,1,0,0,0,0,0,0,0,0,0,0,1,1,1,1,1,0,0,0,0,1,0.0,0,0,0,0,0,0,1,1,0,1,0,1,0,0,1,0,,,,,,41-45,36-45,City street,U,Wednesday,,MC,Hispanic,0,0,0,0,City Street,Municipal/City Police,Union Gap Police Department,0,0,0,1,0,,,,,,0.0,0.0,4.0,,,,,,,,,,,0.0,0.0,0.0,298.0,,,,,19.0,0.0,,,,,,,,,,,,,,,,98903,Yakima,Yakima
2028,2068,2068,2019,308,E957257,300.0,2019-09-04,18:12,4,9,,77,Yakima,2340,1,0.0,1,1,2,1,0,4,4,,,,12,0,1,0.0,1,0,1,7,2,4,6,0,0,0,0,W VALLEY MALL BLVD,,-120.5035083,46.563336111,0,2,21,53,3,40,34,0,0,1,5,12,1,1,2,2,5,1,1,53,0,20,471,2003,0,0.0,12,12.0,,,,,1,1,76,1,0.0,,0,0,3,0,11,0,,,,,0.0,0.0,0.0,3.0,1,0,0.0,0.0,0.0,0,,,,,,0,,,,,,98908,53,72.0,240.0,6.0,1.0,0.0,0.0,0.0,0.0,,0,,,,,,0,,,20,0,0,0,8.0,9,8,,,0,0.0,0.0,8,0,8.0,95.0,,,96.0,,,8,95,995.0,,,,,,,,,,,,,,,,,,,,,,,,,,,,,,0,0,0,0,0,0,1,1,0,0,0,0,1,1,1,0,0,0,0,0,0,0,0,0,0,1,1,1,1,1,0,0,0,0,0,,0,0,0,0,0,0,0,0,0,0,0,0,0,0,0,0,,,,,,76-80,76+,City street,U,Wednesday,Belt Used,PV,Not Fatal,0,0,0,0,City Street,Municipal/City Police,Union Gap Police Department,0,0,0,1,0,,,,,,0.0,0.0,0.0,,,,,,,,,,,98.0,98.0,98.0,0.0,,,,,20.0,7.0,,,,,,,,,,,,,,,,98903,Yakima,Yakima
2029,2069,2069,2019,308,E957257,300.0,2019-09-04,18:12,4,9,,77,Yakima,2340,1,0.0,1,1,2,1,0,4,4,,,,12,0,1,0.0,1,0,1,7,2,4,6,0,0,0,0,W VALLEY MALL BLVD,,-120.5035083,46.563336111,0,3,98,98,7,40,4,0,0,1,5,12,1,1,2,2,5,1,1,53,0,35,43,2004,0,0.0,12,,,,,,1,1,36,2,0.0,,0,0,3,0,11,0,,,,,0.0,0.0,0.0,3.0,1,0,0.0,0.0,0.0,0,,,,,,0,,,,,,98903,53,61.0,140.0,6.0,1.0,0.0,0.0,1.0,0.0,,0,,,,,,0,08/15/2018,08/15/2018,20,0,0,0,8.0,9,8,,,0,0.0,0.0,8,0,8.0,95.0,,,96.0,,,8,95,995.0,,,,,,,,,,,,,,,,,,,,,,,,,,,,,,0,0,0,0,0,0,1,1,0,0,0,0,1,1,1,0,0,0,0,0,0,0,0,0,0,1,1,1,1,1,0,0,0,0,0,,0,0,0,0,0,0,0,0,0,0,0,0,0,0,0,0,,,,,,36-40,36-45,City street,U,Wednesday,Belt Used,PV,Not Fatal,0,0,0,0,City Street,Municipal/City Police,Union Gap Police Department,0,0,0,1,0,,,,,,0.0,0.0,0.0,,,,,,,,,,,98.0,98.0,98.0,0.0,,,,,20.0,7.0,,,,,,,,,,,,,,,,98903,Yakima,Yakima
2030,2070,2070,2019,308,E957257,300.0,2019-09-04,18:12,4,9,,77,Yakima,2340,1,0.0,1,1,2,1,0,4,4,,,,12,0,1,0.0,1,0,1,7,2,4,6,0,0,0,0,W VALLEY MALL BLVD,,-120.5035083,46.563336111,0,4,98,98,7,40,34,0,0,1,5,12,1,1,2,1,5,1,1,53,0,7,482,2002,0,0.0,12,,,,,,1,1,39,1,0.0,,0,0,3,0,11,0,,,,,0.0,0.0,3.0,3.0,1,0,0.0,0.0,0.0,0,,,,,,0,,,,,,98908,53,74.0,285.0,6.0,1.0,0.0,1.0,0.0,0.0,,0,,,,,,0,09/15/2016,09/15/2016,20,0,0,0,8.0,9,8,,,0,0.0,0.0,8,0,8.0,95.0,,,96.0,,,8,95,995.0,,,,,,,,,,,,,,,,,,,,,,,,,,,,,,0,0,0,0,0,0,1,1,0,0,0,0,1,1,1,0,0,0,0,0,0,0,0,0,0,1,1,1,1,1,0,0,0,0,0,,0,0,0,0,0,0,0,0,0,0,0,0,0,0,0,0,,,,,,36-40,36-45,City street,U,Wednesday,Belt Used,PV,Not Fatal,0,0,0,0,City Street,Municipal/City Police,Union Gap Police Department,0,0,0,1,0,,,,,,0.0,0.0,0.0,,,,,,,,,,,98.0,98.0,98.0,0.0,,,,,20.0,7.0,,,,,,,,,,,,,,,,98903,Yakima,Yakima
2031,2071,2071,2019,309,E953543,7.0,2019-08-15,21:26,15,8,,33,King,170,1,0.0,3,1,2,1,0,2,2,,,,12,0,6,24.4,1,0,1,1,2,1,1,0,0,0,0,I-405,,-122.1886444,47.767258333,0,1,98,21,2,98,4,0,0,1,7,12,1,1,3,3,12,1,1,53,0,24,7,2007,0,0.0,12,64.0,25.0,,,,1,1,67,2,7.0,,4,0,99,7,11,4,08/15/2019,22:37,196053040740.0,40740.0,0.0,0.0,3.0,2.0,1,51,0.0,0.0,0.0,96,,,,,,99,,,,,,98012,53,63.0,145.0,1.0,1.0,1.0,0.0,0.0,1.0,,0,,,,,,0,10/15/2014,12/15/2017,1,0,0,0,0.0,9,8,,,0,0.0,0.0,8,9,2.0,155.0,157.0,,1.0,1.0,,2,1,0.2,,,,,,,,,,,,,,,,,,,,,,,,,,,,,,0,0,0,0,1,1,1,1,0,0,0,0,0,1,0,0,0,0,0,0,0,0,0,0,0,1,0,0,0,1,0,0,0,0,0,,1,0,0,0,0,1,1,1,0,0,0,1,0,0,0,1,,,,,,66-70,66-75,Interstate,U,Thursday,Unknown,PV,White,0,1,1,0,State Route,State Patrol,Washington State Patrol,0,1,0,0,0,,,,,,0.0,1.0,1.0,,,,,,,,,,,98.0,98.0,98.0,1.0,,,,,20.0,7.0,,,,,,,,,,,,,,,,98011,Bothell,Bothell
2032,2072,2072,2019,309,E953543,7.0,2019-08-15,21:26,15,8,,33,King,170,1,0.0,3,1,2,1,0,2,2,,,,12,0,6,24.4,1,0,1,1,2,1,1,0,0,0,0,I-405,,-122.1886444,47.767258333,0,2,98,98,7,60,5,0,0,1,7,12,1,1,3,3,1,1,1,53,0,12,27,2013,0,0.0,12,,,,,,1,1,26,1,0.0,,1,0,3,0,11,8,,,,,0.0,0.0,3.0,3.0,1,0,0.0,0.0,0.0,96,,,,,,0,,,,,,98445,53,69.0,200.0,6.0,1.0,0.0,0.0,0.0,0.0,,0,,,,,,0,,,8,0,0,0,8.0,9,8,,,0,0.0,0.0,8,0,8.0,95.0,,,96.0,,,8,95,995.0,,,,,,,,,,,,,,,,,,,,,,,,,,,,,,0,0,0,0,1,1,1,1,0,0,0,0,0,1,0,0,0,0,0,0,0,0,0,0,0,1,0,0,0,1,0,0,0,0,0,,0,0,0,0,0,0,0,0,0,0,0,0,0,0,0,0,,,,,,26-30,26-35,Interstate,U,Thursday,Belt Used,PV,Not Fatal,0,1,1,0,State Route,State Patrol,Washington State Patrol,0,1,0,0,0,,,,,,0.0,0.0,0.0,,,,,,,,,,,98.0,98.0,98.0,0.0,,,,,20.0,7.0,,,,,,,,,,,,,,,,98011,Tacoma,Bothell
2033,2073,2073,2019,310,E957982,6.0,2019-08-01,5:07,1,8,,25,Grant,0,1,0.0,4,1,2,2,0,4,2,,,,12,0,2,46.6,1,0,1,5,1,1,3,0,0,0,0,SR-24,,-119.6859806,46.668736111,0,1,50,10,2,60,5,0,0,1,2,12,1,2,2,1,6,2,2,53,0,37,39,2007,0,0.0,68,12.0,2.0,,,,1,1,18,1,0.0,,3,0,20,7,11,1,,,,,0.0,0.0,0.0,3.0,1,28,33.0,0.0,0.0,96,,,,,,0,,,,,,99349,53,64.0,135.0,6.0,1.0,0.0,1.0,0.0,1.0,,97,,,,,,0,03/15/2019,05/15/2019,1,0,0,0,8.0,1,1,,,0,0.0,0.0,0,0,2.0,1.0,,,1.0,,,2,1,0.0,,,,,,,,,,,,,,,,,,,,,,,,,,,,,,0,0,0,0,0,0,0,0,0,0,0,0,0,0,0,0,0,0,0,0,0,1,1,0,1,1,0,0,0,1,0,0,0,0,0,,0,0,0,0,0,0,0,0,0,0,0,0,0,0,0,0,,,,,,18-20,16-25,State route,R,Thursday,Not Used,PV,Not Fatal,0,1,1,0,State Route,State Patrol,Washington State Patrol,0,1,0,0,0,,,,,,0.0,0.0,0.0,,,,,,,,,,,98.0,98.0,98.0,0.0,,,,,20.0,7.0,,,,,,,,,,,,,,,,99349,Mattawa,Mattawa
2034,2074,2074,2019,310,E957982,6.0,2019-08-01,5:07,1,8,,25,Grant,0,1,0.0,4,1,2,2,0,4,2,,,,12,0,2,46.6,1,0,1,5,1,1,3,0,0,0,0,SR-24,,-119.6859806,46.668736111,0,2,51,62,4,60,6,0,0,1,2,12,2,2,2,1,14,2,1,53,0,6,52,2007,0,0.0,12,2.0,,,,,1,1,65,1,7.0,,4,0,3,0,11,1,08/12/2019,12:30,196053036466.0,36466.0,0.0,0.0,3.0,3.0,1,0,0.0,0.0,0.0,96,,,,,,0,,,,,,99343,53,70.0,190.0,6.0,1.0,0.0,0.0,0.0,2.0,,0,,,,,,0,02/15/2015,05/15/2017,1,0,0,0,0.0,9,8,,,0,0.0,0.0,8,0,2.0,1.0,,,1.0,,,2,1,0.0,,,,,,,,,,,,,,,,,,,,,,,,,,,,,,0,0,0,0,0,0,0,0,0,0,0,0,0,0,0,0,0,0,0,0,0,1,1,0,1,1,0,0,0,1,0,0,0,0,0,,1,0,0,0,0,0,0,0,0,0,0,0,0,0,0,0,,,,,,61-65,56-65,State route,R,Thursday,Belt Used,PV,White,0,1,1,0,State Route,State Patrol,Washington State Patrol,0,1,0,0,0,,,,,,0.0,0.0,0.0,,,,,,,,,,,98.0,98.0,98.0,1.0,,,,,20.0,7.0,,,,,,,,,,,,,,,,99349,Mesa,Mattawa
2035,2075,2075,2019,311,E957923,5.0,2019-08-20,15:32,20,8,,15,Cowlitz,0,10,0.0,1,1,2,1,0,1,2,,,,14,0,0,7.3,1,0,1,4,1,1,3,0,0,0,0,SR-504,,-122.79515,46.310744444,0,1,11,13,2,55,34,0,0,1,2,14,2,3,2,1,14,1,1,53,0,12,473,2001,0,0.0,63,14.0,,,,,1,1,66,2,7.0,,4,7,2,0,11,0,08/20/2019,15:32,53037789.0,37789.0,0.0,0.0,3.0,3.0,1,0,0.0,0.0,0.0,96,,,,,,99,,,,,,98649,53,66.0,127.0,6.0,1.0,0.0,0.0,0.0,0.0,,0,,,,,,0,,,1,0,0,0,0.0,9,8,,,0,0.0,0.0,8,1,2.0,1.0,,,1.0,,,2,1,0.0,,,,,,,,,,,,,,,,,,,,,,,,,,,,,,0,0,0,0,1,0,0,0,0,0,0,0,0,0,0,0,0,0,0,0,0,0,0,0,0,1,0,0,0,1,1,0,0,0,0,,1,0,0,0,0,0,0,0,0,0,0,0,0,0,0,1,,,,,,66-70,66-75,State route,R,Tuesday,Belt Used,PV,White,0,1,0,0,State Route,State Patrol,Washington State Patrol,1,1,0,0,0,,,,,,0.0,0.0,0.0,,,,,,,,,,,98.0,98.0,98.0,1.0,,,,,20.0,7.0,,,,,,,,,,,,,,,,98645,Toutle,Silverlake
2036,2076,2076,2019,312,E958461,2.0,2019-09-02,17:46,2,9,,73,Whatcom,0,1,0.0,1,1,2,1,0,4,2,,,,12,0,2,14.1,2,0,7,4,1,1,3,0,0,0,0,SR-542,DEMING RD,-122.2096028,48.821075,0,1,68,10,2,55,34,0,0,1,5,12,1,1,2,1,11,1,2,53,0,20,481,1987,0,0.0,12,,,,,,1,1,47,1,7.0,,4,7,99,7,11,0,09/02/2019,17:46,53039270.0,39270.0,0.0,0.0,3.0,2.0,1,38,0.0,0.0,0.0,96,,,,,,9,,,,,,98249,53,65.0,175.0,1.0,1.0,1.0,1.0,1.0,0.0,,0,,,,,,0,01/15/2017,08/15/2017,20,0,0,0,0.0,1,8,,,0,0.0,0.0,8,1,2.0,1.0,,,1.0,,,2,1,0.27,,,,,,,,,,,,,,,,,,,,,,,,,,,,,,0,0,0,1,1,1,0,1,0,0,0,0,0,1,0,0,0,0,1,0,0,0,0,0,0,0,0,0,0,1,1,0,0,0,0,,1,0,0,0,0,1,0,1,0,0,1,1,0,1,0,1,,,,,,46-50,46-55,State route,R,Monday,Unknown,PV,Multiracial,1,0,0,0,State Route,State Patrol,Washington State Patrol,0,1,0,0,0,,,,,,0.0,1.0,3.0,,,,,,,,,,,0.0,0.0,0.0,203.0,298.0,,,,20.0,7.0,,,,,,,,,,,,,,,,98244,Freeland,Deming
2037,2077,2077,2019,312,E958461,2.0,2019-09-02,17:46,2,9,,73,Whatcom,0,1,0.0,1,1,2,1,0,4,2,,,,12,0,2,14.1,2,0,7,4,1,1,3,0,0,0,0,SR-542,DEMING RD,-122.2096028,48.821075,0,2,69,62,4,55,67,1,0,1,2,12,1,1,2,1,1,3,9,95,0,7,880,2017,0,0.0,12,,,,,,1,1,37,1,0.0,,0,0,3,0,11,0,,,,,0.0,0.0,0.0,3.0,1,0,0.0,0.0,0.0,96,,,,,,0,,,,,,98273,53,64.0,161.0,6.0,1.0,0.0,0.0,0.0,0.0,,0,,,,,,0,,,8,0,0,0,8.0,9,8,,,0,0.0,0.0,8,0,8.0,95.0,,,96.0,,,8,95,995.0,,,,,,,,,,,,,,,,,,,,,,,,,,,,,,0,0,0,1,1,1,0,1,0,0,0,0,0,1,0,0,0,0,1,0,0,0,0,0,0,0,0,0,0,1,1,0,0,0,0,,0,0,0,0,0,0,0,0,0,0,0,0,0,0,0,0,,,,,,36-40,36-45,State route,R,Monday,,MHTRUCK,Not Fatal,1,0,0,0,State Route,State Patrol,Washington State Patrol,0,1,0,0,0,,,,,,0.0,0.0,0.0,,,,,,,,,,,98.0,98.0,98.0,0.0,,,,,20.0,7.0,,,,,,,,,,,,,,,,98244,Mount Vernon,Deming
2038,2078,2078,2019,313,E959103,2.0,2019-08-18,11:33,18,8,,61,Snohomish,0,1,0.0,1,1,2,1,0,3,2,,,,12,0,2,12.2,1,0,1,3,1,1,2,0,0,0,0,US-2,,-122.0200417,47.880866667,0,1,50,10,2,98,80,0,0,1,7,12,1,1,2,1,1,1,1,53,0,98,709,2012,0,0.0,68,12.0,,,,,1,1,62,1,7.0,,4,7,20,7,11,0,08/18/2019,11:33,53037163.0,37163.0,0.0,0.0,0.0,2.0,1,28,0.0,0.0,0.0,96,,,,,,9,,,,,,98272,53,72.0,180.0,6.0,1.0,0.0,0.0,0.0,0.0,,0,,,,,,0,,,20,8,0,0,0.0,1,8,,,0,0.0,0.0,8,1,2.0,605.0,695.0,,1.0,1.0,,2,1,0.14,,,,,,,,,,,,,,,,,,,,,,,,,,,,,,0,0,0,0,1,1,1,1,1,0,0,0,0,0,1,0,0,0,0,0,0,0,0,0,0,1,0,0,1,1,0,0,0,0,1,0.0,0,0,0,0,0,1,1,1,0,0,0,0,0,0,0,1,,,,,,61-65,56-65,US highway,R,Sunday,,MC,White,0,1,1,0,State Route,State Patrol,Washington State Patrol,0,1,0,0,0,thc,6.2,carboxy-thc,5.2,,0.0,0.0,0.0,,,,,,,,,,,0.0,0.0,0.0,1.0,,,,,5.0,0.0,,,,,,,,,,,,,,,,98290,Monroe,Snohomish
2039,2079,2079,2019,313,E959103,2.0,2019-08-18,11:33,18,8,,61,Snohomish,0,1,0.0,1,1,2,1,0,3,2,,,,12,0,2,12.2,1,0,1,3,1,1,2,0,0,0,0,US-2,,-122.0200417,47.880866667,0,2,51,62,4,60,6,0,0,1,7,12,1,1,2,1,1,2,2,53,0,63,37,2015,0,0.0,12,,,,,,1,1,68,1,0.0,,1,0,3,0,11,4,,,,,0.0,0.0,0.0,3.0,1,0,0.0,0.0,0.0,96,,,,,,0,,,,,,98208,53,70.0,250.0,6.0,1.0,0.0,0.0,0.0,1.0,,0,,,,,,0,06/15/2017,06/15/2017,1,0,0,0,8.0,9,8,,,0,0.0,0.0,8,0,8.0,95.0,,,96.0,,,8,95,995.0,,,,,,,,,,,,,,,,,,,,,,,,,,,,,,0,0,0,0,1,1,1,1,1,0,0,0,0,0,1,0,0,0,0,0,0,0,0,0,0,1,0,0,1,1,0,0,0,0,0,,0,0,0,0,0,0,0,0,0,0,0,0,0,0,0,0,,,,,,66-70,66-75,US highway,R,Sunday,Belt Used,PV,Not Fatal,0,1,1,0,State Route,State Patrol,Washington State Patrol,0,1,0,0,0,,,,,,0.0,0.0,0.0,,,,,,,,,,,98.0,98.0,98.0,0.0,,,,,20.0,7.0,,,,,,,,,,,,,,,,98290,Everett,Snohomish
2040,2080,2080,2019,314,3795706,263.0,2019-08-13,21:20,13,8,,33,King,1960,1,0.0,3,1,2,1,1,1,1,,,,8,0,0,31.0,1,0,1,3,2,1,3,0,0,0,0,SR-99,,-122.34455,47.690483333,0,1,13,80,5,30,20,0,0,1,7,8,1,1,2,2,1,1,2,53,0,20,441,1996,0,0.0,8,,,,,,1,1,41,1,0.0,,0,0,99,7,11,0,,,,,0.0,0.0,0.0,3.0,1,0,0.0,0.0,0.0,96,,,,,,0,,,,,,98146,53,62.0,148.0,6.0,1.0,0.0,0.0,0.0,0.0,,0,,,,,,0,,,20,0,0,0,8.0,9,8,,,0,0.0,0.0,8,0,8.0,95.0,,,96.0,,,8,95,995.0,,,,,,,,,,,,,,,,,,,,,,,,,,,,,,0,0,0,0,0,0,0,0,0,1,1,1,0,0,0,0,0,0,0,0,0,0,0,0,0,0,0,0,0,1,0,1,0,0,0,,0,0,0,0,0,0,0,0,0,0,0,0,0,0,0,0,,,,,,41-45,36-45,State route,U,Tuesday,Unknown,PV,Not Fatal,0,0,0,0,State Route,Municipal/City Police,Seattle Police Department,0,1,0,0,0,,,,,,0.0,0.0,0.0,,,,,,,,,,,0.0,0.0,0.0,0.0,,,,,20.0,7.0,,,,,,,,,,,,,,,,98103,Seattle,Seattle
2041,2081,2081,2019,315,E922378,1.0,2019-05-16,14:47,16,5,,5,Benton,0,2,0.0,7,6,2,1,0,3,1,,,,35,0,0,86.5,1,0,1,1,1,1,1,0,0,0,0,I-82,,-119.6683333,46.228602778,0,1,6,6,1,70,14,0,0,1,7,1,4,2,2,3,14,3,1,53,0,12,402,2013,0,0.0,64,35.0,1.0,,,,1,1,74,2,0.0,,3,0,3,0,11,4,,,,,0.0,0.0,3.0,3.0,1,0,0.0,0.0,0.0,96,,,,,,0,,,,,,98029,53,63.0,180.0,6.0,1.0,0.0,0.0,0.0,0.0,,0,,,,,,4,,,8,0,0,0,8.0,9,8,,,0,0.0,0.0,8,0,8.0,95.0,,,96.0,,,8,95,995.0,,,,,,,,,,,,,,,,,,,,,,,,,,,,,,0,0,1,0,0,0,0,0,0,0,0,0,1,0,0,0,0,0,0,0,0,0,0,0,0,1,1,0,0,1,0,0,0,0,0,,0,0,0,0,0,0,0,0,0,1,0,0,0,0,0,0,,,,,,71-75,66-75,Interstate,R,Thursday,Belt Used,PV,Not Fatal,0,1,0,0,State Route,State Patrol,Washington State Patrol,1,1,0,0,0,,,,,,0.0,0.0,0.0,,,,,,,,,,,98.0,98.0,98.0,0.0,,,,,20.0,7.0,,,,,,,,,,,,,,,,99350,Issaquah,Prosser
2042,2082,2082,2019,316,E944034,75.0,2019-07-15,6:18,15,7,,11,Clark,2420,1,0.0,1,1,2,1,0,1,1,,,,10,0,0,0.0,6,0,1,7,2,4,6,0,0,65,3,SE WHITNEY ST,,-122.3751361,45.582280556,0,1,15,90,6,25,34,0,0,1,7,10,1,1,2,1,1,1,1,53,0,7,472,2003,0,0.0,10,,,,,,1,1,55,1,7.0,,4,0,99,7,11,5,07/26/2019,23:54,24053033900.0,33900.0,0.0,0.0,3.0,3.0,1,39,0.0,0.0,0.0,96,,,,,,99,,,,,,98607,53,73.0,200.0,6.0,1.0,0.0,0.0,0.0,0.0,,0,,,,,,0,,,8,1,9,0,0.0,9,8,,,0,0.0,0.0,8,0,8.0,95.0,,,96.0,,,0,0,996.0,,,,,,,,,,,,,,,,,,,,,,,,,,,,,,1,0,0,0,0,0,0,0,0,0,0,0,0,0,0,0,0,0,0,0,0,0,0,0,0,0,0,0,0,1,0,0,0,0,0,,1,0,0,0,0,0,0,0,0,0,0,0,0,0,0,0,,,,,,51-55,46-55,City street,U,Monday,Unknown,PV,White,1,0,0,0,City Street,Municipal/City Police,Camas Police Department,0,0,0,1,0,,,,,,0.0,0.0,0.0,,,,,,,,,,,98.0,98.0,98.0,1.0,,,,,20.0,7.0,,,,,,,,,,,,,,,,98671,Camas,Washougal
2043,2083,2083,2019,317,E951909,2.0,2019-08-17,18:40,17,8,,29,Island,0,1,0.0,1,1,2,1,0,3,2,,,,12,0,2,26.0,2,0,3,3,1,1,3,0,0,20,3,SR-525,SMUGGLERS COVE RD,-122.5802611,48.107955556,0,1,82,15,2,55,14,0,0,1,2,12,1,1,2,1,11,2,1,53,0,55,401,2019,0,0.0,12,,,,,,1,1,65,2,0.0,,3,0,3,0,11,4,,,,,0.0,0.0,0.0,3.0,1,10,38.0,0.0,0.0,96,,,,,,0,,,,,,98026,53,68.0,190.0,6.0,1.0,0.0,0.0,0.0,0.0,,46,,,,,,0,,,8,0,0,0,8.0,9,8,,,0,0.0,0.0,8,0,8.0,95.0,,,96.0,,,8,95,995.0,,,,,,,,,,,,,,,,,,,,,,,,,,,,,,0,0,0,1,0,0,0,0,0,0,0,0,0,0,0,0,0,0,1,0,0,0,0,0,0,1,0,0,0,1,0,0,0,0,0,,0,0,0,0,0,0,0,0,0,0,1,0,0,0,0,0,,,,,,61-65,56-65,State route,R,Saturday,Belt Used,PV,Not Fatal,1,0,0,0,State Route,State Patrol,Washington State Patrol,0,1,0,0,0,,,,,,0.0,0.0,0.0,,,,,,,,,,,98.0,98.0,98.0,0.0,,,,,20.0,7.0,,,,,,,,,,,,,,,,98253,Edmonds,Greenbank
2044,2084,2084,2019,317,E951909,2.0,2019-08-17,18:40,17,8,,29,Island,0,1,0.0,1,1,2,1,0,3,2,,,,12,0,2,26.0,2,0,3,3,1,1,3,0,0,0,0,SR-525,SMUGGLERS COVE RD,-122.5802611,48.107955556,0,2,83,67,4,55,14,0,0,1,2,12,1,1,2,1,1,1,2,53,0,2,403,2017,0,0.0,12,,,,,,1,1,44,2,0.0,,3,0,3,0,11,4,,,,,0.0,0.0,0.0,3.0,1,0,0.0,0.0,0.0,96,,,,,,0,,,,,,98249,53,62.0,140.0,6.0,1.0,0.0,0.0,0.0,0.0,,0,,,,,,0,,,1,0,0,0,8.0,9,8,,,0,0.0,0.0,8,0,8.0,95.0,,,96.0,,,8,95,995.0,,,,,,,,,,,,,,,,,,,,,,,,,,,,,,0,0,0,1,0,0,0,0,0,0,0,0,0,0,0,0,0,0,1,0,0,0,0,0,0,1,0,0,0,1,0,0,0,0,0,,0,0,0,0,0,0,0,0,0,0,0,0,0,0,0,0,,,,,,41-45,36-45,State route,R,Saturday,Belt Used,PV,Not Fatal,1,0,0,0,State Route,State Patrol,Washington State Patrol,0,1,0,0,0,,,,,,0.0,0.0,0.0,,,,,,,,,,,98.0,98.0,98.0,0.0,,,,,20.0,7.0,,,,,,,,,,,,,,,,98253,Freeland,Greenbank