,index,Unnamed: 0,year,case,par,repjur,crash_dt,crash_tm,accday,accmon,holiday,county,co_char,city,weather,weather2,lightcond,surfcond,surftype,numfatal,nmforms,pforms,vforms,not_tm,arr_tm,hosp_tm,fhevent,hitrun,manncol,milepnt,reljunc,reljuncinter,intersectiontype,funcsystem,landuse,ownership,route,schlbus,spejur,contdev,devfunc,trafid1,trafid2,lon,lat,wk_zone,vnumber,crashtype,criticalevent,criticaleventcat,spdlim,body,trailer,emerg,hazcargo,leave,mhevent,roadalgn,roadprof,traflane,trafflow,vehmanvr,numoccs,regowner,regstate,spuse,make,model,modelyr,vrf1,vrf2,seqevent1,seqevent2,seqevent3,seqevent4,seqevent5,seqevent6,pnumber,ptype,age,sex,hispanic,race,injury,diedscene,restraint,restraintmisuse,seatpos,takehosp,death_dt,death_tm,cert,cernum_wa,commlic,licendor,licrestrict,liccomp,drivpres,drf1,drf2,drf3,drf4,distract1,distract2,distract3,distract4,distract5,distract6,dricond1,dricond2,dricond3,dricond4,dricond5,dricond6,dzip,licstate,drhgt_in,weight,noncdl,noncdltype,prevdwi,prevoth,prevacc,prevspd,prevsus,driviol1,driviol2,driviol3,driviol4,driviol5,driviol6,spdrel,first_dt,last_dt,airbag,ejection,ejectpath,extricat,injurwrk,methalc,methdrug,nmlocat,strikveh,prf1,prf2,prf3,druginv,alcinvol,drugsts,drugres1,drugres2,drugres3,drugtst1,drugtst2,drugtst3,alcsts,alctst,alcres,nmact1,nmact2,nmact3,nmact4,nmact5,nmact6,nmprior1,nmprior2,nmprior3,nmprior4,nmprior5,nmprior6,nmcond1,nmcond2,nmcond3,nmcond4,nmcond5,nmcond6,nmsafe_helmet,nmsafe_pads,nmsafe_oth,nmprev_ref,nmprev_lgt,nmprev_oth,crashlocation,nmcrashtype,crosswalk,schoolzone,sidewalk,train_inv,wildlife_inv,rotr_fars,intersect_fars,dd_inv,aid_inv,dpd_inv,id_inv,mj_inv,impnm_inv,ainm_inv,dpnm_inv,speed_inv,unlic_inv,unendmc_inv,drowsy_inv,drdist_inv,nmdist_inv,fty_inv,unrestfat_inv,dr1617_inv,dr1820_inv,dr1620_inv,dr2125_inv,dr1625_inv,dr65_inv,dr70_inv,dr75_inv,mc_inv,pv_inv,ht_inv,ped_inv,bike_inv,unrest_fat,mc_fat,unhelmet_mc,pv_fat,ht_fat,ped_fat,bike_fat,dr_alc7,dr_alc8,dr_drug,dr_imp,dr_dist,dr_spd,dr_fty,dr_unlic,dr_alc7only,dr_alc8only,dr_drugonly,dr_drink,nm_imp,nm_alc7,nm_alc8,nm_drug,nm_dist,agegrp1,agegrp2,roadclass,urbrur,dayweek,restuse,vehtype,race_me,intersect,lanedep,oppdir,wrongway,rep_typ,investag,repag_long,rotr,st_rd,cty_rd,city_rd,oth_rd,drug_thc,thc_res,drug_cthc,cthc_res,drug_cann,prevpersemin,prevperse,prevsusoth,drugtst4,drugtst5,drugtst6,drugtst7,drugtst8,drugres4,drugres5,drugres6,drugres7,drugres8,adspresent,adsengaged,adslevel,race1,race2,race3,race4,race5,helmet,helmetmisuse,nmdistract1,nmdistract2,nmdistract3,nmdistract4,nmdistract5,nmdistract6,lab,isedtcase,crf1,crf2,crf3,CoRoadName,CoMP,IntCoRoadName,IntCoMP,crashzip,dcity,crashcity
2081,2124,2124,2019,343,E965054,14.0,2019-09-15,15:53,15,9,,11,Clark,0,2,0.0,1,2,2,1,0,2,2,,,,12,0,2,5.5,1,0,1,5,1,2,4,0,0,0,0,CR-NE CEDAR CREEK RD,,-122.6454861,45.924202778,0,2,50,10,2,98,4,0,0,1,5,12,2,1,2,1,14,1,2,53,0,37,31,2001,0,0.0,68,12.0,,,,,1,1,51,2,99.0,,4,7,20,7,11,0,09/15/2019,15:53,53041718.0,41718.0,0.0,0.0,0.0,2.0,1,28,0.0,0.0,0.0,96,,,,,,99,,,,,,98601,53,65.0,135.0,1.0,1.0,0.0,3.0,0.0,0.0,,0,,,,,,0,02/15/2016,07/15/2018,8,0,0,0,0.0,9,8,,,0,0.0,0.0,8,9,2.0,401.0,417.0,,1.0,1.0,,2,1,0.0,,,,,,,,,,,,,,,,,,,,,,,,,,,,,,0,0,0,0,0,0,1,1,0,0,0,0,0,1,0,0,0,0,0,1,0,0,0,0,0,0,0,0,0,1,1,0,0,1,0,,1,0,0,0,0,0,1,1,0,0,0,1,0,0,1,0,,,,,,51-55,46-55,County road,R,Sunday,Not Used,PV,Oth/Unk,0,1,1,0,County Road,County Sheriff,Clark County Sheriff's Office,0,0,1,0,0,,,,,,0.0,0.0,5.0,,,,,,,,,,,98.0,98.0,98.0,99.0,,,,,20.0,7.0,,,,,,,,,,,,,,,,98674,Amboy,Woodland
2082,2125,2125,2019,345,E965465,8.0,2019-09-22,5:56,22,9,,27,Grays Harbor,0,2,0.0,4,2,2,1,0,1,1,,,,42,0,0,4.8,1,0,1,3,1,1,3,0,0,0,0,SR-8,,-123.3104944,47.047327778,0,1,1,13,2,60,3,0,0,1,2,42,3,1,2,3,14,1,2,53,0,35,48,2004,0,0.0,63,42.0,1.0,,,,1,1,24,1,7.0,,4,7,3,0,11,0,09/22/2019,5:56,53041621.0,41621.0,0.0,0.0,0.0,3.0,1,0,0.0,0.0,0.0,96,,,,,,99,,,,,,98501,53,67.0,165.0,6.0,1.0,0.0,0.0,0.0,0.0,,0,,,,,,0,,,1,0,0,0,0.0,9,8,,,0,0.0,0.0,8,9,2.0,300.0,695.0,605.0,1.0,1.0,1.0,2,1,0.0,,,,,,,,,,,,,,,,,,,,,,,,,,,,,,0,0,1,0,0,0,1,1,1,0,0,0,0,0,0,0,0,0,0,0,0,0,0,1,1,0,0,0,0,1,0,0,0,0,0,,1,0,0,0,0,0,1,1,0,0,0,0,0,0,1,0,,,,,,21-25,16-25,State route,R,Sunday,Belt Used,PV,White,0,1,0,0,State Route,State Patrol,Washington State Patrol,1,1,0,0,0,thc,2.8,carboxy-thc,12.0,,0.0,0.0,0.0,,,,,,,,,,,98.0,98.0,98.0,1.0,,,,,20.0,7.0,,,,,,,nms,,,,,,,,,98557,Olympia,McCleary
2083,2126,2126,2019,346,E965498,14.0,2019-09-23,10:48,23,9,,11,Clark,0,1,0.0,1,1,2,1,0,2,1,,,,32,1,0,3.1,1,0,1,5,1,2,4,0,0,0,0,CR-NW HAYES RD,,-122.6874,45.930052778,0,1,1,13,2,50,14,0,0,1,7,1,3,1,2,1,6,2,1,53,0,35,401,1995,0,0.0,63,32.0,67.0,30.0,1.0,,1,1,57,1,0.0,,1,0,3,0,11,0,,,,,0.0,0.0,0.0,0.0,1,33,91.0,0.0,0.0,96,,,,,,9,,,,,,98606,53,67.0,150.0,1.0,1.0,0.0,0.0,0.0,0.0,,1,7.0,,,,,4,,,20,0,0,0,8.0,9,8,,,0,0.0,0.0,8,1,2.0,401.0,417.0,,1.0,1.0,,2,1,0.092,,,,,,,,,,,,,,,,,,,,,,,,,,,,,,0,0,1,0,1,1,1,1,0,0,0,0,1,1,0,0,0,0,0,1,0,0,0,0,0,0,0,0,0,1,0,0,0,0,0,,0,0,0,0,0,1,1,1,0,1,0,1,0,0,0,1,,,,,,56-60,56-65,County road,R,Monday,Belt Used,PV,Not Fatal,0,1,0,0,County Road,County Sheriff,Clark County Sheriff's Office,1,0,1,0,0,,,,,,0.0,0.0,0.0,,,,,,,,,,,0.0,0.0,0.0,0.0,,,,,20.0,7.0,,,,,,,,,,,,,,,,98674,Brush Prairie,Woodland
2084,2127,2127,2019,347,E966298,278.0,2019-10-01,14:51,1,10,,63,Spokane,2110,1,0.0,1,1,2,1,0,1,1,,,,1,0,0,0.0,1,0,1,7,2,4,6,0,0,0,0,E FERRY AVE,,-117.3726139,47.660888889,0,1,98,6,1,98,80,0,0,1,7,1,3,1,2,1,14,1,1,53,0,98,706,2019,0,0.0,1,63.0,30.0,,,,1,1,34,1,7.0,,4,7,20,7,11,0,10/01/2019,14:51,211053043403.0,43403.0,0.0,0.0,0.0,2.0,1,0,0.0,0.0,0.0,96,,,,,,99,,,,,,99202,53,75.0,255.0,1.0,1.0,0.0,2.0,1.0,4.0,,0,,,,,,4,10/15/2014,01/15/2019,20,8,0,0,0.0,9,8,,,0,0.0,0.0,8,9,2.0,1.0,,,1.0,,,2,1,0.0,,,,,,,,,,,,,,,,,,,,,,,,,,,,,,0,0,0,0,0,0,0,0,0,0,0,0,1,1,1,0,0,0,0,0,0,0,0,0,0,0,0,0,1,0,0,0,0,0,1,0.0,0,0,0,0,0,0,0,0,0,1,0,1,0,0,0,0,,,,,,31-35,26-35,City street,U,Tuesday,,MC,White,0,1,0,0,City Street,Municipal/City Police,Spokane Police Department,1,0,0,1,0,,,,,,0.0,0.0,3.0,,,,,,,,,,,0.0,0.0,0.0,1.0,,,,,19.0,0.0,,,,,,,,,,,,,,,,99202,Spokane,Spokane
2085,2128,2128,2019,348,E967144,8.0,2019-09-27,15:55,27,9,,35,Kitsap,0,1,0.0,1,1,2,1,0,2,2,,,,12,0,6,6.1,2,0,3,4,1,1,3,1,0,0,0,SR-160,COTTONWOOD DR SE,-122.5194028,47.504825,0,1,69,62,4,45,80,0,0,1,2,12,1,2,2,1,1,1,1,53,0,37,706,2003,0,0.0,12,,,,,,1,1,45,1,7.0,,4,7,20,7,11,0,09/27/2019,15:55,53043515.0,43515.0,0.0,0.0,0.0,3.0,1,0,0.0,0.0,0.0,96,,,,,,99,,,,,,98367,53,73.0,195.0,6.0,1.0,0.0,0.0,1.0,0.0,,0,,,,,,4,06/15/2018,06/15/2018,20,8,0,0,0.0,9,8,,,0,0.0,0.0,8,9,2.0,1.0,,,1.0,,,2,1,0.0,,,,,,,,,,,,,,,,,,,,,,,,,,,,,,0,0,0,1,0,0,0,0,0,0,0,0,1,0,0,0,0,0,0,0,0,0,0,0,0,0,0,0,1,0,0,0,0,0,1,0.0,0,0,0,0,0,0,0,0,0,1,0,0,0,0,0,0,,,,,,41-45,36-45,State route,R,Friday,,MC,White,1,0,0,0,State Route,State Patrol,Washington State Patrol,0,1,0,0,0,,,,,,0.0,0.0,0.0,,,,,,,,,,,0.0,0.0,0.0,1.0,,,,,5.0,0.0,,,,,,,,,,,,,,,,98366,Port Orchard,Port Orchard
2086,2129,2129,2019,348,E967144,8.0,2019-09-27,15:55,27,9,,35,Kitsap,0,1,0.0,1,1,2,1,0,2,2,,,,12,0,6,6.1,2,0,3,4,1,1,3,1,0,0,0,SR-160,COTTONWOOD DR SE,-122.5194028,47.504825,0,2,68,15,2,45,50,0,0,1,5,12,1,2,2,1,11,1,3,53,2,82,981,2013,0,0.0,12,,,,,,1,1,61,2,0.0,,0,0,3,0,11,0,,,,,6.0,1.0,0.0,3.0,1,0,0.0,0.0,0.0,96,,,,,,0,,,,,,98367,53,67.0,160.0,6.0,1.0,0.0,0.0,1.0,0.0,,0,,,,,,0,05/15/2018,05/15/2018,20,0,0,0,8.0,9,2,,,0,0.0,0.0,0,0,2.0,1.0,,,1.0,,,2,1,0.0,,,,,,,,,,,,,,,,,,,,,,,,,,,,,,0,0,0,1,0,0,0,0,0,0,0,0,1,0,0,0,0,0,0,0,0,0,0,0,0,0,0,0,1,0,0,0,0,0,0,,0,0,0,0,0,0,0,0,0,0,0,0,0,0,0,0,,,,,,61-65,56-65,State route,R,Friday,,BUS,Not Fatal,1,0,0,0,State Route,State Patrol,Washington State Patrol,0,1,0,0,0,,,,,,0.0,0.0,0.0,,,,,,,,,,,98.0,98.0,98.0,0.0,,,,,20.0,7.0,,,,,,,,,,,,,,,,98366,Port Orchard,Port Orchard
2087,2130,2130,2019,349,E967503,129.0,2019-09-28,21:00,28,9,,53,Pierce,747,10,0.0,3,1,2,1,0,3,2,,,,12,0,6,0.0,8,0,1,7,2,4,6,0,3,0,0,PACIFIC HWY E,,-122.36895,47.243091667,0,1,68,15,2,35,34,0,0,1,7,12,1,1,5,5,11,1,1,53,0,20,481,2001,0,0.0,12,,,,,,1,1,32,1,0.0,,1,0,3,0,11,8,,,,,0.0,0.0,0.0,3.0,1,38,0.0,0.0,0.0,96,,,,,,9,,,,,,98443,53,73.0,156.0,6.0,1.0,0.0,1.0,1.0,0.0,,1,12.0,,,,,0,02/15/2016,05/15/2018,20,0,0,0,8.0,9,8,,,0,0.0,0.0,8,1,2.0,401.0,417.0,695.0,1.0,1.0,1.0,2,1,0.071,,,,,,,,,,,,,,,,,,,,,,,,,,,,,,0,0,0,0,1,0,1,1,1,0,0,0,0,0,0,0,0,0,1,0,0,0,0,0,0,0,0,0,0,1,0,0,0,0,0,,0,0,0,0,1,0,1,1,0,0,1,0,0,0,0,1,,,,,,31-35,26-35,City street,U,Saturday,Belt Used,PV,Not Fatal,0,0,0,0,City Street,Municipal/City Police,Fife Police Department,0,0,0,1,0,,,carboxy-thc,6.7,,0.0,0.0,0.0,,,,,,,,,,,98.0,98.0,98.0,0.0,,,,,20.0,7.0,,,,,,,,,,,,,,,,98424,Tacoma,Fife
2088,2131,2131,2019,349,E967503,129.0,2019-09-28,21:00,28,9,,53,Pierce,747,10,0.0,3,1,2,1,0,3,2,,,,12,0,6,0.0,8,0,1,7,2,4,6,0,3,0,0,PACIFIC HWY E,,-122.36895,47.243091667,0,2,69,62,4,35,2,0,0,1,7,12,1,1,5,5,1,2,1,53,0,49,42,1992,0,0.0,12,,,,,,1,1,60,2,0.0,,1,0,3,0,11,8,,,,,0.0,0.0,3.0,3.0,1,0,0.0,0.0,0.0,96,,,,,,0,,,,,,98444,53,61.0,220.0,6.0,1.0,0.0,0.0,1.0,1.0,,0,,,,,,0,09/15/2016,01/15/2017,20,0,0,0,8.0,9,8,,,0,0.0,0.0,8,0,8.0,95.0,,,96.0,,,8,95,995.0,,,,,,,,,,,,,,,,,,,,,,,,,,,,,,0,0,0,0,1,0,1,1,1,0,0,0,0,0,0,0,0,0,1,0,0,0,0,0,0,0,0,0,0,1,0,0,0,0,0,,0,0,0,0,0,0,0,0,0,0,0,0,0,0,0,0,,,,,,56-60,56-65,City street,U,Saturday,Belt Used,PV,Not Fatal,0,0,0,0,City Street,Municipal/City Police,Fife Police Department,0,0,0,1,0,,,,,,0.0,0.0,0.0,,,,,,,,,,,0.0,0.0,0.0,0.0,,,,,20.0,7.0,,,,,,,,,,,,,,,,98424,Tacoma,Fife
2089,2132,2132,2019,350,E967832,6.0,2019-10-04,10:04,4,10,,39,Klickitat,0,1,0.0,1,1,2,1,0,4,4,,,,12,0,2,30.9,1,0,1,3,1,1,3,0,3,0,0,SR-97,,-120.6165861,46.028008333,0,1,50,10,2,98,5,0,0,1,7,12,1,1,2,1,6,1,1,53,0,12,32,2011,0,0.0,68,12.0,12.0,12.0,,,1,1,67,1,7.0,,4,7,3,0,11,0,10/04/2019,10:04,53045041.0,45041.0,0.0,0.0,3.0,3.0,1,28,35.0,0.0,0.0,96,,,,,,99,,,,,,98624,53,72.0,180.0,6.0,1.0,0.0,0.0,0.0,0.0,,0,,,,,,0,,,8,0,0,0,0.0,1,8,,,0,0.0,0.0,8,1,2.0,1.0,,,1.0,,,2,1,0.44,,,,,,,,,,,,,,,,,,,,,,,,,,,,,,0,0,0,0,1,1,0,1,0,0,0,0,0,0,0,0,0,0,0,0,0,0,0,1,1,1,0,0,0,1,1,0,0,0,0,,1,0,0,0,0,1,0,1,0,0,0,0,0,1,0,1,,,,,,66-70,66-75,State route,R,Friday,Belt Used,PV,White,0,1,1,0,State Route,State Patrol,Washington State Patrol,0,1,0,0,0,,,,,,0.0,0.0,0.0,,,,,,,,,,,98.0,98.0,98.0,1.0,,,,,20.0,7.0,,,,,,,,,,,,,,,,98620,Ilwaco,Goldendale
2090,2133,2133,2019,350,E967832,6.0,2019-10-04,10:04,4,10,,39,Klickitat,0,1,0.0,1,1,2,1,0,4,4,,,,12,0,2,30.9,1,0,1,3,1,1,3,0,3,0,0,SR-97,,-120.6165861,46.028008333,0,2,51,62,4,60,66,1,0,1,7,12,1,1,2,1,1,1,1,49,0,85,881,2017,0,0.0,12,,,,,,1,1,23,1,0.0,,0,0,3,0,11,0,,,,,6.0,3.0,0.0,3.0,1,0,0.0,0.0,0.0,0,,,,,,0,,,,,,84754,49,74.0,150.0,6.0,1.0,0.0,0.0,98.0,0.0,,0,,,,,,0,,,20,0,0,0,8.0,9,2,,,0,0.0,0.0,0,0,8.0,95.0,,,96.0,,,8,95,995.0,,,,,,,,,,,,,,,,,,,,,,,,,,,,,,0,0,0,0,1,1,0,1,0,0,0,0,0,0,0,0,0,0,0,0,0,0,0,1,1,1,0,0,0,1,1,0,0,0,0,,0,0,0,0,0,0,0,0,0,0,0,0,0,0,0,0,,,,,,21-25,16-25,State route,R,Friday,,MHTRUCK,Not Fatal,0,1,1,0,State Route,State Patrol,Washington State Patrol,0,1,0,0,0,,,,,,0.0,0.0,0.0,,,,,,,,,,,98.0,98.0,98.0,0.0,,,,,20.0,7.0,,,,,,,,,,,,,,,,98620,Monroe,Goldendale
2091,2134,2134,2019,350,E967832,6.0,2019-10-04,10:04,4,10,,39,Klickitat,0,1,0.0,1,1,2,1,0,4,4,,,,12,0,2,30.9,1,0,1,3,1,1,3,0,3,0,0,SR-97,,-120.6165861,46.028008333,0,3,98,62,4,60,34,0,0,1,7,12,1,1,2,1,1,1,3,41,0,12,481,2016,0,0.0,12,,,,,,1,1,63,1,0.0,,0,0,3,0,11,0,,,,,0.0,0.0,0.0,3.0,1,0,0.0,0.0,0.0,0,,,,,,0,,,,,,97068,41,75.0,240.0,6.0,1.0,0.0,0.0,0.0,0.0,,0,,,,,,0,,,20,0,0,0,8.0,9,2,,,0,0.0,0.0,0,0,8.0,95.0,,,96.0,,,8,95,995.0,,,,,,,,,,,,,,,,,,,,,,,,,,,,,,0,0,0,0,1,1,0,1,0,0,0,0,0,0,0,0,0,0,0,0,0,0,0,1,1,1,0,0,0,1,1,0,0,0,0,,0,0,0,0,0,0,0,0,0,0,0,0,0,0,0,0,,,,,,61-65,56-65,State route,R,Friday,Belt Used,PV,Not Fatal,0,1,1,0,State Route,State Patrol,Washington State Patrol,0,1,0,0,0,,,,,,0.0,0.0,0.0,,,,,,,,,,,98.0,98.0,98.0,0.0,,,,,20.0,7.0,,,,,,,,,,,,,,,,98620,West Linn,Goldendale
2092,2135,2135,2019,350,E967832,6.0,2019-10-04,10:04,4,10,,39,Klickitat,0,1,0.0,1,1,2,1,0,4,4,,,,12,0,2,30.9,1,0,1,3,1,1,3,0,3,0,0,SR-97,,-120.6165861,46.028008333,0,4,98,98,7,60,66,1,0,1,7,12,1,1,2,1,1,1,3,41,0,87,881,2016,0,0.0,12,,,,,,1,1,39,1,0.0,,0,0,3,0,11,0,,,,,6.0,1.0,0.0,3.0,1,0,0.0,0.0,0.0,96,,,,,,0,,,,,,98901,53,71.0,270.0,6.0,1.0,0.0,0.0,0.0,0.0,,0,,,,,,0,,,20,0,0,0,8.0,9,2,,,0,0.0,0.0,0,0,8.0,95.0,,,96.0,,,8,95,995.0,,,,,,,,,,,,,,,,,,,,,,,,,,,,,,0,0,0,0,1,1,0,1,0,0,0,0,0,0,0,0,0,0,0,0,0,0,0,1,1,1,0,0,0,1,1,0,0,0,0,,0,0,0,0,0,0,0,0,0,0,0,0,0,0,0,0,,,,,,36-40,36-45,State route,R,Friday,,MHTRUCK,Not Fatal,0,1,1,0,State Route,State Patrol,Washington State Patrol,0,1,0,0,0,,,,,,0.0,0.0,0.0,,,,,,,,,,,98.0,98.0,98.0,0.0,,,,,20.0,7.0,,,,,,,,,,,,,,,,98620,Yakima,Goldendale
2093,2136,2136,2019,351,E967901,6.0,2019-09-29,19:05,29,9,,37,Kittitas,0,4,0.0,2,10,2,1,0,3,2,,,,12,0,6,145.5,1,0,1,3,1,1,3,0,0,0,0,SR-97,,-120.6435917,47.331025,0,1,98,6,1,60,34,0,0,1,7,12,3,2,2,1,14,1,3,53,0,23,472,2007,0,0.0,68,12.0,,,,,1,1,24,1,99.0,,4,0,20,7,11,5,09/29/2019,21:50,246053042923.0,42923.0,0.0,0.0,0.0,3.0,1,28,87.0,0.0,0.0,96,,,,,,0,,,,,,98926,53,75.0,195.0,6.0,1.0,0.0,2.0,0.0,3.0,,0,,,,,,4,01/15/2015,04/15/2018,20,0,0,0,0.0,9,8,,,0,0.0,0.0,8,0,0.0,0.0,,,0.0,,,2,1,0.0,,,,,,,,,,,,,,,,,,,,,,,,,,,,,,0,0,0,0,0,0,0,0,0,0,0,0,1,0,0,0,0,0,0,1,0,0,0,1,1,0,0,0,0,1,0,0,0,1,0,,1,0,0,0,0,0,0,0,0,1,0,0,0,0,0,0,,,,,,21-25,16-25,State route,R,Sunday,Not Used,PV,White,0,1,1,0,State Route,State Patrol,Washington State Patrol,0,1,0,0,0,,,,,,0.0,0.0,1.0,,,,,,,,,,,98.0,98.0,98.0,1.0,,,,,20.0,7.0,,,,,,,,,,,,,,,,98922,Ellensburg,Cle Elum
2094,2137,2137,2019,351,E967901,6.0,2019-09-29,19:05,29,9,,37,Kittitas,0,4,0.0,2,10,2,1,0,3,2,,,,12,0,6,145.5,1,0,1,3,1,1,3,0,0,0,0,SR-97,,-120.6435917,47.331025,0,2,98,62,4,60,4,0,0,1,7,12,2,2,2,1,14,2,1,53,0,20,37,2012,0,0.0,12,,,,,,1,1,43,1,0.0,,3,0,3,0,11,5,,,,,0.0,0.0,0.0,3.0,1,0,0.0,0.0,0.0,96,,,,,,0,,,,,,99301,53,72.0,280.0,6.0,1.0,0.0,0.0,0.0,0.0,,0,,,,,,0,,,8,0,0,0,8.0,9,8,,,0,0.0,0.0,8,0,8.0,95.0,,,96.0,,,8,95,995.0,,,,,,,,,,,,,,,,,,,,,,,,,,,,,,0,0,0,0,0,0,0,0,0,0,0,0,1,0,0,0,0,0,0,1,0,0,0,1,1,0,0,0,0,1,0,0,0,0,0,,0,0,0,0,0,0,0,0,0,0,0,0,0,0,0,0,,,,,,41-45,36-45,State route,R,Sunday,Belt Used,PV,Not Fatal,0,1,1,0,State Route,State Patrol,Washington State Patrol,0,1,0,0,0,,,,,,0.0,0.0,0.0,,,,,,,,,,,98.0,98.0,98.0,0.0,,,,,20.0,7.0,,,,,,,,,,,,,,,,98922,Pasco,Cle Elum
2095,2138,2138,2019,352,E968056,160.0,2019-10-02,14:39,2,10,,33,King,1030,1,0.0,1,1,2,1,0,2,2,,,,12,0,2,4.9,2,0,2,3,2,1,3,0,0,3,3,SR-516,SR-167,-122.2458472,47.378033333,0,1,69,54,3,35,80,0,0,1,7,12,1,1,6,1,6,1,2,32,0,76,705,2014,0,0.0,12,,,,,,1,1,23,1,7.0,,4,7,20,7,11,0,10/02/2019,14:39,103053043707.0,43707.0,0.0,0.0,0.0,2.0,1,0,0.0,0.0,0.0,96,,,,,,99,,,,,,98032,53,72.0,210.0,6.0,1.0,0.0,1.0,0.0,0.0,,0,,,,,,4,05/15/2016,12/15/2017,20,8,0,0,0.0,9,8,,,0,0.0,0.0,8,9,2.0,1.0,,,1.0,,,2,1,0.0,,,,,,,,,,,,,,,,,,,,,,,,,,,,,,0,0,0,1,0,0,0,0,0,0,0,0,1,0,1,0,1,0,0,0,0,0,0,1,1,0,0,0,1,0,1,0,0,0,1,0.0,0,0,0,0,0,0,0,0,0,1,0,0,0,0,0,0,,,,,,21-25,16-25,State route,U,Wednesday,,MC,Black,1,0,0,0,State Route,Municipal/City Police,Kent Police Department,0,1,0,0,0,,,,,,0.0,0.0,1.0,,,,,,,,,,,0.0,0.0,0.0,2.0,,,,,19.0,0.0,,,,,,,,,,,,,,,,98032,Kent,Kent
2096,2139,2139,2019,352,E968056,160.0,2019-10-02,14:39,2,10,,33,King,1030,1,0.0,1,1,2,1,0,2,2,,,,12,0,2,4.9,2,0,2,3,2,1,3,0,0,3,3,SR-516,SR-167,-122.2458472,47.378033333,0,2,68,63,4,35,61,0,0,1,7,12,1,1,5,1,11,1,3,53,0,12,881,2015,0,0.0,12,,,,,,1,1,27,1,0.0,,0,0,1,0,11,0,,,,,6.0,1.0,0.0,3.0,1,0,0.0,0.0,0.0,93,,,,,,0,,,,,,98391,53,67.0,287.0,6.0,1.0,0.0,0.0,0.0,0.0,,0,,,,,,0,,,20,0,0,0,8.0,9,8,,,0,0.0,0.0,8,0,2.0,1.0,,,1.0,,,2,1,0.0,,,,,,,,,,,,,,,,,,,,,,,,,,,,,,0,0,0,1,0,0,0,0,0,0,0,0,1,0,1,0,1,0,0,0,0,0,0,1,1,0,0,0,1,0,1,0,0,0,0,,0,0,0,0,0,0,0,0,1,0,0,0,0,0,0,0,,,,,,26-30,26-35,State route,U,Wednesday,,MHTRUCK,Not Fatal,1,0,0,0,State Route,Municipal/City Police,Kent Police Department,0,1,0,0,0,,,,,,0.0,0.0,0.0,,,,,,,,,,,98.0,98.0,98.0,0.0,,,,,20.0,7.0,,,,,,,,,,,,,,,,98032,Bonney Lake,Kent
2097,2140,2140,2019,353,E968196,1.0,2019-10-04,10:52,4,10,,21,Franklin,0,1,0.0,1,1,1,1,0,1,1,,,,1,0,0,41.8,1,0,1,3,1,1,2,0,0,0,0,US-395,,-119.0401611,46.419797222,0,1,1,12,2,70,34,0,0,1,2,1,1,2,2,2,1,1,3,16,0,12,481,2001,0,0.0,64,69.0,63.0,1.0,,,1,1,21,1,7.0,,4,7,20,7,11,0,10/04/2019,10:52,53043686.0,43686.0,0.0,0.0,0.0,3.0,1,58,0.0,0.0,0.0,92,,,,,,9,,,,,,31210,13,72.0,180.0,6.0,1.0,0.0,2.0,98.0,2.0,,0,,,,,,0,05/15/2017,09/15/2019,20,1,9,0,0.0,9,8,,,0,0.0,0.0,1,9,2.0,605.0,695.0,,1.0,1.0,,2,1,0.0,,,,,,,,,,,,,,,,,,,,,,,,,,,,,,0,0,1,0,0,0,1,1,1,0,0,0,0,0,0,0,1,0,0,1,0,0,0,1,1,0,0,0,0,1,0,0,0,1,0,,1,0,0,0,0,0,1,1,1,0,0,0,0,0,1,0,,,,,,21-25,16-25,US highway,R,Friday,Not Used,PV,White,0,0,0,0,State Route,State Patrol,Washington State Patrol,0,1,0,0,0,thc,2.9,carboxy-thc,7.2,,0.0,0.0,0.0,,,,,,,,,,,98.0,98.0,98.0,1.0,,,,,20.0,7.0,,,,,,,,,,,,,,,,99301,Macon,Pasco
2098,2141,2141,2019,354,E968352,1.0,2019-09-30,1:29,30,9,,13,Columbia,0,1,0.0,2,2,2,1,0,1,1,,,,1,0,0,367.6,1,0,1,3,1,1,2,0,0,0,0,US-12,,-117.9517528,46.356758333,0,1,6,12,2,60,66,2,0,1,7,1,2,2,2,1,14,1,3,16,0,82,881,1998,0,0.0,68,64.0,1.0,,,,1,1,80,1,7.0,,4,7,3,0,11,0,09/30/2019,1:29,53044078.0,44078.0,6.0,3.0,0.0,3.0,1,0,0.0,0.0,0.0,96,,,,,,99,,,,,,83536,16,72.0,180.0,6.0,1.0,0.0,0.0,0.0,1.0,,0,,,,,,4,11/15/2016,11/15/2016,20,2,9,0,1.0,9,8,,,0,0.0,0.0,8,0,2.0,1.0,,,1.0,,,2,1,0.0,,,,,,,,,,,,,,,,,,,,,,,,,,,,,,0,0,1,0,0,0,0,0,0,0,0,0,1,0,0,0,0,0,0,0,0,0,0,0,0,1,1,1,0,0,1,0,0,0,0,,0,1,0,0,0,0,0,0,0,1,0,0,0,0,0,0,,,,,,76-80,76+,US highway,R,Monday,,MHTRUCK,White,0,1,0,0,State Route,State Patrol,Washington State Patrol,1,1,0,0,0,,,,,,0.0,0.0,0.0,,,,,,,,,,,0.0,0.0,0.0,1.0,,,,,20.0,7.0,,,,,,,,,,,,,,,,99328,Kamiah,Dayton
2099,2142,2142,2019,355,E968513,2.0,2019-10-07,0:44,7,10,,57,Skagit,0,10,0.0,2,1,2,1,0,2,2,,,,12,0,2,2.4,1,0,1,5,1,2,4,0,0,0,0,CR-ALGER CAIN LAKE RD,,-122.3182361,48.640769444,0,1,50,10,2,45,21,0,0,1,7,12,2,1,2,1,14,1,3,53,0,12,461,2002,0,0.0,68,12.0,,,,,1,1,31,1,0.0,,0,0,3,0,11,0,,,,,0.0,0.0,0.0,3.0,1,28,0.0,0.0,0.0,96,,,,,,9,,,,,,98266,53,76.0,180.0,6.0,1.0,0.0,1.0,0.0,2.0,,1,,,,,,0,06/15/2015,10/15/2018,1,0,0,0,8.0,9,8,,,0,0.0,0.0,8,1,2.0,695.0,605.0,,1.0,1.0,,2,1,0.12,,,,,,,,,,,,,,,,,,,,,,,,,,,,,,0,0,0,0,1,1,1,1,1,0,0,0,0,0,0,0,0,0,0,1,0,0,0,0,0,0,0,0,0,1,0,0,0,0,0,,0,0,0,0,0,1,1,1,0,0,0,0,0,0,0,1,,,,,,31-35,26-35,County road,R,Monday,Belt Used,PV,Not Fatal,0,1,1,0,County Road,State Patrol,Washington State Patrol,0,0,1,0,0,thc,6.1,carboxy-thc,30.0,,0.0,0.0,4.0,,,,,,,,,,,98.0,98.0,98.0,0.0,,,,,20.0,7.0,,,,,,,,,,,,,,,,98284,Maple Falls,Sedro Woolley