,index,Unnamed: 0,year,case,par,repjur,crash_dt,crash_tm,accday,accmon,holiday,county,co_char,city,weather,weather2,lightcond,surfcond,surftype,numfatal,nmforms,pforms,vforms,not_tm,arr_tm,hosp_tm,fhevent,hitrun,manncol,milepnt,reljunc,reljuncinter,intersectiontype,funcsystem,landuse,ownership,route,schlbus,spejur,contdev,devfunc,trafid1,trafid2,lon,lat,wk_zone,vnumber,crashtype,criticalevent,criticaleventcat,spdlim,body,trailer,emerg,hazcargo,leave,mhevent,roadalgn,roadprof,traflane,trafflow,vehmanvr,numoccs,regowner,regstate,spuse,make,model,modelyr,vrf1,vrf2,seqevent1,seqevent2,seqevent3,seqevent4,seqevent5,seqevent6,pnumber,ptype,age,sex,hispanic,race,injury,diedscene,restraint,restraintmisuse,seatpos,takehosp,death_dt,death_tm,cert,cernum_wa,commlic,licendor,licrestrict,liccomp,drivpres,drf1,drf2,drf3,drf4,distract1,distract2,distract3,distract4,distract5,distract6,dricond1,dricond2,dricond3,dricond4,dricond5,dricond6,dzip,licstate,drhgt_in,weight,noncdl,noncdltype,prevdwi,prevoth,prevacc,prevspd,prevsus,driviol1,driviol2,driviol3,driviol4,driviol5,driviol6,spdrel,first_dt,last_dt,airbag,ejection,ejectpath,extricat,injurwrk,methalc,methdrug,nmlocat,strikveh,prf1,prf2,prf3,druginv,alcinvol,drugsts,drugres1,drugres2,drugres3,drugtst1,drugtst2,drugtst3,alcsts,alctst,alcres,nmact1,nmact2,nmact3,nmact4,nmact5,nmact6,nmprior1,nmprior2,nmprior3,nmprior4,nmprior5,nmprior6,nmcond1,nmcond2,nmcond3,nmcond4,nmcond5,nmcond6,nmsafe_helmet,nmsafe_pads,nmsafe_oth,nmprev_ref,nmprev_lgt,nmprev_oth,crashlocation,nmcrashtype,crosswalk,schoolzone,sidewalk,train_inv,wildlife_inv,rotr_fars,intersect_fars,dd_inv,aid_inv,dpd_inv,id_inv,mj_inv,impnm_inv,ainm_inv,dpnm_inv,speed_inv,unlic_inv,unendmc_inv,drowsy_inv,drdist_inv,nmdist_inv,fty_inv,unrestfat_inv,dr1617_inv,dr1820_inv,dr1620_inv,dr2125_inv,dr1625_inv,dr65_inv,dr70_inv,dr75_inv,mc_inv,pv_inv,ht_inv,ped_inv,bike_inv,unrest_fat,mc_fat,unhelmet_mc,pv_fat,ht_fat,ped_fat,bike_fat,dr_alc7,dr_alc8,dr_drug,dr_imp,dr_dist,dr_spd,dr_fty,dr_unlic,dr_alc7only,dr_alc8only,dr_drugonly,dr_drink,nm_imp,nm_alc7,nm_alc8,nm_drug,nm_dist,agegrp1,agegrp2,roadclass,urbrur,dayweek,restuse,vehtype,race_me,intersect,lanedep,oppdir,wrongway,rep_typ,investag,repag_long,rotr,st_rd,cty_rd,city_rd,oth_rd,drug_thc,thc_res,drug_cthc,cthc_res,drug_cann,prevpersemin,prevperse,prevsusoth,drugtst4,drugtst5,drugtst6,drugtst7,drugtst8,drugres4,drugres5,drugres6,drugres7,drugres8,adspresent,adsengaged,adslevel,race1,race2,race3,race4,race5,helmet,helmetmisuse,nmdistract1,nmdistract2,nmdistract3,nmdistract4,nmdistract5,nmdistract6,lab,isedtcase,crf1,crf2,crf3,CoRoadName,CoMP,IntCoRoadName,IntCoMP,crashzip,dcity,crashcity
2100,2143,2143,2019,355,E968513,2.0,2019-10-07,0:44,7,10,,57,Skagit,0,10,0.0,2,1,2,1,0,2,2,,,,12,0,2,2.4,1,0,1,5,1,2,4,0,0,0,0,CR-ALGER CAIN LAKE RD,,-122.3182361,48.640769444,0,2,51,62,4,45,4,0,0,1,7,12,3,1,2,1,14,1,1,53,0,41,35,1998,0,0.0,12,,,,,,1,1,62,1,7.0,,4,7,20,7,11,0,10/07/2019,0:44,53044504.0,44504.0,0.0,0.0,3.0,3.0,1,0,0.0,0.0,0.0,96,,,,,,99,,,,,,98248,53,71.0,260.0,6.0,1.0,0.0,7.0,3.0,1.0,,0,,,,,,0,06/15/2016,08/15/2018,8,0,0,0,1.0,9,8,,,0,0.0,0.0,8,9,2.0,1.0,,,1.0,,,2,1,0.0,,,,,,,,,,,,,,,,,,,,,,,,,,,,,,0,0,0,0,1,1,1,1,1,0,0,0,0,0,0,0,0,0,0,1,0,0,0,0,0,0,0,0,0,1,0,0,0,1,0,,1,0,0,0,0,0,0,0,0,0,0,0,0,0,0,0,,,,,,61-65,56-65,County road,R,Monday,Not Used,PV,Multiracial,0,1,1,0,County Road,State Patrol,Washington State Patrol,0,0,1,0,0,,,,,,0.0,0.0,0.0,,,,,,,,,,,0.0,0.0,0.0,201.0,298.0,,,,20.0,7.0,,,,,,,,,,,,,,,,98284,Ferndale,Sedro Woolley
2101,2144,2144,2019,356,E969027,25.0,2019-10-04,22:00,4,10,,33,King,0,99,0.0,9,99,4,1,0,1,1,,,,1,0,0,0.0,1,0,1,96,6,96,8,0,0,0,0,SE HUDSON RD - PRIVATE,,-121.8835222,47.317933333,0,1,98,13,2,98,34,0,0,1,7,3,3,3,8,1,13,1,2,53,0,12,471,1994,0,0.0,63,1.0,3.0,,,,1,1,65,1,7.0,,4,7,20,7,11,0,10/04/2019,22:00,53050085.0,50085.0,0.0,0.0,3.0,3.0,1,31,0.0,0.0,0.0,96,,,,,,99,,,,,,98051,53,72.0,195.0,6.0,1.0,0.0,0.0,0.0,0.0,,0,,,,,,0,,,20,2,9,0,0.0,9,8,,,0,0.0,0.0,8,9,2.0,695.0,605.0,,1.0,1.0,,2,1,0.19,,,,,,,,,,,,,,,,,,,,,,,,,,,,,,0,0,0,0,1,1,1,1,1,0,0,0,0,0,0,0,0,0,0,1,0,0,0,0,0,1,0,0,0,1,0,0,0,1,0,,1,0,0,0,0,1,1,1,0,0,0,0,0,0,0,1,,,,,,61-65,56-65,Other,,Friday,Not Used,PV,White,0,1,0,0,Other,County Sheriff,King County Police,1,0,0,0,1,thc,5.9,carboxy-thc,5.2,,0.0,0.0,0.0,,,,,,,,,,,0.0,0.0,0.0,1.0,,,,,20.0,7.0,,,,,,,,,,,,,,,,98051,Ravensdale,Ravensdale
2102,2145,2145,2019,357,3796019,263.0,2019-10-08,7:05,8,10,,33,King,1960,1,0.0,4,1,1,1,0,3,2,,,,12,0,6,0.0,2,0,3,7,2,4,6,0,0,0,0,AIRPORT WAY S,S HINDS ST,-122.3216472,47.573519444,0,1,64,10,2,30,14,0,0,1,2,12,2,1,5,2,14,2,5,53,0,42,402,2011,0,0.0,68,12.0,,,,,1,1,24,1,7.0,,4,7,99,7,11,0,10/08/2019,7:06,196053046088.0,46088.0,0.0,0.0,0.0,0.0,1,28,0.0,0.0,0.0,96,,,,,,99,,,,,,98124,53,,999.0,0.0,0.0,99.0,99.0,99.0,99.0,,0,,,,,,3,,,1,1,9,0,0.0,9,8,,,0,0.0,0.0,8,9,2.0,401.0,417.0,,1.0,1.0,,2,1,0.0,,,,,,,,,,,,,,,,,,,,,,,,,,,,,,0,0,0,1,0,0,1,1,0,0,0,0,1,1,0,0,0,0,0,0,0,0,0,1,1,0,0,0,0,1,1,0,0,0,0,,1,0,0,0,0,0,1,1,0,1,0,1,0,0,1,0,,,,,,21-25,16-25,City street,U,Tuesday,Unknown,PV,AIAN,0,1,1,0,City Street,Municipal/City Police,Seattle Police Department,0,0,0,1,0,,,,,,99.0,99.0,99.0,,,,,,,,,,,98.0,98.0,98.0,3.0,,,,,20.0,7.0,,,,,,,,,,,,,,,,98134,Seattle,Seattle
2103,2146,2146,2019,357,3796019,263.0,2019-10-08,7:05,8,10,,33,King,1960,1,0.0,4,1,1,1,0,3,2,,,,12,0,6,0.0,2,0,3,7,2,4,6,0,0,0,0,AIRPORT WAY S,S HINDS ST,-122.3216472,47.573519444,0,2,65,62,4,30,66,1,0,1,2,12,2,1,5,1,14,1,3,37,0,82,881,2020,0,0.0,12,,,,,,1,1,57,1,0.0,,1,0,3,0,11,8,,,,,6.0,1.0,0.0,3.0,1,0,0.0,0.0,0.0,96,,,,,,0,,,,,,98391,53,72.0,214.0,6.0,1.0,0.0,0.0,0.0,0.0,,0,,,,,,0,,,20,0,0,0,8.0,9,8,,,0,0.0,0.0,8,0,8.0,95.0,,,96.0,,,8,95,995.0,,,,,,,,,,,,,,,,,,,,,,,,,,,,,,0,0,0,1,0,0,1,1,0,0,0,0,1,1,0,0,0,0,0,0,0,0,0,1,1,0,0,0,0,1,1,0,0,0,0,,0,0,0,0,0,0,0,0,0,0,0,0,0,0,0,0,,,,,,56-60,56-65,City street,U,Tuesday,,MHTRUCK,Not Fatal,0,1,1,0,City Street,Municipal/City Police,Seattle Police Department,0,0,0,1,0,,,,,,0.0,0.0,0.0,,,,,,,,,,,98.0,98.0,98.0,0.0,,,,,20.0,7.0,,,,,,,,,,,,,,,,98134,Bonney Lake,Seattle
2104,2147,2147,2019,358,E969643,3.0,2019-09-28,2:27,28,9,,53,Pierce,0,2,0.0,3,2,2,1,1,2,1,,,,15,0,0,50.4,1,0,1,3,2,1,3,0,0,0,0,SR-7,,-122.4347389,47.127725,0,1,13,83,5,35,61,0,2,1,5,15,1,1,5,5,1,2,3,53,6,12,870,2018,0,0.0,15,,,,,,1,1,26,2,0.0,,0,0,3,0,11,0,,,,,0.0,0.0,3.0,3.0,1,0,0.0,0.0,0.0,96,,,,,,0,,,,,,98198,53,61.0,127.0,6.0,1.0,0.0,0.0,0.0,0.0,,0,,,,,,0,,,20,0,0,0,8.0,9,8,,,0,0.0,0.0,8,0,2.0,1.0,,,1.0,,,2,1,0.0,,,,,,,,,,,,,,,,,,,,,,,,,,,,,,0,0,0,0,0,0,0,0,0,1,1,0,0,0,0,0,0,0,0,0,0,0,0,0,0,0,0,0,0,0,1,1,0,0,0,,0,0,0,0,0,0,0,0,0,0,0,0,0,0,0,0,,,,,,26-30,26-35,State route,U,Saturday,,MHTRUCK,Not Fatal,0,0,0,0,State Route,State Patrol,Washington State Patrol,0,1,0,0,0,,,,,,0.0,0.0,0.0,,,,,,,,,,,98.0,98.0,98.0,0.0,,,,,20.0,7.0,,,,,,,,,,,,,,,,98444,Seattle,Tacoma
2105,2148,2148,2019,359,E970645,25.0,2019-09-30,2:20,30,9,,33,King,0,1,0.0,3,99,5,1,0,1,1,,,,3,0,0,0.0,3,0,3,7,1,2,4,0,0,20,3,CR-37TH AVE S,STAR LAKE RD,-122.2865611,47.352547222,0,1,0,14,2,25,4,0,0,1,7,3,1,2,2,1,1,1,2,53,0,42,42,2015,0,0.0,71,3.0,,,,,1,1,20,8,7.0,,4,7,99,7,11,0,09/30/2019,2:20,53044541.0,44541.0,0.0,0.0,0.0,3.0,1,39,0.0,0.0,0.0,96,,,,,,99,,,,,,98002,53,66.0,170.0,6.0,1.0,0.0,1.0,2.0,1.0,,0,,,,,,0,11/15/2017,03/15/2018,20,0,0,0,0.0,9,8,,,0,0.0,0.0,8,9,2.0,605.0,695.0,,1.0,1.0,,2,1,0.179,,,,,,,,,,,,,,,,,,,,,,,,,,,,,,0,0,0,1,1,1,1,1,1,0,0,0,0,0,0,0,0,0,0,0,0,1,1,0,1,0,0,0,0,1,0,0,0,0,0,,1,0,0,0,0,1,1,1,0,0,0,0,0,0,0,1,,,,,,18-20,16-25,County road,R,Monday,Unknown,PV,API,0,1,0,0,Other,County Sheriff,King County Police,1,0,0,0,1,thc,4.5,carboxy-thc,26.0,,0.0,0.0,0.0,,,,,,,,,,,98.0,98.0,98.0,68.0,,,,,20.0,7.0,,,,,,,nms,,,,,,,,,98001,Auburn,Auburn
2106,2149,2149,2019,360,E970646,25.0,2019-10-04,18:43,4,10,,33,King,0,1,0.0,5,1,2,1,1,1,1,,,,8,0,0,1.9,1,0,1,5,2,2,4,0,0,0,0,CR-RENTON AVE S,,-122.2455056,47.496972222,0,1,13,80,5,25,34,0,0,1,5,8,1,2,3,3,1,1,2,53,0,12,481,2000,0,0.0,8,,,,,,1,1,66,8,0.0,,0,0,3,0,11,0,,,,,0.0,0.0,0.0,0.0,1,10,0.0,0.0,0.0,96,,,,,,0,,,,,,98002,53,66.0,170.0,3.0,1.0,0.0,1.0,2.0,1.0,,72,75.0,,,,,0,11/15/2017,03/15/2018,20,0,0,0,8.0,9,8,,,0,0.0,0.0,8,0,8.0,95.0,,,96.0,,,8,95,995.0,,,,,,,,,,,,,,,,,,,,,,,,,,,,,,0,0,0,0,0,0,0,0,0,0,0,0,0,1,0,0,0,0,0,0,0,0,0,0,0,1,0,0,0,1,0,1,0,0,0,,0,0,0,0,0,0,0,0,0,0,0,1,0,0,0,0,,,,,,66-70,66-75,County road,U,Friday,Belt Used,PV,Not Fatal,0,0,0,0,County Road,County Sheriff,King County Police,0,0,1,0,0,,,,,,0.0,0.0,0.0,,,,,,,,,,,98.0,98.0,98.0,0.0,,,,,20.0,7.0,,,,,,,,,,,,,,,,98178,Auburn,Seattle
2107,2150,2150,2019,361,E970674,14.0,2019-10-08,8:32,8,10,,11,Clark,0,10,0.0,1,1,2,1,1,1,1,,,,9,0,0,0.3,2,0,2,3,1,2,4,0,0,0,0,CR-NE 9TH ST,NE 167TH AVE,-122.5003889,45.628411111,0,1,13,84,5,25,34,0,0,1,7,9,1,1,2,1,1,1,1,53,0,7,482,2015,0,0.0,9,,,,,,1,1,45,1,0.0,,0,0,3,0,11,0,,,,,0.0,0.0,0.0,0.0,1,0,0.0,0.0,0.0,93,,,,,,0,,,,,,98684,53,69.0,185.0,0.0,0.0,0.0,0.0,0.0,1.0,,97,,,,,,0,06/15/2018,06/15/2018,20,0,0,0,8.0,9,2,,,0,0.0,0.0,0,0,2.0,1.0,,,1.0,,,2,1,0.0,,,,,,,,,,,,,,,,,,,,,,,,,,,,,,0,0,0,1,0,0,0,0,0,0,0,0,0,1,0,0,1,0,0,0,0,0,0,0,0,0,0,0,0,1,0,0,1,0,0,,0,0,0,0,0,0,0,0,1,0,0,1,0,0,0,0,,,,,,41-45,36-45,County road,R,Tuesday,Belt Used,PV,Not Fatal,1,0,0,0,County Road,County Sheriff,Clark County Sheriff's Office,0,0,1,0,0,,,,,,0.0,0.0,0.0,,,,,,,,,,,98.0,98.0,98.0,0.0,,,,,20.0,7.0,,,,,,,,,,,,,,,,98684,Vancouver,Vancouver
2108,2151,2151,2019,362,E970943,33.0,2019-04-10,13:46,10,4,,49,Pacific,0,10,0.0,1,2,2,1,0,1,2,,,,14,0,0,0.7,1,0,1,7,1,2,4,0,0,0,0,CR-U ST,,-124.0446694,46.4761,0,1,11,6,1,35,2,0,0,1,7,14,1,1,2,1,1,1,1,53,0,13,2,1994,0,0.0,68,68.0,63.0,14.0,,,1,1,55,1,7.0,,4,0,1,0,11,8,04/20/2019,15:57,165041011806.0,,0.0,0.0,3.0,2.0,1,0,0.0,0.0,0.0,96,,,,,,99,,,,,,98631,53,68.0,205.0,1.0,1.0,1.0,2.0,1.0,0.0,,0,,,,,,3,03/15/2016,06/15/2017,20,0,0,0,0.0,9,8,,,0,0.0,0.0,8,9,8.0,95.0,,,96.0,,,8,95,995.0,,,,,,,,,,,,,,,,,,,,,,,,,,,,,,0,0,0,0,0,0,0,0,0,0,0,0,1,1,0,0,0,0,0,0,0,0,0,0,0,0,0,0,0,1,1,0,0,0,0,,1,0,0,0,0,0,0,0,0,1,0,1,0,0,0,0,,,,,,51-55,46-55,County road,R,Wednesday,Belt Used,PV,White,0,1,0,0,County Road,County Sheriff,Pacific County Sheriff's Office,1,0,1,0,0,,,,,,0.0,1.0,2.0,,,,,,,,,,,0.0,0.0,0.0,1.0,,,,,20.0,7.0,,,,,,,,,,,,,,,,98640,Long Beach,Ocean Park
2109,2152,2152,2019,363,E970986,278.0,2019-10-15,18:53,15,10,,63,Spokane,2110,1,0.0,3,1,2,1,0,5,2,,,,12,0,6,0.0,2,0,2,7,2,4,6,0,0,0,0,N INDIAN TRAIL RD,W LOWELL AVE,-117.4833139,47.737175,0,1,83,67,4,35,80,0,0,1,5,12,1,1,4,1,1,1,1,53,0,73,706,2009,0,0.0,12,,,,,,1,1,36,1,7.0,,4,7,20,7,11,0,10/15/2019,18:53,211053045995.0,45995.0,0.0,0.0,0.0,2.0,1,0,0.0,0.0,0.0,96,,,,,,99,,,,,,99205,53,74.0,195.0,1.0,1.0,0.0,1.0,0.0,3.0,,0,,,,,,3,08/15/2015,02/15/2019,20,8,0,0,0.0,9,8,,,0,0.0,0.0,8,9,2.0,128.0,177.0,401.0,1.0,1.0,1.0,2,1,0.0,,,,,,,,,,,,,,,,,,,,,,,,,,,,,,0,0,0,1,0,0,1,1,0,0,0,0,1,1,1,0,0,0,0,0,0,0,0,0,0,0,0,0,1,1,0,0,0,0,1,0.0,0,0,0,0,0,0,1,1,0,1,0,1,0,0,1,0,,,,,,36-40,36-45,City street,U,Tuesday,,MC,White,1,0,0,0,City Street,Municipal/City Police,Spokane Police Department,0,0,0,1,0,,,,,,0.0,0.0,0.0,1.0,,,,,417.0,,,,,0.0,0.0,0.0,1.0,,,,,19.0,0.0,,,,,,,,,,,,,,,,99208,Spokane,Spokane
2110,2153,2153,2019,363,E970986,278.0,2019-10-15,18:53,15,10,,63,Spokane,2110,1,0.0,3,1,2,1,0,5,2,,,,12,0,6,0.0,2,0,2,7,2,4,6,0,0,20,3,N INDIAN TRAIL RD,W LOWELL AVE,-117.4833139,47.737175,0,2,82,15,2,98,14,0,0,1,5,12,1,1,4,1,11,4,1,53,0,41,402,2005,0,0.0,12,,,,,,1,1,44,1,0.0,,0,0,3,0,11,0,,,,,0.0,0.0,0.0,3.0,1,0,0.0,0.0,0.0,96,,,,,,0,,,,,,99205,53,70.0,180.0,6.0,1.0,0.0,0.0,0.0,0.0,,0,,,,,,0,,,20,0,0,0,8.0,9,8,,,0,0.0,0.0,8,0,8.0,95.0,,,96.0,,,8,95,995.0,,,,,,,,,,,,,,,,,,,,,,,,,,,,,,0,0,0,1,0,0,1,1,0,0,0,0,1,1,1,0,0,0,0,0,0,0,0,0,0,0,0,0,1,1,0,0,0,0,0,,0,0,0,0,0,0,0,0,0,0,0,0,0,0,0,0,,,,,,41-45,36-45,City street,U,Tuesday,Belt Used,PV,Not Fatal,1,0,0,0,City Street,Municipal/City Police,Spokane Police Department,0,0,0,1,0,,,,,,0.0,0.0,0.0,,,,,,,,,,,98.0,98.0,98.0,0.0,,,,,20.0,7.0,,,,,,,,,,,,,,,,99208,Spokane,Spokane
2111,2154,2154,2019,364,E971402,305.0,2019-10-15,20:21,15,10,,11,Clark,2370,1,0.0,3,1,2,1,1,2,1,,,,15,0,0,0.0,3,0,2,3,2,4,6,0,0,3,3,SE MILL PLAIN BLVD,SE CHKALOV DR,-122.5547722,45.620944444,0,1,13,83,5,40,4,0,0,1,7,15,1,1,5,3,1,2,1,53,0,59,35,2002,0,0.0,15,,,,,,1,1,55,1,0.0,,0,0,3,0,11,0,,,,,0.0,0.0,0.0,3.0,1,0,0.0,0.0,0.0,96,,,,,,0,,,,,,98683,53,73.0,190.0,6.0,1.0,0.0,0.0,0.0,1.0,,0,,,,,,0,08/15/2017,08/15/2017,20,0,0,0,8.0,9,8,,,0,0.0,0.0,8,0,2.0,1.0,,,1.0,,,2,1,0.0,,,,,,,,,,,,,,,,,,,,,,,,,,,,,,0,0,0,1,0,0,0,0,0,0,0,0,0,0,0,0,0,0,0,0,0,0,0,0,0,0,0,0,0,1,0,1,0,0,0,,0,0,0,0,0,0,0,0,0,0,0,0,0,0,0,0,,,,,,51-55,46-55,City street,U,Tuesday,Belt Used,PV,Not Fatal,1,0,0,0,City Street,Municipal/City Police,Vancouver Police Department,0,0,0,1,0,,,,,,0.0,0.0,0.0,,,,,,,,,,,98.0,98.0,98.0,0.0,,,,,20.0,7.0,,,,,,,,,,,,,,,,98684,Vancouver,Vancouver
2112,2155,2155,2019,365,E971389,122.0,2019-10-12,17:10,12,10,,61,Snohomish,690,10,0.0,1,1,2,1,0,1,1,,,,52,0,0,4.0,1,0,1,3,2,1,3,0,0,0,0,SR-526,,-122.2171861,47.922311111,0,1,1,13,2,55,4,0,0,1,7,52,1,1,3,3,1,1,2,53,0,37,31,1992,0,0.0,63,52.0,,,,,1,1,30,1,7.0,,4,0,3,0,11,8,10/15/2019,18:20,69053046437.0,46437.0,0.0,0.0,3.0,2.0,1,0,0.0,0.0,0.0,96,,,,,,99,,,,,,98258,53,75.0,215.0,1.0,1.0,1.0,0.0,0.0,1.0,,0,,,,,,0,04/15/2018,04/15/2018,1,0,0,0,0.0,9,8,,,0,0.0,0.0,8,9,2.0,417.0,351.0,313.0,1.0,1.0,1.0,2,1,0.0,,,,,,,,,,,,,,,,,,,,,,,,,,,,,,0,0,1,0,0,0,1,1,0,0,0,0,0,1,0,0,0,0,0,0,0,0,0,0,0,0,0,0,0,1,0,0,0,0,0,,1,0,0,0,0,0,1,1,0,0,0,1,0,0,1,0,,,,,,26-30,26-35,State route,U,Saturday,Belt Used,PV,White,0,1,0,0,State Route,Municipal/City Police,Everett Police Department,1,1,0,0,0,,,,,,0.0,0.0,1.0,1.0,1.0,1.0,,,300.0,348.0,151.0,996.0,996.0,0.0,0.0,0.0,1.0,,,,,20.0,7.0,,,,,,,,,,,,,,,,98203,Lake Stevens,Everett
2113,2156,2156,2019,366,E971669,25.0,2019-10-16,10:40,16,10,,33,King,0,2,0.0,1,2,2,1,0,2,2,,,,12,0,2,2.3,1,0,1,4,1,2,4,0,0,0,0,CR-PRESTON FALL CITY RD,,-121.906625,47.541480556,0,1,50,10,2,98,34,0,0,1,7,12,1,1,2,1,1,1,1,53,0,49,471,1993,0,0.0,68,12.0,,,,,1,1,32,1,0.0,,3,0,3,0,11,5,,,,,0.0,0.0,3.0,2.0,1,28,0.0,0.0,0.0,96,,,,,,99,,,,,,98024,53,73.0,220.0,1.0,1.0,0.0,3.0,2.0,1.0,,97,,,,,,0,10/15/2014,05/15/2019,20,0,0,0,8.0,9,8,,,0,0.0,0.0,8,9,8.0,95.0,,,96.0,,,8,95,995.0,,,,,,,,,,,,,,,,,,,,,,,,,,,,,,0,0,0,0,0,0,0,0,0,0,0,0,0,1,0,0,0,0,0,0,0,0,0,0,0,1,0,0,0,1,0,0,0,0,0,,0,0,0,0,0,0,0,0,0,0,0,1,0,0,0,0,,,,,,31-35,26-35,County road,R,Wednesday,Belt Used,PV,Not Fatal,0,1,1,0,County Road,County Sheriff,King County Police,0,0,1,0,0,,,,,,0.0,0.0,9.0,,,,,,,,,,,0.0,0.0,0.0,0.0,,,,,20.0,7.0,,,,,,,,,,,,,,,,98024,Fall City,Fall City
2114,2157,2157,2019,366,E971669,25.0,2019-10-16,10:40,16,10,,33,King,0,2,0.0,1,2,2,1,0,2,2,,,,12,0,2,2.3,1,0,1,4,1,2,4,0,0,0,0,CR-PRESTON FALL CITY RD,,-121.906625,47.541480556,0,2,51,62,4,40,4,0,0,1,7,12,1,1,2,1,1,1,2,53,0,59,32,2006,0,0.0,12,,,,,,1,1,68,1,7.0,,4,7,3,0,11,0,10/16/2019,10:40,53045925.0,45925.0,0.0,0.0,0.0,3.0,1,0,0.0,0.0,0.0,96,,,,,,99,,,,,,85123,4,67.0,170.0,6.0,1.0,0.0,0.0,0.0,0.0,,0,,,,,,0,,,8,0,0,0,0.0,9,8,,,0,0.0,0.0,8,9,2.0,1.0,,,1.0,,,2,1,0.0,,,,,,,,,,,,,,,,,,,,,,,,,,,,,,0,0,0,0,0,0,0,0,0,0,0,0,0,1,0,0,0,0,0,0,0,0,0,0,0,1,0,0,0,1,0,0,0,0,0,,1,0,0,0,0,0,0,0,0,0,0,0,0,0,0,0,,,,,,66-70,66-75,County road,R,Wednesday,Belt Used,PV,White,0,1,1,0,County Road,County Sheriff,King County Police,0,0,1,0,0,,,,,,0.0,0.0,0.0,,,,,,,,,,,98.0,98.0,98.0,1.0,,,,,20.0,7.0,,,,,,,,,,,,,,,,98024,Arizona City,Fall City
2115,2158,2158,2019,367,E959018,330.0,2019-09-09,8:32,9,9,,77,Yakima,2590,10,0.0,1,1,2,1,0,3,2,,,,12,0,6,0.0,2,0,3,7,2,4,6,0,0,20,3,S 16TH AVE,GRANT ST,-120.5303333,46.582472222,0,1,82,15,2,25,4,0,0,1,7,12,1,1,8,1,11,2,1,53,0,49,43,2004,0,0.0,12,,,,,,1,1,36,1,0.0,,1,0,3,0,11,8,,,,,0.0,0.0,3.0,3.0,1,38,0.0,0.0,0.0,96,,,,,,0,,,,,,98902,53,71.0,150.0,6.0,1.0,0.0,0.0,0.0,0.0,,46,,,,,,0,01/15/2018,01/15/2018,20,0,0,0,8.0,9,8,,,0,0.0,0.0,8,0,8.0,95.0,,,96.0,,,8,95,995.0,,,,,,,,,,,,,,,,,,,,,,,,,,,,,,0,0,0,1,0,0,0,0,0,0,0,0,0,0,0,0,0,0,1,0,0,0,0,0,0,1,1,1,0,1,0,0,0,0,0,,0,0,0,0,0,0,0,0,0,0,1,0,0,0,0,0,,,,,,36-40,36-45,City street,U,Monday,Belt Used,PV,Not Fatal,1,0,0,0,City Street,Municipal/City Police,Yakima Police Department,0,0,0,1,0,,,,,,0.0,0.0,1.0,,,,,,,,,,,98.0,98.0,98.0,0.0,,,,,20.0,7.0,,,,,,,,,,,,,,,,98902,Yakima,Yakima
2116,2159,2159,2019,367,E959018,330.0,2019-09-09,8:32,9,9,,77,Yakima,2590,10,0.0,1,1,2,1,0,3,2,,,,12,0,6,0.0,2,0,3,7,2,4,6,0,0,0,0,S 16TH AVE,GRANT ST,-120.5303333,46.582472222,0,2,83,67,4,35,4,0,0,1,7,12,1,1,5,5,1,1,1,53,0,6,16,1992,0,0.0,12,,,,,,1,1,84,1,7.0,,4,0,3,0,11,4,09/20/2019,9:16,259053042068.0,42068.0,0.0,0.0,3.0,3.0,1,0,0.0,0.0,0.0,96,,,,,,0,,,,,,98903,53,71.0,250.0,6.0,1.0,0.0,0.0,0.0,0.0,,0,,,,,,0,03/15/2017,03/15/2017,20,0,0,0,0.0,9,8,,,0,0.0,0.0,8,0,8.0,95.0,,,96.0,,,8,95,995.0,,,,,,,,,,,,,,,,,,,,,,,,,,,,,,0,0,0,1,0,0,0,0,0,0,0,0,0,0,0,0,0,0,1,0,0,0,0,0,0,1,1,1,0,1,0,0,0,0,0,,1,0,0,0,0,0,0,0,0,0,0,0,0,0,0,0,,,,,,81+,76+,City street,U,Monday,Belt Used,PV,White,1,0,0,0,City Street,Municipal/City Police,Yakima Police Department,0,0,0,1,0,,,,,,0.0,0.0,1.0,,,,,,,,,,,0.0,0.0,0.0,1.0,,,,,20.0,7.0,,,,,,,,,,,,,,,,98902,Yakima,Yakima