,index,Unnamed: 0,year,case,par,repjur,crash_dt,crash_tm,accday,accmon,holiday,county,co_char,city,weather,weather2,lightcond,surfcond,surftype,numfatal,nmforms,pforms,vforms,not_tm,arr_tm,hosp_tm,fhevent,hitrun,manncol,milepnt,reljunc,reljuncinter,intersectiontype,funcsystem,landuse,ownership,route,schlbus,spejur,contdev,devfunc,trafid1,trafid2,lon,lat,wk_zone,vnumber,crashtype,criticalevent,criticaleventcat,spdlim,body,trailer,emerg,hazcargo,leave,mhevent,roadalgn,roadprof,traflane,trafflow,vehmanvr,numoccs,regowner,regstate,spuse,make,model,modelyr,vrf1,vrf2,seqevent1,seqevent2,seqevent3,seqevent4,seqevent5,seqevent6,pnumber,ptype,age,sex,hispanic,race,injury,diedscene,restraint,restraintmisuse,seatpos,takehosp,death_dt,death_tm,cert,cernum_wa,commlic,licendor,licrestrict,liccomp,drivpres,drf1,drf2,drf3,drf4,distract1,distract2,distract3,distract4,distract5,distract6,dricond1,dricond2,dricond3,dricond4,dricond5,dricond6,dzip,licstate,drhgt_in,weight,noncdl,noncdltype,prevdwi,prevoth,prevacc,prevspd,prevsus,driviol1,driviol2,driviol3,driviol4,driviol5,driviol6,spdrel,first_dt,last_dt,airbag,ejection,ejectpath,extricat,injurwrk,methalc,methdrug,nmlocat,strikveh,prf1,prf2,prf3,druginv,alcinvol,drugsts,drugres1,drugres2,drugres3,drugtst1,drugtst2,drugtst3,alcsts,alctst,alcres,nmact1,nmact2,nmact3,nmact4,nmact5,nmact6,nmprior1,nmprior2,nmprior3,nmprior4,nmprior5,nmprior6,nmcond1,nmcond2,nmcond3,nmcond4,nmcond5,nmcond6,nmsafe_helmet,nmsafe_pads,nmsafe_oth,nmprev_ref,nmprev_lgt,nmprev_oth,crashlocation,nmcrashtype,crosswalk,schoolzone,sidewalk,train_inv,wildlife_inv,rotr_fars,intersect_fars,dd_inv,aid_inv,dpd_inv,id_inv,mj_inv,impnm_inv,ainm_inv,dpnm_inv,speed_inv,unlic_inv,unendmc_inv,drowsy_inv,drdist_inv,nmdist_inv,fty_inv,unrestfat_inv,dr1617_inv,dr1820_inv,dr1620_inv,dr2125_inv,dr1625_inv,dr65_inv,dr70_inv,dr75_inv,mc_inv,pv_inv,ht_inv,ped_inv,bike_inv,unrest_fat,mc_fat,unhelmet_mc,pv_fat,ht_fat,ped_fat,bike_fat,dr_alc7,dr_alc8,dr_drug,dr_imp,dr_dist,dr_spd,dr_fty,dr_unlic,dr_alc7only,dr_alc8only,dr_drugonly,dr_drink,nm_imp,nm_alc7,nm_alc8,nm_drug,nm_dist,agegrp1,agegrp2,roadclass,urbrur,dayweek,restuse,vehtype,race_me,intersect,lanedep,oppdir,wrongway,rep_typ,investag,repag_long,rotr,st_rd,cty_rd,city_rd,oth_rd,drug_thc,thc_res,drug_cthc,cthc_res,drug_cann,prevpersemin,prevperse,prevsusoth,drugtst4,drugtst5,drugtst6,drugtst7,drugtst8,drugres4,drugres5,drugres6,drugres7,drugres8,adspresent,adsengaged,adslevel,race1,race2,race3,race4,race5,helmet,helmetmisuse,nmdistract1,nmdistract2,nmdistract3,nmdistract4,nmdistract5,nmdistract6,lab,isedtcase,crf1,crf2,crf3,CoRoadName,CoMP,IntCoRoadName,IntCoMP,crashzip,dcity,crashcity
2117,2160,2160,2019,368,3709713,339.0,2019-09-25,20:55,25,9,,63,Spokane,2113,1,0.0,3,1,2,1,0,1,1,,,,1,0,0,0.0,1,0,1,7,2,4,6,0,0,0,0,APPLEWAY BLVD,,-117.2690361,47.654841667,0,1,6,12,2,35,80,0,0,1,7,1,2,1,4,1,14,1,2,53,0,53,706,2004,0,0.0,68,64.0,1.0,,,,1,1,24,1,7.0,,4,0,20,7,11,8,09/25/2019,22:00,211053042364.0,42364.0,0.0,0.0,0.0,3.0,1,0,0.0,0.0,0.0,96,,,,,,9,,,,,,99201,53,75.0,250.0,6.0,1.0,0.0,0.0,0.0,0.0,,0,,,,,,4,,,20,8,0,0,0.0,9,8,,,0,0.0,0.0,8,1,2.0,1.0,,,1.0,,,2,1,0.0,,,,,,,,,,,,,,,,,,,,,,,,,,,,,,0,0,1,0,1,0,0,0,0,0,0,0,1,0,0,0,0,0,0,0,0,0,0,1,1,0,0,0,1,0,0,0,0,0,1,0.0,0,0,0,0,0,0,0,0,0,1,0,0,0,0,0,1,,,,,,21-25,16-25,City street,U,Wednesday,,MC,White,0,1,0,0,City Street,Municipal/City Police,Spokane Valley Police Department,1,0,0,1,0,,,,,,0.0,0.0,0.0,,,,,,,,,,,0.0,0.0,0.0,1.0,,,,,19.0,0.0,,,,,,,,,,,,,,,,99206,Spokane,Spokane
2118,2161,2161,2019,369,E972093,7.0,2019-10-11,13:59,11,10,,33,King,1030,1,0.0,1,1,2,1,0,4,3,,,,25,0,0,25.6,1,0,1,3,2,1,3,0,0,0,0,SR-167,,-122.2183389,47.439041667,0,1,98,10,2,60,80,0,0,1,5,12,1,1,4,3,15,1,1,53,0,72,706,2003,0,0.0,12,1.0,12.0,,,,1,1,59,1,7.0,,4,7,20,7,11,0,10/11/2019,13:59,103053045339.0,45339.0,0.0,0.0,0.0,3.0,1,38,0.0,0.0,0.0,96,,,,,,99,,,,,,98547,53,71.0,217.0,6.0,1.0,0.0,0.0,0.0,0.0,,0,,,,,,0,,,20,8,0,0,0.0,9,8,,,0,0.0,0.0,8,0,2.0,177.0,189.0,605.0,1.0,1.0,1.0,2,1,0.0,,,,,,,,,,,,,,,,,,,,,,,,,,,,,,0,0,1,0,0,0,1,1,1,0,0,0,0,0,0,0,0,0,1,0,0,0,0,0,0,0,0,0,1,1,0,0,0,0,1,0.0,0,0,0,0,0,0,1,1,0,0,1,0,0,0,1,0,,,,,,56-60,56-65,State route,U,Friday,,MC,White,0,1,0,0,State Route,State Patrol,Washington State Patrol,1,1,0,0,0,thc,7.4,,,,0.0,0.0,0.0,,,,,,,,,,,0.0,0.0,0.0,1.0,,,,,5.0,0.0,,,,,,,nms,,,,,,,,,98031,Grayland,Kent
2119,2162,2162,2019,369,E972093,7.0,2019-10-11,13:59,11,10,,33,King,1030,1,0.0,1,1,2,1,0,4,3,,,,25,0,0,25.6,1,0,1,3,2,1,3,0,0,0,0,SR-167,,-122.2183389,47.439041667,0,2,6,60,4,60,34,0,0,1,5,12,1,1,4,3,1,2,3,53,0,12,481,2016,0,0.0,64,25.0,69.0,12.0,,,1,1,35,1,0.0,,0,0,3,0,11,0,,,,,0.0,0.0,0.0,3.0,1,0,0.0,0.0,0.0,96,,,,,,0,,,,,,98002,53,66.0,180.0,6.0,1.0,0.0,1.0,0.0,2.0,,0,,,,,,0,01/15/2016,02/15/2019,20,0,0,0,8.0,9,8,,,0,0.0,0.0,8,0,8.0,95.0,,,96.0,,,8,95,995.0,,,,,,,,,,,,,,,,,,,,,,,,,,,,,,0,0,1,0,0,0,1,1,1,0,0,0,0,0,0,0,0,0,1,0,0,0,0,0,0,0,0,0,1,1,0,0,0,0,0,,0,0,0,0,0,0,0,0,0,0,0,0,0,0,0,0,,,,,,31-35,26-35,State route,U,Friday,Belt Used,PV,Not Fatal,0,1,0,0,State Route,State Patrol,Washington State Patrol,1,1,0,0,0,,,,,,0.0,0.0,0.0,,,,,,,,,,,98.0,98.0,98.0,0.0,,,,,20.0,7.0,,,,,,,,,,,,,,,,98031,Auburn,Kent
2120,2163,2163,2019,369,E972093,7.0,2019-10-11,13:59,11,10,,33,King,1030,1,0.0,1,1,2,1,0,4,3,,,,25,0,0,25.6,1,0,1,3,2,1,3,0,0,0,0,SR-167,,-122.2183389,47.439041667,0,3,98,60,4,60,14,0,0,1,5,12,1,1,4,3,1,1,1,53,0,55,404,2018,0,0.0,12,,,,,,1,1,64,2,0.0,,0,0,3,0,11,0,,,,,0.0,0.0,3.0,3.0,1,0,0.0,0.0,0.0,96,,,,,,0,,,,,,98031,53,68.0,175.0,6.0,1.0,0.0,0.0,0.0,0.0,,0,,,,,,0,,,20,0,0,0,8.0,9,8,,,0,0.0,0.0,8,0,8.0,95.0,,,96.0,,,8,95,995.0,,,,,,,,,,,,,,,,,,,,,,,,,,,,,,0,0,1,0,0,0,1,1,1,0,0,0,0,0,0,0,0,0,1,0,0,0,0,0,0,0,0,0,1,1,0,0,0,0,0,,0,0,0,0,0,0,0,0,0,0,0,0,0,0,0,0,,,,,,61-65,56-65,State route,U,Friday,Belt Used,PV,Not Fatal,0,1,0,0,State Route,State Patrol,Washington State Patrol,1,1,0,0,0,,,,,,0.0,0.0,0.0,,,,,,,,,,,98.0,98.0,98.0,0.0,,,,,20.0,7.0,,,,,,,,,,,,,,,,98031,Kent,Kent
2121,2164,2164,2019,370,E972260,1.0,2019-09-19,22:21,19,9,,77,Yakima,840,1,0.0,2,1,2,1,0,2,2,,,,12,0,2,71.9,1,0,1,1,1,1,1,0,0,0,0,I-82,,-119.9345778,46.277897222,0,1,50,54,3,98,4,0,0,1,2,12,1,1,2,2,1,1,2,6,0,49,40,2014,0,0.0,12,,,,,,1,1,43,1,1.0,,4,7,3,0,11,0,09/19/2019,22:21,84053041498.0,41498.0,0.0,0.0,0.0,3.0,1,51,0.0,0.0,0.0,96,,,,,,9,,,,,,98944,53,,999.0,6.0,1.0,1.0,1.0,0.0,0.0,,0,,,,,,0,01/15/2018,01/15/2018,8,0,0,0,0.0,9,8,,,0,0.0,0.0,1,1,2.0,401.0,417.0,,1.0,1.0,,2,1,0.322,,,,,,,,,,,,,,,,,,,,,,,,,,,,,,0,0,0,0,1,1,1,1,0,0,0,0,0,0,0,0,0,0,0,0,0,0,0,1,1,0,0,0,0,1,0,0,0,0,0,,1,0,0,0,0,1,1,1,0,0,0,0,0,0,0,1,,,,,,41-45,36-45,Interstate,R,Thursday,Belt Used,PV,Hispanic,0,0,0,1,State Route,State Patrol,Washington State Patrol,0,1,0,0,0,,,,,,0.0,0.0,1.0,,,,,,,,,,,98.0,98.0,98.0,298.0,,,,,20.0,7.0,,,,,,,,,,,,,,,,98930,Sunnyside,Grandview
2122,2165,2165,2019,370,E972260,1.0,2019-09-19,22:21,19,9,,77,Yakima,840,1,0.0,2,1,2,1,0,2,2,,,,12,0,2,71.9,1,0,1,1,1,1,1,0,0,0,0,I-82,,-119.9345778,46.277897222,0,2,51,54,3,70,4,0,0,1,2,12,1,1,2,2,1,1,1,53,0,18,25,2013,0,0.0,12,,,,,,1,1,21,2,0.0,,3,0,3,0,11,4,,,,,0.0,0.0,3.0,3.0,1,0,0.0,0.0,0.0,96,,,,,,0,,,,,,99327,53,64.0,140.0,6.0,1.0,0.0,0.0,2.0,2.0,,0,,,,,,0,06/15/2015,03/15/2017,8,0,0,0,8.0,9,8,,,0,0.0,0.0,8,0,8.0,95.0,,,96.0,,,8,95,995.0,,,,,,,,,,,,,,,,,,,,,,,,,,,,,,0,0,0,0,1,1,1,1,0,0,0,0,0,0,0,0,0,0,0,0,0,0,0,1,1,0,0,0,0,1,0,0,0,0,0,,0,0,0,0,0,0,0,0,0,0,0,0,0,0,0,0,,,,,,21-25,16-25,Interstate,R,Thursday,Belt Used,PV,Not Fatal,0,0,0,1,State Route,State Patrol,Washington State Patrol,0,1,0,0,0,,,,,,0.0,0.0,0.0,,,,,,,,,,,98.0,98.0,98.0,0.0,,,,,20.0,7.0,,,,,,,,,,,,,,,,98930,Othello,Grandview
2123,2166,2166,2019,371,E972516,122.0,2019-10-18,16:40,18,10,,61,Snohomish,690,10,0.0,1,0,0,1,1,1,1,,,,8,0,0,0.0,8,0,1,96,6,96,8,0,0,0,0,PRIVATE DRIVEWAY THRUWAY,108TH PL SE,-122.2225028,47.90035,0,1,13,80,5,0,15,0,0,1,5,8,0,0,0,0,11,1,1,53,0,49,422,2008,0,0.0,8,,,,,,1,1,36,1,0.0,,0,0,3,0,11,0,,,,,0.0,0.0,0.0,3.0,1,10,0.0,0.0,0.0,93,,,,,,0,,,,,,98208,53,71.0,190.0,6.0,1.0,0.0,0.0,0.0,0.0,,0,,,,,,0,,,20,0,0,0,8.0,9,8,,,0,0.0,0.0,8,0,8.0,95.0,,,96.0,,,8,95,995.0,,,,,,,,,,,,,,,,,,,,,,,,,,,,,,0,0,0,0,0,0,0,0,0,0,0,0,0,0,0,0,1,0,0,0,0,0,0,0,0,0,0,0,0,1,0,1,0,0,0,,0,0,0,0,0,0,0,0,1,0,0,0,0,0,0,0,,,,,,36-40,36-45,Other,,Friday,Belt Used,PV,Not Fatal,0,0,0,0,City Street,Municipal/City Police,Everett Police Department,0,0,0,1,0,,,,,,0.0,0.0,0.0,,,,,,,,,,,98.0,98.0,98.0,0.0,,,,,20.0,7.0,,,,,,,,,,,,,,,,98208,Everett,Everett
2124,2167,2167,2019,372,E972885,278.0,2019-10-09,23:50,9,10,,63,Spokane,2110,1,0.0,3,1,1,1,1,1,1,,,,15,1,0,0.0,3,0,2,7,2,4,6,0,0,3,3,E WELLESLEY AVE,N CRESTLINE ST,-117.378875,47.700561111,0,1,13,83,5,98,14,0,0,1,5,15,8,8,4,1,1,1,5,53,0,37,402,2007,0,0.0,15,,,,,,1,1,21,1,0.0,,9,0,99,7,11,8,,,,,0.0,0.0,3.0,2.0,1,38,0.0,0.0,0.0,96,,,,,,99,,,,,,99217,53,64.0,160.0,1.0,1.0,1.0,2.0,0.0,1.0,,97,,,,,,0,09/15/2016,02/15/2018,99,9,0,0,8.0,9,8,,,0,0.0,0.0,8,9,2.0,695.0,605.0,,1.0,1.0,,2,1,0.0,,,,,,,,,,,,,,,,,,,,,,,,,,,,,,0,0,0,1,0,0,1,1,1,1,1,1,0,1,0,0,0,0,1,0,0,0,0,1,1,0,0,0,0,1,0,1,0,0,0,,0,0,0,0,0,0,1,1,0,0,1,1,0,0,1,0,,,,,,21-25,16-25,City street,U,Wednesday,Unknown,PV,Not Fatal,1,0,0,0,City Street,Municipal/City Police,Spokane Police Department,0,0,0,1,0,thc,2.7,carboxy-thc,26.0,,0.0,0.0,3.0,,,,,,,,,,,98.0,98.0,98.0,0.0,,,,,20.0,7.0,,,,,,,,,,,,,,,,99207,Spokane,Spokane
2125,2168,2168,2019,373,E973005,26.0,2019-10-18,21:30,18,10,,35,Kitsap,0,2,0.0,2,2,2,1,1,3,3,,,,12,0,6,0.3,4,0,1,5,2,2,4,0,0,0,0,CR-PIONEER WAY NW,,-122.6815028,47.788502778,0,1,98,98,7,50,4,0,0,1,7,8,1,2,2,1,1,1,2,53,0,20,16,1998,0,0.0,12,12.0,8.0,,,,1,1,55,1,0.0,,9,0,99,7,11,8,,,,,0.0,0.0,3.0,3.0,1,91,0.0,0.0,0.0,96,,,,,,9,,,,,,98370,53,69.0,160.0,6.0,1.0,0.0,1.0,0.0,0.0,,1,12.0,,,,,0,08/15/2018,08/15/2018,1,0,0,0,8.0,9,8,,,0,0.0,0.0,8,1,2.0,695.0,605.0,,1.0,1.0,,2,1,0.23,,,,,,,,,,,,,,,,,,,,,,,,,,,,,,0,0,0,0,1,1,1,1,1,1,0,1,0,1,0,0,0,0,0,0,0,0,0,0,0,0,0,0,0,1,0,1,0,0,0,,0,0,0,0,0,1,1,1,0,0,0,0,0,0,0,1,,,,,,51-55,46-55,County road,U,Friday,Unknown,PV,Not Fatal,0,0,0,0,County Road,County Sheriff,Kitsap County Sheriff's Office,0,0,1,0,0,thc,11.0,carboxy-thc,71.0,,0.0,0.0,0.0,,,,,,,,,,,0.0,0.0,0.0,0.0,,,,,20.0,7.0,,,,,,,,,,,,,,,,98370,Poulsbo,Poulsbo
2126,2169,2169,2019,373,E973005,26.0,2019-10-18,21:30,18,10,,35,Kitsap,0,2,0.0,2,2,2,1,1,3,3,,,,12,0,6,0.3,4,0,1,5,2,2,4,0,0,0,0,CR-PIONEER WAY NW,,-122.6815028,47.788502778,0,2,98,98,7,50,34,6,0,1,7,12,1,2,2,1,99,1,2,53,0,12,481,1968,0,0.0,12,,,,,,1,1,61,1,0.0,,0,0,99,7,11,0,,,,,0.0,0.0,0.0,2.0,1,0,0.0,0.0,0.0,96,,,,,,0,,,,,,98370,53,70.0,180.0,1.0,1.0,0.0,0.0,0.0,0.0,,0,,,,,,0,10/15/2018,10/15/2018,20,0,0,0,8.0,9,8,,,0,0.0,0.0,8,0,8.0,95.0,,,96.0,,,8,95,995.0,,,,,,,,,,,,,,,,,,,,,,,,,,,,,,0,0,0,0,1,1,1,1,1,1,0,1,0,1,0,0,0,0,0,0,0,0,0,0,0,0,0,0,0,1,0,1,0,0,0,,0,0,0,0,0,0,0,0,0,0,0,1,0,0,0,0,,,,,,61-65,56-65,County road,U,Friday,Unknown,PV,Not Fatal,0,0,0,0,County Road,County Sheriff,Kitsap County Sheriff's Office,0,0,1,0,0,,,,,,0.0,0.0,1.0,,,,,,,,,,,0.0,0.0,0.0,0.0,,,,,20.0,7.0,,,,,,,,,,,,,,,,98370,Poulsbo,Poulsbo
2127,2171,2171,2019,374,E974167,290.0,2019-10-22,12:20,22,10,,53,Pierce,2230,10,0.0,1,2,2,1,0,4,2,,,,12,0,2,0.0,1,0,1,7,2,4,6,0,3,0,0,NORPOINT WAY NE,,-122.3709639,47.272125,0,1,50,10,2,40,4,0,0,1,7,12,3,2,3,2,14,3,1,53,0,49,40,2003,0,0.0,68,12.0,,,,,1,1,56,2,7.0,,4,7,99,7,11,0,10/22/2019,12:20,223053046736.0,46736.0,0.0,0.0,3.0,3.0,1,28,0.0,0.0,0.0,96,,,,,,99,,,,,,98424,53,59.0,105.0,6.0,1.0,0.0,0.0,2.0,0.0,,0,,,,,,0,09/15/2017,06/15/2018,8,0,0,0,0.0,9,8,,,0,0.0,0.0,8,1,2.0,996.0,996.0,996.0,1.0,1.0,1.0,2,1,0.0,,,,,,,,,,,,,,,,,,,,,,,,,,,,,,0,0,0,0,1,0,1,1,1,0,0,0,0,0,0,0,0,0,0,0,0,0,0,0,0,1,1,1,0,1,0,0,0,0,0,,1,0,0,0,0,0,1,1,0,0,0,0,0,0,1,1,,,,,,56-60,56-65,City street,U,Tuesday,Unknown,PV,Multiracial,0,1,1,0,City Street,Municipal/City Police,Tacoma Police Department,0,0,0,1,0,thc,3.0,carboxy-thc,9.7,,0.0,0.0,0.0,1.0,1.0,1.0,,,996.0,401.0,417.0,605.0,695.0,98.0,98.0,98.0,201.0,298.0,,,,20.0,7.0,,,,,,,nms,,,,,,,,,98422,Fife,Tacoma
2128,2172,2172,2019,374,E974167,290.0,2019-10-22,12:20,22,10,,53,Pierce,2230,10,0.0,1,2,2,1,0,4,2,,,,12,0,2,0.0,1,0,1,7,2,4,6,0,3,0,0,NORPOINT WAY NE,,-122.3709639,47.272125,0,2,51,62,4,40,21,0,0,1,7,12,2,2,3,2,14,1,1,53,0,12,461,2008,0,0.0,12,,,,,,1,1,79,2,0.0,,1,0,3,0,11,8,,,,,0.0,0.0,0.0,3.0,1,0,0.0,0.0,0.0,96,,,,,,0,,,,,,98467,53,61.0,124.0,6.0,1.0,0.0,0.0,0.0,0.0,,0,,,,,,0,,,8,0,0,0,8.0,9,8,,,0,0.0,0.0,8,0,8.0,95.0,,,96.0,,,8,95,995.0,,,,,,,,,,,,,,,,,,,,,,,,,,,,,,0,0,0,0,1,0,1,1,1,0,0,0,0,0,0,0,0,0,0,0,0,0,0,0,0,1,1,1,0,1,0,0,0,0,0,,0,0,0,0,0,0,0,0,0,0,0,0,0,0,0,0,,,,,,76-80,76+,City street,U,Tuesday,Belt Used,PV,Not Fatal,0,1,1,0,City Street,Municipal/City Police,Tacoma Police Department,0,0,0,1,0,,,,,,0.0,0.0,0.0,,,,,,,,,,,98.0,98.0,98.0,0.0,,,,,20.0,7.0,,,,,,,,,,,,,,,,98422,University Place,Tacoma
2129,2173,2173,2019,375,E974237,5.0,2019-10-11,19:28,11,10,,41,Lewis,0,1,0.0,2,1,2,1,0,1,1,,,,1,0,0,140.9,1,0,1,3,1,1,2,0,0,0,0,US-12,,-121.546075,46.683036111,0,1,1,3,1,50,66,2,0,1,7,1,1,2,3,1,2,1,3,53,0,82,881,2000,0,0.0,63,1.0,42.0,,,,1,1,60,1,7.0,,4,7,3,0,11,0,10/11/2019,19:28,53045869.0,45869.0,6.0,1.0,3.0,3.0,1,0,0.0,0.0,0.0,96,,,,,,99,,,,,,98823,53,69.0,197.0,6.0,1.0,0.0,0.0,0.0,0.0,,0,,,,,,0,,,20,0,0,0,1.0,9,8,,,0,0.0,0.0,8,9,2.0,1.0,,,1.0,,,2,1,0.0,,,,,,,,,,,,,,,,,,,,,,,,,,,,,,0,0,1,0,0,0,0,0,0,0,0,0,0,0,0,0,0,0,0,0,0,0,0,0,0,0,0,0,0,0,1,0,0,0,0,,0,1,0,0,0,0,0,0,0,0,0,0,0,0,0,0,,,,,,56-60,56-65,US highway,R,Friday,,MHTRUCK,White,0,1,0,0,State Route,State Patrol,Washington State Patrol,1,1,0,0,0,,,,,,0.0,0.0,0.0,,,,,,,,,,,98.0,98.0,98.0,1.0,,,,,20.0,7.0,,,,,,,,,,,,,,,,98361,Ephrata,Packwood
2130,2174,2174,2019,376,E974324,346.0,2019-10-08,2:55,8,10,,63,Spokane,1165,2,0.0,3,2,2,1,0,1,1,,,,59,0,0,0.0,3,0,6,7,2,4,6,0,0,21,3,E MISSION AVE,N HARVEST PKWAY,-117.1111139,47.674630556,0,1,6,12,2,35,34,0,0,1,7,43,1,1,1,4,1,1,1,53,0,20,481,2016,0,0.0,64,59.0,43.0,,,,1,1,46,1,7.0,,4,0,20,7,11,5,10/08/2019,5:03,211053044213.0,44213.0,0.0,0.0,0.0,3.0,1,0,0.0,0.0,0.0,92,,,,,,99,,,,,,99206,53,68.0,240.0,6.0,1.0,0.0,0.0,0.0,0.0,,0,,,,,,0,,,1,0,0,1,0.0,9,8,,,0,0.0,0.0,8,1,2.0,1.0,,,1.0,,,2,1,0.089,,,,,,,,,,,,,,,,,,,,,,,,,,,,,,0,0,1,1,1,1,0,1,0,0,0,0,0,0,0,0,1,0,0,1,0,0,0,0,0,0,0,0,0,1,0,0,0,1,0,,1,0,0,0,0,1,0,1,1,0,0,0,0,1,0,1,,,,,,46-50,46-55,City street,U,Tuesday,Not Used,PV,White,1,0,0,0,City Street,Municipal/City Police,LIBERTY LAKE POLICE DEPT,0,0,0,1,0,,,,,,0.0,0.0,0.0,,,,,,,,,,,98.0,98.0,98.0,1.0,,,,,20.0,7.0,,,,,,,,,,,,,,,,99019,Spokane,Liberty Lake
2131,2175,2175,2019,377,E974380,4.0,2019-10-22,18:56,22,10,,63,Spokane,0,1,0.0,2,1,2,1,0,1,1,,,,1,0,0,8.4,1,0,1,4,1,1,3,0,0,0,0,SR-902,,-117.6460028,47.586708333,0,1,7,3,1,55,34,0,0,1,2,1,3,1,2,1,14,1,2,53,0,7,472,1993,0,0.0,63,69.0,68.0,64.0,1.0,,1,1,55,1,7.0,,4,7,20,7,11,0,10/22/2019,18:56,130053048378.0,48378.0,0.0,0.0,3.0,2.0,1,58,0.0,0.0,0.0,96,,,,,,9,,,,,,99020,53,74.0,180.0,1.0,1.0,1.0,0.0,0.0,1.0,,0,,,,,,0,03/15/2015,12/15/2017,20,2,9,0,0.0,9,8,,,0,0.0,0.0,8,1,2.0,1.0,,,1.0,,,2,1,0.32,,,,,,,,,,,,,,,,,,,,,,,,,,,,,,0,0,0,0,1,1,0,1,0,0,0,0,0,1,0,0,0,0,0,1,0,0,0,0,0,0,0,0,0,1,0,0,0,1,0,,1,0,0,0,0,1,0,1,0,0,0,1,0,1,0,1,,,,,,51-55,46-55,State route,R,Tuesday,Not Used,PV,White,0,1,0,0,State Route,State Patrol,Washington State Patrol,1,1,0,0,0,,,,,,0.0,1.0,2.0,,,,,,,,,,,0.0,0.0,0.0,1.0,,,,,20.0,7.0,,,,,,,,,,,,,,,,99022,Marshall,Medical Lake
2132,2176,2176,2019,378,E975728,1.0,2019-10-27,6:15,27,10,,5,Benton,1850,1,0.0,2,1,2,1,1,1,1,,,,8,0,0,35.9,1,0,1,3,2,1,3,0,0,0,0,SR-240,,-119.2446056,46.239430556,0,1,13,80,5,55,4,0,0,1,7,8,1,1,3,3,1,1,1,53,0,12,23,2012,0,0.0,8,,,,,,1,1,36,1,0.0,,0,0,3,0,11,0,,,,,0.0,0.0,3.0,3.0,1,0,0.0,0.0,0.0,96,,,,,,0,,,,,,99301,53,72.0,185.0,6.0,1.0,0.0,0.0,0.0,0.0,,0,,,,,,0,,,20,0,0,0,8.0,9,8,,,0,0.0,0.0,8,0,8.0,95.0,,,96.0,,,8,95,995.0,,,,,,,,,,,,,,,,,,,,,,,,,,,,,,0,0,0,0,0,0,0,0,0,1,1,1,0,0,0,0,0,0,0,0,0,0,0,0,0,0,0,0,0,1,0,1,0,0,0,,0,0,0,0,0,0,0,0,0,0,0,0,0,0,0,0,,,,,,36-40,36-45,State route,U,Sunday,Belt Used,PV,Not Fatal,0,0,0,0,State Route,State Patrol,Washington State Patrol,0,1,0,0,0,,,,,,0.0,0.0,0.0,,,,,,,,,,,98.0,98.0,98.0,0.0,,,,,20.0,7.0,,,,,,,,,,,,,,,,99352,Pasco,Richland
2133,2177,2177,2019,379,E975944,2.0,2019-10-20,10:26,20,10,,57,Skagit,0,2,0.0,1,2,2,1,0,3,3,,,,57,0,0,231.8,1,0,1,1,1,1,1,0,0,0,0,I-5,,-122.3353111,48.494697222,0,1,6,12,2,70,34,0,0,1,7,1,1,1,2,3,1,1,1,53,0,12,471,2003,0,0.0,64,57.0,65.0,67.0,12.0,1.0,1,1,69,1,7.0,,4,7,20,7,11,0,10/20/2019,10:26,53040062.0,40062.0,0.0,0.0,3.0,2.0,1,0,0.0,0.0,0.0,0,,,,,,1,,,,,,98284,53,72.0,155.0,1.0,1.0,0.0,0.0,1.0,0.0,,0,,,,,,0,08/15/2019,08/15/2019,1,1,9,0,0.0,9,8,,,0,0.0,0.0,0,0,2.0,1.0,,,1.0,,,2,1,0.0,,,,,,,,,,,,,,,,,,,,,,,,,,,,,,0,0,1,0,0,0,0,0,0,0,0,0,0,1,0,0,0,0,0,1,0,0,0,1,1,1,0,0,0,1,0,0,0,1,0,,1,0,0,0,0,0,0,0,0,0,0,1,0,0,0,0,,,,,,66-70,66-75,Interstate,R,Sunday,Not Used,PV,White,0,1,0,0,State Route,State Patrol,Washington State Patrol,1,1,0,0,0,,,,,,0.0,0.0,0.0,,,,,,,,,,,98.0,98.0,98.0,1.0,,,,,20.0,7.0,,,,,,,,,,,,,,,,98233,Sedro Woolley,Burlington
2134,2178,2178,2019,379,E975944,2.0,2019-10-20,10:26,20,10,,57,Skagit,0,2,0.0,1,2,2,1,0,3,3,,,,57,0,0,231.8,1,0,1,1,1,1,1,0,0,0,0,I-5,,-122.3353111,48.494697222,0,2,98,62,4,70,34,0,0,1,7,12,1,1,2,3,1,1,1,53,0,49,472,2014,0,0.0,12,12.0,,,,,1,1,24,1,0.0,,0,0,3,0,11,0,,,,,0.0,0.0,0.0,3.0,1,0,0.0,0.0,0.0,0,,,,,,0,,,,,,98221,53,73.0,160.0,6.0,1.0,0.0,0.0,0.0,0.0,,0,,,,,,0,,,1,0,0,0,8.0,9,8,,,0,0.0,0.0,0,0,0.0,0.0,,,0.0,,,0,0,996.0,,,,,,,,,,,,,,,,,,,,,,,,,,,,,,0,0,1,0,0,0,0,0,0,0,0,0,0,1,0,0,0,0,0,1,0,0,0,1,1,1,0,0,0,1,0,0,0,0,0,,0,0,0,0,0,0,0,0,0,0,0,0,0,0,0,0,,,,,,21-25,16-25,Interstate,R,Sunday,Belt Used,PV,Not Fatal,0,1,0,0,State Route,State Patrol,Washington State Patrol,1,1,0,0,0,,,,,,0.0,0.0,0.0,,,,,,,,,,,98.0,98.0,98.0,0.0,,,,,20.0,7.0,,,,,,,,,,,,,,,,98233,Anacortes,Burlington