,index,Unnamed: 0,year,case,par,repjur,crash_dt,crash_tm,accday,accmon,holiday,county,co_char,city,weather,weather2,lightcond,surfcond,surftype,numfatal,nmforms,pforms,vforms,not_tm,arr_tm,hosp_tm,fhevent,hitrun,manncol,milepnt,reljunc,reljuncinter,intersectiontype,funcsystem,landuse,ownership,route,schlbus,spejur,contdev,devfunc,trafid1,trafid2,lon,lat,wk_zone,vnumber,crashtype,criticalevent,criticaleventcat,spdlim,body,trailer,emerg,hazcargo,leave,mhevent,roadalgn,roadprof,traflane,trafflow,vehmanvr,numoccs,regowner,regstate,spuse,make,model,modelyr,vrf1,vrf2,seqevent1,seqevent2,seqevent3,seqevent4,seqevent5,seqevent6,pnumber,ptype,age,sex,hispanic,race,injury,diedscene,restraint,restraintmisuse,seatpos,takehosp,death_dt,death_tm,cert,cernum_wa,commlic,licendor,licrestrict,liccomp,drivpres,drf1,drf2,drf3,drf4,distract1,distract2,distract3,distract4,distract5,distract6,dricond1,dricond2,dricond3,dricond4,dricond5,dricond6,dzip,licstate,drhgt_in,weight,noncdl,noncdltype,prevdwi,prevoth,prevacc,prevspd,prevsus,driviol1,driviol2,driviol3,driviol4,driviol5,driviol6,spdrel,first_dt,last_dt,airbag,ejection,ejectpath,extricat,injurwrk,methalc,methdrug,nmlocat,strikveh,prf1,prf2,prf3,druginv,alcinvol,drugsts,drugres1,drugres2,drugres3,drugtst1,drugtst2,drugtst3,alcsts,alctst,alcres,nmact1,nmact2,nmact3,nmact4,nmact5,nmact6,nmprior1,nmprior2,nmprior3,nmprior4,nmprior5,nmprior6,nmcond1,nmcond2,nmcond3,nmcond4,nmcond5,nmcond6,nmsafe_helmet,nmsafe_pads,nmsafe_oth,nmprev_ref,nmprev_lgt,nmprev_oth,crashlocation,nmcrashtype,crosswalk,schoolzone,sidewalk,train_inv,wildlife_inv,rotr_fars,intersect_fars,dd_inv,aid_inv,dpd_inv,id_inv,mj_inv,impnm_inv,ainm_inv,dpnm_inv,speed_inv,unlic_inv,unendmc_inv,drowsy_inv,drdist_inv,nmdist_inv,fty_inv,unrestfat_inv,dr1617_inv,dr1820_inv,dr1620_inv,dr2125_inv,dr1625_inv,dr65_inv,dr70_inv,dr75_inv,mc_inv,pv_inv,ht_inv,ped_inv,bike_inv,unrest_fat,mc_fat,unhelmet_mc,pv_fat,ht_fat,ped_fat,bike_fat,dr_alc7,dr_alc8,dr_drug,dr_imp,dr_dist,dr_spd,dr_fty,dr_unlic,dr_alc7only,dr_alc8only,dr_drugonly,dr_drink,nm_imp,nm_alc7,nm_alc8,nm_drug,nm_dist,agegrp1,agegrp2,roadclass,urbrur,dayweek,restuse,vehtype,race_me,intersect,lanedep,oppdir,wrongway,rep_typ,investag,repag_long,rotr,st_rd,cty_rd,city_rd,oth_rd,drug_thc,thc_res,drug_cthc,cthc_res,drug_cann,prevpersemin,prevperse,prevsusoth,drugtst4,drugtst5,drugtst6,drugtst7,drugtst8,drugres4,drugres5,drugres6,drugres7,drugres8,adspresent,adsengaged,adslevel,race1,race2,race3,race4,race5,helmet,helmetmisuse,nmdistract1,nmdistract2,nmdistract3,nmdistract4,nmdistract5,nmdistract6,lab,isedtcase,crf1,crf2,crf3,CoRoadName,CoMP,IntCoRoadName,IntCoMP,crashzip,dcity,crashcity
2135,2179,2179,2019,379,E975944,2.0,2019-10-20,10:26,20,10,,57,Skagit,0,2,0.0,1,2,2,1,0,3,3,,,,57,0,0,231.8,1,0,1,1,1,1,1,0,0,0,0,I-5,,-122.3353111,48.494697222,0,3,98,98,7,70,4,0,0,1,7,12,1,1,2,3,1,1,1,53,0,12,23,2012,0,0.0,12,12.0,,,,,1,1,54,2,0.0,,0,0,3,0,11,0,,,,,0.0,0.0,3.0,3.0,1,0,0.0,0.0,0.0,0,,,,,,0,,,,,,98233,53,62.0,145.0,6.0,1.0,0.0,0.0,0.0,0.0,,0,,,,,,0,,,20,0,0,0,8.0,9,8,,,0,0.0,0.0,0,0,0.0,0.0,,,0.0,,,0,0,996.0,,,,,,,,,,,,,,,,,,,,,,,,,,,,,,0,0,1,0,0,0,0,0,0,0,0,0,0,1,0,0,0,0,0,1,0,0,0,1,1,1,0,0,0,1,0,0,0,0,0,,0,0,0,0,0,0,0,0,0,0,0,0,0,0,0,0,,,,,,51-55,46-55,Interstate,R,Sunday,Belt Used,PV,Not Fatal,0,1,0,0,State Route,State Patrol,Washington State Patrol,1,1,0,0,0,,,,,,0.0,0.0,0.0,,,,,,,,,,,98.0,98.0,98.0,0.0,,,,,20.0,7.0,,,,,,,,,,,,,,,,98233,Burlington,Burlington
2136,2180,2180,2019,380,E975663,6.0,2019-10-22,9:31,22,10,,47,Okanogan,0,1,0.0,1,1,2,1,0,3,2,,,,12,0,2,250.3,1,0,1,3,1,1,2,0,3,0,0,US-97,,-119.6844167,48.104625,0,1,50,10,2,60,15,0,0,1,7,12,3,2,3,1,6,2,2,53,0,23,421,2009,0,0.0,12,,,,,,1,1,37,1,0.0,,2,0,20,7,11,8,,,,,0.0,0.0,0.0,0.0,1,28,33.0,91.0,0.0,96,,,,,,9,,,,,,98812,53,71.0,210.0,0.0,0.0,0.0,0.0,0.0,0.0,,1,,,,,,0,,,8,0,0,0,8.0,9,8,,,0,0.0,0.0,8,1,2.0,1.0,,,1.0,,,2,1,0.093,,,,,,,,,,,,,,,,,,,,,,,,,,,,,,0,0,0,0,1,1,0,1,0,0,0,0,0,1,0,0,0,0,0,0,0,0,0,0,0,0,0,0,0,1,0,0,0,0,0,,0,0,0,0,0,1,0,1,0,0,0,1,0,1,0,1,,,,,,36-40,36-45,US highway,R,Tuesday,Not Used,PV,Not Fatal,0,1,1,0,State Route,State Patrol,Washington State Patrol,0,1,0,0,0,,,,,,0.0,0.0,0.0,,,,,,,,,,,98.0,98.0,98.0,0.0,,,,,20.0,7.0,,,,,,,,,,,,,,,,98812,Brewster,Brewster
2137,2181,2181,2019,380,E975663,6.0,2019-10-22,9:31,22,10,,47,Okanogan,0,1,0.0,1,1,2,1,0,3,2,,,,12,0,2,250.3,1,0,1,3,1,1,2,0,3,0,0,US-97,,-119.6844167,48.104625,0,2,51,62,4,60,14,0,0,1,7,12,2,2,3,1,14,1,1,53,0,37,402,2008,0,0.0,12,1.0,,,,,1,1,59,2,7.0,,4,7,3,0,11,0,10/22/2019,9:31,53048118.0,48118.0,0.0,0.0,3.0,3.0,1,0,0.0,0.0,0.0,96,,,,,,0,,,,,,98831,53,71.0,140.0,6.0,1.0,0.0,0.0,0.0,0.0,,0,,,,,,0,,,8,0,0,0,1.0,9,8,,,0,0.0,0.0,8,0,2.0,1.0,,,1.0,,,2,1,0.0,,,,,,,,,,,,,,,,,,,,,,,,,,,,,,0,0,0,0,1,1,0,1,0,0,0,0,0,1,0,0,0,0,0,0,0,0,0,0,0,0,0,0,0,1,0,0,0,0,0,,1,0,0,0,0,0,0,0,0,0,0,0,0,0,0,0,,,,,,56-60,56-65,US highway,R,Tuesday,Belt Used,PV,White,0,1,1,0,State Route,State Patrol,Washington State Patrol,0,1,0,0,0,,,,,,0.0,0.0,0.0,,,,,,,,,,,98.0,98.0,98.0,1.0,,,,,20.0,7.0,,,,,,,,,,,,,,,,98812,Manson,Brewster
2138,2183,2183,2019,382,E976023,7.0,2019-10-18,11:15,18,10,,33,King,2595,10,0.0,1,2,1,1,0,4,4,,,,12,0,2,5.1,1,0,1,3,2,1,3,0,0,0,0,SR-520,,-122.2195889,47.639525,0,1,52,54,3,98,34,0,0,1,5,12,3,2,3,3,14,1,1,53,0,20,481,2004,0,0.0,12,60.0,54.0,54.0,,,1,1,79,1,0.0,,1,0,3,0,11,5,,,,,0.0,0.0,0.0,3.0,1,51,0.0,0.0,0.0,96,,,,,,0,,,,,,98027,53,66.0,195.0,6.0,1.0,0.0,1.0,0.0,0.0,,97,,,,,,0,01/15/2015,01/15/2015,1,0,0,0,8.0,9,8,,,0,0.0,0.0,8,0,8.0,95.0,,,96.0,,,8,95,995.0,,,,,,,,,,,,,,,,,,,,,,,,,,,,,,0,0,0,0,0,0,0,0,0,0,0,0,0,0,0,0,0,0,0,0,0,0,0,0,0,1,1,1,1,1,0,0,0,0,0,,0,0,0,0,0,0,0,0,0,0,0,0,0,0,0,0,,,,,,76-80,76+,State route,U,Friday,Belt Used,PV,Not Fatal,0,0,0,1,State Route,State Patrol,Washington State Patrol,0,1,0,0,0,,,,,,0.0,0.0,0.0,,,,,,,,,,,98.0,98.0,98.0,0.0,,,,,20.0,7.0,,,,,,,,,,,,,,,,98004,Issaquah,Bellevue
2139,2184,2184,2019,382,E976023,7.0,2019-10-18,11:15,18,10,,33,King,2595,10,0.0,1,2,1,1,0,4,4,,,,12,0,2,5.1,1,0,1,3,2,1,3,0,0,0,0,SR-520,,-122.2195889,47.639525,0,2,52,54,3,60,80,0,0,1,7,2,2,2,3,3,14,1,1,53,0,34,706,2004,0,0.0,12,64.0,25.0,2.0,,,1,1,71,1,7.0,,4,7,20,7,11,0,10/18/2019,11:15,259553046947.0,46947.0,0.0,0.0,3.0,3.0,1,0,0.0,0.0,0.0,96,,,,,,99,,,,,,98033,53,72.0,165.0,6.0,1.0,0.0,0.0,0.0,1.0,,0,,,,,,0,02/15/2016,02/15/2016,20,8,0,0,0.0,9,8,,,0,0.0,0.0,8,9,0.0,0.0,,,0.0,,,2,4,0.0,,,,,,,,,,,,,,,,,,,,,,,,,,,,,,0,0,0,0,0,0,0,0,0,0,0,0,0,0,0,0,0,0,0,0,0,0,0,0,0,1,1,1,1,1,0,0,0,0,1,0.0,0,0,0,0,0,0,0,0,0,0,0,0,0,0,0,0,,,,,,71-75,66-75,State route,U,Friday,,MC,White,0,0,0,1,State Route,State Patrol,Washington State Patrol,0,1,0,0,0,,,,,,0.0,0.0,0.0,,,,,,,,,,,0.0,0.0,0.0,1.0,,,,,5.0,0.0,,,,,,,,,,,,,,,,98004,Kirkland,Bellevue
2140,2185,2185,2019,382,E976023,7.0,2019-10-18,11:15,18,10,,33,King,2595,10,0.0,1,2,1,1,0,4,4,,,,12,0,2,5.1,1,0,1,3,2,1,3,0,0,0,0,SR-520,,-122.2195889,47.639525,0,3,98,90,6,60,14,0,0,1,5,54,2,2,3,3,14,1,1,53,0,49,402,2018,0,0.0,54,,,,,,1,1,29,1,0.0,,0,0,3,0,11,0,,,,,0.0,0.0,0.0,3.0,1,0,0.0,0.0,0.0,96,,,,,,0,,,,,,98033,53,61.0,120.0,6.0,1.0,1.0,1.0,0.0,1.0,,0,,,,,,0,04/15/2015,04/15/2015,20,0,0,0,8.0,9,8,,,0,0.0,0.0,8,0,8.0,95.0,,,96.0,,,8,95,995.0,,,,,,,,,,,,,,,,,,,,,,,,,,,,,,0,0,0,0,0,0,0,0,0,0,0,0,0,0,0,0,0,0,0,0,0,0,0,0,0,1,1,1,1,1,0,0,0,0,0,,0,0,0,0,0,0,0,0,0,0,0,0,0,0,0,0,,,,,,26-30,26-35,State route,U,Friday,Belt Used,PV,Not Fatal,0,0,0,1,State Route,State Patrol,Washington State Patrol,0,1,0,0,0,,,,,,0.0,1.0,1.0,,,,,,,,,,,98.0,98.0,98.0,0.0,,,,,20.0,7.0,,,,,,,,,,,,,,,,98004,Kirkland,Bellevue
2141,2186,2186,2019,382,E976023,7.0,2019-10-18,11:15,18,10,,33,King,2595,10,0.0,1,2,1,1,0,4,4,,,,12,0,2,5.1,1,0,1,3,2,1,3,0,0,0,0,SR-520,,-122.2195889,47.639525,0,4,98,90,6,60,14,0,0,1,5,54,2,2,3,3,14,1,1,53,0,58,403,2016,0,0.0,54,,,,,,1,1,30,1,0.0,,0,0,3,0,11,0,,,,,0.0,0.0,3.0,3.0,1,0,0.0,0.0,0.0,96,,,,,,0,,,,,,98115,53,73.0,200.0,6.0,1.0,0.0,0.0,1.0,0.0,,0,,,,,,0,06/15/2018,06/15/2018,20,0,0,0,8.0,9,8,,,0,0.0,0.0,8,0,8.0,95.0,,,96.0,,,8,95,995.0,,,,,,,,,,,,,,,,,,,,,,,,,,,,,,0,0,0,0,0,0,0,0,0,0,0,0,0,0,0,0,0,0,0,0,0,0,0,0,0,1,1,1,1,1,0,0,0,0,0,,0,0,0,0,0,0,0,0,0,0,0,0,0,0,0,0,,,,,,26-30,26-35,State route,U,Friday,Belt Used,PV,Not Fatal,0,0,0,1,State Route,State Patrol,Washington State Patrol,0,1,0,0,0,,,,,,0.0,0.0,0.0,,,,,,,,,,,98.0,98.0,98.0,0.0,,,,,20.0,7.0,,,,,,,,,,,,,,,,98004,Seattle,Bellevue
2142,2187,2187,2019,383,E976486,35.0,2019-10-29,16:05,29,10,,53,Pierce,0,1,0.0,1,1,2,1,1,1,1,,,,8,0,0,0.9,3,0,3,7,2,2,4,0,0,0,0,CR-152ND ST E,91ST AVE E,-122.3218,47.118416667,0,1,13,80,5,35,14,0,0,1,5,8,1,1,3,5,1,1,1,53,0,59,403,2008,0,0.0,8,,,,,,1,1,72,2,0.0,,0,0,3,0,11,0,,,,,0.0,0.0,0.0,3.0,1,38,0.0,0.0,0.0,96,,,,,,0,,,,,,98375,53,61.0,142.0,6.0,1.0,0.0,0.0,0.0,0.0,,97,,,,,,0,,,20,0,0,0,8.0,9,8,,,0,0.0,0.0,8,0,8.0,95.0,,,96.0,,,8,95,995.0,,,,,,,,,,,,,,,,,,,,,,,,,,,,,,0,0,0,1,0,0,0,0,0,0,0,0,0,0,0,0,0,0,1,0,0,0,0,0,0,1,1,0,0,1,0,1,0,0,0,,0,0,0,0,0,0,0,0,0,0,1,0,0,0,0,0,,,,,,71-75,66-75,County road,U,Tuesday,Belt Used,PV,Not Fatal,0,0,0,0,County Road,County Sheriff,Law Enforcement Support Agency,0,0,1,0,0,,,,,,0.0,0.0,0.0,,,,,,,,,,,98.0,98.0,98.0,0.0,,,,,20.0,7.0,,,,,,,,,,,,,,,,98375,Puyallup,Puyallup
2143,2188,2188,2019,384,E976496,25.0,2019-10-22,22:44,22,10,,33,King,0,1,0.0,2,1,1,1,0,3,2,,,,12,0,6,1.8,2,0,2,5,2,2,4,0,0,20,3,CR-MILITARY RD S,S 360TH ST,-122.2753306,47.278919444,0,1,89,17,2,35,3,0,0,1,7,12,3,2,2,1,14,2,2,53,0,52,37,2003,0,0.0,12,,,,,,1,1,63,1,7.0,,4,7,20,7,11,0,10/22/2019,22:44,53046545.0,46545.0,0.0,0.0,0.0,2.0,1,39,0.0,0.0,0.0,96,,,,,,99,,,,,,98002,53,72.0,180.0,1.0,1.0,0.0,2.0,1.0,1.0,,0,,,,,,0,03/15/2016,06/15/2019,1,0,0,0,0.0,9,8,,,0,0.0,0.0,8,9,2.0,401.0,417.0,177.0,98.0,98.0,98.0,2,98,0.0,,,,,,,,,,,,,,,,,,,,,,,,,,,,,,0,0,0,1,0,0,1,1,1,0,0,0,0,1,0,0,0,0,0,1,0,0,0,0,0,0,0,0,0,1,0,0,0,1,0,,1,0,0,0,0,0,1,1,0,0,0,1,0,0,1,0,,,,,,61-65,56-65,County road,U,Tuesday,Not Used,PV,White,1,0,0,0,County Road,County Sheriff,King County Police,0,0,1,0,0,thc,1.0,carboxy-thc,8.7,,0.0,0.0,15.0,98.0,98.0,,,,695.0,605.0,,,,98.0,98.0,98.0,1.0,,,,,20.0,7.0,,,,,,,nms,,,,,,,,,98001,Auburn,Auburn
2144,2189,2189,2019,384,E976496,25.0,2019-10-22,22:44,22,10,,33,King,0,1,0.0,2,1,1,1,0,3,2,,,,12,0,6,1.8,2,0,2,5,2,2,4,0,0,0,0,CR-MILITARY RD S,S 360TH ST,-122.2753306,47.278919444,0,2,88,66,4,45,14,0,0,1,7,12,8,2,2,1,1,1,1,53,0,37,402,2002,0,0.0,12,,,,,,1,1,54,2,0.0,,2,0,3,0,11,4,,,,,0.0,0.0,0.0,3.0,1,0,0.0,0.0,0.0,96,,,,,,0,,,,,,98001,53,67.0,160.0,6.0,1.0,0.0,0.0,2.0,2.0,,0,,,,,,0,11/15/2014,08/15/2018,1,0,0,0,8.0,9,8,,,0,0.0,0.0,8,0,8.0,95.0,,,96.0,,,8,95,995.0,,,,,,,,,,,,,,,,,,,,,,,,,,,,,,0,0,0,1,0,0,1,1,1,0,0,0,0,1,0,0,0,0,0,1,0,0,0,0,0,0,0,0,0,1,0,0,0,0,0,,0,0,0,0,0,0,0,0,0,0,0,0,0,0,0,0,,,,,,51-55,46-55,County road,U,Tuesday,Belt Used,PV,Not Fatal,1,0,0,0,County Road,County Sheriff,King County Police,0,0,1,0,0,,,,,,0.0,0.0,0.0,,,,,,,,,,,98.0,98.0,98.0,0.0,,,,,20.0,7.0,,,,,,,,,,,,,,,,98001,Auburn,Auburn
2145,2190,2190,2019,385,E976629,7.0,2019-10-29,10:26,29,10,,33,King,1050,1,0.0,1,1,1,1,0,2,2,,,,25,0,0,0.1,3,1,2,1,2,1,1,0,0,3,3,I-405 RAMP LX02065,NE 128TH ST,-122.1852806,47.714838889,0,1,1,6,1,98,21,0,0,1,7,2,1,3,2,3,1,1,1,53,0,12,461,2004,0,0.0,63,25.0,30.0,2.0,60.0,54.0,1,1,49,1,1.0,,4,7,3,0,11,0,10/29/2019,10:26,105053048414.0,48414.0,0.0,0.0,0.0,3.0,1,0,0.0,0.0,0.0,96,,,,,,99,,,,,,98034,53,71.0,200.0,6.0,1.0,0.0,1.0,1.0,3.0,,0,,,,,,4,10/15/2016,04/15/2018,99,0,0,0,0.0,9,8,,,0,0.0,0.0,8,9,2.0,695.0,605.0,,1.0,1.0,,2,1,0.0,,,,,,,,,,,,,,,,,,,,,,,,,,,,,,0,0,1,1,0,0,1,1,1,0,0,0,1,0,0,0,0,0,0,0,0,0,0,0,0,1,1,1,0,1,0,0,0,0,0,,1,0,0,0,0,0,1,1,0,1,0,0,0,0,1,0,,,,,,46-50,46-55,Interstate,U,Tuesday,Belt Used,PV,Hispanic,0,1,0,0,State Route,State Patrol,Washington State Patrol,1,1,0,0,0,thc,888.0,carboxy-thc,888.0,,0.0,0.0,0.0,,,,,,,,,,,98.0,98.0,98.0,1.0,,,,,20.0,7.0,,,,,,,,,,,,,,,,98034,Kirkland,Kirkland
2146,2191,2191,2019,385,E976629,7.0,2019-10-29,10:26,29,10,,33,King,1050,1,0.0,1,1,1,1,0,2,2,,,,25,0,0,0.1,3,1,2,1,2,1,1,0,0,0,0,I-405 RAMP LX02065,NE 128TH ST,-122.1852806,47.714838889,0,2,98,98,7,60,1,0,0,1,5,54,1,3,2,3,1,1,1,53,0,42,44,2005,0,0.0,54,,,,,,1,1,77,1,0.0,,0,0,3,0,11,0,,,,,0.0,0.0,3.0,3.0,1,0,0.0,0.0,0.0,96,,,,,,0,,,,,,98075,53,73.0,220.0,6.0,1.0,0.0,0.0,0.0,0.0,,0,,,,,,0,,,20,0,0,0,8.0,9,8,,,0,0.0,0.0,8,0,8.0,95.0,,,96.0,,,8,95,995.0,,,,,,,,,,,,,,,,,,,,,,,,,,,,,,0,0,1,1,0,0,1,1,1,0,0,0,1,0,0,0,0,0,0,0,0,0,0,0,0,1,1,1,0,1,0,0,0,0,0,,0,0,0,0,0,0,0,0,0,0,0,0,0,0,0,0,,,,,,76-80,76+,Interstate,U,Tuesday,Belt Used,PV,Not Fatal,0,1,0,0,State Route,State Patrol,Washington State Patrol,1,1,0,0,0,,,,,,0.0,0.0,0.0,,,,,,,,,,,98.0,98.0,98.0,0.0,,,,,20.0,7.0,,,,,,,,,,,,,,,,98034,Sammamish,Kirkland
2147,2192,2192,2019,386,E976671,188.0,2019-10-22,13:01,22,10,,33,King,1264,2,0.0,1,2,1,1,0,2,2,,,,12,0,6,11.7,2,0,2,3,2,1,3,0,0,3,3,SR-169,SE 264TH ST,-122.0217917,47.365208333,0,1,68,15,2,35,4,0,0,1,7,12,1,1,5,1,11,1,1,53,0,37,32,2006,0,0.0,12,,,,,,1,1,82,2,7.0,,4,0,3,0,11,4,10/23/2019,11:50,196053046954.0,46954.0,0.0,0.0,0.0,3.0,1,38,0.0,0.0,0.0,96,,,,,,0,,,,,,98038,53,64.0,160.0,6.0,1.0,0.0,0.0,0.0,0.0,,0,,,,,,0,,,8,0,0,0,0.0,9,8,,,0,0.0,0.0,8,0,2.0,1.0,,,1.0,,,2,1,0.0,,,,,,,,,,,,,,,,,,,,,,,,,,,,,,0,0,0,1,0,0,0,0,0,0,0,0,0,0,0,0,0,0,1,0,0,0,0,0,0,1,1,1,0,1,1,0,0,0,0,,1,0,0,0,0,0,0,0,0,0,1,0,0,0,0,0,,,,,,81+,76+,State route,U,Tuesday,Belt Used,PV,White,1,0,0,0,State Route,Municipal/City Police,Maple Valley Police Dept,0,1,0,0,0,,,,,,0.0,0.0,0.0,,,,,,,,,,,98.0,98.0,98.0,1.0,,,,,20.0,7.0,,,,,,,,,,,,,,,,98038,Maple Valley,Maple Valley
2148,2193,2193,2019,386,E976671,188.0,2019-10-22,13:01,22,10,,33,King,1264,2,0.0,1,2,1,1,0,2,2,,,,12,0,6,11.7,2,0,2,3,2,1,3,0,0,3,3,SR-169,SE 264TH ST,-122.0217917,47.365208333,0,2,69,62,4,35,63,0,0,1,7,12,1,1,5,1,1,1,3,53,0,87,881,2006,0,0.0,12,,,,,,1,1,31,1,0.0,,0,0,20,7,11,0,,,,,6.0,1.0,0.0,3.0,1,0,0.0,0.0,0.0,96,,,,,,0,,,,,,98321,53,70.0,165.0,6.0,1.0,0.0,1.0,2.0,0.0,,0,,,,,,0,09/15/2016,06/15/2017,20,0,0,0,8.0,9,8,,,0,0.0,0.0,8,0,8.0,95.0,,,96.0,,,8,95,995.0,,,,,,,,,,,,,,,,,,,,,,,,,,,,,,0,0,0,1,0,0,0,0,0,0,0,0,0,0,0,0,0,0,1,0,0,0,0,0,0,1,1,1,0,1,1,0,0,0,0,,0,0,0,0,0,0,0,0,0,0,0,0,0,0,0,0,,,,,,31-35,26-35,State route,U,Tuesday,,MHTRUCK,Not Fatal,1,0,0,0,State Route,Municipal/City Police,Maple Valley Police Dept,0,1,0,0,0,,,,,,0.0,0.0,0.0,,,,,,,,,,,98.0,98.0,98.0,0.0,,,,,20.0,7.0,,,,,,,,,,,,,,,,98038,Buckley,Maple Valley
2149,2194,2194,2019,387,3705992,263.0,2019-10-21,19:24,21,10,,33,King,1960,2,0.0,3,2,2,1,1,1,1,,,,8,0,0,31.7,3,0,3,3,2,1,3,0,0,0,0,SR-99,N 98TH ST,-122.3447278,47.700522222,0,1,13,80,5,35,61,0,0,1,5,8,1,1,2,3,1,1,3,53,0,12,881,2008,0,0.0,8,,,,,,1,1,28,1,0.0,,0,0,99,7,11,0,,,,,0.0,0.0,0.0,3.0,1,0,0.0,0.0,0.0,0,,,,,,0,,,,,,98032,53,71.0,165.0,6.0,1.0,0.0,0.0,0.0,0.0,,0,,,,,,0,,,20,0,0,0,8.0,9,2,,,0,0.0,0.0,0,0,8.0,95.0,,,96.0,,,8,95,995.0,,,,,,,,,,,,,,,,,,,,,,,,,,,,,,0,0,0,1,0,0,0,0,0,0,0,0,0,0,0,0,0,0,0,0,0,0,0,0,0,0,0,0,0,0,1,1,0,0,0,,0,0,0,0,0,0,0,0,0,0,0,0,0,0,0,0,,,,,,26-30,26-35,State route,U,Monday,,MHTRUCK,Not Fatal,1,0,0,0,State Route,Municipal/City Police,Seattle Police Department,0,1,0,0,0,,,,,,0.0,0.0,0.0,,,,,,,,,,,98.0,98.0,98.0,0.0,,,,,20.0,7.0,,,,,,,,,,,,,,,,98103,Kent,Seattle
2150,2195,2195,2019,388,E977568,42.0,2019-10-31,21:11,31,10,,67,Thurston,0,1,0.0,2,1,2,1,0,1,1,,,,42,0,0,11.3,1,0,1,5,1,2,4,0,0,0,0,CR-BALD HILL RD SE,,-122.4755556,46.817013889,0,1,6,13,2,50,4,0,0,1,7,42,3,1,2,1,14,1,1,53,0,49,40,2018,0,0.0,63,69.0,68.0,64.0,42.0,,1,1,34,1,7.0,,4,7,20,7,11,0,10/31/2019,21:11,53048824.0,48824.0,0.0,0.0,0.0,3.0,1,58,0.0,0.0,0.0,96,,,,,,99,,,,,,98597,53,70.0,190.0,6.0,1.0,0.0,0.0,0.0,0.0,,0,,,,,,4,,,8,0,0,0,0.0,9,8,,,0,0.0,0.0,8,9,2.0,695.0,605.0,,1.0,1.0,,2,1,0.19,,,,,,,,,,,,,,,,,,,,,,,,,,,,,,0,0,1,0,1,1,1,1,1,0,0,0,1,0,0,0,0,0,0,1,0,0,0,0,0,0,0,0,0,1,0,0,0,1,0,,1,0,0,0,0,1,1,1,0,1,0,0,0,0,0,1,,,,,,31-35,26-35,County road,R,Thursday,Not Used,PV,White,0,1,0,0,County Road,County Sheriff,Thurston County Sheriff's Office,1,0,1,0,0,thc,7.3,carboxy-thc,17.0,,0.0,0.0,0.0,,,,,,,,,,,98.0,98.0,98.0,1.0,,,,,20.0,7.0,,,,,,,,,,,,,,,,98597,Yelm,Yelm
2151,2196,2196,2019,389,E977758,1.0,2019-10-26,23:33,26,10,,77,Yakima,0,1,0.0,2,1,2,1,0,1,1,,,,24,0,0,198.5,1,0,1,3,2,1,2,0,0,0,0,US-12,,-120.58535,46.631183333,0,1,6,12,2,60,14,0,0,1,2,1,2,2,2,3,14,1,1,53,0,2,404,1996,0,0.0,64,24.0,21.0,67.0,1.0,,1,1,61,1,7.0,,4,7,3,0,11,0,10/26/2019,23:33,53048599.0,48599.0,0.0,0.0,0.0,3.0,1,0,0.0,0.0,0.0,96,,,,,,9,,,,,,98908,53,70.0,200.0,6.0,1.0,0.0,0.0,0.0,0.0,,0,,,,,,4,,,1,2,9,0,0.0,1,8,,,0,0.0,0.0,1,1,2.0,996.0,996.0,417.0,1.0,1.0,1.0,2,1,0.21,,,,,,,,,,,,,,,,,,,,,,,,,,,,,,0,0,1,0,1,1,1,1,0,0,0,0,1,0,0,0,0,0,0,0,0,0,0,0,0,0,0,0,0,1,0,0,0,0,0,,1,0,0,0,0,1,1,1,0,1,0,0,0,0,0,1,,,,,,61-65,56-65,US highway,U,Saturday,Belt Used,PV,White,0,1,0,0,State Route,State Patrol,Washington State Patrol,1,1,0,0,0,,,,,,0.0,0.0,0.0,1.0,1.0,,,,996.0,996.0,,,,0.0,0.0,0.0,1.0,,,,,20.0,7.0,,,,,,,,,,,,,,,,98908,Yakima,Yakima
2152,2197,2197,2019,390,E978024,11.0,2019-10-10,6:16,10,10,,5,Benton,0,1,0.0,2,1,2,1,0,2,2,,,,12,0,2,9999.9,1,0,1,7,1,2,4,0,5,0,0,CR-ROUTE 4 S,,-119.4555056,46.519238889,0,1,50,10,2,60,4,0,0,1,7,12,1,2,2,1,6,1,1,53,0,59,35,2006,0,0.0,68,12.0,,,,,1,1,56,1,7.0,,4,7,3,0,11,0,10/10/2019,6:16,53044611.0,44611.0,0.0,0.0,0.0,3.0,1,33,0.0,0.0,0.0,96,,,,,,0,,,,,,99354,53,68.0,200.0,6.0,1.0,0.0,0.0,0.0,2.0,,0,,,,,,0,12/15/2016,12/15/2017,8,0,0,0,0.0,9,8,,,0,0.0,0.0,8,0,2.0,1.0,,,1.0,,,2,1,0.0,,,,,,,,,,,,,,,,,,,,,,,,,,,,,,0,0,0,0,0,0,0,0,0,0,0,0,0,0,0,0,0,0,0,0,0,0,0,0,0,0,0,0,0,1,0,0,0,0,0,,1,0,0,0,0,0,0,0,0,0,0,0,0,0,0,0,,,,,,56-60,56-65,County road,R,Thursday,Belt Used,PV,API,0,1,1,0,Other,County Sheriff,Benton County Sheriff's Office,0,0,0,0,1,,,,,,0.0,0.0,0.0,,,,,,,,,,,98.0,98.0,98.0,18.0,,,,,20.0,7.0,,,,,,,,,,,,,,,,99352,Richland,Richland