,index,Unnamed: 0,year,case,par,repjur,crash_dt,crash_tm,accday,accmon,holiday,county,co_char,city,weather,weather2,lightcond,surfcond,surftype,numfatal,nmforms,pforms,vforms,not_tm,arr_tm,hosp_tm,fhevent,hitrun,manncol,milepnt,reljunc,reljuncinter,intersectiontype,funcsystem,landuse,ownership,route,schlbus,spejur,contdev,devfunc,trafid1,trafid2,lon,lat,wk_zone,vnumber,crashtype,criticalevent,criticaleventcat,spdlim,body,trailer,emerg,hazcargo,leave,mhevent,roadalgn,roadprof,traflane,trafflow,vehmanvr,numoccs,regowner,regstate,spuse,make,model,modelyr,vrf1,vrf2,seqevent1,seqevent2,seqevent3,seqevent4,seqevent5,seqevent6,pnumber,ptype,age,sex,hispanic,race,injury,diedscene,restraint,restraintmisuse,seatpos,takehosp,death_dt,death_tm,cert,cernum_wa,commlic,licendor,licrestrict,liccomp,drivpres,drf1,drf2,drf3,drf4,distract1,distract2,distract3,distract4,distract5,distract6,dricond1,dricond2,dricond3,dricond4,dricond5,dricond6,dzip,licstate,drhgt_in,weight,noncdl,noncdltype,prevdwi,prevoth,prevacc,prevspd,prevsus,driviol1,driviol2,driviol3,driviol4,driviol5,driviol6,spdrel,first_dt,last_dt,airbag,ejection,ejectpath,extricat,injurwrk,methalc,methdrug,nmlocat,strikveh,prf1,prf2,prf3,druginv,alcinvol,drugsts,drugres1,drugres2,drugres3,drugtst1,drugtst2,drugtst3,alcsts,alctst,alcres,nmact1,nmact2,nmact3,nmact4,nmact5,nmact6,nmprior1,nmprior2,nmprior3,nmprior4,nmprior5,nmprior6,nmcond1,nmcond2,nmcond3,nmcond4,nmcond5,nmcond6,nmsafe_helmet,nmsafe_pads,nmsafe_oth,nmprev_ref,nmprev_lgt,nmprev_oth,crashlocation,nmcrashtype,crosswalk,schoolzone,sidewalk,train_inv,wildlife_inv,rotr_fars,intersect_fars,dd_inv,aid_inv,dpd_inv,id_inv,mj_inv,impnm_inv,ainm_inv,dpnm_inv,speed_inv,unlic_inv,unendmc_inv,drowsy_inv,drdist_inv,nmdist_inv,fty_inv,unrestfat_inv,dr1617_inv,dr1820_inv,dr1620_inv,dr2125_inv,dr1625_inv,dr65_inv,dr70_inv,dr75_inv,mc_inv,pv_inv,ht_inv,ped_inv,bike_inv,unrest_fat,mc_fat,unhelmet_mc,pv_fat,ht_fat,ped_fat,bike_fat,dr_alc7,dr_alc8,dr_drug,dr_imp,dr_dist,dr_spd,dr_fty,dr_unlic,dr_alc7only,dr_alc8only,dr_drugonly,dr_drink,nm_imp,nm_alc7,nm_alc8,nm_drug,nm_dist,agegrp1,agegrp2,roadclass,urbrur,dayweek,restuse,vehtype,race_me,intersect,lanedep,oppdir,wrongway,rep_typ,investag,repag_long,rotr,st_rd,cty_rd,city_rd,oth_rd,drug_thc,thc_res,drug_cthc,cthc_res,drug_cann,prevpersemin,prevperse,prevsusoth,drugtst4,drugtst5,drugtst6,drugtst7,drugtst8,drugres4,drugres5,drugres6,drugres7,drugres8,adspresent,adsengaged,adslevel,race1,race2,race3,race4,race5,helmet,helmetmisuse,nmdistract1,nmdistract2,nmdistract3,nmdistract4,nmdistract5,nmdistract6,lab,isedtcase,crf1,crf2,crf3,CoRoadName,CoMP,IntCoRoadName,IntCoMP,crashzip,dcity,crashcity
2153,2198,2198,2019,390,E978024,11.0,2019-10-10,6:16,10,10,,5,Benton,0,1,0.0,2,1,2,1,0,2,2,,,,12,0,2,9999.9,1,0,1,7,1,2,4,0,5,0,0,CR-ROUTE 4 S,,-119.4555056,46.519238889,0,2,51,62,4,60,34,0,0,1,7,12,1,2,2,1,1,1,2,53,0,49,472,2014,0,0.0,12,,,,,,1,1,45,1,0.0,,2,0,3,0,11,4,,,,,0.0,0.0,0.0,3.0,1,0,0.0,0.0,0.0,96,,,,,,0,,,,,,99353,53,68.0,165.0,6.0,1.0,0.0,0.0,0.0,0.0,,0,,,,,,0,,,8,0,0,0,8.0,9,8,,,0,0.0,0.0,8,0,8.0,95.0,,,96.0,,,8,95,995.0,,,,,,,,,,,,,,,,,,,,,,,,,,,,,,0,0,0,0,0,0,0,0,0,0,0,0,0,0,0,0,0,0,0,0,0,0,0,0,0,0,0,0,0,1,0,0,0,0,0,,0,0,0,0,0,0,0,0,0,0,0,0,0,0,0,0,,,,,,41-45,36-45,County road,R,Thursday,Belt Used,PV,Not Fatal,0,1,1,0,Other,County Sheriff,Benton County Sheriff's Office,0,0,0,0,1,,,,,,0.0,0.0,0.0,,,,,,,,,,,98.0,98.0,98.0,0.0,,,,,20.0,7.0,,,,,,,,,,,,,,,,99352,West Richland,Richland
2154,2199,2199,2019,391,E978427,5.0,2019-11-03,20:03,3,11,,11,Clark,2370,1,0.0,3,1,2,1,1,1,1,,,,8,0,0,2.4,1,0,1,1,2,1,1,0,0,0,0,I-5,,-122.6617056,45.650097222,0,1,13,80,5,60,66,1,0,1,5,8,1,2,3,3,1,1,3,18,0,51,881,2016,0,0.0,8,,,,,,1,1,59,1,0.0,,0,0,3,0,11,0,,,,,6.0,1.0,3.0,3.0,1,0,0.0,0.0,0.0,96,,,,,,0,,,,,,97203,41,68.0,170.0,6.0,1.0,0.0,1.0,2.0,0.0,,0,,,,,,0,10/15/2015,11/15/2017,20,0,0,0,8.0,9,8,,,0,0.0,0.0,8,0,8.0,95.0,,,96.0,,,8,95,995.0,,,,,,,,,,,,,,,,,,,,,,,,,,,,,,0,0,0,0,0,0,0,0,0,0,0,0,0,0,0,0,0,0,0,0,0,0,0,0,0,0,0,0,0,0,1,1,0,0,0,,0,0,0,0,0,0,0,0,0,0,0,0,0,0,0,0,,,,,,56-60,56-65,Interstate,U,Sunday,,MHTRUCK,Not Fatal,0,0,0,0,State Route,State Patrol,Washington State Patrol,0,1,0,0,0,,,,,,0.0,0.0,0.0,,,,,,,,,,,98.0,98.0,98.0,0.0,,,,,20.0,7.0,,,,,,,,,,,,,,,,98663,Portland,Vancouver
2155,2200,2200,2019,392,EA21730,5.0,2019-10-26,2:30,26,10,,39,Klickitat,0,1,0.0,2,1,2,1,0,3,1,,,,24,0,0,21.9,1,0,1,5,1,2,4,0,0,0,0,CR-GLENWOOD HWY,,-121.014275,45.881558333,0,1,2,13,2,50,3,0,0,1,2,42,3,2,2,1,14,3,1,53,0,54,38,2002,0,0.0,63,69.0,63.0,24.0,42.0,,1,1,25,1,0.0,,2,0,3,0,11,0,,,,,0.0,0.0,0.0,3.0,1,58,91.0,0.0,0.0,96,,,,,,9,,,,,,98620,53,73.0,155.0,6.0,1.0,1.0,0.0,1.0,0.0,,1,,,,,,0,03/15/2015,03/15/2015,8,0,0,0,8.0,9,8,,,0,0.0,0.0,8,1,2.0,695.0,605.0,,1.0,1.0,,2,1,0.15,,,,,,,,,,,,,,,,,,,,,,,,,,,,,,0,0,0,0,1,1,1,1,1,0,0,0,0,0,0,0,0,0,0,1,0,0,0,1,1,0,0,0,0,1,0,0,0,0,0,,0,0,0,0,0,1,1,1,0,0,0,0,0,0,0,1,,,,,,21-25,16-25,County road,R,Saturday,Belt Used,PV,Not Fatal,0,1,0,0,County Road,County Sheriff,Klickitat County Sheriff's Office,1,0,1,0,0,thc,2.3,carboxy-thc,7.8,,0.0,1.0,0.0,,,,,,,,,,,98.0,98.0,98.0,0.0,,,,,20.0,7.0,,,,,,,,,,,,,,,,98620,Goldendale,Goldendale
2156,2201,2201,2019,393,E978797,82.0,2019-11-02,11:03,2,11,,41,Lewis,300,1,0.0,1,1,2,1,0,1,2,,,,14,0,0,0.0,1,0,1,7,2,4,6,0,0,0,0,YEW ST,,-122.9685056,46.714505556,0,1,11,11,2,25,4,0,0,1,7,14,1,1,2,2,1,1,1,53,0,51,42,1994,0,0.0,63,14.0,,,,,1,1,54,2,7.0,,4,0,99,7,11,8,11/04/2019,10:23,223053048840.0,48840.0,0.0,0.0,0.0,2.0,1,0,0.0,0.0,0.0,92,,,,,,99,,,,,,98531,53,63.0,171.0,1.0,1.0,0.0,1.0,0.0,0.0,,97,,,,,,0,11/15/2015,10/15/2018,20,0,0,0,0.0,9,8,,,0,0.0,0.0,8,9,2.0,401.0,417.0,,1.0,1.0,,2,1,0.2,,,,,,,,,,,,,,,,,,,,,,,,,,,,,,0,0,0,0,1,1,1,1,0,0,0,0,0,1,0,0,1,0,0,0,0,0,0,0,0,0,0,0,0,1,0,0,0,0,0,,1,0,0,0,0,1,1,1,1,0,0,1,0,0,0,1,,,,,,51-55,46-55,City street,U,Saturday,Unknown,PV,White,0,1,0,0,City Street,Municipal/City Police,Centralia Police Department,1,0,0,1,0,,,,,,0.0,0.0,9.0,,,,,,,,,,,0.0,0.0,0.0,1.0,,,,,20.0,7.0,,,,,,,,,,,,,,,,98531,Centralia,Centralia
2157,2202,2202,2019,394,E978866,8.0,2019-10-20,20:50,20,10,,27,Grays Harbor,0,10,0.0,2,2,2,1,0,2,1,,,,42,0,0,0.6,1,0,1,96,6,96,8,0,0,0,0,CAPITOL FOREST D INE,,-123.2571639,46.874619444,0,1,1,13,2,25,34,0,0,1,5,42,3,2,2,1,14,2,2,53,0,12,481,2013,0,0.0,63,42.0,,,,,1,1,25,1,0.0,,2,0,99,7,11,8,,,,,0.0,0.0,0.0,3.0,1,0,0.0,0.0,0.0,96,,,,,,9,,,,,,98541,53,70.0,200.0,6.0,1.0,0.0,0.0,0.0,3.0,,97,,,,,,4,01/15/2018,12/15/2018,8,0,0,0,8.0,9,8,,,0,0.0,0.0,8,1,2.0,695.0,605.0,,1.0,1.0,,2,1,0.057,,,,,,,,,,,,,,,,,,,,,,,,,,,,,,0,0,1,0,1,0,1,1,1,0,0,0,1,0,0,0,0,0,0,0,0,0,0,1,1,0,0,0,0,1,0,0,0,0,0,,0,0,0,0,1,0,1,1,0,1,0,0,0,0,0,1,,,,,,21-25,16-25,Other,,Sunday,Unknown,PV,Not Fatal,0,1,0,0,Other,State Patrol,Washington State Patrol,1,0,0,0,1,thc,4.7,carboxy-thc,37.0,,0.0,0.0,0.0,,,,,,,,,,,98.0,98.0,98.0,0.0,,,,,20.0,7.0,,,,,,,,,,,,,,,,98568,Elma,Oakville
2158,2203,2203,2019,395,E979909,8.0,2019-10-11,23:22,11,10,,27,Grays Harbor,0,1,0.0,2,1,2,1,0,1,1,,,,1,0,0,1.1,1,0,1,3,2,1,3,0,0,0,0,SR-8,,-123.367225,47.0121,0,1,6,6,1,60,5,0,0,1,7,1,1,1,2,3,15,1,5,53,0,48,38,2008,0,0.0,64,1.0,57.0,,,,1,1,19,2,6.0,,4,7,20,7,11,0,10/11/2019,23:22,53045820.0,45820.0,0.0,0.0,0.0,0.0,1,37,0.0,0.0,0.0,96,,,,,,99,,,,,,98520,53,64.0,112.0,0.0,0.0,0.0,0.0,0.0,0.0,,0,,,,,,4,,,8,1,9,0,0.0,9,8,,,0,0.0,0.0,8,9,2.0,996.0,996.0,401.0,1.0,1.0,1.0,2,1,0.0,,,,,,,,,,,,,,,,,,,,,,,,,,,,,,0,0,1,0,0,0,1,1,0,0,0,0,1,1,0,0,0,0,0,1,0,1,1,0,1,0,0,0,0,1,0,0,0,1,0,,1,0,0,0,0,0,1,1,0,1,0,1,0,0,1,0,,,,,,18-20,16-25,State route,U,Friday,Not Used,PV,Hispanic,0,1,0,0,State Route,State Patrol,Washington State Patrol,1,1,0,0,0,,,,,,0.0,0.0,0.0,1.0,1.0,1.0,,,417.0,128.0,177.0,157.0,,98.0,98.0,98.0,1.0,,,,,20.0,7.0,,,,,,,,,,,,,,,,98541,Aberdeen,Elma
2159,2204,2204,2019,396,E963305,8.0,2019-09-18,23:12,18,9,,35,Kitsap,180,1,0.0,2,1,2,1,0,2,2,,,,12,0,2,33.7,1,0,1,3,2,1,3,0,0,0,0,SR-3,,-122.7156,47.523905556,0,1,98,10,2,55,34,0,0,1,7,1,1,2,3,2,1,1,2,53,0,12,471,1988,0,0.0,12,1.0,,,,,1,1,22,2,0.0,,2,0,3,0,11,8,,,,,0.0,0.0,0.0,2.0,1,51,91.0,0.0,0.0,96,,,,,,9,,,,,,98312,53,63.0,130.0,1.0,1.0,0.0,0.0,0.0,1.0,,9,11.0,71.0,,,,0,05/15/2019,05/15/2019,20,0,0,0,8.0,9,8,,,0,0.0,0.0,8,1,2.0,1.0,,,1.0,,,2,1,0.21,,,,,,,,,,,,,,,,,,,,,,,,,,,,,,0,0,0,0,1,1,0,1,0,0,0,0,0,1,0,0,1,0,0,0,0,0,0,1,1,0,0,0,0,1,0,0,0,0,0,,0,0,0,0,0,1,0,1,0,0,0,1,0,1,0,1,,,,,,21-25,16-25,State route,U,Wednesday,Belt Used,PV,Not Fatal,0,0,0,1,State Route,State Patrol,Washington State Patrol,0,1,0,0,0,,,,,,0.0,0.0,1.0,,,,,,,,,,,0.0,0.0,0.0,0.0,,,,,20.0,7.0,,,,,,,,,,,,,,,,98312,Bremerton,Bremerton
2160,2205,2205,2019,396,E963305,8.0,2019-09-18,23:12,18,9,,35,Kitsap,180,1,0.0,2,1,2,1,0,2,2,,,,12,0,2,33.7,1,0,1,3,2,1,3,0,0,0,0,SR-3,,-122.7156,47.523905556,0,2,98,54,3,55,34,0,0,1,7,12,1,2,3,2,1,1,2,53,0,20,471,1991,0,0.0,12,,,,,,1,1,32,1,7.0,,4,0,99,7,11,4,09/20/2019,14:26,196053042033.0,42033.0,0.0,0.0,3.0,3.0,1,0,0.0,0.0,0.0,92,,,,,,99,,,,,,98351,53,73.0,145.0,6.0,1.0,0.0,1.0,1.0,0.0,,0,,,,,,0,03/15/2016,03/15/2016,20,0,0,0,0.0,9,8,,,0,0.0,0.0,8,9,2.0,1.0,,,1.0,,,2,1,0.0,,,,,,,,,,,,,,,,,,,,,,,,,,,,,,0,0,0,0,1,1,0,1,0,0,0,0,0,1,0,0,1,0,0,0,0,0,0,1,1,0,0,0,0,1,0,0,0,0,0,,1,0,0,0,0,0,0,0,1,0,0,0,0,0,0,0,,,,,,31-35,26-35,State route,U,Wednesday,Unknown,PV,White,0,0,0,1,State Route,State Patrol,Washington State Patrol,0,1,0,0,0,,,,,,0.0,0.0,0.0,,,,,,,,,,,0.0,0.0,0.0,1.0,,,,,20.0,7.0,,,,,,,,,,,,,,,,98312,Longbranch,Bremerton
2161,2206,2206,2019,397,E968496,5.0,2019-10-02,1:19,2,10,,15,Cowlitz,0,1,0.0,2,1,2,1,1,1,1,,,,8,0,0,0.2,20,1,1,1,1,1,1,0,0,0,0,I-5 RAMP,,-122.8579639,46.039622222,0,1,13,80,5,98,34,0,0,1,5,8,1,1,1,6,1,1,1,53,0,12,471,2000,0,0.0,8,,,,,,1,1,55,1,0.0,,0,0,3,0,11,0,,,,,0.0,0.0,0.0,3.0,1,0,0.0,0.0,0.0,96,,,,,,0,,,,,,98325,53,72.0,220.0,6.0,1.0,0.0,0.0,0.0,0.0,,0,,,,,,0,,,20,0,0,0,8.0,9,2,,,0,0.0,0.0,0,0,2.0,1.0,,,1.0,,,2,1,0.0,,,,,,,,,,,,,,,,,,,,,,,,,,,,,,0,0,0,0,0,0,0,0,0,0,0,0,0,0,0,0,0,0,0,0,0,0,0,0,0,0,0,0,0,1,0,1,0,0,0,,0,0,0,0,0,0,0,0,0,0,0,0,0,0,0,0,,,,,,51-55,46-55,Interstate,R,Wednesday,Belt Used,PV,Not Fatal,0,0,0,0,State Route,State Patrol,Washington State Patrol,0,1,0,0,0,,,,,,0.0,0.0,0.0,,,,,,,,,,,98.0,98.0,98.0,0.0,,,,,20.0,7.0,,,,,,,,,,,,,,,,98626,Chimacum,Kelso
2162,2207,2207,2019,398,E979944,4.0,2019-11-06,15:10,6,11,,65,Stevens,0,1,0.0,1,1,2,1,0,2,2,,,,12,0,2,219.1,1,0,1,3,1,1,2,0,0,0,0,US-395,,-117.8287417,48.335258333,0,1,50,10,2,60,14,0,0,1,2,12,3,2,2,1,6,1,9,95,0,63,402,2015,0,0.0,68,12.0,,,,,1,1,76,2,0.0,,1,0,3,0,11,8,,,,,99.0,9.0,9.0,9.0,1,28,33.0,0.0,0.0,96,,,,,,1,,,,,,0,95,,999.0,9.0,9.0,99.0,99.0,99.0,99.0,,97,,,,,,0,,,1,0,0,0,8.0,9,8,,,0,0.0,0.0,8,0,8.0,95.0,,,96.0,,,8,95,995.0,,,,,,,,,,,,,,,,,,,,,,,,,,,,,,0,0,0,0,0,0,0,0,0,0,0,0,0,0,0,0,0,0,0,0,0,0,0,0,0,1,1,1,1,1,0,0,0,0,0,,0,0,0,0,0,0,0,0,0,0,0,0,0,0,0,0,,,,,,76-80,76+,US highway,R,Wednesday,Belt Used,PV,Not Fatal,0,1,1,0,State Route,State Patrol,Washington State Patrol,0,1,0,0,0,,,,,,99.0,99.0,99.0,,,,,,,,,,,98.0,98.0,98.0,0.0,,,,,20.0,7.0,,,,,,,,,,,,,,,,99109,Canada,Chewelah
2163,2208,2208,2019,398,E979944,4.0,2019-11-06,15:10,6,11,,65,Stevens,0,1,0.0,1,1,2,1,0,2,2,,,,12,0,2,219.1,1,0,1,3,1,1,2,0,0,0,0,US-395,,-117.8287417,48.335258333,0,2,51,62,4,60,80,0,0,1,2,12,8,8,2,1,1,1,2,53,0,72,706,2018,0,0.0,12,,,,,,1,1,57,1,7.0,,4,0,20,7,11,4,11/06/2019,16:03,41053049913.0,49913.0,0.0,0.0,3.0,3.0,1,0,0.0,0.0,0.0,96,,,,,,99,,,,,,99141,53,71.0,230.0,6.0,1.0,0.0,0.0,0.0,0.0,,0,,,,,,0,,,20,8,0,0,0.0,9,8,,,0,0.0,0.0,8,9,2.0,1.0,,,1.0,,,2,1,0.0,,,,,,,,,,,,,,,,,,,,,,,,,,,,,,0,0,0,0,0,0,0,0,0,0,0,0,0,0,0,0,0,0,0,0,0,0,0,0,0,1,1,1,1,1,0,0,0,0,1,0.0,0,0,0,0,0,0,0,0,0,0,0,0,0,0,0,0,,,,,,56-60,56-65,US highway,R,Wednesday,,MC,White,0,1,1,0,State Route,State Patrol,Washington State Patrol,0,1,0,0,0,,,,,,0.0,0.0,0.0,,,,,,,,,,,0.0,0.0,0.0,1.0,,,,,5.0,0.0,,,,,,,,,,,,,,,,99109,Kettle Falls,Chewelah
2164,2209,2209,2019,399,E980328,16.0,2019-11-08,8:50,8,11,,15,Cowlitz,0,1,0.0,1,1,5,1,0,1,1,,,,42,0,0,9999.9,1,0,1,6,1,2,4,0,0,0,0,CR-KALAMA RIVER RD,,-122.6388333,46.044811111,0,1,1,13,2,35,66,1,0,1,7,42,3,2,2,1,14,1,3,53,0,85,881,2017,0,0.0,63,42.0,,,,,1,1,58,1,7.0,,4,7,20,7,11,0,11/08/2019,8:50,53050261.0,50261.0,6.0,1.0,0.0,3.0,1,0,0.0,0.0,0.0,92,,,,,,99,,,,,,98632,53,73.0,208.0,6.0,1.0,0.0,0.0,0.0,0.0,,0,,,,,,0,,,20,0,0,0,1.0,9,8,,,0,0.0,0.0,8,9,2.0,1.0,,,1.0,,,2,1,0.0,,,,,,,,,,,,,,,,,,,,,,,,,,,,,,0,0,1,0,0,0,0,0,0,0,0,0,0,0,0,0,1,0,0,0,0,0,0,0,0,0,0,0,0,0,1,0,0,0,0,,0,1,0,0,0,0,0,0,1,0,0,0,0,0,0,0,,,,,,56-60,56-65,County road,R,Friday,,MHTRUCK,White,0,1,0,0,County Road,County Sheriff,Cowlitz County Sheriff's Office,1,0,1,0,0,,,,,,0.0,0.0,0.0,,,,,,,,,,,98.0,98.0,98.0,1.0,,,,,20.0,7.0,,,,,,,,,,,,,,,,98625,Longview,Kalama
2165,2210,2210,2019,400,E980645,278.0,2019-11-09,17:39,9,11,,63,Spokane,2110,2,0.0,3,2,2,1,1,3,1,,,,8,0,0,0.0,1,0,1,7,2,4,6,0,0,98,8,S PALOUSE HWY,,-117.3592083,47.607036111,0,1,13,80,5,98,6,0,0,1,5,8,1,1,2,1,1,3,1,53,0,12,24,2007,0,0.0,8,,,,,,1,1,21,2,0.0,,0,0,3,0,11,0,,,,,0.0,0.0,3.0,3.0,1,10,38.0,0.0,0.0,96,,,,,,0,,,,,,99223,53,67.0,140.0,6.0,2.0,0.0,0.0,2.0,0.0,,46,,,,,,0,10/15/2015,02/15/2016,20,0,0,0,8.0,9,8,,,0,0.0,0.0,8,0,8.0,95.0,,,96.0,,,8,95,995.0,,,,,,,,,,,,,,,,,,,,,,,,,,,,,,0,0,0,0,0,0,0,0,0,0,0,0,0,0,0,0,0,0,1,0,0,0,0,1,1,0,0,0,0,1,0,1,0,0,0,,0,0,0,0,0,0,0,0,0,0,1,0,0,0,0,0,,,,,,21-25,16-25,City street,U,Saturday,Belt Used,PV,Not Fatal,0,0,0,0,City Street,Municipal/City Police,Spokane Police Department,0,0,0,1,0,,,,,,0.0,0.0,0.0,,,,,,,,,,,98.0,98.0,98.0,0.0,,,,,20.0,7.0,,,,,,,,,,,,,,,,99223,Spokane,Spokane
2166,2211,2211,2019,401,E980699,26.0,2019-11-08,11:39,8,11,,35,Kitsap,0,1,0.0,1,1,2,1,0,3,2,,,,12,0,6,3.1,2,0,3,5,2,2,4,0,0,0,0,CR-CLEAR CREEK RD NW,NW CLOSSER DR,-122.691975,47.708330556,0,1,83,67,4,50,34,0,0,1,7,12,1,1,2,1,1,1,1,53,0,49,472,2015,0,0.0,12,,,,,,1,1,51,1,0.0,,0,0,20,7,11,0,,,,,0.0,0.0,0.0,3.0,1,0,0.0,0.0,0.0,96,,,,,,0,,,,,,98383,53,67.0,235.0,6.0,1.0,0.0,1.0,2.0,1.0,,0,,,,,,0,04/15/2016,01/15/2019,8,0,0,0,8.0,9,8,,,0,0.0,0.0,8,0,8.0,95.0,,,96.0,,,8,95,995.0,,,,,,,,,,,,,,,,,,,,,,,,,,,,,,0,0,0,1,0,0,0,0,0,0,0,0,0,0,0,0,0,0,1,0,0,1,1,0,1,0,0,0,0,1,0,0,0,0,0,,0,0,0,0,0,0,0,0,0,0,0,0,0,0,0,0,,,,,,51-55,46-55,County road,U,Friday,Not Used,PV,Not Fatal,1,0,0,0,County Road,County Sheriff,Kitsap County Sheriff's Office,0,0,1,0,0,,,,,,0.0,0.0,0.0,,,,,,,,,,,98.0,98.0,98.0,0.0,,,,,20.0,7.0,,,,,,,,,,,,,,,,98370,Silverdale,Poulsbo
2167,2212,2212,2019,401,E980699,26.0,2019-11-08,11:39,8,11,,35,Kitsap,0,1,0.0,1,1,2,1,0,3,2,,,,12,0,6,3.1,2,0,3,5,2,2,4,0,0,20,3,CR-CLEAR CREEK RD NW,NW CLOSSER DR,-122.691975,47.708330556,0,2,82,15,2,50,4,0,0,1,7,12,1,1,8,1,11,2,2,53,0,20,37,2003,0,0.0,12,,,,,,1,1,18,2,7.0,,4,0,3,0,11,1,11/09/2019,3:06,196053050847.0,50847.0,0.0,0.0,0.0,3.0,1,38,0.0,0.0,0.0,96,,,,,,0,,,,,,98311,53,62.0,115.0,6.0,1.0,0.0,1.0,0.0,0.0,,0,,,,,,0,12/15/2018,12/15/2018,1,0,0,0,0.0,9,8,,,0,0.0,0.0,8,0,2.0,1.0,,,1.0,,,2,1,0.0,,,,,,,,,,,,,,,,,,,,,,,,,,,,,,0,0,0,1,0,0,0,0,0,0,0,0,0,0,0,0,0,0,1,0,0,1,1,0,1,0,0,0,0,1,0,0,0,0,0,,1,0,0,0,0,0,0,0,0,0,1,0,0,0,0,0,,,,,,18-20,16-25,County road,U,Friday,Belt Used,PV,White,1,0,0,0,County Road,County Sheriff,Kitsap County Sheriff's Office,0,0,1,0,0,,,,,,0.0,0.0,0.0,,,,,,,,,,,98.0,98.0,98.0,1.0,,,,,20.0,7.0,,,,,,,,,,,,,,,,98370,Bremerton,Poulsbo
2168,2213,2213,2019,402,E981386,6.0,2019-11-06,5:44,6,11,,17,Douglas,0,1,0.0,2,1,2,1,0,5,3,,,,12,0,7,7.6,1,0,1,3,2,1,3,0,0,0,0,SR-28,,-120.2365028,47.382994444,0,1,46,11,2,60,21,0,0,1,7,12,1,2,2,1,6,1,1,53,0,20,461,2004,0,0.0,68,68.0,12.0,68.0,12.0,64.0,1,1,55,1,7.0,,4,7,20,7,11,0,11/06/2019,5:44,57053049409.0,49409.0,0.0,0.0,3.0,2.0,1,33,0.0,0.0,0.0,96,,,,,,99,,,,,,98802,53,70.0,190.0,1.0,1.0,1.0,1.0,1.0,0.0,,0,,,,,,0,09/15/2016,06/15/2019,1,0,0,0,0.0,9,8,,,0,0.0,0.0,8,9,2.0,1.0,,,1.0,,,2,1,0.44,,,,,,,,,,,,,,,,,,,,,,,,,,,,,,0,0,0,0,1,1,0,1,0,0,0,0,0,1,0,0,0,0,0,1,0,0,0,1,1,0,0,0,0,1,0,0,0,1,0,,1,0,0,0,0,1,0,1,0,0,0,1,0,1,0,1,,,,,,51-55,46-55,State route,U,Wednesday,Not Used,PV,White,0,0,0,0,State Route,State Patrol,Washington State Patrol,0,1,0,0,0,,,,,,0.0,1.0,2.0,,,,,,,,,,,98.0,98.0,98.0,1.0,,,,,20.0,7.0,,,,,,,,,,,,,,,,98802,East Wenatchee,East Wenatchee
2169,2214,2214,2019,402,E981386,6.0,2019-11-06,5:44,6,11,,17,Douglas,0,1,0.0,2,1,2,1,0,5,3,,,,12,0,7,7.6,1,0,1,3,2,1,3,0,0,0,0,SR-28,,-120.2365028,47.382994444,0,2,98,62,4,60,14,0,0,1,7,12,1,2,2,1,1,1,2,53,0,20,404,2018,0,0.0,12,,,,,,1,1,44,1,0.0,,1,0,3,0,11,5,,,,,0.0,0.0,0.0,3.0,1,0,0.0,0.0,0.0,96,,,,,,0,,,,,,98801,53,72.0,170.0,6.0,1.0,2.0,0.0,0.0,0.0,,0,,,,,,0,11/15/2016,02/15/2017,8,0,0,0,8.0,9,8,,,0,0.0,0.0,8,0,8.0,95.0,,,96.0,,,8,95,995.0,,,,,,,,,,,,,,,,,,,,,,,,,,,,,,0,0,0,0,1,1,0,1,0,0,0,0,0,1,0,0,0,0,0,1,0,0,0,1,1,0,0,0,0,1,0,0,0,0,0,,0,0,0,0,0,0,0,0,0,0,0,0,0,0,0,0,,,,,,41-45,36-45,State route,U,Wednesday,Belt Used,PV,Not Fatal,0,0,0,0,State Route,State Patrol,Washington State Patrol,0,1,0,0,0,,,,,,0.0,2.0,3.0,,,,,,,,,,,98.0,98.0,98.0,0.0,,,,,20.0,7.0,,,,,,,,,,,,,,,,98802,Wenatchee,East Wenatchee
2170,2215,2215,2019,402,E981386,6.0,2019-11-06,5:44,6,11,,17,Douglas,0,1,0.0,2,1,2,1,0,5,3,,,,12,0,7,7.6,1,0,1,3,2,1,3,0,0,0,0,SR-28,,-120.2365028,47.382994444,0,3,45,60,4,60,15,0,0,1,5,12,1,2,2,1,1,3,1,53,0,23,421,1995,0,0.0,12,,,,,,1,1,24,1,0.0,,0,0,3,0,11,0,,,,,0.0,0.0,0.0,3.0,1,0,0.0,0.0,0.0,96,,,,,,0,,,,,,98848,53,67.0,125.0,6.0,1.0,0.0,0.0,0.0,0.0,,0,,,,,,0,,,20,0,0,0,8.0,9,8,,,0,0.0,0.0,8,0,8.0,95.0,,,96.0,,,8,95,995.0,,,,,,,,,,,,,,,,,,,,,,,,,,,,,,0,0,0,0,1,1,0,1,0,0,0,0,0,1,0,0,0,0,0,1,0,0,0,1,1,0,0,0,0,1,0,0,0,0,0,,0,0,0,0,0,0,0,0,0,0,0,0,0,0,0,0,,,,,,21-25,16-25,State route,U,Wednesday,Belt Used,PV,Not Fatal,0,0,0,0,State Route,State Patrol,Washington State Patrol,0,1,0,0,0,,,,,,0.0,0.0,0.0,,,,,,,,,,,0.0,0.0,0.0,0.0,,,,,20.0,7.0,,,,,,,,,,,,,,,,98802,Quincy,East Wenatchee