,index,Unnamed: 0,year,case,par,repjur,crash_dt,crash_tm,accday,accmon,holiday,county,co_char,city,weather,weather2,lightcond,surfcond,surftype,numfatal,nmforms,pforms,vforms,not_tm,arr_tm,hosp_tm,fhevent,hitrun,manncol,milepnt,reljunc,reljuncinter,intersectiontype,funcsystem,landuse,ownership,route,schlbus,spejur,contdev,devfunc,trafid1,trafid2,lon,lat,wk_zone,vnumber,crashtype,criticalevent,criticaleventcat,spdlim,body,trailer,emerg,hazcargo,leave,mhevent,roadalgn,roadprof,traflane,trafflow,vehmanvr,numoccs,regowner,regstate,spuse,make,model,modelyr,vrf1,vrf2,seqevent1,seqevent2,seqevent3,seqevent4,seqevent5,seqevent6,pnumber,ptype,age,sex,hispanic,race,injury,diedscene,restraint,restraintmisuse,seatpos,takehosp,death_dt,death_tm,cert,cernum_wa,commlic,licendor,licrestrict,liccomp,drivpres,drf1,drf2,drf3,drf4,distract1,distract2,distract3,distract4,distract5,distract6,dricond1,dricond2,dricond3,dricond4,dricond5,dricond6,dzip,licstate,drhgt_in,weight,noncdl,noncdltype,prevdwi,prevoth,prevacc,prevspd,prevsus,driviol1,driviol2,driviol3,driviol4,driviol5,driviol6,spdrel,first_dt,last_dt,airbag,ejection,ejectpath,extricat,injurwrk,methalc,methdrug,nmlocat,strikveh,prf1,prf2,prf3,druginv,alcinvol,drugsts,drugres1,drugres2,drugres3,drugtst1,drugtst2,drugtst3,alcsts,alctst,alcres,nmact1,nmact2,nmact3,nmact4,nmact5,nmact6,nmprior1,nmprior2,nmprior3,nmprior4,nmprior5,nmprior6,nmcond1,nmcond2,nmcond3,nmcond4,nmcond5,nmcond6,nmsafe_helmet,nmsafe_pads,nmsafe_oth,nmprev_ref,nmprev_lgt,nmprev_oth,crashlocation,nmcrashtype,crosswalk,schoolzone,sidewalk,train_inv,wildlife_inv,rotr_fars,intersect_fars,dd_inv,aid_inv,dpd_inv,id_inv,mj_inv,impnm_inv,ainm_inv,dpnm_inv,speed_inv,unlic_inv,unendmc_inv,drowsy_inv,drdist_inv,nmdist_inv,fty_inv,unrestfat_inv,dr1617_inv,dr1820_inv,dr1620_inv,dr2125_inv,dr1625_inv,dr65_inv,dr70_inv,dr75_inv,mc_inv,pv_inv,ht_inv,ped_inv,bike_inv,unrest_fat,mc_fat,unhelmet_mc,pv_fat,ht_fat,ped_fat,bike_fat,dr_alc7,dr_alc8,dr_drug,dr_imp,dr_dist,dr_spd,dr_fty,dr_unlic,dr_alc7only,dr_alc8only,dr_drugonly,dr_drink,nm_imp,nm_alc7,nm_alc8,nm_drug,nm_dist,agegrp1,agegrp2,roadclass,urbrur,dayweek,restuse,vehtype,race_me,intersect,lanedep,oppdir,wrongway,rep_typ,investag,repag_long,rotr,st_rd,cty_rd,city_rd,oth_rd,drug_thc,thc_res,drug_cthc,cthc_res,drug_cann,prevpersemin,prevperse,prevsusoth,drugtst4,drugtst5,drugtst6,drugtst7,drugtst8,drugres4,drugres5,drugres6,drugres7,drugres8,adspresent,adsengaged,adslevel,race1,race2,race3,race4,race5,helmet,helmetmisuse,nmdistract1,nmdistract2,nmdistract3,nmdistract4,nmdistract5,nmdistract6,lab,isedtcase,crf1,crf2,crf3,CoRoadName,CoMP,IntCoRoadName,IntCoMP,crashzip,dcity,crashcity
2171,2216,2216,2019,403,E981543,35.0,2019-11-12,20:27,12,11,,53,Pierce,0,2,0.0,2,2,2,1,0,2,1,,,,40,0,0,0.8,1,0,1,5,2,2,4,0,3,0,0,CR-PIONEER WAY E,,-122.3384389,47.193172222,0,1,2,6,1,35,4,0,0,1,7,40,2,1,2,1,14,2,2,53,0,63,33,2007,0,0.0,63,40.0,41.0,,,,1,1,62,2,1.0,,4,7,3,0,11,0,11/12/2019,20:27,53050520.0,50520.0,0.0,0.0,0.0,2.0,1,0,0.0,0.0,0.0,96,,,,,,0,,,,,,98466,53,62.0,150.0,1.0,1.0,0.0,0.0,0.0,0.0,,0,,,,,,4,,,20,0,0,0,0.0,9,8,,,0,0.0,0.0,8,0,2.0,996.0,996.0,401.0,1.0,1.0,1.0,2,1,0.0,,,,,,,,,,,,,,,,,,,,,,,,,,,,,,0,0,0,0,0,0,1,1,0,0,0,0,1,1,0,0,0,0,0,0,0,0,0,0,0,0,0,0,0,1,0,0,0,0,0,,1,0,0,0,0,0,1,1,0,1,0,1,0,0,1,0,,,,,,61-65,56-65,County road,U,Tuesday,Belt Used,PV,Hispanic,0,1,0,0,County Road,County Sheriff,Law Enforcement Support Agency,1,0,1,0,0,,,,,,0.0,0.0,0.0,1.0,,,,,417.0,,,,,98.0,98.0,98.0,1.0,,,,,20.0,7.0,,,,,,,,,,,,,,,,98371,Tacoma,Puyallup
2172,2217,2217,2019,404,E981624,6.0,2019-10-22,18:20,22,10,,1,Adams,0,1,0.0,3,1,2,1,0,1,1,,,,1,0,0,18.8,1,0,1,3,1,1,3,0,0,0,0,SR-17,,-119.1342694,46.782094444,0,1,6,13,2,98,34,0,0,1,7,1,1,1,2,1,6,1,1,53,0,49,471,1991,0,0.0,63,69.0,68.0,64.0,1.0,,1,1,21,1,1.0,,4,0,3,0,11,8,10/22/2019,19:26,163053046942.0,46942.0,0.0,0.0,0.0,3.0,1,34,58.0,0.0,0.0,96,,,,,,9,,,,,,99344,53,66.0,140.0,6.0,1.0,1.0,2.0,2.0,0.0,,0,,,,,,4,09/15/2015,11/15/2018,20,0,0,0,9.0,9,1,,,0,0.0,0.0,1,1,2.0,402.0,695.0,605.0,1.0,1.0,1.0,2,1,0.02,,,,,,,,,,,,,,,,,,,,,,,,,,,,,,0,0,1,0,1,0,1,1,1,0,0,0,1,0,0,0,0,0,0,0,0,0,0,1,1,0,0,0,0,1,0,0,0,0,0,,1,0,0,0,1,0,1,1,0,1,0,0,0,0,0,1,,,,,,21-25,16-25,State route,R,Tuesday,Belt Used,PV,Hispanic,0,1,0,0,State Route,State Patrol,Washington State Patrol,1,1,0,0,0,thc,3.5,carboxy-thc,10.0,,0.0,1.0,1.0,1.0,1.0,,,,151.0,996.0,,,,0.0,0.0,0.0,1.0,,,,,20.0,7.0,,,,,,,nms,,,,,,,,,99344,Othello,Othello
2173,2218,2218,2019,405,E982012,25.0,2019-11-06,17:39,6,11,,33,King,475,1,0.0,2,1,2,1,1,1,1,,,,9,1,0,0.0,1,0,1,7,1,4,6,0,0,0,0,SE WAX RD,,-122.0985194,47.376777778,0,1,13,11,2,35,4,0,0,1,5,9,1,3,2,1,1,1,1,91,0,20,16,2001,0,0.0,63,9.0,,,,,1,1,31,1,0.0,,9,0,99,7,11,8,,,,,0.0,0.0,0.0,3.0,1,91,0.0,0.0,0.0,7,,,,,,99,,,,,,98042,53,71.0,165.0,6.0,1.0,0.0,1.0,1.0,1.0,,1,7.0,,,,,3,12/15/2017,09/15/2018,99,9,0,0,8.0,9,8,,,0,0.0,0.0,8,9,8.0,95.0,,,96.0,,,8,95,995.0,,,,,,,,,,,,,,,,,,,,,,,,,,,,,,0,0,0,0,0,0,0,0,0,0,0,0,1,0,0,0,1,0,0,0,0,0,0,0,0,0,0,0,0,1,0,0,1,0,0,,0,0,0,0,0,0,0,0,1,1,0,0,0,0,0,0,,,,,,31-35,26-35,City street,R,Wednesday,Unknown,PV,Not Fatal,0,0,0,0,City Street,County Sheriff,King County Police,0,0,0,1,0,,,,,,0.0,0.0,0.0,,,,,,,,,,,98.0,98.0,98.0,0.0,,,,,20.0,7.0,,,,,,,,,,,,,,,,98042,Kent,Kent
2174,2219,2219,2019,406,E979357,286.0,2019-10-27,1:02,27,10,,61,Snohomish,2180,1,0.0,3,1,2,1,1,1,1,,,,8,0,0,23.2,1,0,1,3,2,1,2,0,0,0,0,US-2,,-121.8002083,47.864169444,0,1,13,80,5,35,15,0,0,1,7,8,1,2,2,1,1,1,2,53,0,37,421,2004,0,0.0,8,,,,,,1,1,49,2,0.0,,0,0,3,0,11,0,,,,,0.0,0.0,0.0,3.0,1,10,0.0,0.0,0.0,96,,,,,,0,,,,,,98251,53,66.0,200.0,6.0,1.0,0.0,0.0,0.0,0.0,,0,,,,,,0,,,20,0,0,0,8.0,9,8,,,0,0.0,0.0,8,0,8.0,95.0,,,96.0,,,8,95,995.0,,,,,,,,,,,,,,,,,,,,,,,,,,,,,,0,0,0,0,0,0,0,0,0,1,0,1,0,0,0,0,0,0,0,0,0,0,0,0,0,0,0,0,0,1,0,1,0,0,0,,0,0,0,0,0,0,0,0,0,0,0,0,0,0,0,0,,,,,,46-50,46-55,US highway,U,Sunday,Belt Used,PV,Not Fatal,0,0,0,0,State Route,Municipal/City Police,Sultan Police Department,0,1,0,0,0,,,,,,0.0,0.0,0.0,,,,,,,,,,,98.0,98.0,98.0,0.0,,,,,20.0,7.0,,,,,,,,,,,,,,,,98294,Gold Bar,Sultan
2175,2220,2220,2019,407,E982343,3.0,2019-11-11,21:30,11,11,,53,Pierce,0,8,0.0,3,1,2,1,1,1,1,,,,8,0,0,12.6,1,0,1,4,1,1,3,0,0,0,0,SR-161,,-122.2977833,46.971744444,0,1,13,80,5,50,61,0,0,1,5,8,1,1,3,1,1,1,3,53,0,12,881,1999,0,0.0,63,8.0,,,,,1,1,49,1,0.0,,0,0,3,0,11,0,,,,,0.0,0.0,0.0,3.0,1,0,0.0,0.0,0.0,96,,,,,,0,,,,,,98328,53,71.0,220.0,6.0,1.0,0.0,0.0,0.0,0.0,,0,,,,,,0,,,20,0,0,0,8.0,9,8,,,0,0.0,0.0,8,0,8.0,95.0,,,96.0,,,8,95,995.0,,,,,,,,,,,,,,,,,,,,,,,,,,,,,,0,0,0,0,0,0,0,0,0,0,0,0,0,0,0,0,0,0,0,0,0,0,0,0,0,0,0,0,0,0,1,1,0,0,0,,0,0,0,0,0,0,0,0,0,0,0,0,0,0,0,0,,,,,,46-50,46-55,State route,R,Monday,,MHTRUCK,Not Fatal,0,0,0,0,State Route,State Patrol,Washington State Patrol,0,1,0,0,0,,,,,,0.0,0.0,0.0,,,,,,,,,,,0.0,0.0,0.0,0.0,,,,,20.0,7.0,,,,,,,,,,,,,,,,98338,Eatonville,Graham
2176,2221,2221,2019,408,E982413,106.0,2019-11-14,0:40,14,11,,33,King,532,5,0.0,3,1,2,1,1,1,1,,,,8,0,0,11.9,1,0,1,3,2,1,3,0,0,0,0,SR-99,,-122.2949306,47.394561111,0,1,13,80,5,98,14,0,0,1,7,8,1,1,5,2,1,1,2,53,0,49,402,1997,0,0.0,8,,,,,,1,1,26,8,0.0,,0,0,2,0,11,0,,,,,0.0,0.0,0.0,0.0,1,10,0.0,0.0,0.0,96,,,,,,0,,,,,,98003,53,69.0,160.0,0.0,0.0,0.0,0.0,0.0,0.0,,0,,,,,,0,,,20,0,0,0,8.0,9,2,,,0,0.0,0.0,0,0,8.0,95.0,,,96.0,,,8,95,995.0,,,,,,,,,,,,,,,,,,,,,,,,,,,,,,0,0,0,0,0,0,0,0,0,1,1,0,0,1,0,0,0,0,0,0,0,0,0,0,0,0,0,0,0,1,0,1,0,0,0,,0,0,0,0,0,0,0,0,0,0,0,1,0,0,0,0,,,,,,26-30,26-35,State route,U,Thursday,Belt Used,PV,Not Fatal,0,0,0,0,State Route,Municipal/City Police,Des Moines Police Department,0,1,0,0,0,,,,,,0.0,0.0,0.0,,,,,,,,,,,0.0,0.0,0.0,0.0,,,,,20.0,7.0,,,,,,,,,,,,,,,,98198,Federal Way,Seattle
2177,2222,2222,2019,409,E982840,1.0,2019-11-01,19:36,1,11,,77,Yakima,0,1,0.0,3,1,2,1,1,2,1,,,,8,0,0,30.9,1,0,1,1,2,1,1,0,0,0,0,I-82,,-120.5155861,46.630352778,0,1,13,80,5,60,34,1,0,1,5,8,1,1,3,3,1,2,3,4,0,12,481,2019,0,0.0,8,,,,,,1,1,54,1,0.0,,0,0,3,0,11,0,,,,,6.0,0.0,0.0,3.0,1,0,0.0,0.0,0.0,96,,,,,,0,,,,,,98942,53,73.0,200.0,6.0,1.0,0.0,1.0,0.0,0.0,,0,,,,,,0,09/15/2015,09/15/2015,20,0,0,0,8.0,9,2,,,0,0.0,0.0,0,0,8.0,95.0,,,96.0,,,8,95,995.0,,,,,,,,,,,,,,,,,,,,,,,,,,,,,,0,0,0,0,0,0,0,0,0,1,0,1,0,0,0,0,0,0,0,0,0,0,0,0,0,0,0,0,0,1,0,1,0,0,0,,0,0,0,0,0,0,0,0,0,0,0,0,0,0,0,0,,,,,,51-55,46-55,Interstate,U,Friday,Belt Used,PV,Not Fatal,0,0,0,0,State Route,State Patrol,Washington State Patrol,0,1,0,0,0,,,,,,0.0,0.0,0.0,,,,,,,,,,,98.0,98.0,98.0,0.0,,,,,20.0,7.0,,,,,,,,,,,,,,,,98901,Selah,Yakima
2178,2223,2223,2019,410,E983590,189.0,2019-11-17,1:04,17,11,,61,Snohomish,1280,2,0.0,2,2,2,1,1,1,1,,,,8,0,0,0.0,1,0,1,7,2,4,6,0,0,0,0,61ST ST NE,,-122.1651528,48.050941667,0,1,13,80,5,25,6,0,0,1,5,8,1,2,2,1,1,1,2,53,0,6,52,2005,0,0.0,8,,,,,,1,1,18,1,0.0,,0,0,3,0,11,0,,,,,0.0,0.0,0.0,3.0,1,0,0.0,0.0,0.0,96,,,,,,0,,,,,,98270,53,69.0,140.0,6.0,1.0,0.0,0.0,0.0,0.0,,0,,,,,,0,,,20,0,0,0,8.0,9,8,,,0,0.0,0.0,8,0,8.0,95.0,,,96.0,,,8,95,995.0,,,,,,,,,,,,,,,,,,,,,,,,,,,,,,0,0,0,0,0,0,0,0,0,1,1,0,0,0,0,0,0,0,0,0,0,1,1,0,1,0,0,0,0,1,0,1,0,0,0,,0,0,0,0,0,0,0,0,0,0,0,0,0,0,0,0,,,,,,18-20,16-25,City street,U,Sunday,Belt Used,PV,Not Fatal,0,0,0,0,City Street,Municipal/City Police,Marysville Police Department,0,0,0,1,0,,,,,,0.0,0.0,0.0,,,,,,,,,,,98.0,98.0,98.0,0.0,,,,,20.0,7.0,,,,,,,,,,,,,,,,98270,Marysville,Marysville
2179,2224,2224,2019,411,E983667,2.0,2019-11-05,17:15,5,11,,73,Whatcom,1210,10,0.0,3,1,2,1,1,1,1,,,,8,0,0,0.0,1,0,1,7,2,4,6,0,0,0,0,4TH ST,,-122.4526056,48.944211111,0,1,13,80,5,25,34,0,0,1,7,8,1,1,2,1,1,1,1,53,0,20,481,1988,0,0.0,8,,,,,,1,1,19,1,0.0,,0,0,3,0,11,0,,,,,0.0,0.0,2.0,3.0,1,10,0.0,0.0,0.0,96,,,,,,0,,,,,,98264,53,72.0,130.0,6.0,2.0,0.0,0.0,2.0,0.0,,97,,,,,,0,08/15/2015,10/15/2018,20,0,0,0,8.0,9,8,,,0,0.0,0.0,8,0,2.0,1.0,,,1.0,,,2,1,0.0,,,,,,,,,,,,,,,,,,,,,,,,,,,,,,0,0,0,0,0,0,0,0,0,0,0,0,0,0,0,0,0,0,0,0,0,1,1,0,1,0,0,0,0,1,0,1,0,0,0,,0,0,0,0,0,0,0,0,0,0,0,0,0,0,0,0,,,,,,18-20,16-25,City street,U,Tuesday,Belt Used,PV,Not Fatal,0,0,0,0,City Street,State Patrol,Washington State Patrol,0,0,0,1,0,,,,,,0.0,0.0,0.0,,,,,,,,,,,0.0,0.0,0.0,0.0,,,,,20.0,7.0,,,,,,,,,,,,,,,,98264,Lynden,Lynden
2180,2225,2225,2019,412,E983677,2.0,2019-11-14,6:50,14,11,,73,Whatcom,150,1,0.0,3,1,2,1,0,1,1,,,,59,0,0,276.4,1,0,1,1,2,1,1,0,0,0,0,I-5,,-122.75365,48.999380556,0,1,2,6,1,98,4,0,0,1,7,25,2,1,3,3,14,1,2,8,0,37,32,2003,0,0.0,63,59.0,25.0,,,,1,1,38,2,7.0,,4,7,20,7,11,0,11/14/2019,6:50,15053054063.0,54063.0,0.0,0.0,3.0,3.0,1,0,0.0,0.0,0.0,96,,,,,,9,,,,,,81416,8,69.0,190.0,6.0,1.0,0.0,0.0,0.0,0.0,,0,,,,,,4,,,8,0,0,0,0.0,9,8,,,0,0.0,0.0,1,9,2.0,996.0,996.0,996.0,1.0,1.0,1.0,2,1,0.0,,,,,,,,,,,,,,,,,,,,,,,,,,,,,,0,0,0,0,0,0,1,1,0,0,0,0,1,0,0,0,0,0,0,1,0,0,0,0,0,0,0,0,0,1,0,0,0,1,0,,1,0,0,0,0,0,1,1,0,1,0,0,0,0,1,0,,,,,,36-40,36-45,Interstate,U,Thursday,Not Used,PV,White,0,1,0,0,State Route,State Patrol,Washington State Patrol,1,1,0,0,0,,,,,,0.0,0.0,0.0,1.0,1.0,1.0,,,334.0,401.0,417.0,,,98.0,98.0,98.0,1.0,,,,,20.0,7.0,,,,,,,,,,,,,,,,98230,Delta,Blaine
2181,2226,2226,2019,413,E981655,222.0,2019-11-04,10:30,4,11,,67,Thurston,1590,1,0.0,1,1,2,2,0,2,1,,,,38,0,0,0.0,8,0,1,7,2,4,6,0,0,0,0,W BAY DR NW,HARBOR VIEW DR NW,-122.9148333,47.058127778,0,1,98,17,2,30,14,0,0,1,7,1,1,4,2,1,1,2,1,53,0,2,405,2005,0,0.0,71,38.0,41.0,1.0,,,1,1,77,8,7.0,,4,7,20,7,11,0,11/04/2019,10:30,159053049105.0,49105.0,0.0,0.0,3.0,3.0,1,0,0.0,0.0,0.0,96,,,,,,0,,,,,,98502,53,66.0,320.0,6.0,1.0,0.0,0.0,0.0,0.0,,0,,,,,,0,,,1,0,0,0,0.0,9,8,,,0,0.0,0.0,8,0,2.0,996.0,996.0,996.0,1.0,1.0,1.0,2,1,0.0,,,,,,,,,,,,,,,,,,,,,,,,,,,,,,0,0,0,0,0,0,1,1,0,0,0,0,0,0,0,0,0,0,0,1,0,0,0,0,0,1,1,1,0,1,0,0,0,1,0,,1,0,0,0,0,0,1,1,0,0,0,0,0,0,1,0,,,,,,76-80,76+,City street,U,Monday,Not Used,PV,White,0,0,0,0,City Street,Municipal/City Police,Olympia Police Department,0,0,0,1,0,,,,,,0.0,0.0,0.0,1.0,1.0,1.0,,,996.0,996.0,996.0,996.0,996.0,98.0,98.0,98.0,1.0,,,,,20.0,7.0,,,,,,,,,,,,,,,,98502,Olympia,Olympia
2182,2228,2228,2019,414,E984511,2.0,2019-11-20,1:15,20,11,,57,Skagit,0,1,0.0,2,1,1,1,1,2,2,,,,8,0,0,238.2,1,0,1,1,1,1,1,0,0,0,0,I-5,,-122.3459861,48.583,0,2,98,80,5,60,66,1,0,1,5,8,1,1,2,3,1,1,3,40,0,82,881,2017,0,0.0,8,,,,,,1,1,46,1,0.0,,0,0,3,0,11,0,,,,,6.0,1.0,0.0,3.0,1,0,0.0,0.0,0.0,96,,,,,,0,,,,,,95338,6,71.0,190.0,6.0,1.0,0.0,0.0,0.0,0.0,,0,,,,,,0,,,20,0,0,0,8.0,9,8,,,0,0.0,0.0,8,0,8.0,95.0,,,96.0,,,8,95,995.0,,,,,,,,,,,,,,,,,,,,,,,,,,,,,,0,0,0,0,0,0,0,0,0,1,1,1,0,0,0,0,0,0,0,0,0,0,0,0,0,0,0,0,0,0,1,1,0,0,0,,0,0,0,0,0,0,0,0,0,0,0,0,0,0,0,0,,,,,,46-50,46-55,Interstate,R,Wednesday,,MHTRUCK,Not Fatal,0,0,0,0,State Route,State Patrol,Washington State Patrol,0,1,0,0,0,,,,,,0.0,0.0,0.0,,,,,,,,,,,98.0,98.0,98.0,0.0,,,,,20.0,7.0,,,,,,,,,,,,,,,,98232,Mariposa,Bow
2183,2229,2229,2019,415,E985772,8.0,2019-11-11,3:40,11,11,,31,Jefferson,0,10,0.0,2,1,2,3,0,3,1,,,,1,0,0,12.3,1,0,1,4,1,1,3,0,0,0,0,SR-19,,-122.7977444,48.048377778,0,1,2,6,1,40,3,0,0,1,7,1,1,1,2,1,1,3,1,53,0,55,36,2002,0,0.0,68,68.0,63.0,1.0,42.0,,1,1,20,1,7.0,,4,7,3,0,11,0,11/11/2019,3:40,53049821.0,49821.0,0.0,0.0,0.0,3.0,1,0,0.0,0.0,0.0,96,,,,,,9,,,,,,98368,53,72.0,180.0,6.0,1.0,0.0,0.0,0.0,0.0,,0,,,,,,4,,,1,0,0,0,0.0,9,8,,,0,0.0,0.0,1,1,8.0,95.0,,,96.0,,,8,95,995.0,,,,,,,,,,,,,,,,,,,,,,,,,,,,,,0,0,0,0,1,0,0,0,0,0,0,0,1,0,0,0,0,0,0,1,0,1,1,0,1,0,0,0,0,1,0,0,0,0,0,,1,0,0,0,0,0,0,0,0,1,0,0,0,0,0,1,,,,,,18-20,16-25,State route,R,Monday,Belt Used,PV,White,0,1,0,0,State Route,State Patrol,Washington State Patrol,1,1,0,0,0,,,,,,0.0,0.0,0.0,,,,,,,,,,,98.0,98.0,98.0,1.0,,,,,20.0,7.0,,,,,,,,,,,,,,,,98368,Port Townsend,Port Townsend
2184,2230,2230,2019,416,E985936,44.0,2019-11-21,1:27,21,11,,71,Walla Walla,0,1,0.0,2,1,2,1,0,1,1,,,,1,0,0,13.2,1,0,1,5,1,2,4,0,0,0,0,CR-HARVEY SHAW RD,,-118.4714444,46.264422222,0,1,1,13,2,50,34,0,0,1,5,1,3,1,2,1,14,1,3,53,0,23,481,1997,0,0.0,63,1.0,,,,,1,1,23,1,7.0,,4,7,99,7,11,0,11/21/2019,1:27,53052777.0,52777.0,0.0,0.0,0.0,3.0,1,0,0.0,0.0,0.0,93,,,,,,99,,,,,,99348,53,71.0,250.0,6.0,1.0,0.0,0.0,0.0,0.0,,0,,,,,,0,,,20,1,9,0,0.0,9,8,,,0,0.0,0.0,8,1,8.0,95.0,,,96.0,,,8,95,995.0,,,,,,,,,,,,,,,,,,,,,,,,,,,,,,0,0,1,0,1,0,0,0,0,0,0,0,0,0,0,0,1,0,0,0,0,0,0,1,1,0,0,0,0,1,0,0,0,0,0,,1,0,0,0,0,0,0,0,1,0,0,0,0,0,0,1,,,,,,21-25,16-25,County road,R,Thursday,Unknown,PV,White,0,1,0,0,County Road,County Sheriff,Walla Walla County Sheriff's Office,1,0,1,0,0,,,,,,0.0,0.0,0.0,,,,,,,,,,,0.0,0.0,0.0,1.0,,,,,20.0,7.0,,,,,,,,,,,,,,,,99348,Prescott,Prescott
2185,2231,2231,2019,417,E985970,35.0,2019-11-22,5:54,22,11,,53,Pierce,0,1,0.0,2,1,2,1,0,2,2,,,,12,0,2,12.2,1,0,1,4,1,2,4,0,0,0,0,CR-ORTING KAPOWSIN HWY,,-122.2519528,47.028613889,0,1,50,10,2,45,4,0,0,1,5,12,1,1,2,1,1,1,1,53,0,30,40,2015,0,0.0,68,68.0,68.0,12.0,,,1,1,42,1,7.0,,4,7,3,0,11,0,11/22/2019,5:54,53051608.0,51608.0,0.0,0.0,3.0,3.0,1,28,58.0,0.0,0.0,96,,,,,,99,,,,,,98360,53,70.0,190.0,6.0,1.0,0.0,0.0,0.0,0.0,,0,,,,,,0,,,2,0,0,0,0.0,9,8,,,0,0.0,0.0,8,9,2.0,1.0,,,1.0,,,2,1,0.0,,,,,,,,,,,,,,,,,,,,,,,,,,,,,,0,0,0,0,0,0,0,0,0,0,0,0,0,0,0,0,0,0,0,0,0,0,0,0,0,0,0,0,0,1,1,0,0,0,0,,1,0,0,0,0,0,0,0,0,0,0,0,0,0,0,0,,,,,,41-45,36-45,County road,R,Friday,Belt Used,PV,White,0,1,1,0,County Road,County Sheriff,Law Enforcement Support Agency,0,0,1,0,0,,,,,,0.0,0.0,0.0,,,,,,,,,,,98.0,98.0,98.0,1.0,,,,,20.0,7.0,,,,,,,,,,,,,,,,98338,Orting,Graham
2186,2232,2232,2019,417,E985970,35.0,2019-11-22,5:54,22,11,,53,Pierce,0,1,0.0,2,1,2,1,0,2,2,,,,12,0,2,12.2,1,0,1,4,1,2,4,0,0,0,0,CR-ORTING KAPOWSIN HWY,,-122.2519528,47.028613889,0,2,51,62,4,45,62,0,0,1,5,12,1,1,2,1,1,1,3,53,0,84,881,1993,0,0.0,12,,,,,,1,1,27,1,0.0,,0,0,3,0,11,0,,,,,0.0,0.0,0.0,3.0,1,0,0.0,0.0,0.0,96,,,,,,0,,,,,,98366,53,67.0,140.0,6.0,1.0,0.0,0.0,0.0,0.0,,0,,,,,,0,,,20,0,0,0,8.0,9,8,,,0,0.0,0.0,8,0,8.0,95.0,,,96.0,,,8,95,995.0,,,,,,,,,,,,,,,,,,,,,,,,,,,,,,0,0,0,0,0,0,0,0,0,0,0,0,0,0,0,0,0,0,0,0,0,0,0,0,0,0,0,0,0,1,1,0,0,0,0,,0,0,0,0,0,0,0,0,0,0,0,0,0,0,0,0,,,,,,26-30,26-35,County road,R,Friday,,MHTRUCK,Not Fatal,0,1,1,0,County Road,County Sheriff,Law Enforcement Support Agency,0,0,1,0,0,,,,,,0.0,0.0,0.0,,,,,,,,,,,0.0,0.0,0.0,0.0,,,,,20.0,7.0,,,,,,,,,,,,,,,,98338,Port Orchard,Graham
2187,2233,2233,2019,419,E987024,59.0,2019-11-20,6:33,20,11,,33,King,109,1,0.0,3,1,2,1,1,1,1,,,,8,0,0,0.0,3,0,2,7,2,4,6,0,0,3,3,NE 24TH ST,BELLEVUE WAY NE,-122.2016361,47.631958333,0,1,13,80,5,25,14,0,0,1,7,8,1,1,3,1,11,1,2,53,0,59,403,2013,0,0.0,8,,,,,,1,1,76,1,0.0,,0,0,3,0,11,0,,,,,0.0,0.0,0.0,3.0,1,0,0.0,0.0,0.0,96,,,,,,0,,,,,,98053,53,72.0,230.0,6.0,1.0,0.0,0.0,0.0,0.0,,97,,,,,,0,,,20,0,0,0,8.0,9,8,,,0,0.0,0.0,8,0,8.0,95.0,,,96.0,,,8,95,995.0,,,,,,,,,,,,,,,,,,,,,,,,,,,,,,0,0,0,1,0,0,0,0,0,0,0,0,0,0,0,0,0,0,0,0,0,0,0,0,0,1,1,1,0,1,0,1,0,0,0,,0,0,0,0,0,0,0,0,0,0,0,0,0,0,0,0,,,,,,76-80,76+,City street,U,Wednesday,Belt Used,PV,Not Fatal,1,0,0,0,City Street,Municipal/City Police,Bellevue Police Department,0,0,0,1,0,,,,,,0.0,0.0,0.0,,,,,,,,,,,98.0,98.0,98.0,0.0,,,,,20.0,7.0,,,,,,,,,,,,,,,,98004,Redmond,Bellevue
2188,2234,2234,2019,420,E987256,2.0,2019-11-16,0:01,16,11,,61,Snohomish,0,1,0.0,2,2,2,1,0,1,2,,,,31,0,0,2.5,1,0,1,5,2,1,3,0,0,0,0,SR-531,,-122.2668222,48.155697222,0,1,1,13,2,35,14,0,0,1,7,14,3,4,2,1,14,1,1,53,0,49,402,2009,0,0.0,63,31.0,38.0,19.0,14.0,,1,1,33,2,7.0,,4,7,20,7,11,0,11/16/2019,0:01,53051215.0,51215.0,0.0,0.0,0.0,3.0,1,0,0.0,0.0,0.0,96,,,,,,99,,,,,,98292,53,71.0,168.0,6.0,1.0,1.0,1.0,1.0,0.0,,0,,,,,,3,01/15/2017,01/15/2018,8,0,0,0,0.0,1,8,,,0,0.0,0.0,8,1,2.0,996.0,996.0,,1.0,1.0,,2,1,0.2,,,,,,,,,,,,,,,,,,,,,,,,,,,,,,0,0,1,0,1,1,1,1,0,0,0,0,1,0,0,0,0,0,0,1,0,0,0,0,0,0,0,0,0,1,0,0,0,1,0,,1,0,0,0,0,1,1,1,0,1,0,0,0,0,0,1,,,,,,31-35,26-35,State route,U,Saturday,Not Used,PV,White,0,1,0,0,State Route,State Patrol,Washington State Patrol,1,1,0,0,0,,,,,,0.0,1.0,1.0,,,,,,,,,,,98.0,98.0,98.0,1.0,,,,,20.0,7.0,,,,,,,,,,,,,,,,98223,Stanwood,Arlington
2189,2235,2235,2019,421,E987417,106.0,2019-11-27,16:32,27,11,,33,King,532,1,0.0,1,1,2,1,0,3,3,,,,12,0,6,0.0,2,0,3,7,2,4,6,0,0,20,3,8TH AVE S,S 196TH ST,-122.324875,47.426911111,0,1,82,15,2,30,34,0,0,1,5,12,1,1,2,1,11,2,1,53,0,20,473,2016,0,0.0,12,,,,,,1,1,73,1,0.0,,0,0,3,0,11,0,,,,,0.0,0.0,0.0,3.0,1,38,0.0,0.0,0.0,96,,,,,,99,,,,,,98148,53,69.0,220.0,6.0,1.0,0.0,0.0,0.0,0.0,,97,,,,,,0,,,99,0,0,0,8.0,9,8,,,0,0.0,0.0,8,9,8.0,95.0,,,96.0,,,8,95,995.0,,,,,,,,,,,,,,,,,,,,,,,,,,,,,,0,0,0,1,1,1,1,1,1,0,0,0,0,1,1,0,1,0,1,0,0,0,0,1,1,1,1,0,1,1,0,0,0,0,0,,0,0,0,0,0,0,0,0,0,0,1,0,0,0,0,0,,,,,,71-75,66-75,City street,U,Wednesday,Belt Used,PV,Not Fatal,1,0,0,0,City Street,Municipal/City Police,Des Moines Police Department,0,0,0,1,0,,,,,,0.0,0.0,0.0,,,,,,,,,,,98.0,98.0,98.0,0.0,,,,,20.0,7.0,,,,,,,,,,,,,,,,98148,Seattle,Seattle