,index,Unnamed: 0,year,case,par,repjur,crash_dt,crash_tm,accday,accmon,holiday,county,co_char,city,weather,weather2,lightcond,surfcond,surftype,numfatal,nmforms,pforms,vforms,not_tm,arr_tm,hosp_tm,fhevent,hitrun,manncol,milepnt,reljunc,reljuncinter,intersectiontype,funcsystem,landuse,ownership,route,schlbus,spejur,contdev,devfunc,trafid1,trafid2,lon,lat,wk_zone,vnumber,crashtype,criticalevent,criticaleventcat,spdlim,body,trailer,emerg,hazcargo,leave,mhevent,roadalgn,roadprof,traflane,trafflow,vehmanvr,numoccs,regowner,regstate,spuse,make,model,modelyr,vrf1,vrf2,seqevent1,seqevent2,seqevent3,seqevent4,seqevent5,seqevent6,pnumber,ptype,age,sex,hispanic,race,injury,diedscene,restraint,restraintmisuse,seatpos,takehosp,death_dt,death_tm,cert,cernum_wa,commlic,licendor,licrestrict,liccomp,drivpres,drf1,drf2,drf3,drf4,distract1,distract2,distract3,distract4,distract5,distract6,dricond1,dricond2,dricond3,dricond4,dricond5,dricond6,dzip,licstate,drhgt_in,weight,noncdl,noncdltype,prevdwi,prevoth,prevacc,prevspd,prevsus,driviol1,driviol2,driviol3,driviol4,driviol5,driviol6,spdrel,first_dt,last_dt,airbag,ejection,ejectpath,extricat,injurwrk,methalc,methdrug,nmlocat,strikveh,prf1,prf2,prf3,druginv,alcinvol,drugsts,drugres1,drugres2,drugres3,drugtst1,drugtst2,drugtst3,alcsts,alctst,alcres,nmact1,nmact2,nmact3,nmact4,nmact5,nmact6,nmprior1,nmprior2,nmprior3,nmprior4,nmprior5,nmprior6,nmcond1,nmcond2,nmcond3,nmcond4,nmcond5,nmcond6,nmsafe_helmet,nmsafe_pads,nmsafe_oth,nmprev_ref,nmprev_lgt,nmprev_oth,crashlocation,nmcrashtype,crosswalk,schoolzone,sidewalk,train_inv,wildlife_inv,rotr_fars,intersect_fars,dd_inv,aid_inv,dpd_inv,id_inv,mj_inv,impnm_inv,ainm_inv,dpnm_inv,speed_inv,unlic_inv,unendmc_inv,drowsy_inv,drdist_inv,nmdist_inv,fty_inv,unrestfat_inv,dr1617_inv,dr1820_inv,dr1620_inv,dr2125_inv,dr1625_inv,dr65_inv,dr70_inv,dr75_inv,mc_inv,pv_inv,ht_inv,ped_inv,bike_inv,unrest_fat,mc_fat,unhelmet_mc,pv_fat,ht_fat,ped_fat,bike_fat,dr_alc7,dr_alc8,dr_drug,dr_imp,dr_dist,dr_spd,dr_fty,dr_unlic,dr_alc7only,dr_alc8only,dr_drugonly,dr_drink,nm_imp,nm_alc7,nm_alc8,nm_drug,nm_dist,agegrp1,agegrp2,roadclass,urbrur,dayweek,restuse,vehtype,race_me,intersect,lanedep,oppdir,wrongway,rep_typ,investag,repag_long,rotr,st_rd,cty_rd,city_rd,oth_rd,drug_thc,thc_res,drug_cthc,cthc_res,drug_cann,prevpersemin,prevperse,prevsusoth,drugtst4,drugtst5,drugtst6,drugtst7,drugtst8,drugres4,drugres5,drugres6,drugres7,drugres8,adspresent,adsengaged,adslevel,race1,race2,race3,race4,race5,helmet,helmetmisuse,nmdistract1,nmdistract2,nmdistract3,nmdistract4,nmdistract5,nmdistract6,lab,isedtcase,crf1,crf2,crf3,CoRoadName,CoMP,IntCoRoadName,IntCoMP,crashzip,dcity,crashcity
2190,2236,2236,2019,421,E987417,106.0,2019-11-27,16:32,27,11,,33,King,532,1,0.0,1,1,2,1,0,3,3,,,,12,0,6,0.0,2,0,3,7,2,4,6,0,0,0,0,8TH AVE S,S 196TH ST,-122.324875,47.426911111,0,2,83,67,4,30,80,0,0,1,7,12,1,1,2,1,1,1,1,53,0,53,705,2003,0,0.0,12,68.0,64.0,14.0,,,1,1,25,1,7.0,,4,7,20,7,11,0,11/27/2019,16:32,53253053266.0,53266.0,0.0,0.0,3.0,2.0,1,0,0.0,0.0,0.0,92,,,,,,99,,,,,,98198,53,75.0,200.0,1.0,1.0,0.0,1.0,0.0,4.0,,0,,,,,,0,05/15/2016,07/15/2019,20,8,0,0,0.0,9,8,,,0,0.0,0.0,8,9,2.0,996.0,401.0,417.0,1.0,1.0,1.0,2,1,0.1,,,,,,,,,,,,,,,,,,,,,,,,,,,,,,0,0,0,1,1,1,1,1,1,0,0,0,0,1,1,0,1,0,1,0,0,0,0,1,1,1,1,0,1,1,0,0,0,0,1,0.0,0,0,0,0,0,1,1,1,1,0,0,1,0,0,0,1,,,,,,21-25,16-25,City street,U,Wednesday,,MC,White,1,0,0,0,City Street,Municipal/City Police,Des Moines Police Department,0,0,0,1,0,thc,4.1,carboxy-thc,6.7,,0.0,0.0,5.0,1.0,1.0,,,,695.0,605.0,,,,0.0,0.0,0.0,1.0,,,,,19.0,0.0,,,,,,,nms,,,,,,,,,98148,Seattle,Seattle
2191,2237,2237,2019,422,E987639,8.0,2019-11-21,4:40,21,11,,31,Jefferson,0,1,0.0,3,1,2,1,0,1,1,,,,24,0,0,4.1,1,0,1,3,1,1,3,0,0,0,0,SR-104,,-122.8137139,47.922947222,0,1,6,12,2,60,20,0,0,1,7,1,1,2,2,1,1,1,5,53,0,7,442,1994,0,0.0,68,64.0,24.0,1.0,,,1,1,32,1,7.0,,4,0,99,7,11,8,11/21/2019,6:17,69053052352.0,52352.0,0.0,0.0,0.0,0.0,1,0,0.0,0.0,0.0,96,,,,,,99,,,,,,98370,53,66.0,175.0,0.0,0.0,0.0,1.0,1.0,0.0,,0,,,,,,4,04/15/2019,04/15/2019,1,1,9,0,0.0,9,8,,,0,0.0,0.0,8,9,2.0,401.0,417.0,695.0,1.0,1.0,1.0,2,1,0.0,,,,,,,,,,,,,,,,,,,,,,,,,,,,,,0,0,1,0,0,0,1,1,1,0,0,0,1,1,0,0,0,0,0,0,0,0,0,0,0,0,0,0,0,1,0,0,0,0,0,,1,0,0,0,0,0,1,1,0,1,0,1,0,0,1,0,,,,,,31-35,26-35,State route,R,Thursday,Unknown,PV,White,0,1,0,0,State Route,State Patrol,Washington State Patrol,1,1,0,0,0,thc,2.2,carboxy-thc,11.0,,0.0,0.0,0.0,1.0,,,,,605.0,,,,,0.0,0.0,0.0,1.0,,,,,20.0,7.0,,,,,,,nms,,,,,,,,,98376,Poulsbo,Quilcene
2192,2238,2238,2019,423,E987726,55.0,2019-11-15,11:41,15,11,,33,King,100,10,0.0,1,2,2,1,0,3,2,,,,12,0,6,2.0,2,0,2,3,2,1,3,0,3,3,3,SR-164,DOGWOOD ST SE,-122.1925194,47.288394444,0,1,68,15,2,35,4,0,0,1,2,12,1,1,5,1,11,2,1,53,0,63,34,2009,0,0.0,12,,,,,,1,1,86,2,0.0,,2,0,3,0,11,5,,,,,0.0,0.0,3.0,3.0,1,38,0.0,0.0,0.0,96,,,,,,99,,,,,,98022,53,62.0,160.0,6.0,1.0,0.0,0.0,0.0,0.0,,97,,,,,,0,,,20,0,0,0,8.0,9,8,,,0,0.0,0.0,8,9,8.0,95.0,,,96.0,,,8,95,995.0,,,,,,,,,,,,,,,,,,,,,,,,,,,,,,0,0,0,1,0,0,0,0,0,0,0,0,0,0,0,0,0,0,1,0,0,0,0,0,0,1,1,1,0,1,0,0,0,0,0,,0,0,0,0,0,0,0,0,0,0,1,0,0,0,0,0,,,,,,81+,76+,State route,U,Friday,Belt Used,PV,Not Fatal,1,0,0,0,State Route,Municipal/City Police,Auburn Police Department,0,1,0,0,0,,,,,,0.0,0.0,0.0,,,,,,,,,,,98.0,98.0,98.0,0.0,,,,,20.0,7.0,,,,,,,,,,,,,,,,98002,Enumclaw,Auburn
2193,2239,2239,2019,423,E987726,55.0,2019-11-15,11:41,15,11,,33,King,100,10,0.0,1,2,2,1,0,3,2,,,,12,0,6,2.0,2,0,2,3,2,1,3,0,3,3,3,SR-164,DOGWOOD ST SE,-122.1925194,47.288394444,0,2,69,62,4,35,34,0,0,1,7,12,1,1,5,1,1,1,1,53,0,20,481,2008,0,0.0,12,,,,,,1,1,52,1,0.0,,2,0,3,0,11,5,,,,,0.0,0.0,0.0,3.0,1,0,0.0,0.0,0.0,96,,,,,,0,,,,,,98022,53,67.0,150.0,6.0,1.0,0.0,0.0,0.0,0.0,,0,,,,,,0,,,20,0,0,0,8.0,9,8,,,0,0.0,0.0,8,0,8.0,95.0,,,96.0,,,8,95,995.0,,,,,,,,,,,,,,,,,,,,,,,,,,,,,,0,0,0,1,0,0,0,0,0,0,0,0,0,0,0,0,0,0,1,0,0,0,0,0,0,1,1,1,0,1,0,0,0,0,0,,0,0,0,0,0,0,0,0,0,0,0,0,0,0,0,0,,,,,,51-55,46-55,State route,U,Friday,Belt Used,PV,Not Fatal,1,0,0,0,State Route,Municipal/City Police,Auburn Police Department,0,1,0,0,0,,,,,,0.0,0.0,0.0,,,,,,,,,,,98.0,98.0,98.0,0.0,,,,,20.0,7.0,,,,,,,,,,,,,,,,98002,Enumclaw,Auburn
2194,2240,2240,2019,424,E987951,2.0,2019-11-19,15:43,19,11,,57,Skagit,0,1,0.0,1,1,2,1,0,3,2,,,,12,0,6,0.5,2,0,2,5,2,2,4,0,0,0,0,CR-HIGGINS AIRPORT WAY,OVENELL RD,-122.4135444,48.457602778,0,1,69,62,4,50,2,0,0,1,7,12,1,1,2,1,1,2,1,53,0,20,16,2001,0,0.0,12,,,,,,1,1,43,1,7.0,,4,7,3,0,11,0,11/19/2019,15:43,53051473.0,51473.0,0.0,0.0,0.0,3.0,1,0,0.0,0.0,0.0,96,,,,,,99,,,,,,98277,53,71.0,200.0,6.0,1.0,0.0,1.0,1.0,0.0,,0,,,,,,4,10/15/2015,06/15/2017,8,0,0,0,0.0,9,8,,,0,0.0,0.0,8,9,2.0,996.0,996.0,,1.0,1.0,,2,1,0.0,,,,,,,,,,,,,,,,,,,,,,,,,,,,,,0,0,0,1,0,0,1,1,0,0,0,0,1,0,0,0,0,0,1,0,0,0,0,0,0,0,0,0,0,1,1,0,0,0,0,,1,0,0,0,0,0,1,1,0,1,0,0,0,0,1,0,,,,,,41-45,36-45,County road,U,Tuesday,Belt Used,PV,White,1,0,0,0,County Road,State Patrol,Washington State Patrol,0,0,1,0,0,,,,,,0.0,0.0,1.0,,,,,,,,,,,98.0,98.0,98.0,1.0,,,,,20.0,7.0,,,,,,,,,,,,,,,,98233,Oak Harbor,Burlington
2195,2241,2241,2019,424,E987951,2.0,2019-11-19,15:43,19,11,,57,Skagit,0,1,0.0,1,1,2,1,0,3,2,,,,12,0,6,0.5,2,0,2,5,2,2,4,0,0,0,0,CR-HIGGINS AIRPORT WAY,OVENELL RD,-122.4135444,48.457602778,0,2,68,15,2,50,63,1,0,1,7,12,1,1,2,1,11,1,3,53,0,85,881,2015,0,0.0,12,,,,,,1,1,63,1,0.0,,0,0,3,0,11,0,,,,,6.0,1.0,0.0,3.0,1,38,0.0,0.0,0.0,96,,,,,,0,,,,,,98223,53,69.0,190.0,6.0,1.0,0.0,0.0,0.0,0.0,,97,,,,,,0,,,20,0,0,0,8.0,9,8,,,0,0.0,0.0,8,0,8.0,95.0,,,96.0,,,8,95,995.0,,,,,,,,,,,,,,,,,,,,,,,,,,,,,,0,0,0,1,0,0,1,1,0,0,0,0,1,0,0,0,0,0,1,0,0,0,0,0,0,0,0,0,0,1,1,0,0,0,0,,0,0,0,0,0,0,0,0,0,0,1,0,0,0,0,0,,,,,,61-65,56-65,County road,U,Tuesday,,MHTRUCK,Not Fatal,1,0,0,0,County Road,State Patrol,Washington State Patrol,0,0,1,0,0,,,,,,0.0,0.0,0.0,,,,,,,,,,,98.0,98.0,98.0,0.0,,,,,20.0,7.0,,,,,,,,,,,,,,,,98233,Arlington,Burlington
2196,2242,2242,2019,426,E988647,7.0,2019-11-24,9:55,24,11,,33,King,735,10,0.0,1,1,1,1,0,2,1,,,,42,0,0,0.0,1,0,1,7,2,4,6,0,0,0,0,1ST AVE S,,-122.3341306,47.294063889,0,1,98,9,1,98,5,0,0,1,7,42,3,1,2,2,14,2,1,53,0,37,39,2013,0,0.0,64,42.0,,,,,1,1,41,2,7.0,,4,7,20,7,11,0,11/24/2019,9:55,73553053127.0,53127.0,0.0,0.0,0.0,2.0,1,37,50.0,0.0,0.0,96,,,,,,99,,,,,,98422,53,67.0,190.0,1.0,1.0,0.0,0.0,0.0,1.0,,0,,,,,,4,11/15/2015,11/15/2015,8,0,0,0,0.0,9,8,,,0,0.0,0.0,8,9,2.0,1.0,,,1.0,,,2,1,0.0,,,,,,,,,,,,,,,,,,,,,,,,,,,,,,0,0,0,0,0,0,0,0,0,0,0,0,1,1,0,0,0,0,0,1,0,0,0,0,0,0,0,0,0,1,0,0,0,1,0,,1,0,0,0,0,0,0,0,0,1,0,1,0,0,0,0,,,,,,41-45,36-45,City street,U,Sunday,Not Used,PV,White,0,0,0,1,City Street,State Patrol,Washington State Patrol,0,0,0,1,0,,,,,,0.0,0.0,1.0,,,,,,,,,,,98.0,98.0,98.0,1.0,,,,,20.0,7.0,,,,,,,,,,,,,,,,98003,Tacoma,Federal Way
2197,2243,2243,2019,427,E989084,1.0,2019-11-28,23:50,28,11,,77,Yakima,0,1,0.0,2,1,2,1,0,2,1,,,,31,0,0,0.9,1,0,1,5,1,2,4,0,0,0,0,CR-GRANDVIEW PAVEMENT R,,-119.9807194,46.251133333,0,1,6,12,2,35,4,0,0,1,7,1,1,1,2,1,1,2,2,53,0,35,43,2000,0,0.0,68,64.0,67.0,31.0,1.0,,1,1,19,1,1.0,,4,7,20,7,11,0,11/28/2019,23:50,53052248.0,52248.0,0.0,0.0,0.0,0.0,1,0,0.0,0.0,0.0,96,,,,,,9,,,,,,98932,53,70.0,135.0,3.0,7.0,0.0,5.0,0.0,0.0,,0,,,,,,3,07/15/2016,09/15/2018,8,1,9,0,0.0,9,8,,,0,0.0,0.0,8,1,2.0,695.0,605.0,,1.0,1.0,,2,1,0.22,,,,,,,,,,,,,,,,,,,,,,,,,,,,,,0,0,1,0,1,1,1,1,1,0,0,0,1,1,0,0,0,0,0,1,0,1,1,0,1,0,0,0,0,1,0,0,0,1,0,,1,0,0,0,0,1,1,1,0,1,0,1,0,0,0,1,,,,,,18-20,16-25,County road,R,Thursday,Not Used,PV,Hispanic,0,1,0,0,County Road,County Sheriff,Yakima County Sheriff's Office,1,0,1,0,0,thc,5.6,carboxy-thc,17.0,,0.0,0.0,0.0,,,,,,,,,,,98.0,98.0,98.0,298.0,,,,,20.0,7.0,,,,,,,,,,,,,,,,98935,Granger,Mabton
2198,2244,2244,2019,428,3384575,160.0,2019-10-15,22:47,15,10,,33,King,1030,1,0.0,3,1,2,1,0,1,1,,,,33,0,0,9.9,1,0,1,3,2,1,3,0,0,0,0,SR-99,,-122.3052,47.365844444,0,1,1,13,2,45,80,0,0,1,7,1,1,3,6,2,6,1,1,53,0,37,706,1999,0,0.0,63,33.0,1.0,,,,1,1,46,1,7.0,,4,7,20,7,11,0,10/15/2019,22:47,103053045882.0,45882.0,0.0,0.0,0.0,2.0,1,33,0.0,0.0,0.0,96,,,,,,99,,,,,,98445,53,72.0,217.0,1.0,1.0,0.0,1.0,0.0,0.0,,0,,,,,,3,06/15/2017,04/15/2019,20,8,0,0,0.0,9,8,,,0,0.0,0.0,8,9,2.0,1.0,,,1.0,,,2,1,0.0,,,,,,,,,,,,,,,,,,,,,,,,,,,,,,0,0,1,0,0,0,0,0,0,0,0,0,1,1,1,0,0,0,0,0,0,0,0,0,0,0,0,0,1,0,0,0,0,0,1,0.0,0,0,0,0,0,0,0,0,0,1,0,1,0,0,0,0,,,,,,46-50,46-55,State route,U,Tuesday,,MC,Black,0,1,0,0,State Route,Municipal/City Police,Kent Police Department,1,1,0,0,0,,,,,,0.0,0.0,3.0,,,,,,,,,,,0.0,0.0,0.0,2.0,,,,,19.0,0.0,,,,,,,,,,,,,,,,98032,Tacoma,Kent
2199,2245,2245,2019,429,E990421,8.0,2019-11-24,3:44,24,11,,45,Mason,0,1,0.0,2,2,2,1,1,1,1,,,,8,0,0,352.2,1,0,1,3,1,1,2,0,0,0,0,US-101,,-123.1007083,47.123561111,0,1,13,80,5,60,34,0,0,1,5,8,1,1,2,3,1,1,1,53,0,49,482,2012,0,0.0,8,,,,,,1,1,49,1,0.0,,0,0,3,0,11,0,,,,,0.0,0.0,0.0,3.0,1,0,0.0,0.0,0.0,96,,,,,,0,,,,,,98546,53,69.0,198.0,6.0,1.0,0.0,2.0,0.0,0.0,,0,,,,,,0,12/15/2015,12/15/2015,20,0,0,0,8.0,9,8,,,0,0.0,0.0,8,0,8.0,95.0,,,96.0,,,8,95,995.0,,,,,,,,,,,,,,,,,,,,,,,,,,,,,,0,0,0,0,0,0,0,0,0,1,1,1,0,0,0,0,0,0,0,0,0,0,0,0,0,0,0,0,0,1,0,1,0,0,0,,0,0,0,0,0,0,0,0,0,0,0,0,0,0,0,0,,,,,,46-50,46-55,US highway,R,Sunday,Belt Used,PV,Not Fatal,0,0,0,0,State Route,State Patrol,Washington State Patrol,0,1,0,0,0,,,,,,0.0,0.0,0.0,,,,,,,,,,,98.0,98.0,98.0,0.0,,,,,20.0,7.0,,,,,,,,,,,,,,,,98584,Grapeview,Shelton
2200,2246,2246,2019,430,E990638,3.0,2019-11-29,19:40,29,11,,45,Mason,0,1,0.0,2,1,2,1,0,2,2,,,,12,0,2,4.8,1,0,1,4,1,1,3,0,0,0,0,SR-302,,-122.805625,47.360027778,0,1,50,10,2,98,4,0,0,1,2,12,3,2,2,1,14,1,2,53,0,13,1,1996,0,0.0,68,12.0,,,,,1,1,48,2,7.0,,4,7,3,0,11,0,11/29/2019,19:40,53053246.0,53246.0,0.0,0.0,0.0,2.0,1,28,0.0,0.0,0.0,93,,,,,,99,,,,,,98349,53,62.0,124.0,1.0,1.0,0.0,0.0,1.0,3.0,,0,,,,,,0,08/15/2017,08/15/2019,8,0,0,0,0.0,9,8,,,0,0.0,0.0,8,9,2.0,321.0,351.0,300.0,1.0,1.0,1.0,2,1,0.0,,,,,,,,,,,,,,,,,,,,,,,,,,,,,,0,0,0,0,0,0,1,1,1,0,0,0,0,1,0,0,1,0,0,0,0,0,0,0,0,0,0,0,0,1,0,0,0,0,0,,1,0,0,0,0,0,1,1,1,0,0,1,0,0,1,0,,,,,,46-50,46-55,State route,R,Friday,Belt Used,PV,White,0,1,1,0,State Route,State Patrol,Washington State Patrol,0,1,0,0,0,thc,9.2,carboxy-thc,5.7,,0.0,0.0,1.0,1.0,1.0,1.0,,,189.0,188.0,695.0,605.0,151.0,0.0,0.0,0.0,1.0,,,,,20.0,7.0,,,,,,,nms,,,,,,,,,98528,Lakebay,Belfair
2201,2247,2247,2019,430,E990638,3.0,2019-11-29,19:40,29,11,,45,Mason,0,1,0.0,2,1,2,1,0,2,2,,,,12,0,2,4.8,1,0,1,4,1,1,3,0,0,0,0,SR-302,,-122.805625,47.360027778,0,2,51,62,4,40,14,0,0,1,2,12,2,2,2,1,14,1,1,53,0,49,401,2010,0,0.0,12,,,,,,1,1,44,2,0.0,,1,0,3,0,11,4,,,,,0.0,0.0,0.0,3.0,1,0,0.0,0.0,0.0,96,,,,,,0,,,,,,98524,53,64.0,125.0,6.0,1.0,0.0,0.0,0.0,0.0,,0,,,,,,0,,,8,0,0,0,8.0,9,8,,,0,0.0,0.0,8,0,8.0,95.0,,,96.0,,,8,95,995.0,,,,,,,,,,,,,,,,,,,,,,,,,,,,,,0,0,0,0,0,0,1,1,1,0,0,0,0,1,0,0,1,0,0,0,0,0,0,0,0,0,0,0,0,1,0,0,0,0,0,,0,0,0,0,0,0,0,0,0,0,0,0,0,0,0,0,,,,,,41-45,36-45,State route,R,Friday,Belt Used,PV,Not Fatal,0,1,1,0,State Route,State Patrol,Washington State Patrol,0,1,0,0,0,,,,,,0.0,0.0,0.0,,,,,,,,,,,98.0,98.0,98.0,0.0,,,,,20.0,7.0,,,,,,,,,,,,,,,,98528,Allyn,Belfair
2202,2248,2248,2019,431,E991064,35.0,2019-12-07,20:50,7,12,,53,Pierce,0,5,0.0,3,2,2,1,0,2,2,,,,12,0,6,0.4,2,0,2,5,2,2,4,0,0,20,3,CR-YAKIMA AVE S,138TH ST S,-122.4426583,47.131419444,0,1,88,15,2,25,21,0,0,1,5,12,1,1,2,1,1,1,3,53,0,12,461,1996,0,0.0,12,,,,,,1,1,30,1,0.0,,9,0,99,7,11,8,,,,,0.0,0.0,3.0,3.0,1,39,0.0,0.0,0.0,96,,,,,,99,,,,,,98387,53,72.0,180.0,6.0,1.0,0.0,1.0,1.0,0.0,,97,,,,,,0,01/15/2015,03/15/2015,20,0,0,0,8.0,9,8,,,0,0.0,0.0,8,9,8.0,95.0,,,96.0,,,8,95,995.0,,,,,,,,,,,,,,,,,,,,,,,,,,,,,,0,0,0,1,0,0,0,0,0,0,0,0,0,0,0,0,0,0,0,0,0,0,0,0,0,1,0,0,0,1,0,0,0,0,0,,0,0,0,0,0,0,0,0,0,0,0,0,0,0,0,0,,,,,,26-30,26-35,County road,U,Saturday,Unknown,PV,Not Fatal,1,0,0,0,County Road,County Sheriff,Law Enforcement Support Agency,0,0,1,0,0,,,,,,0.0,0.0,1.0,,,,,,,,,,,0.0,0.0,0.0,0.0,,,,,20.0,7.0,,,,,,,,,,,,,,,,98444,Spanaway,Tacoma
2203,2249,2249,2019,431,E991064,35.0,2019-12-07,20:50,7,12,,53,Pierce,0,5,0.0,3,2,2,1,0,2,2,,,,12,0,6,0.4,2,0,2,5,2,2,4,0,0,0,0,CR-YAKIMA AVE S,138TH ST S,-122.4426583,47.131419444,0,2,89,66,4,35,14,0,0,1,5,12,1,1,2,1,1,1,1,53,0,12,402,2005,0,0.0,12,,,,,,1,1,69,2,1.0,,4,7,3,0,11,0,12/07/2019,20:50,53054322.0,54322.0,0.0,0.0,0.0,3.0,1,0,0.0,0.0,0.0,96,,,,,,99,,,,,,98444,53,60.0,130.0,6.0,1.0,0.0,0.0,0.0,0.0,,0,,,,,,0,,,20,0,0,0,0.0,9,8,,,0,0.0,0.0,8,9,2.0,1.0,,,1.0,,,2,1,0.0,,,,,,,,,,,,,,,,,,,,,,,,,,,,,,0,0,0,1,0,0,0,0,0,0,0,0,0,0,0,0,0,0,0,0,0,0,0,0,0,1,0,0,0,1,0,0,0,0,0,,1,0,0,0,0,0,0,0,0,0,0,0,0,0,0,0,,,,,,66-70,66-75,County road,U,Saturday,Belt Used,PV,Hispanic,1,0,0,0,County Road,County Sheriff,Law Enforcement Support Agency,0,0,1,0,0,,,,,,0.0,0.0,0.0,,,,,,,,,,,98.0,98.0,98.0,1.0,,,,,20.0,7.0,,,,,,,,,,,,,,,,98444,Tacoma,Tacoma
2204,2250,2250,2019,432,E991120,6.0,2019-10-27,14:56,27,10,,47,Okanogan,0,1,0.0,1,1,2,1,0,3,2,,,,12,0,6,20.5,1,0,1,4,1,1,3,0,0,0,0,SR-153,,-120.1253722,48.219994444,0,1,66,10,2,60,14,0,0,1,7,12,2,1,2,1,14,1,1,53,0,12,401,2002,0,0.0,68,12.0,,,,,1,1,38,1,7.0,,4,7,3,0,11,0,10/27/2019,14:56,53047982.0,47982.0,0.0,0.0,0.0,3.0,1,28,0.0,0.0,0.0,96,,,,,,99,,,,,,98814,53,76.0,185.0,6.0,1.0,0.0,1.0,1.0,0.0,,0,,,,,,0,03/15/2018,04/15/2019,8,0,0,0,0.0,9,8,,,0,0.0,0.0,8,9,2.0,401.0,417.0,128.0,1.0,1.0,1.0,2,1,0.0,,,,,,,,,,,,,,,,,,,,,,,,,,,,,,0,0,0,0,0,0,1,1,0,0,0,0,0,0,0,0,0,0,0,0,0,0,0,0,0,0,0,0,0,1,0,0,0,0,0,,1,0,0,0,0,0,1,1,0,0,0,0,0,0,1,0,,,,,,36-40,36-45,State route,R,Sunday,Belt Used,PV,White,0,0,0,1,State Route,State Patrol,Washington State Patrol,0,1,0,0,0,,,,,,0.0,0.0,1.0,1.0,1.0,,,,177.0,996.0,,,,98.0,98.0,98.0,1.0,,,,,20.0,7.0,,,,,,,,,,,,,,,,98814,Carlton,Carlton
2205,2251,2251,2019,432,E991120,6.0,2019-10-27,14:56,27,10,,47,Okanogan,0,1,0.0,1,1,2,1,0,3,2,,,,12,0,6,20.5,1,0,1,4,1,1,3,0,0,0,0,SR-153,,-120.1253722,48.219994444,0,2,66,62,4,60,34,1,0,1,5,12,3,1,2,1,14,2,1,53,0,23,481,2005,0,0.0,12,,,,,,1,1,51,2,0.0,,0,0,3,0,11,0,,,,,0.0,0.0,0.0,3.0,1,0,0.0,0.0,0.0,96,,,,,,0,,,,,,98814,53,62.0,165.0,6.0,1.0,0.0,0.0,0.0,0.0,,0,,,,,,0,,,20,0,0,0,8.0,9,8,,,0,0.0,0.0,8,0,8.0,95.0,,,96.0,,,8,95,995.0,,,,,,,,,,,,,,,,,,,,,,,,,,,,,,0,0,0,0,0,0,1,1,0,0,0,0,0,0,0,0,0,0,0,0,0,0,0,0,0,0,0,0,0,1,0,0,0,0,0,,0,0,0,0,0,0,0,0,0,0,0,0,0,0,0,0,,,,,,51-55,46-55,State route,R,Sunday,Belt Used,PV,Not Fatal,0,0,0,1,State Route,State Patrol,Washington State Patrol,0,1,0,0,0,,,,,,0.0,0.0,0.0,,,,,,,,,,,98.0,98.0,98.0,0.0,,,,,20.0,7.0,,,,,,,,,,,,,,,,98814,Carlton,Carlton
2206,2252,2252,2019,433,E991404,2.0,2019-12-06,17:52,6,12,,29,Island,0,1,0.0,2,1,2,1,0,3,1,,,,42,0,0,9999.9,1,0,1,6,1,2,4,0,0,0,0,CR-WILKINSON RD,,-122.3734278,47.999797222,0,1,1,13,2,35,4,0,0,1,7,42,3,2,2,1,14,3,1,53,0,35,43,2017,0,0.0,63,42.0,,,,,1,1,47,1,7.0,,4,7,20,7,11,0,12/06/2019,17:52,53056041.0,56041.0,0.0,0.0,3.0,3.0,1,0,0.0,0.0,0.0,92,,,,,,9,,,,,,98260,53,70.0,188.0,6.0,1.0,0.0,2.0,1.0,4.0,,0,,,,,,0,02/15/2015,10/15/2019,8,0,0,0,0.0,9,8,,,0,0.0,0.0,1,1,2.0,155.0,,,1.0,,,2,1,0.0,,,,,,,,,,,,,,,,,,,,,,,,,,,,,,0,0,1,0,1,0,1,1,0,0,0,0,0,0,0,0,1,0,0,1,0,0,0,0,0,0,0,0,0,1,0,0,0,1,0,,1,0,0,0,0,0,1,1,1,0,0,0,0,0,1,1,,,,,,46-50,46-55,County road,R,Friday,Not Used,PV,White,0,1,0,0,County Road,State Patrol,Washington State Patrol,1,0,1,0,0,,,,,,0.0,0.0,2.0,,,,,,,,,,,98.0,98.0,98.0,1.0,,,,,20.0,7.0,,,,,,,,,,,,,,,,98260,Langley,Langley