,index,Unnamed: 0,year,case,par,repjur,crash_dt,crash_tm,accday,accmon,holiday,county,co_char,city,weather,weather2,lightcond,surfcond,surftype,numfatal,nmforms,pforms,vforms,not_tm,arr_tm,hosp_tm,fhevent,hitrun,manncol,milepnt,reljunc,reljuncinter,intersectiontype,funcsystem,landuse,ownership,route,schlbus,spejur,contdev,devfunc,trafid1,trafid2,lon,lat,wk_zone,vnumber,crashtype,criticalevent,criticaleventcat,spdlim,body,trailer,emerg,hazcargo,leave,mhevent,roadalgn,roadprof,traflane,trafflow,vehmanvr,numoccs,regowner,regstate,spuse,make,model,modelyr,vrf1,vrf2,seqevent1,seqevent2,seqevent3,seqevent4,seqevent5,seqevent6,pnumber,ptype,age,sex,hispanic,race,injury,diedscene,restraint,restraintmisuse,seatpos,takehosp,death_dt,death_tm,cert,cernum_wa,commlic,licendor,licrestrict,liccomp,drivpres,drf1,drf2,drf3,drf4,distract1,distract2,distract3,distract4,distract5,distract6,dricond1,dricond2,dricond3,dricond4,dricond5,dricond6,dzip,licstate,drhgt_in,weight,noncdl,noncdltype,prevdwi,prevoth,prevacc,prevspd,prevsus,driviol1,driviol2,driviol3,driviol4,driviol5,driviol6,spdrel,first_dt,last_dt,airbag,ejection,ejectpath,extricat,injurwrk,methalc,methdrug,nmlocat,strikveh,prf1,prf2,prf3,druginv,alcinvol,drugsts,drugres1,drugres2,drugres3,drugtst1,drugtst2,drugtst3,alcsts,alctst,alcres,nmact1,nmact2,nmact3,nmact4,nmact5,nmact6,nmprior1,nmprior2,nmprior3,nmprior4,nmprior5,nmprior6,nmcond1,nmcond2,nmcond3,nmcond4,nmcond5,nmcond6,nmsafe_helmet,nmsafe_pads,nmsafe_oth,nmprev_ref,nmprev_lgt,nmprev_oth,crashlocation,nmcrashtype,crosswalk,schoolzone,sidewalk,train_inv,wildlife_inv,rotr_fars,intersect_fars,dd_inv,aid_inv,dpd_inv,id_inv,mj_inv,impnm_inv,ainm_inv,dpnm_inv,speed_inv,unlic_inv,unendmc_inv,drowsy_inv,drdist_inv,nmdist_inv,fty_inv,unrestfat_inv,dr1617_inv,dr1820_inv,dr1620_inv,dr2125_inv,dr1625_inv,dr65_inv,dr70_inv,dr75_inv,mc_inv,pv_inv,ht_inv,ped_inv,bike_inv,unrest_fat,mc_fat,unhelmet_mc,pv_fat,ht_fat,ped_fat,bike_fat,dr_alc7,dr_alc8,dr_drug,dr_imp,dr_dist,dr_spd,dr_fty,dr_unlic,dr_alc7only,dr_alc8only,dr_drugonly,dr_drink,nm_imp,nm_alc7,nm_alc8,nm_drug,nm_dist,agegrp1,agegrp2,roadclass,urbrur,dayweek,restuse,vehtype,race_me,intersect,lanedep,oppdir,wrongway,rep_typ,investag,repag_long,rotr,st_rd,cty_rd,city_rd,oth_rd,drug_thc,thc_res,drug_cthc,cthc_res,drug_cann,prevpersemin,prevperse,prevsusoth,drugtst4,drugtst5,drugtst6,drugtst7,drugtst8,drugres4,drugres5,drugres6,drugres7,drugres8,adspresent,adsengaged,adslevel,race1,race2,race3,race4,race5,helmet,helmetmisuse,nmdistract1,nmdistract2,nmdistract3,nmdistract4,nmdistract5,nmdistract6,lab,isedtcase,crf1,crf2,crf3,CoRoadName,CoMP,IntCoRoadName,IntCoMP,crashzip,dcity,crashcity
2207,2253,2253,2019,434,E991650,59.0,2019-11-17,19:10,17,11,,33,King,109,2,0.0,3,2,2,1,1,1,1,,,,8,0,0,0.0,1,0,1,7,2,4,6,0,0,0,0,145TH PL SE,,-122.1479861,47.593005556,0,1,13,80,5,30,14,0,0,1,7,8,1,1,2,2,1,1,1,53,0,63,401,2011,0,0.0,8,,,,,,1,1,30,1,0.0,,0,0,3,0,11,0,,,,,0.0,0.0,3.0,3.0,1,38,0.0,0.0,0.0,9,,,,,,0,,,,,,98007,53,72.0,183.0,6.0,1.0,0.0,0.0,0.0,1.0,,97,,,,,,0,07/15/2016,07/15/2016,20,0,0,0,8.0,3,2,,,0,0.0,0.0,0,1,0.0,0.0,,,0.0,,,0,0,996.0,,,,,,,,,,,,,,,,,,,,,,,,,,,,,,0,0,0,0,1,0,0,0,0,0,0,0,0,0,0,0,1,0,1,0,0,0,0,0,0,0,0,0,0,1,0,1,0,0,0,,0,0,0,0,0,0,0,0,1,0,1,0,0,0,0,1,,,,,,26-30,26-35,City street,U,Sunday,Belt Used,PV,Not Fatal,0,0,0,0,City Street,Municipal/City Police,Bellevue Police Department,0,0,0,1,0,,,,,,0.0,0.0,0.0,,,,,,,,,,,98.0,98.0,98.0,0.0,,,,,20.0,7.0,,,,,,,,,,,,,,,,98007,Bellevue,Bellevue
2208,2254,2254,2019,435,E991663,6.0,2019-11-29,19:30,29,11,,47,Okanogan,0,1,0.0,2,1,2,1,0,1,1,,,,1,0,0,28.8,1,0,1,4,1,1,3,0,3,0,0,SR-155,,-118.9571083,47.989222222,0,1,2,13,2,60,14,0,0,1,7,1,3,2,2,1,14,1,1,53,0,20,404,2014,0,0.0,63,69.0,68.0,68.0,63.0,1.0,1,1,70,2,7.0,,4,7,3,0,11,0,11/29/2019,19:30,53052462.0,52462.0,0.0,0.0,3.0,2.0,1,0,0.0,0.0,0.0,92,,,,,,0,,,,,,99155,53,64.0,195.0,3.0,1.0,0.0,0.0,0.0,0.0,,0,,,,,,0,,,8,0,0,0,0.0,9,8,,,0,0.0,0.0,8,0,8.0,95.0,,,96.0,,,8,95,995.0,,,,,,,,,,,,,,,,,,,,,,,,,,,,,,0,0,0,0,0,0,0,0,0,0,0,0,0,1,0,0,1,0,0,0,0,0,0,0,0,1,1,0,0,1,0,0,0,0,0,,1,0,0,0,0,0,0,0,1,0,0,1,0,0,0,0,,,,,,66-70,66-75,State route,R,Friday,Belt Used,PV,AIAN,0,1,0,0,State Route,State Patrol,Washington State Patrol,1,1,0,0,0,,,,,,0.0,0.0,0.0,,,,,,,,,,,98.0,98.0,98.0,3.0,,,,,20.0,7.0,,,,,,,,,,,,,,,,99116,Nespelem,Coulee Dam
2209,2255,2255,2019,436,E991848,25.0,2019-12-05,17:46,5,12,,33,King,0,10,0.0,3,1,1,1,0,2,2,,,,12,0,6,1.2,2,0,4,5,2,2,4,0,0,0,0,CR-MILITARY RD S,42ND AVE S,-122.281975,47.272475,0,1,68,17,2,45,4,0,0,1,7,12,1,1,2,1,11,1,2,53,0,49,40,1997,0,0.0,12,,,,,,1,1,23,1,0.0,,0,0,3,0,11,0,,,,,6.0,0.0,0.0,3.0,1,10,38.0,0.0,0.0,96,,,,,,0,,,,,,98001,53,68.0,140.0,6.0,1.0,0.0,0.0,1.0,1.0,,97,,,,,,0,03/15/2015,08/15/2015,1,0,0,0,8.0,9,8,,,0,0.0,0.0,8,0,8.0,95.0,,,96.0,,,8,95,995.0,,,,,,,,,,,,,,,,,,,,,,,,,,,,,,0,0,0,1,0,0,1,1,1,0,0,0,0,0,1,0,0,0,1,0,0,0,0,1,1,0,0,0,1,1,0,0,0,0,0,,0,0,0,0,0,0,0,0,0,0,1,0,0,0,0,0,,,,,,21-25,16-25,County road,U,Thursday,Belt Used,PV,Not Fatal,1,0,0,0,County Road,County Sheriff,King County Police,0,0,1,0,0,,,,,,0.0,0.0,0.0,,,,,,,,,,,0.0,0.0,0.0,0.0,,,,,20.0,7.0,,,,,,,,,,,,,,,,98001,Auburn,Auburn
2210,2256,2256,2019,436,E991848,25.0,2019-12-05,17:46,5,12,,33,King,0,10,0.0,3,1,1,1,0,2,2,,,,12,0,6,1.2,2,0,4,5,2,2,4,0,0,0,0,CR-MILITARY RD S,42ND AVE S,-122.281975,47.272475,0,2,69,66,4,45,80,0,0,1,7,12,1,1,2,1,1,1,2,15,0,71,706,2011,0,0.0,12,,,,,,1,1,22,1,7.0,,4,7,20,7,11,0,12/05/2019,17:46,53053886.0,53886.0,0.0,0.0,0.0,2.0,1,0,0.0,0.0,0.0,96,,,,,,99,,,,,,98001,53,70.0,160.0,6.0,1.0,1.0,4.0,2.0,2.0,,0,,,,,,0,11/15/2017,04/15/2019,20,8,0,0,0.0,9,8,,,0,0.0,0.0,8,9,2.0,605.0,,,1.0,,,2,1,0.0,,,,,,,,,,,,,,,,,,,,,,,,,,,,,,0,0,0,1,0,0,1,1,1,0,0,0,0,0,1,0,0,0,1,0,0,0,0,1,1,0,0,0,1,1,0,0,0,0,1,0.0,0,0,0,0,0,0,1,1,0,0,0,0,0,0,1,0,,,,,,21-25,16-25,County road,U,Thursday,,MC,White,1,0,0,0,County Road,County Sheriff,King County Police,0,0,1,0,0,thc,1.8,,,,1.0,0.0,2.0,,,,,,,,,,,0.0,0.0,0.0,1.0,,,,,19.0,0.0,,,,,,,,,,,,,,,,98001,Auburn,Auburn
2211,2257,2257,2019,437,E988133,2.0,2019-11-28,22:56,28,11,,57,Skagit,0,1,0.0,2,1,2,1,1,7,3,,,,8,0,0,62.3,1,0,1,3,2,1,3,0,0,0,0,SR-20,,-122.2860722,48.490402778,0,1,13,80,5,55,4,0,0,1,7,8,1,1,2,1,1,2,1,53,0,52,46,2012,0,0.0,8,,,,,,1,1,25,1,0.0,,0,0,3,0,11,0,,,,,0.0,0.0,0.0,3.0,1,0,0.0,0.0,0.0,96,,,,,,0,,,,,,98087,53,74.0,180.0,6.0,1.0,0.0,1.0,1.0,5.0,,0,,,,,,0,11/15/2016,02/15/2019,20,0,0,0,8.0,9,8,,,0,0.0,0.0,8,0,8.0,95.0,,,96.0,,,8,95,995.0,,,,,,,,,,,,,,,,,,,,,,,,,,,,,,0,0,0,0,0,0,0,0,0,1,0,1,0,1,0,0,0,0,0,0,0,0,0,1,1,0,0,0,0,1,0,1,0,0,0,,0,0,0,0,0,0,0,0,0,0,0,0,0,0,0,0,,,,,,21-25,16-25,State route,U,Thursday,Belt Used,PV,Not Fatal,0,0,0,0,State Route,State Patrol,Washington State Patrol,0,1,0,0,0,,,,,,0.0,0.0,1.0,,,,,,,,,,,98.0,98.0,98.0,0.0,,,,,20.0,7.0,,,,,,,,,,,,,,,,98284,Lynnwood,Sedro Woolley
2212,2258,2258,2019,437,E988133,2.0,2019-11-28,22:56,28,11,,57,Skagit,0,1,0.0,2,1,2,1,1,7,3,,,,8,0,0,62.3,1,0,1,3,2,1,3,0,0,0,0,SR-20,,-122.2860722,48.490402778,0,2,98,80,5,55,4,0,0,1,5,8,1,1,2,1,1,4,2,53,0,35,47,2013,0,0.0,8,,,,,,1,1,41,2,0.0,,0,0,3,0,11,0,,,,,0.0,0.0,0.0,2.0,1,0,0.0,0.0,0.0,96,,,,,,0,,,,,,98203,53,58.0,145.0,1.0,1.0,0.0,0.0,0.0,0.0,,0,,,,,,0,,,20,0,0,0,8.0,9,8,,,0,0.0,0.0,8,0,8.0,95.0,,,96.0,,,8,95,995.0,,,,,,,,,,,,,,,,,,,,,,,,,,,,,,0,0,0,0,0,0,0,0,0,1,0,1,0,1,0,0,0,0,0,0,0,0,0,1,1,0,0,0,0,1,0,1,0,0,0,,0,0,0,0,0,0,0,0,0,0,0,1,0,0,0,0,,,,,,41-45,36-45,State route,U,Thursday,Belt Used,PV,Not Fatal,0,0,0,0,State Route,State Patrol,Washington State Patrol,0,1,0,0,0,,,,,,0.0,0.0,0.0,,,,,,,,,,,98.0,98.0,98.0,0.0,,,,,20.0,7.0,,,,,,,,,,,,,,,,98284,Everett,Sedro Woolley
2213,2259,2259,2019,437,E988133,2.0,2019-11-28,22:56,28,11,,57,Skagit,0,1,0.0,2,1,2,1,1,7,3,,,,8,0,0,62.3,1,0,1,3,2,1,3,0,0,0,0,SR-20,,-122.2860722,48.490402778,0,3,98,80,5,55,34,0,0,1,5,8,1,1,2,1,1,1,1,53,0,20,471,1987,0,0.0,8,,,,,,1,1,25,1,0.0,,0,0,3,0,11,0,,,,,6.0,0.0,0.0,3.0,1,0,0.0,0.0,0.0,96,,,,,,0,,,,,,98233,53,73.0,200.0,6.0,1.0,0.0,0.0,0.0,0.0,,0,,,,,,0,,,20,0,0,0,8.0,9,8,,,0,0.0,0.0,8,0,8.0,95.0,,,96.0,,,8,95,995.0,,,,,,,,,,,,,,,,,,,,,,,,,,,,,,0,0,0,0,0,0,0,0,0,1,0,1,0,1,0,0,0,0,0,0,0,0,0,1,1,0,0,0,0,1,0,1,0,0,0,,0,0,0,0,0,0,0,0,0,0,0,0,0,0,0,0,,,,,,21-25,16-25,State route,U,Thursday,Belt Used,PV,Not Fatal,0,0,0,0,State Route,State Patrol,Washington State Patrol,0,1,0,0,0,,,,,,0.0,0.0,0.0,,,,,,,,,,,0.0,0.0,0.0,0.0,,,,,20.0,7.0,,,,,,,,,,,,,,,,98284,Burlington,Sedro Woolley
2214,2260,2260,2019,438,E992424,122.0,2019-12-10,17:19,10,12,,61,Snohomish,690,2,0.0,2,2,2,1,1,1,1,,,,8,1,0,0.0,1,0,1,7,2,4,6,0,0,0,0,7TH AVE SE,,-122.2233806,47.911063889,0,1,13,80,5,25,4,0,0,1,5,8,1,1,3,5,1,1,1,53,0,55,33,2011,0,0.0,8,,,,,,1,1,63,2,0.0,,0,0,3,0,11,0,,,,,0.0,0.0,3.0,3.0,1,0,0.0,0.0,0.0,96,,,,,,0,,,,,,98203,53,63.0,175.0,6.0,1.0,0.0,0.0,0.0,0.0,,0,,,,,,0,,,20,0,0,0,8.0,9,8,,,0,0.0,0.0,8,0,8.0,95.0,,,96.0,,,8,95,995.0,,,,,,,,,,,,,,,,,,,,,,,,,,,,,,0,0,0,0,0,0,0,0,0,0,0,0,0,0,0,0,0,0,0,0,0,0,0,0,0,0,0,0,0,1,0,1,0,0,0,,0,0,0,0,0,0,0,0,0,0,0,0,0,0,0,0,,,,,,61-65,56-65,City street,U,Tuesday,Belt Used,PV,Not Fatal,0,0,0,0,City Street,Municipal/City Police,Everett Police Department,0,0,0,1,0,,,,,,0.0,0.0,0.0,,,,,,,,,,,98.0,98.0,98.0,0.0,,,,,20.0,7.0,,,,,,,,,,,,,,,,98208,Everett,Everett
2215,2261,2261,2019,439,E993268,1.0,2019-12-13,6:28,13,12,,5,Benton,0,1,0.0,2,4,2,1,0,1,1,,,,1,0,0,119.0,1,0,1,1,1,1,1,0,0,0,0,I-82,,-119.2231611,46.084663889,0,1,2,6,1,70,34,0,0,1,7,1,1,2,2,3,1,1,1,53,0,12,481,2001,0,0.0,63,1.0,38.0,,,,1,1,43,1,1.0,,4,7,20,7,11,0,12/13/2019,6:28,53054803.0,54803.0,0.0,0.0,0.0,3.0,1,0,0.0,0.0,0.0,96,,,,,,0,,,,,,99336,53,71.0,300.0,6.0,1.0,0.0,1.0,1.0,0.0,,0,,,,,,4,05/15/2015,01/15/2017,20,1,9,0,0.0,1,8,,,0,0.0,0.0,8,0,2.0,1.0,,,1.0,,,2,1,0.0,,,,,,,,,,,,,,,,,,,,,,,,,,,,,,0,0,0,0,0,0,0,0,0,0,0,0,1,0,0,0,0,0,0,1,0,0,0,0,0,0,0,0,0,1,0,0,0,1,0,,1,0,0,0,0,0,0,0,0,1,0,0,0,0,0,0,,,,,,41-45,36-45,Interstate,R,Friday,Not Used,PV,Hispanic,0,1,0,0,State Route,State Patrol,Washington State Patrol,1,1,0,0,0,,,,,,0.0,0.0,0.0,,,,,,,,,,,98.0,98.0,98.0,298.0,,,,,20.0,7.0,,,,,,,,,,,,,,,,99338,Kennewick,Kennewick
2216,2262,2262,2019,440,E993770,2.0,2019-12-13,22:09,13,12,,73,Whatcom,110,2,0.0,2,2,2,2,0,5,2,,,,12,0,1,255.0,1,0,1,1,2,1,1,0,0,0,0,I-5,,-122.4653333,48.773511111,0,1,24,51,3,60,4,0,0,1,7,2,1,2,2,3,1,2,2,53,0,32,43,2015,0,0.0,12,63.0,42.0,1.0,2.0,,1,1,19,1,7.0,,4,7,99,7,11,0,12/13/2019,22:09,11053055244.0,55244.0,0.0,0.0,3.0,3.0,1,0,0.0,0.0,0.0,96,,,,,,99,,,,,,98226,53,70.0,186.0,6.0,1.0,0.0,2.0,1.0,4.0,,0,,,,,,4,10/15/2017,07/15/2019,99,0,0,0,0.0,9,8,,,0,0.0,0.0,8,8,2.0,402.0,605.0,,1.0,1.0,,2,1,0.128,,,,,,,,,,,,,,,,,,,,,,,,,,,,,,0,0,0,0,1,1,1,1,1,0,0,0,1,0,0,0,0,0,0,0,0,1,1,0,1,0,0,0,0,1,0,0,0,0,0,,1,0,0,0,0,1,1,1,0,1,0,0,0,0,0,1,,,,,,18-20,16-25,Interstate,U,Friday,Unknown,PV,API,0,0,0,0,State Route,State Patrol,Washington State Patrol,0,1,0,0,0,thc,1.4,,,,0.0,0.0,0.0,,,,,,,,,,,98.0,98.0,98.0,18.0,,,,,20.0,7.0,,,,,,,nms,,,,,,,,,98225,Bellingham,Bellingham
2217,2263,2263,2019,440,E993770,2.0,2019-12-13,22:09,13,12,,73,Whatcom,110,2,0.0,2,2,2,2,0,5,2,,,,12,0,1,255.0,1,0,1,1,2,1,1,0,0,0,0,I-5,,-122.4653333,48.773511111,0,2,25,53,3,60,5,0,0,1,7,12,1,2,2,3,1,3,1,95,0,34,44,2009,0,0.0,12,,,,,,1,1,41,2,0.0,,0,0,3,0,11,0,,,,,99.0,9.0,9.0,9.0,1,0,0.0,0.0,0.0,96,,,,,,0,,,,,,0,95,,999.0,9.0,9.0,99.0,99.0,99.0,99.0,,0,,,,,,0,,,20,0,0,0,8.0,9,8,,,0,0.0,0.0,8,8,8.0,95.0,,,96.0,,,8,95,995.0,,,,,,,,,,,,,,,,,,,,,,,,,,,,,,0,0,0,0,1,1,1,1,1,0,0,0,1,0,0,0,0,0,0,0,0,1,1,0,1,0,0,0,0,1,0,0,0,0,0,,0,0,0,0,0,0,0,0,0,0,0,0,0,0,0,0,,,,,,41-45,36-45,Interstate,U,Friday,Belt Used,PV,Not Fatal,0,0,0,0,State Route,State Patrol,Washington State Patrol,0,1,0,0,0,,,,,,99.0,99.0,99.0,,,,,,,,,,,98.0,98.0,98.0,0.0,,,,,20.0,7.0,,,,,,,,,,,,,,,,98225,Canada,Bellingham
2218,2264,2264,2019,441,E994060,47.0,2019-12-12,20:45,12,12,,27,Grays Harbor,10,2,0.0,3,2,2,1,0,1,1,,,,39,0,0,0.0,3,0,3,7,2,4,6,0,0,0,0,N B ST   ROBERT GRAY ELEMENTAR,3RD AVE,-123.8142444,46.986069444,0,1,14,14,2,25,4,0,0,1,7,39,1,2,2,1,1,1,1,53,0,12,17,1993,0,0.0,71,39.0,,,,,1,1,37,1,7.0,,4,7,20,7,11,0,12/12/2019,20:45,1053055372.0,55372.0,6.0,0.0,0.0,3.0,1,0,0.0,0.0,0.0,92,,,,,,99,,,,,,98513,53,69.0,160.0,6.0,1.0,0.0,2.0,1.0,1.0,,0,,,,,,0,01/15/2018,08/15/2019,1,1,9,0,0.0,9,8,,,0,0.0,0.0,8,9,2.0,401.0,417.0,,1.0,1.0,,2,1,0.0,,,,,,,,,,,,,,,,,,,,,,,,,,,,,,0,0,0,1,0,0,1,1,0,0,0,0,0,0,0,0,1,0,0,1,0,0,0,0,0,0,0,0,0,1,0,0,0,1,0,,1,0,0,0,0,0,1,1,1,0,0,0,0,0,1,0,,,,,,36-40,36-45,City street,U,Thursday,Not Used,PV,White,1,0,0,0,City Street,Municipal/City Police,Aberdeen Police Department,0,0,0,1,0,,,,,,0.0,0.0,1.0,,,,,,,,,,,0.0,0.0,0.0,1.0,,,,,20.0,7.0,,,,,,,,,,,,,,,,98520,Olympia,Aberdeen
2219,2265,2265,2019,442,E994233,6.0,2019-12-06,9:40,6,12,,47,Okanogan,0,10,0.0,1,2,2,1,0,1,1,,,,1,0,0,50.9,1,0,1,4,1,1,3,0,3,0,0,SR-155,,-119.0965056,48.237013889,0,1,1,13,2,60,14,0,0,1,2,1,3,2,2,1,14,1,1,53,0,62,401,2001,0,0.0,63,1.0,,,,,1,1,43,1,1.0,,4,7,3,0,11,0,12/06/2019,9:40,53054332.0,54332.0,0.0,0.0,3.0,2.0,1,0,0.0,0.0,0.0,92,,,,,,9,,,,,,99203,53,69.0,140.0,1.0,1.0,2.0,2.0,1.0,3.0,,0,,,,,,0,07/15/2016,08/15/2019,1,2,9,0,0.0,1,8,,,0,0.0,0.0,8,1,2.0,1.0,,,1.0,,,2,1,0.318,,,,,,,,,,,,,,,,,,,,,,,,,,,,,,0,0,1,0,1,1,0,1,0,0,0,0,0,1,0,0,1,0,0,0,0,0,0,0,0,0,0,0,0,1,0,0,0,0,0,,1,0,0,0,0,1,0,1,1,0,0,1,0,1,0,1,,,,,,41-45,36-45,State route,R,Friday,Belt Used,PV,Hispanic,0,1,0,0,State Route,State Patrol,Washington State Patrol,1,1,0,0,0,,,,,,0.0,2.0,6.0,,,,,,,,,,,98.0,98.0,98.0,298.0,,,,,20.0,7.0,,,,,,,,,,,,,,,,99116,Spokane,Coulee Dam
2220,2266,2266,2019,443,E994471,2.0,2019-12-04,21:57,4,12,,29,Island,0,1,0.0,3,1,2,1,0,1,1,,,,30,0,0,9999.9,1,0,1,5,1,2,4,0,0,0,0,CR-SE CAMANO DR,,-122.4603667,48.146838889,0,1,1,13,2,40,6,0,0,1,2,1,3,1,2,1,14,1,1,53,0,48,34,2002,0,0.0,63,30.0,1.0,,,,1,1,40,2,7.0,,4,7,20,7,11,0,12/04/2019,21:57,53053606.0,53606.0,0.0,0.0,3.0,3.0,1,0,0.0,0.0,0.0,96,,,,,,9,,,,,,98282,53,58.0,111.0,6.0,1.0,0.0,1.0,0.0,0.0,,0,,,,,,4,01/15/2018,01/15/2018,8,2,9,0,0.0,1,8,,,0,0.0,0.0,8,1,2.0,695.0,605.0,,1.0,1.0,,2,1,0.299,,,,,,,,,,,,,,,,,,,,,,,,,,,,,,0,0,1,0,1,1,1,1,1,0,0,0,1,0,0,0,0,0,0,1,0,0,0,0,0,0,0,0,0,1,0,0,0,1,0,,1,0,0,0,0,1,1,1,0,1,0,0,0,0,0,1,,,,,,36-40,36-45,County road,R,Wednesday,Not Used,PV,Oth/Unk,0,1,0,0,County Road,State Patrol,Washington State Patrol,1,0,1,0,0,thc,0.78,carboxy-thc,14.0,,0.0,0.0,0.0,,,,,,,,,,,98.0,98.0,98.0,99.0,,,,,20.0,7.0,,,,,,,nms,,,,,,,,,98282,Camano Island,Camano Island
2221,2267,2267,2019,444,E997028,173.0,2019-12-09,2:15,9,12,,53,Pierce,1124,2,0.0,2,0,0,1,1,1,1,,,,8,0,0,0.0,8,0,1,7,2,4,6,0,0,0,0,EDGEWATER DR SW,,-122.5327389,47.180908333,0,1,92,80,5,0,4,0,0,1,7,8,0,0,0,0,13,1,1,53,0,63,38,2019,0,0.0,8,,,,,,1,1,29,2,0.0,,0,0,99,7,11,0,,,,,0.0,0.0,0.0,3.0,1,91,0.0,0.0,0.0,96,,,,,,9,,,,,,98499,53,62.0,115.0,6.0,1.0,0.0,0.0,0.0,0.0,,1,,,,,,0,,,20,0,0,0,8.0,9,8,,,0,0.0,0.0,8,1,8.0,95.0,,,96.0,,,2,1,0.28,,,,,,,,,,,,,,,,,,,,,,,,,,,,,,0,0,0,0,1,1,0,1,0,0,0,0,0,0,0,0,0,0,0,0,0,0,0,0,0,0,0,0,0,1,0,1,0,0,0,,0,0,0,0,0,1,0,1,0,0,0,0,0,1,0,1,,,,,,26-30,26-35,City street,U,Monday,Unknown,PV,Not Fatal,0,0,0,0,City Street,Municipal/City Police,Lakewood Police Department,0,0,0,1,0,,,,,,0.0,0.0,0.0,,,,,,,,,,,98.0,98.0,98.0,0.0,,,,,20.0,7.0,,,,,,,,,,,,,,,,98499,Lakewood,Lakewood
2222,2268,2268,2019,445,E994918,160.0,2019-12-17,18:19,17,12,,33,King,1030,1,0.0,3,1,2,1,1,1,1,,,,8,0,0,1.3,3,0,3,4,2,1,3,0,0,0,0,SR-515,SE 235TH ST,-122.2021722,47.390941667,0,1,13,80,5,40,14,0,0,1,7,8,1,1,5,5,1,1,1,53,0,49,401,2000,0,0.0,8,,,,,,1,1,25,1,0.0,,0,0,99,7,11,0,,,,,0.0,0.0,0.0,3.0,1,0,0.0,0.0,0.0,96,,,,,,0,,,,,,98031,53,76.0,190.0,6.0,1.0,0.0,0.0,2.0,0.0,,0,,,,,,0,05/15/2017,11/15/2018,20,0,0,0,8.0,9,2,,,0,0.0,0.0,0,0,8.0,95.0,,,96.0,,,8,95,995.0,,,,,,,,,,,,,,,,,,,,,,,,,,,,,,0,0,0,1,0,0,0,0,0,1,0,1,0,0,0,0,0,0,0,0,0,0,0,1,1,0,0,0,0,1,0,1,0,0,0,,0,0,0,0,0,0,0,0,0,0,0,0,0,0,0,0,,,,,,21-25,16-25,State route,U,Tuesday,Unknown,PV,Not Fatal,1,0,0,0,State Route,Municipal/City Police,Kent Police Department,0,1,0,0,0,,,,,,0.0,0.0,0.0,,,,,,,,,,,98.0,98.0,98.0,0.0,,,,,20.0,7.0,,,,,,,,,,,,,,,,98031,Kent,Kent
2223,2269,2269,2019,446,E994935,269.0,2019-12-15,17:10,15,12,,33,King,2005,10,0.0,3,2,2,1,0,4,3,,,,12,0,6,0.0,1,0,1,3,2,4,6,0,0,0,0,NE 175TH ST,,-122.3293917,47.75595,0,1,66,6,1,35,2,0,0,1,7,12,1,1,6,1,1,2,1,53,0,12,3,1994,0,0.0,68,12.0,,,,,1,1,44,1,7.0,,4,7,3,0,11,0,12/15/2019,17:10,200553055156.0,55156.0,0.0,0.0,3.0,3.0,1,0,0.0,0.0,0.0,96,,,,,,99,,,,,,98155,53,72.0,195.0,6.0,1.0,0.0,0.0,0.0,1.0,,0,,,,,,0,07/15/2019,07/15/2019,20,0,0,0,0.0,9,8,,,0,0.0,0.0,8,9,2.0,1.0,,,1.0,,,2,1,0.13,,,,,,,,,,,,,,,,,,,,,,,,,,,,,,0,0,0,0,1,1,0,1,0,0,0,0,0,0,0,0,0,0,0,0,0,0,0,0,0,0,0,0,0,1,0,0,0,0,0,,1,0,0,0,0,1,0,1,0,0,0,0,0,1,0,1,,,,,,41-45,36-45,City street,U,Sunday,Belt Used,PV,White,0,1,1,0,State Route,Municipal/City Police,Shoreline Police Department,0,1,0,0,0,,,,,,0.0,0.0,0.0,,,,,,,,,,,0.0,0.0,0.0,1.0,,,,,20.0,7.0,,,,,,,,,,,,,,,,98155,Seattle,Seattle
2224,2270,2270,2019,446,E994935,269.0,2019-12-15,17:10,15,12,,33,King,2005,10,0.0,3,2,2,1,0,4,3,,,,12,0,6,0.0,1,0,1,3,2,4,6,0,0,0,0,NE 175TH ST,,-122.3293917,47.75595,0,2,66,62,4,35,21,0,0,1,7,12,1,1,6,1,1,1,1,6,0,7,461,1991,0,0.0,12,12.0,,,,,1,1,49,1,0.0,,3,0,3,0,11,8,,,,,0.0,0.0,0.0,3.0,1,0,0.0,0.0,0.0,96,,,,,,0,,,,,,74601,40,72.0,250.0,6.0,1.0,0.0,0.0,0.0,0.0,,0,,,,,,0,,,20,0,0,0,8.0,9,8,,,0,0.0,0.0,8,0,8.0,95.0,,,96.0,,,8,95,995.0,,,,,,,,,,,,,,,,,,,,,,,,,,,,,,0,0,0,0,1,1,0,1,0,0,0,0,0,0,0,0,0,0,0,0,0,0,0,0,0,0,0,0,0,1,0,0,0,0,0,,0,0,0,0,0,0,0,0,0,0,0,0,0,0,0,0,,,,,,46-50,46-55,City street,U,Sunday,Belt Used,PV,Not Fatal,0,1,1,0,State Route,Municipal/City Police,Shoreline Police Department,0,1,0,0,0,,,,,,0.0,0.0,0.0,,,,,,,,,,,0.0,0.0,0.0,0.0,,,,,20.0,7.0,,,,,,,,,,,,,,,,98155,Ponca City,Seattle
2225,2271,2271,2019,446,E994935,269.0,2019-12-15,17:10,15,12,,33,King,2005,10,0.0,3,2,2,1,0,4,3,,,,12,0,6,0.0,1,0,1,3,2,4,6,0,0,0,0,NE 175TH ST,,-122.3293917,47.75595,0,3,98,98,7,35,14,0,0,1,7,12,1,1,6,1,1,1,1,41,0,49,402,2015,0,0.0,12,,,,,,1,1,26,2,0.0,,0,0,3,0,11,0,,,,,0.0,0.0,0.0,3.0,1,0,0.0,0.0,0.0,96,,,,,,0,,,,,,94015,6,67.0,125.0,6.0,1.0,0.0,0.0,0.0,0.0,,0,,,,,,0,,,20,0,0,0,8.0,9,8,,,0,0.0,0.0,8,0,8.0,95.0,,,96.0,,,8,95,995.0,,,,,,,,,,,,,,,,,,,,,,,,,,,,,,0,0,0,0,1,1,0,1,0,0,0,0,0,0,0,0,0,0,0,0,0,0,0,0,0,0,0,0,0,1,0,0,0,0,0,,0,0,0,0,0,0,0,0,0,0,0,0,0,0,0,0,,,,,,26-30,26-35,City street,U,Sunday,Belt Used,PV,Not Fatal,0,1,1,0,State Route,Municipal/City Police,Shoreline Police Department,0,1,0,0,0,,,,,,0.0,0.0,0.0,,,,,,,,,,,98.0,98.0,98.0,0.0,,,,,20.0,7.0,,,,,,,,,,,,,,,,98155,Daly City,Seattle