,index,Unnamed: 0,year,case,par,repjur,crash_dt,crash_tm,accday,accmon,holiday,county,co_char,city,weather,weather2,lightcond,surfcond,surftype,numfatal,nmforms,pforms,vforms,not_tm,arr_tm,hosp_tm,fhevent,hitrun,manncol,milepnt,reljunc,reljuncinter,intersectiontype,funcsystem,landuse,ownership,route,schlbus,spejur,contdev,devfunc,trafid1,trafid2,lon,lat,wk_zone,vnumber,crashtype,criticalevent,criticaleventcat,spdlim,body,trailer,emerg,hazcargo,leave,mhevent,roadalgn,roadprof,traflane,trafflow,vehmanvr,numoccs,regowner,regstate,spuse,make,model,modelyr,vrf1,vrf2,seqevent1,seqevent2,seqevent3,seqevent4,seqevent5,seqevent6,pnumber,ptype,age,sex,hispanic,race,injury,diedscene,restraint,restraintmisuse,seatpos,takehosp,death_dt,death_tm,cert,cernum_wa,commlic,licendor,licrestrict,liccomp,drivpres,drf1,drf2,drf3,drf4,distract1,distract2,distract3,distract4,distract5,distract6,dricond1,dricond2,dricond3,dricond4,dricond5,dricond6,dzip,licstate,drhgt_in,weight,noncdl,noncdltype,prevdwi,prevoth,prevacc,prevspd,prevsus,driviol1,driviol2,driviol3,driviol4,driviol5,driviol6,spdrel,first_dt,last_dt,airbag,ejection,ejectpath,extricat,injurwrk,methalc,methdrug,nmlocat,strikveh,prf1,prf2,prf3,druginv,alcinvol,drugsts,drugres1,drugres2,drugres3,drugtst1,drugtst2,drugtst3,alcsts,alctst,alcres,nmact1,nmact2,nmact3,nmact4,nmact5,nmact6,nmprior1,nmprior2,nmprior3,nmprior4,nmprior5,nmprior6,nmcond1,nmcond2,nmcond3,nmcond4,nmcond5,nmcond6,nmsafe_helmet,nmsafe_pads,nmsafe_oth,nmprev_ref,nmprev_lgt,nmprev_oth,crashlocation,nmcrashtype,crosswalk,schoolzone,sidewalk,train_inv,wildlife_inv,rotr_fars,intersect_fars,dd_inv,aid_inv,dpd_inv,id_inv,mj_inv,impnm_inv,ainm_inv,dpnm_inv,speed_inv,unlic_inv,unendmc_inv,drowsy_inv,drdist_inv,nmdist_inv,fty_inv,unrestfat_inv,dr1617_inv,dr1820_inv,dr1620_inv,dr2125_inv,dr1625_inv,dr65_inv,dr70_inv,dr75_inv,mc_inv,pv_inv,ht_inv,ped_inv,bike_inv,unrest_fat,mc_fat,unhelmet_mc,pv_fat,ht_fat,ped_fat,bike_fat,dr_alc7,dr_alc8,dr_drug,dr_imp,dr_dist,dr_spd,dr_fty,dr_unlic,dr_alc7only,dr_alc8only,dr_drugonly,dr_drink,nm_imp,nm_alc7,nm_alc8,nm_drug,nm_dist,agegrp1,agegrp2,roadclass,urbrur,dayweek,restuse,vehtype,race_me,intersect,lanedep,oppdir,wrongway,rep_typ,investag,repag_long,rotr,st_rd,cty_rd,city_rd,oth_rd,drug_thc,thc_res,drug_cthc,cthc_res,drug_cann,prevpersemin,prevperse,prevsusoth,drugtst4,drugtst5,drugtst6,drugtst7,drugtst8,drugres4,drugres5,drugres6,drugres7,drugres8,adspresent,adsengaged,adslevel,race1,race2,race3,race4,race5,helmet,helmetmisuse,nmdistract1,nmdistract2,nmdistract3,nmdistract4,nmdistract5,nmdistract6,lab,isedtcase,crf1,crf2,crf3,CoRoadName,CoMP,IntCoRoadName,IntCoMP,crashzip,dcity,crashcity
2226,2272,2272,2019,447,E995304,7.0,2019-12-19,3:42,19,12,,33,King,0,5,0.0,2,2,2,1,1,1,1,,,,8,0,0,2.4,1,0,1,2,2,1,3,0,0,0,0,SR-516,,-122.2823722,47.391147222,0,1,13,80,5,55,34,0,0,1,5,8,2,2,2,3,14,1,1,53,0,12,471,2008,0,0.0,8,,,,,,1,1,60,1,0.0,,0,0,3,0,11,0,,,,,0.0,0.0,0.0,0.0,1,0,0.0,0.0,0.0,96,,,,,,0,,,,,,98188,53,69.0,185.0,3.0,1.0,0.0,0.0,1.0,0.0,,0,,,,,,0,11/15/2016,11/15/2016,20,0,0,0,8.0,9,8,,,0,0.0,0.0,8,0,8.0,95.0,,,96.0,,,8,95,995.0,,,,,,,,,,,,,,,,,,,,,,,,,,,,,,0,0,0,0,0,0,0,0,0,1,0,1,0,1,0,0,0,0,0,0,0,0,0,0,0,0,0,0,0,1,0,1,0,0,0,,0,0,0,0,0,0,0,0,0,0,0,1,0,0,0,0,,,,,,56-60,56-65,State route,U,Thursday,Belt Used,PV,Not Fatal,0,0,0,0,State Route,State Patrol,Washington State Patrol,0,1,0,0,0,,,,,,0.0,0.0,0.0,,,,,,,,,,,98.0,98.0,98.0,0.0,,,,,20.0,7.0,,,,,,,,,,,,,,,,98032,Seattle,Kent
2227,2273,2273,2019,449,E996124,8.0,2019-12-17,19:06,17,12,,27,Grays Harbor,0,10,0.0,2,2,2,1,0,1,1,,,,35,0,0,110.4,1,0,1,3,1,1,2,0,0,0,0,US-101,,-123.9313722,47.243527778,0,1,1,13,2,60,4,0,0,1,7,35,1,1,2,1,1,1,1,53,0,30,40,2012,0,0.0,63,67.0,35.0,,,,1,1,29,2,7.0,,4,7,3,0,11,0,12/17/2019,19:06,53055727.0,55727.0,0.0,0.0,0.0,2.0,1,0,0.0,0.0,0.0,92,,,,,,9,,,,,,98552,53,61.0,125.0,1.0,1.0,0.0,1.0,1.0,0.0,,0,,,,,,0,10/15/2018,10/15/2019,1,0,0,0,0.0,1,8,,,0,0.0,0.0,8,1,2.0,996.0,996.0,996.0,1.0,1.0,1.0,2,1,0.388,,,,,,,,,,,,,,,,,,,,,,,,,,,,,,0,0,1,0,1,1,1,1,0,0,0,0,0,1,0,0,1,0,0,0,0,0,0,0,0,0,0,0,0,1,0,0,0,0,0,,1,0,0,0,0,1,1,1,1,0,0,1,0,0,0,1,,,,,,26-30,26-35,US highway,R,Tuesday,Belt Used,PV,White,0,1,0,0,State Route,State Patrol,Washington State Patrol,1,1,0,0,0,,,,,,0.0,0.0,1.0,1.0,1.0,,,,124.0,996.0,,,,98.0,98.0,98.0,1.0,,,,,20.0,7.0,,,,,,,,,,,,,,,,98552,Humptulips,Humptulips
2228,2274,2274,2019,450,E996708,1.0,2019-12-20,11:34,20,12,,5,Benton,0,1,0.0,1,1,1,1,0,2,1,,,,1,0,0,97.3,1,0,1,1,1,1,1,0,0,0,0,I-82,,-119.4615861,46.254472222,0,1,7,6,1,70,2,0,0,1,7,1,1,2,2,2,1,2,1,53,0,12,3,2013,0,0.0,64,1.0,,,,,1,1,58,1,0.0,,3,0,3,0,11,4,,,,,6.0,0.0,0.0,3.0,1,91,0.0,0.0,0.0,96,,,,,,0,,,,,,99320,53,71.0,190.0,6.0,1.0,0.0,0.0,0.0,0.0,,1,,,,,,4,,,8,0,0,0,8.0,9,2,,,0,0.0,0.0,0,0,8.0,95.0,,,96.0,,,8,95,995.0,,,,,,,,,,,,,,,,,,,,,,,,,,,,,,0,0,0,0,0,0,0,0,0,0,0,0,1,0,0,0,0,0,0,0,0,0,0,0,0,0,0,0,0,1,0,0,0,0,0,,0,0,0,0,0,0,0,0,0,1,0,0,0,0,0,0,,,,,,56-60,56-65,Interstate,R,Friday,Belt Used,PV,Not Fatal,0,1,0,0,State Route,State Patrol,Washington State Patrol,1,1,0,0,0,,,,,,0.0,0.0,0.0,,,,,,,,,,,98.0,98.0,98.0,0.0,,,,,20.0,7.0,,,,,,,,,,,,,,,,99320,Benton City,Benton City
2229,2275,2275,2019,451,E996994,6.0,2019-12-23,13:30,23,12,,47,Okanogan,0,1,0.0,1,1,2,1,0,2,1,,,,34,0,0,315.4,1,0,1,3,1,1,2,0,0,98,3,US-97,,-119.4205778,48.918555556,0,1,1,13,2,60,6,0,0,1,7,1,3,2,2,1,14,2,1,53,0,48,34,2004,0,0.0,63,67.0,34.0,1.0,,,1,1,19,2,0.0,,2,0,3,0,11,8,,,,,0.0,0.0,0.0,3.0,1,0,0.0,0.0,0.0,93,,,,,,0,,,,,,98844,53,68.0,192.0,6.0,1.0,0.0,0.0,0.0,0.0,,0,,,,,,0,,,1,0,0,0,8.0,9,8,,,0,0.0,0.0,8,0,8.0,95.0,,,96.0,,,8,95,995.0,,,,,,,,,,,,,,,,,,,,,,,,,,,,,,0,0,1,0,0,0,0,0,0,0,0,0,0,0,0,0,1,0,0,0,0,1,1,0,1,0,0,0,0,1,0,0,0,0,0,,0,0,0,0,0,0,0,0,1,0,0,0,0,0,0,0,,,,,,18-20,16-25,US highway,R,Monday,Belt Used,PV,Not Fatal,0,1,0,0,State Route,State Patrol,Washington State Patrol,1,1,0,0,0,,,,,,0.0,0.0,0.0,,,,,,,,,,,98.0,98.0,98.0,0.0,,,,,20.0,7.0,,,,,,,,,,,,,,,,98844,Oroville,Oroville
2230,2276,2276,2019,452,E997096,29.0,2019-12-13,6:00,13,12,,41,Lewis,0,5,0.0,2,11,7,1,0,1,1,,,,58,0,0,9999.9,1,0,1,98,1,64,8,0,0,0,0,WEYEHAUSER 4000 LINE,,-123.2066555,46.518635,0,1,6,12,2,98,34,0,0,1,7,1,1,2,8,1,1,1,1,53,0,20,481,2019,0,0.0,64,67.0,58.0,1.0,,,1,1,57,1,7.0,,4,7,20,7,11,0,12/13/2019,6:00,53055393.0,55393.0,0.0,0.0,0.0,3.0,1,0,0.0,0.0,0.0,92,,,,,,99,,,,,,98626,53,69.0,175.0,6.0,1.0,0.0,0.0,0.0,0.0,,0,,,,,,0,,,8,2,3,0,0.0,9,8,,,0,0.0,0.0,8,9,2.0,1.0,,,1.0,,,2,1,0.0,,,,,,,,,,,,,,,,,,,,,,,,,,,,,,0,0,1,0,0,0,0,0,0,0,0,0,0,0,0,0,1,0,0,1,0,0,0,0,0,0,0,0,0,1,0,0,0,1,0,,1,0,0,0,0,0,0,0,1,0,0,0,0,0,0,0,,,,,,56-60,56-65,Other,R,Friday,Not Used,PV,White,0,1,0,0,Other,County Sheriff,Lewis County Sheriff's Office,1,0,0,0,1,,,,,,0.0,0.0,0.0,,,,,,,,,,,98.0,98.0,98.0,1.0,,,,,20.0,7.0,,,,,,,,,,,,,,,,98572,Kelso,Pe Ell
2231,2277,2277,2019,453,E997746,39.0,2019-12-14,18:23,14,12,,61,Snohomish,0,10,0.0,2,2,2,1,1,1,1,,,,8,0,0,7.2,1,0,1,5,2,2,4,0,3,0,0,CR-140TH ST NE,,-122.2229528,48.122958333,0,1,13,80,5,35,34,0,0,1,5,8,1,2,2,1,1,1,1,53,0,12,471,1996,0,0.0,8,,,,,,1,1,85,1,0.0,,0,0,3,0,11,0,,,,,0.0,0.0,3.0,3.0,1,0,0.0,0.0,0.0,96,,,,,,0,,,,,,98292,53,66.0,210.0,6.0,1.0,0.0,0.0,1.0,0.0,,0,,,,,,0,06/15/2016,06/15/2016,20,0,0,0,8.0,9,8,,,0,0.0,0.0,8,0,8.0,95.0,,,96.0,,,8,95,995.0,,,,,,,,,,,,,,,,,,,,,,,,,,,,,,0,0,0,0,0,0,0,0,0,1,1,1,0,0,0,0,0,0,0,0,0,0,0,0,0,1,1,1,0,1,0,1,0,0,0,,0,0,0,0,0,0,0,0,0,0,0,0,0,0,0,0,,,,,,81+,76+,County road,U,Saturday,Belt Used,PV,Not Fatal,0,0,0,0,County Road,County Sheriff,Snohomish County Sheriff's Office,0,0,1,0,0,,,,,,0.0,0.0,0.0,,,,,,,,,,,0.0,0.0,0.0,0.0,,,,,20.0,7.0,,,,,,,,,,,,,,,,98271,Stanwood,Marysville
2232,2278,2278,2019,454,E997561,28.0,2019-12-13,8:45,13,12,,39,Klickitat,0,1,0.0,1,4,2,1,0,3,2,,,,12,0,6,5.8,1,0,1,5,1,2,4,0,0,0,0,CR-BICKLETON HWY,,-120.6948556,45.838416667,0,1,66,62,4,50,34,0,0,1,7,12,2,2,2,1,14,2,1,53,0,7,482,2016,0,0.0,12,,,,,,1,1,84,1,0.0,,1,0,3,0,11,8,,,,,6.0,0.0,0.0,3.0,1,0,0.0,0.0,0.0,96,,,,,,0,,,,,,98620,53,73.0,222.0,6.0,1.0,0.0,0.0,0.0,0.0,,0,,,,,,0,,,20,0,0,0,8.0,9,8,,,0,0.0,0.0,8,0,8.0,95.0,,,96.0,,,8,95,995.0,,,,,,,,,,,,,,,,,,,,,,,,,,,,,,0,0,0,0,0,0,0,0,0,0,0,0,0,0,0,0,0,0,0,0,0,0,0,0,0,1,1,1,0,1,0,0,0,0,0,,0,0,0,0,0,0,0,0,0,0,0,0,0,0,0,0,,,,,,81+,76+,County road,R,Friday,Belt Used,PV,Not Fatal,0,1,1,0,County Road,County Sheriff,Klickitat County Sheriff's Office,0,0,1,0,0,,,,,,0.0,0.0,0.0,,,,,,,,,,,98.0,98.0,98.0,0.0,,,,,20.0,7.0,,,,,,,,,,,,,,,,98620,Goldendale,Goldendale
2233,2279,2279,2019,454,E997561,28.0,2019-12-13,8:45,13,12,,39,Klickitat,0,1,0.0,1,4,2,1,0,3,2,,,,12,0,6,5.8,1,0,1,5,1,2,4,0,0,0,0,CR-BICKLETON HWY,,-120.6948556,45.838416667,0,2,66,8,1,50,6,0,0,1,7,12,3,2,2,1,14,1,2,53,0,48,34,1998,0,0.0,68,64.0,69.0,12.0,,,1,1,62,2,7.0,,4,7,3,0,11,0,12/13/2019,8:45,53055759.0,55759.0,0.0,0.0,0.0,3.0,1,28,58.0,87.0,0.0,96,,,,,,99,,,,,,98620,53,70.0,150.0,6.0,1.0,0.0,0.0,0.0,0.0,,0,,,,,,0,,,20,0,0,0,0.0,9,8,,,0,0.0,0.0,8,0,8.0,95.0,,,96.0,,,8,95,995.0,,,,,,,,,,,,,,,,,,,,,,,,,,,,,,0,0,0,0,0,0,0,0,0,0,0,0,0,0,0,0,0,0,0,0,0,0,0,0,0,1,1,1,0,1,0,0,0,0,0,,1,0,0,0,0,0,0,0,0,0,0,0,0,0,0,0,,,,,,61-65,56-65,County road,R,Friday,Belt Used,PV,White,0,1,1,0,County Road,County Sheriff,Klickitat County Sheriff's Office,0,0,1,0,0,,,,,,0.0,0.0,0.0,,,,,,,,,,,0.0,0.0,0.0,1.0,,,,,20.0,7.0,,,,,,,,,,,,,,,,98620,Goldendale,Goldendale
2234,2280,2280,2019,455,E997925,7.0,2019-12-14,18:40,14,12,,33,King,0,8,0.0,2,10,2,1,0,5,2,,,,12,0,6,59.2,1,0,1,3,1,1,2,0,0,0,0,US-2,,-121.1462167,47.713166667,0,1,66,6,1,50,5,0,0,1,2,12,1,2,3,1,1,2,1,53,0,29,5,2014,0,0.0,68,12.0,,,,,1,1,21,1,6.0,,4,0,99,7,11,8,12/17/2019,13:19,196053056914.0,56914.0,0.0,0.0,0.0,3.0,1,28,87.0,0.0,0.0,96,,,,,,0,,,,,,98105,53,74.0,190.0,6.0,1.0,0.0,1.0,1.0,3.0,,0,,,,,,4,05/15/2015,09/15/2019,8,0,0,0,0.0,9,8,,,0,0.0,0.0,8,0,2.0,348.0,,,1.0,,,2,1,0.0,,,,,,,,,,,,,,,,,,,,,,,,,,,,,,0,0,0,0,0,0,1,1,0,0,0,0,1,0,0,0,0,0,0,0,0,0,0,1,1,0,0,0,0,1,0,0,0,0,0,,1,0,0,0,0,0,1,1,0,1,0,0,0,0,1,0,,,,,,21-25,16-25,US highway,R,Saturday,Unknown,PV,Hispanic,0,1,1,0,State Route,State Patrol,Washington State Patrol,0,1,0,0,0,,,,,,0.0,0.0,0.0,,,,,,,,,,,98.0,98.0,98.0,1.0,,,,,20.0,7.0,,,,,,,,,,,,,,,,98288,Seattle,Skykomish
2235,2281,2281,2019,455,E997925,7.0,2019-12-14,18:40,14,12,,33,King,0,8,0.0,2,10,2,1,0,5,2,,,,12,0,6,59.2,1,0,1,3,1,1,2,0,0,0,0,US-2,,-121.1462167,47.713166667,0,2,66,62,4,50,14,0,0,1,2,12,1,2,3,1,1,3,2,53,0,49,401,2001,0,0.0,12,,,,,,1,1,51,1,0.0,,1,0,3,0,11,4,,,,,0.0,0.0,0.0,3.0,1,0,0.0,0.0,0.0,96,,,,,,0,,,,,,98059,53,63.0,130.0,6.0,1.0,0.0,0.0,0.0,0.0,,0,,,,,,0,,,20,0,0,0,8.0,9,8,,,0,0.0,0.0,8,0,8.0,95.0,,,96.0,,,8,95,995.0,,,,,,,,,,,,,,,,,,,,,,,,,,,,,,0,0,0,0,0,0,1,1,0,0,0,0,1,0,0,0,0,0,0,0,0,0,0,1,1,0,0,0,0,1,0,0,0,0,0,,0,0,0,0,0,0,0,0,0,0,0,0,0,0,0,0,,,,,,51-55,46-55,US highway,R,Saturday,Belt Used,PV,Not Fatal,0,1,1,0,State Route,State Patrol,Washington State Patrol,0,1,0,0,0,,,,,,0.0,0.0,0.0,,,,,,,,,,,98.0,98.0,98.0,0.0,,,,,20.0,7.0,,,,,,,,,,,,,,,,98288,Renton,Skykomish
2236,2282,2282,2019,456,E998093,2.0,2019-12-21,0:36,21,12,,61,Snohomish,690,2,0.0,2,2,2,1,2,2,3,,,,14,0,0,190.1,1,0,1,1,2,1,1,0,0,0,0,I-5,,-122.1995083,47.928913889,0,1,11,11,2,60,34,0,0,1,2,14,1,1,5,3,1,1,1,53,0,20,481,2006,0,0.0,63,14.0,14.0,8.0,8.0,,1,1,25,1,0.0,,2,0,3,0,11,0,,,,,0.0,0.0,0.0,2.0,1,91,0.0,0.0,0.0,93,,,,,,9,,,,,,98271,53,67.0,135.0,1.0,1.0,0.0,1.0,1.0,1.0,,1,12.0,,,,,0,06/15/2015,10/15/2019,1,0,0,0,8.0,9,2,,,0,0.0,0.0,1,0,2.0,151.0,996.0,605.0,1.0,1.0,1.0,2,1,0.0,,,,,,,,,,,,,,,,,,,,,,,,,,,,,,0,0,0,0,0,0,1,1,1,1,0,1,0,1,0,0,1,0,0,0,0,0,0,1,1,0,0,0,0,1,0,1,0,0,0,,0,0,0,0,0,0,1,1,1,0,0,1,0,0,1,0,,,,,,21-25,16-25,Interstate,U,Saturday,Belt Used,PV,Not Fatal,0,1,0,0,State Route,State Patrol,Washington State Patrol,1,1,0,0,0,thc,1.0,,,,0.0,0.0,4.0,,,,,,,,,,,98.0,98.0,98.0,0.0,,,,,20.0,7.0,,,,,,,,,,,,,,,,98203,Marysville,Everett
2237,2283,2283,2019,457,E998114,2.0,2019-12-04,1:40,4,12,,61,Snohomish,0,1,0.0,2,2,2,1,1,2,1,,,,8,0,0,27.4,1,0,1,3,2,1,2,0,0,0,0,US-2,,-121.7124417,47.862141667,0,1,13,80,5,50,4,0,0,1,7,8,1,1,2,1,1,2,2,53,0,41,49,2004,0,0.0,8,,,,,,1,1,32,2,0.0,,0,0,20,7,11,0,,,,,0.0,0.0,0.0,3.0,1,91,0.0,0.0,0.0,96,,,,,,9,,,,,,98394,53,59.0,105.0,6.0,1.0,0.0,0.0,1.0,3.0,,1,,,,,,0,02/15/2016,12/15/2016,20,0,0,0,8.0,9,8,,,0,0.0,0.0,8,1,8.0,95.0,,,96.0,,,8,95,995.0,,,,,,,,,,,,,,,,,,,,,,,,,,,,,,0,0,0,0,1,0,0,0,0,1,1,0,0,0,0,0,0,0,0,0,0,0,0,0,0,0,0,0,0,1,0,1,0,0,0,,0,0,0,0,0,0,0,0,0,0,0,0,0,0,0,1,,,,,,31-35,26-35,US highway,U,Wednesday,Not Used,PV,Not Fatal,0,0,0,0,State Route,State Patrol,Washington State Patrol,0,1,0,0,0,,,,,,0.0,0.0,0.0,,,,,,,,,,,98.0,98.0,98.0,0.0,,,,,20.0,7.0,,,,,,,,,,,,,,,,98251,Vaughn,Gold Bar
2238,2284,2284,2019,458,E998216,4.0,2019-12-27,5:40,27,12,,63,Spokane,0,4,0.0,2,10,2,1,0,1,1,,,,24,0,0,266.2,1,0,1,1,1,1,1,0,0,0,0,I-90,,-117.6277167,47.547005556,0,1,7,6,1,70,34,1,0,1,2,1,1,2,2,3,1,1,2,53,0,12,481,1999,0,0.0,70,64.0,24.0,24.0,1.0,,1,1,57,1,7.0,,4,7,20,7,11,0,12/27/2019,5:40,53057094.0,57094.0,3.0,0.0,0.0,3.0,1,0,0.0,0.0,0.0,96,,,,,,0,,,,,,97321,41,69.0,180.0,6.0,1.0,0.0,1.0,0.0,0.0,,0,,,,,,4,07/15/2017,07/15/2017,20,1,9,0,0.0,1,8,,,0,0.0,0.0,8,0,2.0,1.0,,,1.0,,,2,1,0.0,,,,,,,,,,,,,,,,,,,,,,,,,,,,,,0,0,0,0,0,0,0,0,0,0,0,0,1,0,0,0,0,0,0,1,0,0,0,0,0,0,0,0,0,1,0,0,0,1,0,,1,0,0,0,0,0,0,0,0,1,0,0,0,0,0,0,,,,,,56-60,56-65,Interstate,R,Friday,Not Used,PV,White,0,1,0,0,State Route,State Patrol,Washington State Patrol,1,1,0,0,0,,,,,,0.0,0.0,0.0,,,,,,,,,,,0.0,0.0,0.0,1.0,,,,,20.0,7.0,,,,,,,,,,,,,,,,99004,Albany,Cheney
2239,2285,2285,2019,459,E998475,35.0,2019-12-27,1:10,27,12,,53,Pierce,0,2,0.0,2,2,2,1,0,3,2,,,,12,0,6,2.1,1,0,1,5,2,2,4,0,0,0,0,CR-214TH AVE E,,-122.1440722,47.190388889,0,1,98,98,7,40,7,0,0,1,7,12,1,1,2,1,12,1,2,53,0,30,42,1994,0,0.0,12,,,,,,1,1,29,1,7.0,,4,7,3,0,11,0,12/27/2019,1:11,53057739.0,57739.0,0.0,0.0,3.0,3.0,1,0,0.0,0.0,0.0,96,,,,,,99,,,,,,98391,53,72.0,160.0,6.0,1.0,0.0,1.0,1.0,0.0,,0,,,,,,0,10/15/2017,10/15/2017,20,0,0,0,0.0,1,1,,,0,0.0,0.0,1,1,2.0,695.0,,,1.0,,,2,1,0.195,,,,,,,,,,,,,,,,,,,,,,,,,,,,,,0,0,0,0,1,1,1,1,1,0,0,0,0,0,0,0,0,0,0,0,0,0,0,1,1,0,0,0,0,1,0,0,0,0,0,,1,0,0,0,0,1,1,1,0,0,0,0,0,0,0,1,,,,,,26-30,26-35,County road,U,Friday,Belt Used,PV,White,0,1,1,0,County Road,County Sheriff,Law Enforcement Support Agency,0,0,1,0,0,,,carboxy-thc,20.0,,0.0,0.0,1.0,,,,,,,,,,,0.0,0.0,0.0,1.0,,,,,20.0,7.0,,,,,,,nms,,,,,,,,,98391,Bonney Lake,Bonney Lake
2240,2286,2286,2019,459,E998475,35.0,2019-12-27,1:10,27,12,,53,Pierce,0,2,0.0,2,2,2,1,0,3,2,,,,12,0,6,2.1,1,0,1,5,2,2,4,0,0,0,0,CR-214TH AVE E,,-122.1440722,47.190388889,0,2,98,98,7,40,4,0,0,1,7,12,1,1,2,1,1,2,2,53,0,49,40,2009,0,0.0,12,,,,,,1,1,21,2,0.0,,0,0,3,0,11,0,,,,,0.0,0.0,3.0,3.0,1,0,0.0,0.0,0.0,96,,,,,,0,,,,,,98047,53,62.0,125.0,6.0,2.0,0.0,0.0,0.0,1.0,,0,,,,,,0,11/15/2017,11/15/2017,1,0,0,0,8.0,9,8,,,0,0.0,0.0,8,0,8.0,95.0,,,96.0,,,8,95,995.0,,,,,,,,,,,,,,,,,,,,,,,,,,,,,,0,0,0,0,1,1,1,1,1,0,0,0,0,0,0,0,0,0,0,0,0,0,0,1,1,0,0,0,0,1,0,0,0,0,0,,0,0,0,0,0,0,0,0,0,0,0,0,0,0,0,0,,,,,,21-25,16-25,County road,U,Friday,Belt Used,PV,Not Fatal,0,1,1,0,County Road,County Sheriff,Law Enforcement Support Agency,0,0,1,0,0,,,,,,0.0,0.0,0.0,,,,,,,,,,,98.0,98.0,98.0,0.0,,,,,20.0,7.0,,,,,,,,,,,,,,,,98391,Pacific,Bonney Lake
2241,2287,2287,2019,460,E998531,1.0,2019-12-26,19:24,26,12,,77,Yakima,0,1,0.0,2,1,2,1,1,3,3,,,,8,0,0,0.7,1,0,1,3,2,1,3,0,3,0,0,SR-22,,-120.3145056,46.406738889,0,1,13,80,5,50,34,0,0,1,5,8,1,1,2,1,1,1,1,53,0,7,482,2012,0,0.0,8,,,,,,1,1,26,1,0.0,,0,0,3,0,11,0,,,,,0.0,0.0,0.0,3.0,1,0,0.0,0.0,0.0,96,,,,,,0,,,,,,98921,53,68.0,190.0,6.0,1.0,0.0,1.0,0.0,5.0,,0,,,,,,0,08/15/2015,05/15/2019,20,0,0,0,8.0,9,8,,,0,0.0,0.0,8,0,8.0,95.0,,,96.0,,,8,95,995.0,,,,,,,,,,,,,,,,,,,,,,,,,,,,,,0,0,0,0,0,0,0,0,0,1,1,0,0,0,0,0,0,1,0,0,0,1,1,0,1,0,0,0,0,1,0,1,0,0,0,,0,0,0,0,0,0,0,0,0,0,0,0,0,0,0,0,,,,,,26-30,26-35,State route,U,Thursday,Belt Used,PV,Not Fatal,0,0,0,0,State Route,State Patrol,Washington State Patrol,0,1,0,0,0,,,,,,0.0,0.0,2.0,,,,,,,,,,,98.0,98.0,98.0,0.0,,,,,20.0,7.0,,,,,,,,,,,,,,,,98953,Buena,Zillah
2242,2288,2288,2019,460,E998531,1.0,2019-12-26,19:24,26,12,,77,Yakima,0,1,0.0,2,1,2,1,1,3,3,,,,8,0,0,0.7,1,0,1,3,2,1,3,0,3,0,0,SR-22,,-120.3145056,46.406738889,0,2,98,80,5,50,4,0,0,1,5,8,1,1,2,1,1,1,2,53,0,52,46,2003,0,0.0,8,,,,,,1,1,20,2,0.0,,0,0,3,0,11,0,,,,,0.0,0.0,0.0,3.0,1,0,0.0,0.0,0.0,96,,,,,,0,,,,,,98948,53,58.0,92.0,6.0,1.0,0.0,0.0,0.0,0.0,,0,,,,,,0,,,20,0,0,0,8.0,9,8,,,0,0.0,0.0,8,0,8.0,95.0,,,96.0,,,8,95,995.0,,,,,,,,,,,,,,,,,,,,,,,,,,,,,,0,0,0,0,0,0,0,0,0,1,1,0,0,0,0,0,0,1,0,0,0,1,1,0,1,0,0,0,0,1,0,1,0,0,0,,0,0,0,0,0,0,0,0,0,0,0,0,0,0,0,0,,,,,,18-20,16-25,State route,U,Thursday,Belt Used,PV,Not Fatal,0,0,0,0,State Route,State Patrol,Washington State Patrol,0,1,0,0,0,,,,,,0.0,0.0,0.0,,,,,,,,,,,98.0,98.0,98.0,0.0,,,,,20.0,7.0,,,,,,,,,,,,,,,,98953,Toppenish,Zillah
2243,2289,2289,2019,460,E998531,1.0,2019-12-26,19:24,26,12,,77,Yakima,0,1,0.0,2,1,2,1,1,3,3,,,,8,0,0,0.7,1,0,1,3,2,1,3,0,3,0,0,SR-22,,-120.3145056,46.406738889,0,3,98,80,5,50,6,0,0,1,5,8,1,1,2,1,1,1,2,53,0,30,40,2004,0,0.0,8,,,,,,1,1,20,8,0.0,,0,0,3,0,11,0,,,,,0.0,0.0,0.0,3.0,1,0,0.0,0.0,0.0,96,,,,,,0,,,,,,98936,53,70.0,160.0,6.0,1.0,0.0,0.0,0.0,2.0,,0,,,,,,0,01/15/2018,05/15/2018,20,0,0,0,8.0,9,8,,,0,0.0,0.0,8,0,8.0,95.0,,,96.0,,,8,95,995.0,,,,,,,,,,,,,,,,,,,,,,,,,,,,,,0,0,0,0,0,0,0,0,0,1,1,0,0,0,0,0,0,1,0,0,0,1,1,0,1,0,0,0,0,1,0,1,0,0,0,,0,0,0,0,0,0,0,0,0,0,0,0,0,0,0,0,,,,,,18-20,16-25,State route,U,Thursday,Belt Used,PV,Not Fatal,0,0,0,0,State Route,State Patrol,Washington State Patrol,0,1,0,0,0,,,,,,0.0,0.0,0.0,,,,,,,,,,,98.0,98.0,98.0,0.0,,,,,20.0,7.0,,,,,,,,,,,,,,,,98953,Moxee,Zillah