,index,Unnamed: 0,year,case,par,repjur,crash_dt,crash_tm,accday,accmon,holiday,county,co_char,city,weather,weather2,lightcond,surfcond,surftype,numfatal,nmforms,pforms,vforms,not_tm,arr_tm,hosp_tm,fhevent,hitrun,manncol,milepnt,reljunc,reljuncinter,intersectiontype,funcsystem,landuse,ownership,route,schlbus,spejur,contdev,devfunc,trafid1,trafid2,lon,lat,wk_zone,vnumber,crashtype,criticalevent,criticaleventcat,spdlim,body,trailer,emerg,hazcargo,leave,mhevent,roadalgn,roadprof,traflane,trafflow,vehmanvr,numoccs,regowner,regstate,spuse,make,model,modelyr,vrf1,vrf2,seqevent1,seqevent2,seqevent3,seqevent4,seqevent5,seqevent6,pnumber,ptype,age,sex,hispanic,race,injury,diedscene,restraint,restraintmisuse,seatpos,takehosp,death_dt,death_tm,cert,cernum_wa,commlic,licendor,licrestrict,liccomp,drivpres,drf1,drf2,drf3,drf4,distract1,distract2,distract3,distract4,distract5,distract6,dricond1,dricond2,dricond3,dricond4,dricond5,dricond6,dzip,licstate,drhgt_in,weight,noncdl,noncdltype,prevdwi,prevoth,prevacc,prevspd,prevsus,driviol1,driviol2,driviol3,driviol4,driviol5,driviol6,spdrel,first_dt,last_dt,airbag,ejection,ejectpath,extricat,injurwrk,methalc,methdrug,nmlocat,strikveh,prf1,prf2,prf3,druginv,alcinvol,drugsts,drugres1,drugres2,drugres3,drugtst1,drugtst2,drugtst3,alcsts,alctst,alcres,nmact1,nmact2,nmact3,nmact4,nmact5,nmact6,nmprior1,nmprior2,nmprior3,nmprior4,nmprior5,nmprior6,nmcond1,nmcond2,nmcond3,nmcond4,nmcond5,nmcond6,nmsafe_helmet,nmsafe_pads,nmsafe_oth,nmprev_ref,nmprev_lgt,nmprev_oth,crashlocation,nmcrashtype,crosswalk,schoolzone,sidewalk,train_inv,wildlife_inv,rotr_fars,intersect_fars,dd_inv,aid_inv,dpd_inv,id_inv,mj_inv,impnm_inv,ainm_inv,dpnm_inv,speed_inv,unlic_inv,unendmc_inv,drowsy_inv,drdist_inv,nmdist_inv,fty_inv,unrestfat_inv,dr1617_inv,dr1820_inv,dr1620_inv,dr2125_inv,dr1625_inv,dr65_inv,dr70_inv,dr75_inv,mc_inv,pv_inv,ht_inv,ped_inv,bike_inv,unrest_fat,mc_fat,unhelmet_mc,pv_fat,ht_fat,ped_fat,bike_fat,dr_alc7,dr_alc8,dr_drug,dr_imp,dr_dist,dr_spd,dr_fty,dr_unlic,dr_alc7only,dr_alc8only,dr_drugonly,dr_drink,nm_imp,nm_alc7,nm_alc8,nm_drug,nm_dist,agegrp1,agegrp2,roadclass,urbrur,dayweek,restuse,vehtype,race_me,intersect,lanedep,oppdir,wrongway,rep_typ,investag,repag_long,rotr,st_rd,cty_rd,city_rd,oth_rd,drug_thc,thc_res,drug_cthc,cthc_res,drug_cann,prevpersemin,prevperse,prevsusoth,drugtst4,drugtst5,drugtst6,drugtst7,drugtst8,drugres4,drugres5,drugres6,drugres7,drugres8,adspresent,adsengaged,adslevel,race1,race2,race3,race4,race5,helmet,helmetmisuse,nmdistract1,nmdistract2,nmdistract3,nmdistract4,nmdistract5,nmdistract6,lab,isedtcase,crf1,crf2,crf3,CoRoadName,CoMP,IntCoRoadName,IntCoMP,crashzip,dcity,crashcity
2262,2308,2308,2019,475,E982845,1.0,2019-11-11,18:04,11,11,,77,Yakima,0,1,0.0,2,1,2,1,0,1,1,,,,1,0,0,39.8,1,0,1,1,2,1,1,0,0,0,0,I-82,,-120.4574806,46.518344444,0,1,6,12,2,70,80,0,0,1,7,1,2,1,2,2,14,1,9,91,0,98,706,2001,0,0.0,64,1.0,,,,,1,1,53,1,7.0,,4,0,20,7,11,8,11/19/2019,6:57,259053051693.0,51693.0,5.0,0.0,0.0,2.0,1,0,0.0,0.0,0.0,96,,,,,,99,,,,,,98421,53,70.0,238.0,1.0,1.0,0.0,0.0,0.0,0.0,,71,,,,,,0,,,20,8,0,0,0.0,9,8,,,0,0.0,0.0,8,9,8.0,95.0,,,96.0,,,8,95,995.0,,,,,,,,,,,,,,,,,,,,,,,,,,,,,,0,0,1,0,0,0,0,0,0,0,0,0,0,1,1,0,0,0,0,0,0,0,0,0,0,0,0,0,1,0,0,0,0,0,1,0.0,0,0,0,0,0,0,0,0,0,0,0,1,0,0,0,0,,,,,,51-55,46-55,Interstate,U,Monday,,MC,White,0,1,0,0,State Route,State Patrol,Washington State Patrol,1,1,0,0,0,,,,,,0.0,0.0,0.0,,,,,,,,,,,0.0,0.0,0.0,1.0,,,,,5.0,0.0,,,,,,,,,,,,,,,,98951,Tacoma,Wapato
2263,2309,2309,2019,476,E985989,25.0,2019-11-22,23:16,22,11,,33,King,0,5,0.0,2,2,2,1,0,2,1,,,,34,0,0,8.0,1,0,1,5,2,2,4,0,0,0,0,CR-KENT BLACK DIAMOND R,,-122.1376028,47.345908333,0,1,6,12,2,40,15,0,0,1,5,34,3,1,2,1,14,2,1,53,0,23,421,2000,0,0.0,68,64.0,34.0,,,,1,1,16,1,0.0,,0,0,3,0,11,0,,,,,0.0,0.0,0.0,3.0,1,0,0.0,0.0,0.0,0,,,,,,2,,,,,,98042,53,75.0,175.0,6.0,2.0,0.0,0.0,0.0,0.0,,0,,,,,,0,,,20,0,0,0,8.0,9,8,,,0,0.0,0.0,8,0,8.0,95.0,,,96.0,,,8,95,995.0,,,,,,,,,,,,,,,,,,,,,,,,,,,,,,0,0,1,0,0,0,0,0,0,0,0,0,0,0,0,1,0,0,0,0,1,0,1,0,1,0,0,0,0,1,0,0,0,0,0,,0,0,0,0,0,0,0,0,0,0,0,0,0,0,0,0,,,,,,16-17,16-25,County road,U,Friday,Belt Used,PV,Not Fatal,0,1,0,0,County Road,County Sheriff,King County Police,1,0,1,0,0,,,,,,0.0,0.0,0.0,,,,,,,,,,,98.0,98.0,98.0,0.0,,,,,20.0,7.0,,,,,,,,,,,,,,,,98042,Kent,Kent
2264,2310,2310,2019,477,E986976,339.0,2019-11-24,1:50,24,11,,63,Spokane,2113,1,0.0,3,1,2,1,0,3,2,,,,14,0,0,0.0,3,0,4,7,2,4,6,0,0,0,0,S BALFOUR BLVD,CHINOOK RD,-117.265525,47.641513889,0,1,11,5,1,98,4,0,0,1,5,14,8,8,2,1,10,3,2,53,0,41,49,2005,0,0.0,68,64.0,14.0,,,,1,1,41,1,0.0,,9,0,99,7,11,0,,,,,0.0,0.0,0.0,0.0,1,0,0.0,0.0,0.0,93,,,,,,99,,,,,,99206,53,72.0,200.0,0.0,0.0,0.0,0.0,0.0,1.0,,97,,,,,,0,07/15/2016,07/15/2016,99,0,0,0,8.0,9,8,,,0,0.0,0.0,8,9,8.0,95.0,,,96.0,,,8,95,995.0,,,,,,,,,,,,,,,,,,,,,,,,,,,,,,0,0,0,1,0,0,0,0,0,0,0,0,0,1,0,0,1,0,0,0,0,0,0,0,0,0,0,0,0,1,1,0,0,0,0,,0,0,0,0,0,0,0,0,1,0,0,1,0,0,0,0,,,,,,41-45,36-45,City street,U,Sunday,Unknown,PV,Not Fatal,0,1,0,0,City Street,Municipal/City Police,Spokane Valley Police Department,1,0,0,1,0,,,,,,0.0,0.0,0.0,,,,,,,,,,,98.0,98.0,98.0,0.0,,,,,20.0,7.0,,,,,,,,,,,,,,,,99206,Spokane,Spokane
2265,2311,2311,2019,478,3754063,263.0,2019-11-29,13:04,29,11,,33,King,1960,1,0.0,1,1,2,2,4,1,1,,,,31,1,0,28.5,1,0,1,2,2,1,3,0,0,0,0,SR-99,,-122.3472361,47.654155556,0,1,1,13,2,30,4,0,0,1,7,8,1,1,3,3,6,1,3,53,0,35,43,2019,0,0.0,63,31.0,30.0,1.0,8.0,8.0,1,1,23,2,0.0,,0,0,99,7,11,0,,,,,0.0,0.0,3.0,3.0,1,33,0.0,0.0,0.0,96,,,,,,99,,,,,,98036,53,64.0,130.0,6.0,1.0,0.0,0.0,0.0,0.0,,97,,,,,,3,,,8,0,0,0,8.0,9,8,,,0,0.0,0.0,8,9,2.0,695.0,605.0,,1.0,1.0,,2,1,0.0,,,,,,,,,,,,,,,,,,,,,,,,,,,,,,0,0,1,0,0,0,1,1,1,0,0,0,1,0,0,0,0,0,0,0,0,0,0,1,1,0,0,0,0,1,0,1,0,0,0,,0,0,0,0,0,0,1,1,0,1,0,0,0,0,1,0,,,,,,21-25,16-25,State route,U,Friday,Unknown,PV,Not Fatal,0,1,0,0,State Route,Municipal/City Police,Seattle Police Department,1,1,0,0,0,thc,1.9,carboxy-thc,13.0,,0.0,0.0,0.0,,,,,,,,,,,98.0,98.0,98.0,0.0,,,,,20.0,7.0,,,,,,,,,,,,,,,,98103,Lynnwood,Seattle
2266,2312,2312,2019,479,3824332,263.0,2019-11-27,18:59,27,11,,33,King,1960,1,0.0,3,1,1,1,1,2,1,,,,8,0,0,0.0,1,0,1,7,2,4,6,0,0,0,0,42ND AVE SW,,-122.3854917,47.559988889,0,1,13,80,5,30,34,0,0,1,5,8,1,1,2,1,1,2,2,53,0,49,472,2003,0,0.0,8,,,,,,1,1,77,2,0.0,,0,0,1,0,11,0,,,,,0.0,0.0,3.0,3.0,1,0,0.0,0.0,0.0,0,,,,,,0,,,,,,98116,53,65.0,160.0,6.0,1.0,0.0,0.0,0.0,0.0,,0,,,,,,0,,,20,0,0,0,8.0,9,8,,,0,0.0,0.0,8,0,8.0,95.0,,,96.0,,,8,95,995.0,,,,,,,,,,,,,,,,,,,,,,,,,,,,,,0,0,0,0,0,0,0,0,0,1,0,1,0,0,0,0,0,0,0,0,0,0,0,0,0,1,1,1,0,1,0,1,0,0,0,,0,0,0,0,0,0,0,0,0,0,0,0,0,0,0,0,,,,,,76-80,76+,City street,U,Wednesday,Belt Used,PV,Not Fatal,0,0,0,0,City Street,Municipal/City Police,Seattle Police Department,0,0,0,1,0,,,,,,0.0,0.0,0.0,,,,,,,,,,,98.0,98.0,98.0,0.0,,,,,20.0,7.0,,,,,,,,,,,,,,,,98116,Seattle,Seattle
2267,2313,2313,2019,480,3736820,263.0,2019-12-06,14:22,6,12,,33,King,1960,10,0.0,1,1,1,1,0,1,1,,,,33,0,0,0.0,1,0,1,7,2,4,6,0,0,0,0,SEAVIEW AVE NW,,-122.4063111,47.672638889,0,1,1,13,2,30,80,0,0,1,2,30,3,1,2,1,14,1,2,53,0,72,706,2014,0,0.0,63,33.0,30.0,31.0,,,1,1,29,1,7.0,,4,7,20,7,11,0,12/06/2019,14:22,196053054014.0,54014.0,0.0,0.0,0.0,2.0,1,0,0.0,0.0,0.0,96,,,,,,99,,,,,,3869,33,67.0,210.0,6.0,1.0,0.0,0.0,0.0,0.0,,0,,,,,,3,,,20,8,0,0,0.0,9,8,,,0,0.0,0.0,8,9,2.0,1.0,,,1.0,,,2,1,0.24,,,,,,,,,,,,,,,,,,,,,,,,,,,,,,0,0,1,0,1,1,0,1,0,0,0,0,1,0,1,0,0,0,0,0,0,0,0,0,0,0,0,0,1,0,0,0,0,0,1,1.0,0,0,0,0,0,1,0,1,0,1,0,0,0,1,0,1,,,,,,26-30,26-35,City street,U,Friday,,MC,White,0,1,0,0,City Street,Municipal/City Police,Seattle Police Department,1,0,0,1,0,,,,,,0.0,0.0,0.0,,,,,,,,,,,0.0,0.0,0.0,1.0,,,,,17.0,7.0,,,,,,,,,,,,,,,,98107,Rollinsford,Seattle
2268,2314,2314,2019,482,E994300,21.0,2019-12-06,16:03,6,12,,25,Grant,0,1,0.0,5,1,2,1,0,4,2,,,,12,0,2,0.7,1,0,1,5,1,2,4,0,0,0,0,CR-ROAD 7 NE,,-119.262925,47.189647222,0,1,50,10,2,55,4,0,0,1,7,12,1,1,2,1,1,1,1,53,0,7,26,2013,0,0.0,68,12.0,,,,,1,1,75,1,7.0,,4,0,3,0,11,8,12/06/2019,17:38,139053054021.0,54021.0,0.0,0.0,0.0,3.0,1,28,0.0,0.0,0.0,0,,,,,,1,,,,,,98837,53,66.0,280.0,6.0,1.0,0.0,0.0,0.0,0.0,,0,,,,,,0,,,8,0,0,0,0.0,9,8,,,0,0.0,0.0,8,0,8.0,95.0,,,96.0,,,8,95,995.0,,,,,,,,,,,,,,,,,,,,,,,,,,,,,,0,0,0,0,0,0,0,0,0,0,0,0,0,0,0,0,1,0,0,0,1,0,1,0,1,1,1,1,0,1,0,0,0,0,0,,1,0,0,0,0,0,0,0,0,0,0,0,0,0,0,0,,,,,,71-75,66-75,County road,R,Friday,Belt Used,PV,White,0,1,1,0,County Road,County Sheriff,Grant County Sheriff's Office,0,0,1,0,0,,,,,,0.0,0.0,0.0,,,,,,,,,,,98.0,98.0,98.0,1.0,,,,,20.0,7.0,,,,,,,,,,,,,,,,98837,Moses Lake,Moses Lake
2269,2315,2315,2019,482,E994300,21.0,2019-12-06,16:03,6,12,,25,Grant,0,1,0.0,5,1,2,1,0,4,2,,,,12,0,2,0.7,1,0,1,5,1,2,4,0,0,0,0,CR-ROAD 7 NE,,-119.262925,47.189647222,0,2,51,62,4,55,34,0,0,1,7,12,1,1,2,1,1,3,2,53,0,12,481,2008,0,0.0,12,,,,,,1,1,16,2,0.0,,2,0,3,0,11,4,,,,,0.0,0.0,1.0,3.0,1,0,0.0,0.0,0.0,3,6.0,,,,,0,,,,,,98837,53,64.0,175.0,6.0,2.0,0.0,0.0,0.0,0.0,,0,,,,,,0,,,1,0,0,0,8.0,9,8,,,0,0.0,0.0,8,0,8.0,95.0,,,96.0,,,8,95,995.0,,,,,,,,,,,,,,,,,,,,,,,,,,,,,,0,0,0,0,0,0,0,0,0,0,0,0,0,0,0,0,1,0,0,0,1,0,1,0,1,1,1,1,0,1,0,0,0,0,0,,0,0,0,0,0,0,0,0,1,0,0,0,0,0,0,0,,,,,,16-17,16-25,County road,R,Friday,Belt Used,PV,Not Fatal,0,1,1,0,County Road,County Sheriff,Grant County Sheriff's Office,0,0,1,0,0,,,,,,0.0,0.0,0.0,,,,,,,,,,,98.0,98.0,98.0,0.0,,,,,20.0,7.0,,,,,,,,,,,,,,,,98837,Moses Lake,Moses Lake
2270,2316,2316,2019,483,E994426,1.0,2019-12-15,16:46,15,12,,77,Yakima,0,10,0.0,2,2,1,1,1,1,1,,,,8,1,0,47.9,1,0,1,1,1,1,1,0,0,0,0,I-82,,-120.3451694,46.436363889,0,1,13,11,2,70,14,0,0,1,5,8,1,1,2,3,1,99,2,53,0,49,402,2008,0,0.0,63,8.0,,,,,1,1,35,1,0.0,,0,0,3,0,11,0,,,,,0.0,0.0,3.0,2.0,1,0,0.0,0.0,0.0,92,,,,,,99,,,,,,98948,53,72.0,180.0,1.0,1.0,0.0,0.0,0.0,0.0,,7,,,,,,0,09/15/2015,09/15/2015,20,0,0,0,8.0,9,8,,,0,0.0,0.0,8,9,0.0,0.0,,,0.0,,,0,0,996.0,,,,,,,,,,,,,,,,,,,,,,,,,,,,,,0,0,0,0,0,0,0,0,0,0,0,0,0,1,0,0,1,0,0,0,0,0,0,0,0,0,0,0,0,1,0,1,0,0,0,,0,0,0,0,0,0,0,0,1,0,0,1,0,0,0,0,,,,,,31-35,26-35,Interstate,R,Sunday,Belt Used,PV,Not Fatal,0,0,0,0,State Route,State Patrol,Washington State Patrol,0,1,0,0,0,,,,,,0.0,0.0,1.0,,,,,,,,,,,98.0,98.0,98.0,0.0,,,,,20.0,7.0,,,,,,,,,,,,,,,,98953,Toppenish,Zillah
2271,2317,2317,2019,484,E995595,7.0,2019-12-18,12:03,18,12,,33,King,980,10,0.0,1,1,2,1,0,4,3,,,,12,0,1,12.1,1,0,1,1,2,1,1,0,0,0,0,I-90,,-122.0940472,47.562133333,0,1,24,51,3,60,20,0,0,1,7,12,1,1,4,3,1,1,1,53,0,37,441,2008,0,0.0,12,12.0,,,,,1,1,62,1,7.0,,4,7,20,7,11,0,12/18/2019,12:03,98053056898.0,56898.0,0.0,0.0,3.0,3.0,1,0,0.0,0.0,0.0,96,,,,,,99,,,,,,98118,53,73.0,215.0,6.0,1.0,0.0,0.0,0.0,0.0,,0,,,,,,3,,,1,0,0,0,0.0,9,8,,,0,0.0,0.0,1,9,2.0,1.0,,,1.0,,,2,1,0.0,,,,,,,,,,,,,,,,,,,,,,,,,,,,,,0,0,0,0,0,0,0,0,0,0,0,0,1,0,0,0,0,0,0,1,0,0,0,0,0,0,0,0,0,1,1,0,0,1,0,,1,0,0,0,0,0,0,0,0,1,0,0,0,0,0,0,,,,,,61-65,56-65,Interstate,U,Wednesday,Not Used,PV,White,0,0,0,0,State Route,State Patrol,Washington State Patrol,0,1,0,0,0,,,,,,0.0,0.0,0.0,,,,,,,,,,,98.0,98.0,98.0,1.0,,,,,20.0,7.0,,,,,,,,,,,,,,,,98027,Seattle,Issaquah
2272,2318,2318,2019,484,E995595,7.0,2019-12-18,12:03,18,12,,33,King,980,10,0.0,1,1,2,1,0,4,3,,,,12,0,1,12.1,1,0,1,1,2,1,1,0,0,0,0,I-90,,-122.0940472,47.562133333,0,2,25,53,3,60,63,0,0,1,7,12,1,1,4,3,1,2,3,53,0,85,881,2012,0,0.0,12,,,,,,1,1,29,1,0.0,,0,0,3,0,11,0,,,,,6.0,1.0,3.0,3.0,1,0,0.0,0.0,0.0,96,,,,,,0,,,,,,98040,53,69.0,180.0,6.0,1.0,0.0,0.0,0.0,0.0,,0,,,,,,0,,,20,0,0,0,8.0,9,8,,,0,0.0,0.0,8,0,8.0,95.0,,,96.0,,,8,95,995.0,,,,,,,,,,,,,,,,,,,,,,,,,,,,,,0,0,0,0,0,0,0,0,0,0,0,0,1,0,0,0,0,0,0,1,0,0,0,0,0,0,0,0,0,1,1,0,0,0,0,,0,0,0,0,0,0,0,0,0,0,0,0,0,0,0,0,,,,,,26-30,26-35,Interstate,U,Wednesday,,MHTRUCK,Not Fatal,0,0,0,0,State Route,State Patrol,Washington State Patrol,0,1,0,0,0,,,,,,0.0,0.0,0.0,,,,,,,,,,,98.0,98.0,98.0,0.0,,,,,20.0,7.0,,,,,,,,,,,,,,,,98027,Mercer Island,Issaquah
2273,2319,2319,2019,484,E995595,7.0,2019-12-18,12:03,18,12,,33,King,980,10,0.0,1,1,2,1,0,4,3,,,,12,0,1,12.1,1,0,1,1,2,1,1,0,0,0,0,I-90,,-122.0940472,47.562133333,0,3,98,98,7,60,66,1,0,1,5,12,1,1,4,3,1,1,3,53,0,85,881,2020,0,0.0,12,,,,,,1,1,48,1,0.0,,0,0,3,0,11,0,,,,,6.0,1.0,3.0,3.0,1,0,0.0,0.0,0.0,96,,,,,,0,,,,,,98580,53,73.0,175.0,6.0,1.0,0.0,1.0,2.0,0.0,,0,,,,,,0,05/15/2018,06/15/2018,20,0,0,0,8.0,9,8,,,0,0.0,0.0,8,0,8.0,95.0,,,96.0,,,8,95,995.0,,,,,,,,,,,,,,,,,,,,,,,,,,,,,,0,0,0,0,0,0,0,0,0,0,0,0,1,0,0,0,0,0,0,1,0,0,0,0,0,0,0,0,0,1,1,0,0,0,0,,0,0,0,0,0,0,0,0,0,0,0,0,0,0,0,0,,,,,,46-50,46-55,Interstate,U,Wednesday,,MHTRUCK,Not Fatal,0,0,0,0,State Route,State Patrol,Washington State Patrol,0,1,0,0,0,,,,,,0.0,0.0,0.0,,,,,,,,,,,98.0,98.0,98.0,0.0,,,,,20.0,7.0,,,,,,,,,,,,,,,,98027,Roy,Issaquah
2274,2320,2320,2019,485,E995911,248.0,2019-12-12,20:09,12,12,,33,King,1960,10,0.0,3,2,2,1,1,1,1,,,,8,0,0,0.0,2,0,3,7,2,4,6,0,0,0,0,7TH AVE,SENECA ST,-122.2260722,47.473733333,0,1,13,80,5,30,6,0,0,1,7,8,1,1,4,1,1,1,1,53,0,49,47,2007,0,0.0,8,18.0,,,,,1,1,45,2,0.0,,0,0,3,0,11,0,,,,,0.0,0.0,3.0,3.0,1,10,0.0,0.0,0.0,93,,,,,,0,,,,,,98055,53,62.0,120.0,6.0,1.0,0.0,0.0,0.0,0.0,,0,,,,,,0,,,20,0,0,0,8.0,9,8,,,0,0.0,0.0,8,0,8.0,95.0,,,96.0,,,8,95,995.0,,,,,,,,,,,,,,,,,,,,,,,,,,,,,,0,0,0,1,0,0,0,0,0,1,0,1,0,0,0,0,1,0,0,0,0,0,0,0,0,0,0,0,0,1,0,1,0,0,0,,0,0,0,0,0,0,0,0,1,0,0,0,0,0,0,0,,,,,,41-45,36-45,City street,U,Thursday,Belt Used,PV,Not Fatal,1,0,0,0,City Street,Municipal/City Police,Renton Police Department,0,0,0,1,0,,,,,,0.0,0.0,0.0,,,,,,,,,,,98.0,98.0,98.0,0.0,,,,,20.0,7.0,,,,,,,,,,,,,,,,98057,Renton,Renton
2275,2321,2321,2019,486,E996301,3.0,2019-12-21,3:16,21,12,,53,Pierce,0,2,0.0,3,2,2,1,0,1,1,,,,38,0,0,5.5,1,0,1,4,2,2,4,0,0,0,0,CR-112TH ST E,,-122.4115139,47.155113889,0,1,1,13,2,35,15,0,0,1,7,2,1,2,5,5,1,1,3,53,5,20,421,2012,0,0.0,63,38.0,18.0,19.0,2.0,,1,1,25,1,7.0,,4,7,3,0,11,0,12/21/2019,3:16,53056336.0,56336.0,0.0,0.0,0.0,3.0,1,16,0.0,0.0,0.0,96,,,,,,0,,,,,,98409,53,73.0,185.0,6.0,1.0,0.0,0.0,0.0,0.0,,0,,,,,,4,,,8,0,0,0,1.0,9,8,,,0,0.0,0.0,8,0,2.0,1.0,,,1.0,,,2,1,0.0,,,,,,,,,,,,,,,,,,,,,,,,,,,,,,0,0,1,0,0,0,0,0,0,0,0,0,1,0,0,0,0,0,0,0,0,0,0,1,1,0,0,0,0,1,0,0,0,0,0,,1,0,0,0,0,0,0,0,0,1,0,0,0,0,0,0,,,,,,21-25,16-25,County road,U,Saturday,Belt Used,PV,White,0,1,0,0,County Road,State Patrol,Washington State Patrol,1,0,1,0,0,,,,,,0.0,0.0,0.0,,,,,,,,,,,98.0,98.0,98.0,1.0,,,,,20.0,7.0,,,,,,,,,,,,,,,,98445,Tacoma,Tacoma
2276,2323,2323,2019,488,E927755,39.0,2019-06-03,10:00,3,6,,61,Snohomish,0,1,0.0,1,1,2,1,0,2,2,,,,12,0,7,0.0,2,1,2,1,2,1,1,0,0,3,3,I-5 RAMP LX19911,MARINE DR,-122.1855278,48.051855556,0,1,98,11,2,98,20,0,0,1,7,12,3,1,2,6,11,1,3,53,0,20,445,2015,0,0.0,12,63.0,24.0,,,,1,1,57,1,7.0,,4,0,3,0,11,4,06/03/2019,11:09,69053025274.0,25274.0,0.0,0.0,0.0,3.0,1,0,0.0,0.0,0.0,0,,,,,,1,,,,,,98087,53,72.0,220.0,6.0,1.0,0.0,0.0,1.0,0.0,,0,,,,,,0,04/15/2016,04/15/2016,20,0,0,0,0.0,9,8,,,0,0.0,0.0,8,0,2.0,695.0,605.0,,1.0,1.0,,2,1,0.0,,,,,,,,,,,,,,,,,,,,,,,,,,,,,,0,0,0,1,0,0,1,1,1,0,0,0,0,0,0,0,0,0,0,0,0,0,0,0,0,0,0,0,0,1,0,0,0,0,0,,1,0,0,0,0,0,1,1,0,0,0,0,0,0,1,0,,,,,,56-60,56-65,Interstate,U,Monday,Belt Used,PV,White,1,0,0,0,State Route,County Sheriff,Snohomish County Sheriff's Office,0,1,0,0,0,thc,24.0,carboxy-thc,23.0,,0.0,0.0,0.0,,,,,,,,,,,98.0,98.0,98.0,1.0,,,,,20.0,7.0,,,,,,,,,,,,,,,,98270,Lynnwood,Marysville
2277,2324,2324,2019,488,E927755,39.0,2019-06-03,10:00,3,6,,61,Snohomish,0,1,0.0,1,1,2,1,0,2,2,,,,12,0,7,0.0,2,1,2,1,2,1,1,0,0,3,3,I-5 RAMP LX19911,MARINE DR,-122.1855278,48.051855556,0,2,98,60,4,98,4,0,0,1,5,12,3,1,2,6,11,1,1,53,0,49,32,2009,0,0.0,12,,,,,,1,1,31,2,0.0,,0,0,3,0,11,0,,,,,0.0,0.0,0.0,3.0,1,0,0.0,0.0,0.0,96,,,,,,0,,,,,,98270,53,65.0,180.0,6.0,1.0,0.0,0.0,0.0,0.0,,0,,,,,,0,,,20,0,0,0,8.0,9,8,,,0,0.0,0.0,8,0,8.0,95.0,,,96.0,,,8,95,995.0,,,,,,,,,,,,,,,,,,,,,,,,,,,,,,0,0,0,1,0,0,1,1,1,0,0,0,0,0,0,0,0,0,0,0,0,0,0,0,0,0,0,0,0,1,0,0,0,0,0,,0,0,0,0,0,0,0,0,0,0,0,0,0,0,0,0,,,,,,31-35,26-35,Interstate,U,Monday,Belt Used,PV,Not Fatal,1,0,0,0,State Route,County Sheriff,Snohomish County Sheriff's Office,0,1,0,0,0,,,,,,0.0,0.0,0.0,,,,,,,,,,,98.0,98.0,98.0,0.0,,,,,20.0,7.0,,,,,,,,,,,,,,,,98270,Marysville,Marysville
2278,2325,2325,2019,489,3806728,263.0,2019-09-03,17:43,3,9,,33,King,1960,1,0.0,1,1,1,1,1,1,1,,,,9,0,0,0.0,2,0,2,7,2,4,6,0,0,20,3,ALASKAN WAY VIA,S SPOKANE ST,-122.3393333,47.571413889,0,1,13,83,5,20,34,0,0,1,5,9,1,1,1,4,4,1,2,53,0,20,481,2009,0,0.0,9,,,,,,1,1,62,1,0.0,,0,0,3,0,11,0,,,,,0.0,0.0,0.0,3.0,1,10,0.0,0.0,0.0,96,,,,,,98,,,,,,98109,53,70.0,180.0,6.0,1.0,0.0,0.0,1.0,2.0,,0,,,,,,0,12/15/2014,08/15/2015,20,0,0,0,8.0,9,8,,,0,0.0,0.0,8,8,8.0,95.0,,,96.0,,,8,95,995.0,,,,,,,,,,,,,,,,,,,,,,,,,,,,,,0,0,0,1,0,0,0,0,0,0,0,0,0,0,0,0,0,0,0,0,0,0,0,0,0,0,0,0,0,1,0,0,1,0,0,,0,0,0,0,0,0,0,0,0,0,0,0,0,0,0,0,,,,,,61-65,56-65,City street,U,Tuesday,Belt Used,PV,Not Fatal,1,0,0,0,City Street,Municipal/City Police,Seattle Police Department,0,0,0,1,0,,,,,,0.0,0.0,1.0,,,,,,,,,,,98.0,98.0,98.0,0.0,,,,,20.0,7.0,,,,,,,,,,,,,,,,98134,Seattle,Seattle
2279,2326,2326,2019,490,E997525,242.0,2019-12-25,15:46,25,12,,53,Pierce,1770,1,0.0,1,1,2,1,0,3,2,,,,12,0,6,6.1,2,0,2,3,2,1,3,0,0,3,3,SR-167,2ND ST NE,-122.2937917,47.198741667,0,1,83,17,2,35,67,0,0,1,5,12,1,1,4,1,1,2,2,53,0,23,880,2017,0,0.0,12,,,,,,1,1,24,1,0.0,,0,0,3,0,11,0,,,,,0.0,0.0,0.0,3.0,1,38,0.0,0.0,0.0,96,,,,,,0,,,,,,98391,53,70.0,150.0,6.0,1.0,0.0,0.0,0.0,2.0,,39,,,,,,0,03/15/2015,11/15/2015,20,0,0,1,8.0,9,8,,,0,0.0,0.0,8,0,8.0,95.0,,,96.0,,,8,95,995.0,,,,,,,,,,,,,,,,,,,,,,,,,,,,,,0,0,0,1,0,0,1,1,0,0,0,0,0,0,0,0,0,0,1,0,0,0,0,1,1,1,1,1,0,1,1,0,0,0,0,,0,0,0,0,0,0,0,0,0,0,1,0,0,0,0,0,,,,,,21-25,16-25,State route,U,Wednesday,,MHTRUCK,Not Fatal,1,0,0,0,State Route,Municipal/City Police,Puyallup Police Department,0,1,0,0,0,,,,,,0.0,0.0,0.0,,,,,,,,,,,98.0,98.0,98.0,0.0,,,,,20.0,7.0,,,,,,,,,,,,,,,,98371,Bonney Lake,Puyallup