,index,Unnamed: 0,year,case,par,repjur,crash_dt,crash_tm,accday,accmon,holiday,county,co_char,city,weather,weather2,lightcond,surfcond,surftype,numfatal,nmforms,pforms,vforms,not_tm,arr_tm,hosp_tm,fhevent,hitrun,manncol,milepnt,reljunc,reljuncinter,intersectiontype,funcsystem,landuse,ownership,route,schlbus,spejur,contdev,devfunc,trafid1,trafid2,lon,lat,wk_zone,vnumber,crashtype,criticalevent,criticaleventcat,spdlim,body,trailer,emerg,hazcargo,leave,mhevent,roadalgn,roadprof,traflane,trafflow,vehmanvr,numoccs,regowner,regstate,spuse,make,model,modelyr,vrf1,vrf2,seqevent1,seqevent2,seqevent3,seqevent4,seqevent5,seqevent6,pnumber,ptype,age,sex,hispanic,race,injury,diedscene,restraint,restraintmisuse,seatpos,takehosp,death_dt,death_tm,cert,cernum_wa,commlic,licendor,licrestrict,liccomp,drivpres,drf1,drf2,drf3,drf4,distract1,distract2,distract3,distract4,distract5,distract6,dricond1,dricond2,dricond3,dricond4,dricond5,dricond6,dzip,licstate,drhgt_in,weight,noncdl,noncdltype,prevdwi,prevoth,prevacc,prevspd,prevsus,driviol1,driviol2,driviol3,driviol4,driviol5,driviol6,spdrel,first_dt,last_dt,airbag,ejection,ejectpath,extricat,injurwrk,methalc,methdrug,nmlocat,strikveh,prf1,prf2,prf3,druginv,alcinvol,drugsts,drugres1,drugres2,drugres3,drugtst1,drugtst2,drugtst3,alcsts,alctst,alcres,nmact1,nmact2,nmact3,nmact4,nmact5,nmact6,nmprior1,nmprior2,nmprior3,nmprior4,nmprior5,nmprior6,nmcond1,nmcond2,nmcond3,nmcond4,nmcond5,nmcond6,nmsafe_helmet,nmsafe_pads,nmsafe_oth,nmprev_ref,nmprev_lgt,nmprev_oth,crashlocation,nmcrashtype,crosswalk,schoolzone,sidewalk,train_inv,wildlife_inv,rotr_fars,intersect_fars,dd_inv,aid_inv,dpd_inv,id_inv,mj_inv,impnm_inv,ainm_inv,dpnm_inv,speed_inv,unlic_inv,unendmc_inv,drowsy_inv,drdist_inv,nmdist_inv,fty_inv,unrestfat_inv,dr1617_inv,dr1820_inv,dr1620_inv,dr2125_inv,dr1625_inv,dr65_inv,dr70_inv,dr75_inv,mc_inv,pv_inv,ht_inv,ped_inv,bike_inv,unrest_fat,mc_fat,unhelmet_mc,pv_fat,ht_fat,ped_fat,bike_fat,dr_alc7,dr_alc8,dr_drug,dr_imp,dr_dist,dr_spd,dr_fty,dr_unlic,dr_alc7only,dr_alc8only,dr_drugonly,dr_drink,nm_imp,nm_alc7,nm_alc8,nm_drug,nm_dist,agegrp1,agegrp2,roadclass,urbrur,dayweek,restuse,vehtype,race_me,intersect,lanedep,oppdir,wrongway,rep_typ,investag,repag_long,rotr,st_rd,cty_rd,city_rd,oth_rd,drug_thc,thc_res,drug_cthc,cthc_res,drug_cann,prevpersemin,prevperse,prevsusoth,drugtst4,drugtst5,drugtst6,drugtst7,drugtst8,drugres4,drugres5,drugres6,drugres7,drugres8,adspresent,adsengaged,adslevel,race1,race2,race3,race4,race5,helmet,helmetmisuse,nmdistract1,nmdistract2,nmdistract3,nmdistract4,nmdistract5,nmdistract6,lab,isedtcase,crf1,crf2,crf3,CoRoadName,CoMP,IntCoRoadName,IntCoMP,crashzip,dcity,crashcity
2298,2345,2345,2019,506,E942491,3.0,2019-07-13,12:43,13,7,,53,Pierce,2230,1,0.0,1,1,2,1,0,2,2,,,,38,0,0,0.0,8,0,1,7,2,4,6,0,0,0,0,N 9TH ST,N MILDRED ST,-122.5225528,47.257861111,0,1,14,8,1,98,14,0,0,1,2,12,1,1,2,1,98,1,1,53,0,12,401,1999,0,0.0,71,38.0,41.0,12.0,25.0,,1,1,66,1,7.0,,4,0,99,7,11,4,07/13/2019,14:25,223053031618.0,31618.0,0.0,0.0,3.0,3.0,1,0,0.0,0.0,0.0,0,,,,,,1,,,,,,98405,53,75.0,210.0,6.0,1.0,0.0,0.0,0.0,0.0,,0,,,,,,0,,,1,0,0,0,0.0,9,8,,,0,0.0,0.0,8,9,8.0,95.0,,,96.0,,,8,95,995.0,,,,,,,,,,,,,,,,,,,,,,,,,,,,,,0,0,0,0,0,0,0,0,0,0,0,0,0,0,0,0,0,0,0,0,0,0,0,0,0,1,0,0,0,1,0,0,0,0,0,,1,0,0,0,0,0,0,0,0,0,0,0,0,0,0,0,,,,,,66-70,66-75,City street,U,Saturday,Unknown,PV,White,0,0,0,0,City Street,State Patrol,Washington State Patrol,0,0,0,1,0,,,,,,0.0,0.0,0.0,,,,,,,,,,,0.0,0.0,0.0,1.0,,,,,20.0,7.0,,,,,,,,,,,,,,,,98406,Tacoma,Tacoma
2299,2346,2346,2019,506,E942491,3.0,2019-07-13,12:43,13,7,,53,Pierce,2230,1,0.0,1,1,2,1,0,2,2,,,,38,0,0,0.0,8,0,1,7,2,4,6,0,0,0,0,N 9TH ST,N MILDRED ST,-122.5225528,47.257861111,0,2,98,71,4,60,5,0,0,1,5,12,1,1,3,3,1,1,1,53,0,63,38,2017,0,0.0,12,,,,,,1,1,38,1,0.0,,0,0,3,0,11,0,,,,,0.0,0.0,3.0,3.0,1,0,0.0,0.0,0.0,0,,,,,,0,,,,,,98349,53,74.0,260.0,6.0,1.0,0.0,0.0,0.0,0.0,,0,,,,,,0,,,20,0,0,0,8.0,9,8,,,0,0.0,0.0,8,0,8.0,95.0,,,96.0,,,8,95,995.0,,,,,,,,,,,,,,,,,,,,,,,,,,,,,,0,0,0,0,0,0,0,0,0,0,0,0,0,0,0,0,0,0,0,0,0,0,0,0,0,1,0,0,0,1,0,0,0,0,0,,0,0,0,0,0,0,0,0,0,0,0,0,0,0,0,0,,,,,,36-40,36-45,City street,U,Saturday,Belt Used,PV,Not Fatal,0,0,0,0,City Street,State Patrol,Washington State Patrol,0,0,0,1,0,,,,,,0.0,0.0,0.0,,,,,,,,,,,98.0,98.0,98.0,0.0,,,,,20.0,7.0,,,,,,,,,,,,,,,,98406,Lakebay,Tacoma
2300,2347,2347,2019,507,E960349,35.0,2019-09-14,19:30,14,9,,53,Pierce,0,2,0.0,2,2,2,1,0,1,1,,,,1,0,0,0.3,1,0,1,7,2,2,4,0,0,0,0,CR-HOUSTON RD E,,-122.2546989,47.2008695,0,1,1,13,2,35,80,0,0,1,2,1,3,1,2,1,14,1,1,53,0,72,706,2014,0,0.0,63,1.0,,,,,1,1,63,1,7.0,,4,0,20,7,11,8,10/01/2019,4:50,223053044535.0,44535.0,0.0,0.0,0.0,0.0,1,0,0.0,0.0,0.0,96,,,,,,9,,,,,,98390,53,70.0,160.0,0.0,0.0,0.0,0.0,0.0,0.0,,0,,,,,,0,,,20,8,0,0,0.0,1,8,,,0,0.0,0.0,8,1,8.0,95.0,,,96.0,,,2,1,0.1,,,,,,,,,,,,,,,,,,,,,,,,,,,,,,0,0,1,0,1,1,0,1,0,0,0,0,0,1,1,0,0,0,0,0,0,0,0,0,0,0,0,0,1,0,0,0,0,0,1,0.0,0,0,0,0,0,1,0,1,0,0,0,1,0,1,0,1,,,,,,61-65,56-65,County road,U,Saturday,,MC,White,0,1,0,0,County Road,County Sheriff,Law Enforcement Support Agency,1,0,1,0,0,,,,,,0.0,0.0,0.0,,,,,,,,,,,0.0,0.0,0.0,1.0,,,,,19.0,0.0,,,,,,,,,,,,,,,,98390,Sumner,Sumner
2301,2348,2348,2019,508,EA85528,13.0,2019-06-20,17:00,20,6,,9,Clallam,0,1,0.0,1,1,4,1,0,1,1,,,,24,0,0,7.0,1,0,1,98,1,98,8,0,0,0,0,SEIKU MAINLINE,,-124.4812003,48.2779143,0,1,1,13,2,98,34,0,0,1,5,1,3,1,8,8,14,1,3,53,0,12,481,1999,0,0.0,63,24.0,1.0,3.0,,,1,1,33,1,7.0,,4,7,20,7,11,0,06/20/2019,17:00,53028175.0,28175.0,0.0,0.0,0.0,3.0,1,0,0.0,0.0,0.0,96,,,,,,9,,,,,,98381,53,70.0,150.0,6.0,1.0,0.0,1.0,0.0,0.0,,0,,,,,,0,05/15/2018,05/15/2018,20,1,9,0,0.0,1,1,,,0,0.0,0.0,1,0,2.0,605.0,695.0,,1.0,1.0,,2,1,0.0,,,,,,,,,,,,,,,,,,,,,,,,,,,,,,0,0,1,0,0,0,1,1,1,0,0,0,0,0,0,0,0,0,0,1,0,0,0,0,0,0,0,0,0,1,0,0,0,1,0,,1,0,0,0,0,0,1,1,0,0,0,0,0,0,1,0,,,,,,31-35,26-35,Other,R,Thursday,Not Used,PV,White,0,0,0,0,Other,,,0,0,0,0,1,thc,7.0,carboxy-thc,6.3,,0.0,0.0,0.0,,,,,,,,,,,0.0,0.0,0.0,1.0,,,,,20.0,7.0,,,,,,,,,,,,,,,,98381,Sekiu,Sekiu
2302,2349,2349,2019,509,E944659,31.0,2019-07-28,22:17,28,7,,45,Mason,0,1,0.0,2,1,7,1,0,1,1,,,,1,0,0,9999.9,1,0,1,5,1,2,4,0,0,0,0,CR-BEAR CREEK DEWATTO,,-122.8377278,47.507936111,0,1,1,13,2,45,80,0,0,1,5,1,3,2,2,1,14,1,1,53,0,72,706,1997,0,0.0,63,1.0,,,,,1,1,58,1,7.0,,4,0,20,7,11,1,08/01/2019,14:04,196053034853.0,34853.0,0.0,0.0,0.0,3.0,1,0,0.0,0.0,0.0,92,,,,,,99,,,,,,98528,53,67.0,180.0,6.0,1.0,0.0,0.0,0.0,0.0,,0,,,,,,0,,,20,8,0,0,0.0,9,8,,,0,0.0,0.0,8,9,2.0,321.0,,,1.0,,,2,1,0.14,,,,,,,,,,,,,,,,,,,,,,,,,,,,,,0,0,1,0,1,1,1,1,0,0,0,0,0,0,0,0,1,0,0,0,0,0,0,0,0,0,0,0,1,0,0,0,0,0,1,0.0,0,0,0,0,0,1,1,1,1,0,0,0,0,0,0,1,,,,,,56-60,56-65,County road,R,Sunday,,MC,White,0,1,0,0,County Road,County Sheriff,Mason County Sheriff's Office,1,0,1,0,0,,,,,,0.0,0.0,0.0,,,,,,,,,,,0.0,0.0,0.0,1.0,,,,,19.0,0.0,,,,,,,,,,,,,,,,98528,Belfair,Belfair
2303,2350,2350,2019,510,E937972,278.0,2019-07-08,19:23,8,7,,63,Spokane,2110,1,0.0,1,1,2,1,0,2,2,,,,12,0,1,0.0,2,0,3,3,2,4,6,0,0,0,0,MARKET,BISMARK,-117.3648417,47.712136111,0,1,24,51,3,30,80,0,0,1,5,12,1,1,4,1,1,1,1,53,0,37,705,2005,0,0.0,12,,,,,,1,1,21,1,7.0,,4,0,20,7,11,8,07/09/2019,2:58,211053030703.0,30703.0,0.0,0.0,3.0,3.0,1,0,0.0,0.0,0.0,96,,,,,,99,,,,,,98207,53,68.0,170.0,6.0,1.0,0.0,1.0,3.0,0.0,,0,,,,,,3,04/15/2016,07/15/2019,20,8,0,0,0.0,9,8,,,0,0.0,0.0,8,9,2.0,695.0,605.0,,1.0,1.0,,2,1,0.0,,,,,,,,,,,,,,,,,,,,,,,,,,,,,,0,0,0,1,1,0,1,1,1,0,0,0,1,0,0,0,0,0,0,0,0,0,0,1,1,0,0,0,1,1,0,0,0,0,1,0.0,0,0,0,0,0,0,1,1,0,1,0,0,0,0,1,0,,,,,,21-25,16-25,City street,U,Monday,,MC,White,0,0,0,0,City Street,Municipal/City Police,Spokane Police Department,0,0,0,1,0,thc,2.0,carboxy-thc,34.0,,0.0,0.0,0.0,,,,,,,,,,,0.0,0.0,0.0,1.0,,,,,19.0,0.0,,,,,,,,,,,,,,,,99208,Everett,Spokane
2304,2351,2351,2019,510,E937972,278.0,2019-07-08,19:23,8,7,,63,Spokane,2110,1,0.0,1,1,2,1,0,2,2,,,,12,0,1,0.0,2,0,3,3,2,4,6,0,0,0,0,MARKET,BISMARK,-117.3648417,47.712136111,0,2,25,53,3,30,34,0,0,1,5,12,1,1,4,1,1,1,9,16,0,19,480,2004,0,0.0,12,,,,,,1,1,47,1,0.0,,0,0,3,0,11,0,,,,,99.0,9.0,9.0,9.0,1,0,0.0,0.0,0.0,96,,,,,,0,,,,,,83858,16,,999.0,9.0,9.0,99.0,99.0,99.0,99.0,,0,,,,,,0,,,20,0,0,0,8.0,9,8,,,0,0.0,0.0,8,1,8.0,95.0,,,96.0,,,8,95,995.0,,,,,,,,,,,,,,,,,,,,,,,,,,,,,,0,0,0,1,1,0,1,1,1,0,0,0,1,0,0,0,0,0,0,0,0,0,0,1,1,0,0,0,1,1,0,0,0,0,0,,0,0,0,0,0,0,0,0,0,0,0,0,0,0,0,1,,,,,,46-50,46-55,City street,U,Monday,Belt Used,PV,Not Fatal,0,0,0,0,City Street,Municipal/City Police,Spokane Police Department,0,0,0,1,0,,,,,,99.0,99.0,99.0,,,,,,,,,,,98.0,98.0,98.0,0.0,,,,,20.0,7.0,,,,,,,,,,,,,,,,99208,Rathdrum,Spokane
2305,2352,2352,2019,511,E879054,266.0,2019-01-02,5:48,2,1,,77,Yakima,1980,1,0.0,3,1,2,1,1,1,1,,,,8,0,0,0.9,1,0,1,3,2,1,3,0,0,0,0,SR-823,,-120.530425,46.645502778,0,1,13,80,5,35,20,0,0,1,5,8,1,1,2,1,1,1,3,53,0,49,442,2017,0,0.0,8,,,,,,1,1,65,2,0.0,,0,0,3,0,11,0,,,,,0.0,0.0,3.0,3.0,1,0,0.0,0.0,0.0,96,,,,,,0,,,,,,98942,53,65.0,140.0,6.0,1.0,0.0,0.0,0.0,0.0,,0,,,,,,0,,,20,0,0,0,8.0,9,8,,,0,0.0,0.0,8,0,8.0,95.0,,,96.0,,,8,95,995.0,,,,,,,,,,,,,,,,,,,,,,,,,,,,,,0,0,0,0,0,0,0,0,0,0,0,0,0,0,0,0,0,0,0,0,0,0,0,0,0,1,0,0,0,1,0,1,0,0,0,,0,0,0,0,0,0,0,0,0,0,0,0,0,0,0,0,,,,,,61-65,56-65,State route,U,Wednesday,Belt Used,PV,Not Fatal,0,0,0,0,City Street,Municipal/City Police,Selah Police Department,0,0,0,1,0,,,,,,0.0,0.0,0.0,,,,,,,,,,,98.0,98.0,98.0,0.0,,,,,20.0,7.0,,,,,,,,,,,,,,,,98942,Selah,Selah
2306,2353,2353,2019,512,E889208,160.0,2019-02-02,8:34,2,2,,33,King,1030,10,0.0,1,2,2,1,0,2,2,,,,12,0,2,0.0,2,0,3,3,2,4,6,0,0,0,0,S 212TH ST,FRAGER RD S,-122.2660333,47.412375,0,1,50,10,2,98,2,0,0,1,7,12,1,3,4,1,1,1,2,53,0,7,43,2003,0,0.0,68,12.0,,,,,1,1,32,2,7.0,,4,0,20,7,11,8,02/19/2019,15:37,196053009461.0,9461.0,0.0,0.0,3.0,2.0,1,28,37.0,0.0,0.0,96,,,,,,99,,,,,,98042,53,61.0,140.0,1.0,1.0,1.0,2.0,1.0,0.0,,0,,,,,,0,12/15/2016,02/15/2019,8,0,0,0,0.0,9,8,,,0,0.0,0.0,8,9,8.0,95.0,,,96.0,,,8,95,995.0,,,,,,,,,,,,,,,,,,,,,,,,,,,,,,0,0,0,1,0,0,0,0,0,0,0,0,0,1,0,0,0,0,0,1,0,0,0,0,0,0,0,0,0,1,0,0,0,1,0,,1,0,0,0,0,0,0,0,0,0,0,1,0,0,0,0,,,,,,31-35,26-35,City street,U,Saturday,Not Used,PV,White,0,1,1,0,City Street,Municipal/City Police,Kent Police Department,0,0,0,1,0,,,,,,0.0,0.0,5.0,,,,,,,,,,,98.0,98.0,98.0,1.0,,,,,20.0,7.0,,,,,,,,,,,,,,,,98032,Kent,Kent
2307,2354,2354,2019,512,E889208,160.0,2019-02-02,8:34,2,2,,33,King,1030,10,0.0,1,2,2,1,0,2,2,,,,12,0,2,0.0,2,0,3,3,2,4,6,0,0,0,0,S 212TH ST,FRAGER RD S,-122.2660333,47.412375,0,2,51,62,4,40,4,0,0,1,7,12,1,3,4,1,1,1,2,53,0,35,47,2013,0,0.0,12,,,,,,1,1,38,1,0.0,,2,0,3,0,11,8,,,,,0.0,0.0,0.0,3.0,1,0,0.0,0.0,0.0,96,,,,,,0,,,,,,98031,53,69.0,200.0,6.0,1.0,0.0,0.0,0.0,0.0,,0,,,,,,0,,,1,0,0,0,8.0,9,8,,,0,0.0,0.0,8,0,8.0,95.0,,,96.0,,,8,95,995.0,,,,,,,,,,,,,,,,,,,,,,,,,,,,,,0,0,0,1,0,0,0,0,0,0,0,0,0,1,0,0,0,0,0,1,0,0,0,0,0,0,0,0,0,1,0,0,0,0,0,,0,0,0,0,0,0,0,0,0,0,0,0,0,0,0,0,,,,,,36-40,36-45,City street,U,Saturday,Belt Used,PV,Not Fatal,0,1,1,0,City Street,Municipal/City Police,Kent Police Department,0,0,0,1,0,,,,,,0.0,0.0,0.0,,,,,,,,,,,98.0,98.0,98.0,0.0,,,,,20.0,7.0,,,,,,,,,,,,,,,,98032,Kent,Kent
2308,2355,2355,2019,513,E889136,290.0,2019-02-03,18:30,3,2,,53,Pierce,2230,10,0.0,3,2,2,1,0,1,1,,,,43,0,0,0.0,3,0,6,7,2,4,6,0,0,98,3,S PARK AVE,S 59TH ST,-122.4418778,47.203672222,0,1,6,12,2,25,5,0,0,1,7,43,1,1,2,1,1,1,1,53,0,63,33,2008,0,0.0,64,43.0,,,,,1,1,85,2,7.0,,4,0,99,7,11,8,02/04/2019,13:50,223053005107.0,5107.0,0.0,0.0,0.0,3.0,1,0,0.0,0.0,0.0,92,,,,,,99,,,,,,98444,53,62.0,160.0,6.0,1.0,0.0,0.0,0.0,0.0,,0,,,,,,0,,,1,0,0,0,0.0,9,8,,,0,0.0,0.0,8,9,2.0,1.0,,,1.0,,,2,1,0.0,,,,,,,,,,,,,,,,,,,,,,,,,,,,,,0,0,1,1,0,0,0,0,0,0,0,0,0,0,0,0,1,0,0,0,0,0,0,0,0,1,1,1,0,1,0,0,0,0,0,,1,0,0,0,0,0,0,0,1,0,0,0,0,0,0,0,,,,,,81+,76+,City street,U,Sunday,Unknown,PV,White,1,0,0,0,City Street,Municipal/City Police,Tacoma Police Department,0,0,0,1,0,,,,,,0.0,0.0,0.0,,,,,,,,,,,98.0,98.0,98.0,1.0,,,,,20.0,7.0,,,,,,,,,,,,,,,,98408,Tacoma,Tacoma
2309,2357,2357,2019,515,E902970,290.0,2019-03-17,8:24,17,3,,53,Pierce,2230,1,0.0,1,1,2,1,0,3,3,,,,12,0,6,0.0,2,0,2,4,2,4,6,0,0,20,3,TACOMA AVE,S 36TH ST,-122.4391194,47.226327778,0,1,88,17,2,35,2,0,0,1,7,12,1,2,2,1,1,2,2,53,0,37,32,1990,0,0.0,12,14.0,,,,,1,1,36,2,7.0,,4,0,99,7,11,5,03/22/2019,6:07,223053015907.0,15907.0,0.0,0.0,0.0,2.0,1,39,0.0,0.0,0.0,96,,,,,,99,,,,,,98444,53,63.0,170.0,1.0,1.0,0.0,2.0,1.0,0.0,,37,75.0,,,,,0,09/15/2016,03/15/2019,20,0,0,0,0.0,9,8,,,0,0.0,0.0,8,9,2.0,401.0,417.0,,1.0,1.0,,2,1,0.0,,,,,,,,,,,,,,,,,,,,,,,,,,,,,,0,0,0,1,0,0,1,1,0,0,0,0,0,1,0,0,0,0,0,0,0,0,0,0,0,0,0,0,0,1,0,0,0,0,0,,1,0,0,0,0,0,1,1,0,0,0,1,0,0,1,0,,,,,,36-40,36-45,City street,U,Sunday,Unknown,PV,Multiracial,1,0,0,0,City Street,Municipal/City Police,Tacoma Police Department,0,0,0,1,0,,,,,,0.0,0.0,3.0,,,,,,,,,,,0.0,0.0,0.0,207.0,206.0,,,,20.0,7.0,,,,,,,,,,,,,,,,98418,Tacoma,Tacoma
2310,2358,2358,2019,515,E902970,290.0,2019-03-17,8:24,17,3,,53,Pierce,2230,1,0.0,1,1,2,1,0,3,3,,,,12,0,6,0.0,2,0,2,4,2,4,6,0,0,0,0,TACOMA AVE,S 36TH ST,-122.4391194,47.226327778,0,2,89,66,4,35,34,0,0,1,7,12,1,1,2,1,1,1,1,53,0,12,481,2006,0,0.0,12,63.0,38.0,,,,1,1,60,1,0.0,,1,0,3,0,11,5,,,,,0.0,0.0,0.0,3.0,1,0,0.0,0.0,0.0,96,,,,,,0,,,,,,98404,53,65.0,190.0,6.0,1.0,0.0,0.0,1.0,0.0,,0,,,,,,0,03/15/2019,03/15/2019,20,0,0,0,8.0,9,8,,,0,0.0,0.0,8,0,8.0,95.0,,,96.0,,,8,95,995.0,,,,,,,,,,,,,,,,,,,,,,,,,,,,,,0,0,0,1,0,0,1,1,0,0,0,0,0,1,0,0,0,0,0,0,0,0,0,0,0,0,0,0,0,1,0,0,0,0,0,,0,0,0,0,0,0,0,0,0,0,0,0,0,0,0,0,,,,,,56-60,56-65,City street,U,Sunday,Belt Used,PV,Not Fatal,1,0,0,0,City Street,Municipal/City Police,Tacoma Police Department,0,0,0,1,0,,,,,,0.0,0.0,0.0,,,,,,,,,,,98.0,98.0,98.0,0.0,,,,,20.0,7.0,,,,,,,,,,,,,,,,98418,Tacoma,Tacoma
2311,2359,2359,2019,516,3752636,263.0,2019-04-20,19:06,20,4,,33,King,1960,1,0.0,1,1,2,1,0,2,2,,,,12,0,6,0.0,2,0,3,3,2,4,6,0,0,20,3,35TH AVE,SW HUDSON ST,-122.3762806,47.557402778,0,1,82,15,2,30,14,0,0,1,7,12,1,1,2,1,11,1,1,53,0,48,401,2009,0,0.0,12,,,,,,1,1,98,1,7.0,,4,0,99,7,11,5,04/25/2019,21:35,196053019088.0,19088.0,0.0,0.0,3.0,3.0,1,38,0.0,0.0,0.0,96,,,,,,99,,,,,,98136,53,68.0,140.0,6.0,1.0,0.0,1.0,1.0,0.0,,0,,,,,,0,07/15/2018,07/15/2018,1,0,0,1,0.0,9,8,,,0,0.0,0.0,8,9,2.0,1.0,,,1.0,,,2,1,0.0,,,,,,,,,,,,,,,,,,,,,,,,,,,,,,0,0,0,1,0,0,0,0,0,0,0,0,0,0,0,0,0,0,1,0,0,0,0,0,0,1,1,1,0,1,0,0,0,0,0,,1,0,0,0,0,0,0,0,0,0,1,0,0,0,0,0,,,,,,81+,76+,City street,U,Saturday,Unknown,PV,White,1,0,0,0,City Street,Municipal/City Police,Seattle Police Department,0,0,0,1,0,,,,,,0.0,0.0,0.0,,,,,,,,,,,98.0,98.0,98.0,1.0,,,,,20.0,7.0,,,,,,,,,,,,,,,,98126,Seattle,Seattle
2312,2360,2360,2019,516,3752636,263.0,2019-04-20,19:06,20,4,,33,King,1960,1,0.0,1,1,2,1,0,2,2,,,,12,0,6,0.0,2,0,3,3,2,4,6,0,0,0,0,35TH AVE,SW HUDSON ST,-122.3762806,47.557402778,0,2,83,67,4,30,15,0,0,1,7,12,1,1,4,1,1,1,1,53,0,2,422,2018,0,0.0,12,,,,,,1,1,45,1,0.0,,2,0,99,7,11,0,,,,,0.0,0.0,0.0,3.0,1,0,0.0,0.0,0.0,96,,,,,,0,,,,,,98136,53,69.0,165.0,6.0,1.0,0.0,0.0,1.0,0.0,,0,,,,,,0,04/15/2018,04/15/2018,1,0,0,0,8.0,9,2,,,0,0.0,0.0,0,0,8.0,95.0,,,96.0,,,8,95,995.0,,,,,,,,,,,,,,,,,,,,,,,,,,,,,,0,0,0,1,0,0,0,0,0,0,0,0,0,0,0,0,0,0,1,0,0,0,0,0,0,1,1,1,0,1,0,0,0,0,0,,0,0,0,0,0,0,0,0,0,0,0,0,0,0,0,0,,,,,,41-45,36-45,City street,U,Saturday,Unknown,PV,Not Fatal,1,0,0,0,City Street,Municipal/City Police,Seattle Police Department,0,0,0,1,0,,,,,,0.0,0.0,0.0,,,,,,,,,,,98.0,98.0,98.0,0.0,,,,,20.0,7.0,,,,,,,,,,,,,,,,98126,Seattle,Seattle
2313,2361,2361,2019,517,E927292,278.0,2019-06-05,18:15,5,6,,63,Spokane,2110,1,0.0,1,1,2,1,1,1,1,,,,33,0,0,0.0,1,0,1,3,2,4,6,0,0,0,0,E SPRAGUE AVE,,-117.3580056,47.657247222,0,1,6,8,1,35,4,0,0,1,7,30,1,1,2,2,1,1,1,53,0,22,2,1992,0,0.0,64,33.0,69.0,63.0,9.0,59.0,1,1,76,1,7.0,,4,0,20,7,11,8,06/11/2019,14:44,211053027754.0,27754.0,0.0,0.0,0.0,3.0,1,0,0.0,0.0,0.0,0,,,,,,1,,,,,,99223,53,70.0,160.0,6.0,1.0,0.0,0.0,1.0,0.0,,0,,,,,,0,06/15/2019,06/15/2019,20,2,9,0,0.0,9,8,,,0,0.0,0.0,8,0,2.0,1.0,,,1.0,,,2,1,0.0,,,,,,,,,,,,,,,,,,,,,,,,,,,,,,0,0,1,0,0,0,0,0,0,0,0,0,0,0,0,0,0,0,0,1,0,0,0,0,0,1,1,1,0,1,0,0,1,1,0,,1,0,0,0,0,0,0,0,0,0,0,0,0,0,0,0,,,,,,76-80,76+,City street,U,Wednesday,Not Used,PV,White,0,0,0,0,City Street,Municipal/City Police,Spokane Police Department,0,0,0,1,0,,,,,,0.0,0.0,0.0,,,,,,,,,,,0.0,0.0,0.0,1.0,,,,,20.0,7.0,,,,,,,,,,,,,,,,99202,Spokane,Spokane
2314,2362,2362,2019,518,E920826,25.0,2019-05-09,14:44,9,5,,33,King,0,1,0.0,1,1,2,1,0,1,1,,,,34,0,0,9999.9,1,0,1,5,1,2,4,0,0,0,0,CR-CUMBERLAND KANASKET,,-121.8919694,47.315272222,0,1,1,13,2,98,14,0,0,1,7,34,3,1,2,1,14,1,1,53,0,37,402,2013,0,0.0,63,34.0,1.0,42.0,,,1,1,91,1,7.0,,4,0,3,0,11,8,05/20/2019,22:49,196053023266.0,23266.0,0.0,0.0,3.0,2.0,1,0,0.0,0.0,0.0,96,,,,,,0,,,,,,98051,53,70.0,167.0,4.0,1.0,0.0,0.0,3.0,0.0,,0,,,,,,0,11/15/2016,05/15/2019,8,0,0,0,0.0,9,8,,,0,0.0,0.0,8,0,8.0,95.0,,,96.0,,,8,95,995.0,,,,,,,,,,,,,,,,,,,,,,,,,,,,,,0,0,1,0,0,0,0,0,0,0,0,0,0,1,0,0,0,0,0,0,0,0,0,0,0,1,1,1,0,1,0,0,0,0,0,,1,0,0,0,0,0,0,0,0,0,0,1,0,0,0,0,,,,,,81+,76+,County road,R,Thursday,Belt Used,PV,White,0,1,0,0,County Road,County Sheriff,King County Police,1,0,1,0,0,,,,,,0.0,0.0,1.0,,,,,,,,,,,98.0,98.0,98.0,1.0,,,,,20.0,7.0,,,,,,,,,,,,,,,,98051,Ravensdale,Ravensdale
2315,2363,2363,2019,519,E935293,171.0,2019-06-21,22:23,21,6,,33,King,1107,1,0.0,2,1,2,1,1,1,1,,,,8,0,0,4.9,1,0,1,3,2,1,3,0,0,0,0,SR-522,,-122.2872611,47.742433333,0,1,13,80,5,40,5,0,0,1,7,8,1,2,6,5,1,1,1,53,0,37,37,2010,0,0.0,8,,,,,,1,1,45,2,0.0,,0,0,3,0,11,0,,,,,0.0,0.0,0.0,3.0,1,10,0.0,0.0,0.0,96,,,,,,0,,,,,,98103,53,61.0,120.0,6.0,1.0,0.0,0.0,1.0,0.0,,0,,,,,,0,06/15/2019,06/15/2019,20,0,0,0,8.0,9,8,,,0,0.0,0.0,8,0,8.0,95.0,,,96.0,,,8,95,995.0,,,,,,,,,,,,,,,,,,,,,,,,,,,,,,0,0,0,0,0,0,0,0,0,1,0,1,0,0,0,0,0,0,0,0,0,0,0,0,0,0,0,0,0,1,0,1,0,0,0,,0,0,0,0,0,0,0,0,0,0,0,0,0,0,0,0,,,,,,41-45,36-45,State route,U,Friday,Belt Used,PV,Not Fatal,0,0,0,0,State Route,Municipal/City Police,Lake Forest Park Police Department,0,1,0,0,0,,,,,,0.0,0.0,0.0,,,,,,,,,,,98.0,98.0,98.0,0.0,,,,,20.0,7.0,,,,,,,,,,,,,,,,98155,Seattle,Seattle