,index,Unnamed: 0,year,case,par,repjur,crash_dt,crash_tm,accday,accmon,holiday,county,co_char,city,weather,weather2,lightcond,surfcond,surftype,numfatal,nmforms,pforms,vforms,not_tm,arr_tm,hosp_tm,fhevent,hitrun,manncol,milepnt,reljunc,reljuncinter,intersectiontype,funcsystem,landuse,ownership,route,schlbus,spejur,contdev,devfunc,trafid1,trafid2,lon,lat,wk_zone,vnumber,crashtype,criticalevent,criticaleventcat,spdlim,body,trailer,emerg,hazcargo,leave,mhevent,roadalgn,roadprof,traflane,trafflow,vehmanvr,numoccs,regowner,regstate,spuse,make,model,modelyr,vrf1,vrf2,seqevent1,seqevent2,seqevent3,seqevent4,seqevent5,seqevent6,pnumber,ptype,age,sex,hispanic,race,injury,diedscene,restraint,restraintmisuse,seatpos,takehosp,death_dt,death_tm,cert,cernum_wa,commlic,licendor,licrestrict,liccomp,drivpres,drf1,drf2,drf3,drf4,distract1,distract2,distract3,distract4,distract5,distract6,dricond1,dricond2,dricond3,dricond4,dricond5,dricond6,dzip,licstate,drhgt_in,weight,noncdl,noncdltype,prevdwi,prevoth,prevacc,prevspd,prevsus,driviol1,driviol2,driviol3,driviol4,driviol5,driviol6,spdrel,first_dt,last_dt,airbag,ejection,ejectpath,extricat,injurwrk,methalc,methdrug,nmlocat,strikveh,prf1,prf2,prf3,druginv,alcinvol,drugsts,drugres1,drugres2,drugres3,drugtst1,drugtst2,drugtst3,alcsts,alctst,alcres,nmact1,nmact2,nmact3,nmact4,nmact5,nmact6,nmprior1,nmprior2,nmprior3,nmprior4,nmprior5,nmprior6,nmcond1,nmcond2,nmcond3,nmcond4,nmcond5,nmcond6,nmsafe_helmet,nmsafe_pads,nmsafe_oth,nmprev_ref,nmprev_lgt,nmprev_oth,crashlocation,nmcrashtype,crosswalk,schoolzone,sidewalk,train_inv,wildlife_inv,rotr_fars,intersect_fars,dd_inv,aid_inv,dpd_inv,id_inv,mj_inv,impnm_inv,ainm_inv,dpnm_inv,speed_inv,unlic_inv,unendmc_inv,drowsy_inv,drdist_inv,nmdist_inv,fty_inv,unrestfat_inv,dr1617_inv,dr1820_inv,dr1620_inv,dr2125_inv,dr1625_inv,dr65_inv,dr70_inv,dr75_inv,mc_inv,pv_inv,ht_inv,ped_inv,bike_inv,unrest_fat,mc_fat,unhelmet_mc,pv_fat,ht_fat,ped_fat,bike_fat,dr_alc7,dr_alc8,dr_drug,dr_imp,dr_dist,dr_spd,dr_fty,dr_unlic,dr_alc7only,dr_alc8only,dr_drugonly,dr_drink,nm_imp,nm_alc7,nm_alc8,nm_drug,nm_dist,agegrp1,agegrp2,roadclass,urbrur,dayweek,restuse,vehtype,race_me,intersect,lanedep,oppdir,wrongway,rep_typ,investag,repag_long,rotr,st_rd,cty_rd,city_rd,oth_rd,drug_thc,thc_res,drug_cthc,cthc_res,drug_cann,prevpersemin,prevperse,prevsusoth,drugtst4,drugtst5,drugtst6,drugtst7,drugtst8,drugres4,drugres5,drugres6,drugres7,drugres8,adspresent,adsengaged,adslevel,race1,race2,race3,race4,race5,helmet,helmetmisuse,nmdistract1,nmdistract2,nmdistract3,nmdistract4,nmdistract5,nmdistract6,lab,isedtcase,crf1,crf2,crf3,CoRoadName,CoMP,IntCoRoadName,IntCoMP,crashzip,dcity,crashcity
2316,2364,2364,2019,520,3805935,263.0,2019-06-25,20:26,25,6,,33,King,1960,1,0.0,1,1,2,1,0,2,2,,,,12,0,6,0.0,2,0,2,4,2,4,6,0,0,3,3,M L KING JR WAY S,S MCCLELLAN ST,-122.2962139,47.578336111,0,1,68,15,2,98,14,0,0,1,7,12,1,1,2,1,11,1,2,53,0,41,403,2013,0,0.0,12,,,,,,1,1,47,2,0.0,,0,0,98,7,11,0,,,,,0.0,0.0,0.0,3.0,1,0,0.0,0.0,0.0,96,,,,,,0,,,,,,98118,53,67.0,165.0,6.0,1.0,0.0,0.0,2.0,0.0,,97,,,,,,0,04/15/2016,06/15/2019,98,7,0,0,8.0,9,8,,,0,0.0,0.0,8,1,8.0,95.0,,,96.0,,,8,95,995.0,,,,,,,,,,,,,,,,,,,,,,,,,,,,,,0,0,0,1,1,0,0,0,0,0,0,0,0,0,0,0,0,0,0,0,0,0,0,0,0,0,0,0,1,1,0,0,0,0,0,,0,0,0,0,0,0,0,0,0,0,0,0,0,0,0,1,,,,,,46-50,46-55,City street,U,Tuesday,Unknown,PV,Not Fatal,1,0,0,0,City Street,Municipal/City Police,Seattle Police Department,0,0,0,1,0,,,,,,0.0,0.0,0.0,,,,,,,,,,,98.0,98.0,98.0,0.0,,,,,20.0,7.0,,,,,,,,,,,,,,,,98144,Seattle,Seattle
2317,2365,2365,2019,520,3805935,263.0,2019-06-25,20:26,25,6,,33,King,1960,1,0.0,1,1,2,1,0,2,2,,,,12,0,6,0.0,2,0,2,4,2,4,6,0,0,3,3,M L KING JR WAY S,S MCCLELLAN ST,-122.2962139,47.578336111,0,2,69,62,4,98,84,0,0,1,7,12,1,1,2,1,1,1,1,53,0,37,702,1981,0,0.0,12,,,,,,1,1,36,1,7.0,,4,0,20,7,11,8,06/27/2019,21:17,196053029232.0,29232.0,0.0,0.0,3.0,3.0,1,0,0.0,0.0,0.0,0,,,,,,99,,,,,,98105,53,70.0,170.0,6.0,1.0,0.0,0.0,0.0,0.0,,0,,,,,,0,,,20,8,0,0,0.0,9,8,,,0,0.0,0.0,8,9,2.0,1.0,,,1.0,,,2,1,0.0,,,,,,,,,,,,,,,,,,,,,,,,,,,,,,0,0,0,1,1,0,0,0,0,0,0,0,0,0,0,0,0,0,0,0,0,0,0,0,0,0,0,0,1,1,0,0,0,0,1,0.0,0,0,0,0,0,0,0,0,0,0,0,0,0,0,0,0,,,,,,36-40,36-45,City street,U,Tuesday,,OTHMC,White,1,0,0,0,City Street,Municipal/City Police,Seattle Police Department,0,0,0,1,0,,,,,,0.0,0.0,0.0,,,,,,,,,,,0.0,0.0,0.0,1.0,,,,,19.0,0.0,,,,,,,,,,,,,,,,98144,Seattle,Seattle
2318,2366,2366,2019,521,E964563,22.0,2019-09-21,18:14,21,9,,27,Grays Harbor,0,1,0.0,1,1,7,1,0,1,1,,,,30,0,0,9999.9,1,0,1,5,1,2,4,0,0,0,0,CR-MIDDLE SATSOP RD,,-123.5170417,47.049852778,0,1,1,13,2,40,34,0,0,1,5,30,1,1,2,1,1,1,1,53,0,20,481,1997,0,0.0,63,30.0,42.0,,,,1,1,74,1,7.0,,4,0,20,7,11,8,10/06/2019,4:27,196053044551.0,44551.0,0.0,0.0,3.0,3.0,1,0,0.0,0.0,0.0,96,,,,,,0,,,,,,98563,53,65.0,180.0,6.0,1.0,0.0,0.0,1.0,0.0,,0,,,,,,0,06/15/2019,06/15/2019,8,0,0,0,0.0,9,8,,,0,0.0,0.0,8,0,2.0,996.0,,,1.0,,,2,1,0.19,,,,,,,,,,,,,,,,,,,,,,,,,,,,,,0,0,1,0,1,1,1,1,0,0,0,0,0,0,0,0,0,0,0,1,0,0,0,0,0,1,1,0,0,1,0,0,0,1,0,,1,0,0,0,0,1,1,1,0,0,0,0,0,0,0,1,,,,,,71-75,66-75,County road,R,Saturday,Not Used,PV,Multiracial,0,1,0,0,County Road,County Sheriff,Grays Harbor County Sheriff's Offic,1,0,1,0,0,,,,,,0.0,0.0,0.0,,,,,,,,,,,0.0,0.0,0.0,201.0,203.0,,,,20.0,7.0,,,,,,,,,,,,,,,,98563,Montesano,Montesano
2319,2367,2367,2019,523,E986677,180.0,2019-11-22,20:32,22,11,,15,Cowlitz,1190,1,0.0,3,1,2,1,1,1,1,,,,8,0,0,0.0,1,0,1,3,2,4,6,0,0,0,0,OCEAN BEACH HIGHWAY,,-122.9583556,46.147280556,0,1,13,80,5,35,2,0,0,1,5,8,1,1,5,5,1,1,1,53,0,20,36,2002,0,0.0,8,,,,,,1,1,69,2,0.0,,0,0,3,0,11,0,,,,,0.0,0.0,3.0,3.0,1,0,0.0,0.0,0.0,96,,,,,,0,,,,,,98632,53,69.0,180.0,6.0,1.0,0.0,0.0,0.0,0.0,,0,,,,,,0,,,20,0,0,0,8.0,9,8,,,0,0.0,0.0,0,0,8.0,95.0,,,96.0,,,8,95,995.0,,,,,,,,,,,,,,,,,,,,,,,,,,,,,,0,0,0,0,0,0,0,0,0,1,1,0,0,0,0,0,0,1,0,0,0,0,0,0,0,1,0,0,0,1,0,1,0,0,0,,0,0,0,0,0,0,0,0,0,0,0,0,0,0,0,0,,,,,,66-70,66-75,City street,U,Friday,Belt Used,PV,Not Fatal,0,0,0,0,State Route,Municipal/City Police,Longview Police Department,0,1,0,0,0,,,,,,0.0,0.0,0.0,,,,,,,,,,,98.0,98.0,98.0,0.0,,,,,20.0,7.0,,,,,,,,,,,,,,,,98632,Longview,Longview
2320,2368,2368,2019,524,3810169,7.0,2019-12-25,11:52,25,12,,33,King,1960,1,0.0,1,1,2,1,0,3,1,,,,42,0,0,0.0,1,0,1,3,2,4,6,0,0,0,0,15 AVE NW,,-122.3767694,47.676305556,0,1,6,12,2,35,6,0,0,1,7,42,1,1,5,5,1,3,1,16,0,48,34,2000,0,0.0,68,64.0,42.0,,,,1,1,71,1,0.0,,0,0,99,7,11,0,,,,,0.0,0.0,0.0,3.0,1,0,0.0,0.0,0.0,0,,,,,,2,,,,,,98271,53,68.0,185.0,6.0,1.0,0.0,0.0,0.0,1.0,,0,,,,,,0,10/15/2019,10/15/2019,99,0,0,0,8.0,9,8,,,0,0.0,0.0,8,0,8.0,95.0,,,96.0,,,8,95,995.0,,,,,,,,,,,,,,,,,,,,,,,,,,,,,,0,0,1,0,0,0,0,0,0,0,0,0,0,0,0,1,0,0,0,0,0,0,0,0,0,1,1,0,0,1,0,0,0,0,0,,0,0,0,0,0,0,0,0,0,0,0,0,0,0,0,0,,,,,,71-75,66-75,City street,U,Wednesday,Unknown,PV,Not Fatal,0,1,0,0,City Street,Municipal/City Police,Seattle Police Department,1,0,0,1,0,,,,,,0.0,0.0,0.0,,,,,,,,,,,98.0,98.0,98.0,0.0,,,,,20.0,7.0,,,,,,,,,,,,,,,,98117,Marysville,Seattle
2321,2369,2369,2019,525,E947747,339.0,2019-08-06,11:45,6,8,,63,Spokane,2113,1,0.0,1,1,2,1,0,1,1,,,,1,0,0,0.0,1,0,1,4,2,4,6,0,0,0,0,N BOWDISH RD,,-117.2505806,47.660497222,0,1,98,8,1,35,80,0,0,1,5,1,1,1,2,1,1,1,1,53,0,72,706,2008,0,0.0,1,,,,,,1,1,48,1,1.0,,4,0,20,7,11,8,08/11/2019,16:45,211353035722.0,35722.0,0.0,0.0,0.0,3.0,1,26,0.0,0.0,0.0,93,,,,,,0,,,,,,99206,53,70.0,160.0,6.0,1.0,0.0,0.0,0.0,1.0,,58,,,,,,0,06/15/2016,06/15/2016,20,8,0,0,0.0,9,8,,,0,0.0,0.0,8,0,8.0,95.0,,,96.0,,,8,95,995.0,,,,,,,,,,,,,,,,,,,,,,,,,,,,,,0,0,0,0,0,0,0,0,0,0,0,0,0,0,0,0,1,0,0,0,0,0,0,0,0,0,0,0,1,0,0,0,0,0,1,0.0,0,0,0,0,0,0,0,0,1,0,0,0,0,0,0,0,,,,,,46-50,46-55,City street,U,Tuesday,,MC,Hispanic,1,0,0,0,City Street,Municipal/City Police,Spokane Valley Police Department,0,0,0,1,0,,,,,,0.0,0.0,0.0,,,,,,,,,,,0.0,0.0,0.0,1.0,,,,,19.0,0.0,,,,,,,,,,,,,,,,99206,Spokane,Spokane
2322,2371,2371,2019,527,E977114,42.0,2019-10-30,6:28,30,10,,67,Thurston,0,1,0.0,3,1,2,1,0,3,2,,,,12,0,6,9999.9,2,0,3,5,1,2,4,1,0,20,3,CR-LITTLEROCK RD SW,110TH AVE SW,-122.9922444,46.927336111,0,1,82,15,2,50,14,0,0,1,2,12,1,1,2,1,11,2,2,53,0,37,403,2003,0,0.0,12,,,,,,1,1,59,2,0.0,,3,0,3,0,11,8,,,,,0.0,0.0,0.0,3.0,1,38,0.0,0.0,0.0,96,,,,,,0,,,,,,98512,53,61.0,180.0,6.0,1.0,0.0,0.0,0.0,0.0,,46,,,,,,0,,,20,0,0,0,8.0,9,8,,,0,0.0,0.0,8,0,8.0,95.0,,,96.0,,,8,95,995.0,,,,,,,,,,,,,,,,,,,,,,,,,,,,,,0,0,0,1,0,0,0,0,0,0,0,0,0,0,0,0,0,0,1,0,0,0,0,0,0,0,0,0,0,1,0,0,0,0,0,,0,0,0,0,0,0,0,0,0,0,1,0,0,0,0,0,,,,,,56-60,56-65,County road,R,Wednesday,Belt Used,PV,Not Fatal,1,0,0,0,County Road,County Sheriff,Thurston County Sheriff's Office,0,0,1,0,0,,,,,,0.0,0.0,0.0,,,,,,,,,,,98.0,98.0,98.0,0.0,,,,,20.0,7.0,,,,,,,,,,,,,,,,98512,Olympia,Olympia
2323,2372,2372,2019,527,E977114,42.0,2019-10-30,6:28,30,10,,67,Thurston,0,1,0.0,3,1,2,1,0,3,2,,,,12,0,6,9999.9,2,0,3,5,1,2,4,1,0,0,0,CR-LITTLEROCK RD SW,110TH AVE SW,-122.9922444,46.927336111,0,2,83,67,4,50,50,0,0,1,5,12,1,1,2,1,1,1,3,53,2,84,981,2017,0,0.0,12,,,,,,1,1,62,2,0.0,,0,0,3,0,11,0,,,,,6.0,1.0,0.0,3.0,1,0,0.0,0.0,0.0,96,,,,,,0,,,,,,98579,53,66.0,200.0,6.0,1.0,0.0,0.0,0.0,0.0,,0,,,,,,0,,,20,0,0,0,8.0,9,8,,,0,0.0,0.0,8,0,8.0,95.0,,,96.0,,,8,95,995.0,,,,,,,,,,,,,,,,,,,,,,,,,,,,,,0,0,0,1,0,0,0,0,0,0,0,0,0,0,0,0,0,0,1,0,0,0,0,0,0,0,0,0,0,1,0,0,0,0,0,,0,0,0,0,0,0,0,0,0,0,0,0,0,0,0,0,,,,,,61-65,56-65,County road,R,Wednesday,,BUS,Not Fatal,1,0,0,0,County Road,County Sheriff,Thurston County Sheriff's Office,0,0,1,0,0,,,,,,0.0,0.0,0.0,,,,,,,,,,,98.0,98.0,98.0,0.0,,,,,20.0,7.0,,,,,,,,,,,,,,,,98512,Rochester,Olympia
2324,2373,2373,2019,528,E995792,238.0,2019-12-14,8:35,14,12,,35,Kitsap,1730,10,0.0,1,2,2,1,0,2,1,,,,1,0,0,0.0,1,0,1,4,2,4,6,0,0,0,0,FJORD DR NE,,-122.6361556,47.723013889,0,1,7,6,1,25,4,0,0,1,7,3,2,2,2,1,14,2,1,53,0,41,49,2004,0,0.0,68,64.0,67.0,1.0,3.0,,1,1,19,1,7.0,,4,0,99,7,11,5,12/15/2019,17:54,223053055398.0,55398.0,0.0,0.0,0.0,3.0,1,58,0.0,0.0,0.0,96,,,,,,99,,,,,,98346,53,73.0,185.0,6.0,2.0,0.0,0.0,0.0,1.0,,0,,,,,,3,08/15/2019,08/15/2019,20,0,0,0,0.0,9,8,,,0,0.0,0.0,8,9,2.0,348.0,605.0,,1.0,1.0,,2,1,0.0,,,,,,,,,,,,,,,,,,,,,,,,,,,,,,0,0,0,0,0,0,1,1,1,0,0,0,1,0,0,0,0,0,0,0,0,1,1,0,1,0,0,0,0,1,0,0,0,0,0,,1,0,0,0,0,0,1,1,0,1,0,0,0,0,1,0,,,,,,18-20,16-25,City street,U,Saturday,Unknown,PV,White,0,1,0,0,County Road,Municipal/City Police,Poulsbo Police Department,1,0,1,0,0,,,,,,0.0,0.0,0.0,,,,,,,,,,,98.0,98.0,98.0,1.0,,,,,20.0,7.0,,,,,,,,,,,,,,,,98370,Kingston,Poulsbo
2325,2374,2374,2019,529,E989720,160.0,2019-12-04,1:07,4,12,,33,King,1030,1,0.0,2,1,2,1,1,1,1,,,,8,0,0,0.0,1,0,1,3,2,4,6,0,0,0,0,S 272ND ST,,-122.3078028,47.357938889,0,1,13,80,5,98,4,0,0,1,5,8,1,4,4,1,1,1,2,53,0,35,47,2009,0,0.0,8,,,,,,1,1,19,1,0.0,,0,0,99,7,11,0,,,,,0.0,0.0,0.0,0.0,1,0,0.0,0.0,0.0,96,,,,,,0,,,,,,98003,53,66.0,120.0,0.0,0.0,0.0,0.0,0.0,0.0,,72,,,,,,0,,,99,0,0,0,8.0,9,8,,,0,0.0,0.0,8,0,8.0,95.0,,,96.0,,,8,95,995.0,,,,,,,,,,,,,,,,,,,,,,,,,,,,,,0,0,0,0,0,0,0,0,0,0,0,0,0,1,0,0,0,0,0,0,0,1,1,0,1,0,0,0,0,1,0,1,0,0,0,,0,0,0,0,0,0,0,0,0,0,0,1,0,0,0,0,,,,,,18-20,16-25,City street,U,Wednesday,Unknown,PV,Not Fatal,0,0,0,0,City Street,Municipal/City Police,Kent Police Department,0,0,0,1,0,,,,,,0.0,0.0,0.0,,,,,,,,,,,98.0,98.0,98.0,0.0,,,,,20.0,7.0,,,,,,,,,,,,,,,,98032,Federal Way,Kent
2326,2376,2376,2020,3,EA01295,3.0,2020-01-06,17:51,6,1,,53,Pierce,0,2,,3,2,2,1,1,1,1,,,,8,0,0,46.9,2,0,2,3,2,1,3,0,0,0,0,SR-7,B ST,-122.4284833,47.078769444,0,1,13,80,5,40,14,0,0,1,7,8,1,1,5,5,1,1,1,53,0,12,401,2010,0,,8,,,,,,1,1,81,1,0.0,,0,0,3,0,11,0,,,,,0.0,0.0,3.0,3.0,1,0,,,,96,,,,,,0,,,,,,98328,53,63.0,196.0,6.0,1.0,0.0,0.0,0.0,0.0,,0,,,,,,0,,,20,0,0,0,8.0,9,8,,,0,,,8,8,2.0,1.0,,,1.0,,,2,1,0.0,,,,,,,,,,,,,,,,,,,,,,,,,,,,,,0,0,0,1,0,0,0,0,0,1,0,1,0,0,0,0,0,0,0,0,0,0,0,0,0,1,1,1,0,1,0,1,0,0,0,,0,0,0,0,0,0,0,0,0,0,0,0,0,0,0,0,,,,,,81+,76+,State route,U,Monday,Belt Used,PV,Not Fatal,1,0,0,0,State Route,State Patrol,Washington State Patrol,0,1,0,0,0,,,,,,0.0,0.0,0.0,,,,,,,,,,,98.0,98.0,98.0,0.0,,,,,20.0,7.0,,,,,,,,1.0,0.0,,,,,,,98387,Eatonville,Spanaway
2327,2377,2377,2020,4,EA01383,2.0,2020-01-03,2:40,3,1,,57,Skagit,0,10,,2,2,2,1,0,3,2,2:40,2:55,,12,0,6,41.9,1,0,1,3,1,1,3,0,0,0,0,SR-20,,-122.6488639,48.411327778,0,1,66,8,1,30,4,0,0,1,7,12,1,2,2,1,1,1,1,53,0,20,22,2005,0,,68,68.0,68.0,12.0,,,1,1,19,1,7.0,,4,7,3,0,11,0,01/03/2020,2:40,53000122.0,122.0,0.0,0.0,0.0,3.0,1,8,28.0,,,96,,,,,,98,,,,,,98277,53,67.0,128.0,6.0,2.0,0.0,0.0,1.0,1.0,,0,,,,,,0,09/15/2017,02/15/2019,20,0,0,0,0.0,1,8,,,0,,,1,1,2.0,695.0,605.0,,1.0,1.0,,2,1,0.152,,,,,,,,,,,,,,,,,,,,,,,,,,,,,,0,0,0,0,1,1,1,1,1,0,0,0,0,0,0,0,0,0,0,0,0,1,1,1,1,0,0,0,0,1,0,0,0,0,0,,1,0,0,0,0,1,1,1,0,0,0,0,0,0,0,1,,,,,,18-20,16-25,State route,R,Friday,Belt Used,PV,Multiracial,0,1,1,0,State Route,State Patrol,Washington State Patrol,0,1,0,0,0,thc,11.0,carboxy-thc,100.0,,0.0,0.0,0.0,,,,,,,,,,,98.0,98.0,98.0,201.0,202.0,,,,20.0,7.0,,,,,,,nms,1.0,0.0,,,,,,,98221,Oak Harbor,Anacortes
2328,2378,2378,2020,4,EA01383,2.0,2020-01-03,2:40,3,1,,57,Skagit,0,10,,2,2,2,1,0,3,2,2:40,2:55,,12,0,6,41.9,1,0,1,3,1,1,3,0,0,0,0,SR-20,,-122.6488639,48.411327778,0,2,66,62,4,30,15,0,0,1,7,12,1,2,2,1,1,2,1,26,0,2,422,2017,0,,12,,,,,,1,1,24,1,0.0,,0,0,3,0,11,0,,,,,0.0,0.0,0.0,3.0,1,0,,,,96,,,,,,0,,,,,,49006,26,68.0,160.0,6.0,1.0,0.0,1.0,0.0,1.0,,0,,,,,,0,12/15/2016,10/15/2019,8,0,0,0,8.0,9,8,,,0,,,8,8,0.0,0.0,,,0.0,,,0,0,996.0,,,,,,,,,,,,,,,,,,,,,,,,,,,,,,0,0,0,0,1,1,1,1,1,0,0,0,0,0,0,0,0,0,0,0,0,1,1,1,1,0,0,0,0,1,0,0,0,0,0,,0,0,0,0,0,0,0,0,0,0,0,0,0,0,0,0,,,,,,21-25,16-25,State route,R,Friday,Belt Used,PV,Not Fatal,0,1,1,0,State Route,State Patrol,Washington State Patrol,0,1,0,0,0,,,,,,0.0,0.0,0.0,,,,,,,,,,,98.0,98.0,98.0,0.0,,,,,20.0,7.0,,,,,,,,1.0,0.0,,,,,,,98221,Kalamazoo,Anacortes
2329,2379,2379,2020,5,EA02006,7.0,2020-01-05,14:14,5,1,,33,King,1960,1,,1,2,1,1,0,4,2,14:23,14:34,15:02,12,0,11,0.1,5,1,1,1,2,1,1,0,0,0,0,I-5 RAMP,,-122.3307194,47.710052778,0,1,98,12,2,98,4,0,0,1,2,12,2,1,1,6,14,1,1,53,0,37,31,2014,0,,68,64.0,67.0,12.0,,,1,1,23,1,0.0,,1,0,3,0,11,5,,,,,0.0,0.0,0.0,3.0,1,0,,,,96,,,,,,9,,,,,,98132,53,72.0,155.0,6.0,1.0,0.0,0.0,0.0,1.0,,97,,,,,,4,08/15/2019,08/15/2019,8,0,0,0,8.0,9,8,,,0,,,8,1,2.0,695.0,605.0,,1.0,1.0,,2,1,0.15,,,,,,,,,,,,,,,,,,,,,,,,,,,,,,0,0,0,0,1,1,1,1,1,0,0,0,1,0,0,0,0,0,0,0,0,0,0,1,1,0,0,0,0,1,0,0,0,0,0,,0,0,0,0,0,1,1,1,0,1,0,0,0,0,0,1,,,,,,21-25,16-25,Interstate,U,Sunday,Belt Used,PV,Not Fatal,0,1,1,0,State Route,State Patrol,Washington State Patrol,0,1,0,0,0,thc,4.4,carboxy-thc,49.0,,0.0,0.0,0.0,,,,,,,,,,,98.0,98.0,98.0,0.0,,,,,20.0,7.0,,,,,,,,1.0,0.0,,,,,,,98133,Seattle,Seattle
2330,2380,2380,2020,5,EA02006,7.0,2020-01-05,14:14,5,1,,33,King,1960,1,,1,2,1,1,0,4,2,14:23,14:34,15:02,12,0,11,0.1,5,1,1,1,2,1,1,0,0,0,0,I-5 RAMP,,-122.3307194,47.710052778,0,2,98,98,7,98,5,0,0,1,7,12,2,1,1,6,14,3,1,53,0,29,5,2013,0,,12,,,,,,1,1,51,1,7.0,,4,0,3,0,11,5,01/07/2020,16:16,196053001672.0,1672.0,0.0,0.0,0.0,3.0,1,0,,,,96,,,,,,98,,,,,,98225,53,70.0,190.0,6.0,1.0,0.0,0.0,0.0,0.0,,0,,,,,,0,,,8,0,0,0,0.0,9,8,,,0,,,8,8,2.0,1.0,,,1.0,,,2,1,0.0,,,,,,,,,,,,,,,,,,,,,,,,,,,,,,0,0,0,0,1,1,1,1,1,0,0,0,1,0,0,0,0,0,0,0,0,0,0,1,1,0,0,0,0,1,0,0,0,0,0,,1,0,0,0,0,0,0,0,0,0,0,0,0,0,0,0,,,,,,51-55,46-55,Interstate,U,Sunday,Belt Used,PV,White,0,1,1,0,State Route,State Patrol,Washington State Patrol,0,1,0,0,0,,,,,,0.0,0.0,0.0,,,,,,,,,,,98.0,98.0,98.0,1.0,,,,,20.0,7.0,,,,,,,,1.0,0.0,,,,,,,98133,Bellingham,Seattle
2331,2382,2382,2020,6,EA02860,1.0,2020-01-07,20:31,7,1,,39,Klickitat,0,2,,2,2,2,1,0,2,2,,,,12,0,8,5.4,1,0,1,3,1,1,2,0,0,0,0,US-97,,-120.8147056,45.722080556,0,2,65,62,4,55,14,0,0,1,2,12,2,2,2,1,14,1,2,53,0,35,401,1995,0,,12,,,,,,1,1,27,1,7.0,,4,7,3,0,11,0,01/07/2020,20:31,53000913.0,913.0,0.0,0.0,3.0,3.0,1,0,,,,96,,,,,,0,,,,,,98628,53,66.0,120.0,6.0,1.0,0.0,0.0,0.0,0.0,,0,,,,,,0,,,20,0,0,0,0.0,9,8,,,0,,,8,8,2.0,695.0,605.0,,1.0,1.0,,2,1,0.0,,,,,,,,,,,,,,,,,,,,,,,,,,,,,,0,0,0,0,1,1,1,1,1,0,0,0,0,0,0,0,0,0,0,0,0,0,0,0,0,0,0,0,0,1,0,0,0,0,0,,1,0,0,0,0,0,1,1,0,0,0,0,0,0,1,0,,,,,,26-30,26-35,US highway,R,Tuesday,Belt Used,PV,White,0,1,1,0,State Route,State Patrol,Washington State Patrol,0,1,0,0,0,thc,1.9,carboxy-thc,8.3,,0.0,0.0,0.0,,,,,,,,,,,0.0,0.0,0.0,1.0,,,,,20.0,7.0,,,,,,,nms,1.0,0.0,,,,,,,98620,Klickitat,Goldendale
2332,2383,2383,2020,7,EA03070,349.0,2020-01-12,1:45,12,1,,53,Pierce,0,2,,3,2,2,1,0,1,1,,,,30,0,0,0.0,3,0,6,7,1,80,8,0,2,0,0,COLORADO AVE,GARCIA BLVD,-122.5828861,47.096802778,0,1,2,6,1,35,4,0,0,1,7,30,1,1,2,1,1,1,1,53,0,55,36,2016,0,,63,30.0,,,,,1,1,25,2,7.0,,4,7,20,7,11,0,01/12/2020,1:45,53001668.0,1668.0,0.0,0.0,3.0,3.0,1,8,,,,96,,,,,,98,,,,,,53717,55,66.0,160.0,6.0,1.0,0.0,0.0,0.0,0.0,,0,,,,,,4,,,8,2,9,0,0.0,9,8,,,0,,,8,8,8.0,95.0,,,96.0,,,2,95,997.0,,,,,,,,,,,,,,,,,,,,,,,,,,,,,,0,0,0,1,0,0,0,0,0,0,0,0,1,0,0,0,0,0,0,1,0,0,0,1,1,0,0,0,0,1,0,0,0,1,0,,1,0,0,0,0,0,0,0,0,1,0,0,0,0,0,0,,,,,,21-25,16-25,Other,R,Sunday,Not Used,PV,Black,0,1,0,0,Other,Municipal/City Police,"Hdqtrs, 1st Military Police Brigade",1,0,0,0,1,,,,,,0.0,0.0,0.0,,,,,,,,,,,98.0,98.0,98.0,2.0,,,,,20.0,7.0,,,,,,,,1.0,0.0,,,,,,,98433,Madison,Tacoma
2333,2384,2384,2020,8,EA03444,2.0,2020-01-14,17:15,14,1,,57,Skagit,50,4,,2,10,2,1,0,2,2,17:17,17:29,18:11,12,0,11,9999.8,1,0,1,5,2,4,4,0,0,0,0,CR-HEART LAKE RD,,-122.6343472,48.461569444,0,1,98,6,1,35,34,0,0,1,7,12,3,2,2,1,5,1,2,53,0,20,471,1992,0,,12,,,,,,1,1,75,1,7.0,,4,0,99,7,11,4,01/14/2020,22:08,69053002427.0,2427.0,0.0,0.0,0.0,3.0,1,87,,,,96,,,,,,98,,,,,,98221,53,69.0,212.0,6.0,1.0,0.0,0.0,1.0,0.0,,0,,,,,,4,08/15/2019,08/15/2019,20,0,0,0,0.0,9,8,,,0,,,8,8,2.0,695.0,605.0,151.0,1.0,1.0,1.0,2,1,0.0,,,,,,,,,,,,,,,,,,,,,,,,,,,,,,0,0,0,0,0,0,1,1,1,0,0,0,1,0,0,0,0,0,0,0,0,0,0,0,0,1,1,1,0,1,0,0,0,0,0,,1,0,0,0,0,0,1,1,0,1,0,0,0,0,1,0,,,,,,71-75,66-75,County road,U,Tuesday,Unknown,PV,AIAN,0,0,0,0,City Street,State Patrol,Washington State Patrol,0,0,0,1,0,thc,1.8,carboxy-thc,18.0,,0.0,0.0,0.0,,,,,,,,,,,0.0,0.0,0.0,3.0,,,,,20.0,7.0,,,,,,,nms,1.0,23.0,,,,,,,98221,Anacortes,Anacortes