,index,Unnamed: 0,year,case,par,repjur,crash_dt,crash_tm,accday,accmon,holiday,county,co_char,city,weather,weather2,lightcond,surfcond,surftype,numfatal,nmforms,pforms,vforms,not_tm,arr_tm,hosp_tm,fhevent,hitrun,manncol,milepnt,reljunc,reljuncinter,intersectiontype,funcsystem,landuse,ownership,route,schlbus,spejur,contdev,devfunc,trafid1,trafid2,lon,lat,wk_zone,vnumber,crashtype,criticalevent,criticaleventcat,spdlim,body,trailer,emerg,hazcargo,leave,mhevent,roadalgn,roadprof,traflane,trafflow,vehmanvr,numoccs,regowner,regstate,spuse,make,model,modelyr,vrf1,vrf2,seqevent1,seqevent2,seqevent3,seqevent4,seqevent5,seqevent6,pnumber,ptype,age,sex,hispanic,race,injury,diedscene,restraint,restraintmisuse,seatpos,takehosp,death_dt,death_tm,cert,cernum_wa,commlic,licendor,licrestrict,liccomp,drivpres,drf1,drf2,drf3,drf4,distract1,distract2,distract3,distract4,distract5,distract6,dricond1,dricond2,dricond3,dricond4,dricond5,dricond6,dzip,licstate,drhgt_in,weight,noncdl,noncdltype,prevdwi,prevoth,prevacc,prevspd,prevsus,driviol1,driviol2,driviol3,driviol4,driviol5,driviol6,spdrel,first_dt,last_dt,airbag,ejection,ejectpath,extricat,injurwrk,methalc,methdrug,nmlocat,strikveh,prf1,prf2,prf3,druginv,alcinvol,drugsts,drugres1,drugres2,drugres3,drugtst1,drugtst2,drugtst3,alcsts,alctst,alcres,nmact1,nmact2,nmact3,nmact4,nmact5,nmact6,nmprior1,nmprior2,nmprior3,nmprior4,nmprior5,nmprior6,nmcond1,nmcond2,nmcond3,nmcond4,nmcond5,nmcond6,nmsafe_helmet,nmsafe_pads,nmsafe_oth,nmprev_ref,nmprev_lgt,nmprev_oth,crashlocation,nmcrashtype,crosswalk,schoolzone,sidewalk,train_inv,wildlife_inv,rotr_fars,intersect_fars,dd_inv,aid_inv,dpd_inv,id_inv,mj_inv,impnm_inv,ainm_inv,dpnm_inv,speed_inv,unlic_inv,unendmc_inv,drowsy_inv,drdist_inv,nmdist_inv,fty_inv,unrestfat_inv,dr1617_inv,dr1820_inv,dr1620_inv,dr2125_inv,dr1625_inv,dr65_inv,dr70_inv,dr75_inv,mc_inv,pv_inv,ht_inv,ped_inv,bike_inv,unrest_fat,mc_fat,unhelmet_mc,pv_fat,ht_fat,ped_fat,bike_fat,dr_alc7,dr_alc8,dr_drug,dr_imp,dr_dist,dr_spd,dr_fty,dr_unlic,dr_alc7only,dr_alc8only,dr_drugonly,dr_drink,nm_imp,nm_alc7,nm_alc8,nm_drug,nm_dist,agegrp1,agegrp2,roadclass,urbrur,dayweek,restuse,vehtype,race_me,intersect,lanedep,oppdir,wrongway,rep_typ,investag,repag_long,rotr,st_rd,cty_rd,city_rd,oth_rd,drug_thc,thc_res,drug_cthc,cthc_res,drug_cann,prevpersemin,prevperse,prevsusoth,drugtst4,drugtst5,drugtst6,drugtst7,drugtst8,drugres4,drugres5,drugres6,drugres7,drugres8,adspresent,adsengaged,adslevel,race1,race2,race3,race4,race5,helmet,helmetmisuse,nmdistract1,nmdistract2,nmdistract3,nmdistract4,nmdistract5,nmdistract6,lab,isedtcase,crf1,crf2,crf3,CoRoadName,CoMP,IntCoRoadName,IntCoMP,crashzip,dcity,crashcity
2334,2385,2385,2020,8,EA03444,2.0,2020-01-14,17:15,14,1,,57,Skagit,50,4,,2,3,2,1,0,2,2,17:17,17:29,18:11,12,0,11,9999.8,1,0,1,5,2,4,4,0,0,0,0,CR-HEART LAKE RD,,-122.6343472,48.461569444,0,2,98,50,3,35,34,0,0,1,7,12,3,2,2,1,14,1,1,53,0,7,472,2005,0,,12,,,,,,1,1,53,1,0.0,,0,0,3,0,11,0,,,,,6.0,0.0,3.0,3.0,1,87,,,,96,,,,,,0,,,,,,98221,53,66.0,185.0,6.0,1.0,0.0,0.0,0.0,0.0,,0,,,,,,0,,,20,0,0,0,8.0,9,8,,,0,,,8,8,0.0,0.0,,,0.0,,,0,0,996.0,,,,,,,,,,,,,,,,,,,,,,,,,,,,,,0,0,0,0,0,0,1,1,1,0,0,0,1,0,0,0,0,0,0,0,0,0,0,0,0,1,1,1,0,1,0,0,0,0,0,,0,0,0,0,0,0,0,0,0,0,0,0,0,0,0,0,,,,,,51-55,46-55,County road,U,Tuesday,Belt Used,PV,Not Fatal,0,0,0,0,City Street,State Patrol,Washington State Patrol,0,0,0,1,0,,,,,,0.0,0.0,0.0,,,,,,,,,,,98.0,98.0,98.0,0.0,,,,,20.0,7.0,,,,,,,,1.0,23.0,,,,,,,98221,Anacortes,Anacortes
2335,2386,2386,2020,9,EA03721,8.0,2020-01-05,19:56,5,1,,45,Mason,0,10,,2,2,1,1,1,1,1,,,,8,1,0,339.9,1,0,1,3,1,1,2,0,0,0,0,US-101,,-123.1671528,47.285205556,0,1,13,11,2,55,20,0,0,1,5,8,1,1,2,1,1,1,2,53,0,20,441,2003,0,,63,8.0,,,,,1,1,18,1,0.0,,1,0,99,7,11,8,,,,,0.0,0.0,0.0,0.0,1,0,,,,92,,,,,,98,,,,,,98584,53,65.0,120.0,0.0,0.0,0.0,0.0,0.0,0.0,,97,,,,,,0,,,99,9,0,0,8.0,9,8,,,0,,,8,8,0.0,0.0,,,0.0,,,0,0,996.0,,,,,,,,,,,,,,,,,,,,,,,,,,,,,,0,0,0,0,0,0,0,0,0,1,0,1,0,1,0,0,1,0,0,0,0,1,1,0,1,0,0,0,0,1,0,1,0,0,0,,0,0,0,0,0,0,0,0,1,0,0,1,0,0,0,0,,,,,,18-20,16-25,US highway,R,Sunday,Unknown,PV,Not Fatal,0,0,0,0,State Route,State Patrol,Washington State Patrol,0,1,0,0,0,,,,,,0.0,0.0,0.0,,,,,,,,,,,98.0,98.0,98.0,0.0,,,,,20.0,7.0,,,,,,,,1.0,0.0,,,,,,,98584,Shelton,Shelton
2336,2387,2387,2020,10,EA04228,2.0,2020-01-01,20:10,1,1,,29,Island,0,6,,2,2,2,1,0,1,1,20:04,20:08,,42,0,0,10.0,1,0,1,6,1,2,4,0,0,0,0,CR-S CAMANO DR,,-122.4455111,48.111666667,0,1,2,9,1,50,6,0,0,1,2,42,2,1,2,1,6,1,1,53,0,12,13,1995,0,,68,68.0,63.0,42.0,,,1,1,61,1,7.0,,4,7,20,7,11,0,01/01/2020,20:10,53000701.0,701.0,0.0,0.0,0.0,3.0,1,33,,,,96,,,,,,98,,,,,,98282,53,73.0,190.0,6.0,1.0,0.0,2.0,1.0,0.0,,0,,,,,,0,08/15/2016,08/15/2017,20,0,0,0,0.0,1,8,,,0,,,8,1,2.0,124.0,996.0,,1.0,1.0,,2,1,0.188,,,,,,,,,,,,,,,,,,,,,,,,,,,,,,0,0,0,0,1,1,1,1,0,0,0,0,0,0,0,0,0,0,0,1,0,0,0,0,0,0,0,0,0,1,0,0,0,1,0,,1,0,0,0,0,1,1,1,0,0,0,0,0,0,0,1,,,,,,61-65,56-65,County road,R,Wednesday,Not Used,PV,White,0,1,0,0,County Road,State Patrol,Washington State Patrol,1,0,1,0,0,,,,,,0.0,0.0,0.0,,,,,,,,,,,0.0,0.0,0.0,1.0,,,,,20.0,7.0,,,,,,,,1.0,0.0,,,,,,,98282,Camano Island,Camano Island
2337,2388,2388,2020,11,EA04367,7.0,2020-01-11,4:28,11,1,,33,King,0,2,,3,2,2,1,1,1,1,4:32,4:39,,8,0,0,33.3,1,0,1,3,2,1,3,0,0,0,0,SR-509,,-122.3269361,47.51165,0,1,13,80,5,60,14,0,0,1,5,8,1,2,2,3,1,1,1,53,0,49,403,2013,0,,8,,,,,,1,1,50,2,0.0,,0,0,3,0,11,0,,,,,0.0,0.0,0.0,3.0,1,0,,,,96,,,,,,0,,,,,,98188,53,67.0,135.0,6.0,1.0,0.0,0.0,0.0,0.0,,0,,,,,,0,,,20,0,0,0,8.0,9,8,,,0,,,8,8,8.0,95.0,,,96.0,,,8,95,995.0,,,,,,,,,,,,,,,,,,,,,,,,,,,,,,0,0,0,0,0,0,0,0,0,1,1,1,0,0,0,0,0,0,0,0,0,0,0,0,0,0,0,0,0,1,0,1,0,0,0,,0,0,0,0,0,0,0,0,0,0,0,0,0,0,0,0,,,,,,46-50,46-55,State route,U,Saturday,Belt Used,PV,Not Fatal,0,0,0,0,State Route,State Patrol,Washington State Patrol,0,1,0,0,0,,,,,,0.0,0.0,0.0,,,,,,,,,,,98.0,98.0,98.0,0.0,,,,,20.0,7.0,,,,,,,,1.0,0.0,,,,,,,98168,Seattle,Seattle
2338,2389,2389,2020,12,EA04868,146.0,2020-01-15,6:00,15,1,,77,Yakima,0,1,,9,1,4,1,0,1,1,,,,34,0,0,9999.8,1,0,1,7,1,2,4,0,3,0,0,CR-KAYS RD,,-120.5676583,46.491966667,0,1,98,6,1,50,34,0,0,1,2,30,1,4,8,1,1,1,2,53,0,20,473,2005,0,,34,64.0,38.0,30.0,1.0,,1,1,60,1,1.0,,4,7,99,7,11,0,01/15/2020,6:00,53002324.0,2324.0,0.0,0.0,0.0,3.0,1,0,,,,96,,,,,,9,,,,,,97002,41,66.0,180.0,6.0,1.0,0.0,0.0,0.0,0.0,,0,,,,,,4,,,20,9,0,0,0.0,9,1,,,0,,,1,8,2.0,417.0,407.0,996.0,1.0,1.0,1.0,2,1,0.162,,,,,,,,,,,,,,,,,,,,,,,,,,,,,,0,0,0,0,1,1,1,1,1,0,0,0,1,0,0,0,0,0,0,0,0,0,0,0,0,0,0,0,0,1,0,0,0,0,0,,1,0,0,0,0,1,1,1,0,1,0,0,0,0,0,1,,,,,,56-60,56-65,County road,R,Wednesday,Unknown,PV,Hispanic,0,1,0,0,Other,County Sheriff,Yakima County Sheriff's Office,1,0,0,0,1,thc,7.4,carboxy-thc,7.1,,0.0,0.0,0.0,1.0,1.0,1.0,,,402.0,695.0,605.0,,,98.0,98.0,98.0,98.0,,,,,20.0,7.0,,,,,,,nms,1.0,0.0,,,,,,,98951,Aurora,Wapato
2339,2390,2390,2020,13,EA04977,205.0,2020-01-16,11:39,16,1,,57,Skagit,1410,10,,1,2,2,1,0,4,2,11:39,11:46,11:50,12,0,6,0.0,2,0,2,5,2,4,6,0,0,3,3,N 18TH ST,E Fir St,-122.318925,48.428391667,0,1,68,15,2,25,4,0,0,1,5,12,1,2,3,1,11,3,1,53,0,24,1,1992,0,,12,,,,,,1,1,28,1,0.0,,0,0,3,0,11,0,,,,,0.0,0.0,3.0,3.0,1,38,,,,96,,,,,,98,,,,,,98273,53,71.0,121.0,6.0,1.0,0.0,0.0,1.0,0.0,,97,,,,,,0,04/15/2016,04/15/2016,20,0,0,0,8.0,9,8,,,0,,,8,8,2.0,1.0,,,1.0,,,2,1,0.0,,,,,,,,,,,,,,,,,,,,,,,,,,,,,,0,0,0,1,0,0,0,0,0,0,0,0,0,0,0,0,0,0,1,1,0,0,0,0,0,0,0,0,0,1,1,0,0,0,0,,0,0,0,0,0,0,0,0,0,0,1,0,0,0,0,0,,,,,,26-30,26-35,City street,U,Thursday,Belt Used,PV,Not Fatal,1,0,0,0,City Street,Municipal/City Police,Mount Vernon Police Department,0,0,0,1,0,,,,,,0.0,0.0,0.0,,,,,,,,,,,0.0,0.0,0.0,0.0,,,,,20.0,7.0,,,,,,,,1.0,0.0,,,,,,,98273,Mount Vernon,Mount Vernon
2340,2391,2391,2020,13,EA04977,205.0,2020-01-16,11:39,16,1,,57,Skagit,1410,10,,1,2,2,1,0,4,2,11:39,11:46,11:50,12,0,6,0.0,2,0,2,5,2,4,6,0,0,3,3,N 18TH ST,E Fir St,-122.318925,48.428391667,0,2,69,62,4,25,67,0,0,1,5,12,1,2,3,1,1,1,1,53,0,7,880,2015,0,,12,63.0,30.0,,,,1,1,26,1,0.0,,0,0,3,0,11,0,,,,,0.0,0.0,0.0,3.0,1,0,,,,96,,,,,,98,,,,,,98233,53,71.0,175.0,6.0,1.0,0.0,3.0,0.0,0.0,,0,,,,,,0,09/15/2017,08/15/2018,20,0,0,0,8.0,9,8,,,0,,,8,8,8.0,95.0,,,96.0,,,8,95,995.0,,,,,,,,,,,,,,,,,,,,,,,,,,,,,,0,0,0,1,0,0,0,0,0,0,0,0,0,0,0,0,0,0,1,1,0,0,0,0,0,0,0,0,0,1,1,0,0,0,0,,0,0,0,0,0,0,0,0,0,0,0,0,0,0,0,0,,,,,,26-30,26-35,City street,U,Thursday,,MHTRUCK,Not Fatal,1,0,0,0,City Street,Municipal/City Police,Mount Vernon Police Department,0,0,0,1,0,,,,,,0.0,0.0,0.0,,,,,,,,,,,98.0,98.0,98.0,0.0,,,,,20.0,7.0,,,,,,,,1.0,0.0,,,,,,,98273,Burlington,Mount Vernon
2341,2392,2392,2020,14,EA05178,2.0,2020-01-09,1:35,9,1,,57,Skagit,0,10,,2,4,2,1,0,1,1,1:33,1:46,,53,0,0,8.0,1,0,1,5,1,1,3,0,0,0,0,SR-011,,-122.4220361,48.580894444,0,1,7,11,2,50,2,0,0,1,2,1,1,1,2,1,1,1,1,53,0,20,22,2007,0,,63,69.0,68.0,64.0,53.0,1.0,1,1,25,2,1.0,,4,7,20,7,11,0,01/09/2020,1:35,53001176.0,1176.0,0.0,0.0,3.0,3.0,1,58,,,,96,,,,,,9,,,,,,98292,53,64.0,125.0,6.0,1.0,0.0,1.0,0.0,3.0,,0,,,,,,4,06/15/2016,11/15/2018,1,1,9,0,0.0,9,8,,,0,,,8,1,2.0,695.0,605.0,,1.0,1.0,,2,1,0.145,,,,,,,,,,,,,,,,,,,,,,,,,,,,,,0,0,0,0,1,1,1,1,1,0,0,0,1,0,0,0,0,0,0,1,0,0,0,1,1,0,0,0,0,1,0,0,0,1,0,,1,0,0,0,0,1,1,1,0,1,0,0,0,0,0,1,,,,,,21-25,16-25,State route,R,Thursday,Not Used,PV,Hispanic,0,1,0,0,State Route,State Patrol,Washington State Patrol,1,1,0,0,0,thc,23.0,carboxy-thc,97.0,,0.0,0.0,1.0,,,,,,,,,,,98.0,98.0,98.0,201.0,298.0,,,,20.0,7.0,,,,,,,nms,1.0,0.0,,,,,,,98232,Stanwood,Bow
2342,2393,2393,2020,15,EA05796,222.0,2020-01-09,7:24,9,1,,67,Thurston,1590,4,,3,2,2,1,1,1,1,,,,8,0,0,0.0,3,0,3,4,2,4,6,0,0,3,3,LILLY RD NE,Woodard Green Dr NE,-122.8443972,47.057888889,0,1,13,80,5,35,15,0,0,1,2,8,1,1,3,1,1,1,1,53,0,20,423,2018,0,,8,,,,,,1,1,54,1,0.0,,0,0,3,0,11,0,,,,,0.0,0.0,0.0,3.0,1,10,,,,0,,,,,,0,,,,,,98532,53,71.0,260.0,6.0,1.0,0.0,0.0,0.0,1.0,,0,,,,,,0,05/15/2019,05/15/2019,20,0,0,0,8.0,2,2,,,0,,,8,0,0.0,0.0,,,0.0,,,2,10,0.0,,,,,,,,,,,,,,,,,,,,,,,,,,,,,,0,0,0,1,0,0,0,0,0,0,0,0,0,0,0,0,0,1,0,0,0,0,0,0,0,0,0,0,0,1,0,1,0,0,0,,0,0,0,0,0,0,0,0,0,0,0,0,0,0,0,0,,,,,,51-55,46-55,City street,U,Thursday,Belt Used,PV,Not Fatal,1,0,0,0,City Street,Municipal/City Police,Olympia Police Department,0,0,0,1,0,,,,,,0.0,0.0,0.0,,,,,,,,,,,98.0,98.0,98.0,0.0,,,,,20.0,7.0,,,,,,,,1.0,0.0,,,,,,,98506,Chehalis,Olympia
2343,2394,2394,2020,16,EA06709,3.0,2020-01-20,19:05,20,1,,53,Pierce,0,1,,2,1,2,1,0,4,2,19:15,19:39,20:20,12,0,2,29.3,1,0,1,4,1,1,3,0,0,0,0,SR-7,,-122.3259667,46.864936111,0,1,50,10,2,50,4,0,0,1,2,12,2,1,2,1,14,1,1,53,0,30,40,2016,0,,68,12.0,,,,,1,1,21,1,0.0,,3,0,3,0,11,5,,,,,0.0,0.0,0.0,3.0,1,91,,,,9,,,,,,0,,,,,,98407,53,74.0,190.0,6.0,1.0,0.0,2.0,1.0,0.0,,2,,,,,,0,12/15/2017,08/15/2018,8,0,0,0,8.0,9,8,,,0,,,8,8,0.0,0.0,,,0.0,,,0,0,996.0,,,,,,,,,,,,,,,,,,,,,,,,,,,,,,0,0,0,0,0,0,0,0,0,0,0,0,0,0,0,0,1,0,0,0,0,0,0,1,1,1,0,0,0,1,0,0,0,0,0,,0,0,0,0,0,0,0,0,1,0,0,0,0,0,0,0,,,,,,21-25,16-25,State route,R,Monday,Belt Used,PV,Not Fatal,0,1,1,0,State Route,State Patrol,Washington State Patrol,0,1,0,0,0,,,,,,0.0,0.0,0.0,,,,,,,,,,,98.0,98.0,98.0,0.0,,,,,20.0,7.0,,,,,,,,1.0,0.0,,,,,,,98328,Tacoma,Eatonville
2344,2395,2395,2020,16,EA06709,3.0,2020-01-20,19:05,20,1,,53,Pierce,0,1,,2,1,2,1,0,4,2,19:15,19:39,20:20,12,0,2,29.3,1,0,1,4,1,1,3,0,0,0,0,SR-7,,-122.3259667,46.864936111,0,2,51,62,4,50,34,0,0,1,2,12,3,1,2,1,14,3,1,53,0,37,471,2006,0,,12,,,,,,1,1,67,1,0.0,,3,0,3,0,11,5,,,,,0.0,0.0,0.0,3.0,1,0,,,,96,,,,,,0,,,,,,98328,53,73.0,210.0,6.0,1.0,0.0,0.0,2.0,1.0,,0,,,,,,0,12/15/2017,01/15/2019,8,0,0,0,8.0,9,8,,,0,,,8,8,0.0,0.0,,,0.0,,,0,0,996.0,,,,,,,,,,,,,,,,,,,,,,,,,,,,,,0,0,0,0,0,0,0,0,0,0,0,0,0,0,0,0,1,0,0,0,0,0,0,1,1,1,0,0,0,1,0,0,0,0,0,,0,0,0,0,0,0,0,0,0,0,0,0,0,0,0,0,,,,,,66-70,66-75,State route,R,Monday,Belt Used,PV,Not Fatal,0,1,1,0,State Route,State Patrol,Washington State Patrol,0,1,0,0,0,,,,,,0.0,0.0,0.0,,,,,,,,,,,98.0,98.0,98.0,0.0,,,,,20.0,7.0,,,,,,,,1.0,0.0,,,,,,,98328,Eatonville,Eatonville
2345,2396,2396,2020,17,EA06826,8.0,2020-01-04,16:28,4,1,,45,Mason,0,2,,2,2,2,2,0,5,2,16:32,16:39,,12,0,2,0.4,1,0,1,5,1,2,4,0,0,0,0,CR-NE BELFAIR TAHUYA RD,,-122.896775,47.43155,0,1,50,10,2,35,67,0,0,1,2,12,2,2,2,1,14,1,1,53,0,12,880,2013,0,,68,12.0,,,,,1,1,51,1,0.0,,0,0,3,0,11,0,,,,,0.0,0.0,0.0,3.0,1,28,,,,96,,,,,,9,,,,,,98528,53,75.0,200.0,6.0,1.0,0.0,0.0,0.0,0.0,,97,,,,,,0,,,1,0,0,0,8.0,9,8,,,0,,,8,1,2.0,1.0,,,1.0,,,2,1,0.23,,,,,,,,,,,,,,,,,,,,,,,,,,,,,,0,0,0,0,1,1,0,1,0,0,0,0,0,0,0,0,0,0,0,1,1,0,1,0,1,0,0,0,0,1,1,0,0,0,0,,0,0,0,0,0,1,0,1,0,0,0,0,0,1,0,1,,,,,,51-55,46-55,County road,R,Saturday,,MHTRUCK,Not Fatal,0,1,1,0,County Road,State Patrol,Washington State Patrol,0,0,1,0,0,,,,,,0.0,0.0,0.0,,,,,,,,,,,98.0,98.0,98.0,0.0,,,,,20.0,7.0,,,,,,,,1.0,0.0,,,BELFAIR TAHUYA RD,0.383,,,98528,Belfair,Belfair
2346,2397,2397,2020,17,EA06826,8.0,2020-01-04,16:28,4,1,,45,Mason,0,2,,2,2,2,2,0,5,2,16:32,16:39,,12,0,2,0.4,1,0,1,5,1,2,4,0,0,0,0,CR-NE BELFAIR TAHUYA RD,,-122.896775,47.43155,0,2,51,62,4,35,34,0,0,1,2,12,3,2,2,1,14,4,2,53,0,12,471,1998,0,,12,,,,,,1,1,17,1,0.0,,3,0,3,0,11,4,,,,,99.0,9.0,9.0,9.0,1,0,,,,96,,,,,,0,,,,,,98524,99,,999.0,9.0,9.0,99.0,99.0,99.0,99.0,,0,,,,,,0,,,1,0,0,0,8.0,9,8,,,0,,,8,8,0.0,0.0,,,0.0,,,0,0,996.0,,,,,,,,,,,,,,,,,,,,,,,,,,,,,,0,0,0,0,1,1,0,1,0,0,0,0,0,0,0,0,0,0,0,1,1,0,1,0,1,0,0,0,0,1,1,0,0,0,0,,0,0,0,0,0,0,0,0,0,0,0,0,0,0,0,0,,,,,,16-17,16-25,County road,R,Saturday,Belt Used,PV,Not Fatal,0,1,1,0,County Road,State Patrol,Washington State Patrol,0,0,1,0,0,,,,,,99.0,99.0,99.0,,,,,,,,,,,0.0,0.0,0.0,0.0,,,,,20.0,7.0,,,,,,,,1.0,0.0,,,BELFAIR TAHUYA RD,0.383,,,98528,Allyn,Belfair
2347,2398,2398,2020,18,EA07317,7.0,2020-01-25,11:21,25,1,,33,King,0,2,,1,2,2,1,0,2,2,11:24,11:35,12:30,12,0,2,27.5,1,0,1,3,1,1,3,0,0,0,0,SR-18,,-121.8864278,47.495594444,0,1,50,10,2,55,14,0,0,1,2,12,1,1,3,1,1,1,2,53,0,12,402,2013,0,,68,12.0,,,,,1,1,47,2,7.0,,4,7,99,7,11,0,01/25/2020,11:21,53004641.0,4641.0,0.0,0.0,0.0,3.0,1,28,38.0,,,96,,,,,,8,,,,,,98045,53,65.0,220.0,6.0,1.0,0.0,0.0,0.0,1.0,,0,,,,,,0,04/15/2015,03/15/2015,8,0,0,0,0.0,9,8,,,0,,,8,8,2.0,1.0,,,1.0,,,2,1,997.0,,,,,,,,,,,,,,,,,,,,,,,,,,,,,,0,0,0,0,0,0,0,0,0,0,0,0,0,0,0,0,0,0,1,0,0,0,0,0,0,0,0,0,0,1,1,0,0,0,0,,1,0,0,0,0,0,0,0,0,0,1,0,0,0,0,0,,,,,,46-50,46-55,State route,R,Saturday,Unknown,PV,White,0,1,1,0,State Route,State Patrol,Washington State Patrol,0,1,0,0,0,,,,,,0.0,0.0,1.0,,,,,,,,,,,98.0,98.0,98.0,1.0,,,,,20.0,7.0,,,,,,,,1.0,0.0,,,,,,,98027,North Bend,Issaquah
2348,2399,2399,2020,18,EA07317,7.0,2020-01-25,11:21,25,1,,33,King,0,2,,1,2,2,1,0,2,2,11:24,11:35,12:30,12,0,2,27.5,1,0,1,3,1,1,3,0,0,0,0,SR-18,,-121.8864278,47.495594444,0,2,51,62,4,55,66,1,0,1,2,12,1,1,3,1,1,1,2,2,0,87,884,2018,0,,12,,,,,,1,1,46,1,0.0,,1,0,20,7,11,5,,,,,6.0,1.0,0.0,3.0,1,0,,,,96,,,,,,0,,,,,,98372,53,73.0,220.0,6.0,1.0,0.0,1.0,0.0,3.0,,0,,,,,,0,05/15/2016,05/15/2019,20,0,0,0,8.0,9,8,,,0,,,8,8,0.0,0.0,,,0.0,,,0,0,996.0,,,,,,,,,,,,,,,,,,,,,,,,,,,,,,0,0,0,0,0,0,0,0,0,0,0,0,0,0,0,0,0,0,1,0,0,0,0,0,0,0,0,0,0,1,1,0,0,0,0,,0,0,0,0,0,0,0,0,0,0,0,0,0,0,0,0,,,,,,46-50,46-55,State route,R,Saturday,,MHTRUCK,Not Fatal,0,1,1,0,State Route,State Patrol,Washington State Patrol,0,1,0,0,0,,,,,,0.0,0.0,0.0,,,,,,,,,,,98.0,98.0,98.0,0.0,,,,,20.0,7.0,,,,,,,,1.0,0.0,,,,,,,98027,Puyallup,Issaquah
2349,2400,2400,2020,19,EA08187,184.0,2020-01-26,22:58,26,1,,61,Snohomish,1215,10,,3,2,2,1,2,1,1,22:59,23:07,23:31,8,0,0,4.4,1,0,1,3,2,1,3,0,0,0,0,SR-524,,-122.3001639,47.821091667,0,1,13,80,5,35,4,0,0,1,2,8,1,1,5,5,1,1,2,53,0,49,40,1997,0,,8,8.0,,,,,1,1,19,2,0.0,,0,0,3,0,11,0,,,,,0.0,0.0,0.0,3.0,1,0,,,,96,,,,,,0,,,,,,98012,53,64.0,140.0,6.0,1.0,0.0,0.0,0.0,0.0,,0,,,,,,0,,,20,0,0,0,8.0,9,8,,,0,,,8,8,8.0,95.0,,,96.0,,,8,95,995.0,,,,,,,,,,,,,,,,,,,,,,,,,,,,,,0,0,0,0,0,0,0,0,0,0,0,0,0,0,0,0,0,0,0,0,0,1,1,0,1,0,0,0,0,1,0,1,0,0,0,,0,0,0,0,0,0,0,0,0,0,0,0,0,0,0,0,,,,,,18-20,16-25,State route,U,Sunday,Belt Used,PV,Not Fatal,0,0,0,0,State Route,Municipal/City Police,Lynnwood Police Department,0,1,0,0,0,,,,,,0.0,0.0,0.0,,,,,,,,,,,0.0,0.0,0.0,0.0,,,,,20.0,7.0,,,,,,,,1.0,0.0,,,,,,,98036,Bothell,Lynnwood
2350,2401,2401,2020,20,EA08254,305.0,2020-01-21,6:29,21,1,,11,Clark,2370,10,,3,2,2,2,2,1,1,,,,8,0,0,0.0,1,0,1,3,2,4,6,0,0,0,0,NE 112TH AVE,,-122.5579389,45.638675,0,1,13,80,5,35,34,0,0,1,5,8,1,2,5,5,1,1,1,53,0,20,481,1995,0,,8,8.0,,,,,1,1,19,1,0.0,,0,0,3,0,11,0,,,,,0.0,0.0,3.0,3.0,1,10,,,,0,,,,,,0,,,,,,98607,53,71.0,150.0,6.0,1.0,0.0,0.0,0.0,0.0,,0,,,,,,0,,,20,0,0,0,8.0,9,8,,,0,,,8,8,2.0,1.0,,,1.0,,,2,1,0.0,,,,,,,,,,,,,,,,,,,,,,,,,,,,,,0,0,0,0,0,0,0,0,0,1,0,1,0,0,0,0,0,0,0,0,0,1,1,0,1,0,0,0,0,1,0,1,0,0,0,,0,0,0,0,0,0,0,0,0,0,0,0,0,0,0,0,,,,,,18-20,16-25,City street,U,Tuesday,Belt Used,PV,Not Fatal,0,0,0,0,City Street,Municipal/City Police,Vancouver Police Department,0,0,0,1,0,,,,,,0.0,0.0,0.0,,,,,,,,,,,0.0,0.0,0.0,0.0,,,,,20.0,7.0,,,,,,,,1.0,0.0,,,,,,,98684,Camas,Vancouver
2351,2402,2402,2020,21,EA08257,47.0,2020-01-14,7:33,14,1,,27,Grays Harbor,10,1,,3,1,2,1,1,1,1,7:35,7:39,7:56,8,1,0,0.0,3,0,2,5,2,4,6,0,0,20,3,E 1ST ST,N G St,-123.8161556,46.977694444,0,1,13,80,5,35,34,0,0,1,5,8,1,1,2,1,10,1,2,53,0,12,481,1993,0,,8,,,,,,1,1,22,1,0.0,,0,0,99,7,11,0,,,,,0.0,0.0,0.0,2.0,1,0,,,,92,,,,,,98,,,,,,98550,53,69.0,140.0,1.0,1.0,0.0,1.0,0.0,3.0,,97,,,,,,0,02/15/2015,03/15/2019,20,0,0,0,8.0,9,8,,,0,,,8,8,8.0,95.0,,,96.0,,,8,95,995.0,,,,,,,,,,,,,,,,,,,,,,,,,,,,,,0,0,0,1,0,0,0,0,0,1,0,1,0,1,0,0,1,0,0,0,0,0,0,1,1,0,0,0,0,1,0,1,0,0,0,,0,0,0,0,0,0,0,0,1,0,0,1,0,0,0,0,,,,,,21-25,16-25,City street,U,Tuesday,Unknown,PV,Not Fatal,1,0,0,0,City Street,Municipal/City Police,Aberdeen Police Department,0,0,0,1,0,,,,,,0.0,0.0,7.0,,,,,,,,,,,0.0,0.0,0.0,0.0,,,,,20.0,7.0,,,,,,,,1.0,0.0,,,,,,,98520,Hoquiam,Aberdeen