,index,Unnamed: 0,year,case,par,repjur,crash_dt,crash_tm,accday,accmon,holiday,county,co_char,city,weather,weather2,lightcond,surfcond,surftype,numfatal,nmforms,pforms,vforms,not_tm,arr_tm,hosp_tm,fhevent,hitrun,manncol,milepnt,reljunc,reljuncinter,intersectiontype,funcsystem,landuse,ownership,route,schlbus,spejur,contdev,devfunc,trafid1,trafid2,lon,lat,wk_zone,vnumber,crashtype,criticalevent,criticaleventcat,spdlim,body,trailer,emerg,hazcargo,leave,mhevent,roadalgn,roadprof,traflane,trafflow,vehmanvr,numoccs,regowner,regstate,spuse,make,model,modelyr,vrf1,vrf2,seqevent1,seqevent2,seqevent3,seqevent4,seqevent5,seqevent6,pnumber,ptype,age,sex,hispanic,race,injury,diedscene,restraint,restraintmisuse,seatpos,takehosp,death_dt,death_tm,cert,cernum_wa,commlic,licendor,licrestrict,liccomp,drivpres,drf1,drf2,drf3,drf4,distract1,distract2,distract3,distract4,distract5,distract6,dricond1,dricond2,dricond3,dricond4,dricond5,dricond6,dzip,licstate,drhgt_in,weight,noncdl,noncdltype,prevdwi,prevoth,prevacc,prevspd,prevsus,driviol1,driviol2,driviol3,driviol4,driviol5,driviol6,spdrel,first_dt,last_dt,airbag,ejection,ejectpath,extricat,injurwrk,methalc,methdrug,nmlocat,strikveh,prf1,prf2,prf3,druginv,alcinvol,drugsts,drugres1,drugres2,drugres3,drugtst1,drugtst2,drugtst3,alcsts,alctst,alcres,nmact1,nmact2,nmact3,nmact4,nmact5,nmact6,nmprior1,nmprior2,nmprior3,nmprior4,nmprior5,nmprior6,nmcond1,nmcond2,nmcond3,nmcond4,nmcond5,nmcond6,nmsafe_helmet,nmsafe_pads,nmsafe_oth,nmprev_ref,nmprev_lgt,nmprev_oth,crashlocation,nmcrashtype,crosswalk,schoolzone,sidewalk,train_inv,wildlife_inv,rotr_fars,intersect_fars,dd_inv,aid_inv,dpd_inv,id_inv,mj_inv,impnm_inv,ainm_inv,dpnm_inv,speed_inv,unlic_inv,unendmc_inv,drowsy_inv,drdist_inv,nmdist_inv,fty_inv,unrestfat_inv,dr1617_inv,dr1820_inv,dr1620_inv,dr2125_inv,dr1625_inv,dr65_inv,dr70_inv,dr75_inv,mc_inv,pv_inv,ht_inv,ped_inv,bike_inv,unrest_fat,mc_fat,unhelmet_mc,pv_fat,ht_fat,ped_fat,bike_fat,dr_alc7,dr_alc8,dr_drug,dr_imp,dr_dist,dr_spd,dr_fty,dr_unlic,dr_alc7only,dr_alc8only,dr_drugonly,dr_drink,nm_imp,nm_alc7,nm_alc8,nm_drug,nm_dist,agegrp1,agegrp2,roadclass,urbrur,dayweek,restuse,vehtype,race_me,intersect,lanedep,oppdir,wrongway,rep_typ,investag,repag_long,rotr,st_rd,cty_rd,city_rd,oth_rd,drug_thc,thc_res,drug_cthc,cthc_res,drug_cann,prevpersemin,prevperse,prevsusoth,drugtst4,drugtst5,drugtst6,drugtst7,drugtst8,drugres4,drugres5,drugres6,drugres7,drugres8,adspresent,adsengaged,adslevel,race1,race2,race3,race4,race5,helmet,helmetmisuse,nmdistract1,nmdistract2,nmdistract3,nmdistract4,nmdistract5,nmdistract6,lab,isedtcase,crf1,crf2,crf3,CoRoadName,CoMP,IntCoRoadName,IntCoMP,crashzip,dcity,crashcity
2352,2403,2403,2020,22,EA08634,7.0,2020-01-13,22:15,13,1,,33,King,1030,4,,3,4,1,1,0,1,1,,,,42,0,0,146.8,1,0,1,1,2,1,1,0,0,0,0,I-5,,-122.2961583,47.358263889,0,1,2,6,1,60,14,0,0,1,2,42,2,1,5,3,14,1,2,53,0,12,401,2003,0,,63,42.0,1.0,,,,1,1,24,2,7.0,,4,7,3,0,11,0,01/13/2020,22:15,103053002190.0,2190.0,0.0,0.0,0.0,3.0,1,0,,,,5,,,,,,98,,,,,,98391,53,63.0,140.0,6.0,1.0,0.0,0.0,0.0,0.0,,0,,,,,,4,,,20,0,0,0,0.0,9,8,,,0,,,8,8,2.0,605.0,,,1.0,,,2,1,0.0,,,,,,,,,,,,,,,,,,,,,,,,,,,,,,0,0,0,0,0,0,1,1,1,0,0,0,1,0,0,0,1,0,0,0,0,0,0,1,1,0,0,0,0,1,0,0,0,0,0,,1,0,0,0,0,0,1,1,1,1,0,0,0,0,1,0,,,,,,21-25,16-25,Interstate,U,Monday,Belt Used,PV,White,0,1,0,0,State Route,State Patrol,Washington State Patrol,1,1,0,0,0,thc,2.4,,,,0.0,0.0,0.0,,,,,,,,,,,98.0,98.0,98.0,1.0,,,,,20.0,7.0,,,,,,,nms,1.0,0.0,,,,,,,98032,Bonney Lake,Kent
2353,2404,2404,2020,24,EA09361,1.0,2020-01-23,12:22,23,1,,39,Klickitat,0,2,,1,2,2,1,0,1,1,12:26,12:45,,42,0,0,2.7,1,0,1,7,1,2,4,0,0,0,0,CR-GARRISON RD,,-120.9751083,45.894680556,0,1,6,12,2,98,14,0,0,1,2,42,2,2,2,1,14,1,1,53,0,37,402,2018,0,,68,64.0,42.0,,,,1,1,73,2,7.0,,4,7,1,0,11,0,01/23/2020,12:46,53004295.0,4295.0,0.0,0.0,0.0,3.0,1,0,,,,96,,,,,,0,,,,,,98620,53,58.0,130.0,6.0,1.0,0.0,0.0,0.0,0.0,,0,,,,,,0,,,8,0,0,0,1.0,9,8,,,0,,,8,8,2.0,1.0,,,1.0,,,2,1,0.0,,,,,,,,,,,,,,,,,,,,,,,,,,,,,,0,0,1,0,0,0,0,0,0,0,0,0,0,0,0,0,0,0,0,0,0,0,0,0,0,1,1,0,0,1,0,0,0,0,0,,1,0,0,0,0,0,0,0,0,0,0,0,0,0,0,0,,,,,,71-75,66-75,County road,R,Thursday,Belt Used,PV,White,0,1,0,0,County Road,County Sheriff,Klickitat County Sheriff's Office,1,0,1,0,0,,,,,,0.0,0.0,0.0,,,,,,,,,,,98.0,98.0,98.0,1.0,,,,,20.0,7.0,,,,,,,,1.0,0.0,,,GARRISON RD,2.685,,,98620,Goldendale,Goldendale
2354,2405,2405,2020,25,EA10311,184.0,2020-01-31,18:58,31,1,,61,Snohomish,1215,2,,3,2,2,1,1,3,1,,,,8,0,0,40.1,3,0,2,3,2,1,3,0,0,3,3,SR-99,200TH ST SW,-122.3181833,47.817586111,0,1,13,80,5,45,34,0,0,1,5,8,1,1,7,1,1,3,1,53,0,12,481,2013,0,,8,,,,,,1,1,33,1,0.0,,0,0,3,0,11,0,,,,,0.0,0.0,3.0,3.0,1,0,,,,96,,,,,,0,,,,,,98133,53,68.0,205.0,6.0,1.0,0.0,0.0,0.0,2.0,,0,,,,,,0,05/15/2017,02/15/2018,20,0,0,0,8.0,9,8,,,0,,,8,8,0.0,0.0,,,0.0,,,0,0,996.0,,,,,,,,,,,,,,,,,,,,,,,,,,,,,,0,0,0,1,0,0,0,0,0,0,0,0,0,0,0,0,0,0,0,0,0,0,0,0,0,0,0,0,0,1,0,1,0,0,0,,0,0,0,0,0,0,0,0,0,0,0,0,0,0,0,0,,,,,,31-35,26-35,State route,U,Friday,Belt Used,PV,Not Fatal,1,0,0,0,State Route,Municipal/City Police,Lynnwood Police Department,0,1,0,0,0,,,,,,0.0,0.0,0.0,,,,,,,,,,,98.0,98.0,98.0,0.0,,,,,20.0,7.0,,,,,,,,1.0,0.0,,,,,,,98036,Seattle,Lynnwood
2355,2406,2406,2020,26,EA11449,3.0,2020-01-30,21:21,30,1,,53,Pierce,0,2,,2,2,2,1,0,2,2,21:25,21:34,22:06,12,0,6,4.6,4,0,1,3,2,1,3,0,3,0,0,SR-167,,-122.3237,47.207294444,0,1,82,15,2,45,4,0,0,1,2,12,1,1,5,5,11,1,2,53,0,55,36,2008,0,,12,,,,,,1,1,58,1,7.0,,4,7,3,0,11,0,01/30/2020,21:21,177053005198.0,5198.0,0.0,0.0,3.0,3.0,1,38,,,,96,,,,,,9,,,,,,98371,53,70.0,230.0,6.0,1.0,0.0,2.0,0.0,1.0,,0,,,,,,0,07/15/2016,07/15/2018,8,0,0,0,0.0,1,8,,,0,,,8,1,2.0,1.0,,,1.0,,,2,1,0.235,,,,,,,,,,,,,,,,,,,,,,,,,,,,,,0,0,0,0,1,1,0,1,0,0,0,0,0,0,0,0,0,0,1,0,0,0,0,1,1,0,0,0,0,1,0,0,0,0,0,,1,0,0,0,0,1,0,1,0,0,1,0,0,1,0,1,,,,,,56-60,56-65,State route,U,Thursday,Belt Used,PV,White,0,0,0,0,State Route,State Patrol,Washington State Patrol,0,1,0,0,0,,,,,,0.0,0.0,0.0,,,,,,,,,,,98.0,98.0,98.0,1.0,,,,,20.0,7.0,,,,,,,,1.0,0.0,,,,,,,98371,Puyallup,Puyallup
2356,2407,2407,2020,26,EA11449,3.0,2020-01-30,21:21,30,1,,53,Pierce,0,2,,2,2,2,1,0,2,2,21:25,21:34,22:06,12,0,6,4.6,4,0,1,3,2,1,3,0,3,0,0,SR-167,,-122.3237,47.207294444,0,2,83,67,4,45,34,0,0,1,2,12,1,1,5,5,1,1,1,41,0,7,482,2017,0,,12,,,,,,1,1,25,1,0.0,,1,0,3,0,11,5,,,,,0.0,0.0,0.0,3.0,1,0,,,,96,,,,,,0,,,,,,97058,41,71.0,195.0,6.0,1.0,0.0,2.0,0.0,1.0,,0,,,,,,0,08/15/2018,10/15/2019,8,0,0,0,8.0,9,8,,,0,,,8,8,0.0,0.0,,,0.0,,,0,0,996.0,,,,,,,,,,,,,,,,,,,,,,,,,,,,,,0,0,0,0,1,1,0,1,0,0,0,0,0,0,0,0,0,0,1,0,0,0,0,1,1,0,0,0,0,1,0,0,0,0,0,,0,0,0,0,0,0,0,0,0,0,0,0,0,0,0,0,,,,,,21-25,16-25,State route,U,Thursday,Belt Used,PV,Not Fatal,0,0,0,0,State Route,State Patrol,Washington State Patrol,0,1,0,0,0,,,,,,0.0,0.0,0.0,,,,,,,,,,,98.0,98.0,98.0,0.0,,,,,20.0,7.0,,,,,,,,1.0,0.0,,,,,,,98371,The Dalles,Puyallup
2357,2408,2408,2020,27,EA12581,6.0,2020-01-27,6:18,27,1,,37,Kittitas,0,1,,2,4,2,1,0,4,1,,,,1,0,0,103.3,1,0,1,1,1,1,1,0,0,0,0,I-90,,-120.6064444,47.017161111,0,1,7,6,1,70,34,0,0,1,2,1,1,1,2,2,1,4,1,53,0,20,482,2005,0,,64,1.0,,,,,1,1,48,1,0.0,,2,0,3,0,11,5,,,,,0.0,0.0,0.0,3.0,1,58,87.0,,,96,,,,,,0,,,,,,98023,53,68.0,200.0,6.0,1.0,0.0,0.0,1.0,0.0,,97,,,,,,4,02/15/2018,02/15/2018,8,0,0,0,8.0,9,8,,,0,,,8,8,0.0,0.0,,,0.0,,,0,0,996.0,,,,,,,,,,,,,,,,,,,,,,,,,,,,,,0,0,0,0,0,0,0,0,0,0,0,0,1,0,0,0,0,0,0,1,0,0,0,0,0,0,0,0,0,1,0,0,0,0,0,,0,0,0,0,0,0,0,0,0,1,0,0,0,0,0,0,,,,,,46-50,46-55,Interstate,R,Monday,Belt Used,PV,Not Fatal,0,1,0,0,State Route,State Patrol,Washington State Patrol,1,1,0,0,0,,,,,,0.0,0.0,0.0,,,,,,,,,,,98.0,98.0,98.0,0.0,,,,,20.0,7.0,,,,,,,,1.0,0.0,,,,,,,98926,Federal Way,Ellensburg
2358,2409,2409,2020,28,EA13867,14.0,2020-01-21,13:48,21,1,,11,Clark,0,2,,1,2,2,1,0,3,2,13:49,13:52,14:27,12,0,2,5.4,1,0,1,3,2,2,4,0,0,0,0,CR-NE 78TH ST,,-122.6373361,45.678744444,0,1,50,10,2,45,4,0,0,1,2,12,1,1,5,5,15,1,1,53,0,24,7,2007,0,,68,12.0,,,,,1,1,41,1,7.0,,4,0,3,0,11,4,01/21/2020,14:32,237053003719.0,3719.0,0.0,0.0,3.0,3.0,1,8,28.0,58.0,,96,,,,,,98,,,,,,98682,53,71.0,200.0,6.0,1.0,2.0,8.0,1.0,1.0,,0,,,,,,4,05/15/2015,05/15/2019,8,0,0,0,0.0,9,8,,,0,,,8,8,2.0,401.0,417.0,695.0,98.0,98.0,98.0,2,8,0.0,,,,,,,,,,,,,,,,,,,,,,,,,,,,,,0,0,0,0,0,0,1,1,1,0,0,0,1,0,0,0,0,0,0,0,0,0,0,1,1,0,0,0,0,1,1,0,0,0,0,,1,0,0,0,0,0,1,1,0,1,0,0,0,0,1,0,,,,,,41-45,36-45,County road,U,Tuesday,Belt Used,PV,White,0,1,1,0,County Road,County Sheriff,Clark County Sheriff's Office,0,0,1,0,0,thc,6.5,carboxy-thc,29.0,,0.0,0.0,4.0,98.0,,,,,605.0,,,,,98.0,98.0,98.0,1.0,,,,,20.0,7.0,,,,,,,nms,1.0,0.0,,,NE 78TH ST,5.36,,,98665,Vancouver,Vancouver
2359,2410,2410,2020,28,EA13867,14.0,2020-01-21,13:48,21,1,,11,Clark,0,2,,1,2,2,1,0,3,2,13:49,13:52,14:27,12,0,2,5.4,1,0,1,3,2,2,4,0,0,0,0,CR-NE 78TH ST,,-122.6373361,45.678744444,0,2,51,62,4,45,61,0,8,1,2,12,1,1,5,5,1,2,3,53,6,12,870,2019,0,,12,,,,,,1,1,25,1,0.0,,1,0,3,0,11,5,,,,,0.0,0.0,3.0,3.0,1,94,,,,96,,,,,,0,,,,,,98662,53,73.0,260.0,6.0,1.0,0.0,0.0,0.0,0.0,,0,,,,,,0,,,1,0,0,0,8.0,9,8,,,0,,,8,8,0.0,0.0,,,0.0,,,0,0,996.0,,,,,,,,,,,,,,,,,,,,,,,,,,,,,,0,0,0,0,0,0,1,1,1,0,0,0,1,0,0,0,0,0,0,0,0,0,0,1,1,0,0,0,0,1,1,0,0,0,0,,0,0,0,0,0,0,0,0,0,0,0,0,0,0,0,0,,,,,,21-25,16-25,County road,U,Tuesday,,MHTRUCK,Not Fatal,0,1,1,0,County Road,County Sheriff,Clark County Sheriff's Office,0,0,1,0,0,,,,,,0.0,0.0,0.0,,,,,,,,,,,98.0,98.0,98.0,0.0,,,,,20.0,7.0,,,,,,,,1.0,0.0,,,NE 78TH ST,5.36,,,98665,Vancouver,Vancouver
2360,2411,2411,2020,29,EA13868,14.0,2020-01-31,16:57,31,1,,11,Clark,0,10,,1,1,2,1,0,2,2,16:58,17:05,17:40,12,0,2,4.8,1,0,1,4,1,2,4,0,0,0,0,CR-NE 72ND AVE,,-122.599425,45.729861111,0,1,50,10,2,50,4,0,0,1,2,12,1,2,2,1,1,1,2,53,0,42,48,2002,0,,68,12.0,,,,,1,1,17,1,7.0,,4,7,3,0,11,0,01/31/2020,17:25,53005030.0,5030.0,0.0,0.0,3.0,3.0,1,28,38.0,,,96,,,,,,98,,,,,,98662,53,74.0,240.0,6.0,2.0,0.0,0.0,0.0,0.0,,0,,,,,,0,,,8,0,0,1,0.0,9,8,,,0,,,8,8,2.0,1.0,,,1.0,,,2,1,0.0,,,,,,,,,,,,,,,,,,,,,,,,,,,,,,0,0,0,0,0,0,0,0,0,0,0,0,0,0,0,0,0,0,1,0,1,0,1,0,1,0,0,0,0,1,0,0,0,0,0,,1,0,0,0,0,0,0,0,0,0,1,0,0,0,0,0,,,,,,16-17,16-25,County road,R,Friday,Belt Used,PV,White,0,1,1,0,County Road,County Sheriff,Clark County Sheriff's Office,0,0,1,0,0,,,,,,0.0,0.0,0.0,,,,,,,,,,,98.0,98.0,98.0,1.0,,,,,20.0,7.0,,,,,,,,1.0,0.0,,,NE 72ND AVE,4.84,,,98686,Vancouver,Vancouver
2361,2412,2412,2020,29,EA13868,14.0,2020-01-31,16:57,31,1,,11,Clark,0,10,,1,1,2,1,0,2,2,16:58,17:05,17:40,12,0,2,4.8,1,0,1,4,1,2,4,0,0,0,0,CR-NE 72ND AVE,,-122.599425,45.729861111,0,2,51,62,4,50,21,0,0,1,2,12,1,2,2,1,1,1,1,53,0,12,461,2006,0,,12,,,,,,1,1,26,1,0.0,,3,0,3,0,11,5,,,,,0.0,0.0,0.0,3.0,1,0,,,,96,,,,,,0,,,,,,98604,53,77.0,205.0,6.0,1.0,0.0,0.0,1.0,0.0,,0,,,,,,0,06/15/2016,06/15/2016,8,0,0,0,8.0,9,8,,,0,,,8,8,0.0,0.0,,,0.0,,,0,0,996.0,,,,,,,,,,,,,,,,,,,,,,,,,,,,,,0,0,0,0,0,0,0,0,0,0,0,0,0,0,0,0,0,0,1,0,1,0,1,0,1,0,0,0,0,1,0,0,0,0,0,,0,0,0,0,0,0,0,0,0,0,0,0,0,0,0,0,,,,,,26-30,26-35,County road,R,Friday,Belt Used,PV,Not Fatal,0,1,1,0,County Road,County Sheriff,Clark County Sheriff's Office,0,0,1,0,0,,,,,,0.0,0.0,0.0,,,,,,,,,,,98.0,98.0,98.0,0.0,,,,,20.0,7.0,,,,,,,,1.0,0.0,,,NE 72ND AVE,4.84,,,98686,Battle Ground,Vancouver
2362,2413,2413,2020,30,EA16128,330.0,2020-01-31,10:48,31,1,,77,Yakima,2590,1,,1,1,2,1,0,1,1,10:51,10:55,,59,0,0,0.0,1,0,1,5,2,4,6,0,0,0,0,S 18TH ST,,-120.4793333,46.592238889,0,1,1,13,2,30,4,0,0,1,2,1,3,1,3,5,14,1,1,53,0,39,37,2009,0,,63,59.0,26.0,1.0,,,1,1,38,1,1.0,,4,7,3,0,11,0,01/31/2020,10:48,259053005389.0,5389.0,0.0,0.0,3.0,3.0,1,0,,,,96,,,,,,98,,,,,,98901,53,69.0,175.0,6.0,1.0,0.0,0.0,0.0,0.0,,0,,,,,,3,,,8,2,9,0,0.0,9,8,,,0,,,8,8,2.0,695.0,,,1.0,,,2,1,0.226,,,,,,,,,,,,,,,,,,,,,,,,,,,,,,0,0,1,0,1,1,1,1,1,0,0,0,1,0,0,0,0,0,0,0,0,0,0,0,0,0,0,0,0,1,0,0,0,0,0,,1,0,0,0,0,1,1,1,0,1,0,0,0,0,0,1,,,,,,36-40,36-45,City street,U,Friday,Belt Used,PV,Hispanic,0,1,0,0,City Street,Municipal/City Police,Yakima Police Department,1,0,0,1,0,,,carboxy-thc,6.4,,0.0,0.0,0.0,,,,,,,,,,,98.0,98.0,98.0,98.0,,,,,20.0,7.0,,,,,,,nms,1.0,0.0,,,,,,,98901,Yakima,Yakima
2363,2414,2414,2020,31,EA17742,35.0,2020-02-17,15:00,17,2,,53,Pierce,0,1,,1,1,2,1,0,3,2,16:01,16:15,16:53,12,0,1,2.5,2,0,2,4,2,2,4,0,0,0,0,CR-Key Peninsula Hwy N,134TH AVE NW,-122.7162778,47.370594444,0,1,20,50,3,45,5,0,0,1,5,12,1,1,2,1,1,1,1,53,0,63,32,2018,0,,12,,,,,,1,1,93,2,7.0,,4,7,3,0,11,0,02/17/2020,15:00,53009184.0,9184.0,0.0,0.0,3.0,3.0,1,0,,,,96,,,,,,98,,,,,,98367,53,62.0,139.0,6.0,1.0,0.0,0.0,0.0,0.0,,0,,,,,,0,,,1,0,0,0,0.0,9,8,,,0,,,8,8,2.0,1.0,,,1.0,,,2,1,0.0,,,,,,,,,,,,,,,,,,,,,,,,,,,,,,0,0,0,1,0,0,0,0,0,0,0,0,0,0,0,0,0,0,0,0,0,0,0,0,0,1,1,1,0,1,0,0,0,0,0,,1,0,0,0,0,0,0,0,0,0,0,0,0,0,0,0,,,,,,81+,76+,County road,U,Monday,Belt Used,PV,White,1,0,0,0,County Road,County Sheriff,Law Enforcement Support Agency,0,0,1,0,0,,,,,,0.0,0.0,0.0,,,,,,,,,,,98.0,98.0,98.0,1.0,,,,,20.0,7.0,,,,,,,,1.0,0.0,,,KEY PENINSULA HWY NW,2.51,134 AVE NW,0.17,98329,Port Orchard,Gig Harbor
2364,2415,2415,2020,31,EA17742,35.0,2020-02-17,15:00,17,2,,53,Pierce,0,1,,1,1,2,1,0,3,2,16:01,16:15,16:53,12,0,1,2.5,2,0,2,4,2,2,4,0,0,0,0,CR-Key Peninsula Hwy N,134TH AVE NW,-122.7162778,47.370594444,0,2,21,53,3,45,14,0,0,1,5,12,1,1,2,1,5,2,1,53,0,49,401,2010,0,,12,,,,,,1,1,37,2,0.0,,1,0,3,0,11,5,,,,,0.0,0.0,0.0,3.0,1,0,,,,96,,,,,,0,,,,,,98329,53,67.0,160.0,6.0,1.0,0.0,0.0,0.0,0.0,,0,,,,,,0,,,20,0,0,0,8.0,9,8,,,0,,,8,8,8.0,95.0,,,96.0,,,8,95,995.0,,,,,,,,,,,,,,,,,,,,,,,,,,,,,,0,0,0,1,0,0,0,0,0,0,0,0,0,0,0,0,0,0,0,0,0,0,0,0,0,1,1,1,0,1,0,0,0,0,0,,0,0,0,0,0,0,0,0,0,0,0,0,0,0,0,0,,,,,,36-40,36-45,County road,U,Monday,Belt Used,PV,Not Fatal,1,0,0,0,County Road,County Sheriff,Law Enforcement Support Agency,0,0,1,0,0,,,,,,0.0,0.0,0.0,,,,,,,,,,,98.0,98.0,98.0,0.0,,,,,20.0,7.0,,,,,,,,1.0,0.0,,,KEY PENINSULA HWY NW,2.51,134 AVE NW,0.17,98329,Gig Harbor,Gig Harbor
2365,2416,2416,2020,33,EA19534,159.0,2020-01-30,2:42,30,1,,5,Benton,1020,1,,3,1,2,1,0,1,1,,,,33,0,0,0.0,3,0,5,4,2,4,6,0,0,0,0,W 10TH AVE,S STEPTOE ST,-119.2440806,46.200958333,0,1,14,14,2,35,14,0,0,1,2,1,1,1,2,1,1,1,1,53,0,2,405,2005,0,,68,64.0,69.0,71.0,33.0,67.0,1,1,29,2,1.0,,4,7,3,0,11,0,01/30/2020,2:42,102053004620.0,4620.0,0.0,0.0,3.0,3.0,1,0,,,,96,,,,,,8,,,,,,99301,53,66.0,134.0,6.0,1.0,0.0,0.0,0.0,2.0,,0,,,,,,5,04/15/2015,10/15/2019,8,2,1,0,0.0,9,8,,,0,,,8,8,2.0,1.0,,,1.0,,,2,1,0.0,,,,,,,,,,,,,,,,,,,,,,,,,,,,,,0,0,0,1,0,0,0,0,0,0,0,0,1,0,0,0,0,0,0,0,0,0,0,0,0,0,0,0,0,1,0,0,0,0,0,,1,0,0,0,0,0,0,0,0,1,0,0,0,0,0,0,,,,,,26-30,26-35,City street,U,Thursday,Belt Used,PV,Hispanic,1,0,0,0,City Street,Municipal/City Police,Kennewick Police Department,0,0,0,1,0,,,,,,0.0,0.0,0.0,,,,,,,,,,,98.0,98.0,98.0,98.0,,,,,20.0,7.0,,,,,,,,1.0,0.0,,,,,,,99336,Pasco,Kennewick
2366,2417,2417,2020,34,EA10140,42.0,2020-02-01,13:46,1,2,,67,Thurston,0,1,,1,1,2,1,0,1,1,,,,42,0,0,4.5,1,0,1,5,1,2,4,0,0,0,0,CR-RAINIER RD SE,,-122.755,46.93015,0,1,1,13,2,50,4,0,0,1,5,42,1,1,2,1,1,1,1,53,0,37,31,2003,0,,63,42.0,,,,,1,1,39,1,7.0,,4,7,20,7,11,0,02/01/2020,13:46,53005380.0,5380.0,0.0,0.0,0.0,3.0,1,0,,,,96,,,,,,0,,,,,,98516,53,70.0,165.0,6.0,1.0,0.0,0.0,0.0,0.0,,0,,,,,,0,,,8,2,9,0,0.0,9,8,,,0,,,8,8,2.0,695.0,,,1.0,,,2,1,0.141,,,,,,,,,,,,,,,,,,,,,,,,,,,,,,0,0,1,0,1,1,1,1,1,0,0,0,0,0,0,0,0,0,0,1,0,0,0,0,0,0,0,0,0,1,0,0,0,1,0,,1,0,0,0,0,1,1,1,0,0,0,0,0,0,0,1,,,,,,36-40,36-45,County road,R,Saturday,Not Used,PV,White,0,1,0,0,County Road,County Sheriff,Thurston County Sheriff's Office,1,0,1,0,0,thc,8.9,,,,0.0,0.0,0.0,,,,,,,,,,,98.0,98.0,98.0,1.0,,,,,20.0,7.0,,,,,,,nms,1.0,0.0,,,RAINIER RD SE,4.515,,,98576,Olympia,Rainier
2367,2418,2418,2020,35,EA10855,14.0,2020-02-02,16:28,2,2,,11,Clark,0,1,,1,1,2,1,0,1,1,,,,42,0,0,0.7,1,0,1,7,1,2,4,0,0,0,0,CR-SE 20TH ST,,-122.3247528,45.607188889,0,1,6,12,2,50,14,0,0,1,2,42,1,1,2,1,1,1,2,53,0,59,403,2004,0,,68,64.0,42.0,1.0,,,1,1,72,2,7.0,,4,7,3,0,11,0,02/02/2020,16:28,53005105.0,5105.0,0.0,0.0,3.0,3.0,1,0,,,,96,,,,,,98,,,,,,98671,53,61.0,117.0,6.0,1.0,0.0,0.0,0.0,0.0,,0,,,,,,0,,,8,0,0,0,0.0,9,8,,,0,,,8,8,2.0,1.0,,,1.0,,,2,1,0.0,,,,,,,,,,,,,,,,,,,,,,,,,,,,,,0,0,1,0,0,0,0,0,0,0,0,0,0,0,0,0,0,0,0,0,0,0,0,0,0,1,1,0,0,1,0,0,0,0,0,,1,0,0,0,0,0,0,0,0,0,0,0,0,0,0,0,,,,,,71-75,66-75,County road,R,Sunday,Belt Used,PV,White,0,1,0,0,County Road,County Sheriff,Clark County Sheriff's Office,1,0,1,0,0,,,,,,0.0,0.0,0.0,,,,,,,,,,,98.0,98.0,98.0,1.0,,,,,20.0,7.0,,,,,,,,1.0,0.0,,,SE 20TH ST,0.73,,,98671,Washougal,Washougal
2368,2419,2419,2020,37,EA11625,48.0,2020-02-01,0:54,1,2,,63,Spokane,22,6,,3,1,2,1,1,1,1,,,,8,0,0,270.6,1,0,1,3,2,1,2,0,0,0,0,US-2,,-117.5720222,47.642936111,0,1,13,80,5,45,34,0,0,1,5,8,1,1,5,5,1,1,1,53,0,12,471,1999,0,,8,,,,,,1,1,61,1,0.0,,0,0,3,0,11,0,,,,,0.0,0.0,0.0,3.0,1,0,,,,96,,,,,,0,,,,,,99029,53,70.0,200.0,6.0,1.0,0.0,0.0,0.0,1.0,,0,,,,,,0,08/15/2017,08/15/2017,20,0,0,0,8.0,3,8,,,0,,,8,8,0.0,0.0,,,0.0,,,0,0,996.0,,,,,,,,,,,,,,,,,,,,,,,,,,,,,,0,0,0,0,0,0,0,0,0,1,1,1,0,0,0,0,0,1,0,0,0,0,0,0,0,0,0,0,0,1,0,1,0,0,0,,0,0,0,0,0,0,0,0,0,0,0,0,0,0,0,0,,,,,,61-65,56-65,US highway,U,Saturday,Belt Used,PV,Not Fatal,0,0,0,0,State Route,Municipal/City Police,Airway Heights Police Department,0,1,0,0,0,,,,,,0.0,0.0,0.0,,,,,,,,,,,0.0,0.0,0.0,0.0,,,,,20.0,7.0,,,,,,,,1.0,0.0,,,,,,,99001,Reardan,Airway Heights
2369,2420,2420,2020,38,EA12058,4.0,2020-02-04,15:02,4,2,,1,Adams,0,1,,1,10,2,1,0,2,2,15:02,15:20,,12,0,6,57.2,1,0,1,5,1,1,3,0,0,0,0,SR-261,,-118.347825,47.040619444,0,1,66,10,2,55,6,0,0,1,2,12,3,2,2,1,14,1,1,53,0,52,47,2003,0,,68,12.0,,,,,1,1,76,2,7.0,,4,7,20,7,11,0,02/04/2020,15:02,53005528.0,5528.0,0.0,0.0,0.0,3.0,1,58,,,,96,,,,,,0,,,,,,99371,53,65.0,150.0,6.0,1.0,0.0,0.0,0.0,0.0,,0,,,,,,4,,,1,0,0,0,9.0,1,8,,,0,,,8,0,0.0,0.0,,,0.0,,,2,4,0.0,,,,,,,,,,,,,,,,,,,,,,,,,,,,,,0,0,0,0,0,0,0,0,0,0,0,0,1,0,0,0,0,0,0,1,0,0,0,0,0,1,1,1,0,1,1,0,0,1,0,,1,0,0,0,0,0,0,0,0,1,0,0,0,0,0,0,,,,,,76-80,76+,State route,R,Tuesday,Not Used,PV,White,0,1,1,0,State Route,State Patrol,Washington State Patrol,0,1,0,0,0,,,,,,0.0,0.0,0.0,,,,,,,,,,,98.0,98.0,98.0,1.0,,,,,20.0,7.0,,,,,,,,1.0,0.0,,,,,,,99169,Washtucna,Ritzville