,index,Unnamed: 0,year,case,par,repjur,crash_dt,crash_tm,accday,accmon,holiday,county,co_char,city,weather,weather2,lightcond,surfcond,surftype,numfatal,nmforms,pforms,vforms,not_tm,arr_tm,hosp_tm,fhevent,hitrun,manncol,milepnt,reljunc,reljuncinter,intersectiontype,funcsystem,landuse,ownership,route,schlbus,spejur,contdev,devfunc,trafid1,trafid2,lon,lat,wk_zone,vnumber,crashtype,criticalevent,criticaleventcat,spdlim,body,trailer,emerg,hazcargo,leave,mhevent,roadalgn,roadprof,traflane,trafflow,vehmanvr,numoccs,regowner,regstate,spuse,make,model,modelyr,vrf1,vrf2,seqevent1,seqevent2,seqevent3,seqevent4,seqevent5,seqevent6,pnumber,ptype,age,sex,hispanic,race,injury,diedscene,restraint,restraintmisuse,seatpos,takehosp,death_dt,death_tm,cert,cernum_wa,commlic,licendor,licrestrict,liccomp,drivpres,drf1,drf2,drf3,drf4,distract1,distract2,distract3,distract4,distract5,distract6,dricond1,dricond2,dricond3,dricond4,dricond5,dricond6,dzip,licstate,drhgt_in,weight,noncdl,noncdltype,prevdwi,prevoth,prevacc,prevspd,prevsus,driviol1,driviol2,driviol3,driviol4,driviol5,driviol6,spdrel,first_dt,last_dt,airbag,ejection,ejectpath,extricat,injurwrk,methalc,methdrug,nmlocat,strikveh,prf1,prf2,prf3,druginv,alcinvol,drugsts,drugres1,drugres2,drugres3,drugtst1,drugtst2,drugtst3,alcsts,alctst,alcres,nmact1,nmact2,nmact3,nmact4,nmact5,nmact6,nmprior1,nmprior2,nmprior3,nmprior4,nmprior5,nmprior6,nmcond1,nmcond2,nmcond3,nmcond4,nmcond5,nmcond6,nmsafe_helmet,nmsafe_pads,nmsafe_oth,nmprev_ref,nmprev_lgt,nmprev_oth,crashlocation,nmcrashtype,crosswalk,schoolzone,sidewalk,train_inv,wildlife_inv,rotr_fars,intersect_fars,dd_inv,aid_inv,dpd_inv,id_inv,mj_inv,impnm_inv,ainm_inv,dpnm_inv,speed_inv,unlic_inv,unendmc_inv,drowsy_inv,drdist_inv,nmdist_inv,fty_inv,unrestfat_inv,dr1617_inv,dr1820_inv,dr1620_inv,dr2125_inv,dr1625_inv,dr65_inv,dr70_inv,dr75_inv,mc_inv,pv_inv,ht_inv,ped_inv,bike_inv,unrest_fat,mc_fat,unhelmet_mc,pv_fat,ht_fat,ped_fat,bike_fat,dr_alc7,dr_alc8,dr_drug,dr_imp,dr_dist,dr_spd,dr_fty,dr_unlic,dr_alc7only,dr_alc8only,dr_drugonly,dr_drink,nm_imp,nm_alc7,nm_alc8,nm_drug,nm_dist,agegrp1,agegrp2,roadclass,urbrur,dayweek,restuse,vehtype,race_me,intersect,lanedep,oppdir,wrongway,rep_typ,investag,repag_long,rotr,st_rd,cty_rd,city_rd,oth_rd,drug_thc,thc_res,drug_cthc,cthc_res,drug_cann,prevpersemin,prevperse,prevsusoth,drugtst4,drugtst5,drugtst6,drugtst7,drugtst8,drugres4,drugres5,drugres6,drugres7,drugres8,adspresent,adsengaged,adslevel,race1,race2,race3,race4,race5,helmet,helmetmisuse,nmdistract1,nmdistract2,nmdistract3,nmdistract4,nmdistract5,nmdistract6,lab,isedtcase,crf1,crf2,crf3,CoRoadName,CoMP,IntCoRoadName,IntCoMP,crashzip,dcity,crashcity
2388,2440,2440,2020,48,EA17799,8.0,2020-02-22,15:55,22,2,,9,Clallam,0,1,,1,1,2,1,0,7,3,16:17,16:35,17:09,12,0,1,268.3,2,0,3,3,1,1,2,0,0,0,0,US-101,LOUELLA RD,-123.0308306,48.038616667,0,3,98,98,7,50,14,0,0,1,2,12,3,1,2,1,14,4,1,53,0,48,401,2010,0,,12,,,,,,1,1,72,1,0.0,,1,0,3,0,11,5,,,,,0.0,0.0,0.0,3.0,1,0,,,,96,,,,,,0,,,,,,98271,53,73.0,195.0,6.0,1.0,0.0,0.0,0.0,0.0,,0,,,,,,0,,,8,0,0,0,8.0,3,2,,,0,,,8,0,0.0,0.0,,,0.0,,,2,95,0.0,,,,,,,,,,,,,,,,,,,,,,,,,,,,,,0,0,0,1,1,0,1,1,1,0,0,0,0,1,0,0,0,0,0,0,0,0,0,0,0,1,1,0,0,1,0,0,0,0,0,,0,0,0,0,0,0,0,0,0,0,0,0,0,0,0,0,,,,,,71-75,66-75,US highway,R,Saturday,Belt Used,PV,Not Fatal,1,0,0,0,State Route,State Patrol,Washington State Patrol,0,1,0,0,0,,,,,,0.0,0.0,0.0,,,,,,,,,,,98.0,98.0,98.0,0.0,,,,,20.0,7.0,,,,,,,,1.0,0.0,,,,,,,98382,Marysville,Sequim
2389,2441,2441,2020,49,EA18287,40.0,2020-02-25,19:47,25,2,,63,Spokane,0,1,,2,1,2,1,0,1,1,19:48,19:55,,1,0,0,2.4,1,0,1,6,1,2,4,0,0,0,0,CR-N RAMBO RD,,-117.6252583,47.671311111,0,1,98,13,2,45,34,0,0,1,5,1,1,1,2,1,1,1,2,53,0,20,481,1998,0,,63,69.0,68.0,64.0,69.0,1.0,1,1,46,1,7.0,,4,7,20,7,11,0,02/25/2020,20:35,53009939.0,9939.0,0.0,0.0,0.0,0.0,1,58,,,,96,,,,,,98,,,,,,99224,53,73.0,230.0,0.0,0.0,0.0,0.0,0.0,0.0,,0,,,,,,0,10/15/2017,02/15/2017,20,1,9,0,0.0,9,8,,,0,,,8,8,2.0,996.0,401.0,417.0,1.0,1.0,1.0,2,1,0.0,,,,,,,,,,,,,,,,,,,,,,,,,,,,,,0,0,0,0,0,0,1,1,1,0,0,0,0,1,0,0,0,0,0,1,0,0,0,0,0,0,0,0,0,1,0,0,0,1,0,,1,0,0,0,0,0,1,1,0,0,0,1,0,0,1,0,,,,,,46-50,46-55,County road,R,Tuesday,Not Used,PV,White,0,0,0,0,County Road,County Sheriff,Spokane County Sheriff's Office,0,0,1,0,0,thc,4.9,carboxy-thc,14.0,,0.0,0.0,2.0,1.0,1.0,1.0,,,155.0,189.0,695.0,605.0,,0.0,0.0,0.0,1.0,,,,,20.0,7.0,,,,,,,nms,1.0,0.0,,,RAMBO RD,2.41,,,99022,Spokane,Medical Lake
2390,2442,2442,2020,50,EA18986,14.0,2020-02-18,19:31,18,2,,11,Clark,0,1,,3,1,2,1,0,5,2,19:48,19:51,20:08,12,0,6,5.4,4,0,1,3,2,2,4,0,0,0,0,CR-NE 78TH ST,,-122.6339944,45.678741667,0,1,82,15,2,45,6,0,0,1,2,12,1,2,5,5,11,4,1,53,0,12,25,2017,0,,12,,,,,,1,1,54,2,7.0,,4,7,3,0,11,0,02/18/2020,19:31,53009825.0,9825.0,0.0,0.0,0.0,3.0,1,38,,,,96,,,,,,98,,,,,,98671,53,68.0,250.0,6.0,1.0,0.0,0.0,0.0,1.0,,0,,,,,,0,08/15/2018,08/15/2018,7,0,0,0,0.0,9,8,,,0,,,8,8,2.0,1.0,,,1.0,,,2,1,0.0,,,,,,,,,,,,,,,,,,,,,,,,,,,,,,0,0,0,0,0,0,0,0,0,0,0,0,1,0,0,0,0,0,1,0,0,0,0,0,0,0,0,0,0,1,0,0,0,0,0,,1,0,0,0,0,0,0,0,0,0,1,0,0,0,0,0,,,,,,51-55,46-55,County road,U,Tuesday,Belt Used,PV,White,0,0,0,0,County Road,County Sheriff,Clark County Sheriff's Office,0,0,1,0,0,,,,,,0.0,0.0,0.0,,,,,,,,,,,98.0,98.0,98.0,1.0,,,,,20.0,7.0,,,,,,,,1.0,0.0,,,NE 78TH ST,5.41,,,98665,Washougal,Vancouver
2391,2443,2443,2020,50,EA18986,14.0,2020-02-18,19:31,18,2,,11,Clark,0,1,,3,1,2,1,0,5,2,19:48,19:51,20:08,12,0,6,5.4,4,0,1,3,2,2,4,0,0,0,0,CR-NE 78TH ST,,-122.6339944,45.678741667,0,2,83,67,4,45,34,0,0,1,2,12,1,2,5,5,1,1,1,53,0,7,482,2010,0,,12,,,,,,1,1,35,2,0.0,,2,0,3,0,11,5,,,,,0.0,0.0,0.0,3.0,1,0,,,,96,,,,,,98,,,,,,98604,53,69.0,120.0,6.0,1.0,0.0,0.0,0.0,1.0,,0,,,,,,3,08/15/2017,08/15/2017,20,0,0,0,8.0,9,8,,,0,,,8,8,2.0,1.0,,,1.0,,,2,1,0.0,,,,,,,,,,,,,,,,,,,,,,,,,,,,,,0,0,0,0,0,0,0,0,0,0,0,0,1,0,0,0,0,0,1,0,0,0,0,0,0,0,0,0,0,1,0,0,0,0,0,,0,0,0,0,0,0,0,0,0,1,0,0,0,0,0,0,,,,,,31-35,26-35,County road,U,Tuesday,Belt Used,PV,Not Fatal,0,0,0,0,County Road,County Sheriff,Clark County Sheriff's Office,0,0,1,0,0,,,,,,0.0,0.0,0.0,,,,,,,,,,,98.0,98.0,98.0,0.0,,,,,20.0,7.0,,,,,,,,1.0,0.0,,,NE 78TH ST,5.41,,,98665,Battle Ground,Vancouver
2392,2444,2444,2020,51,3847626,263.0,2020-01-07,15:50,7,1,,33,King,1960,2,,1,2,2,1,1,1,1,15:52,15:55,16:23,8,0,0,0.0,3,0,2,4,2,4,6,0,0,0,0,S HOLGATE ST,8th Ave S,-122.3235167,47.586116667,0,1,13,81,5,98,4,0,0,1,8,8,1,2,4,1,1,1,2,53,0,49,32,2015,0,,8,,,,,,1,1,41,2,0.0,,0,0,3,0,11,0,,,,,0.0,0.0,3.0,3.0,1,0,,,,96,,,,,,0,,,,,,98108,53,60.0,135.0,6.0,1.0,0.0,0.0,0.0,0.0,,0,,,,,,0,,,20,0,0,0,8.0,3,8,,,0,,,8,8,0.0,0.0,,,0.0,,,8,95,995.0,,,,,,,,,,,,,,,,,,,,,,,,,,,,,,0,0,0,1,0,0,0,0,0,1,0,1,0,0,0,0,0,0,0,0,0,0,0,0,0,0,0,0,0,1,0,1,0,0,0,,0,0,0,0,0,0,0,0,0,0,0,0,0,0,0,0,,,,,,41-45,36-45,City street,U,Tuesday,Belt Used,PV,Not Fatal,1,0,0,0,City Street,Municipal/City Police,Seattle Police Department,0,0,0,1,0,,,,,,0.0,0.0,0.0,,,,,,,,,,,98.0,98.0,98.0,0.0,,,,,20.0,7.0,,,,,,,,1.0,0.0,,,,,,,98134,Seattle,Seattle
2393,2445,2445,2020,52,EA20417,278.0,2020-03-03,4:26,3,3,,63,Spokane,2110,1,,2,1,2,1,1,1,1,,,,8,0,0,271.8,3,0,3,3,2,1,2,0,0,0,0,US-2,LUCAS DR,-117.5461417,47.643130556,0,1,13,80,5,55,10,0,0,1,5,8,8,8,5,5,1,1,2,53,0,48,44,2006,0,,8,,,,,,1,1,21,2,0.0,,0,0,3,0,11,0,,,,,0.0,0.0,0.0,3.0,1,10,,,,0,,,,,,0,,,,,,99001,53,67.0,150.0,6.0,1.0,0.0,0.0,0.0,1.0,,0,,,,,,0,10/15/2016,10/15/2016,20,0,0,0,8.0,3,2,,,0,,,8,8,8.0,95.0,,,96.0,,,8,95,995.0,,,,,,,,,,,,,,,,,,,,,,,,,,,,,,0,0,0,1,0,0,0,0,0,1,0,1,0,0,0,0,0,0,0,0,0,0,0,1,1,0,0,0,0,1,0,1,0,0,0,,0,0,0,0,0,0,0,0,0,0,0,0,0,0,0,0,,,,,,21-25,16-25,US highway,U,Tuesday,Belt Used,PV,Not Fatal,0,0,0,0,State Route,Municipal/City Police,Spokane Police Department,0,1,0,0,0,,,,,,0.0,0.0,0.0,,,,,,,,,,,98.0,98.0,98.0,0.0,,,,,20.0,7.0,,,,,,,,1.0,0.0,,,,,,,99224,Airway Heights,Spokane
2394,2446,2446,2020,53,EA20934,35.0,2020-03-04,3:35,4,3,,53,Pierce,0,10,,2,2,2,1,0,1,1,,,,42,0,0,1.3,1,0,1,3,2,2,4,0,0,0,0,CR-SPANAWAY LOOP RD S,,-122.4583667,47.106936111,0,1,1,13,2,40,4,0,0,1,5,42,3,1,5,5,14,1,1,53,0,37,32,2007,0,,63,67.0,42.0,1.0,,,1,1,55,1,7.0,,4,7,3,0,11,0,03/04/2020,3:35,53010312.0,10312.0,0.0,0.0,0.0,3.0,1,0,,,,0,,,,,,1,,,,,,98387,53,67.0,160.0,6.0,1.0,0.0,1.0,0.0,0.0,,0,,,,,,3,01/15/2019,01/15/2019,2,0,0,0,0.0,9,8,,,0,,,8,8,2.0,401.0,417.0,407.0,1.0,1.0,1.0,2,1,0.0,,,,,,,,,,,,,,,,,,,,,,,,,,,,,,0,0,1,0,0,0,1,1,0,0,0,0,1,0,0,0,0,0,0,0,0,0,0,0,0,0,0,0,0,1,0,0,0,0,0,,1,0,0,0,0,0,1,1,0,1,0,0,0,0,1,0,,,,,,51-55,46-55,County road,U,Wednesday,Belt Used,PV,Black,0,1,0,0,County Road,County Sheriff,Law Enforcement Support Agency,1,0,1,0,0,,,,,,0.0,0.0,0.0,1.0,,,,,402.0,,,,,98.0,98.0,98.0,2.0,,,,,20.0,7.0,,,,,,,,1.0,0.0,,,SPANAWAY LOOP RD S,1.32,,,98387,Spanaway,Spanaway
2395,2447,2447,2020,54,EA21778,5.0,2020-02-24,0:42,24,2,,15,Cowlitz,1010,1,,2,1,2,1,0,1,1,,,,25,0,0,38.3,1,0,1,1,2,1,1,0,0,0,0,I-5,,-122.8915417,46.124344444,0,1,7,6,1,70,4,0,0,1,2,25,3,1,3,3,14,1,1,53,0,42,48,2007,0,,64,25.0,,,,,1,1,20,1,1.0,,4,7,20,7,11,0,02/24/2020,0:42,101053009545.0,9545.0,0.0,0.0,0.0,3.0,1,0,,,,96,,,,,,98,,,,,,98671,53,70.0,153.0,6.0,1.0,0.0,2.0,1.0,3.0,,0,,,,,,3,01/15/2015,08/15/2020,1,1,9,0,0.0,9,8,,,0,,,8,8,8.0,95.0,,,96.0,,,2,98,997.0,,,,,,,,,,,,,,,,,,,,,,,,,,,,,,0,0,0,0,0,0,0,0,0,0,0,0,1,0,0,0,0,0,0,1,0,1,1,0,1,0,0,0,0,1,0,0,0,1,0,,1,0,0,0,0,0,0,0,0,1,0,0,0,0,0,0,,,,,,18-20,16-25,Interstate,U,Monday,Not Used,PV,Hispanic,0,1,0,0,State Route,State Patrol,Washington State Patrol,1,1,0,0,0,,,,,,0.0,0.0,0.0,,,,,,,,,,,98.0,98.0,98.0,1.0,,,,,20.0,7.0,,,,,,,,1.0,0.0,,,,,,,98626,Washougal,Kelso
2396,2448,2448,2020,55,EA22120,8.0,2020-02-14,18:12,14,2,,45,Mason,0,10,,2,2,2,1,0,5,2,18:14,18:31,19:12,12,0,6,8.7,1,0,1,4,1,1,3,0,0,0,0,SR-108,,-123.1489028,47.103427778,0,1,66,6,1,50,2,0,0,1,2,12,3,1,2,1,6,1,2,53,0,37,32,2002,0,,68,12.0,,,,,1,1,25,1,7.0,,4,0,3,0,11,5,02/15/2020,18:46,196053008005.0,8005.0,0.0,0.0,0.0,3.0,1,33,,,,96,,,,,,98,,,,,,98592,53,76.0,185.0,6.0,1.0,0.0,5.0,0.0,0.0,,0,,,,,,4,01/15/2016,11/15/2020,8,0,0,0,0.0,9,8,,,0,,,8,8,2.0,695.0,605.0,,1.0,1.0,,2,1,0.0,,,,,,,,,,,,,,,,,,,,,,,,,,,,,,0,0,0,0,0,0,1,1,1,0,0,0,1,0,0,0,0,0,0,0,0,0,0,1,1,0,0,0,0,1,0,0,0,0,0,,1,0,0,0,0,0,1,1,0,1,0,0,0,0,1,0,,,,,,21-25,16-25,State route,R,Friday,Belt Used,PV,White,0,1,1,0,State Route,State Patrol,Washington State Patrol,0,1,0,0,0,thc,0.91,carboxy-thc,5.9,,0.0,0.0,1.0,,,,,,,,,,,98.0,98.0,98.0,1.0,,,,,20.0,7.0,,,,,,,nms,1.0,0.0,,,,,,,98584,Union,Shelton
2397,2449,2449,2020,55,EA22120,8.0,2020-02-14,18:12,14,2,,45,Mason,0,10,,2,2,2,1,0,5,2,18:14,18:31,19:12,12,0,6,8.7,1,0,1,4,1,1,3,0,0,0,0,SR-108,,-123.1489028,47.103427778,0,2,66,62,4,50,14,0,0,1,2,12,2,1,2,1,14,4,2,53,0,49,402,2020,0,,12,,,,,,1,1,37,1,0.0,,1,0,3,0,11,5,,,,,0.0,0.0,3.0,3.0,1,0,,,,96,,,,,,0,,,,,,98282,53,71.0,185.0,6.0,1.0,0.0,0.0,0.0,0.0,,0,,,,,,0,,,8,0,0,0,8.0,9,8,,,0,,,8,8,0.0,0.0,,,0.0,,,0,0,996.0,,,,,,,,,,,,,,,,,,,,,,,,,,,,,,0,0,0,0,0,0,1,1,1,0,0,0,1,0,0,0,0,0,0,0,0,0,0,1,1,0,0,0,0,1,0,0,0,0,0,,0,0,0,0,0,0,0,0,0,0,0,0,0,0,0,0,,,,,,36-40,36-45,State route,R,Friday,Belt Used,PV,Not Fatal,0,1,1,0,State Route,State Patrol,Washington State Patrol,0,1,0,0,0,,,,,,0.0,0.0,0.0,,,,,,,,,,,98.0,98.0,98.0,0.0,,,,,20.0,7.0,,,,,,,,1.0,0.0,,,,,,,98584,Camano Island,Shelton
2398,2450,2450,2020,56,EA22189,284.0,2020-03-08,4:38,8,3,,53,Pierce,2160,10,,6,2,5,1,0,1,5,4:39,4:49,,53,0,0,0.0,1,0,1,7,2,4,6,0,0,0,0,STEVENS ST,,-122.5909889,47.171669444,1,1,6,12,2,25,4,0,0,1,2,53,1,1,2,1,1,1,1,53,0,12,37,2010,0,,64,53.0,42.0,14.0,14.0,14.0,1,1,23,2,7.0,,4,7,99,7,11,0,03/08/2020,4:38,216053011286.0,11286.0,0.0,0.0,0.0,3.0,1,0,,,,96,,,,,,9,,,,,,98070,53,64.0,140.0,6.0,1.0,0.0,0.0,0.0,3.0,,0,,,,,,3,09/15/2017,04/15/2018,8,1,9,0,0.0,9,8,,,0,,,8,1,2.0,1.0,,,1.0,,,2,1,0.235,,,,,,,,,,,,,,,,,,,,,,,,,,,,,,0,0,1,0,1,1,0,1,0,0,0,0,1,0,0,0,0,0,0,0,0,0,0,1,1,0,0,0,0,1,0,0,0,0,0,,1,0,0,0,0,1,0,1,0,1,0,0,0,1,0,1,,,,,,21-25,16-25,City street,U,Sunday,Unknown,PV,White,0,1,0,0,City Street,Municipal/City Police,Steilacoom Police Department,1,0,0,1,0,,,,,,0.0,0.0,0.0,,,,,,,,,,,98.0,98.0,98.0,1.0,,,,,20.0,7.0,,,,,,,,1.0,14.0,,,,,,,98388,Vashon,Steilacoom
2399,2451,2451,2020,58,EA22810,14.0,2020-03-02,23:29,2,3,,11,Clark,0,10,,2,2,2,1,0,1,1,,,,39,0,0,1.0,1,0,1,5,2,2,4,0,0,0,0,CR-NE 117TH ST,,-122.6568528,45.705805556,0,1,6,9,1,35,4,0,0,1,2,39,1,2,1,2,1,1,1,53,0,7,20,2001,0,,64,65.0,64.0,39.0,1.0,,1,1,29,1,7.0,,4,7,3,0,11,0,03/02/2020,23:29,53010289.0,10289.0,0.0,0.0,0.0,3.0,1,58,,,,96,,,,,,98,,,,,,98686,53,70.0,170.0,6.0,1.0,0.0,1.0,3.0,2.0,,0,,,,,,4,10/15/2016,07/15/2019,8,0,0,0,0.0,9,8,,,0,,,8,8,2.0,1.0,,,1.0,,,2,1,0.069,,,,,,,,,,,,,,,,,,,,,,,,,,,,,,0,0,1,0,1,0,0,0,0,0,0,0,1,0,0,0,0,0,0,0,0,0,0,0,0,0,0,0,0,1,0,0,0,0,0,,1,0,0,0,1,0,0,0,0,1,0,0,1,0,0,1,,,,,,26-30,26-35,County road,U,Monday,Belt Used,PV,White,0,1,0,0,County Road,County Sheriff,Clark County Sheriff's Office,1,0,1,0,0,,,,,,0.0,0.0,0.0,,,,,,,,,,,98.0,98.0,98.0,1.0,,,,,20.0,7.0,,,,,,,,1.0,0.0,,,NE 117TH ST,1.02,,,98685,Vancouver,Vancouver
2400,2452,2452,2020,59,EA22930,25.0,2020-03-08,20:15,8,3,,33,King,0,1,,3,1,2,1,1,1,1,,,,8,0,0,3.1,3,0,3,4,2,2,4,0,0,0,0,CR-16th Ave SW,SW 110TH ST,-122.355125,47.504947222,0,1,13,80,5,35,4,0,0,1,5,8,1,1,5,5,1,1,1,53,0,37,32,2006,0,,8,,,,,,1,1,45,1,0.0,,0,0,3,0,11,0,,,,,0.0,0.0,0.0,3.0,1,10,,,,0,,,,,,0,,,,,,98118,53,72.0,190.0,6.0,1.0,0.0,0.0,0.0,0.0,,97,,,,,,0,,,20,0,0,0,8.0,3,2,,,0,,,8,8,0.0,0.0,,,0.0,,,0,0,996.0,,,,,,,,,,,,,,,,,,,,,,,,,,,,,,0,0,0,1,0,0,0,0,0,1,1,0,0,0,0,0,0,0,0,0,0,0,0,0,0,0,0,0,0,1,0,1,0,0,0,,0,0,0,0,0,0,0,0,0,0,0,0,0,0,0,0,,,,,,41-45,36-45,County road,U,Sunday,Belt Used,PV,Not Fatal,0,0,0,0,County Road,County Sheriff,King County Police,0,0,1,0,0,,,,,,0.0,0.0,0.0,,,,,,,,,,,98.0,98.0,98.0,0.0,,,,,20.0,7.0,,,,,,,,1.0,0.0,,,16 AVE SW,3.1,SW 110 ST,0.302,98146,Seattle,Seattle
2401,2453,2453,2020,60,EA23013,305.0,2020-03-07,15:46,7,3,,11,Clark,2370,2,,1,2,2,1,0,2,2,15:47,15:55,,12,0,6,0.0,3,0,6,5,2,4,6,0,0,0,0,NE 49TH ST,NE 137th Ave,-122.5319417,45.657138889,0,1,66,8,1,98,4,0,0,1,5,12,3,1,2,2,14,1,1,53,0,49,40,1993,0,,63,69.0,65.0,12.0,,,1,1,70,1,7.0,,4,7,20,7,11,0,03/07/2020,15:46,237053012511.0,12511.0,0.0,0.0,0.0,2.0,1,0,,,,0,,,,,,1,,,,,,98682,53,65.0,170.0,1.0,1.0,0.0,0.0,0.0,0.0,,0,,,,,,0,11/15/2016,03/15/2019,1,0,0,0,0.0,9,8,,,0,,,8,8,2.0,1.0,,,1.0,,,2,1,0.0,,,,,,,,,,,,,,,,,,,,,,,,,,,,,,0,0,0,1,0,0,0,0,0,0,0,0,0,1,0,0,0,0,0,1,0,0,0,0,0,1,1,0,0,1,0,0,0,1,0,,1,0,0,0,0,0,0,0,0,0,0,1,0,0,0,0,,,,,,66-70,66-75,City street,U,Saturday,Not Used,PV,White,1,0,0,0,City Street,Municipal/City Police,Vancouver Police Department,0,0,0,1,0,,,,,,0.0,0.0,2.0,,,,,,,,,,,0.0,0.0,0.0,1.0,,,,,20.0,7.0,,,,,,,,1.0,0.0,,,,,,,98682,Vancouver,Vancouver
2402,2454,2454,2020,60,EA23013,305.0,2020-03-07,15:46,7,3,,11,Clark,2370,2,,1,2,2,1,0,2,2,15:47,15:55,,12,0,6,0.0,3,0,6,5,2,4,6,0,0,0,0,NE 49TH ST,NE 137th Ave,-122.5319417,45.657138889,0,2,66,62,4,35,15,0,0,1,5,12,2,1,2,2,14,1,1,53,0,37,422,2019,0,,12,,,,,,1,1,41,2,0.0,,0,0,3,0,11,0,,,,,0.0,0.0,0.0,3.0,1,0,,,,96,,,,,,0,,,,,,98682,53,63.0,165.0,6.0,1.0,0.0,0.0,0.0,0.0,,0,,,,,,0,,,20,0,0,0,8.0,9,8,,,0,,,8,8,8.0,95.0,,,96.0,,,8,95,995.0,,,,,,,,,,,,,,,,,,,,,,,,,,,,,,0,0,0,1,0,0,0,0,0,0,0,0,0,1,0,0,0,0,0,1,0,0,0,0,0,1,1,0,0,1,0,0,0,0,0,,0,0,0,0,0,0,0,0,0,0,0,0,0,0,0,0,,,,,,41-45,36-45,City street,U,Saturday,Belt Used,PV,Not Fatal,1,0,0,0,City Street,Municipal/City Police,Vancouver Police Department,0,0,0,1,0,,,,,,0.0,0.0,0.0,,,,,,,,,,,98.0,98.0,98.0,0.0,,,,,20.0,7.0,,,,,,,,1.0,0.0,,,,,,,98682,Vancouver,Vancouver
2403,2455,2455,2020,61,EA23371,305.0,2020-03-12,5:19,12,3,,11,Clark,2370,1,,3,1,2,1,1,1,1,5:20,5:28,5:45,8,0,0,0.0,1,0,1,3,2,4,6,0,0,0,0,NE ANDRESEN RD,,-122.6021806,45.658930556,0,1,13,80,5,40,4,0,0,1,2,8,1,3,2,2,1,1,1,41,0,48,34,2011,0,,8,,,,,,1,1,27,1,0.0,,2,0,3,0,11,8,,,,,0.0,0.0,0.0,3.0,1,10,,,,0,,,,,,0,,,,,,97006,41,71.0,170.0,6.0,1.0,0.0,0.0,0.0,0.0,,0,,,,,,0,,,20,0,0,0,8.0,1,8,,,0,,,8,0,2.0,695.0,605.0,,1.0,1.0,,2,1,0.0,,,,,,,,,,,,,,,,,,,,,,,,,,,,,,0,0,0,0,0,0,1,1,1,1,1,1,0,0,0,0,0,0,0,0,0,0,0,0,0,0,0,0,0,1,0,1,0,0,0,,0,0,0,0,0,0,1,1,0,0,0,0,0,0,1,0,,,,,,26-30,26-35,City street,U,Thursday,Belt Used,PV,Not Fatal,0,0,0,0,City Street,Municipal/City Police,Vancouver Police Department,0,0,0,1,0,thc,6.1,carboxy-thc,98.0,,0.0,0.0,0.0,,,,,,,,,,,98.0,98.0,98.0,0.0,,,,,20.0,7.0,,,,,,,,1.0,0.0,,,,,,,98661,Beaverton,Vancouver
2404,2456,2456,2020,62,EA23540,278.0,2020-03-03,0:11,3,3,,63,Spokane,2110,1,,3,1,2,1,0,1,1,0:13,0:17,,59,0,0,0.0,1,0,1,3,2,4,6,0,0,0,0,N HAMILTON ST,,-117.3965222,47.677066667,0,1,1,13,2,98,6,0,0,1,2,19,1,1,5,1,1,1,1,53,0,18,24,2012,0,,63,59.0,46.0,19.0,,,1,1,57,1,7.0,,4,7,99,7,11,0,03/03/2020,0:11,211053010821.0,10821.0,0.0,0.0,0.0,3.0,1,0,,,,92,,,,,,98,,,,,,98507,53,66.0,200.0,6.0,1.0,0.0,0.0,0.0,0.0,,0,,,,,,0,,,1,0,0,0,0.0,9,8,,,0,,,8,8,2.0,1.0,,,1.0,,,2,1,0.089,,,,,,,,,,,,,,,,,,,,,,,,,,,,,,0,0,1,0,1,1,0,1,0,0,0,0,0,0,0,0,1,0,0,0,0,0,0,0,0,0,0,0,0,1,0,0,0,0,0,,1,0,0,0,0,1,0,1,1,0,0,0,0,1,0,1,,,,,,56-60,56-65,City street,U,Tuesday,Unknown,PV,White,0,1,0,0,City Street,Municipal/City Police,Spokane Police Department,1,0,0,1,0,,,,,,0.0,0.0,0.0,,,,,,,,,,,98.0,98.0,98.0,1.0,,,,,20.0,7.0,,,,,,,,1.0,0.0,,,,,,,99207,Olympia,Spokane
2405,2457,2457,2020,63,EA23541,3.0,2020-03-11,18:57,11,3,,53,Pierce,2230,1,,1,1,2,2,0,3,1,,,,33,0,0,0.0,3,0,3,3,2,1,3,0,0,0,0,SR-509,S 32ND ST,-122.4340361,47.232161111,0,1,6,12,2,35,4,0,0,1,2,1,1,2,4,1,1,3,2,53,0,12,37,2007,0,,68,64.0,33.0,38.0,1.0,,1,1,45,1,7.0,,4,7,20,7,11,0,03/11/2020,18:57,223053011887.0,11887.0,0.0,0.0,0.0,3.0,1,0,,,,96,,,,,,9,,,,,,98040,53,71.0,170.0,6.0,1.0,0.0,0.0,0.0,1.0,,0,,,,,,0,10/15/2015,10/15/2015,1,0,0,0,0.0,9,8,,,0,,,8,1,2.0,401.0,417.0,605.0,1.0,1.0,1.0,2,1,0.0,,,,,,,,,,,,,,,,,,,,,,,,,,,,,,0,0,1,1,1,0,1,1,1,0,0,0,0,0,0,0,0,0,0,1,0,0,0,0,0,0,0,0,0,1,0,0,0,1,0,,1,0,0,0,0,0,1,1,0,0,0,0,0,0,1,1,,,,,,41-45,36-45,State route,U,Wednesday,Not Used,PV,Black,0,1,0,0,City Street,State Patrol,Washington State Patrol,1,0,0,1,0,thc,4.5,,,,0.0,0.0,0.0,,,,,,,,,,,98.0,98.0,98.0,2.0,,,,,20.0,7.0,,,,,,,nms,1.0,0.0,,,,,,,98418,Mercer Island,Tacoma