,index,Unnamed: 0,year,case,par,repjur,crash_dt,crash_tm,accday,accmon,holiday,county,co_char,city,weather,weather2,lightcond,surfcond,surftype,numfatal,nmforms,pforms,vforms,not_tm,arr_tm,hosp_tm,fhevent,hitrun,manncol,milepnt,reljunc,reljuncinter,intersectiontype,funcsystem,landuse,ownership,route,schlbus,spejur,contdev,devfunc,trafid1,trafid2,lon,lat,wk_zone,vnumber,crashtype,criticalevent,criticaleventcat,spdlim,body,trailer,emerg,hazcargo,leave,mhevent,roadalgn,roadprof,traflane,trafflow,vehmanvr,numoccs,regowner,regstate,spuse,make,model,modelyr,vrf1,vrf2,seqevent1,seqevent2,seqevent3,seqevent4,seqevent5,seqevent6,pnumber,ptype,age,sex,hispanic,race,injury,diedscene,restraint,restraintmisuse,seatpos,takehosp,death_dt,death_tm,cert,cernum_wa,commlic,licendor,licrestrict,liccomp,drivpres,drf1,drf2,drf3,drf4,distract1,distract2,distract3,distract4,distract5,distract6,dricond1,dricond2,dricond3,dricond4,dricond5,dricond6,dzip,licstate,drhgt_in,weight,noncdl,noncdltype,prevdwi,prevoth,prevacc,prevspd,prevsus,driviol1,driviol2,driviol3,driviol4,driviol5,driviol6,spdrel,first_dt,last_dt,airbag,ejection,ejectpath,extricat,injurwrk,methalc,methdrug,nmlocat,strikveh,prf1,prf2,prf3,druginv,alcinvol,drugsts,drugres1,drugres2,drugres3,drugtst1,drugtst2,drugtst3,alcsts,alctst,alcres,nmact1,nmact2,nmact3,nmact4,nmact5,nmact6,nmprior1,nmprior2,nmprior3,nmprior4,nmprior5,nmprior6,nmcond1,nmcond2,nmcond3,nmcond4,nmcond5,nmcond6,nmsafe_helmet,nmsafe_pads,nmsafe_oth,nmprev_ref,nmprev_lgt,nmprev_oth,crashlocation,nmcrashtype,crosswalk,schoolzone,sidewalk,train_inv,wildlife_inv,rotr_fars,intersect_fars,dd_inv,aid_inv,dpd_inv,id_inv,mj_inv,impnm_inv,ainm_inv,dpnm_inv,speed_inv,unlic_inv,unendmc_inv,drowsy_inv,drdist_inv,nmdist_inv,fty_inv,unrestfat_inv,dr1617_inv,dr1820_inv,dr1620_inv,dr2125_inv,dr1625_inv,dr65_inv,dr70_inv,dr75_inv,mc_inv,pv_inv,ht_inv,ped_inv,bike_inv,unrest_fat,mc_fat,unhelmet_mc,pv_fat,ht_fat,ped_fat,bike_fat,dr_alc7,dr_alc8,dr_drug,dr_imp,dr_dist,dr_spd,dr_fty,dr_unlic,dr_alc7only,dr_alc8only,dr_drugonly,dr_drink,nm_imp,nm_alc7,nm_alc8,nm_drug,nm_dist,agegrp1,agegrp2,roadclass,urbrur,dayweek,restuse,vehtype,race_me,intersect,lanedep,oppdir,wrongway,rep_typ,investag,repag_long,rotr,st_rd,cty_rd,city_rd,oth_rd,drug_thc,thc_res,drug_cthc,cthc_res,drug_cann,prevpersemin,prevperse,prevsusoth,drugtst4,drugtst5,drugtst6,drugtst7,drugtst8,drugres4,drugres5,drugres6,drugres7,drugres8,adspresent,adsengaged,adslevel,race1,race2,race3,race4,race5,helmet,helmetmisuse,nmdistract1,nmdistract2,nmdistract3,nmdistract4,nmdistract5,nmdistract6,lab,isedtcase,crf1,crf2,crf3,CoRoadName,CoMP,IntCoRoadName,IntCoMP,crashzip,dcity,crashcity
2406,2458,2458,2020,64,EA23857,1.0,2020-03-01,1:47,1,3,,77,Yakima,0,1,,6,1,2,1,1,3,1,,,,8,0,0,68.8,1,0,1,4,2,1,2,0,3,0,0,US-97,,-120.430275,46.449313889,0,1,13,80,5,55,66,1,0,1,5,8,2,1,2,3,14,3,3,53,0,82,881,2001,0,,8,,,,,,1,1,53,1,0.0,,0,0,3,0,11,0,,,,,6.0,1.0,0.0,3.0,1,0,,,,96,,,,,,0,,,,,,98903,53,63.0,165.0,6.0,1.0,0.0,0.0,0.0,0.0,,0,,,,,,0,,,20,0,0,0,8.0,9,8,,,0,,,8,8,0.0,0.0,,,0.0,,,0,0,996.0,,,,,,,,,,,,,,,,,,,,,,,,,,,,,,0,0,0,0,0,0,0,0,0,1,1,1,0,0,0,0,0,0,0,0,0,0,0,0,0,0,0,0,0,0,1,1,0,0,0,,0,0,0,0,0,0,0,0,0,0,0,0,0,0,0,0,,,,,,51-55,46-55,US highway,U,Sunday,,MHTRUCK,Not Fatal,0,0,0,0,State Route,State Patrol,Washington State Patrol,0,1,0,0,0,,,,,,0.0,0.0,0.0,,,,,,,,,,,98.0,98.0,98.0,0.0,,,,,20.0,7.0,,,,,,,,1.0,0.0,,,,,,,98951,Yakima,Wapato
2407,2459,2459,2020,65,EA24118,1.0,2020-03-14,21:04,14,3,,5,Benton,0,1,,2,1,1,1,0,1,1,,,,1,0,0,101.0,1,0,1,1,2,1,1,0,0,0,0,I-82,,-119.3865583,46.258536111,0,1,1,13,2,70,16,0,0,1,2,1,1,1,2,3,1,1,1,53,0,20,431,1996,0,,63,1.0,,,,,1,1,32,2,7.0,,4,7,3,0,11,0,03/14/2020,21:04,53012610.0,12610.0,0.0,0.0,0.0,3.0,1,58,,,,96,,,,,,98,,,,,,99336,53,67.0,208.0,6.0,1.0,0.0,0.0,0.0,2.0,,0,,,,,,0,12/15/2018,07/15/2019,20,0,0,0,0.0,9,8,,,0,,,8,9,2.0,605.0,,,1.0,,,2,1,0.0,,,,,,,,,,,,,,,,,,,,,,,,,,,,,,0,0,1,0,0,0,1,1,1,0,0,0,0,0,0,0,0,0,0,0,0,0,0,0,0,0,0,0,0,1,0,0,0,0,0,,1,0,0,0,0,0,1,1,0,0,0,0,0,0,1,0,,,,,,31-35,26-35,Interstate,U,Saturday,Belt Used,PV,White,0,0,0,0,State Route,State Patrol,Washington State Patrol,0,1,0,0,0,thc,0.61,,,,0.0,0.0,2.0,,,,,,,,,,,0.0,0.0,0.0,1.0,,,,,20.0,7.0,,,,,,,nms,1.0,0.0,,,,,,,99320,Kennewick,Benton City
2408,2460,2460,2020,66,EA24161,305.0,2020-03-15,21:56,15,3,,11,Clark,2370,1,,3,1,2,1,1,1,1,23:23,0:05,,8,0,0,0.0,3,0,2,3,2,4,6,0,0,3,3,E FOURTH PLAIN BLVD,FORT VANCOUVER WAY,-122.647925,45.638530556,0,1,13,80,5,30,6,0,0,1,2,8,1,1,4,2,1,1,1,53,0,12,24,2008,0,,8,,,,,,1,1,64,1,0.0,,0,0,3,0,11,0,,,,,0.0,0.0,3.0,3.0,1,0,,,,96,,,,,,9,,,,,,98310,53,78.0,200.0,6.0,1.0,0.0,1.0,2.0,9.0,,97,,,,,,0,09/15/2015,06/15/2019,20,0,0,0,8.0,9,8,,,0,,,8,1,2.0,695.0,605.0,189.0,1.0,1.0,1.0,2,1,0.039,,,,,,,,,,,,,,,,,,,,,,,,,,,,,,0,0,0,1,1,0,1,1,1,1,0,1,0,0,0,0,0,0,0,0,0,0,0,0,0,0,0,0,0,1,0,1,0,0,0,,0,0,0,0,1,0,1,1,0,0,0,0,0,0,0,1,,,,,,61-65,56-65,City street,U,Sunday,Belt Used,PV,Not Fatal,1,0,0,0,City Street,Municipal/City Police,Vancouver Police Department,0,0,0,1,0,thc,29.0,carboxy-thc,888.0,,0.0,0.0,0.0,1.0,1.0,,,,321.0,351.0,,,,98.0,98.0,98.0,0.0,,,,,20.0,7.0,,,,,,,,1.0,0.0,,,,,,,98661,Bremerton,Vancouver
2409,2461,2461,2020,67,EA24052,5.0,2020-03-12,14:17,12,3,,59,Skamania,0,1,,1,1,2,1,0,4,3,14:18,14:28,15:13,12,0,8,36.0,1,0,1,3,1,1,3,0,0,0,0,SR-14,,-121.9999917,45.635936111,0,1,64,10,2,55,4,0,0,1,2,12,2,1,2,1,14,2,1,53,0,59,31,2005,0,,68,12.0,12.0,63.0,35.0,,1,1,57,2,7.0,,4,7,3,0,11,0,03/12/2020,14:17,53012410.0,12410.0,0.0,0.0,0.0,3.0,1,28,,,,92,,,,,,98,,,,,,98648,53,71.0,240.0,6.0,1.0,0.0,0.0,0.0,0.0,,0,,,,,,0,,,8,0,0,0,0.0,9,8,,,0,,,8,8,0.0,0.0,,,0.0,,,2,4,0.0,,,,,,,,,,,,,,,,,,,,,,,,,,,,,,0,0,0,0,0,0,0,0,0,0,0,0,0,0,0,0,1,0,0,0,0,0,0,0,0,0,0,0,0,1,1,0,0,0,0,,1,0,0,0,0,0,0,0,1,0,0,0,0,0,0,0,,,,,,56-60,56-65,State route,R,Thursday,Belt Used,PV,White,0,1,1,0,State Route,State Patrol,Washington State Patrol,0,1,0,0,0,,,,,,0.0,0.0,0.0,,,,,,,,,,,98.0,98.0,98.0,1.0,,,,,20.0,7.0,,,,,,,,1.0,0.0,,,,,,,98648,Stevenson,Stevenson
2410,2462,2462,2020,67,EA24052,5.0,2020-03-12,14:17,12,3,,59,Skamania,0,1,,1,1,2,1,0,4,3,14:18,14:28,15:13,12,0,8,36.0,1,0,1,3,1,1,3,0,0,0,0,SR-14,,-121.9999917,45.635936111,0,2,65,62,4,55,66,0,0,1,2,12,3,1,2,1,14,1,3,53,0,98,809,2000,0,,12,,,,,,1,1,61,1,0.0,,0,0,3,0,11,0,,,,,6.0,1.0,0.0,3.0,1,0,,,,96,,,,,,0,,,,,,99362,53,70.0,245.0,6.0,1.0,0.0,0.0,0.0,1.0,,0,,,,,,0,03/15/2017,03/15/2017,20,0,0,0,8.0,9,8,,,0,,,8,8,0.0,0.0,,,0.0,,,0,0,996.0,,,,,,,,,,,,,,,,,,,,,,,,,,,,,,0,0,0,0,0,0,0,0,0,0,0,0,0,0,0,0,1,0,0,0,0,0,0,0,0,0,0,0,0,1,1,0,0,0,0,,0,0,0,0,0,0,0,0,0,0,0,0,0,0,0,0,,,,,,61-65,56-65,State route,R,Thursday,,MHTRUCK,Not Fatal,0,1,1,0,State Route,State Patrol,Washington State Patrol,0,1,0,0,0,,,,,,0.0,0.0,0.0,,,,,,,,,,,98.0,98.0,98.0,0.0,,,,,20.0,7.0,,,,,,,,1.0,0.0,,,,,,,98648,Walla Walla,Stevenson
2411,2463,2463,2020,67,EA24052,5.0,2020-03-12,14:17,12,3,,59,Skamania,0,1,,1,1,2,1,0,4,3,14:18,14:28,15:13,12,0,8,36.0,1,0,1,3,1,1,3,0,0,0,0,SR-14,,-121.9999917,45.635936111,0,3,98,62,4,55,61,1,0,1,2,12,2,1,2,1,14,1,3,30,0,12,881,2019,0,,12,,,,,,1,1,40,1,0.0,,0,0,3,0,11,0,,,,,0.0,0.0,0.0,3.0,1,0,,,,96,,,,,,0,,,,,,59932,30,,999.0,6.0,1.0,0.0,0.0,98.0,0.0,,0,,,,,,0,,,20,0,0,0,8.0,9,8,,,0,,,8,8,0.0,0.0,,,0.0,,,0,0,996.0,,,,,,,,,,,,,,,,,,,,,,,,,,,,,,0,0,0,0,0,0,0,0,0,0,0,0,0,0,0,0,1,0,0,0,0,0,0,0,0,0,0,0,0,1,1,0,0,0,0,,0,0,0,0,0,0,0,0,0,0,0,0,0,0,0,0,,,,,,36-40,36-45,State route,R,Thursday,,MHTRUCK,Not Fatal,0,1,1,0,State Route,State Patrol,Washington State Patrol,0,1,0,0,0,,,,,,0.0,0.0,0.0,,,,,,,,,,,98.0,98.0,98.0,0.0,,,,,20.0,7.0,,,,,,,,1.0,0.0,,,,,,,98648,Somers,Stevenson
2412,2464,2464,2020,68,EA24602,1.0,2020-03-11,20:45,11,3,,5,Benton,0,1,,2,1,1,1,0,4,2,21:50,22:02,22:31,12,0,1,103.5,1,0,1,1,2,1,1,0,0,0,0,I-82,,-119.3553306,46.230277778,0,2,98,50,3,70,4,0,0,1,2,12,1,1,2,2,1,3,1,53,0,59,31,2002,0,,12,,,,,,1,1,51,2,0.0,,0,0,3,0,11,0,,,,,0.0,0.0,3.0,3.0,1,0,,,,96,,,,,,0,,,,,,99338,53,66.0,155.0,6.0,1.0,0.0,0.0,1.0,1.0,,0,,,,,,0,07/15/2018,03/15/2018,1,0,0,0,8.0,9,8,,,0,,,8,8,8.0,95.0,,,96.0,,,8,95,995.0,,,,,,,,,,,,,,,,,,,,,,,,,,,,,,0,0,0,0,0,0,0,0,0,0,0,0,0,0,0,0,0,0,0,0,0,0,0,0,0,0,0,0,0,1,0,0,0,0,0,,0,0,0,0,0,0,0,0,0,0,0,0,0,0,0,0,,,,,,51-55,46-55,Interstate,U,Wednesday,Belt Used,PV,Not Fatal,0,0,0,0,State Route,State Patrol,Washington State Patrol,0,1,0,0,0,,,,,,0.0,0.0,0.0,,,,,,,,,,,98.0,98.0,98.0,0.0,,,,,20.0,7.0,,,,,,,,1.0,23.0,,,,,,,99338,Kennewick,Kennewick
2413,2465,2465,2020,69,EA24930,5.0,2020-03-06,15:50,6,3,,11,Clark,0,2,,1,2,2,3,0,5,2,,,,12,0,2,5.4,1,0,1,3,2,1,3,0,0,0,0,SR-503,,-122.5514389,45.7455,0,1,50,10,2,55,5,0,0,1,2,12,2,2,5,5,14,1,2,53,0,30,42,2015,0,,68,12.0,,,,,1,1,41,2,7.0,,4,7,3,0,11,0,03/06/2020,15:50,10753011063.0,11063.0,0.0,0.0,0.0,3.0,1,28,,,,96,,,,,,98,,,,,,98604,53,61.0,185.0,6.0,1.0,0.0,0.0,0.0,1.0,,0,,,,,,3,07/15/2017,07/15/2017,8,0,0,0,0.0,9,8,,,0,,,8,8,2.0,401.0,417.0,308.0,1.0,1.0,1.0,2,1,0.0,,,,,,,,,,,,,,,,,,,,,,,,,,,,,,0,0,0,0,0,0,1,1,0,0,0,0,1,0,0,0,0,0,0,1,0,0,0,0,0,0,0,0,0,1,0,0,0,0,0,,1,0,0,0,0,0,1,1,0,1,0,0,0,0,1,0,,,,,,41-45,36-45,State route,U,Friday,Belt Used,PV,White,0,0,0,1,State Route,State Patrol,Washington State Patrol,0,1,0,0,0,,,,,,0.0,0.0,0.0,1.0,1.0,,,,151.0,996.0,,,,98.0,98.0,98.0,1.0,,,,,20.0,7.0,,,,,,,,1.0,0.0,,,,,,,98606,Battle Ground,Brush Prairie
2414,2466,2466,2020,69,EA24930,5.0,2020-03-06,15:50,6,3,,11,Clark,0,2,,1,2,2,3,0,5,2,,,,12,0,2,5.4,1,0,1,3,2,1,3,0,0,0,0,SR-503,,-122.5514389,45.7455,0,2,51,62,4,55,20,0,0,1,2,12,3,2,5,5,14,4,2,53,0,37,441,2007,0,,12,,,,,,1,1,31,2,7.0,,4,7,3,0,11,0,03/06/2020,15:50,10753012046.0,12046.0,0.0,0.0,3.0,3.0,1,0,,,,96,,,,,,0,,,,,,98606,53,60.0,160.0,6.0,1.0,0.0,0.0,0.0,1.0,,0,,,,,,0,07/15/2016,07/15/2016,8,0,0,0,0.0,9,8,,,0,,,8,8,2.0,1.0,,,1.0,,,2,1,0.0,,,,,,,,,,,,,,,,,,,,,,,,,,,,,,0,0,0,0,0,0,1,1,0,0,0,0,1,0,0,0,0,0,0,1,0,0,0,0,0,0,0,0,0,1,0,0,0,0,0,,1,0,0,0,0,0,0,0,0,0,0,0,0,0,0,0,,,,,,31-35,26-35,State route,U,Friday,Belt Used,PV,White,0,0,0,1,State Route,State Patrol,Washington State Patrol,0,1,0,0,0,,,,,,0.0,0.0,0.0,,,,,,,,,,,98.0,98.0,98.0,1.0,,,,,20.0,7.0,,,,,,,,1.0,0.0,,,,,,,98606,Brush Prairie,Brush Prairie
2415,2467,2467,2020,70,EA25184,206.0,2020-01-06,7:42,6,1,,61,Snohomish,1407,10,,1,1,2,1,0,1,1,,,,30,0,0,0.0,1,0,1,4,2,4,6,0,0,0,0,44TH AVE W,,-122.2923194,47.799805556,0,1,6,8,1,30,14,0,0,1,2,2,1,1,4,1,1,1,2,53,0,35,401,2008,0,,68,64.0,30.0,38.0,39.0,19.0,1,1,27,2,7.0,,4,7,99,7,11,0,01/06/2020,7:42,140753002936.0,2936.0,0.0,0.0,0.0,2.0,1,0,,,,0,,,,,,1,,,,,,98466,53,64.0,115.0,1.0,1.0,0.0,0.0,2.0,0.0,,0,,,,,,0,07/15/2018,02/15/2019,99,0,0,0,0.0,9,8,,,0,,,8,8,2.0,695.0,605.0,,1.0,1.0,,2,1,0.0,,,,,,,,,,,,,,,,,,,,,,,,,,,,,,0,0,1,0,0,0,1,1,1,0,0,0,0,1,0,0,0,0,0,0,0,0,0,0,0,0,0,0,0,1,0,0,0,0,0,,1,0,0,0,0,0,1,1,0,0,0,1,0,0,1,0,,,,,,26-30,26-35,City street,U,Monday,Unknown,PV,Multiracial,0,1,0,0,City Street,Municipal/City Police,Mountlake Terrace Police Department,1,0,0,1,0,thc,41.0,carboxy-thc,160.0,,0.0,0.0,1.0,,,,,,,,,,,98.0,98.0,98.0,201.0,203.0,,,,20.0,7.0,,,,,,,nms,1.0,0.0,,,,,,,98043,Tacoma,Mountlake Terrace
2416,2468,2468,2020,71,EA25233,3.0,2020-03-08,22:10,8,3,,67,Thurston,2320,1,,3,1,2,1,0,1,1,,,,1,0,0,0.2,5,1,1,1,2,1,1,0,0,0,0,I-5,,-122.9118806,47.0014,0,1,6,12,2,98,4,0,0,1,2,1,2,2,1,6,14,1,1,53,0,30,40,2018,0,,64,1.0,42.0,,,,1,1,30,2,7.0,,4,7,3,0,11,0,03/08/2020,22:19,232053011458.0,11458.0,0.0,0.0,0.0,3.0,1,0,,,,92,,,,,,98,,,,,,98502,53,66.0,150.0,6.0,1.0,0.0,2.0,1.0,0.0,,0,,,,,,4,03/15/2018,01/15/2018,8,0,0,0,0.0,9,8,,,0,,,8,8,2.0,1.0,,,1.0,,,2,1,0.219,,,,,,,,,,,,,,,,,,,,,,,,,,,,,,0,0,1,0,1,1,0,1,0,0,0,0,1,0,0,0,1,0,0,0,0,0,0,0,0,0,0,0,0,1,0,0,0,0,0,,1,0,0,0,0,1,0,1,1,1,0,0,0,1,0,1,,,,,,26-30,26-35,Interstate,U,Sunday,Belt Used,PV,White,0,1,0,0,State Route,State Patrol,Washington State Patrol,1,1,0,0,0,,,,,,0.0,0.0,0.0,,,,,,,,,,,98.0,98.0,98.0,1.0,,,,,20.0,7.0,,,,,,,,1.0,0.0,,,,,,,98512,Olympia,Olympia
2417,2469,2469,2020,74,3856804,263.0,2020-01-18,2:58,18,1,,33,King,1960,2,,3,2,1,1,0,3,2,,,,12,0,2,0.0,2,0,2,3,2,4,6,0,0,3,3,RAINIER AVE S,S MASSACHUSETTS ST,-122.3058306,47.588422222,0,1,50,10,2,30,4,0,0,1,2,12,1,1,4,1,1,2,2,53,0,49,40,1996,0,,12,,,,,,1,1,23,1,7.0,,4,7,3,0,11,0,01/18/2020,2:58,196053002903.0,2903.0,0.0,0.0,3.0,3.0,1,28,,,,96,,,,,,0,,,,,,98118,53,77.0,230.0,6.0,1.0,0.0,0.0,1.0,0.0,,0,,,,,,0,11/15/2018,11/15/2018,8,0,0,0,0.0,9,1,,,0,,,1,8,2.0,695.0,605.0,,1.0,1.0,,2,1,0.169,,,,,,,,,,,,,,,,,,,,,,,,,,,,,,0,0,0,1,1,1,1,1,1,0,0,0,0,0,0,0,0,0,0,0,0,0,0,1,1,0,0,0,0,1,0,0,0,0,0,,1,0,0,0,0,1,1,1,0,0,0,0,0,0,0,1,,,,,,21-25,16-25,City street,U,Saturday,Belt Used,PV,API,0,1,1,0,City Street,Municipal/City Police,Seattle Police Department,0,0,0,1,0,thc,11.0,carboxy-thc,27.0,,0.0,0.0,0.0,,,,,,,,,,,0.0,0.0,0.0,38.0,,,,,20.0,7.0,,,,,,,nms,1.0,0.0,,,,,,,98144,Seattle,Seattle
2418,2470,2470,2020,74,3856804,263.0,2020-01-18,2:58,18,1,,33,King,1960,2,,3,2,1,1,0,3,2,,,,12,0,2,0.0,2,0,2,3,2,4,6,0,0,3,3,RAINIER AVE S,S MASSACHUSETTS ST,-122.3058306,47.588422222,0,2,51,62,4,30,4,0,0,1,2,12,1,1,4,1,1,1,1,53,0,49,40,1998,0,,12,,,,,,1,1,47,1,0.0,,1,0,3,0,11,5,,,,,0.0,0.0,0.0,3.0,1,0,,,,96,,,,,,0,,,,,,98108,53,68.0,170.0,6.0,1.0,0.0,1.0,2.0,0.0,,0,,,,,,0,11/15/2016,07/15/2016,8,0,0,0,8.0,9,8,,,0,,,8,8,8.0,95.0,,,96.0,,,8,95,995.0,,,,,,,,,,,,,,,,,,,,,,,,,,,,,,0,0,0,1,1,1,1,1,1,0,0,0,0,0,0,0,0,0,0,0,0,0,0,1,1,0,0,0,0,1,0,0,0,0,0,,0,0,0,0,0,0,0,0,0,0,0,0,0,0,0,0,,,,,,46-50,46-55,City street,U,Saturday,Belt Used,PV,Not Fatal,0,1,1,0,City Street,Municipal/City Police,Seattle Police Department,0,0,0,1,0,,,,,,0.0,0.0,0.0,,,,,,,,,,,0.0,0.0,0.0,0.0,,,,,20.0,7.0,,,,,,,,1.0,0.0,,,,,,,98144,Seattle,Seattle
2419,2471,2471,2020,75,EA09339,122.0,2020-01-24,16:20,24,1,,61,Snohomish,690,1,,1,1,2,1,1,1,1,16:21,16:26,16:50,8,0,0,0.0,1,0,1,4,2,4,6,0,0,0,0,S 2ND AVE,,-122.1955028,47.954636111,0,1,13,80,5,30,2,0,0,1,5,8,3,2,2,1,1,1,1,53,0,14,4,1996,0,,63,8.0,,,,,1,1,42,1,0.0,,0,0,3,0,11,0,,,,,0.0,0.0,0.0,3.0,1,91,,,,96,,,,,,9,,,,,,98270,53,62.0,108.0,6.0,1.0,0.0,1.0,1.0,0.0,,2,12.0,,,,,0,09/15/2015,02/15/2016,1,0,0,0,8.0,9,8,,,0,,,1,1,2.0,695.0,605.0,,1.0,1.0,,2,1,0.11,,,,,,,,,,,,,,,,,,,,,,,,,,,,,,0,0,0,0,1,1,1,1,1,0,0,0,0,0,0,0,0,0,0,0,0,0,0,0,0,0,0,0,0,1,0,1,0,0,0,,0,0,0,0,0,1,1,1,0,0,0,0,0,0,0,1,,,,,,41-45,36-45,City street,U,Friday,Belt Used,PV,Not Fatal,0,0,0,0,City Street,Municipal/City Police,Everett Police Department,0,0,0,1,0,thc,2.9,carboxy-thc,61.0,,0.0,0.0,0.0,,,,,,,,,,,0.0,0.0,0.0,0.0,,,,,20.0,7.0,,,,,,,,1.0,0.0,,,,,,,98203,Marysville,Everett
2420,2472,2472,2020,76,EA10410,305.0,2020-02-02,14:47,2,2,,11,Clark,2370,1,,1,1,2,1,0,2,2,14:47,14:52,15:05,12,0,6,0.0,2,0,2,3,2,4,6,0,0,3,3,SE 164TH AVE,SE MILL PLAIN BLVD,-122.5043139,45.615472222,0,1,86,17,2,40,80,0,0,1,2,12,1,1,5,2,1,1,1,53,0,53,706,2008,0,,12,,,,,,1,1,38,1,7.0,,4,0,20,7,11,5,02/10/2020,1:43,165041004035.0,,0.0,0.0,0.0,3.0,1,0,,,,96,,,,,,0,,,,,,98685,53,73.0,220.0,6.0,1.0,0.0,0.0,0.0,1.0,,0,,,,,,3,09/15/2019,09/15/2019,20,8,0,0,0.0,9,8,,,0,,,8,8,0.0,0.0,,,0.0,,,0,0,996.0,,,,,,,,,,,,,,,,,,,,,,,,,,,,,,0,0,0,1,0,0,0,0,0,0,0,0,1,0,0,0,0,0,0,0,0,0,0,0,0,0,0,0,1,1,0,0,0,0,1,0.0,0,0,0,0,0,0,0,0,0,1,0,0,0,0,0,0,,,,,,36-40,36-45,City street,U,Sunday,,MC,White,1,0,0,0,City Street,Municipal/City Police,Vancouver Police Department,0,0,0,1,0,,,,,,0.0,0.0,0.0,,,,,,,,,,,0.0,0.0,0.0,1.0,,,,,5.0,0.0,,,,,,,,1.0,0.0,,,,,,,98684,Vancouver,Vancouver
2421,2473,2473,2020,76,EA10410,305.0,2020-02-02,14:47,2,2,,11,Clark,2370,1,,1,1,2,1,0,2,2,14:47,14:52,15:05,12,0,6,0.0,2,0,2,3,2,4,6,0,0,3,3,SE 164TH AVE,SE MILL PLAIN BLVD,-122.5043139,45.615472222,0,2,87,66,4,35,14,0,0,1,2,12,1,1,4,1,1,1,1,53,0,48,401,2016,0,,12,,,,,,1,1,34,1,0.0,,0,0,3,0,11,0,,,,,0.0,0.0,0.0,3.0,1,0,,,,96,,,,,,0,,,,,,98683,53,70.0,170.0,6.0,1.0,0.0,0.0,0.0,0.0,,0,,,,,,0,,,2,0,0,0,8.0,9,8,,,0,,,8,8,2.0,1.0,,,1.0,,,2,1,0.0,,,,,,,,,,,,,,,,,,,,,,,,,,,,,,0,0,0,1,0,0,0,0,0,0,0,0,1,0,0,0,0,0,0,0,0,0,0,0,0,0,0,0,1,1,0,0,0,0,0,,0,0,0,0,0,0,0,0,0,0,0,0,0,0,0,0,,,,,,31-35,26-35,City street,U,Sunday,Belt Used,PV,Not Fatal,1,0,0,0,City Street,Municipal/City Police,Vancouver Police Department,0,0,0,1,0,,,,,,0.0,0.0,0.0,,,,,,,,,,,98.0,98.0,98.0,0.0,,,,,20.0,7.0,,,,,,,,1.0,0.0,,,,,,,98684,Vancouver,Vancouver
2422,2474,2474,2020,77,EA25457,14.0,2020-03-15,14:41,15,3,,11,Clark,0,1,,1,1,2,1,1,2,2,14:43,14:58,15:12,9,0,0,4.6,1,0,1,5,1,2,4,0,0,0,0,CR-NE 182ND AVE,,-122.4865417,45.81445,0,1,13,83,5,50,80,0,0,1,2,12,1,4,2,1,1,1,1,53,0,37,706,1982,0,,9,68.0,12.0,,,,1,1,57,1,7.0,,4,0,20,7,11,5,03/15/2020,16:00,53012583.0,12583.0,0.0,0.0,1.0,3.0,1,0,,,,96,,,,,,0,,,,,,98604,53,70.0,190.0,6.0,1.0,0.0,0.0,0.0,0.0,,0,,,,,,0,,,20,8,0,0,0.0,9,8,,,0,,,8,8,2.0,1.0,,,1.0,,,2,1,0.0,,,,,,,,,,,,,,,,,,,,,,,,,,,,,,0,0,0,0,0,0,0,0,0,0,0,0,0,0,0,0,0,1,0,0,0,1,1,0,1,0,0,0,1,1,0,0,1,0,1,0.0,0,0,0,0,0,0,0,0,0,0,0,0,0,0,0,0,,,,,,56-60,56-65,County road,R,Sunday,,MC,White,0,0,0,0,County Road,County Sheriff,Clark County Sheriff's Office,0,0,1,0,0,,,,,,0.0,0.0,0.0,,,,,,,,,,,0.0,0.0,0.0,1.0,,,,,5.0,0.0,,,,,,,,1.0,0.0,,,NE 182ND AVE,4.61,,,98604,Battle Ground,Battle Ground
2423,2475,2475,2020,77,EA25457,14.0,2020-03-15,14:41,15,3,,11,Clark,0,1,,1,1,2,1,1,2,2,14:43,14:58,15:12,9,0,0,4.6,1,0,1,5,1,2,4,0,0,0,0,CR-NE 182ND AVE,,-122.4865417,45.81445,0,2,98,62,4,50,34,0,0,1,5,12,1,4,2,1,1,1,2,53,0,23,471,2002,0,,12,,,,,,1,1,18,2,0.0,,1,0,3,0,11,5,,,,,0.0,0.0,0.0,3.0,1,0,,,,0,,,,,,0,,,,,,98629,53,63.0,157.0,6.0,2.0,0.0,0.0,0.0,0.0,,0,,,,,,0,,,20,0,0,0,8.0,9,8,,,0,,,8,8,0.0,0.0,,,0.0,,,0,0,996.0,,,,,,,,,,,,,,,,,,,,,,,,,,,,,,0,0,0,0,0,0,0,0,0,0,0,0,0,0,0,0,0,1,0,0,0,1,1,0,1,0,0,0,1,1,0,0,1,0,0,,0,0,0,0,0,0,0,0,0,0,0,0,0,0,0,0,,,,,,18-20,16-25,County road,R,Sunday,Belt Used,PV,Not Fatal,0,0,0,0,County Road,County Sheriff,Clark County Sheriff's Office,0,0,1,0,0,,,,,,0.0,0.0,0.0,,,,,,,,,,,98.0,98.0,98.0,0.0,,,,,20.0,7.0,,,,,,,,1.0,0.0,,,NE 182ND AVE,4.61,,,98604,La Center,Battle Ground