,index,Unnamed: 0,year,case,par,repjur,crash_dt,crash_tm,accday,accmon,holiday,county,co_char,city,weather,weather2,lightcond,surfcond,surftype,numfatal,nmforms,pforms,vforms,not_tm,arr_tm,hosp_tm,fhevent,hitrun,manncol,milepnt,reljunc,reljuncinter,intersectiontype,funcsystem,landuse,ownership,route,schlbus,spejur,contdev,devfunc,trafid1,trafid2,lon,lat,wk_zone,vnumber,crashtype,criticalevent,criticaleventcat,spdlim,body,trailer,emerg,hazcargo,leave,mhevent,roadalgn,roadprof,traflane,trafflow,vehmanvr,numoccs,regowner,regstate,spuse,make,model,modelyr,vrf1,vrf2,seqevent1,seqevent2,seqevent3,seqevent4,seqevent5,seqevent6,pnumber,ptype,age,sex,hispanic,race,injury,diedscene,restraint,restraintmisuse,seatpos,takehosp,death_dt,death_tm,cert,cernum_wa,commlic,licendor,licrestrict,liccomp,drivpres,drf1,drf2,drf3,drf4,distract1,distract2,distract3,distract4,distract5,distract6,dricond1,dricond2,dricond3,dricond4,dricond5,dricond6,dzip,licstate,drhgt_in,weight,noncdl,noncdltype,prevdwi,prevoth,prevacc,prevspd,prevsus,driviol1,driviol2,driviol3,driviol4,driviol5,driviol6,spdrel,first_dt,last_dt,airbag,ejection,ejectpath,extricat,injurwrk,methalc,methdrug,nmlocat,strikveh,prf1,prf2,prf3,druginv,alcinvol,drugsts,drugres1,drugres2,drugres3,drugtst1,drugtst2,drugtst3,alcsts,alctst,alcres,nmact1,nmact2,nmact3,nmact4,nmact5,nmact6,nmprior1,nmprior2,nmprior3,nmprior4,nmprior5,nmprior6,nmcond1,nmcond2,nmcond3,nmcond4,nmcond5,nmcond6,nmsafe_helmet,nmsafe_pads,nmsafe_oth,nmprev_ref,nmprev_lgt,nmprev_oth,crashlocation,nmcrashtype,crosswalk,schoolzone,sidewalk,train_inv,wildlife_inv,rotr_fars,intersect_fars,dd_inv,aid_inv,dpd_inv,id_inv,mj_inv,impnm_inv,ainm_inv,dpnm_inv,speed_inv,unlic_inv,unendmc_inv,drowsy_inv,drdist_inv,nmdist_inv,fty_inv,unrestfat_inv,dr1617_inv,dr1820_inv,dr1620_inv,dr2125_inv,dr1625_inv,dr65_inv,dr70_inv,dr75_inv,mc_inv,pv_inv,ht_inv,ped_inv,bike_inv,unrest_fat,mc_fat,unhelmet_mc,pv_fat,ht_fat,ped_fat,bike_fat,dr_alc7,dr_alc8,dr_drug,dr_imp,dr_dist,dr_spd,dr_fty,dr_unlic,dr_alc7only,dr_alc8only,dr_drugonly,dr_drink,nm_imp,nm_alc7,nm_alc8,nm_drug,nm_dist,agegrp1,agegrp2,roadclass,urbrur,dayweek,restuse,vehtype,race_me,intersect,lanedep,oppdir,wrongway,rep_typ,investag,repag_long,rotr,st_rd,cty_rd,city_rd,oth_rd,drug_thc,thc_res,drug_cthc,cthc_res,drug_cann,prevpersemin,prevperse,prevsusoth,drugtst4,drugtst5,drugtst6,drugtst7,drugtst8,drugres4,drugres5,drugres6,drugres7,drugres8,adspresent,adsengaged,adslevel,race1,race2,race3,race4,race5,helmet,helmetmisuse,nmdistract1,nmdistract2,nmdistract3,nmdistract4,nmdistract5,nmdistract6,lab,isedtcase,crf1,crf2,crf3,CoRoadName,CoMP,IntCoRoadName,IntCoMP,crashzip,dcity,crashcity
2424,2476,2476,2020,78,EA25787,31.0,2020-03-18,3:00,18,3,,45,Mason,0,1,,2,1,2,1,0,1,1,7:32,7:43,,1,0,0,9999.8,1,0,1,98,1,64,8,0,0,0,0,FOREST SERVICES RD 2300,,-778.3049361,78.304936111,0,1,2,13,2,35,14,0,0,1,2,1,3,2,2,1,14,1,1,53,0,20,401,2002,0,,63,69.0,63.0,1.0,,,1,1,65,1,7.0,,4,7,20,7,11,0,03/18/2020,3:00,53013090.0,13090.0,0.0,0.0,0.0,3.0,1,0,,,,96,,,,,,98,,,,,,98584,53,70.0,240.0,6.0,1.0,1.0,0.0,1.0,0.0,,0,,,,,,0,07/15/2017,07/15/2017,8,0,0,0,9.0,9,8,,,0,,,8,8,2.0,996.0,996.0,334.0,1.0,1.0,1.0,2,1,0.121,,,,,,,,,,,,,,,,,,,,,,,,,,,,,,0,0,0,0,1,1,1,1,0,0,0,0,0,0,0,0,0,0,0,1,0,0,0,0,0,1,0,0,0,1,0,0,0,1,0,,1,0,0,0,0,1,1,1,0,0,0,0,0,0,0,1,,,,,,61-65,56-65,Other,R,Wednesday,Not Used,PV,White,0,1,0,0,Other,County Sheriff,Mason County Sheriff's Office,1,0,0,0,1,,,,,,0.0,1.0,0.0,,,,,,,,,,,98.0,98.0,98.0,1.0,,,,,20.0,7.0,,,,,,,,1.0,0.0,,,,,,,,Shelton,00
2425,2477,2477,2020,79,EA25971,305.0,2020-03-20,5:59,20,3,,11,Clark,2370,1,,2,1,2,1,1,1,1,6:09,6:16,6:45,8,0,0,0.0,1,0,1,4,2,4,6,0,0,0,0,NE 78TH ST,,-122.5928806,45.678897222,0,1,13,80,5,35,4,0,0,1,2,8,1,1,1,2,1,1,1,53,0,35,50,2011,0,,8,,,,,,1,1,32,1,0.0,,2,0,3,0,11,5,,,,,0.0,0.0,3.0,3.0,1,0,,,,96,,,,,,0,,,,,,98682,53,65.0,200.0,6.0,1.0,0.0,0.0,1.0,0.0,,0,,,,,,0,10/15/2016,10/15/2016,20,0,0,0,8.0,9,8,,,0,,,8,8,2.0,1.0,,,1.0,,,2,1,0.0,,,,,,,,,,,,,,,,,,,,,,,,,,,,,,0,0,0,0,0,0,0,0,0,0,0,0,0,0,0,0,0,0,0,0,0,0,0,0,0,0,0,0,0,1,0,1,0,0,0,,0,0,0,0,0,0,0,0,0,0,0,0,0,0,0,0,,,,,,31-35,26-35,City street,U,Friday,Belt Used,PV,Not Fatal,0,0,0,0,City Street,Municipal/City Police,Vancouver Police Department,0,0,0,1,0,,,,,,0.0,0.0,0.0,,,,,,,,,,,98.0,98.0,98.0,0.0,,,,,20.0,7.0,,,,,,,,1.0,0.0,,,,,,,98662,Vancouver,Vancouver
2426,2478,2478,2020,80,EA26001,1.0,2020-03-20,17:38,20,3,,5,Benton,0,1,,1,1,2,1,0,2,2,18:43,18:46,,12,0,2,24.0,1,0,1,4,1,1,3,0,0,0,0,SR-221,,-119.7153389,46.199375,0,1,50,10,2,55,4,0,0,1,2,12,1,2,2,1,1,1,1,53,0,37,31,2008,0,,68,12.0,,,,,1,1,35,1,1.0,,4,7,3,0,11,0,03/20/2020,17:38,53014862.0,14862.0,0.0,0.0,0.0,3.0,1,28,,,,96,,,,,,0,,,,,,99350,53,72.0,235.0,6.0,1.0,0.0,0.0,0.0,1.0,,0,,,,,,0,10/15/2018,10/15/2018,8,0,0,0,0.0,9,8,,,0,,,8,8,2.0,1.0,,,1.0,,,2,1,0.0,,,,,,,,,,,,,,,,,,,,,,,,,,,,,,0,0,0,0,1,1,1,1,1,0,0,0,0,0,0,0,0,0,0,0,0,0,0,0,0,0,0,0,0,1,0,0,0,0,0,,1,0,0,0,0,0,0,0,0,0,0,0,0,0,0,0,,,,,,31-35,26-35,State route,R,Friday,Belt Used,PV,Hispanic,0,1,1,0,State Route,State Patrol,Washington State Patrol,0,1,0,0,0,,,,,,0.0,0.0,0.0,,,,,,,,,,,98.0,98.0,98.0,98.0,,,,,20.0,7.0,,,,,,,,1.0,0.0,,,,,,,99350,Prosser,Prosser
2427,2479,2479,2020,80,EA26001,1.0,2020-03-20,17:38,20,3,,5,Benton,0,1,,1,1,2,1,0,2,2,18:43,18:46,,12,0,2,24.0,1,0,1,4,1,1,3,0,0,0,0,SR-221,,-119.7153389,46.199375,0,2,51,62,4,55,4,0,0,1,2,12,1,2,2,1,1,1,3,16,0,48,34,2018,0,,12,,,,,,1,1,43,1,0.0,,2,0,3,0,11,0,,,,,0.0,0.0,0.0,3.0,1,0,,,,96,,,,,,9,,,,,,83629,16,70.0,192.0,6.0,1.0,0.0,0.0,0.0,0.0,,0,,,,,,0,,,8,0,0,0,8.0,9,8,,,0,,,8,1,2.0,695.0,605.0,,1.0,1.0,,2,1,0.13,,,,,,,,,,,,,,,,,,,,,,,,,,,,,,0,0,0,0,1,1,1,1,1,0,0,0,0,0,0,0,0,0,0,0,0,0,0,0,0,0,0,0,0,1,0,0,0,0,0,,0,0,0,0,0,1,1,1,0,0,0,0,0,0,0,1,,,,,,41-45,36-45,State route,R,Friday,Belt Used,PV,Not Fatal,0,1,1,0,State Route,State Patrol,Washington State Patrol,0,1,0,0,0,thc,2.8,carboxy-thc,16.0,,0.0,0.0,0.0,,,,,,,,,,,98.0,98.0,98.0,0.0,,,,,20.0,7.0,,,,,,,,1.0,0.0,,,,,,,99350,Horseshoe Bend,Prosser
2428,2480,2480,2020,82,EA26421,3.0,2020-02-29,22:22,29,2,,53,Pierce,747,1,,3,1,2,1,0,1,1,,,,25,0,0,136.1,1,0,1,1,2,1,1,0,0,0,0,I-5,,-122.3852778,47.241347222,1,1,1,6,1,50,4,0,0,1,2,25,1,1,3,3,1,1,2,53,0,14,17,1999,0,,63,25.0,69.0,1.0,,,1,1,44,2,7.0,,4,7,3,0,11,0,02/29/2020,22:22,74753009933.0,9933.0,0.0,0.0,0.0,3.0,1,58,,,,96,,,,,,9,,,,,,98444,53,62.0,150.0,6.0,1.0,0.0,0.0,0.0,0.0,,0,,,,,,4,,,20,1,9,0,0.0,1,8,,,0,,,8,1,2.0,1.0,,,1.0,,,2,1,0.316,,,,,,,,,,,,,,,,,,,,,,,,,,,,,,0,0,1,0,1,1,0,1,0,0,0,0,1,0,0,0,0,0,0,0,0,0,0,0,0,0,0,0,0,1,0,0,0,0,0,,1,0,0,0,0,1,0,1,0,1,0,0,0,1,0,1,,,,,,41-45,36-45,Interstate,U,Saturday,Belt Used,PV,White,0,1,0,0,State Route,State Patrol,Washington State Patrol,1,1,0,0,0,,,,,,0.0,0.0,0.0,,,,,,,,,,,0.0,0.0,0.0,1.0,,,,,20.0,7.0,,,,,,,,1.0,0.0,,,,,,,98424,Tacoma,Fife
2429,2481,2481,2020,83,EA27720,4.0,2020-03-28,1:31,28,3,,63,Spokane,0,1,,2,1,2,1,0,2,2,1:30,1:59,,12,0,8,73.6,1,0,1,2,1,1,2,0,0,0,0,US-195,,-117.3867639,47.37865,0,1,64,10,2,60,34,0,0,1,2,12,4,1,2,1,14,1,1,30,0,20,481,2006,0,,68,64.0,12.0,,,,1,1,32,1,7.0,,4,7,99,7,11,0,03/28/2020,1:31,53014240.0,14240.0,6.0,0.0,0.0,3.0,1,28,,,,96,,,,,,9,,,,,,99031,53,71.0,220.0,6.0,1.0,0.0,1.0,0.0,1.0,,0,,,,,,0,08/15/2016,05/15/2016,1,0,0,0,0.0,1,8,,,0,,,8,1,2.0,1.0,,,1.0,,,2,1,0.218,,,,,,,,,,,,,,,,,,,,,,,,,,,,,,0,0,0,0,1,1,0,1,0,0,0,0,0,0,0,0,0,0,0,0,0,0,0,0,0,0,0,0,0,1,1,0,0,0,0,,1,0,0,0,0,1,0,1,0,0,0,0,0,1,0,1,,,,,,31-35,26-35,US highway,R,Saturday,Unknown,PV,White,0,1,1,0,State Route,State Patrol,Washington State Patrol,0,1,0,0,0,,,,,,0.0,0.0,0.0,,,,,,,,,,,98.0,98.0,98.0,1.0,,,,,20.0,7.0,,,,,,,,1.0,0.0,,,,,,,99031,Spangle,Spangle
2430,2482,2482,2020,83,EA27720,4.0,2020-03-28,1:31,28,3,,63,Spokane,0,1,,2,1,2,1,0,2,2,1:30,1:59,,12,0,8,73.6,1,0,1,2,1,1,2,0,0,0,0,US-195,,-117.3867639,47.37865,0,2,65,62,4,60,63,1,0,2,5,12,4,1,2,1,14,1,3,30,0,85,881,2016,0,,63,12.0,,,,,1,1,48,1,0.0,,0,0,3,0,11,0,,,,,6.0,1.0,0.0,3.0,1,0,,,,96,,,,,,0,,,,,,99206,53,73.0,195.0,6.0,1.0,0.0,4.0,2.0,0.0,,0,,,,,,0,07/15/2017,03/15/2019,99,0,0,0,8.0,9,8,,,0,,,8,8,0.0,0.0,,,0.0,,,0,0,996.0,,,,,,,,,,,,,,,,,,,,,,,,,,,,,,0,0,0,0,1,1,0,1,0,0,0,0,0,0,0,0,0,0,0,0,0,0,0,0,0,0,0,0,0,1,1,0,0,0,0,,0,0,0,0,0,0,0,0,0,0,0,0,0,0,0,0,,,,,,46-50,46-55,US highway,R,Saturday,,MHTRUCK,Not Fatal,0,1,1,0,State Route,State Patrol,Washington State Patrol,0,1,0,0,0,,,,,,0.0,0.0,0.0,,,,,,,,,,,98.0,98.0,98.0,0.0,,,,,20.0,7.0,,,,,,,,1.0,0.0,,,,,,,99031,Spokane,Spangle
2431,2483,2483,2020,85,EA27983,4.0,2020-04-05,10:16,5,4,,1,Adams,0,1,,1,1,2,1,0,1,1,10:20,10:25,,1,0,0,76.7,1,0,1,2,1,1,2,0,0,0,0,US-395,,-118.6841722,46.820205556,0,1,7,12,2,70,34,0,0,1,2,1,1,1,2,2,1,1,1,53,0,12,481,2007,0,,64,1.0,,,,,1,1,52,2,7.0,,4,7,20,7,11,0,04/05/2020,10:16,187053016087.0,16087.0,0.0,0.0,0.0,3.0,1,58,,,,96,,,,,,9,,,,,,99141,53,62.0,176.0,6.0,1.0,0.0,0.0,0.0,0.0,,0,,,,,,0,,,8,1,9,0,9.0,1,8,,,0,,,1,1,2.0,695.0,605.0,,1.0,1.0,,2,1,0.257,,,,,,,,,,,,,,,,,,,,,,,,,,,,,,0,0,0,0,1,1,1,1,1,0,0,0,0,0,0,0,0,0,0,1,0,0,0,0,0,0,0,0,0,1,0,0,0,1,0,,1,0,0,0,0,1,1,1,0,0,0,0,0,0,0,1,,,,,,51-55,46-55,US highway,R,Sunday,Not Used,PV,White,0,1,0,0,State Route,State Patrol,Washington State Patrol,1,1,0,0,0,thc,10.0,carboxy-thc,58.0,,0.0,0.0,0.0,,,,,,,,,,,98.0,98.0,98.0,1.0,,,,,20.0,7.0,,,,,,,nms,1.0,0.0,,,,,,,99341,Kettle Falls,Lind
2432,2484,2484,2020,86,EA28579,3.0,2020-04-10,13:00,10,4,,53,Pierce,0,1,,1,1,2,1,0,4,2,13:08,13:15,13:36,12,0,6,6.6,2,0,2,4,2,2,4,0,0,0,0,CR-112TH ST S,B ST S,-122.4329139,47.155411111,0,1,89,17,2,40,4,0,0,1,2,12,1,1,4,1,1,3,1,53,0,37,31,1998,0,,12,,,,,,1,1,31,2,1.0,,4,8,3,0,11,4,04/10/2020,13:24,223053017502.0,17502.0,0.0,0.0,0.0,3.0,1,38,,,,96,,,,,,98,,,,,,98499,53,59.0,119.0,6.0,1.0,0.0,2.0,0.0,0.0,,0,,,,,,0,07/15/2015,06/15/2018,20,0,0,0,0.0,9,8,,,0,,,8,8,0.0,0.0,,,0.0,,,0,0,996.0,,,,,,,,,,,,,,,,,,,,,,,,,,,,,,0,0,0,1,0,0,0,0,0,0,0,0,0,0,0,0,0,0,1,0,0,0,0,0,0,0,0,0,0,1,0,0,0,0,0,,1,0,0,0,0,0,0,0,0,0,1,0,0,0,0,0,,,,,,31-35,26-35,County road,U,Friday,Belt Used,PV,Hispanic,1,0,0,0,County Road,State Patrol,Washington State Patrol,0,0,1,0,0,,,,,,0.0,0.0,0.0,,,,,,,,,,,0.0,0.0,0.0,98.0,,,,,20.0,7.0,,,,,,,,1.0,0.0,,,112 ST S,6.63,B ST S,0.0,98444,Lakewood,Tacoma
2433,2485,2485,2020,86,EA28579,3.0,2020-04-10,13:00,10,4,,53,Pierce,0,1,,1,1,2,1,0,4,2,13:08,13:15,13:36,12,0,6,6.6,2,0,2,4,2,2,4,0,0,0,0,CR-112TH ST S,B ST S,-122.4329139,47.155411111,0,2,88,66,4,40,14,0,5,1,2,12,1,1,4,1,1,1,3,53,5,12,401,2016,0,,12,,,,,,1,1,46,1,0.0,,0,0,3,0,11,0,,,,,0.0,0.0,0.0,3.0,1,16,,,,96,,,,,,0,,,,,,98532,53,69.0,220.0,6.0,1.0,0.0,0.0,1.0,0.0,,0,,,,,,0,08/15/2015,08/15/2015,8,0,0,0,8.0,9,8,,,0,,,8,8,0.0,0.0,,,0.0,,,0,0,996.0,,,,,,,,,,,,,,,,,,,,,,,,,,,,,,0,0,0,1,0,0,0,0,0,0,0,0,0,0,0,0,0,0,1,0,0,0,0,0,0,0,0,0,0,1,0,0,0,0,0,,0,0,0,0,0,0,0,0,0,0,0,0,0,0,0,0,,,,,,46-50,46-55,County road,U,Friday,Belt Used,PV,Not Fatal,1,0,0,0,County Road,State Patrol,Washington State Patrol,0,0,1,0,0,,,,,,0.0,0.0,0.0,,,,,,,,,,,98.0,98.0,98.0,0.0,,,,,20.0,7.0,,,,,,,,1.0,0.0,,,112 ST S,6.63,B ST S,0.0,98444,Chehalis,Tacoma
2434,2486,2486,2020,87,EA28702,59.0,2020-03-22,15:59,22,3,,33,King,109,10,,1,1,2,1,1,2,1,,,,9,0,0,0.0,2,0,3,4,2,4,6,0,0,0,0,NORTHUP WAY,NE 8th St,-122.1072694,47.616866667,0,1,13,15,2,35,20,0,0,1,2,9,3,2,3,1,11,2,2,53,0,37,441,2004,0,,9,,,,,,1,1,44,2,0.0,,0,0,3,0,11,0,,,,,0.0,0.0,0.0,3.0,1,38,,,,92,,,,,,0,,,,,,98005,53,63.0,130.0,6.0,1.0,0.0,0.0,0.0,0.0,,97,,,,,,0,,,20,0,0,0,8.0,3,8,,,0,,,8,8,0.0,0.0,,,0.0,,,0,0,996.0,,,,,,,,,,,,,,,,,,,,,,,,,,,,,,0,0,0,1,0,0,0,0,0,0,0,0,0,0,0,0,1,0,1,0,0,0,0,0,0,0,0,0,0,1,0,0,1,0,0,,0,0,0,0,0,0,0,0,1,0,1,0,0,0,0,0,,,,,,41-45,36-45,City street,U,Sunday,Belt Used,PV,Not Fatal,1,0,0,0,City Street,Municipal/City Police,Bellevue Police Department,0,0,0,1,0,,,,,,0.0,0.0,0.0,,,,,,,,,,,98.0,98.0,98.0,0.0,,,,,20.0,7.0,,,,,,,,1.0,0.0,,,,,,,98008,Bellevue,Bellevue
2435,2487,2487,2020,88,EA28746,330.0,2020-04-12,22:45,12,4,,77,Yakima,2590,1,,3,1,2,1,1,1,1,,,,9,0,0,0.0,1,0,1,7,2,4,6,0,0,0,0,S 3RD AVE,,-120.5094444,46.591255556,0,1,13,83,5,30,34,0,0,1,2,9,1,3,4,1,1,1,1,53,0,12,481,2005,0,,9,,,,,,1,1,35,1,0.0,,0,0,3,0,11,0,,,,,0.0,0.0,0.0,3.0,1,0,,,,96,,,,,,0,,,,,,98902,53,69.0,145.0,6.0,1.0,1.0,1.0,0.0,0.0,,0,,,,,,0,02/15/2016,02/15/2016,20,0,0,0,8.0,9,8,,,0,,,8,8,0.0,0.0,,,0.0,,,0,0,996.0,,,,,,,,,,,,,,,,,,,,,,,,,,,,,,0,0,0,0,0,0,0,0,0,1,0,1,0,0,0,0,0,0,0,0,0,0,0,0,0,0,0,0,0,1,0,0,1,0,0,,0,0,0,0,0,0,0,0,0,0,0,0,0,0,0,0,,,,,,31-35,26-35,City street,U,Sunday,Belt Used,PV,Not Fatal,0,0,0,0,City Street,Municipal/City Police,Yakima Police Department,0,0,0,1,0,,,,,,0.0,1.0,0.0,,,,,,,,,,,98.0,98.0,98.0,0.0,,,,,20.0,7.0,,,,,,,,1.0,0.0,,,,,,,98902,Yakima,Yakima
2436,2488,2488,2020,89,EA28768,39.0,2020-04-10,15:38,10,4,,61,Snohomish,0,1,,1,1,2,1,0,2,1,,,,1,0,0,1.0,1,0,1,6,1,2,4,0,0,0,0,CR-80TH AVE NW,,-122.3413611,48.260355556,0,1,2,6,1,35,1,0,0,1,2,1,1,2,2,1,1,2,1,53,0,32,45,2002,0,,68,68.0,63.0,1.0,,,1,1,25,1,0.0,,1,0,20,7,11,5,,,,,0.0,0.0,0.0,3.0,1,8,,,,96,,,,,,9,,,,,,98043,53,68.0,135.0,6.0,1.0,0.0,1.0,0.0,0.0,,97,,,,,,4,02/15/2018,02/15/2018,8,1,9,0,8.0,9,8,,,0,,,8,1,2.0,401.0,,,1.0,,,2,1,0.099,,,,,,,,,,,,,,,,,,,,,,,,,,,,,,0,0,0,0,1,1,1,1,0,0,0,0,1,0,0,0,0,0,0,0,0,0,0,1,1,0,0,0,0,1,0,0,0,0,0,,0,0,0,0,0,1,1,1,0,1,0,0,0,0,0,1,,,,,,21-25,16-25,County road,R,Friday,Not Used,PV,Not Fatal,0,1,0,0,County Road,County Sheriff,Snohomish County Sheriff's Office,1,0,1,0,0,,,,,,0.0,0.0,0.0,,,,,,,,,,,98.0,98.0,98.0,0.0,,,,,20.0,7.0,,,,,,,,1.0,0.0,,,80TH AVE NW,0.957,,,98292,Mountlake Terrace,Stanwood
2437,2489,2489,2020,91,EA29075,21.0,2020-04-06,18:49,6,4,,25,Grant,0,1,,1,1,4,1,0,3,1,20:57,21:07,,1,0,0,5.8,1,0,1,7,1,2,4,0,0,0,0,CR-ROAD 16 NE,,-119.3494806,47.320786111,0,1,2,6,1,50,3,0,0,1,2,1,3,1,8,1,14,3,2,53,0,55,36,2002,0,,63,1.0,,,,,1,1,20,1,0.0,,2,0,20,7,11,0,,,,,0.0,0.0,3.0,2.0,1,58,,,,96,,,,,,9,,,,,,98837,53,77.0,180.0,1.0,1.0,0.0,0.0,1.0,0.0,,97,,,,,,4,08/15/2017,04/15/2019,20,0,0,0,8.0,9,8,,,0,,,8,1,2.0,695.0,605.0,402.0,1.0,1.0,1.0,2,1,0.12,,,,,,,,,,,,,,,,,,,,,,,,,,,,,,0,0,0,0,1,1,1,1,1,0,0,0,1,1,0,0,0,0,0,1,0,1,1,0,1,0,0,0,0,1,0,0,0,0,0,,0,0,0,0,0,1,1,1,0,1,0,1,0,0,0,1,,,,,,18-20,16-25,County road,R,Monday,Not Used,PV,Not Fatal,0,1,0,0,County Road,County Sheriff,Grant County Sheriff's Office,1,0,1,0,0,thc,6.7,carboxy-thc,54.0,,0.0,0.0,2.0,1.0,,,,,407.0,,,,,98.0,98.0,98.0,0.0,,,,,20.0,7.0,,,,,,,,1.0,0.0,,,16 NE,5.775,,,98837,Moses Lake,Moses Lake
2438,2490,2490,2020,92,EA29099,14.0,2020-04-06,21:22,6,4,,11,Clark,0,1,,2,1,2,1,1,2,1,21:24,21:30,21:53,8,0,0,6.5,1,0,1,5,1,2,4,0,0,0,0,CR-NE 72ND AVE,,-122.5996639,45.754913889,0,1,13,80,5,50,14,0,0,1,2,8,1,1,2,1,1,2,1,53,0,55,401,2017,0,,8,,,,,,1,1,56,1,0.0,,0,0,3,0,11,0,,,,,0.0,0.0,0.0,3.0,1,0,,,,96,,,,,,0,,,,,,98661,53,66.0,155.0,6.0,1.0,0.0,1.0,1.0,4.0,,0,,,,,,0,05/15/2015,05/15/2019,20,0,0,0,8.0,9,8,,,0,,,8,8,0.0,0.0,,,0.0,,,0,0,996.0,,,,,,,,,,,,,,,,,,,,,,,,,,,,,,0,0,0,0,0,0,0,0,0,1,0,1,0,0,0,0,0,0,0,0,0,0,0,0,0,0,0,0,0,1,0,1,0,0,0,,0,0,0,0,0,0,0,0,0,0,0,0,0,0,0,0,,,,,,56-60,56-65,County road,R,Monday,Belt Used,PV,Not Fatal,0,0,0,0,County Road,County Sheriff,Clark County Sheriff's Office,0,0,1,0,0,,,,,,0.0,0.0,0.0,,,,,,,,,,,98.0,98.0,98.0,0.0,,,,,20.0,7.0,,,,,,,,1.0,0.0,,,NE 72ND AVE,6.54,,,98604,Vancouver,Battle Ground
2439,2491,2491,2020,93,EA29100,14.0,2020-04-09,19:41,9,4,,11,Clark,0,1,,5,1,2,1,0,2,2,19:41,19:42,,33,0,0,0.5,1,0,1,5,2,2,4,0,0,0,0,CR-NE WARD RD,,-122.5175917,45.678455556,0,1,6,9,1,45,80,0,0,1,2,42,2,1,2,2,14,1,1,53,0,72,706,1997,0,,64,33.0,42.0,69.0,12.0,,1,1,52,2,7.0,,4,7,20,7,11,0,04/09/2020,19:41,53017368.0,17368.0,0.0,0.0,0.0,3.0,1,0,,,,96,,,,,,98,,,,,,98682,53,63.0,160.0,6.0,1.0,0.0,0.0,0.0,0.0,,0,,,,,,3,,,20,8,0,0,0.0,9,8,,,0,,,8,8,2.0,1.0,,,1.0,,,2,1,0.092,,,,,,,,,,,,,,,,,,,,,,,,,,,,,,0,0,1,0,1,1,0,1,0,0,0,0,1,0,0,0,0,0,0,0,0,0,0,0,0,0,0,0,1,0,0,0,0,0,1,0.0,0,0,0,0,0,1,0,1,0,1,0,0,0,1,0,1,,,,,,51-55,46-55,County road,U,Thursday,,MC,White,0,1,0,0,County Road,County Sheriff,Clark County Sheriff's Office,1,0,1,0,0,,,,,,0.0,0.0,0.0,,,,,,,,,,,0.0,0.0,0.0,1.0,,,,,5.0,0.0,,,,,,,,1.0,0.0,,,NE WARD RD,0.46,,,98682,Vancouver,Vancouver
2440,2492,2492,2020,93,EA29100,14.0,2020-04-09,19:41,9,4,,11,Clark,0,1,,5,1,2,1,0,2,2,19:41,19:42,,33,0,0,0.5,1,0,1,5,2,2,4,0,0,0,0,CR-NE WARD RD,,-122.5175917,45.678455556,0,2,98,98,7,45,80,0,0,1,2,12,2,1,2,2,14,1,1,53,0,72,706,2017,0,,12,,,,,,1,1,48,1,0.0,,2,0,20,7,11,0,,,,,0.0,0.0,0.0,3.0,1,0,,,,96,,,,,,0,,,,,,98382,53,67.0,180.0,6.0,1.0,0.0,0.0,0.0,0.0,,0,,,,,,0,,,20,8,0,0,8.0,9,8,,,0,,,8,8,0.0,0.0,,,0.0,,,0,0,996.0,,,,,,,,,,,,,,,,,,,,,,,,,,,,,,0,0,1,0,1,1,0,1,0,0,0,0,1,0,0,0,0,0,0,0,0,0,0,0,0,0,0,0,1,0,0,0,0,0,0,0.0,0,0,0,0,0,0,0,0,0,0,0,0,0,0,0,0,,,,,,46-50,46-55,County road,U,Thursday,,MC,Not Fatal,0,1,0,0,County Road,County Sheriff,Clark County Sheriff's Office,1,0,1,0,0,,,,,,0.0,0.0,0.0,,,,,,,,,,,0.0,0.0,0.0,0.0,,,,,5.0,0.0,,,,,,,,1.0,0.0,,,NE WARD RD,0.46,,,98682,Sequim,Vancouver
2441,2493,2493,2020,94,EA29436,1.0,2020-04-10,19:30,10,4,,39,Klickitat,0,1,,1,1,2,1,0,6,1,19:31,20:15,20:57,39,0,0,72.5,1,0,1,3,1,1,3,0,0,0,0,SR-14,,-121.3510417,45.709991667,0,1,7,13,2,60,15,0,0,1,2,39,3,2,2,1,14,6,1,53,0,23,421,2004,0,,63,69.0,68.0,64.0,39.0,1.0,1,1,38,2,7.0,,4,7,20,7,11,0,04/10/2020,19:30,53018073.0,18073.0,0.0,0.0,0.0,2.0,1,0,,,,96,,,,,,9,,,,,,98610,53,69.0,145.0,1.0,1.0,0.0,1.0,1.0,0.0,,0,,,,,,0,07/15/2015,07/15/2015,8,1,9,0,0.0,9,8,,,0,,,1,8,2.0,996.0,401.0,417.0,1.0,1.0,1.0,2,1,0.0,,,,,,,,,,,,,,,,,,,,,,,,,,,,,,0,0,0,0,0,0,1,1,1,0,0,0,0,1,0,0,0,0,0,1,0,0,0,0,0,0,0,0,0,1,0,0,0,1,0,,1,0,0,0,0,0,1,1,0,0,0,1,0,0,1,0,,,,,,36-40,36-45,State route,R,Friday,Not Used,PV,White,0,1,0,0,State Route,State Patrol,Washington State Patrol,1,1,0,0,0,thc,17.0,carboxy-thc,23.0,,0.0,0.0,0.0,1.0,1.0,1.0,,,189.0,188.0,695.0,605.0,151.0,98.0,98.0,98.0,1.0,,,,,20.0,7.0,,,,,,,nms,1.0,0.0,,,,,,,98635,Carson,Lyle