,index,Unnamed: 0,year,case,par,repjur,crash_dt,crash_tm,accday,accmon,holiday,county,co_char,city,weather,weather2,lightcond,surfcond,surftype,numfatal,nmforms,pforms,vforms,not_tm,arr_tm,hosp_tm,fhevent,hitrun,manncol,milepnt,reljunc,reljuncinter,intersectiontype,funcsystem,landuse,ownership,route,schlbus,spejur,contdev,devfunc,trafid1,trafid2,lon,lat,wk_zone,vnumber,crashtype,criticalevent,criticaleventcat,spdlim,body,trailer,emerg,hazcargo,leave,mhevent,roadalgn,roadprof,traflane,trafflow,vehmanvr,numoccs,regowner,regstate,spuse,make,model,modelyr,vrf1,vrf2,seqevent1,seqevent2,seqevent3,seqevent4,seqevent5,seqevent6,pnumber,ptype,age,sex,hispanic,race,injury,diedscene,restraint,restraintmisuse,seatpos,takehosp,death_dt,death_tm,cert,cernum_wa,commlic,licendor,licrestrict,liccomp,drivpres,drf1,drf2,drf3,drf4,distract1,distract2,distract3,distract4,distract5,distract6,dricond1,dricond2,dricond3,dricond4,dricond5,dricond6,dzip,licstate,drhgt_in,weight,noncdl,noncdltype,prevdwi,prevoth,prevacc,prevspd,prevsus,driviol1,driviol2,driviol3,driviol4,driviol5,driviol6,spdrel,first_dt,last_dt,airbag,ejection,ejectpath,extricat,injurwrk,methalc,methdrug,nmlocat,strikveh,prf1,prf2,prf3,druginv,alcinvol,drugsts,drugres1,drugres2,drugres3,drugtst1,drugtst2,drugtst3,alcsts,alctst,alcres,nmact1,nmact2,nmact3,nmact4,nmact5,nmact6,nmprior1,nmprior2,nmprior3,nmprior4,nmprior5,nmprior6,nmcond1,nmcond2,nmcond3,nmcond4,nmcond5,nmcond6,nmsafe_helmet,nmsafe_pads,nmsafe_oth,nmprev_ref,nmprev_lgt,nmprev_oth,crashlocation,nmcrashtype,crosswalk,schoolzone,sidewalk,train_inv,wildlife_inv,rotr_fars,intersect_fars,dd_inv,aid_inv,dpd_inv,id_inv,mj_inv,impnm_inv,ainm_inv,dpnm_inv,speed_inv,unlic_inv,unendmc_inv,drowsy_inv,drdist_inv,nmdist_inv,fty_inv,unrestfat_inv,dr1617_inv,dr1820_inv,dr1620_inv,dr2125_inv,dr1625_inv,dr65_inv,dr70_inv,dr75_inv,mc_inv,pv_inv,ht_inv,ped_inv,bike_inv,unrest_fat,mc_fat,unhelmet_mc,pv_fat,ht_fat,ped_fat,bike_fat,dr_alc7,dr_alc8,dr_drug,dr_imp,dr_dist,dr_spd,dr_fty,dr_unlic,dr_alc7only,dr_alc8only,dr_drugonly,dr_drink,nm_imp,nm_alc7,nm_alc8,nm_drug,nm_dist,agegrp1,agegrp2,roadclass,urbrur,dayweek,restuse,vehtype,race_me,intersect,lanedep,oppdir,wrongway,rep_typ,investag,repag_long,rotr,st_rd,cty_rd,city_rd,oth_rd,drug_thc,thc_res,drug_cthc,cthc_res,drug_cann,prevpersemin,prevperse,prevsusoth,drugtst4,drugtst5,drugtst6,drugtst7,drugtst8,drugres4,drugres5,drugres6,drugres7,drugres8,adspresent,adsengaged,adslevel,race1,race2,race3,race4,race5,helmet,helmetmisuse,nmdistract1,nmdistract2,nmdistract3,nmdistract4,nmdistract5,nmdistract6,lab,isedtcase,crf1,crf2,crf3,CoRoadName,CoMP,IntCoRoadName,IntCoMP,crashzip,dcity,crashcity
2442,2495,2495,2020,96,EA29239,39.0,2020-04-13,16:19,13,4,,61,Snohomish,0,1,,1,1,2,1,0,1,1,,,,18,0,0,3.0,1,0,1,5,1,2,4,0,0,0,0,CR-PIONEER HWY,,-122.2536056,48.206472222,0,1,1,13,2,50,80,0,0,1,2,1,3,1,2,1,14,1,1,53,0,72,706,2006,0,,63,18.0,1.0,,,,1,1,61,2,7.0,,4,7,20,7,11,0,04/13/2020,16:19,53017654.0,17654.0,0.0,0.0,3.0,3.0,1,0,,,,92,,,,,,98,,,,,,98926,53,65.0,145.0,6.0,1.0,0.0,0.0,0.0,0.0,,0,,,,,,0,,,20,8,0,0,0.0,9,8,,,0,,,8,8,2.0,1.0,,,1.0,,,2,1,0.0,,,,,,,,,,,,,,,,,,,,,,,,,,,,,,0,0,1,0,0,0,0,0,0,0,0,0,0,0,0,0,1,0,0,0,0,0,0,0,0,0,0,0,1,0,0,0,0,0,1,0.0,0,0,0,0,0,0,0,0,1,0,0,0,0,0,0,0,,,,,,61-65,56-65,County road,R,Monday,,MC,White,0,1,0,0,County Road,County Sheriff,Snohomish County Sheriff's Office,1,0,1,0,0,,,,,,0.0,0.0,0.0,,,,,,,,,,,0.0,0.0,0.0,1.0,,,,,19.0,0.0,,,,,,,,1.0,0.0,,,PIONEER HWY,2.98,,,98292,Ellensburg,Stanwood
2443,2496,2496,2020,97,EA29469,7.0,2020-04-10,23:38,10,4,,33,King,980,1,,3,1,1,1,0,1,1,,,,25,0,0,16.2,1,0,1,1,2,1,1,0,0,0,0,I-90,,-122.0220694,47.531708333,0,1,1,13,2,60,80,0,0,1,2,25,3,2,3,3,14,1,2,53,0,53,706,2013,0,,63,25.0,1.0,,,,1,1,30,1,7.0,,4,0,20,7,11,5,04/11/2020,7:15,196053016945.0,16945.0,0.0,0.0,3.0,2.0,1,0,,,,96,,,,,,9,,,,,,98011,53,72.0,170.0,1.0,1.0,0.0,2.0,1.0,0.0,,0,,,,,,3,04/15/2015,05/15/2018,20,8,0,0,0.0,9,8,,,0,,,1,8,2.0,401.0,417.0,348.0,1.0,1.0,1.0,2,1,0.0,,,,,,,,,,,,,,,,,,,,,,,,,,,,,,0,0,1,0,0,0,1,1,0,0,0,0,1,1,1,0,0,0,0,0,0,0,0,0,0,0,0,0,1,0,0,0,0,0,1,0.0,0,0,0,0,0,0,1,1,0,1,0,1,0,0,1,0,,,,,,26-30,26-35,Interstate,U,Friday,,MC,White,0,1,0,0,State Route,State Patrol,Washington State Patrol,1,1,0,0,0,,,,,,0.0,0.0,5.0,1.0,,,,,177.0,,,,,0.0,0.0,0.0,1.0,,,,,5.0,0.0,,,,,,,,1.0,0.0,,,,,,,98027,Bothell,Issaquah
2444,2497,2497,2020,98,EA29518,19.0,2020-04-09,18:58,9,4,,21,Franklin,0,1,,1,1,2,1,0,2,2,19:00,19:06,,12,0,6,2.0,2,0,3,5,1,2,4,0,0,0,0,CR-GLADE N RD,CLARK RD,-119.1201917,46.300080556,0,1,68,15,2,55,4,0,0,1,2,12,1,1,3,1,11,1,1,53,0,20,2,2006,0,,12,,,,,,1,1,24,1,0.0,,0,0,3,0,11,0,,,,,0.0,0.0,0.0,3.0,1,38,,,,92,,,,,,98,,,,,,99301,53,66.0,130.0,6.0,1.0,0.0,1.0,0.0,1.0,,97,,,,,,0,10/15/2016,08/15/2016,1,0,0,0,8.0,9,8,,,0,,,8,8,2.0,1.0,,,1.0,,,2,1,0.016,,,,,,,,,,,,,,,,,,,,,,,,,,,,,,0,0,0,1,1,0,0,0,0,0,0,0,0,0,1,0,1,0,1,0,0,0,0,1,1,1,0,0,1,1,0,0,0,0,0,,0,0,0,0,1,0,0,0,1,0,1,0,1,0,0,1,,,,,,21-25,16-25,County road,R,Thursday,Belt Used,PV,Not Fatal,1,0,0,0,County Road,County Sheriff,Franklin County Sheriff's Office,0,0,1,0,0,,,,,,0.0,0.0,1.0,,,,,,,,,,,98.0,98.0,98.0,0.0,,,,,20.0,7.0,,,,,,,,1.0,0.0,,,PASCO-KAHLOTUS ROAD,1.96,CLARK ROAD,0.0,99301,Pasco,Pasco
2445,2498,2498,2020,98,EA29518,19.0,2020-04-09,18:58,9,4,,21,Franklin,0,1,,1,1,2,1,0,2,2,19:00,19:06,,12,0,6,2.0,2,0,3,5,1,2,4,0,0,0,0,CR-GLADE N RD,CLARK RD,-119.1201917,46.300080556,0,2,69,62,4,55,80,0,0,1,2,12,1,1,2,2,1,1,1,53,0,73,706,1999,0,,12,,,,,,1,1,66,1,1.0,,4,7,20,7,11,0,04/09/2020,18:58,53016506.0,16506.0,0.0,0.0,0.0,2.0,1,0,,,,96,,,,,,0,,,,,,99301,53,68.0,150.0,6.0,1.0,0.0,1.0,0.0,0.0,,0,,,,,,0,10/15/2019,10/15/2019,20,8,0,0,0.0,9,8,,,0,,,8,8,2.0,1.0,,,1.0,,,2,1,0.0,,,,,,,,,,,,,,,,,,,,,,,,,,,,,,0,0,0,1,1,0,0,0,0,0,0,0,0,0,1,0,1,0,1,0,0,0,0,1,1,1,0,0,1,1,0,0,0,0,1,0.0,0,0,0,0,0,0,0,0,0,0,0,0,0,0,0,0,,,,,,66-70,66-75,County road,R,Thursday,,MC,Hispanic,1,0,0,0,County Road,County Sheriff,Franklin County Sheriff's Office,0,0,1,0,0,,,,,,0.0,0.0,0.0,,,,,,,,,,,0.0,0.0,0.0,1.0,,,,,19.0,0.0,,,,,,,,1.0,0.0,,,PASCO-KAHLOTUS ROAD,1.96,CLARK ROAD,0.0,99301,Pasco,Pasco
2446,2499,2499,2020,99,EA29532,2.0,2020-04-17,15:20,17,4,,61,Snohomish,0,1,,1,1,2,1,0,2,2,15:20,15:26,,12,0,6,31.4,2,0,3,5,1,1,3,0,0,0,0,SR-9,252ND ST NE,-122.1433083,48.224605556,0,1,68,15,2,50,14,0,0,1,2,12,1,1,2,1,11,1,2,53,0,2,404,2006,0,,12,,,,,,1,1,29,1,0.0,,0,0,3,0,11,0,,,,,0.0,0.0,0.0,2.0,1,38,,,,96,,,,,,0,,,,,,98282,53,70.0,185.0,1.0,1.0,0.0,1.0,0.0,0.0,,46,,,,,,0,06/15/2015,06/15/2018,20,0,0,0,8.0,3,8,,,0,,,8,8,0.0,0.0,,,0.0,,,0,0,996.0,,,,,,,,,,,,,,,,,,,,,,,,,,,,,,0,0,0,1,1,0,0,0,0,0,0,0,0,1,0,0,0,0,1,0,0,0,0,0,0,0,0,0,1,1,0,0,0,0,0,,0,0,0,0,0,0,0,0,0,0,1,1,0,0,0,0,,,,,,26-30,26-35,State route,R,Friday,Belt Used,PV,Not Fatal,1,0,0,0,State Route,State Patrol,Washington State Patrol,0,1,0,0,0,,,,,,0.0,0.0,6.0,,,,,,,,,,,98.0,98.0,98.0,0.0,,,,,20.0,7.0,,,,,,,,1.0,0.0,,,,,,,98223,Camano Island,Arlington
2447,2500,2500,2020,99,EA29532,2.0,2020-04-17,15:20,17,4,,61,Snohomish,0,1,,1,1,2,1,0,2,2,15:20,15:26,,12,0,6,31.4,2,0,3,5,1,1,3,0,0,0,0,SR-9,252ND ST NE,-122.1433083,48.224605556,0,2,69,62,4,50,80,0,0,1,2,12,1,1,3,1,1,1,1,53,0,72,706,2012,0,,12,,,,,,1,1,62,1,7.0,,4,7,20,7,11,0,04/17/2020,15:20,53019515.0,19515.0,0.0,0.0,0.0,3.0,1,0,,,,96,,,,,,0,,,,,,98223,53,70.0,200.0,6.0,1.0,0.0,0.0,0.0,0.0,,0,,,,,,0,,,20,8,0,0,0.0,9,8,,,0,,,8,8,2.0,1.0,,,1.0,,,2,1,0.041,,,,,,,,,,,,,,,,,,,,,,,,,,,,,,0,0,0,1,1,0,0,0,0,0,0,0,0,1,0,0,0,0,1,0,0,0,0,0,0,0,0,0,1,1,0,0,0,0,1,0.0,0,0,0,0,1,0,0,0,0,0,0,0,1,0,0,1,,,,,,61-65,56-65,State route,R,Friday,,MC,White,1,0,0,0,State Route,State Patrol,Washington State Patrol,0,1,0,0,0,,,,,,0.0,0.0,0.0,,,,,,,,,,,0.0,0.0,0.0,1.0,,,,,5.0,0.0,,,,,,,,1.0,0.0,,,,,,,98223,Arlington,Arlington
2448,2501,2501,2020,100,EA29598,2.0,2020-04-18,16:04,18,4,,73,Whatcom,0,1,,1,1,2,1,0,1,1,16:03,16:24,,53,0,0,2.0,1,0,1,5,1,2,4,0,0,0,0,CR-S PASS RD,,-122.27745,48.920216667,0,1,6,9,1,50,80,0,0,1,2,30,1,1,2,1,6,1,1,53,0,76,705,2007,0,,68,64.0,53.0,35.0,30.0,,1,1,19,1,7.0,,4,7,20,7,11,0,04/18/2020,16:04,53018432.0,18432.0,0.0,0.0,0.0,3.0,1,0,,,,92,,,,,,98,,,,,,98266,53,71.0,185.0,6.0,1.0,0.0,0.0,0.0,1.0,,0,,,,,,4,07/15/2019,07/15/2019,20,8,0,0,0.0,9,8,,,0,,,8,8,2.0,1.0,,,1.0,,,2,1,0.0,,,,,,,,,,,,,,,,,,,,,,,,,,,,,,0,0,1,0,0,0,0,0,0,0,0,0,1,0,0,0,1,0,0,0,0,1,1,0,1,0,0,0,1,0,0,0,0,0,1,0.0,0,0,0,0,0,0,0,0,1,1,0,0,0,0,0,0,,,,,,18-20,16-25,County road,R,Saturday,,MC,White,0,1,0,0,County Road,State Patrol,Washington State Patrol,1,0,1,0,0,,,,,,0.0,0.0,0.0,,,,,,,,,,,0.0,0.0,0.0,1.0,,,,,5.0,0.0,,,,,,,,1.0,0.0,,,SOUTH PASS RD,1.96,,,98247,Maple Falls,Everson
2449,2502,2502,2020,101,EA29604,27.0,2020-04-14,11:06,14,4,,37,Kittitas,0,1,,1,1,2,1,0,1,1,,,,1,0,0,0.5,1,0,1,6,1,2,4,0,0,0,0,CR-MIDDLE FORK TEANAWAY RD,,-120.8980556,47.265377778,0,1,1,13,2,50,34,0,0,1,2,42,2,1,2,1,14,1,1,53,0,12,471,2004,0,,63,1.0,42.0,,,,1,1,62,1,7.0,,4,7,3,0,11,0,04/14/2020,11:06,53017916.0,17916.0,0.0,0.0,0.0,3.0,1,0,,,,92,,,,,,0,,,,,,98922,53,75.0,200.0,6.0,1.0,0.0,0.0,0.0,0.0,,0,,,,,,0,,,20,0,0,0,0.0,9,8,,,0,,,8,8,0.0,0.0,,,0.0,,,0,0,996.0,,,,,,,,,,,,,,,,,,,,,,,,,,,,,,0,0,1,0,0,0,0,0,0,0,0,0,0,0,0,0,1,0,0,0,0,0,0,0,0,0,0,0,0,1,0,0,0,0,0,,1,0,0,0,0,0,0,0,1,0,0,0,0,0,0,0,,,,,,61-65,56-65,County road,R,Tuesday,Belt Used,PV,White,0,1,0,0,County Road,County Sheriff,Kittitas County Sheriff's Office,1,0,1,0,0,,,,,,0.0,0.0,0.0,,,,,,,,,,,98.0,98.0,98.0,1.0,,,,,20.0,7.0,,,,,,,,1.0,0.0,,,MIDDLE FORK TEANAWAY RD,0.5,,,98922,Cle Elum,Cle Elum
2450,2503,2503,2020,102,EA29761,31.0,2020-04-18,10:13,18,4,,45,Mason,0,1,,1,1,2,1,0,2,1,10:28,10:48,11:31,52,0,0,1.6,1,0,1,5,1,2,4,0,0,0,0,CR-E AGATE RD,,-123.013,47.245011111,0,1,1,13,2,45,14,0,0,1,2,30,1,1,2,1,1,2,2,53,0,35,402,2001,0,,63,52.0,30.0,,,,1,1,62,1,0.0,,1,0,3,0,11,0,,,,,0.0,0.0,3.0,2.0,1,0,,,,96,,,,,,9,,,,,,98584,53,72.0,185.0,2.0,1.0,0.0,0.0,0.0,0.0,,97,,,,,,0,04/15/2017,03/15/2018,8,0,0,0,8.0,9,8,,,0,,,1,8,2.0,167.0,695.0,605.0,1.0,1.0,1.0,2,1,0.0,,,,,,,,,,,,,,,,,,,,,,,,,,,,,,0,0,1,0,0,0,1,1,1,0,0,0,0,1,0,0,0,0,0,0,0,0,0,0,0,0,0,0,0,1,0,0,0,0,0,,0,0,0,0,0,0,1,1,0,0,0,1,0,0,1,0,,,,,,61-65,56-65,County road,R,Saturday,Belt Used,PV,Not Fatal,0,1,0,0,County Road,County Sheriff,Mason County Sheriff's Office,1,0,1,0,0,thc,13.0,carboxy-thc,100.0,,0.0,0.0,2.0,1.0,,,,,387.0,,,,,98.0,98.0,98.0,0.0,,,,,20.0,7.0,,,,,,,,1.0,0.0,,,AGATE RD,1.61,,,98584,Shelton,Shelton
2451,2504,2504,2020,103,EA30158,305.0,2020-04-18,0:20,18,4,,11,Clark,2370,1,,3,1,2,1,0,1,1,,,,38,0,0,0.0,1,0,1,3,2,4,6,0,0,0,0,E MILL PLAIN BLVD,,-122.6296194,45.627766667,0,1,1,13,2,35,80,0,0,1,2,38,3,1,2,3,14,1,2,53,0,76,705,2009,0,,63,38.0,,,,,1,1,32,1,7.0,,4,7,20,7,11,0,04/18/2020,0:20,237053019080.0,19080.0,0.0,0.0,0.0,2.0,1,0,,,,96,,,,,,98,,,,,,98663,53,64.0,140.0,6.0,1.0,0.0,0.0,2.0,2.0,,0,,,,,,3,12/15/2017,08/15/2019,20,8,0,0,0.0,9,8,,,0,,,8,8,2.0,1.0,,,1.0,,,2,1,0.139,,,,,,,,,,,,,,,,,,,,,,,,,,,,,,0,0,1,0,1,1,0,1,0,0,0,0,1,0,1,0,0,0,0,0,0,0,0,0,0,0,0,0,1,0,0,0,0,0,1,0.0,0,0,0,0,0,1,0,1,0,1,0,0,0,1,0,1,,,,,,31-35,26-35,City street,U,Saturday,,MC,API,0,1,0,0,City Street,Municipal/City Police,Vancouver Police Department,1,0,0,1,0,,,,,,0.0,0.0,0.0,,,,,,,,,,,0.0,0.0,0.0,68.0,,,,,19.0,0.0,,,,,,,,1.0,0.0,,,,,,,98661,Vancouver,Vancouver
2452,2505,2505,2020,104,EA29524,3.0,2020-03-09,21:23,9,3,,67,Thurston,0,10,,3,1,2,1,0,2,2,,,,12,0,6,39.6,2,0,2,3,1,1,2,0,0,20,3,US-12,MOON RD,-123.1392056,46.825791667,0,1,82,15,2,98,4,0,0,1,2,12,1,1,2,1,11,1,1,53,0,52,46,2008,0,,12,,,,,,1,1,67,1,7.0,,4,7,3,0,11,0,03/09/2020,21:42,53011719.0,11719.0,0.0,0.0,3.0,2.0,1,38,,,,96,,,,,,98,,,,,,98579,53,73.0,222.0,1.0,1.0,0.0,1.0,1.0,0.0,,0,,,,,,0,12/15/2017,12/15/2017,8,0,0,0,0.0,9,8,,,0,,,8,8,2.0,401.0,417.0,,1.0,1.0,,2,1,0.0,,,,,,,,,,,,,,,,,,,,,,,,,,,,,,0,0,0,1,0,0,1,1,0,0,0,0,0,1,0,0,0,0,1,0,0,0,0,0,0,1,0,0,0,1,0,0,0,0,0,,1,0,0,0,0,0,1,1,0,0,1,1,0,0,1,0,,,,,,66-70,66-75,US highway,R,Monday,Belt Used,PV,White,1,0,0,0,State Route,State Patrol,Washington State Patrol,0,1,0,0,0,,,,,,0.0,0.0,1.0,,,,,,,,,,,98.0,98.0,98.0,1.0,,,,,20.0,7.0,,,,,,,,1.0,0.0,,,,,,,98579,Rochester,Rochester
2453,2506,2506,2020,104,EA29524,3.0,2020-03-09,21:23,9,3,,67,Thurston,0,10,,3,1,2,1,0,2,2,,,,12,0,6,39.6,2,0,2,3,1,1,2,0,0,0,0,US-12,MOON RD,-123.1392056,46.825791667,0,2,83,67,4,55,15,0,0,1,2,12,1,1,3,1,1,1,1,53,0,37,421,2015,0,,12,,,,,,1,1,52,1,0.0,,2,0,3,0,11,0,,,,,0.0,0.0,0.0,3.0,1,0,,,,96,,,,,,0,,,,,,98586,53,72.0,190.0,6.0,1.0,0.0,2.0,0.0,2.0,,0,,,,,,0,10/15/2015,09/15/2016,8,0,0,0,8.0,3,8,,,0,,,8,8,0.0,0.0,,,0.0,,,0,0,996.0,,,,,,,,,,,,,,,,,,,,,,,,,,,,,,0,0,0,1,0,0,1,1,0,0,0,0,0,1,0,0,0,0,1,0,0,0,0,0,0,1,0,0,0,1,0,0,0,0,0,,0,0,0,0,0,0,0,0,0,0,0,0,0,0,0,0,,,,,,51-55,46-55,US highway,R,Monday,Belt Used,PV,Not Fatal,1,0,0,0,State Route,State Patrol,Washington State Patrol,0,1,0,0,0,,,,,,0.0,0.0,0.0,,,,,,,,,,,98.0,98.0,98.0,0.0,,,,,20.0,7.0,,,,,,,,1.0,0.0,,,,,,,98579,South Bend,Rochester
2454,2507,2507,2020,105,EA30082,330.0,2020-04-18,15:27,18,4,,77,Yakima,2590,1,,1,1,2,1,0,2,1,15:31,15:41,15:56,59,0,0,0.0,3,0,10,5,2,4,6,0,0,0,0,S 18TH ST,Pacific Ave,-120.4793306,46.592233333,0,1,1,6,1,30,4,0,0,1,2,1,3,1,3,5,14,2,2,53,0,18,18,1996,0,,63,59.0,31.0,1.0,,,1,1,34,2,1.0,,4,7,20,7,11,0,04/18/2020,15:27,259053018319.0,18319.0,0.0,0.0,0.0,2.0,1,0,,,,96,,,,,,9,,,,,,98902,53,61.0,120.0,1.0,1.0,0.0,1.0,0.0,0.0,,0,,,,,,4,02/15/2020,02/15/2020,20,1,9,0,0.0,9,8,,,0,,,8,1,2.0,401.0,417.0,,1.0,1.0,,2,1,0.304,,,,,,,,,,,,,,,,,,,,,,,,,,,,,,0,0,1,1,1,1,1,1,0,0,0,0,1,1,0,0,0,0,0,1,0,0,0,0,0,0,0,0,0,1,0,0,0,1,0,,1,0,0,0,0,1,1,1,0,1,0,1,0,0,0,1,,,,,,31-35,26-35,City street,U,Saturday,Not Used,PV,Hispanic,0,1,0,0,City Street,Municipal/City Police,Yakima Police Department,1,0,0,1,0,,,,,,0.0,0.0,0.0,,,,,,,,,,,0.0,0.0,0.0,203.0,201.0,,,,20.0,7.0,,,,,,,,1.0,0.0,,,,,,,98901,Yakima,Yakima
2455,2508,2508,2020,107,EA30273,248.0,2020-04-21,8:53,21,4,,33,King,1830,1,,1,1,2,1,0,2,2,8:53,8:58,,12,0,6,0.0,2,0,3,4,2,4,6,0,0,0,0,BENSON RD S,S 28th St,-122.2004778,47.454913889,0,1,74,17,2,40,80,0,0,1,2,12,1,2,5,1,15,1,1,53,0,72,706,2005,0,,12,,,,,,1,1,20,1,7.0,,4,7,20,7,11,0,04/21/2020,8:53,183053019473.0,19473.0,0.0,0.0,0.0,2.0,1,0,,,,0,,,,,,8,,,,,,98055,53,70.0,237.0,1.0,1.0,0.0,0.0,2.0,0.0,,0,,,,,,0,03/15/2018,09/15/2019,20,8,0,0,0.0,9,8,,,0,,,8,8,2.0,695.0,,,1.0,,,2,1,0.0,,,,,,,,,,,,,,,,,,,,,,,,,,,,,,0,0,0,1,0,0,1,1,1,0,0,0,0,1,1,0,0,0,0,0,0,1,1,0,1,1,1,0,1,1,0,0,0,0,1,0.0,0,0,0,0,0,0,1,1,0,0,0,1,0,0,1,0,,,,,,18-20,16-25,City street,U,Tuesday,,MC,White,1,0,0,0,City Street,Municipal/City Police,Renton Police Department,0,0,0,1,0,,,,,,0.0,0.0,1.0,,,,,,,,,,,0.0,0.0,0.0,1.0,,,,,5.0,0.0,,,,,,,,1.0,0.0,,,,,,,98055,Renton,Renton
2456,2509,2509,2020,107,EA30273,248.0,2020-04-21,8:53,21,4,,33,King,1830,1,,1,1,2,1,0,2,2,8:53,8:58,,12,0,6,0.0,2,0,3,4,2,4,6,0,0,0,0,BENSON RD S,S 28th St,-122.2004778,47.454913889,0,2,74,15,2,40,4,0,0,1,2,12,1,2,5,1,11,1,1,53,0,48,34,2018,0,,12,,,,,,1,1,73,1,0.0,,1,0,3,0,11,0,,,,,0.0,0.0,0.0,3.0,1,0,,,,96,,,,,,8,,,,,,98055,53,70.0,175.0,6.0,1.0,0.0,0.0,0.0,0.0,,0,,,,,,0,,,8,0,0,0,8.0,9,8,,,0,,,8,8,0.0,0.0,,,0.0,,,0,0,996.0,,,,,,,,,,,,,,,,,,,,,,,,,,,,,,0,0,0,1,0,0,1,1,1,0,0,0,0,1,1,0,0,0,0,0,0,1,1,0,1,1,1,0,1,1,0,0,0,0,0,,0,0,0,0,0,0,0,0,0,0,0,0,0,0,0,0,,,,,,71-75,66-75,City street,U,Tuesday,Belt Used,PV,Not Fatal,1,0,0,0,City Street,Municipal/City Police,Renton Police Department,0,0,0,1,0,,,,,,0.0,0.0,0.0,,,,,,,,,,,98.0,98.0,98.0,0.0,,,,,20.0,7.0,,,,,,,,1.0,0.0,,,,,,,98055,Renton,Renton
2457,2510,2510,2020,108,EA30422,7.0,2020-04-10,23:17,10,4,,33,King,475,10,,2,1,1,1,1,1,1,23:18,23:28,,8,0,0,0.2,20,1,1,3,2,1,3,0,0,0,0,SR-18 RAMP 018S101091,,-122.1253139,47.355516667,0,1,13,80,5,60,14,0,0,1,2,8,1,2,1,6,3,1,2,53,0,63,401,2014,0,,8,,,,,,1,1,18,2,0.0,,0,0,3,0,11,0,,,,,0.0,0.0,3.0,3.0,1,0,,,,96,,,,,,0,,,,,,98082,53,63.0,157.0,6.0,1.0,0.0,0.0,0.0,0.0,,0,,,,,,0,,,20,0,0,0,8.0,9,8,,,0,,,8,8,0.0,0.0,,,0.0,,,0,0,996.0,,,,,,,,,,,,,,,,,,,,,,,,,,,,,,0,0,0,0,0,0,0,0,0,1,0,1,0,0,0,0,0,0,0,0,0,1,1,0,1,0,0,0,0,1,0,1,0,0,0,,0,0,0,0,0,0,0,0,0,0,0,0,0,0,0,0,,,,,,18-20,16-25,State route,U,Friday,Belt Used,PV,Not Fatal,0,0,0,0,State Route,State Patrol,Washington State Patrol,0,1,0,0,0,,,,,,0.0,0.0,0.0,,,,,,,,,,,98.0,98.0,98.0,0.0,,,,,20.0,7.0,,,,,,,,1.0,0.0,,,,,,,98042,Mill Creek,Kent
2458,2511,2511,2020,109,EA31214,24.0,2020-04-17,18:08,17,4,,31,Jefferson,0,10,,1,1,1,1,0,2,1,18:09,18:16,,1,0,0,4.7,1,0,1,5,1,2,4,0,0,0,0,CR-CENTER RD,,-122.7855528,47.946005556,0,1,7,13,2,55,4,0,0,1,2,1,3,1,2,1,14,2,2,53,0,20,2,2007,0,,63,69.0,68.0,64.0,1.0,,1,1,27,2,0.0,,0,0,1,0,11,0,,,,,0.0,0.0,0.0,0.0,1,0,,,,96,,,,,,9,,,,,,98325,53,65.0,140.0,3.0,7.0,0.0,0.0,0.0,0.0,,97,,,,,,3,,,1,0,0,0,8.0,9,8,,,0,,,8,1,2.0,402.0,996.0,,1.0,1.0,,2,1,0.19,,,,,,,,,,,,,,,,,,,,,,,,,,,,,,0,0,0,0,1,1,1,1,0,0,0,0,1,1,0,0,0,0,0,1,0,0,0,0,0,0,0,0,0,1,0,0,0,0,0,,0,0,0,0,0,1,1,1,0,1,0,1,0,0,0,1,,,,,,26-30,26-35,County road,R,Friday,Belt Used,PV,Not Fatal,0,1,0,0,County Road,County Sheriff,Jefferson County Sheriff's Office,1,0,1,0,0,,,,,,0.0,0.0,0.0,,,,,,,,,,,98.0,98.0,98.0,0.0,,,,,20.0,7.0,,,,,,,,1.0,0.0,,,CENTER RD,4.658,,,98325,Chimacum,Chimacum
2459,2512,2512,2020,110,EA31318,18.0,2020-04-26,19:46,26,4,,19,Ferry,0,1,,5,1,4,1,0,3,2,,,,12,0,8,0.1,1,0,1,7,1,2,4,0,0,0,0,CR-LAKE ELLEN RD,,-118.1801056,48.539213889,0,1,66,54,3,30,96,0,0,1,2,12,1,1,8,1,1,2,1,53,0,98,734,2018,0,,12,63.0,1.0,,,,1,1,21,1,0.0,,0,0,3,0,11,0,,,,,0.0,0.0,0.0,1.0,1,8,58.0,,,96,,,,,,9,,,,,,99212,53,70.0,215.0,1.0,1.0,0.0,1.0,0.0,0.0,,0,,,,,,4,05/15/2017,05/15/2017,20,0,0,0,8.0,1,8,,,0,,,8,1,2.0,1.0,,,1.0,,,2,1,0.025,,,,,,,,,,,,,,,,,,,,,,,,,,,,,,0,0,0,0,1,0,1,1,0,0,0,0,1,1,1,0,0,0,0,0,0,0,0,1,1,0,0,0,1,0,0,0,0,0,0,,0,0,0,0,1,0,0,0,0,1,0,1,1,0,0,1,,,,,,21-25,16-25,County road,R,Sunday,,OTHVT,Not Fatal,0,1,1,0,County Road,County Sheriff,Ferry County Sheriff's Office,0,0,1,0,0,,,,,,0.0,0.0,0.0,,,,,,,,,,,0.0,0.0,0.0,0.0,,,,,17.0,7.0,,,,,,,,1.0,0.0,,,LAKE ELLEN RD,0.1,,,99141,Spokane,Kettle Falls