,index,Unnamed: 0,year,case,par,repjur,crash_dt,crash_tm,accday,accmon,holiday,county,co_char,city,weather,weather2,lightcond,surfcond,surftype,numfatal,nmforms,pforms,vforms,not_tm,arr_tm,hosp_tm,fhevent,hitrun,manncol,milepnt,reljunc,reljuncinter,intersectiontype,funcsystem,landuse,ownership,route,schlbus,spejur,contdev,devfunc,trafid1,trafid2,lon,lat,wk_zone,vnumber,crashtype,criticalevent,criticaleventcat,spdlim,body,trailer,emerg,hazcargo,leave,mhevent,roadalgn,roadprof,traflane,trafflow,vehmanvr,numoccs,regowner,regstate,spuse,make,model,modelyr,vrf1,vrf2,seqevent1,seqevent2,seqevent3,seqevent4,seqevent5,seqevent6,pnumber,ptype,age,sex,hispanic,race,injury,diedscene,restraint,restraintmisuse,seatpos,takehosp,death_dt,death_tm,cert,cernum_wa,commlic,licendor,licrestrict,liccomp,drivpres,drf1,drf2,drf3,drf4,distract1,distract2,distract3,distract4,distract5,distract6,dricond1,dricond2,dricond3,dricond4,dricond5,dricond6,dzip,licstate,drhgt_in,weight,noncdl,noncdltype,prevdwi,prevoth,prevacc,prevspd,prevsus,driviol1,driviol2,driviol3,driviol4,driviol5,driviol6,spdrel,first_dt,last_dt,airbag,ejection,ejectpath,extricat,injurwrk,methalc,methdrug,nmlocat,strikveh,prf1,prf2,prf3,druginv,alcinvol,drugsts,drugres1,drugres2,drugres3,drugtst1,drugtst2,drugtst3,alcsts,alctst,alcres,nmact1,nmact2,nmact3,nmact4,nmact5,nmact6,nmprior1,nmprior2,nmprior3,nmprior4,nmprior5,nmprior6,nmcond1,nmcond2,nmcond3,nmcond4,nmcond5,nmcond6,nmsafe_helmet,nmsafe_pads,nmsafe_oth,nmprev_ref,nmprev_lgt,nmprev_oth,crashlocation,nmcrashtype,crosswalk,schoolzone,sidewalk,train_inv,wildlife_inv,rotr_fars,intersect_fars,dd_inv,aid_inv,dpd_inv,id_inv,mj_inv,impnm_inv,ainm_inv,dpnm_inv,speed_inv,unlic_inv,unendmc_inv,drowsy_inv,drdist_inv,nmdist_inv,fty_inv,unrestfat_inv,dr1617_inv,dr1820_inv,dr1620_inv,dr2125_inv,dr1625_inv,dr65_inv,dr70_inv,dr75_inv,mc_inv,pv_inv,ht_inv,ped_inv,bike_inv,unrest_fat,mc_fat,unhelmet_mc,pv_fat,ht_fat,ped_fat,bike_fat,dr_alc7,dr_alc8,dr_drug,dr_imp,dr_dist,dr_spd,dr_fty,dr_unlic,dr_alc7only,dr_alc8only,dr_drugonly,dr_drink,nm_imp,nm_alc7,nm_alc8,nm_drug,nm_dist,agegrp1,agegrp2,roadclass,urbrur,dayweek,restuse,vehtype,race_me,intersect,lanedep,oppdir,wrongway,rep_typ,investag,repag_long,rotr,st_rd,cty_rd,city_rd,oth_rd,drug_thc,thc_res,drug_cthc,cthc_res,drug_cann,prevpersemin,prevperse,prevsusoth,drugtst4,drugtst5,drugtst6,drugtst7,drugtst8,drugres4,drugres5,drugres6,drugres7,drugres8,adspresent,adsengaged,adslevel,race1,race2,race3,race4,race5,helmet,helmetmisuse,nmdistract1,nmdistract2,nmdistract3,nmdistract4,nmdistract5,nmdistract6,lab,isedtcase,crf1,crf2,crf3,CoRoadName,CoMP,IntCoRoadName,IntCoMP,crashzip,dcity,crashcity
2478,2531,2531,2020,127,EA32570,25.0,2020-05-07,8:24,7,5,,33,King,0,1,,1,1,2,1,0,3,2,8:26,8:31,,12,0,2,0.2,2,0,3,3,2,1,3,0,0,3,3,SR-104,HOME DEPOT/COSTCO ENTRY,-122.342525,47.777613889,0,2,69,62,4,35,80,0,0,1,2,12,1,1,5,1,1,1,1,53,0,72,706,2004,0,,12,,,,,,1,1,45,1,7.0,,4,7,20,7,11,0,05/07/2020,8:24,53021530.0,21530.0,0.0,0.0,0.0,3.0,1,0,,,,96,,,,,,0,,,,,,98072,53,72.0,205.0,6.0,1.0,0.0,0.0,0.0,0.0,,0,,,,,,0,,,20,8,0,0,0.0,9,8,,,0,,,8,8,2.0,695.0,605.0,,1.0,1.0,,2,1,0.0,,,,,,,,,,,,,,,,,,,,,,,,,,,,,,0,0,0,1,0,0,1,1,1,0,0,0,0,0,0,0,1,0,1,0,0,0,0,0,0,0,0,0,1,1,0,0,0,0,1,0.0,0,0,0,0,0,0,1,1,0,0,0,0,0,0,1,0,,,,,,41-45,36-45,State route,U,Thursday,,MC,White,1,0,0,0,State Route,County Sheriff,King County Police,0,1,0,0,0,thc,39.0,carboxy-thc,22.0,,0.0,0.0,0.0,,,,,,,,,,,0.0,0.0,0.0,1.0,,,,,5.0,0.0,,,,,,,nms,1.0,0.0,,,,,,,98026,Woodinville,Edmonds
2479,2533,2533,2020,129,EA32709,7.0,2020-05-08,1:13,8,5,,33,King,100,1,,3,1,2,1,0,2,2,1:15,1:23,1:52,12,0,2,18.3,1,0,1,3,2,1,3,0,0,0,0,SR-167,,-122.2446861,47.327702778,0,1,52,54,3,98,6,0,0,1,2,12,1,1,3,3,1,1,1,53,0,49,47,2003,0,,12,,,,,,1,1,33,2,7.0,,4,7,3,0,11,0,05/08/2020,1:13,10053022458.0,22458.0,0.0,0.0,3.0,3.0,1,51,,,,96,,,,,,9,,,,,,98407,53,62.0,190.0,6.0,1.0,0.0,0.0,1.0,0.0,,0,,,,,,0,12/15/2018,12/15/2018,8,0,0,0,0.0,1,8,,,0,,,1,1,2.0,695.0,605.0,,1.0,1.0,,2,1,0.24,,,,,,,,,,,,,,,,,,,,,,,,,,,,,,0,0,0,0,1,1,1,1,1,0,0,0,0,0,0,0,0,0,0,0,0,0,0,0,0,0,0,0,0,1,0,0,0,0,0,,1,0,0,0,0,1,1,1,0,0,0,0,0,0,0,1,,,,,,31-35,26-35,State route,U,Friday,Belt Used,PV,White,0,0,0,1,State Route,State Patrol,Washington State Patrol,0,1,0,0,0,thc,12.0,carboxy-thc,888.0,,0.0,0.0,0.0,,,,,,,,,,,98.0,98.0,98.0,1.0,,,,,20.0,7.0,,,,,,,,1.0,0.0,,,,,,,98001,Tacoma,Auburn
2480,2534,2534,2020,129,EA32709,7.0,2020-05-08,1:13,8,5,,33,King,100,1,,3,1,2,1,0,2,2,1:15,1:23,1:52,12,0,2,18.3,1,0,1,3,2,1,3,0,0,0,0,SR-167,,-122.2446861,47.327702778,0,2,52,54,3,98,14,0,0,1,2,12,1,1,3,3,1,1,1,53,0,49,402,2016,0,,12,,,,,,1,1,62,1,0.0,,3,0,3,0,11,5,,,,,0.0,0.0,0.0,3.0,1,0,,,,96,,,,,,0,,,,,,98059,53,65.0,125.0,6.0,1.0,0.0,1.0,1.0,0.0,,0,,,,,,0,12/15/2015,09/15/2017,20,0,0,0,8.0,9,8,,,0,,,8,8,2.0,1.0,,,1.0,,,2,1,0.0,,,,,,,,,,,,,,,,,,,,,,,,,,,,,,0,0,0,0,1,1,1,1,1,0,0,0,0,0,0,0,0,0,0,0,0,0,0,0,0,0,0,0,0,1,0,0,0,0,0,,0,0,0,0,0,0,0,0,0,0,0,0,0,0,0,0,,,,,,61-65,56-65,State route,U,Friday,Belt Used,PV,Not Fatal,0,0,0,1,State Route,State Patrol,Washington State Patrol,0,1,0,0,0,,,,,,0.0,0.0,0.0,,,,,,,,,,,98.0,98.0,98.0,0.0,,,,,20.0,7.0,,,,,,,,1.0,0.0,,,,,,,98001,Renton,Auburn
2481,2535,2535,2020,130,EA33044,3.0,2020-05-10,6:55,10,5,,53,Pierce,0,1,,1,1,2,1,0,1,1,,,,35,0,0,10.6,1,0,1,4,2,1,3,0,0,0,0,SR-162,,-122.1544472,47.096169444,0,1,1,6,1,45,80,0,0,1,5,43,3,1,2,1,6,1,1,53,0,72,706,2019,0,,63,35.0,43.0,,,,1,1,55,1,7.0,,4,7,20,7,11,0,05/10/2020,6:55,53021751.0,21751.0,0.0,0.0,0.0,3.0,1,0,,,,96,,,,,,9,,,,,,98371,53,73.0,240.0,6.0,1.0,0.0,0.0,1.0,0.0,,0,,,,,,3,01/15/2019,01/15/2019,20,8,0,0,0.0,9,8,,,0,,,1,8,2.0,695.0,605.0,,1.0,1.0,,2,1,0.0,,,,,,,,,,,,,,,,,,,,,,,,,,,,,,0,0,1,0,0,0,1,1,1,0,0,0,1,0,0,0,0,0,0,0,0,0,0,0,0,0,0,0,1,0,0,0,0,0,1,0.0,0,0,0,0,0,0,1,1,0,1,0,0,0,0,1,0,,,,,,51-55,46-55,State route,U,Sunday,,MC,White,0,1,0,0,State Route,State Patrol,Washington State Patrol,1,1,0,0,0,thc,18.0,carboxy-thc,19.0,,0.0,0.0,0.0,,,,,,,,,,,0.0,0.0,0.0,1.0,,,,,5.0,0.0,,,,,,,,1.0,0.0,,,,,,,98360,Puyallup,Orting
2482,2536,2536,2020,131,EA33074,39.0,2020-05-08,20:58,8,5,,61,Snohomish,0,1,,2,1,2,1,0,4,2,21:01,21:11,21:34,12,0,2,4.1,1,0,1,4,2,2,4,0,0,0,0,CR-84TH ST NE,,-122.0265889,48.072302778,0,1,50,10,2,50,14,0,0,1,2,12,1,1,2,1,1,1,2,53,0,49,401,1985,0,,68,12.0,,,,,1,1,31,1,0.0,,3,0,99,7,11,5,,,,,0.0,0.0,0.0,2.0,1,28,,,,92,,,,,,98,,,,,,98252,53,72.0,200.0,1.0,1.0,0.0,1.0,0.0,0.0,,97,,,,,,0,02/15/2018,06/15/2020,20,0,0,0,8.0,9,8,,,0,,,8,8,8.0,95.0,,,96.0,,,8,95,995.0,,,,,,,,,,,,,,,,,,,,,,,,,,,,,,0,0,0,0,0,0,1,1,0,0,0,0,0,1,0,0,1,0,0,1,0,0,0,0,0,1,1,1,0,1,0,0,0,0,0,,0,0,0,0,0,0,0,0,1,0,0,1,0,0,0,0,,,,,,31-35,26-35,County road,U,Friday,Unknown,PV,Not Fatal,0,1,1,0,County Road,County Sheriff,Snohomish County Sheriff's Office,0,0,1,0,0,,,,,,0.0,0.0,2.0,,,,,,,,,,,0.0,0.0,0.0,0.0,,,,,20.0,7.0,,,,,,,,1.0,0.0,,,84TH ST NE,4.063,,,98258,Granite Falls,Lake Stevens
2483,2537,2537,2020,131,EA33074,39.0,2020-05-08,20:58,8,5,,61,Snohomish,0,1,,2,1,2,1,0,4,2,21:01,21:11,21:34,12,0,2,4.1,1,0,1,4,2,2,4,0,0,0,0,CR-84TH ST NE,,-122.0265889,48.072302778,0,2,51,62,4,50,14,0,0,1,2,12,1,1,2,1,1,3,1,53,0,14,402,2006,0,,12,,,,,,1,1,79,1,7.0,,4,7,20,7,11,0,05/08/2020,20:58,53022587.0,22587.0,0.0,0.0,3.0,2.0,1,0,,,,96,,,,,,0,,,,,,98022,53,66.0,150.0,1.0,1.0,0.0,2.0,3.0,0.0,,0,,,,,,0,07/15/2015,12/15/2018,1,0,0,0,0.0,9,8,,,0,,,8,8,2.0,401.0,417.0,,1.0,1.0,,2,1,0.0,,,,,,,,,,,,,,,,,,,,,,,,,,,,,,0,0,0,0,0,0,1,1,0,0,0,0,0,1,0,0,1,0,0,1,0,0,0,0,0,1,1,1,0,1,0,0,0,1,0,,1,0,0,0,0,0,1,1,0,0,0,1,0,0,1,0,,,,,,76-80,76+,County road,U,Friday,Not Used,PV,White,0,1,1,0,County Road,County Sheriff,Snohomish County Sheriff's Office,0,0,1,0,0,,,,,,0.0,0.0,4.0,,,,,,,,,,,98.0,98.0,98.0,1.0,,,,,20.0,7.0,,,,,,,,1.0,0.0,,,84TH ST NE,4.063,,,98258,Enumclaw,Lake Stevens
2484,2538,2538,2020,132,EA33333,8.0,2020-05-04,9:41,4,5,,35,Kitsap,0,1,,1,1,1,1,0,2,2,9:46,9:47,,12,0,6,34.2,2,0,2,3,2,1,3,0,0,3,3,SR-3,SAM CHRISTOPHERSON,-122.704525,47.525638889,0,1,88,17,2,40,80,0,0,1,2,12,1,3,3,1,6,1,2,53,0,53,706,2008,0,,12,,,,,,1,1,35,1,7.0,,4,7,20,7,11,0,05/04/2020,9:41,53021682.0,21682.0,0.0,0.0,3.0,2.0,1,8,33.0,39.0,,96,,,,,,98,,,,,,98366,53,72.0,170.0,1.0,1.0,1.0,0.0,1.0,2.0,,0,,,,,,0,06/15/2016,08/15/2019,20,8,0,0,0.0,9,8,,,0,,,8,8,2.0,401.0,417.0,128.0,1.0,1.0,1.0,2,1,0.0,,,,,,,,,,,,,,,,,,,,,,,,,,,,,,0,0,0,1,0,0,1,1,1,0,0,0,0,1,1,0,0,0,0,0,0,0,0,0,0,0,0,0,1,1,0,0,0,0,1,0.0,0,0,0,0,0,0,1,1,0,0,0,1,0,0,1,0,,,,,,31-35,26-35,State route,U,Monday,,MC,White,1,0,0,0,State Route,State Patrol,Washington State Patrol,0,1,0,0,0,thc,0.55,carboxy-thc,10.0,,0.0,1.0,10.0,1.0,1.0,1.0,,,177.0,695.0,605.0,,,0.0,0.0,0.0,1.0,,,,,5.0,0.0,,,,,,,nms,1.0,0.0,,,,,,,98367,Port Orchard,Port Orchard
2485,2539,2539,2020,132,EA33333,8.0,2020-05-04,9:41,4,5,,35,Kitsap,0,1,,1,1,1,1,0,2,2,9:46,9:47,,12,0,6,34.2,2,0,2,3,2,1,3,0,0,3,3,SR-3,SAM CHRISTOPHERSON,-122.704525,47.525638889,0,2,89,66,4,35,14,0,0,1,2,12,1,3,3,1,1,1,2,53,0,48,401,2007,0,,12,,,,,,1,1,52,1,0.0,,0,0,3,0,11,0,,,,,0.0,0.0,0.0,3.0,1,0,,,,96,,,,,,0,,,,,,98366,53,67.0,150.0,6.0,1.0,0.0,0.0,0.0,0.0,,0,,,,,,0,,,1,0,0,0,8.0,3,8,,,0,,,8,8,0.0,0.0,,,0.0,,,0,0,996.0,,,,,,,,,,,,,,,,,,,,,,,,,,,,,,0,0,0,1,0,0,1,1,1,0,0,0,0,1,1,0,0,0,0,0,0,0,0,0,0,0,0,0,1,1,0,0,0,0,0,,0,0,0,0,0,0,0,0,0,0,0,0,0,0,0,0,,,,,,51-55,46-55,State route,U,Monday,Belt Used,PV,Not Fatal,1,0,0,0,State Route,State Patrol,Washington State Patrol,0,1,0,0,0,,,,,,0.0,0.0,0.0,,,,,,,,,,,98.0,98.0,98.0,0.0,,,,,20.0,7.0,,,,,,,,1.0,0.0,,,,,,,98367,Port Orchard,Port Orchard
2486,2540,2540,2020,133,EA33505,290.0,2020-05-09,12:53,9,5,,53,Pierce,2230,1,,1,1,2,1,0,5,4,12:52,12:55,,12,0,7,0.0,1,0,1,5,2,4,6,0,0,0,0,MCKINLEY AVE,,-122.4209917,47.182802778,0,1,48,51,3,30,80,0,0,1,2,12,1,1,2,1,6,1,1,53,0,72,706,2005,0,,12,68.0,12.0,12.0,,,1,1,41,1,7.0,,4,7,20,7,11,0,05/09/2020,12:53,223053023475.0,23475.0,0.0,0.0,0.0,3.0,1,8,,,,96,,,,,,98,,,,,,98408,53,76.0,220.0,6.0,1.0,0.0,1.0,0.0,1.0,,0,,,,,,0,11/15/2017,02/15/2017,20,8,0,0,0.0,9,8,,,0,,,8,8,2.0,695.0,605.0,,1.0,1.0,,2,1,0.21,,,,,,,,,,,,,,,,,,,,,,,,,,,,,,0,0,0,0,1,1,1,1,1,0,0,0,0,0,0,0,1,0,0,0,1,0,1,1,1,0,0,0,1,1,0,0,0,0,1,0.0,0,0,0,0,0,1,1,1,0,0,0,0,0,0,0,1,,,,,,41-45,36-45,City street,U,Saturday,,MC,White,0,0,0,0,City Street,Municipal/City Police,Tacoma Police Department,0,0,0,1,0,thc,25.0,carboxy-thc,37.0,,0.0,0.0,2.0,,,,,,,,,,,0.0,0.0,0.0,1.0,,,,,19.0,0.0,,,,,,,,1.0,0.0,,,,,,,98404,Tacoma,Tacoma
2487,2541,2541,2020,133,EA33505,290.0,2020-05-09,12:53,9,5,,53,Pierce,2230,1,,1,1,2,1,0,5,4,12:52,12:55,,12,0,7,0.0,1,0,1,5,2,4,6,0,0,0,0,MCKINLEY AVE,,-122.4209917,47.182802778,0,2,48,53,3,30,4,0,0,1,2,12,1,1,2,1,1,1,1,53,0,58,38,2011,0,,12,,,,,,1,1,21,1,0.0,,0,0,99,7,11,0,,,,,0.0,0.0,0.0,3.0,1,0,,,,92,,,,,,98,,,,,,98404,53,70.0,165.0,6.0,1.0,0.0,0.0,0.0,0.0,,0,,,,,,0,,,20,0,0,0,8.0,9,8,,,0,,,8,8,8.0,95.0,,,96.0,,,8,95,995.0,,,,,,,,,,,,,,,,,,,,,,,,,,,,,,0,0,0,0,1,1,1,1,1,0,0,0,0,0,0,0,1,0,0,0,1,0,1,1,1,0,0,0,1,1,0,0,0,0,0,,0,0,0,0,0,0,0,0,1,0,0,0,0,0,0,0,,,,,,21-25,16-25,City street,U,Saturday,Unknown,PV,Not Fatal,0,0,0,0,City Street,Municipal/City Police,Tacoma Police Department,0,0,0,1,0,,,,,,0.0,0.0,0.0,,,,,,,,,,,98.0,98.0,98.0,0.0,,,,,20.0,7.0,,,,,,,,1.0,0.0,,,,,,,98404,Tacoma,Tacoma
2488,2542,2542,2020,133,EA33505,290.0,2020-05-09,12:53,9,5,,53,Pierce,2230,1,,1,1,2,1,0,5,4,12:52,12:55,,12,0,7,0.0,1,0,1,5,2,4,6,0,0,0,0,MCKINLEY AVE,,-122.4209917,47.182802778,0,3,98,62,4,30,34,0,0,1,2,12,1,1,2,1,1,1,2,53,0,35,471,1989,0,,12,68.0,64.0,38.0,,,1,1,16,1,0.0,,1,0,99,7,11,5,,,,,0.0,0.0,1.0,3.0,1,0,,,,96,,,,,,0,,,,,,98404,53,74.0,140.0,6.0,2.0,0.0,0.0,0.0,0.0,,0,,,,,,0,,,20,0,0,0,8.0,9,8,,,0,,,8,8,8.0,95.0,,,96.0,,,8,95,995.0,,,,,,,,,,,,,,,,,,,,,,,,,,,,,,0,0,0,0,1,1,1,1,1,0,0,0,0,0,0,0,1,0,0,0,1,0,1,1,1,0,0,0,1,1,0,0,0,0,0,,0,0,0,0,0,0,0,0,0,0,0,0,0,0,0,0,,,,,,16-17,16-25,City street,U,Saturday,Unknown,PV,Not Fatal,0,0,0,0,City Street,Municipal/City Police,Tacoma Police Department,0,0,0,1,0,,,,,,0.0,0.0,0.0,,,,,,,,,,,0.0,0.0,0.0,0.0,,,,,20.0,7.0,,,,,,,,1.0,0.0,,,,,,,98404,Tacoma,Tacoma
2489,2543,2543,2020,133,EA33505,290.0,2020-05-09,12:53,9,5,,53,Pierce,2230,1,,1,1,2,1,0,5,4,12:52,12:55,,12,0,7,0.0,1,0,1,5,2,4,6,0,0,0,0,MCKINLEY AVE,,-122.4209917,47.182802778,0,4,98,62,4,30,2,0,0,1,2,12,1,1,2,1,1,2,1,53,0,12,13,1999,0,,12,,,,,,1,1,54,1,0.0,,0,0,99,7,11,0,,,,,0.0,0.0,0.0,3.0,1,0,,,,96,,,,,,0,,,,,,98444,53,68.0,160.0,6.0,1.0,0.0,0.0,0.0,0.0,,0,,,,,,0,,,20,0,0,0,8.0,9,8,,,0,,,8,8,8.0,95.0,,,96.0,,,8,95,995.0,,,,,,,,,,,,,,,,,,,,,,,,,,,,,,0,0,0,0,1,1,1,1,1,0,0,0,0,0,0,0,1,0,0,0,1,0,1,1,1,0,0,0,1,1,0,0,0,0,0,,0,0,0,0,0,0,0,0,0,0,0,0,0,0,0,0,,,,,,51-55,46-55,City street,U,Saturday,Unknown,PV,Not Fatal,0,0,0,0,City Street,Municipal/City Police,Tacoma Police Department,0,0,0,1,0,,,,,,0.0,0.0,0.0,,,,,,,,,,,0.0,0.0,0.0,0.0,,,,,20.0,7.0,,,,,,,,1.0,0.0,,,,,,,98404,Tacoma,Tacoma
2490,2544,2544,2020,134,EA33537,297.0,2020-05-11,14:19,11,5,,33,King,2310,10,,1,1,2,1,0,2,2,14:20,14:28,,1,0,0,0.0,1,0,1,7,2,4,6,0,0,0,0,CHRISTENSEN RD,,-122.2492111,47.462194444,0,1,98,8,1,35,80,0,0,1,2,12,2,6,5,1,14,1,1,53,0,72,706,2005,0,,1,68.0,12.0,,,,1,1,65,1,7.0,,4,7,20,7,11,0,05/11/2020,14:19,231053022761.0,22761.0,0.0,0.0,0.0,3.0,1,28,,,,96,,,,,,98,,,,,,98052,53,69.0,212.0,6.0,1.0,0.0,0.0,0.0,1.0,,0,,,,,,0,02/15/2019,02/15/2019,20,8,0,0,0.0,9,8,,,0,,,8,8,2.0,1.0,,,1.0,,,2,1,0.0,,,,,,,,,,,,,,,,,,,,,,,,,,,,,,0,0,0,0,0,0,0,0,0,0,0,0,0,0,0,0,0,0,0,0,0,0,0,0,0,1,0,0,1,1,0,0,0,0,1,0.0,0,0,0,0,0,0,0,0,0,0,0,0,0,0,0,0,,,,,,61-65,56-65,City street,U,Monday,,MC,White,0,0,0,0,City Street,Municipal/City Police,Tukwila Police Department,0,0,0,1,0,,,,,,0.0,0.0,0.0,,,,,,,,,,,0.0,0.0,0.0,1.0,,,,,5.0,0.0,,,,,,,,1.0,0.0,,,,,,,98188,Redmond,Seattle
2491,2545,2545,2020,134,EA33537,297.0,2020-05-11,14:19,11,5,,33,King,2310,10,,1,1,2,1,0,2,2,14:20,14:28,,1,0,0,0.0,1,0,1,7,2,4,6,0,0,0,0,CHRISTENSEN RD,,-122.2492111,47.462194444,0,2,98,62,4,35,4,0,0,1,2,12,3,5,5,1,14,1,1,53,0,37,31,2009,0,,12,,,,,,1,1,43,1,0.0,,0,0,3,0,11,0,,,,,0.0,0.0,0.0,3.0,1,0,,,,96,,,,,,98,,,,,,98168,53,66.0,120.0,6.0,1.0,0.0,0.0,0.0,0.0,,0,,,,,,0,,,20,0,0,0,8.0,9,8,,,0,,,8,8,8.0,95.0,,,96.0,,,8,95,995.0,,,,,,,,,,,,,,,,,,,,,,,,,,,,,,0,0,0,0,0,0,0,0,0,0,0,0,0,0,0,0,0,0,0,0,0,0,0,0,0,1,0,0,1,1,0,0,0,0,0,,0,0,0,0,0,0,0,0,0,0,0,0,0,0,0,0,,,,,,41-45,36-45,City street,U,Monday,Belt Used,PV,Not Fatal,0,0,0,0,City Street,Municipal/City Police,Tukwila Police Department,0,0,0,1,0,,,,,,0.0,0.0,0.0,,,,,,,,,,,98.0,98.0,98.0,0.0,,,,,20.0,7.0,,,,,,,,1.0,0.0,,,,,,,98188,Seattle,Seattle
2492,2546,2546,2020,135,EA33684,3.0,2020-05-09,14:51,9,5,,53,Pierce,800,1,,1,1,2,1,0,2,1,14:50,14:59,15:40,1,0,0,12.7,1,0,1,3,2,1,3,0,0,0,0,SR-16,,-122.6144556,47.357958333,0,1,98,9,1,60,80,0,0,1,2,1,1,1,2,3,15,2,1,53,0,72,706,2006,0,,1,,,,,,1,1,55,1,7.0,,4,0,20,7,11,5,05/09/2020,21:16,223053022543.0,22543.0,0.0,0.0,3.0,2.0,1,0,,,,96,,,,,,98,,,,,,98499,53,72.0,175.0,6.0,1.0,0.0,0.0,0.0,0.0,,0,,,,,,0,,,20,8,0,0,0.0,9,8,,,0,,,8,8,8.0,95.0,,,96.0,,,8,95,995.0,,,,,,,,,,,,,,,,,,,,,,,,,,,,,,0,0,0,0,0,0,0,0,0,0,0,0,0,0,1,0,0,0,0,0,0,0,0,0,0,0,0,0,1,0,0,0,0,0,1,1.0,0,0,0,0,0,0,0,0,0,0,0,0,0,0,0,0,,,,,,51-55,46-55,State route,U,Saturday,,MC,White,0,0,0,0,State Route,State Patrol,Washington State Patrol,0,1,0,0,0,,,,,,0.0,0.0,0.0,,,,,,,,,,,0.0,0.0,0.0,1.0,,,,,16.0,0.0,,,,,,,,1.0,0.0,,,,,,,98332,Lakewood,Gig Harbor
2493,2547,2547,2020,136,EA33940,12.0,2020-04-18,20:27,18,4,,7,Chelan,320,1,,2,1,1,1,0,2,2,20:29,20:37,21:10,12,0,2,5.6,1,0,1,4,2,1,3,0,0,0,0,SR-150,,-120.0521361,47.855016667,0,1,51,62,4,40,14,0,0,1,2,12,3,1,2,1,14,1,2,53,0,2,405,2005,0,,12,,,,,,1,1,34,1,0.0,,2,0,3,0,11,8,,,,,0.0,0.0,0.0,3.0,1,0,,,,96,,,,,,0,,,,,,98816,53,67.0,170.0,6.0,1.0,0.0,0.0,1.0,2.0,,0,,,,,,0,11/15/2015,12/15/2017,8,0,0,0,8.0,9,8,,,0,,,8,8,8.0,95.0,,,96.0,,,8,95,995.0,,,,,,,,,,,,,,,,,,,,,,,,,,,,,,0,0,0,0,1,1,0,1,0,0,0,0,0,0,1,0,0,0,0,0,0,0,0,0,0,0,0,0,1,1,0,0,0,0,0,,0,0,0,0,0,0,0,0,0,0,0,0,0,0,0,0,,,,,,31-35,26-35,State route,U,Saturday,Belt Used,PV,Not Fatal,0,0,0,1,State Route,County Sheriff,Chelan County Sheriff's Office,0,1,0,0,0,,,,,,0.0,0.0,0.0,,,,,,,,,,,98.0,98.0,98.0,0.0,,,,,20.0,7.0,,,,,,,,1.0,0.0,,,,,,,98816,Chelan,Chelan
2494,2548,2548,2020,136,EA33940,12.0,2020-04-18,20:27,18,4,,7,Chelan,320,1,,2,1,1,1,0,2,2,20:29,20:37,21:10,12,0,2,5.6,1,0,1,4,2,1,3,0,0,0,0,SR-150,,-120.0521361,47.855016667,0,2,50,10,2,98,80,0,0,1,2,12,2,1,2,1,14,1,1,53,0,72,706,2013,0,,68,12.0,,,,,1,1,48,1,7.0,,4,7,20,7,11,0,04/18/2020,20:27,32053019022.0,19022.0,0.0,0.0,0.0,2.0,1,28,58.0,,,96,,,,,,98,,,,,,98816,53,72.0,205.0,6.0,1.0,0.0,0.0,0.0,1.0,,0,,,,,,0,06/15/2019,06/15/2019,20,8,0,0,0.0,9,8,,,0,,,8,8,2.0,1.0,,,1.0,,,2,1,0.184,,,,,,,,,,,,,,,,,,,,,,,,,,,,,,0,0,0,0,1,1,0,1,0,0,0,0,0,0,1,0,0,0,0,0,0,0,0,0,0,0,0,0,1,1,0,0,0,0,1,0.0,0,0,0,0,0,1,0,1,0,0,0,0,0,1,0,1,,,,,,46-50,46-55,State route,U,Saturday,,MC,White,0,0,0,1,State Route,County Sheriff,Chelan County Sheriff's Office,0,1,0,0,0,,,,,,0.0,0.0,0.0,,,,,,,,,,,0.0,0.0,0.0,1.0,,,,,5.0,0.0,,,,,,,,1.0,0.0,,,,,,,98816,Chelan,Chelan
2495,2549,2549,2020,137,EA34049,8.0,2020-05-09,16:07,9,5,,35,Kitsap,0,1,,1,1,2,1,0,6,2,16:07,16:11,16:26,12,0,2,8.9,3,0,4,3,2,1,3,0,0,21,3,SR-3,SR-303,-122.6890333,47.664716667,0,1,80,6,1,35,4,0,0,1,2,12,1,1,3,6,10,1,2,53,0,49,32,2003,0,,68,12.0,,,,,1,1,79,2,7.0,,4,0,3,0,11,4,05/10/2020,1:56,196053022538.0,22538.0,0.0,0.0,0.0,3.0,1,0,,,,92,,,,,,98,,,,,,98370,53,64.0,143.0,6.0,1.0,0.0,0.0,0.0,0.0,,0,,,,,,4,,,1,0,0,0,0.0,9,8,,,0,,,8,8,2.0,1.0,,,1.0,,,2,1,0.0,,,,,,,,,,,,,,,,,,,,,,,,,,,,,,0,0,0,1,0,0,0,0,0,0,0,0,1,0,0,0,1,0,0,0,0,0,0,0,0,1,1,1,0,1,0,0,0,0,0,,1,0,0,0,0,0,0,0,1,1,0,0,0,0,0,0,,,,,,76-80,76+,State route,U,Saturday,Belt Used,PV,White,1,0,0,0,State Route,State Patrol,Washington State Patrol,0,1,0,0,0,,,,,,0.0,0.0,0.0,,,,,,,,,,,98.0,98.0,98.0,1.0,,,,,20.0,7.0,,,,,,,,1.0,0.0,,,,,,,98383,Poulsbo,Silverdale