,index,Unnamed: 0,year,case,par,repjur,crash_dt,crash_tm,accday,accmon,holiday,county,co_char,city,weather,weather2,lightcond,surfcond,surftype,numfatal,nmforms,pforms,vforms,not_tm,arr_tm,hosp_tm,fhevent,hitrun,manncol,milepnt,reljunc,reljuncinter,intersectiontype,funcsystem,landuse,ownership,route,schlbus,spejur,contdev,devfunc,trafid1,trafid2,lon,lat,wk_zone,vnumber,crashtype,criticalevent,criticaleventcat,spdlim,body,trailer,emerg,hazcargo,leave,mhevent,roadalgn,roadprof,traflane,trafflow,vehmanvr,numoccs,regowner,regstate,spuse,make,model,modelyr,vrf1,vrf2,seqevent1,seqevent2,seqevent3,seqevent4,seqevent5,seqevent6,pnumber,ptype,age,sex,hispanic,race,injury,diedscene,restraint,restraintmisuse,seatpos,takehosp,death_dt,death_tm,cert,cernum_wa,commlic,licendor,licrestrict,liccomp,drivpres,drf1,drf2,drf3,drf4,distract1,distract2,distract3,distract4,distract5,distract6,dricond1,dricond2,dricond3,dricond4,dricond5,dricond6,dzip,licstate,drhgt_in,weight,noncdl,noncdltype,prevdwi,prevoth,prevacc,prevspd,prevsus,driviol1,driviol2,driviol3,driviol4,driviol5,driviol6,spdrel,first_dt,last_dt,airbag,ejection,ejectpath,extricat,injurwrk,methalc,methdrug,nmlocat,strikveh,prf1,prf2,prf3,druginv,alcinvol,drugsts,drugres1,drugres2,drugres3,drugtst1,drugtst2,drugtst3,alcsts,alctst,alcres,nmact1,nmact2,nmact3,nmact4,nmact5,nmact6,nmprior1,nmprior2,nmprior3,nmprior4,nmprior5,nmprior6,nmcond1,nmcond2,nmcond3,nmcond4,nmcond5,nmcond6,nmsafe_helmet,nmsafe_pads,nmsafe_oth,nmprev_ref,nmprev_lgt,nmprev_oth,crashlocation,nmcrashtype,crosswalk,schoolzone,sidewalk,train_inv,wildlife_inv,rotr_fars,intersect_fars,dd_inv,aid_inv,dpd_inv,id_inv,mj_inv,impnm_inv,ainm_inv,dpnm_inv,speed_inv,unlic_inv,unendmc_inv,drowsy_inv,drdist_inv,nmdist_inv,fty_inv,unrestfat_inv,dr1617_inv,dr1820_inv,dr1620_inv,dr2125_inv,dr1625_inv,dr65_inv,dr70_inv,dr75_inv,mc_inv,pv_inv,ht_inv,ped_inv,bike_inv,unrest_fat,mc_fat,unhelmet_mc,pv_fat,ht_fat,ped_fat,bike_fat,dr_alc7,dr_alc8,dr_drug,dr_imp,dr_dist,dr_spd,dr_fty,dr_unlic,dr_alc7only,dr_alc8only,dr_drugonly,dr_drink,nm_imp,nm_alc7,nm_alc8,nm_drug,nm_dist,agegrp1,agegrp2,roadclass,urbrur,dayweek,restuse,vehtype,race_me,intersect,lanedep,oppdir,wrongway,rep_typ,investag,repag_long,rotr,st_rd,cty_rd,city_rd,oth_rd,drug_thc,thc_res,drug_cthc,cthc_res,drug_cann,prevpersemin,prevperse,prevsusoth,drugtst4,drugtst5,drugtst6,drugtst7,drugtst8,drugres4,drugres5,drugres6,drugres7,drugres8,adspresent,adsengaged,adslevel,race1,race2,race3,race4,race5,helmet,helmetmisuse,nmdistract1,nmdistract2,nmdistract3,nmdistract4,nmdistract5,nmdistract6,lab,isedtcase,crf1,crf2,crf3,CoRoadName,CoMP,IntCoRoadName,IntCoMP,crashzip,dcity,crashcity
2496,2550,2550,2020,137,EA34049,8.0,2020-05-09,16:07,9,5,,35,Kitsap,0,1,,1,1,2,1,0,6,2,16:07,16:11,16:26,12,0,2,8.9,3,0,4,3,2,1,3,0,0,3,3,SR-3,SR-303,-122.6890333,47.664716667,0,2,81,67,4,35,16,0,0,1,2,12,1,1,6,2,5,5,2,53,0,20,431,1997,0,,12,,,,,,1,1,54,2,0.0,,1,0,3,0,11,4,,,,,0.0,0.0,0.0,3.0,1,0,,,,96,,,,,,0,,,,,,98363,53,59.0,140.0,6.0,1.0,0.0,0.0,0.0,0.0,,0,,,,,,0,,,1,0,0,0,8.0,9,8,,,0,,,8,8,8.0,95.0,,,96.0,,,8,95,995.0,,,,,,,,,,,,,,,,,,,,,,,,,,,,,,0,0,0,1,0,0,0,0,0,0,0,0,1,0,0,0,1,0,0,0,0,0,0,0,0,1,1,1,0,1,0,0,0,0,0,,0,0,0,0,0,0,0,0,0,0,0,0,0,0,0,0,,,,,,51-55,46-55,State route,U,Saturday,Belt Used,PV,Not Fatal,1,0,0,0,State Route,State Patrol,Washington State Patrol,0,1,0,0,0,,,,,,0.0,0.0,0.0,,,,,,,,,,,0.0,0.0,0.0,0.0,,,,,20.0,7.0,,,,,,,,1.0,0.0,,,,,,,98383,Port Angeles,Silverdale
2497,2551,2551,2020,138,EA34127,3.0,2020-05-07,21:40,7,5,,67,Thurston,0,1,,2,1,2,1,0,1,1,,,,38,0,0,1.5,1,0,1,5,1,2,4,0,0,0,0,CR-RESERVATION RD SE,,-122.6988111,47.030377778,0,1,2,8,1,50,1,0,0,1,2,1,1,1,2,1,6,1,1,53,0,30,42,1989,0,,68,68.0,63.0,38.0,35.0,42.0,1,1,30,1,7.0,,4,7,3,0,11,0,05/07/2020,21:40,53022839.0,22839.0,0.0,0.0,0.0,3.0,1,58,,,,96,,,,,,98,,,,,,98391,53,72.0,140.0,6.0,1.0,0.0,0.0,0.0,0.0,,0,,,,,,3,,,20,0,0,0,0.0,9,8,,,0,,,8,8,2.0,1.0,,,1.0,,,2,1,0.22,,,,,,,,,,,,,,,,,,,,,,,,,,,,,,0,0,0,0,1,1,0,1,0,0,0,0,1,0,0,0,0,0,0,0,0,0,0,0,0,0,0,0,0,1,0,0,0,0,0,,1,0,0,0,0,1,0,1,0,1,0,0,0,1,0,1,,,,,,26-30,26-35,County road,R,Thursday,Belt Used,PV,White,0,1,0,0,County Road,State Patrol,Washington State Patrol,1,0,1,0,0,,,,,,0.0,0.0,0.0,,,,,,,,,,,0.0,0.0,0.0,1.0,,,,,20.0,7.0,,,,,,,,1.0,0.0,,,RESERVATION RD SE,1.458,,,98513,Bonney Lake,Olympia
2498,2552,2552,2020,140,EA34295,169.0,2020-05-14,19:02,14,5,,67,Thurston,1102,10,,1,1,2,1,0,3,1,,,,5,0,0,0.0,1,0,1,7,2,4,6,0,0,0,0,EMMITT LN SE,,-122.8250056,46.994980556,0,1,0,98,7,0,34,0,0,1,3,5,1,1,8,8,1,3,1,53,0,20,481,2009,0,,5,5.0,,,,,1,1,43,1,0.0,,0,0,3,0,11,0,,,,,0.0,0.0,0.0,3.0,1,0,,,,92,,,,,,0,,,,,,98513,53,66.0,240.0,6.0,1.0,0.0,0.0,0.0,4.0,,97,,,,,,0,09/15/2015,10/15/2019,20,0,0,0,8.0,2,8,,,0,,,8,0,0.0,0.0,,,0.0,,,2,10,0.0,,,,,,,,,,,,,,,,,,,,,,,,,,,,,,0,0,0,0,0,0,0,0,0,0,0,0,0,0,0,0,1,0,0,1,0,0,0,0,0,0,0,0,0,1,0,0,0,0,0,,0,0,0,0,0,0,0,0,1,0,0,0,0,0,0,0,,,,,,41-45,36-45,City street,U,Thursday,Belt Used,PV,Not Fatal,0,0,0,0,City Street,Municipal/City Police,Lacey Police Department,0,0,0,1,0,,,,,,0.0,0.0,1.0,,,,,,,,,,,98.0,98.0,98.0,0.0,,,,,20.0,7.0,,,,,,,,1.0,0.0,,,,,,,98513,Olympia,Olympia
2499,2553,2553,2020,141,EA34305,26.0,2020-05-09,14:57,9,5,,35,Kitsap,0,1,,1,1,2,1,1,1,1,14:50,15:03,,9,1,0,4.5,1,0,1,5,2,2,4,0,0,0,0,CR-BETHEL BURLEY RD SE,,-122.6313833,47.467569444,0,1,13,80,5,45,4,0,0,1,2,9,1,2,2,1,1,1,2,30,0,21,21,2003,0,,63,9.0,,,,,1,1,40,1,0.0,,0,0,99,7,11,0,,,,,0.0,0.0,0.0,0.0,1,91,,,,96,,,,,,9,,,,,,98366,53,,999.0,0.0,0.0,0.0,0.0,0.0,1.0,,1,,,,,,0,05/15/2017,05/15/2017,20,0,0,0,8.0,3,8,,,0,,,1,8,8.0,95.0,,,96.0,,,8,95,995.0,,,,,,,,,,,,,,,,,,,,,,,,,,,,,,0,0,0,0,0,0,0,0,0,0,0,0,0,1,0,0,0,0,0,0,0,0,0,0,0,0,0,0,0,1,0,0,1,0,0,,0,0,0,0,0,0,0,0,0,0,0,1,0,0,0,0,,,,,,36-40,36-45,County road,U,Saturday,Unknown,PV,Not Fatal,0,0,0,0,County Road,County Sheriff,Kitsap County Sheriff's Office,0,0,1,0,0,,,,,,0.0,0.0,1.0,,,,,,,,,,,98.0,98.0,98.0,0.0,,,,,20.0,7.0,,,,,,,,1.0,0.0,,,BETHEL BURLEY RD SE,4.48,,,98367,Port Orchard,Port Orchard
2500,2554,2554,2020,142,EA34308,1.0,2020-05-15,10:25,15,5,,5,Benton,0,1,,1,1,2,1,0,1,1,,,,1,0,0,92.5,1,0,1,1,1,1,1,0,0,0,0,I-82,,-119.5574278,46.267552778,0,1,6,12,2,70,6,0,0,1,2,1,2,1,2,2,14,1,2,53,0,6,52,2002,0,,64,65.0,1.0,,,,1,1,26,1,2.0,,4,7,3,0,11,0,05/15/2020,10:25,53023705.0,23705.0,0.0,0.0,0.0,3.0,1,0,,,,15,,,,,,9,,,,,,99352,53,70.0,165.0,6.0,1.0,0.0,0.0,0.0,2.0,,0,,,,,,3,09/15/2017,06/15/2019,8,0,0,0,0.0,1,8,,,0,,,8,1,2.0,695.0,605.0,,1.0,1.0,,2,1,0.14,,,,,,,,,,,,,,,,,,,,,,,,,,,,,,0,0,1,0,1,1,1,1,1,0,0,0,1,0,0,0,1,0,0,0,0,0,0,0,0,0,0,0,0,1,0,0,0,0,0,,1,0,0,0,0,1,1,1,1,1,0,0,0,0,0,1,,,,,,26-30,26-35,Interstate,R,Friday,Belt Used,PV,Hispanic,0,1,0,0,State Route,State Patrol,Washington State Patrol,1,1,0,0,0,thc,8.2,carboxy-thc,17.0,,0.0,0.0,1.0,,,,,,,,,,,98.0,98.0,98.0,201.0,206.0,,,,20.0,7.0,,,,,,,,1.0,0.0,,,,,,,99320,Richland,Benton City
2501,2555,2555,2020,143,EA34338,7.0,2020-05-16,3:10,16,5,,33,King,1030,10,,3,2,2,1,0,2,1,,,,35,0,0,148.8,1,0,1,1,2,1,1,0,0,0,0,I-5,,-122.2899778,47.385933333,0,1,1,13,2,60,3,0,0,1,2,35,1,1,5,3,1,2,2,53,0,49,50,2007,0,,63,35.0,67.0,31.0,2.0,,1,1,21,1,6.0,,4,7,20,7,11,0,05/16/2020,3:10,103053022890.0,22890.0,0.0,0.0,0.0,3.0,1,0,,,,92,,,,,,9,,,,,,98204,53,72.0,180.0,6.0,1.0,0.0,0.0,0.0,0.0,,0,,,,,,4,,,8,1,9,0,0.0,9,8,,,0,,,1,9,2.0,189.0,695.0,605.0,1.0,1.0,1.0,2,1,0.0,,,,,,,,,,,,,,,,,,,,,,,,,,,,,,0,0,1,0,0,0,1,1,1,0,0,0,1,0,0,0,1,0,0,1,0,0,0,1,1,0,0,0,0,1,0,0,0,1,0,,1,0,0,0,0,0,1,1,1,1,0,0,0,0,1,0,,,,,,21-25,16-25,Interstate,U,Saturday,Not Used,PV,Hispanic,0,1,0,0,State Route,State Patrol,Washington State Patrol,1,1,0,0,0,thc,50.0,carboxy-thc,120.0,,0.0,0.0,0.0,,,,,,,,,,,98.0,98.0,98.0,68.0,,,,,20.0,7.0,,,,,,,nms,1.0,0.0,,,,,,,98032,Everett,Kent
2502,2556,2556,2020,144,EA34402,241.0,2020-04-13,6:54,13,4,,75,Whitman,1760,1,,1,1,2,1,0,2,2,6:57,7:03,7:25,12,0,6,4.5,2,0,3,3,2,1,3,0,0,3,3,SR-270,AIRPORT RD,-117.1443611,46.721702778,0,1,83,17,2,55,6,0,0,1,2,12,1,1,6,1,1,1,2,16,0,35,51,2018,0,,12,,,,,,1,1,32,1,0.0,,1,0,20,7,11,5,,,,,0.0,0.0,1.0,3.0,1,39,,,,92,,,,,,98,,,,,,83501,16,76.0,260.0,6.0,1.0,0.0,1.0,0.0,0.0,,97,,,,,,0,03/15/2020,03/15/2020,1,0,0,0,8.0,9,8,,,0,,,8,8,0.0,0.0,,,0.0,,,0,0,996.0,,,,,,,,,,,,,,,,,,,,,,,,,,,,,,0,0,0,1,0,0,0,0,0,0,0,0,0,0,0,0,1,0,0,0,0,0,0,0,0,0,0,0,0,1,0,0,0,0,0,,0,0,0,0,0,0,0,0,1,0,0,0,0,0,0,0,,,,,,31-35,26-35,State route,U,Monday,Not Used,PV,Not Fatal,1,0,0,0,State Route,Municipal/City Police,Pullman Police Department,0,1,0,0,0,,,,,,0.0,0.0,0.0,,,,,,,,,,,98.0,98.0,98.0,0.0,,,,,20.0,7.0,,,,,,,,1.0,0.0,,,,,,,99163,Lewiston,Pullman
2503,2557,2557,2020,144,EA34402,241.0,2020-04-13,6:54,13,4,,75,Whitman,1760,1,,1,1,2,1,0,2,2,6:57,7:03,7:25,12,0,6,4.5,2,0,3,3,2,1,3,0,0,3,3,SR-270,AIRPORT RD,-117.1443611,46.721702778,0,2,82,66,4,55,3,0,0,1,2,12,1,1,3,1,11,1,1,16,0,41,35,1992,0,,12,,,,,,1,1,45,1,7.0,,4,0,99,7,11,5,04/16/2020,17:04,211053018352.0,18352.0,0.0,0.0,1.0,3.0,1,0,,,,96,,,,,,0,,,,,,83871,16,71.0,190.0,6.0,1.0,0.0,0.0,0.0,0.0,,0,,,,,,0,,,20,0,0,0,0.0,9,8,,,0,,,8,8,2.0,1.0,,,1.0,,,2,1,0.0,,,,,,,,,,,,,,,,,,,,,,,,,,,,,,0,0,0,1,0,0,0,0,0,0,0,0,0,0,0,0,1,0,0,0,0,0,0,0,0,0,0,0,0,1,0,0,0,0,0,,1,0,0,0,0,0,0,0,0,0,0,0,0,0,0,0,,,,,,41-45,36-45,State route,U,Monday,Unknown,PV,White,1,0,0,0,State Route,Municipal/City Police,Pullman Police Department,0,1,0,0,0,,,,,,0.0,0.0,0.0,,,,,,,,,,,0.0,0.0,0.0,1.0,,,,,20.0,7.0,,,,,,,,1.0,0.0,,,,,,,99163,Troy,Pullman
2504,2558,2558,2020,145,EA34578,2.0,2020-05-03,19:13,3,5,,29,Island,0,1,,1,1,2,1,0,2,2,19:14,19:21,,12,0,6,1.8,8,0,1,3,2,2,4,0,0,0,0,CR-W CRESCENT HARBOR RD,,-122.6287583,48.308358333,0,1,98,10,2,50,80,0,0,1,2,12,1,2,2,1,6,1,1,53,0,76,706,2002,0,,68,12.0,,,,,1,1,35,1,7.0,,4,7,20,7,11,0,05/03/2020,19:13,53021073.0,21073.0,0.0,0.0,0.0,3.0,1,8,33.0,,,96,,,,,,98,,,,,,98277,53,76.0,235.0,6.0,1.0,0.0,2.0,1.0,3.0,,0,,,,,,4,11/15/2016,03/15/2017,20,8,0,0,0.0,1,8,,,0,,,8,1,2.0,402.0,695.0,605.0,1.0,1.0,1.0,2,1,0.087,,,,,,,,,,,,,,,,,,,,,,,,,,,,,,0,0,0,0,1,1,1,1,1,0,0,0,1,0,0,0,0,0,0,0,0,0,0,0,0,0,0,0,1,0,1,0,0,0,1,1.0,0,0,0,0,0,1,1,1,0,1,0,0,0,0,0,1,,,,,,31-35,26-35,County road,U,Sunday,,MC,White,0,0,0,0,County Road,State Patrol,Washington State Patrol,0,0,1,0,0,thc,7.8,carboxy-thc,12.0,,0.0,0.0,2.0,,,,,,,,,,,0.0,0.0,0.0,1.0,,,,,16.0,0.0,,,,,,,nms,1.0,0.0,,,,,,,98277,Oak Harbor,Oak Harbor
2505,2559,2559,2020,145,EA34578,2.0,2020-05-03,19:13,3,5,,29,Island,0,1,,1,1,2,1,0,2,2,19:14,19:21,,12,0,6,1.8,8,0,1,3,2,2,4,0,0,0,0,CR-W CRESCENT HARBOR RD,,-122.6287583,48.308358333,0,2,98,60,4,50,67,1,0,1,5,12,1,2,2,1,11,1,1,53,0,7,880,2001,0,,12,,,,,,1,1,50,2,0.0,,0,0,3,0,11,0,,,,,0.0,0.0,0.0,3.0,1,0,,,,96,,,,,,0,,,,,,98277,53,68.0,211.0,6.0,1.0,0.0,0.0,1.0,0.0,,0,,,,,,0,08/15/2016,08/15/2016,20,0,0,0,8.0,9,8,,,0,,,8,8,0.0,0.0,,,0.0,,,0,0,996.0,,,,,,,,,,,,,,,,,,,,,,,,,,,,,,0,0,0,0,1,1,1,1,1,0,0,0,1,0,0,0,0,0,0,0,0,0,0,0,0,0,0,0,1,0,1,0,0,0,0,,0,0,0,0,0,0,0,0,0,0,0,0,0,0,0,0,,,,,,46-50,46-55,County road,U,Sunday,,MHTRUCK,Not Fatal,0,0,0,0,County Road,State Patrol,Washington State Patrol,0,0,1,0,0,,,,,,0.0,0.0,0.0,,,,,,,,,,,98.0,98.0,98.0,0.0,,,,,20.0,7.0,,,,,,,,1.0,0.0,,,,,,,98277,Oak Harbor,Oak Harbor
2506,2560,2560,2020,146,EA34671,6.0,2020-04-27,12:05,27,4,,25,Grant,0,1,,1,1,2,1,0,2,2,12:08,12:18,14:01,12,0,6,5.3,1,0,1,4,1,1,3,0,0,0,0,SR-243,,-119.8438306,46.63335,0,1,98,10,2,60,4,0,0,1,2,12,1,1,2,1,1,1,1,53,0,22,20,2007,0,,63,69.0,68.0,12.0,2.0,,1,1,38,2,1.0,,4,7,99,7,11,0,04/27/2020,12:05,53020465.0,20465.0,0.0,0.0,0.0,3.0,1,58,,,,92,,,,,,98,,,,,,99349,53,69.0,134.0,6.0,1.0,0.0,0.0,0.0,0.0,,0,,,,,,0,,,99,0,0,0,0.0,9,8,,,0,,,8,8,8.0,95.0,,,96.0,,,8,95,995.0,,,,,,,,,,,,,,,,,,,,,,,,,,,,,,0,0,0,0,0,0,0,0,0,0,0,0,0,0,0,0,1,0,0,0,0,0,0,0,0,0,0,0,0,1,0,0,0,0,0,,1,0,0,0,0,0,0,0,1,0,0,0,0,0,0,0,,,,,,36-40,36-45,State route,R,Monday,Unknown,PV,Hispanic,0,1,1,0,State Route,State Patrol,Washington State Patrol,0,1,0,0,0,,,,,,0.0,0.0,0.0,,,,,,,,,,,98.0,98.0,98.0,1.0,,,,,20.0,7.0,,,,,,,,1.0,0.0,,,,,,,99349,Mattawa,Mattawa
2507,2561,2561,2020,146,EA34671,6.0,2020-04-27,12:05,27,4,,25,Grant,0,1,,1,1,2,1,0,2,2,12:08,12:18,14:01,12,0,6,5.3,1,0,1,4,1,1,3,0,0,0,0,SR-243,,-119.8438306,46.63335,0,2,98,62,4,60,34,0,0,1,2,12,1,1,2,1,1,1,1,53,0,20,481,2006,0,,12,,,,,,1,1,31,1,0.0,,2,0,3,0,11,5,,,,,0.0,0.0,0.0,3.0,1,0,,,,96,,,,,,0,,,,,,99349,53,70.0,225.0,6.0,1.0,0.0,0.0,0.0,0.0,,0,,,,,,0,,,8,0,0,0,8.0,9,8,,,0,,,8,8,8.0,95.0,,,96.0,,,8,95,995.0,,,,,,,,,,,,,,,,,,,,,,,,,,,,,,0,0,0,0,0,0,0,0,0,0,0,0,0,0,0,0,1,0,0,0,0,0,0,0,0,0,0,0,0,1,0,0,0,0,0,,0,0,0,0,0,0,0,0,0,0,0,0,0,0,0,0,,,,,,31-35,26-35,State route,R,Monday,Belt Used,PV,Not Fatal,0,1,1,0,State Route,State Patrol,Washington State Patrol,0,1,0,0,0,,,,,,0.0,0.0,0.0,,,,,,,,,,,98.0,98.0,98.0,0.0,,,,,20.0,7.0,,,,,,,,1.0,0.0,,,,,,,99349,Mattawa,Mattawa
2508,2562,2562,2020,147,EA34888,1.0,2020-05-18,22:04,18,5,,77,Yakima,840,10,,2,1,2,1,0,2,1,22:13,22:45,,1,0,0,72.3,1,0,1,1,2,1,1,0,0,0,0,I-82,,-119.9288444,46.272816667,0,1,2,6,1,70,16,1,0,1,2,1,2,2,2,2,14,2,1,53,0,12,423,2001,0,,63,1.0,,,,,1,1,71,1,6.0,,4,7,3,0,11,0,05/18/2020,22:04,84053023683.0,23683.0,0.0,0.0,0.0,3.0,1,0,,,,96,,,,,,98,,,,,,98938,53,72.0,190.0,6.0,1.0,0.0,0.0,0.0,0.0,,0,,,,,,4,,,20,0,0,0,0.0,9,8,,,0,,,8,8,2.0,1.0,,,1.0,,,2,1,0.0,,,,,,,,,,,,,,,,,,,,,,,,,,,,,,0,0,0,0,0,0,0,0,0,0,0,0,1,0,0,0,0,0,0,0,0,0,0,0,0,1,1,0,0,1,0,0,0,0,0,,1,0,0,0,0,0,0,0,0,1,0,0,0,0,0,0,,,,,,71-75,66-75,Interstate,U,Monday,Belt Used,PV,Hispanic,0,1,0,0,State Route,State Patrol,Washington State Patrol,1,1,0,0,0,,,,,,0.0,0.0,0.0,,,,,,,,,,,98.0,98.0,98.0,98.0,,,,,20.0,7.0,,,,,,,,1.0,0.0,,,,,,,98930,Outlook,Grandview
2509,2563,2563,2020,148,EA34904,5.0,2020-05-09,20:00,9,5,,41,Lewis,0,1,,5,1,2,1,0,4,2,19:58,19:59,20:19,12,0,6,105.9,8,0,1,3,1,1,2,0,0,0,0,US-12,,-122.1317333,46.530069444,0,1,98,10,2,55,80,0,0,1,2,12,1,1,2,1,6,1,2,53,0,72,706,2017,0,,68,12.0,,,,,1,1,38,1,7.0,,4,0,20,7,11,5,05/10/2020,15:41,196053021966.0,21966.0,0.0,0.0,3.0,2.0,1,0,,,,92,,,,,,98,,,,,,98444,53,68.0,215.0,1.0,1.0,1.0,2.0,0.0,1.0,,0,,,,,,0,10/15/2017,02/15/2017,20,8,0,0,0.0,9,8,,,0,,,8,8,8.0,95.0,,,96.0,,,8,95,995.0,,,,,,,,,,,,,,,,,,,,,,,,,,,,,,0,0,0,0,0,0,0,0,0,0,0,0,0,1,1,0,1,0,0,0,0,0,0,0,0,0,0,0,1,1,0,0,0,0,1,0.0,0,0,0,0,0,0,0,0,1,0,0,1,0,0,0,0,,,,,,36-40,36-45,US highway,R,Saturday,,MC,White,0,0,0,0,State Route,State Patrol,Washington State Patrol,0,1,0,0,0,,,,,,0.0,1.0,2.0,,,,,,,,,,,0.0,0.0,0.0,1.0,,,,,19.0,0.0,,,,,,,,1.0,0.0,,,,,,,98336,Tacoma,Glenoma
2510,2564,2564,2020,148,EA34904,5.0,2020-05-09,20:00,9,5,,41,Lewis,0,1,,5,1,2,1,0,4,2,19:58,19:59,20:19,12,0,6,105.9,8,0,1,3,1,1,2,0,0,0,0,US-12,,-122.1317333,46.530069444,0,2,98,98,7,55,34,0,0,1,2,12,1,1,2,1,11,3,1,53,0,12,481,2019,0,,12,,,,,,1,1,52,2,0.0,,0,0,3,0,11,0,,,,,0.0,0.0,0.0,3.0,1,0,,,,96,,,,,,0,,,,,,98377,53,64.0,150.0,6.0,1.0,0.0,0.0,0.0,2.0,,0,,,,,,0,09/15/2016,06/15/2018,20,0,0,0,8.0,3,8,,,0,,,8,8,0.0,0.0,,,0.0,,,0,0,996.0,,,,,,,,,,,,,,,,,,,,,,,,,,,,,,0,0,0,0,0,0,0,0,0,0,0,0,0,1,1,0,1,0,0,0,0,0,0,0,0,0,0,0,1,1,0,0,0,0,0,,0,0,0,0,0,0,0,0,0,0,0,0,0,0,0,0,,,,,,51-55,46-55,US highway,R,Saturday,Belt Used,PV,Not Fatal,0,0,0,0,State Route,State Patrol,Washington State Patrol,0,1,0,0,0,,,,,,0.0,0.0,0.0,,,,,,,,,,,98.0,98.0,98.0,0.0,,,,,20.0,7.0,,,,,,,,1.0,0.0,,,,,,,98336,Randle,Glenoma
2511,2565,2565,2020,149,EA35085,11.0,2020-05-01,23:25,1,5,,5,Benton,0,10,,2,1,2,1,0,1,1,23:36,23:57,,38,0,0,8.8,1,0,1,5,1,2,4,0,0,0,0,CR-S PLYMOUTH RD,,-119.3713889,46.057825,0,1,2,13,2,50,15,0,0,1,2,1,3,1,2,1,14,1,1,53,0,23,421,2007,0,,63,38.0,1.0,,,,1,1,39,1,7.0,,4,7,20,7,11,0,05/01/2020,23:25,53021101.0,21101.0,0.0,0.0,0.0,2.0,1,0,,,,96,,,,,,98,,,,,,98312,53,77.0,220.0,1.0,1.0,0.0,0.0,0.0,1.0,,0,,,,,,3,02/15/2018,12/15/2019,20,1,9,0,0.0,9,8,,,0,,,8,8,2.0,695.0,605.0,,1.0,1.0,,2,1,0.15,,,,,,,,,,,,,,,,,,,,,,,,,,,,,,0,0,0,0,1,1,1,1,1,0,0,0,1,1,0,0,0,0,0,1,0,0,0,0,0,0,0,0,0,1,0,0,0,1,0,,1,0,0,0,0,1,1,1,0,1,0,1,0,0,0,1,,,,,,36-40,36-45,County road,R,Friday,Not Used,PV,Black,0,1,0,0,County Road,County Sheriff,Benton County Sheriff's Office,1,0,1,0,0,thc,4.3,carboxy-thc,9.9,,0.0,0.0,2.0,,,,,,,,,,,98.0,98.0,98.0,2.0,,,,,20.0,7.0,,,,,,,,1.0,0.0,,,PLYMOUTH RD,8.78,,,99338,Bremerton,Kennewick
2512,2566,2566,2020,151,EA25062,25.0,2020-03-14,21:19,14,3,,33,King,0,1,,2,1,2,1,1,3,1,21:21,21:31,21:52,8,0,0,14.5,1,0,1,3,2,2,4,0,0,0,0,CR-ISSAQUAH HOBART RD S,,-122.0232389,47.492636111,0,1,13,80,5,45,14,0,0,1,5,8,1,1,2,1,1,3,1,53,0,62,404,2015,0,,8,,,,,,1,1,49,8,0.0,,0,0,3,0,11,0,,,,,0.0,0.0,0.0,3.0,1,0,,,,96,,,,,,0,,,,,,98027,53,64.0,162.0,6.0,1.0,0.0,0.0,0.0,0.0,,0,,,,,,0,,,20,0,0,0,8.0,5,3,,,0,,,0,0,8.0,95.0,,,96.0,,,8,95,995.0,,,,,,,,,,,,,,,,,,,,,,,,,,,,,,0,0,0,0,0,0,0,0,0,0,0,0,0,0,0,0,0,1,0,0,0,0,0,0,0,0,0,0,0,1,0,1,0,0,0,,0,0,0,0,0,0,0,0,0,0,0,0,0,0,0,0,,,,,,46-50,46-55,County road,U,Saturday,Belt Used,PV,Not Fatal,0,0,0,0,County Road,County Sheriff,King County Police,0,0,1,0,0,,,,,,0.0,0.0,0.0,,,,,,,,,,,98.0,98.0,98.0,0.0,,,,,20.0,7.0,,,,,,,,1.0,0.0,,,ISSAQUAH HOBART RD,14.45,,,98027,Issaquah,Issaquah
2513,2567,2567,2020,152,EA33740,269.0,2020-05-13,14:32,13,5,,33,King,2005,1,,1,1,2,1,0,3,3,14:35,14:38,15:08,12,0,6,0.0,2,0,2,3,2,4,6,0,0,3,3,NE 175TH ST,10TH AVE NE,-122.3187639,47.755794444,0,1,88,17,2,35,34,0,0,1,2,12,1,2,4,1,1,1,1,53,0,7,482,2018,0,,12,,,,,,1,1,36,1,0.0,,0,0,3,0,11,0,,,,,0.0,0.0,3.0,3.0,1,39,,,,96,,,,,,98,,,,,,98373,53,73.0,160.0,6.0,1.0,0.0,0.0,0.0,0.0,,97,,,,,,0,07/15/2017,07/15/2017,20,0,0,0,8.0,9,8,,,0,,,8,8,8.0,95.0,,,96.0,,,8,95,995.0,,,,,,,,,,,,,,,,,,,,,,,,,,,,,,0,0,0,1,0,0,1,1,1,0,0,0,0,0,0,0,0,0,0,0,0,0,0,0,0,0,0,0,0,1,0,0,0,0,0,,0,0,0,0,0,0,0,0,0,0,0,0,0,0,0,0,,,,,,36-40,36-45,City street,U,Wednesday,Belt Used,PV,Not Fatal,1,0,0,0,City Street,Municipal/City Police,Shoreline Police Department,0,0,0,1,0,,,,,,0.0,0.0,1.0,,,,,,,,,,,98.0,98.0,98.0,0.0,,,,,20.0,7.0,,,,,,,,1.0,0.0,,,,,,,98155,Puyallup,Seattle