,index,Unnamed: 0,year,case,par,repjur,crash_dt,crash_tm,accday,accmon,holiday,county,co_char,city,weather,weather2,lightcond,surfcond,surftype,numfatal,nmforms,pforms,vforms,not_tm,arr_tm,hosp_tm,fhevent,hitrun,manncol,milepnt,reljunc,reljuncinter,intersectiontype,funcsystem,landuse,ownership,route,schlbus,spejur,contdev,devfunc,trafid1,trafid2,lon,lat,wk_zone,vnumber,crashtype,criticalevent,criticaleventcat,spdlim,body,trailer,emerg,hazcargo,leave,mhevent,roadalgn,roadprof,traflane,trafflow,vehmanvr,numoccs,regowner,regstate,spuse,make,model,modelyr,vrf1,vrf2,seqevent1,seqevent2,seqevent3,seqevent4,seqevent5,seqevent6,pnumber,ptype,age,sex,hispanic,race,injury,diedscene,restraint,restraintmisuse,seatpos,takehosp,death_dt,death_tm,cert,cernum_wa,commlic,licendor,licrestrict,liccomp,drivpres,drf1,drf2,drf3,drf4,distract1,distract2,distract3,distract4,distract5,distract6,dricond1,dricond2,dricond3,dricond4,dricond5,dricond6,dzip,licstate,drhgt_in,weight,noncdl,noncdltype,prevdwi,prevoth,prevacc,prevspd,prevsus,driviol1,driviol2,driviol3,driviol4,driviol5,driviol6,spdrel,first_dt,last_dt,airbag,ejection,ejectpath,extricat,injurwrk,methalc,methdrug,nmlocat,strikveh,prf1,prf2,prf3,druginv,alcinvol,drugsts,drugres1,drugres2,drugres3,drugtst1,drugtst2,drugtst3,alcsts,alctst,alcres,nmact1,nmact2,nmact3,nmact4,nmact5,nmact6,nmprior1,nmprior2,nmprior3,nmprior4,nmprior5,nmprior6,nmcond1,nmcond2,nmcond3,nmcond4,nmcond5,nmcond6,nmsafe_helmet,nmsafe_pads,nmsafe_oth,nmprev_ref,nmprev_lgt,nmprev_oth,crashlocation,nmcrashtype,crosswalk,schoolzone,sidewalk,train_inv,wildlife_inv,rotr_fars,intersect_fars,dd_inv,aid_inv,dpd_inv,id_inv,mj_inv,impnm_inv,ainm_inv,dpnm_inv,speed_inv,unlic_inv,unendmc_inv,drowsy_inv,drdist_inv,nmdist_inv,fty_inv,unrestfat_inv,dr1617_inv,dr1820_inv,dr1620_inv,dr2125_inv,dr1625_inv,dr65_inv,dr70_inv,dr75_inv,mc_inv,pv_inv,ht_inv,ped_inv,bike_inv,unrest_fat,mc_fat,unhelmet_mc,pv_fat,ht_fat,ped_fat,bike_fat,dr_alc7,dr_alc8,dr_drug,dr_imp,dr_dist,dr_spd,dr_fty,dr_unlic,dr_alc7only,dr_alc8only,dr_drugonly,dr_drink,nm_imp,nm_alc7,nm_alc8,nm_drug,nm_dist,agegrp1,agegrp2,roadclass,urbrur,dayweek,restuse,vehtype,race_me,intersect,lanedep,oppdir,wrongway,rep_typ,investag,repag_long,rotr,st_rd,cty_rd,city_rd,oth_rd,drug_thc,thc_res,drug_cthc,cthc_res,drug_cann,prevpersemin,prevperse,prevsusoth,drugtst4,drugtst5,drugtst6,drugtst7,drugtst8,drugres4,drugres5,drugres6,drugres7,drugres8,adspresent,adsengaged,adslevel,race1,race2,race3,race4,race5,helmet,helmetmisuse,nmdistract1,nmdistract2,nmdistract3,nmdistract4,nmdistract5,nmdistract6,lab,isedtcase,crf1,crf2,crf3,CoRoadName,CoMP,IntCoRoadName,IntCoMP,crashzip,dcity,crashcity
2514,2568,2568,2020,152,EA33740,269.0,2020-05-13,14:32,13,5,,33,King,2005,1,,1,1,2,1,0,3,3,14:35,14:38,15:08,12,0,6,0.0,2,0,2,3,2,4,6,0,0,3,3,NE 175TH ST,10TH AVE NE,-122.3187639,47.755794444,0,2,89,66,4,30,14,0,0,1,2,12,1,2,2,1,1,1,2,53,0,37,402,1998,0,,12,68.0,12.0,68.0,63.0,38.0,1,1,61,2,7.0,,4,0,3,0,11,5,05/23/2020,23:29,196053024020.0,24020.0,0.0,0.0,3.0,3.0,1,0,,,,96,,,,,,0,,,,,,98125,53,61.0,139.0,6.0,1.0,0.0,0.0,0.0,0.0,,0,,,,,,0,,,1,0,0,0,0.0,9,8,,,0,,,8,8,2.0,695.0,605.0,996.0,1.0,1.0,1.0,2,1,0.0,,,,,,,,,,,,,,,,,,,,,,,,,,,,,,0,0,0,1,0,0,1,1,1,0,0,0,0,0,0,0,0,0,0,0,0,0,0,0,0,0,0,0,0,1,0,0,0,0,0,,1,0,0,0,0,0,1,1,0,0,0,0,0,0,1,0,,,,,,61-65,56-65,City street,U,Wednesday,Belt Used,PV,White,1,0,0,0,City Street,Municipal/City Police,Shoreline Police Department,0,0,0,1,0,thc,3.0,carboxy-thc,83.0,,0.0,0.0,0.0,1.0,,,,,348.0,,,,,0.0,0.0,0.0,1.0,,,,,20.0,7.0,,,,,,,,1.0,0.0,,,,,,,98155,Seattle,Seattle
2515,2569,2569,2020,152,EA33740,269.0,2020-05-13,14:32,13,5,,33,King,2005,1,,1,1,2,1,0,3,3,14:35,14:38,15:08,12,0,6,0.0,2,0,2,3,2,4,6,0,0,0,0,NE 175TH ST,10TH AVE NE,-122.3187639,47.755794444,0,3,98,62,4,30,14,0,0,1,2,12,1,2,2,1,1,1,1,53,0,48,401,2017,0,,12,,,,,,1,1,56,2,0.0,,0,0,3,0,11,0,,,,,0.0,0.0,0.0,3.0,1,0,,,,96,,,,,,0,,,,,,98115,53,62.0,152.0,6.0,1.0,0.0,0.0,0.0,0.0,,0,,,,,,0,,,20,0,0,0,8.0,9,8,,,0,,,8,8,0.0,0.0,,,0.0,,,0,0,996.0,,,,,,,,,,,,,,,,,,,,,,,,,,,,,,0,0,0,1,0,0,1,1,1,0,0,0,0,0,0,0,0,0,0,0,0,0,0,0,0,0,0,0,0,1,0,0,0,0,0,,0,0,0,0,0,0,0,0,0,0,0,0,0,0,0,0,,,,,,56-60,56-65,City street,U,Wednesday,Belt Used,PV,Not Fatal,1,0,0,0,City Street,Municipal/City Police,Shoreline Police Department,0,0,0,1,0,,,,,,0.0,0.0,0.0,,,,,,,,,,,98.0,98.0,98.0,0.0,,,,,20.0,7.0,,,,,,,,1.0,0.0,,,,,,,98155,Seattle,Seattle
2516,2570,2570,2020,153,EA35894,8.0,2020-05-12,15:20,12,5,,49,Pacific,0,10,,1,1,2,1,0,3,1,15:24,15:33,16:13,42,0,0,5.2,1,0,1,5,1,1,3,0,0,0,0,SR-103,,-124.0523667,46.405705556,0,1,6,12,2,50,34,0,0,1,2,42,1,1,2,1,1,3,1,41,0,12,481,2012,0,,68,64.0,42.0,38.0,,,1,1,22,1,7.0,,4,0,3,0,11,5,05/12/2020,19:51,165041014276.0,,0.0,0.0,0.0,1.0,1,0,,,,0,,,,,,2,,,,,,97006,41,71.0,210.0,1.0,1.0,0.0,0.0,0.0,2.0,,0,,,,,,0,10/15/2015,08/15/2019,1,0,0,0,9.0,9,8,,,0,,,8,8,8.0,95.0,,,96.0,,,8,95,995.0,,,,,,,,,,,,,,,,,,,,,,,,,,,,,,0,0,1,0,0,0,0,0,0,0,0,0,0,1,0,1,0,0,0,0,0,0,0,1,1,0,0,0,0,1,0,0,0,0,0,,1,0,0,0,0,0,0,0,0,0,0,1,0,0,0,0,,,,,,21-25,16-25,State route,R,Tuesday,Belt Used,PV,White,0,1,0,0,State Route,State Patrol,WASHINGTON STATE PATROL,1,1,0,0,0,,,,,,0.0,0.0,3.0,,,,,,,,,,,98.0,98.0,98.0,1.0,,,,,20.0,7.0,,,,,,,,1.0,0.0,,,,,,,98631,Beaverton,Long Beach
2517,2571,2571,2020,155,EA36385,290.0,2020-05-26,10:05,26,5,,53,Pierce,2230,1,,1,1,1,1,0,2,2,10:05,10:12,10:33,12,0,6,0.0,2,0,2,3,2,1,3,0,0,20,3,SR-509,S 27th St,-122.4349556,47.237066667,0,1,89,17,2,25,34,0,0,1,2,12,1,3,2,1,4,1,3,53,0,12,481,2017,0,,12,,,,,,1,1,79,1,0.0,,0,0,3,0,11,0,,,,,0.0,0.0,0.0,3.0,1,38,,,,96,,,,,,98,,,,,,98444,53,73.0,190.0,6.0,1.0,0.0,1.0,0.0,0.0,,97,,,,,,0,04/15/2018,04/15/2018,8,0,0,0,8.0,9,8,,,0,,,8,8,8.0,95.0,,,96.0,,,8,95,995.0,,,,,,,,,,,,,,,,,,,,,,,,,,,,,,0,0,0,1,0,0,1,1,1,0,0,0,0,0,1,0,0,0,1,0,0,0,0,0,0,1,1,1,1,1,0,0,0,0,0,,0,0,0,0,0,0,0,0,0,0,1,0,0,0,0,0,,,,,,76-80,76+,State route,U,Tuesday,Belt Used,PV,Not Fatal,1,0,0,0,City Street,Municipal/City Police,Tacoma Police Department,0,0,0,1,0,,,,,,0.0,0.0,0.0,,,,,,,,,,,98.0,98.0,98.0,0.0,,,,,20.0,7.0,,,,,,,,1.0,0.0,,,,,,,98402,Tacoma,Tacoma
2518,2572,2572,2020,155,EA36385,290.0,2020-05-26,10:05,26,5,,53,Pierce,2230,1,,1,1,1,1,0,2,2,10:05,10:12,10:33,12,0,6,0.0,2,0,2,3,2,1,3,0,0,0,0,SR-509,S 27th St,-122.4349556,47.237066667,0,2,88,66,4,25,80,0,0,1,2,12,1,3,5,1,1,1,1,53,0,34,706,2006,0,,12,,,,,,1,1,26,1,7.0,,4,0,20,7,11,5,05/26/2020,10:56,223053024643.0,24643.0,0.0,0.0,0.0,2.0,1,0,,,,96,,,,,,0,,,,,,98503,53,77.0,250.0,6.0,1.0,0.0,0.0,0.0,0.0,,0,,,,,,0,12/15/2015,06/15/2016,20,8,0,0,0.0,9,8,,,0,,,8,8,2.0,401.0,417.0,695.0,1.0,1.0,1.0,2,1,0.0,,,,,,,,,,,,,,,,,,,,,,,,,,,,,,0,0,0,1,0,0,1,1,1,0,0,0,0,0,1,0,0,0,1,0,0,0,0,0,0,1,1,1,1,1,0,0,0,0,1,0.0,0,0,0,0,0,0,1,1,0,0,0,0,0,0,1,0,,,,,,26-30,26-35,State route,U,Tuesday,,MC,Multiracial,1,0,0,0,City Street,Municipal/City Police,Tacoma Police Department,0,0,0,1,0,thc,6.1,carboxy-thc,27.0,,0.0,0.0,2.0,1.0,,,,,605.0,,,,,0.0,0.0,0.0,202.0,201.0,,,,19.0,0.0,,,,,,,nms,1.0,0.0,,,,,,,98402,Lacey,Tacoma
2519,2573,2573,2020,156,EA36401,38.0,2020-05-12,19:15,12,5,,59,Skamania,0,2,,1,2,2,1,0,1,1,19:30,19:53,,1,0,0,9999.9,1,0,1,7,1,64,8,0,0,0,0,FS RD 65  PANTHER CK RD,,-121.8538833,45.846541667,0,1,1,54,3,35,34,0,0,1,2,1,3,2,8,1,14,1,1,53,0,23,481,1995,0,,63,1.0,,,,,1,1,21,1,7.0,,4,7,20,7,11,0,05/12/2020,19:15,53024348.0,24348.0,0.0,0.0,0.0,3.0,1,0,,,,96,,,,,,98,,,,,,98648,53,67.0,120.0,6.0,1.0,0.0,0.0,0.0,0.0,,0,,,,,,0,,,20,1,9,0,0.0,9,8,,,0,,,8,8,8.0,95.0,,,96.0,,,8,95,995.0,,,,,,,,,,,,,,,,,,,,,,,,,,,,,,0,0,1,0,0,0,0,0,0,0,0,0,0,0,0,0,0,0,0,1,0,0,0,1,1,0,0,0,0,1,0,0,0,1,0,,1,0,0,0,0,0,0,0,0,0,0,0,0,0,0,0,,,,,,21-25,16-25,Other,R,Tuesday,Not Used,PV,White,0,1,0,0,Other,County Sheriff,Skamania County Sheriff's Office,1,0,0,0,1,,,,,,0.0,0.0,0.0,,,,,,,,,,,0.0,0.0,0.0,1.0,,,,,20.0,7.0,,,,,,,,1.0,0.0,,,,,,,98648,Stevenson,Stevenson
2520,2574,2574,2020,158,EA35921,22.0,2020-05-23,17:12,23,5,,27,Grays Harbor,0,10,,1,1,4,1,0,2,1,17:12,17:29,18:36,1,0,0,9999.8,8,0,1,7,1,2,4,0,0,0,0,CR-LABELLE LN,,-123.2281056,47.048816667,0,1,98,5,1,98,90,0,0,1,2,1,1,1,8,1,10,2,2,53,0,53,734,2009,0,,1,63.0,38.0,,,,1,1,62,1,0.0,,2,0,20,7,11,0,,,,,0.0,0.0,0.0,1.0,1,0,,,,96,,,,,,9,,,,,,98022,53,69.0,230.0,6.0,1.0,0.0,0.0,0.0,0.0,,97,,,,,,0,,,20,1,9,0,8.0,9,8,,,0,,,8,1,2.0,695.0,605.0,,1.0,1.0,,2,1,0.049,,,,,,,,,,,,,,,,,,,,,,,,,,,,,,0,0,0,0,1,0,1,1,1,0,0,0,0,0,0,0,0,0,0,0,0,0,0,0,0,0,0,0,0,0,0,0,0,0,0,,0,0,0,0,1,0,1,1,0,0,0,0,0,0,0,1,,,,,,61-65,56-65,County road,R,Saturday,,OTHVT,Not Fatal,0,0,0,0,Other,County Sheriff,Grays Harbor County Sheriff's Offic,0,0,0,0,1,thc,2.3,carboxy-thc,47.0,,0.0,0.0,0.0,,,,,,,,,,,0.0,0.0,0.0,0.0,,,,,17.0,7.0,,,,,,,,1.0,0.0,,,,,,,98557,Enumclaw,McCleary
2521,2575,2575,2020,160,EA37663,25.0,2020-05-29,23:04,29,5,,33,King,0,10,,3,1,2,1,0,1,1,,,,1,0,0,2.2,1,0,1,5,2,2,4,0,0,0,0,CR-MILITARY RD S,,-122.2712083,47.285252778,0,1,7,9,1,35,2,0,0,1,5,1,2,1,2,1,6,1,1,53,0,58,37,2008,0,,68,64.0,1.0,,,,1,1,19,1,7.0,,4,7,20,7,11,0,05/29/2020,23:04,53025439.0,25439.0,0.0,0.0,0.0,2.0,1,33,,,,96,,,,,,98,,,,,,98002,53,69.0,150.0,6.0,1.0,0.0,0.0,0.0,0.0,,0,,,,,,3,,,8,1,9,0,0.0,9,8,,,0,,,8,8,2.0,1.0,,,1.0,,,2,1,0.12,,,,,,,,,,,,,,,,,,,,,,,,,,,,,,0,0,0,0,1,1,0,1,0,0,0,0,1,0,0,0,0,0,0,1,0,1,1,0,1,0,0,0,0,1,0,0,0,1,0,,1,0,0,0,0,1,0,1,0,1,0,0,0,1,0,1,,,,,,18-20,16-25,County road,U,Friday,Not Used,PV,White,0,1,0,0,County Road,County Sheriff,King County Police,1,0,1,0,0,,,,,,0.0,0.0,0.0,,,,,,,,,,,98.0,98.0,98.0,1.0,,,,,20.0,7.0,,,,,,,,1.0,0.0,,,MILITARY RD S,2.193,,,98001,Auburn,Auburn
2522,2576,2576,2020,161,EA37664,25.0,2020-06-01,16:22,1,6,,33,King,0,1,,1,1,2,1,0,2,2,16:22,16:22,,12,0,1,1.0,8,0,1,4,1,2,4,0,0,0,0,CR-SW CEMETERY RD,,-122.4472028,47.429230556,0,1,20,50,3,35,80,0,0,1,2,12,1,2,2,1,1,1,1,53,0,76,705,2002,0,,12,,,,,,1,1,63,1,7.0,,4,7,20,7,11,0,06/01/2020,16:22,53026062.0,26062.0,0.0,0.0,0.0,2.0,1,26,,,,92,,,,,,98,,,,,,98070,53,68.0,160.0,6.0,1.0,0.0,0.0,0.0,0.0,,0,,,,,,0,,,20,8,0,0,0.0,9,8,,,0,,,8,8,2.0,996.0,996.0,401.0,1.0,1.0,1.0,2,1,0.0,,,,,,,,,,,,,,,,,,,,,,,,,,,,,,0,0,0,0,0,0,1,1,1,0,0,0,0,0,1,0,1,0,0,0,0,0,0,0,0,0,0,0,1,1,0,0,0,0,1,0.0,0,0,0,0,0,0,1,1,1,0,0,0,0,0,1,0,,,,,,61-65,56-65,County road,R,Monday,,MC,White,0,0,0,0,County Road,County Sheriff,King County Police,0,0,1,0,0,thc,1.0,,,,0.0,0.0,0.0,1.0,1.0,,,,417.0,605.0,,,,0.0,0.0,0.0,1.0,,,,,5.0,0.0,,,,,,,nms,1.0,0.0,,,SW CEMETERY RD,1.018,,,98070,Vashon,Vashon
2523,2577,2577,2020,161,EA37664,25.0,2020-06-01,16:22,1,6,,33,King,0,1,,1,1,2,1,0,2,2,16:22,16:22,,12,0,1,1.0,8,0,1,4,1,2,4,0,0,0,0,CR-SW CEMETERY RD,,-122.4472028,47.429230556,0,2,21,53,3,35,20,0,0,1,5,12,1,2,2,1,5,1,1,53,0,7,442,2002,0,,12,,,,,,1,1,57,2,0.0,,0,0,3,0,11,0,,,,,0.0,0.0,0.0,3.0,1,0,,,,96,,,,,,0,,,,,,98070,53,61.0,115.0,6.0,1.0,0.0,0.0,0.0,1.0,,0,,,,,,0,10/15/2016,11/15/2017,20,0,0,0,8.0,9,8,,,0,,,8,8,0.0,0.0,,,0.0,,,0,0,996.0,,,,,,,,,,,,,,,,,,,,,,,,,,,,,,0,0,0,0,0,0,1,1,1,0,0,0,0,0,1,0,1,0,0,0,0,0,0,0,0,0,0,0,1,1,0,0,0,0,0,,0,0,0,0,0,0,0,0,0,0,0,0,0,0,0,0,,,,,,56-60,56-65,County road,R,Monday,Belt Used,PV,Not Fatal,0,0,0,0,County Road,County Sheriff,King County Police,0,0,1,0,0,,,,,,0.0,0.0,3.0,,,,,,,,,,,98.0,98.0,98.0,0.0,,,,,20.0,7.0,,,,,,,,1.0,0.0,,,SW CEMETERY RD,1.018,,,98070,Vashon,Vashon
2524,2578,2578,2020,162,EA37695,339.0,2020-06-02,23:54,2,6,,63,Spokane,2113,1,,3,1,2,1,0,2,2,23:55,23:58,0:29,12,0,7,0.0,3,0,2,3,2,4,6,0,0,3,3,E SPRAGUE AVE,S THIERMAN RD,-117.3150694,47.656988889,0,1,45,10,2,35,80,0,0,1,5,12,1,2,4,4,1,1,1,53,0,72,706,2020,0,,12,,,,,,1,1,30,1,7.0,,4,0,20,7,11,5,06/03/2020,0:43,211053025973.0,25973.0,0.0,0.0,0.0,2.0,1,0,,,,96,,,,,,98,,,,,,99207,53,67.0,193.0,1.0,1.0,0.0,1.0,0.0,2.0,,0,,,,,,4,11/15/2015,10/15/2017,20,8,0,0,0.0,9,8,,,0,,,8,8,2.0,695.0,605.0,,1.0,1.0,,2,1,0.181,,,,,,,,,,,,,,,,,,,,,,,,,,,,,,0,0,0,1,1,1,1,1,1,0,0,0,1,1,1,0,0,0,0,0,0,0,0,0,0,0,0,0,1,0,0,0,0,0,1,1.0,0,0,0,0,0,1,1,1,0,1,0,1,0,0,0,1,,,,,,26-30,26-35,City street,U,Tuesday,,MC,White,0,0,0,0,City Street,Municipal/City Police,Spokane Valley Police Department,0,0,0,1,0,thc,1.8,carboxy-thc,16.0,,0.0,0.0,1.0,,,,,,,,,,,0.0,0.0,0.0,1.0,,,,,17.0,7.0,,,,,,,nms,1.0,0.0,,,,,,,99212,Spokane,Spokane
2525,2579,2579,2020,162,EA37695,339.0,2020-06-02,23:54,2,6,,63,Spokane,2113,1,,3,1,2,1,0,2,2,23:55,23:58,0:29,12,0,7,0.0,3,0,2,3,2,4,6,0,0,3,3,E SPRAGUE AVE,S THIERMAN RD,-117.3150694,47.656988889,0,2,44,61,4,35,80,0,0,1,5,12,1,2,4,4,1,1,1,53,0,37,706,2004,0,,12,,,,,,1,1,52,8,0.0,,3,0,20,7,11,5,,,,,0.0,0.0,0.0,2.0,1,0,,,,96,,,,,,0,,,,,,99206,53,69.0,165.0,6.0,1.0,0.0,0.0,0.0,2.0,,0,,,,,,0,03/15/2015,06/15/2020,20,8,0,0,8.0,9,8,,,0,,,8,8,8.0,95.0,,,96.0,,,8,95,995.0,,,,,,,,,,,,,,,,,,,,,,,,,,,,,,0,0,0,1,1,1,1,1,1,0,0,0,1,1,1,0,0,0,0,0,0,0,0,0,0,0,0,0,1,0,0,0,0,0,0,0.0,0,0,0,0,0,0,0,0,0,0,0,0,0,0,0,0,,,,,,51-55,46-55,City street,U,Tuesday,,MC,Not Fatal,0,0,0,0,City Street,Municipal/City Police,Spokane Valley Police Department,0,0,0,1,0,,,,,,0.0,0.0,3.0,,,,,,,,,,,0.0,0.0,0.0,0.0,,,,,5.0,0.0,,,,,,,,1.0,0.0,,,,,,,99212,Spokane,Spokane
2526,2580,2580,2020,163,EA37914,160.0,2020-06-02,17:41,2,6,,33,King,1030,10,,1,1,2,1,0,3,1,17:57,18:02,18:23,38,0,0,0.0,1,0,1,7,2,4,6,0,0,0,0,68TH AVE S,,-122.2472667,47.373269444,0,1,1,13,2,40,14,0,0,1,2,30,3,1,2,1,14,3,2,53,0,55,401,2017,0,,63,38.0,30.0,,,,1,1,17,1,0.0,,2,0,99,7,11,0,,,,,0.0,0.0,3.0,3.0,1,8,,,,96,,,,,,0,,,,,,98032,53,72.0,200.0,6.0,2.0,0.0,0.0,0.0,0.0,,97,,,,,,3,,,8,0,0,0,8.0,3,2,,,0,,,8,8,0.0,0.0,,,0.0,,,0,0,996.0,,,,,,,,,,,,,,,,,,,,,,,,,,,,,,0,0,1,0,0,0,0,0,0,0,0,0,1,0,0,0,0,0,0,0,1,0,1,0,1,0,0,0,0,1,0,0,0,0,0,,0,0,0,0,0,0,0,0,0,1,0,0,0,0,0,0,,,,,,16-17,16-25,City street,U,Tuesday,Unknown,PV,Not Fatal,0,1,0,0,City Street,Municipal/City Police,Kent Police Department,1,0,0,1,0,,,,,,0.0,0.0,0.0,,,,,,,,,,,98.0,98.0,98.0,0.0,,,,,20.0,7.0,,,,,,,,1.0,0.0,,,,,,,98032,Kent,Kent
2527,2581,2581,2020,164,EA38156,6.0,2020-05-18,14:34,18,5,,25,Grant,0,1,,1,1,2,2,0,2,2,,,,12,0,2,180.6,1,0,1,1,1,1,1,0,0,0,0,I-90,,-119.1837417,47.093416667,0,1,52,54,3,70,14,0,0,1,2,12,1,1,2,3,1,1,1,53,0,55,401,2005,0,,12,,,,,,1,1,87,1,7.0,,4,7,20,7,11,0,05/18/2020,14:34,53023299.0,23299.0,0.0,0.0,3.0,3.0,1,51,,,,96,,,,,,98,,,,,,98837,53,68.0,150.0,6.0,1.0,0.0,0.0,0.0,0.0,,0,,,,,,0,,,8,0,0,0,0.0,9,8,,,0,,,8,8,0.0,0.0,,,0.0,,,0,0,996.0,,,,,,,,,,,,,,,,,,,,,,,,,,,,,,0,0,0,0,0,0,0,0,0,0,0,0,0,0,0,0,0,0,0,1,0,0,0,0,0,1,1,1,0,1,0,0,0,1,0,,1,0,0,0,0,0,0,0,0,0,0,0,0,0,0,0,,,,,,81+,76+,Interstate,R,Monday,Not Used,PV,White,0,0,0,1,State Route,State Patrol,Washington State Patrol,0,1,0,0,0,,,,,,0.0,0.0,0.0,,,,,,,,,,,98.0,98.0,98.0,1.0,,,,,20.0,7.0,,,,,,,,1.0,0.0,,,,,,,98837,Moses Lake,Moses Lake
2528,2582,2582,2020,164,EA38156,6.0,2020-05-18,14:34,18,5,,25,Grant,0,1,,1,1,2,2,0,2,2,,,,12,0,2,180.6,1,0,1,1,1,1,1,0,0,0,0,I-90,,-119.1837417,47.093416667,0,2,52,54,3,70,21,0,0,1,2,12,1,1,2,3,1,1,3,53,0,20,461,2014,0,,12,,,,,,1,1,59,1,7.0,,4,7,20,7,11,0,05/18/2020,14:43,53023981.0,23981.0,0.0,0.0,0.0,3.0,1,0,,,,96,,,,,,0,,,,,,98092,53,71.0,195.0,6.0,1.0,0.0,1.0,0.0,0.0,,0,,,,,,0,06/15/2016,06/15/2016,8,2,9,0,1.0,9,8,,,0,,,8,8,0.0,0.0,,,0.0,,,0,0,996.0,,,,,,,,,,,,,,,,,,,,,,,,,,,,,,0,0,0,0,0,0,0,0,0,0,0,0,0,0,0,0,0,0,0,1,0,0,0,0,0,1,1,1,0,1,0,0,0,1,0,,1,0,0,0,0,0,0,0,0,0,0,0,0,0,0,0,,,,,,56-60,56-65,Interstate,R,Monday,Not Used,PV,White,0,0,0,1,State Route,State Patrol,Washington State Patrol,0,1,0,0,0,,,,,,0.0,0.0,0.0,,,,,,,,,,,98.0,98.0,98.0,1.0,,,,,20.0,7.0,,,,,,,,1.0,0.0,,,,,,,98837,Auburn,Moses Lake
2529,2583,2583,2020,165,EA38486,339.0,2020-06-06,21:31,6,6,,63,Spokane,2113,1,,3,1,2,1,0,2,2,21:32,21:36,,12,0,6,0.0,2,0,2,3,2,4,6,0,0,3,3,E SPRAGUE AVE,N PARK RD,-117.3041056,47.656858333,0,1,86,17,2,30,4,0,0,1,5,12,8,8,2,1,1,1,2,53,0,20,37,2012,0,,12,,,,,,1,1,25,1,0.0,,3,0,99,7,11,8,,,,,0.0,0.0,3.0,2.0,1,8,37.0,39.0,,96,,,,,,9,,,,,,99206,53,77.0,285.0,1.0,1.0,0.0,3.0,0.0,0.0,,97,,,,,,4,07/15/2017,07/15/2017,1,0,0,0,8.0,9,8,,,0,,,1,8,2.0,417.0,,,1.0,,,2,1,0.0,,,,,,,,,,,,,,,,,,,,,,,,,,,,,,0,0,0,1,0,0,1,1,0,0,0,0,1,1,0,0,0,0,0,0,0,0,0,1,1,0,0,0,0,1,0,0,0,0,0,,0,0,0,0,0,0,1,1,0,1,0,1,0,0,1,0,,,,,,21-25,16-25,City street,U,Saturday,Unknown,PV,Not Fatal,1,0,0,0,City Street,Municipal/City Police,Spokane Valley Police Department,0,0,0,1,0,,,,,,0.0,0.0,2.0,,,,,,,,,,,98.0,98.0,98.0,0.0,,,,,20.0,7.0,,,,,,,,1.0,20.0,,,,,,,99212,Spokane,Spokane
2530,2584,2584,2020,165,EA38486,339.0,2020-06-06,21:31,6,6,,63,Spokane,2113,1,,3,1,2,1,0,2,2,21:32,21:36,,12,0,6,0.0,2,0,2,3,2,4,6,0,0,3,3,E SPRAGUE AVE,N PARK RD,-117.3041056,47.656858333,0,2,87,66,4,35,5,0,0,1,5,12,1,8,4,4,1,1,1,53,0,49,46,2007,0,,12,,,,,,1,1,42,1,7.0,,4,7,99,7,11,0,06/06/2020,21:31,211353038415.0,38415.0,0.0,0.0,3.0,3.0,1,0,,,,96,,,,,,0,,,,,,99206,53,68.0,210.0,6.0,1.0,0.0,0.0,3.0,2.0,,0,,,,,,0,04/15/2016,06/15/2018,1,0,0,0,0.0,9,8,,,0,,,8,8,2.0,1.0,,,1.0,,,2,1,0.0,,,,,,,,,,,,,,,,,,,,,,,,,,,,,,0,0,0,1,0,0,1,1,0,0,0,0,1,1,0,0,0,0,0,0,0,0,0,1,1,0,0,0,0,1,0,0,0,0,0,,1,0,0,0,0,0,0,0,0,0,0,0,0,0,0,0,,,,,,41-45,36-45,City street,U,Saturday,Unknown,PV,White,1,0,0,0,City Street,Municipal/City Police,Spokane Valley Police Department,0,0,0,1,0,,,,,,0.0,0.0,1.0,,,,,,,,,,,98.0,98.0,98.0,1.0,,,,,20.0,7.0,,,,,,,,1.0,20.0,,,,,,,99212,Spokane,Spokane