,index,Unnamed: 0,year,case,par,repjur,crash_dt,crash_tm,accday,accmon,holiday,county,co_char,city,weather,weather2,lightcond,surfcond,surftype,numfatal,nmforms,pforms,vforms,not_tm,arr_tm,hosp_tm,fhevent,hitrun,manncol,milepnt,reljunc,reljuncinter,intersectiontype,funcsystem,landuse,ownership,route,schlbus,spejur,contdev,devfunc,trafid1,trafid2,lon,lat,wk_zone,vnumber,crashtype,criticalevent,criticaleventcat,spdlim,body,trailer,emerg,hazcargo,leave,mhevent,roadalgn,roadprof,traflane,trafflow,vehmanvr,numoccs,regowner,regstate,spuse,make,model,modelyr,vrf1,vrf2,seqevent1,seqevent2,seqevent3,seqevent4,seqevent5,seqevent6,pnumber,ptype,age,sex,hispanic,race,injury,diedscene,restraint,restraintmisuse,seatpos,takehosp,death_dt,death_tm,cert,cernum_wa,commlic,licendor,licrestrict,liccomp,drivpres,drf1,drf2,drf3,drf4,distract1,distract2,distract3,distract4,distract5,distract6,dricond1,dricond2,dricond3,dricond4,dricond5,dricond6,dzip,licstate,drhgt_in,weight,noncdl,noncdltype,prevdwi,prevoth,prevacc,prevspd,prevsus,driviol1,driviol2,driviol3,driviol4,driviol5,driviol6,spdrel,first_dt,last_dt,airbag,ejection,ejectpath,extricat,injurwrk,methalc,methdrug,nmlocat,strikveh,prf1,prf2,prf3,druginv,alcinvol,drugsts,drugres1,drugres2,drugres3,drugtst1,drugtst2,drugtst3,alcsts,alctst,alcres,nmact1,nmact2,nmact3,nmact4,nmact5,nmact6,nmprior1,nmprior2,nmprior3,nmprior4,nmprior5,nmprior6,nmcond1,nmcond2,nmcond3,nmcond4,nmcond5,nmcond6,nmsafe_helmet,nmsafe_pads,nmsafe_oth,nmprev_ref,nmprev_lgt,nmprev_oth,crashlocation,nmcrashtype,crosswalk,schoolzone,sidewalk,train_inv,wildlife_inv,rotr_fars,intersect_fars,dd_inv,aid_inv,dpd_inv,id_inv,mj_inv,impnm_inv,ainm_inv,dpnm_inv,speed_inv,unlic_inv,unendmc_inv,drowsy_inv,drdist_inv,nmdist_inv,fty_inv,unrestfat_inv,dr1617_inv,dr1820_inv,dr1620_inv,dr2125_inv,dr1625_inv,dr65_inv,dr70_inv,dr75_inv,mc_inv,pv_inv,ht_inv,ped_inv,bike_inv,unrest_fat,mc_fat,unhelmet_mc,pv_fat,ht_fat,ped_fat,bike_fat,dr_alc7,dr_alc8,dr_drug,dr_imp,dr_dist,dr_spd,dr_fty,dr_unlic,dr_alc7only,dr_alc8only,dr_drugonly,dr_drink,nm_imp,nm_alc7,nm_alc8,nm_drug,nm_dist,agegrp1,agegrp2,roadclass,urbrur,dayweek,restuse,vehtype,race_me,intersect,lanedep,oppdir,wrongway,rep_typ,investag,repag_long,rotr,st_rd,cty_rd,city_rd,oth_rd,drug_thc,thc_res,drug_cthc,cthc_res,drug_cann,prevpersemin,prevperse,prevsusoth,drugtst4,drugtst5,drugtst6,drugtst7,drugtst8,drugres4,drugres5,drugres6,drugres7,drugres8,adspresent,adsengaged,adslevel,race1,race2,race3,race4,race5,helmet,helmetmisuse,nmdistract1,nmdistract2,nmdistract3,nmdistract4,nmdistract5,nmdistract6,lab,isedtcase,crf1,crf2,crf3,CoRoadName,CoMP,IntCoRoadName,IntCoMP,crashzip,dcity,crashcity
2531,2585,2585,2020,166,EA38627,16.0,2020-06-05,23:00,5,6,,15,Cowlitz,0,1,,2,1,5,1,0,2,1,23:07,23:44,0:49,1,0,0,9999.9,1,0,1,96,6,96,8,0,0,0,0,DAVIS PEAK RD,,-122.6471556,45.973316667,0,1,6,12,2,98,34,0,0,1,5,1,1,2,8,8,1,2,2,53,0,49,472,1996,0,,64,1.0,,,,,1,1,15,2,7.0,,4,7,3,0,11,0,06/05/2020,23:00,53026917.0,26917.0,0.0,0.0,2.0,2.0,1,73,,,,96,,,,,,98,,,,,,98604,53,65.0,122.0,6.0,7.0,0.0,0.0,0.0,0.0,,0,,,,,,0,,,99,0,0,0,0.0,9,8,,,0,,,8,8,2.0,1.0,,,1.0,,,2,1,0.094,,,,,,,,,,,,,,,,,,,,,,,,,,,,,,0,0,1,0,1,1,0,1,0,0,0,0,0,0,0,0,0,0,0,0,0,0,0,0,0,0,0,0,0,1,0,0,0,0,0,,1,0,0,0,0,1,0,1,0,0,0,0,0,1,0,1,,,,,,10-15,0-15,Other,,Friday,Belt Used,PV,White,0,1,0,0,Other,County Sheriff,Cowlitz County Sheriff's Office,1,0,0,0,1,,,,,,0.0,0.0,0.0,,,,,,,,,,,0.0,0.0,0.0,1.0,,,,,20.0,7.0,,,,,,,,1.0,0.0,,,,,,,98674,Battle Ground,Woodland
2532,2586,2586,2020,167,EA38743,25.0,2020-05-31,19:13,31,5,,33,King,2005,10,,1,1,2,1,0,3,2,19:22,19:28,19:55,12,0,6,0.0,2,0,2,4,2,4,6,0,0,3,3,5TH AVE NE,NE 155th St,-122.3237,47.741319444,0,1,88,17,2,35,14,0,0,1,8,12,1,1,2,1,1,1,2,53,0,12,401,1991,0,,12,,,,,,1,1,42,1,7.0,,4,0,20,7,11,5,06/07/2020,18:40,196053026557.0,26557.0,0.0,0.0,0.0,2.0,1,39,,,,96,,,,,,98,,,,,,98133,53,76.0,235.0,1.0,1.0,0.0,5.0,0.0,1.0,,0,,,,,,0,06/15/2016,10/15/2019,20,0,0,0,0.0,9,8,,,0,,,8,8,8.0,95.0,,,96.0,,,8,95,995.0,,,,,,,,,,,,,,,,,,,,,,,,,,,,,,0,0,0,1,0,0,0,0,0,0,0,0,0,1,0,0,0,0,0,1,0,0,0,0,0,0,0,0,0,1,0,0,0,1,0,,1,0,0,0,0,0,0,0,0,0,0,1,0,0,0,0,,,,,,41-45,36-45,City street,U,Sunday,Not Used,PV,White,1,0,0,0,City Street,County Sheriff,King County Police,0,0,0,1,0,,,,,,0.0,0.0,2.0,,,,,,,,,,,0.0,0.0,0.0,1.0,,,,,20.0,7.0,,,,,,,,1.0,0.0,,,,,,,98155,Seattle,Seattle
2533,2587,2587,2020,167,EA38743,25.0,2020-05-31,19:13,31,5,,33,King,2005,10,,1,1,2,1,0,3,2,19:22,19:28,19:55,12,0,6,0.0,2,0,2,4,2,4,6,0,0,3,3,5TH AVE NE,NE 155th St,-122.3237,47.741319444,0,2,89,66,4,35,34,0,0,1,8,12,1,1,2,1,1,2,2,53,0,35,472,2005,0,,12,,,,,,1,1,32,2,0.0,,0,0,3,0,11,0,,,,,0.0,0.0,0.0,3.0,1,0,,,,96,,,,,,0,,,,,,98155,53,66.0,158.0,6.0,1.0,0.0,0.0,0.0,1.0,,0,,,,,,0,08/15/2016,08/15/2016,20,0,0,0,8.0,9,8,,,0,,,8,8,8.0,95.0,,,96.0,,,8,95,995.0,,,,,,,,,,,,,,,,,,,,,,,,,,,,,,0,0,0,1,0,0,0,0,0,0,0,0,0,1,0,0,0,0,0,1,0,0,0,0,0,0,0,0,0,1,0,0,0,0,0,,0,0,0,0,0,0,0,0,0,0,0,0,0,0,0,0,,,,,,31-35,26-35,City street,U,Sunday,Belt Used,PV,Not Fatal,1,0,0,0,City Street,County Sheriff,King County Police,0,0,0,1,0,,,,,,0.0,0.0,0.0,,,,,,,,,,,98.0,98.0,98.0,0.0,,,,,20.0,7.0,,,,,,,,1.0,0.0,,,,,,,98155,Seattle,Seattle
2534,2588,2588,2020,168,EA39075,35.0,2020-06-09,6:11,9,6,,53,Pierce,0,2,,2,2,2,1,0,1,1,,,,42,0,0,10.5,1,0,1,4,1,2,4,0,0,0,0,CR-ORVILLE RD E,,-122.2109361,47.022180556,0,1,1,13,2,35,4,0,0,1,5,42,1,1,2,1,1,1,3,53,0,35,50,2019,0,,63,42.0,1.0,,,,1,1,69,1,7.0,,4,7,3,0,11,0,06/09/2020,6:11,53028962.0,28962.0,0.0,0.0,3.0,3.0,1,0,,,,96,,,,,,98,,,,,,98290,53,68.0,150.0,6.0,1.0,0.0,1.0,0.0,0.0,,0,,,,,,0,12/15/2015,12/15/2015,8,0,0,0,0.0,9,8,,,0,,,8,8,2.0,401.0,417.0,,1.0,1.0,,2,1,0.0,,,,,,,,,,,,,,,,,,,,,,,,,,,,,,0,0,1,0,0,0,1,1,0,0,0,0,0,0,0,0,0,0,0,0,0,0,0,0,0,1,0,0,0,1,0,0,0,0,0,,1,0,0,0,0,0,1,1,0,0,0,0,0,0,1,0,,,,,,66-70,66-75,County road,R,Tuesday,Belt Used,PV,White,0,1,0,0,County Road,County Sheriff,Law Enforcement Support Agency,1,0,1,0,0,,,,,,0.0,0.0,0.0,,,,,,,,,,,98.0,98.0,98.0,1.0,,,,,20.0,7.0,,,,,,,,1.0,0.0,,,ORVILLE RD E,10.48,,,98360,Snohomish,Orting
2535,2589,2589,2020,169,EA39076,35.0,2020-06-08,15:30,8,6,,53,Pierce,0,1,,1,1,2,1,0,2,2,15:32,15:38,,12,0,2,0.0,1,0,1,5,2,2,4,0,0,0,0,CR-38TH AVE E,,-122.3765028,47.105175,0,1,50,10,2,35,80,0,0,1,2,12,2,1,2,1,14,1,1,53,0,76,706,2012,0,,68,12.0,,,,,1,1,58,1,7.0,,4,7,20,7,11,0,06/08/2020,15:30,53026582.0,26582.0,0.0,0.0,0.0,2.0,1,0,,,,96,,,,,,98,,,,,,98446,53,68.0,195.0,6.0,1.0,0.0,0.0,1.0,0.0,,0,,,,,,0,08/15/2017,08/15/2017,20,8,0,0,0.0,9,8,,,0,,,8,8,2.0,1.0,,,1.0,,,2,1,0.0,,,,,,,,,,,,,,,,,,,,,,,,,,,,,,0,0,0,0,0,0,0,0,0,0,0,0,0,0,1,0,0,0,0,0,0,0,0,0,0,0,0,0,1,0,1,0,0,0,1,0.0,0,0,0,0,0,0,0,0,0,0,0,0,0,0,0,0,,,,,,56-60,56-65,County road,U,Monday,,MC,White,0,1,1,0,County Road,County Sheriff,Law Enforcement Support Agency,0,0,1,0,0,,,,,,0.0,0.0,0.0,,,,,,,,,,,0.0,0.0,0.0,1.0,,,,,19.0,0.0,,,,,,,,1.0,0.0,,,038 AVE E,0.02,,,98446,Tacoma,Tacoma
2536,2590,2590,2020,169,EA39076,35.0,2020-06-08,15:30,8,6,,53,Pierce,0,1,,1,1,2,1,0,2,2,15:32,15:38,,12,0,2,0.0,1,0,1,5,2,2,4,0,0,0,0,CR-38TH AVE E,,-122.3765028,47.105175,0,2,51,62,4,35,61,0,0,1,5,12,3,1,2,1,14,1,3,53,0,12,870,2016,0,,12,,,,,,1,1,31,1,0.0,,0,0,3,0,11,0,,,,,0.0,0.0,0.0,3.0,1,0,,,,96,,,,,,0,,,,,,98445,53,68.0,185.0,6.0,1.0,0.0,0.0,0.0,1.0,,0,,,,,,0,06/15/2019,06/15/2019,20,0,0,0,8.0,9,8,,,0,,,8,8,8.0,95.0,,,96.0,,,8,95,995.0,,,,,,,,,,,,,,,,,,,,,,,,,,,,,,0,0,0,0,0,0,0,0,0,0,0,0,0,0,1,0,0,0,0,0,0,0,0,0,0,0,0,0,1,0,1,0,0,0,0,,0,0,0,0,0,0,0,0,0,0,0,0,0,0,0,0,,,,,,31-35,26-35,County road,U,Monday,,MHTRUCK,Not Fatal,0,1,1,0,County Road,County Sheriff,Law Enforcement Support Agency,0,0,1,0,0,,,,,,0.0,0.0,0.0,,,,,,,,,,,98.0,98.0,98.0,0.0,,,,,20.0,7.0,,,,,,,,1.0,0.0,,,038 AVE E,0.02,,,98446,Tacoma,Tacoma
2537,2591,2591,2020,170,EA39131,2.0,2020-06-04,2:02,4,6,,61,Snohomish,0,1,,2,1,2,1,1,1,1,,,,8,0,0,201.1,1,0,1,1,2,1,1,0,0,0,0,I-5,,-122.1846667,48.081230556,0,1,13,80,5,60,20,0,0,1,2,8,1,1,3,3,1,1,2,53,0,20,441,1995,0,,8,,,,,,1,1,48,1,0.0,,0,0,3,0,11,0,,,,,0.0,0.0,0.0,2.0,1,0,,,,96,,,,,,0,,,,,,98104,53,70.0,290.0,1.0,1.0,0.0,5.0,0.0,0.0,,0,,,,,,0,03/15/2015,11/15/2020,20,0,0,0,8.0,3,8,,,0,,,8,8,0.0,0.0,,,0.0,,,0,0,996.0,,,,,,,,,,,,,,,,,,,,,,,,,,,,,,0,0,0,0,0,0,0,0,0,1,1,0,0,1,0,0,0,0,0,0,0,0,0,0,0,0,0,0,0,1,0,1,0,0,0,,0,0,0,0,0,0,0,0,0,0,0,1,0,0,0,0,,,,,,46-50,46-55,Interstate,U,Thursday,Belt Used,PV,Not Fatal,0,0,0,0,State Route,State Patrol,Washington State Patrol,0,1,0,0,0,,,,,,0.0,0.0,4.0,,,,,,,,,,,0.0,0.0,0.0,0.0,,,,,20.0,7.0,,,,,,,,1.0,0.0,,,,,,,98270,Seattle,Marysville
2538,2592,2592,2020,171,EA39593,3.0,2020-05-23,2:11,23,5,,53,Pierce,2230,1,,3,1,2,1,0,1,1,2:09,2:14,,25,0,0,0.2,5,0,1,3,2,1,3,0,0,0,0,SR-16 RAMP 016P100257,,-122.5063361,47.245916667,0,1,6,12,2,60,4,0,0,1,7,25,2,1,1,6,14,1,1,53,0,34,37,2006,0,,64,25.0,,,,,1,1,23,1,7.0,,4,7,20,7,11,0,05/23/2020,2:11,223053024109.0,24109.0,0.0,0.0,0.0,3.0,1,0,,,,96,,,,,,9,,,,,,98465,53,74.0,220.0,6.0,1.0,0.0,1.0,1.0,0.0,,0,,,,,,4,10/15/2015,07/15/2016,7,0,0,0,0.0,1,8,,,0,,,8,1,2.0,1.0,,,1.0,,,2,1,0.12,,,,,,,,,,,,,,,,,,,,,,,,,,,,,,0,0,1,0,1,1,0,1,0,0,0,0,1,0,0,0,0,0,0,1,0,0,0,1,1,0,0,0,0,1,0,0,0,1,0,,1,0,0,0,0,1,0,1,0,1,0,0,0,1,0,1,,,,,,21-25,16-25,State route,U,Saturday,Not Used,PV,White,0,1,0,0,State Route,State Patrol,Washington State Patrol,1,1,0,0,0,,,,,,0.0,0.0,0.0,,,,,,,,,,,98.0,98.0,98.0,1.0,,,,,20.0,7.0,,,,,,,,1.0,0.0,,,,,,,98465,Tacoma,Tacoma
2539,2593,2593,2020,172,EA39731,1.0,2020-06-01,7:01,1,6,,77,Yakima,0,1,,1,1,2,1,0,2,2,7:05,7:11,,12,0,6,68.7,2,0,2,4,2,1,2,0,3,3,3,US-97,W WAPATO RD,-120.430125,46.447883333,0,1,89,17,2,25,4,0,0,1,2,12,1,1,4,1,1,1,2,53,0,54,35,2000,0,,12,,,,,,1,1,68,1,1.0,,4,7,20,7,11,0,06/01/2020,7:01,240053025048.0,25048.0,0.0,0.0,3.0,3.0,1,39,,,,96,,,,,,98,,,,,,98951,53,66.0,150.0,6.0,1.0,0.0,1.0,0.0,0.0,,0,,,,,,0,09/15/2017,09/15/2017,1,0,0,0,0.0,1,8,,,0,,,8,0,2.0,1.0,,,1.0,,,2,1,0.0,,,,,,,,,,,,,,,,,,,,,,,,,,,,,,0,0,0,1,0,0,0,0,0,0,0,0,0,0,0,0,0,0,0,1,0,0,0,1,1,1,0,0,0,1,0,0,0,1,0,,1,0,0,0,0,0,0,0,0,0,0,0,0,0,0,0,,,,,,66-70,66-75,US highway,U,Monday,Not Used,PV,Hispanic,1,0,0,0,State Route,State Patrol,Washington State Patrol,0,1,0,0,0,,,,,,0.0,0.0,0.0,,,,,,,,,,,98.0,98.0,98.0,98.0,,,,,20.0,7.0,,,,,,,,1.0,0.0,,,,,,,98951,Wapato,Wapato
2540,2594,2594,2020,172,EA39731,1.0,2020-06-01,7:01,1,6,,77,Yakima,0,1,,1,1,2,1,0,2,2,7:05,7:11,,12,0,6,68.7,2,0,2,4,2,1,2,0,3,3,3,US-97,W WAPATO RD,-120.430125,46.447883333,0,2,88,66,4,55,34,0,0,1,2,12,1,1,5,1,1,1,1,53,0,20,481,2005,0,,12,,,,,,1,1,22,1,0.0,,1,0,3,0,11,0,,,,,6.0,0.0,3.0,3.0,1,0,,,,96,,,,,,0,,,,,,98948,53,69.0,160.0,6.0,1.0,0.0,2.0,2.0,0.0,,0,,,,,,0,04/15/2016,11/15/2019,1,0,0,0,8.0,3,8,,,0,,,8,0,0.0,0.0,,,0.0,,,2,98,0.0,,,,,,,,,,,,,,,,,,,,,,,,,,,,,,0,0,0,1,0,0,0,0,0,0,0,0,0,0,0,0,0,0,0,1,0,0,0,1,1,1,0,0,0,1,0,0,0,0,0,,0,0,0,0,0,0,0,0,0,0,0,0,0,0,0,0,,,,,,21-25,16-25,US highway,U,Monday,Belt Used,PV,Not Fatal,1,0,0,0,State Route,State Patrol,Washington State Patrol,0,1,0,0,0,,,,,,0.0,0.0,0.0,,,,,,,,,,,98.0,98.0,98.0,0.0,,,,,20.0,7.0,,,,,,,,1.0,0.0,,,,,,,98951,Toppenish,Wapato
2541,2595,2595,2020,173,EA39778,6.0,2020-06-07,13:05,7,6,,17,Douglas,0,1,,1,1,1,2,0,14,3,,,,12,0,8,203.6,1,0,1,2,1,1,2,0,0,0,0,US-97,,-120.1903417,47.6946,0,1,64,10,2,60,20,0,0,1,2,12,1,1,2,1,98,9,2,53,0,20,441,2001,0,,68,12.0,,,,,1,1,30,1,1.0,,4,7,3,0,11,0,06/07/2020,13:05,53026576.0,26576.0,99.0,0.0,9.0,9.0,1,0,,,,92,,,,,,98,,,,,,0,99,,999.0,9.0,9.0,99.0,99.0,99.0,99.0,,0,,,,,,0,,,20,0,0,0,0.0,9,8,,,0,,,8,8,2.0,1.0,,,1.0,,,2,1,0.0,,,,,,,,,,,,,,,,,,,,,,,,,,,,,,0,0,0,0,0,0,0,0,0,0,0,0,0,0,0,0,1,0,0,1,0,0,0,0,0,1,1,1,0,1,1,0,0,0,0,,1,0,0,0,0,0,0,0,1,0,0,0,0,0,0,0,,,,,,26-30,26-35,US highway,R,Sunday,Belt Used,PV,Hispanic,0,1,1,0,State Route,State Patrol,Washington State Patrol,0,1,0,0,0,,,,,,99.0,99.0,99.0,,,,,,,,,,,98.0,98.0,98.0,98.0,,,,,20.0,7.0,,,,,,,,1.0,0.0,,,,,,,98843,Canada,Orondo
2542,2596,2596,2020,173,EA39778,6.0,2020-06-07,13:05,7,6,,17,Douglas,0,1,,1,1,1,2,0,14,3,,,,12,0,8,203.6,1,0,1,2,1,1,2,0,0,0,0,US-97,,-120.1903417,47.6946,0,2,65,62,4,60,34,1,0,1,2,12,1,1,2,1,1,2,1,53,0,12,481,2018,0,,12,1.0,12.0,,,,1,1,75,1,0.0,,3,0,3,0,11,4,,,,,0.0,0.0,0.0,3.0,1,0,,,,96,,,,,,0,,,,,,98229,53,72.0,140.0,6.0,1.0,0.0,0.0,0.0,0.0,,0,,,,,,0,,,8,0,0,0,8.0,9,8,,,0,,,8,8,0.0,0.0,,,0.0,,,0,0,996.0,,,,,,,,,,,,,,,,,,,,,,,,,,,,,,0,0,0,0,0,0,0,0,0,0,0,0,0,0,0,0,1,0,0,1,0,0,0,0,0,1,1,1,0,1,1,0,0,0,0,,0,0,0,0,0,0,0,0,0,0,0,0,0,0,0,0,,,,,,71-75,66-75,US highway,R,Sunday,Belt Used,PV,Not Fatal,0,1,1,0,State Route,State Patrol,Washington State Patrol,0,1,0,0,0,,,,,,0.0,0.0,0.0,,,,,,,,,,,98.0,98.0,98.0,0.0,,,,,20.0,7.0,,,,,,,,1.0,0.0,,,,,,,98843,Bellingham,Orondo
2543,2597,2597,2020,173,EA39778,6.0,2020-06-07,13:05,7,6,,17,Douglas,0,1,,1,1,1,2,0,14,3,,,,12,0,8,203.6,1,0,1,2,1,1,2,0,0,0,0,US-97,,-120.1903417,47.6946,0,3,98,98,7,60,67,1,0,1,2,12,1,1,2,1,1,3,3,53,0,23,880,2019,0,,12,1.0,,,,,1,1,72,1,0.0,,1,0,3,0,11,4,,,,,6.0,0.0,3.0,3.0,1,0,,,,96,,,,,,0,,,,,,98848,53,72.0,200.0,6.0,1.0,0.0,0.0,0.0,0.0,,0,,,,,,0,,,8,0,0,0,8.0,9,8,,,0,,,8,8,0.0,0.0,,,0.0,,,0,0,996.0,,,,,,,,,,,,,,,,,,,,,,,,,,,,,,0,0,0,0,0,0,0,0,0,0,0,0,0,0,0,0,1,0,0,1,0,0,0,0,0,1,1,1,0,1,1,0,0,0,0,,0,0,0,0,0,0,0,0,0,0,0,0,0,0,0,0,,,,,,71-75,66-75,US highway,R,Sunday,,MHTRUCK,Not Fatal,0,1,1,0,State Route,State Patrol,Washington State Patrol,0,1,0,0,0,,,,,,0.0,0.0,0.0,,,,,,,,,,,98.0,98.0,98.0,0.0,,,,,20.0,7.0,,,,,,,,1.0,0.0,,,,,,,98843,Quincy,Orondo
2544,2598,2598,2020,175,EA39893,40.0,2020-06-11,20:58,11,6,,63,Spokane,0,10,,5,1,2,1,0,2,2,21:00,21:05,22:18,12,0,6,1.4,2,0,2,5,1,2,4,0,0,20,3,CR-N SHORT RD,W MONTGOMERY RD,-117.4803861,47.989491667,0,1,88,17,2,45,34,0,0,1,2,12,1,1,2,1,1,1,1,53,0,20,481,1993,0,,12,,,,,,1,1,18,1,0.0,,3,0,20,7,11,5,,,,,0.0,0.0,0.0,3.0,1,39,,,,96,,,,,,98,,,,,,99006,53,73.0,216.0,6.0,2.0,0.0,0.0,0.0,0.0,,97,,,,,,0,,,20,0,0,0,8.0,9,8,,,0,,,8,8,0.0,0.0,,,0.0,,,0,0,996.0,,,,,,,,,,,,,,,,,,,,,,,,,,,,,,0,0,0,1,0,0,0,0,0,0,0,0,0,0,0,0,0,0,0,0,0,1,1,0,1,0,0,0,0,1,0,0,0,0,0,,0,0,0,0,0,0,0,0,0,0,0,0,0,0,0,0,,,,,,18-20,16-25,County road,R,Thursday,Not Used,PV,Not Fatal,1,0,0,0,County Road,County Sheriff,Spokane County Sheriff's Office,0,0,1,0,0,,,,,,0.0,0.0,0.0,,,,,,,,,,,0.0,0.0,0.0,0.0,,,,,20.0,7.0,,,,,,,,1.0,0.0,,,SHORT RD,143.0,MONTGOMERY RD,2.65,99006,Deer Park,Deer Park
2545,2599,2599,2020,175,EA39893,40.0,2020-06-11,20:58,11,6,,63,Spokane,0,10,,5,1,2,1,0,2,2,21:00,21:05,22:18,12,0,6,1.4,2,0,2,5,1,2,4,0,0,0,0,CR-N SHORT RD,W MONTGOMERY RD,-117.4803861,47.989491667,0,2,89,66,4,45,14,0,0,1,2,12,1,1,2,1,1,1,1,53,0,20,401,2002,0,,12,,,,,,1,1,52,2,7.0,,4,7,3,0,11,0,06/11/2020,20:58,53027602.0,27602.0,0.0,0.0,3.0,3.0,1,0,,,,96,,,,,,0,,,,,,99006,53,65.0,137.0,6.0,1.0,0.0,0.0,0.0,0.0,,0,,,,,,0,,,8,0,0,0,0.0,9,8,,,0,,,8,8,2.0,1.0,,,1.0,,,2,1,0.0,,,,,,,,,,,,,,,,,,,,,,,,,,,,,,0,0,0,1,0,0,0,0,0,0,0,0,0,0,0,0,0,0,0,0,0,1,1,0,1,0,0,0,0,1,0,0,0,0,0,,1,0,0,0,0,0,0,0,0,0,0,0,0,0,0,0,,,,,,51-55,46-55,County road,R,Thursday,Belt Used,PV,White,1,0,0,0,County Road,County Sheriff,Spokane County Sheriff's Office,0,0,1,0,0,,,,,,0.0,0.0,0.0,,,,,,,,,,,98.0,98.0,98.0,1.0,,,,,20.0,7.0,,,,,,,,1.0,0.0,,,SHORT RD,143.0,MONTGOMERY RD,2.65,99006,Deer Park,Deer Park
2546,2600,2600,2020,176,EA39894,40.0,2020-06-12,2:13,12,6,,63,Spokane,0,1,,2,2,2,1,0,2,1,,,,1,0,0,1.7,1,0,1,5,1,2,4,0,0,0,0,CR-W TRAILS RD,,-117.5259833,47.678680556,0,1,1,87,6,45,4,0,0,1,2,1,1,2,2,1,1,2,1,53,0,37,32,1996,0,,63,1.0,42.0,,,,1,1,26,1,2.0,,4,7,3,0,11,0,06/12/2020,2:38,53027921.0,27921.0,0.0,0.0,0.0,2.0,1,0,,,,92,,,,,,98,,,,,,98311,53,71.0,155.0,1.0,1.0,0.0,1.0,0.0,3.0,,0,,,,,,0,07/15/2017,06/15/2019,20,0,0,0,0.0,9,8,,,0,,,8,8,2.0,996.0,996.0,401.0,1.0,1.0,1.0,2,1,0.0,,,,,,,,,,,,,,,,,,,,,,,,,,,,,,0,0,1,0,0,0,1,1,1,0,0,0,0,1,0,0,1,0,0,0,0,0,0,0,0,0,0,0,0,1,0,0,0,0,0,,1,0,0,0,0,0,1,1,1,0,0,1,0,0,1,0,,,,,,26-30,26-35,County road,R,Friday,Belt Used,PV,Hispanic,0,1,0,0,County Road,County Sheriff,Spokane County Sheriff's Office,1,0,1,0,0,thc,2.4,,,,0.0,0.0,3.0,1.0,1.0,,,,417.0,605.0,,,,0.0,0.0,0.0,201.0,298.0,,,,20.0,7.0,,,,,,,nms,1.0,0.0,,,TRAILS RD,1.7,,,99224,Bremerton,Spokane
2547,2601,2601,2020,177,EA40321,31.0,2020-06-14,18:51,14,6,,45,Mason,0,1,,1,1,2,1,0,1,1,18:55,19:07,,30,0,0,3.5,1,0,1,5,1,2,4,0,0,0,0,CR-E BROCKDALE RD,,-123.1068028,47.2653,0,1,7,13,2,45,4,0,0,1,2,30,3,1,2,1,14,1,1,53,0,37,32,1992,0,,63,69.0,68.0,64.0,30.0,42.0,1,1,33,1,7.0,,4,7,3,0,11,0,06/14/2020,18:51,53027659.0,27659.0,0.0,0.0,0.0,2.0,1,58,,,,96,,,,,,98,,,,,,98311,53,72.0,190.0,1.0,1.0,0.0,1.0,0.0,3.0,,0,,,,,,3,07/15/2017,06/15/2019,1,0,0,0,0.0,9,8,,,0,,,8,8,2.0,401.0,417.0,605.0,1.0,1.0,1.0,2,1,0.206,,,,,,,,,,,,,,,,,,,,,,,,,,,,,,0,0,0,0,1,1,1,1,1,0,0,0,1,1,0,0,0,0,0,0,0,0,0,0,0,0,0,0,0,1,0,0,0,0,0,,1,0,0,0,0,1,1,1,0,1,0,1,0,0,0,1,,,,,,31-35,26-35,County road,R,Sunday,Belt Used,PV,White,0,1,0,0,County Road,County Sheriff,Mason County Sheriff's Office,1,0,1,0,0,thc,1.9,,,,0.0,0.0,3.0,,,,,,,,,,,0.0,0.0,0.0,1.0,,,,,20.0,7.0,,,,,,,nms,1.0,0.0,,,BROCKDALE RD,3.528,,,98584,Bremerton,Shelton
2548,2602,2602,2020,178,EA40438,41.0,2020-05-24,16:59,24,5,,65,Stevens,0,1,,1,1,2,1,0,1,1,,,,42,0,0,1.3,1,0,1,7,1,2,4,0,0,0,0,CR-COZY NOOK RD,,-117.7159972,48.302744444,0,1,7,6,1,50,14,0,0,1,5,42,3,2,2,1,14,1,2,53,0,35,402,2012,0,,63,69.0,68.0,64.0,42.0,,1,1,51,1,7.0,,4,7,3,0,11,0,05/24/2020,16:59,53024969.0,24969.0,0.0,0.0,0.0,0.0,1,8,37.0,,,96,,,,,,98,,,,,,99109,53,,999.0,0.0,0.0,0.0,0.0,0.0,0.0,,0,,,,,,4,,,8,0,0,0,0.0,9,8,,,0,,,8,8,8.0,95.0,,,96.0,,,8,95,995.0,,,,,,,,,,,,,,,,,,,,,,,,,,,,,,0,0,0,0,0,0,0,0,0,0,0,0,1,1,0,0,0,0,0,0,0,0,0,0,0,0,0,0,0,1,0,0,0,0,0,,1,0,0,0,0,0,0,0,0,1,0,1,0,0,0,0,,,,,,51-55,46-55,County road,R,Sunday,Belt Used,PV,White,0,1,0,0,County Road,County Sheriff,Stevens County Sheriff's Office,1,0,1,0,0,,,,,,0.0,0.0,0.0,,,,,,,,,,,98.0,98.0,98.0,1.0,,,,,20.0,7.0,,,,,,,,1.0,20.0,,,COZY NOOK,1.34,,,99109,Chewelah,Chewelah
2549,2603,2603,2020,180,EA40788,173.0,2020-06-18,0:44,18,6,,53,Pierce,1124,1,,3,1,2,1,1,1,1,,,,8,0,0,0.0,1,0,1,3,2,1,6,0,0,0,0,BRIDGEPORT WAY SW,,-122.5043694,47.147730556,0,1,13,80,5,35,4,0,0,1,2,8,1,2,4,1,1,1,1,53,0,7,24,2007,0,,8,,,,,,1,1,41,1,0.0,,0,0,3,0,11,0,,,,,0.0,0.0,0.0,3.0,1,0,,,,92,,,,,,98,,,,,,98499,53,75.0,175.0,6.0,1.0,0.0,0.0,0.0,0.0,,0,,,,,,0,,,20,0,0,0,8.0,9,8,,,0,,,8,8,0.0,0.0,,,0.0,,,0,0,996.0,,,,,,,,,,,,,,,,,,,,,,,,,,,,,,0,0,0,0,0,0,0,0,0,1,0,1,0,0,0,0,1,0,0,0,0,0,0,0,0,0,0,0,0,1,0,1,0,0,0,,0,0,0,0,0,0,0,0,1,0,0,0,0,0,0,0,,,,,,41-45,36-45,City street,U,Thursday,Belt Used,PV,Not Fatal,0,0,0,0,State Route,Municipal/City Police,Lakewood Police Department,0,1,0,0,0,,,,,,0.0,0.0,0.0,,,,,,,,,,,98.0,98.0,98.0,0.0,,,,,20.0,7.0,,,,,,,,1.0,0.0,,,,,,,98499,Lakewood,Lakewood