,index,Unnamed: 0,year,case,par,repjur,crash_dt,crash_tm,accday,accmon,holiday,county,co_char,city,weather,weather2,lightcond,surfcond,surftype,numfatal,nmforms,pforms,vforms,not_tm,arr_tm,hosp_tm,fhevent,hitrun,manncol,milepnt,reljunc,reljuncinter,intersectiontype,funcsystem,landuse,ownership,route,schlbus,spejur,contdev,devfunc,trafid1,trafid2,lon,lat,wk_zone,vnumber,crashtype,criticalevent,criticaleventcat,spdlim,body,trailer,emerg,hazcargo,leave,mhevent,roadalgn,roadprof,traflane,trafflow,vehmanvr,numoccs,regowner,regstate,spuse,make,model,modelyr,vrf1,vrf2,seqevent1,seqevent2,seqevent3,seqevent4,seqevent5,seqevent6,pnumber,ptype,age,sex,hispanic,race,injury,diedscene,restraint,restraintmisuse,seatpos,takehosp,death_dt,death_tm,cert,cernum_wa,commlic,licendor,licrestrict,liccomp,drivpres,drf1,drf2,drf3,drf4,distract1,distract2,distract3,distract4,distract5,distract6,dricond1,dricond2,dricond3,dricond4,dricond5,dricond6,dzip,licstate,drhgt_in,weight,noncdl,noncdltype,prevdwi,prevoth,prevacc,prevspd,prevsus,driviol1,driviol2,driviol3,driviol4,driviol5,driviol6,spdrel,first_dt,last_dt,airbag,ejection,ejectpath,extricat,injurwrk,methalc,methdrug,nmlocat,strikveh,prf1,prf2,prf3,druginv,alcinvol,drugsts,drugres1,drugres2,drugres3,drugtst1,drugtst2,drugtst3,alcsts,alctst,alcres,nmact1,nmact2,nmact3,nmact4,nmact5,nmact6,nmprior1,nmprior2,nmprior3,nmprior4,nmprior5,nmprior6,nmcond1,nmcond2,nmcond3,nmcond4,nmcond5,nmcond6,nmsafe_helmet,nmsafe_pads,nmsafe_oth,nmprev_ref,nmprev_lgt,nmprev_oth,crashlocation,nmcrashtype,crosswalk,schoolzone,sidewalk,train_inv,wildlife_inv,rotr_fars,intersect_fars,dd_inv,aid_inv,dpd_inv,id_inv,mj_inv,impnm_inv,ainm_inv,dpnm_inv,speed_inv,unlic_inv,unendmc_inv,drowsy_inv,drdist_inv,nmdist_inv,fty_inv,unrestfat_inv,dr1617_inv,dr1820_inv,dr1620_inv,dr2125_inv,dr1625_inv,dr65_inv,dr70_inv,dr75_inv,mc_inv,pv_inv,ht_inv,ped_inv,bike_inv,unrest_fat,mc_fat,unhelmet_mc,pv_fat,ht_fat,ped_fat,bike_fat,dr_alc7,dr_alc8,dr_drug,dr_imp,dr_dist,dr_spd,dr_fty,dr_unlic,dr_alc7only,dr_alc8only,dr_drugonly,dr_drink,nm_imp,nm_alc7,nm_alc8,nm_drug,nm_dist,agegrp1,agegrp2,roadclass,urbrur,dayweek,restuse,vehtype,race_me,intersect,lanedep,oppdir,wrongway,rep_typ,investag,repag_long,rotr,st_rd,cty_rd,city_rd,oth_rd,drug_thc,thc_res,drug_cthc,cthc_res,drug_cann,prevpersemin,prevperse,prevsusoth,drugtst4,drugtst5,drugtst6,drugtst7,drugtst8,drugres4,drugres5,drugres6,drugres7,drugres8,adspresent,adsengaged,adslevel,race1,race2,race3,race4,race5,helmet,helmetmisuse,nmdistract1,nmdistract2,nmdistract3,nmdistract4,nmdistract5,nmdistract6,lab,isedtcase,crf1,crf2,crf3,CoRoadName,CoMP,IntCoRoadName,IntCoMP,crashzip,dcity,crashcity
2550,2604,2604,2020,181,EA40857,14.0,2020-06-12,23:55,12,6,,11,Clark,0,10,,3,2,2,1,0,1,1,23:56,0:03,,32,0,0,0.0,3,0,3,5,2,2,4,0,0,3,3,CR-NE 137TH AVE,NE 99TH ST,-122.5320472,45.693641667,0,1,14,14,2,35,80,0,0,1,2,32,1,1,3,1,1,1,2,53,0,76,703,2014,0,,71,32.0,2.0,,,,1,1,23,1,7.0,,4,7,20,7,11,0,06/12/2020,23:55,53027631.0,27631.0,0.0,0.0,0.0,3.0,1,39,,,,96,,,,,,98,,,,,,98674,53,67.0,165.0,6.0,7.0,0.0,4.0,0.0,2.0,,0,,,,,,3,07/15/2015,07/15/2019,20,8,0,0,0.0,9,8,,,0,,,8,8,2.0,407.0,996.0,402.0,1.0,1.0,1.0,2,1,0.176,,,,,,,,,,,,,,,,,,,,,,,,,,,,,,0,0,0,1,1,1,1,1,0,0,0,0,1,0,0,0,0,0,0,0,0,0,0,1,1,0,0,0,1,0,0,0,0,0,1,0.0,0,0,0,0,0,1,1,1,0,1,0,0,0,0,0,1,,,,,,21-25,16-25,County road,U,Friday,,MC,White,1,0,0,0,County Road,County Sheriff,Clark County Sheriff's Office,0,0,1,0,0,,,,,,0.0,0.0,0.0,,,,,,,,,,,0.0,0.0,0.0,1.0,,,,,5.0,0.0,,,,,,,,1.0,0.0,,,NE 137TH AVE,0.0,NE 99TH ST,1.75,98682,Woodland,Vancouver
2551,2605,2605,2020,182,EA41179,2.0,2020-06-12,21:56,12,6,,57,Skagit,50,2,,2,2,1,1,1,3,1,,,,15,0,0,48.0,2,0,2,3,2,1,3,0,0,3,3,SR-20,CHRISTIANSEN RD,-122.5709806,48.462819444,0,1,13,83,5,55,4,0,0,1,2,15,1,1,2,3,1,3,1,53,0,34,34,2013,0,,15,,,,,,1,1,21,2,0.0,,1,0,3,0,11,0,,,,,0.0,0.0,0.0,3.0,1,0,,,,96,,,,,,0,,,,,,98277,53,61.0,128.0,6.0,1.0,0.0,0.0,0.0,2.0,,0,,,,,,0,01/15/2016,09/15/2018,20,0,0,0,8.0,1,8,,,0,,,8,0,2.0,1.0,,,1.0,,,2,1,0.0,,,,,,,,,,,,,,,,,,,,,,,,,,,,,,0,0,0,1,0,0,0,0,0,1,1,1,0,0,0,0,0,0,0,0,0,0,0,1,1,0,0,0,0,1,0,1,0,0,0,,0,0,0,0,0,0,0,0,0,0,0,0,0,0,0,0,,,,,,21-25,16-25,State route,U,Friday,Belt Used,PV,Not Fatal,1,0,0,0,State Route,State Patrol,Washington State Patrol,0,1,0,0,0,,,,,,0.0,0.0,0.0,,,,,,,,,,,98.0,98.0,98.0,0.0,,,,,20.0,7.0,,,,,,,,1.0,0.0,,,,,,,98221,Oak Harbor,Anacortes
2552,2606,2606,2020,183,EA41186,44.0,2020-06-13,12:20,13,6,,71,Walla Walla,0,1,,1,1,4,1,0,3,1,15:33,15:47,18:00,1,0,0,4.5,1,0,1,6,1,2,4,0,0,0,0,CR-BYRNES RD,,-118.7679556,46.056869444,0,1,98,9,1,50,96,0,0,1,5,1,2,1,8,1,14,3,2,53,0,98,734,2010,0,,1,,,,,,1,1,14,2,0.0,,0,0,3,0,11,0,,,,,0.0,0.0,0.0,1.0,1,0,,,,96,,,,,,0,,,,,,99320,53,,999.0,0.0,0.0,99.0,99.0,99.0,99.0,,97,,,,,,0,,,20,9,0,0,8.0,9,8,,,0,,,8,8,0.0,0.0,,,0.0,,,0,0,996.0,,,,,,,,,,,,,,,,,,,,,,,,,,,,,,0,0,0,0,0,0,0,0,0,0,0,0,0,1,0,0,0,0,0,0,0,0,0,0,0,0,0,0,0,0,0,0,0,0,0,,0,0,0,0,0,0,0,0,0,0,0,1,0,0,0,0,,,,,,10-15,0-15,County road,R,Saturday,,OTHVT,Not Fatal,0,1,0,0,County Road,County Sheriff,Walla Walla County Sheriff's Office,1,0,1,0,0,,,,,,99.0,99.0,99.0,,,,,,,,,,,0.0,0.0,0.0,0.0,,,,,17.0,7.0,,,,,,,,1.0,0.0,,,BYRNES RD,4.459,,,99360,Benton City,Touchet
2553,2607,2607,2020,184,EA41234,4.0,2020-06-13,2:50,13,6,,1,Adams,0,2,,2,2,2,1,0,1,1,,,,58,0,0,27.1,1,0,1,3,1,1,3,0,0,0,0,SR-17,,-119.1443778,46.898941667,0,1,1,13,2,60,34,0,0,1,2,1,1,1,2,1,1,1,1,53,0,20,481,2008,0,,63,58.0,67.0,58.0,1.0,,1,1,46,1,7.0,,4,7,20,7,11,0,06/13/2020,2:50,53027763.0,27763.0,0.0,0.0,3.0,2.0,1,0,,,,96,,,,,,9,,,,,,98251,53,74.0,260.0,1.0,1.0,0.0,3.0,0.0,0.0,,0,,,,,,4,08/15/2016,05/15/2018,20,1,9,0,9.0,1,8,,,0,,,8,1,2.0,1.0,,,1.0,,,2,1,0.17,,,,,,,,,,,,,,,,,,,,,,,,,,,,,,0,0,1,0,1,1,0,1,0,0,0,0,1,1,0,0,0,0,0,1,0,0,0,0,0,0,0,0,0,1,0,0,0,1,0,,1,0,0,0,0,1,0,1,0,1,0,1,0,1,0,1,,,,,,46-50,46-55,State route,R,Saturday,Not Used,PV,White,0,1,0,0,State Route,State Patrol,Washington State Patrol,1,1,0,0,0,,,,,,0.0,0.0,2.0,,,,,,,,,,,98.0,98.0,98.0,1.0,,,,,20.0,7.0,,,,,,,,1.0,0.0,,,,,,,99344,Gold Bar,Othello
2554,2608,2608,2020,185,EA41583,4.0,2020-06-18,22:05,18,6,,63,Spokane,0,1,,2,1,2,1,0,3,2,22:12,22:24,23:11,12,0,2,79.8,1,0,1,5,1,1,3,0,0,0,0,SR-27,,-117.2136667,47.547994444,0,1,50,10,2,55,34,0,0,1,2,12,1,2,2,1,6,1,3,53,0,20,481,2006,0,,68,12.0,63.0,24.0,,,1,1,37,1,0.0,,0,0,3,0,11,0,,,,,0.0,0.0,0.0,3.0,1,33,,,,96,,,,,,9,,,,,,99012,53,67.0,150.0,6.0,1.0,1.0,3.0,2.0,2.0,,1,53.0,,,,,0,09/15/2015,10/15/2018,1,0,0,0,8.0,1,8,,,0,,,8,1,2.0,695.0,605.0,,1.0,1.0,,2,1,0.21,,,,,,,,,,,,,,,,,,,,,,,,,,,,,,0,0,0,0,1,1,1,1,1,0,0,0,0,0,0,0,0,0,0,0,0,0,0,0,0,1,1,0,0,1,0,0,0,0,0,,0,0,0,0,0,1,1,1,0,0,0,0,0,0,0,1,,,,,,36-40,36-45,State route,R,Thursday,Belt Used,PV,Not Fatal,0,1,1,0,State Route,State Patrol,Washington State Patrol,0,1,0,0,0,thc,6.6,carboxy-thc,69.0,,0.0,1.0,3.0,,,,,,,,,,,98.0,98.0,98.0,0.0,,,,,20.0,7.0,,,,,,,,1.0,0.0,,,,,,,99023,Fairfield,Mica
2555,2609,2609,2020,185,EA41583,4.0,2020-06-18,22:05,18,6,,63,Spokane,0,1,,2,1,2,1,0,3,2,22:12,22:24,23:11,12,0,2,79.8,1,0,1,5,1,1,3,0,0,0,0,SR-27,,-117.2136667,47.547994444,0,2,51,62,4,55,4,0,0,1,2,12,1,2,2,1,1,2,1,53,0,12,17,1996,0,,12,,,,,,1,1,72,1,0.0,,1,0,3,0,11,5,,,,,0.0,0.0,3.0,3.0,1,0,,,,96,,,,,,0,,,,,,99206,53,68.0,180.0,6.0,1.0,0.0,0.0,0.0,0.0,,0,,,,,,0,,,1,0,0,0,8.0,9,8,,,0,,,8,8,0.0,0.0,,,0.0,,,0,0,996.0,,,,,,,,,,,,,,,,,,,,,,,,,,,,,,0,0,0,0,1,1,1,1,1,0,0,0,0,0,0,0,0,0,0,0,0,0,0,0,0,1,1,0,0,1,0,0,0,0,0,,0,0,0,0,0,0,0,0,0,0,0,0,0,0,0,0,,,,,,71-75,66-75,State route,R,Thursday,Belt Used,PV,Not Fatal,0,1,1,0,State Route,State Patrol,Washington State Patrol,0,1,0,0,0,,,,,,0.0,0.0,0.0,,,,,,,,,,,0.0,0.0,0.0,0.0,,,,,20.0,7.0,,,,,,,,1.0,0.0,,,,,,,99023,Spokane,Mica
2556,2610,2610,2020,186,EA41787,40.0,2020-06-19,1:05,19,6,,63,Spokane,0,1,,2,1,2,1,0,1,1,,,,32,0,0,5.6,1,0,1,5,1,2,4,0,0,0,0,CR-S WELLS RD,,-117.4919333,47.333544444,0,1,1,13,2,98,4,0,0,1,2,1,3,2,2,1,14,1,1,53,0,10,41,1996,0,,63,32.0,1.0,,,,1,1,90,1,7.0,,4,7,20,7,11,0,06/19/2020,1:34,53028759.0,28759.0,0.0,0.0,0.0,3.0,1,0,,,,96,,,,,,0,,,,,,99149,53,67.0,160.0,6.0,1.0,0.0,0.0,0.0,0.0,,0,,,,,,0,,,1,1,9,0,0.0,9,8,,,0,,,8,8,2.0,1.0,,,1.0,,,2,1,0.25,,,,,,,,,,,,,,,,,,,,,,,,,,,,,,0,0,1,0,1,1,0,1,0,0,0,0,0,0,0,0,0,0,0,1,0,0,0,0,0,1,1,1,0,1,0,0,0,1,0,,1,0,0,0,0,1,0,1,0,0,0,0,0,1,0,1,,,,,,81+,76+,County road,R,Friday,Not Used,PV,White,0,1,0,0,County Road,County Sheriff,Spokane County Sheriff's Office,1,0,1,0,0,,,,,,0.0,0.0,0.0,,,,,,,,,,,0.0,0.0,0.0,1.0,,,,,20.0,7.0,,,,,,,,1.0,0.0,,,WELLS RD,5.55,,,99004,Malden,Cheney
2557,2611,2611,2020,187,EA41882,2.0,2020-06-20,4:55,20,6,,57,Skagit,0,10,,2,2,2,1,0,2,2,4:53,5:01,5:50,12,0,2,41.7,1,0,1,3,1,1,3,0,0,0,0,SR-20,,-122.6459056,48.409427778,1,1,50,10,2,30,4,0,0,1,2,12,2,1,2,1,14,1,1,53,0,30,40,2001,0,,68,12.0,,,,,1,1,28,1,7.0,,4,7,20,7,11,0,06/20/2020,4:55,53030877.0,30877.0,0.0,0.0,3.0,3.0,1,0,,,,96,,,,,,9,,,,,,98277,53,70.0,165.0,6.0,1.0,1.0,1.0,2.0,2.0,,0,,,,,,3,01/15/2016,10/15/2018,20,0,0,0,0.0,1,8,,,0,,,1,1,2.0,401.0,417.0,695.0,1.0,1.0,1.0,2,1,0.027,,,,,,,,,,,,,,,,,,,,,,,,,,,,,,0,0,0,0,1,0,1,1,1,0,0,0,1,0,0,0,0,0,0,1,0,1,1,0,1,0,0,0,0,1,0,0,0,1,0,,1,0,0,0,1,0,1,1,0,1,0,0,0,0,0,1,,,,,,26-30,26-35,State route,R,Saturday,Not Used,PV,Black,0,1,1,0,State Route,State Patrol,Washington State Patrol,0,1,0,0,0,thc,1.1,carboxy-thc,5.5,,0.0,0.0,1.0,1.0,,,,,605.0,,,,,98.0,98.0,98.0,2.0,,,,,20.0,7.0,,,,,,,nms,1.0,0.0,,,,,,,98221,Oak Harbor,Anacortes
2558,2612,2612,2020,187,EA41882,2.0,2020-06-20,4:55,20,6,,57,Skagit,0,10,,2,2,2,1,0,2,2,4:53,5:01,5:50,12,0,2,41.7,1,0,1,3,1,1,3,0,0,0,0,SR-20,,-122.6459056,48.409427778,1,2,51,62,4,30,4,0,0,1,2,12,1,1,2,1,1,1,2,53,0,54,36,1999,0,,12,,,,,,1,1,19,1,0.0,,1,0,3,0,11,5,,,,,0.0,0.0,0.0,3.0,1,0,,,,96,,,,,,0,,,,,,98221,53,71.0,160.0,6.0,1.0,0.0,2.0,1.0,0.0,,0,,,,,,0,11/15/2019,07/15/2019,1,0,0,0,8.0,3,2,,,0,,,8,8,0.0,0.0,,,0.0,,,0,0,996.0,,,,,,,,,,,,,,,,,,,,,,,,,,,,,,0,0,0,0,1,0,1,1,1,0,0,0,1,0,0,0,0,0,0,1,0,1,1,0,1,0,0,0,0,1,0,0,0,0,0,,0,0,0,0,0,0,0,0,0,0,0,0,0,0,0,0,,,,,,18-20,16-25,State route,R,Saturday,Belt Used,PV,Not Fatal,0,1,1,0,State Route,State Patrol,Washington State Patrol,0,1,0,0,0,,,,,,0.0,0.0,0.0,,,,,,,,,,,0.0,0.0,0.0,0.0,,,,,20.0,7.0,,,,,,,,1.0,0.0,,,,,,,98221,Anacortes,Anacortes
2559,2613,2613,2020,188,EA42064,2.0,2020-06-18,14:24,18,6,,73,Whatcom,0,1,,1,1,2,1,1,1,1,12:25,12:34,,9,0,0,5.2,3,0,2,5,1,2,4,0,3,0,0,CR-SLATER RD,FERNDALE RD,-122.59555,48.819197222,0,1,13,83,5,50,4,0,0,1,2,9,1,1,2,1,1,1,1,53,0,37,32,2009,0,,9,,,,,,1,1,70,2,0.0,,0,0,3,0,11,0,,,,,0.0,0.0,3.0,3.0,1,0,,,,96,,,,,,0,,,,,,98248,53,66.0,150.0,6.0,1.0,0.0,0.0,0.0,0.0,,0,,,,,,0,,,20,0,0,0,8.0,3,2,,,0,,,8,8,0.0,0.0,,,0.0,,,0,0,996.0,,,,,,,,,,,,,,,,,,,,,,,,,,,,,,0,0,0,1,0,0,0,0,0,0,0,0,0,0,0,0,0,1,0,0,0,0,0,0,0,1,1,0,0,1,0,0,1,0,0,,0,0,0,0,0,0,0,0,0,0,0,0,0,0,0,0,,,,,,66-70,66-75,County road,R,Thursday,Belt Used,PV,Not Fatal,1,0,0,0,County Road,State Patrol,Washington State Patrol,0,0,1,0,0,,,,,,0.0,0.0,0.0,,,,,,,,,,,98.0,98.0,98.0,0.0,,,,,20.0,7.0,,,,,,,,1.0,0.0,,,SLATER RD,5.16,FERNDALE RD,1.89,98248,Ferndale,Ferndale
2560,2614,2614,2020,189,EA42062,160.0,2020-06-21,15:11,21,6,,33,King,1030,1,,1,1,2,1,0,1,1,,,,1,0,0,0.0,3,0,2,7,2,4,6,0,0,20,3,144TH AVE SE,SE 259th Pl,-122.14955,47.368813889,0,1,98,9,1,25,80,0,0,1,2,1,4,1,2,1,6,1,2,53,0,73,703,2011,0,,68,1.0,64.0,42.0,,,1,1,36,1,7.0,,4,7,20,7,11,0,06/21/2020,15:11,103053028688.0,28688.0,0.0,0.0,0.0,0.0,1,8,,,,96,,,,,,98,,,,,,98188,53,71.0,190.0,0.0,0.0,0.0,2.0,2.0,0.0,,0,,,,,,4,05/15/2017,06/15/2018,20,8,0,0,0.0,9,8,,,0,,,8,8,2.0,996.0,401.0,417.0,1.0,1.0,1.0,2,1,0.0,,,,,,,,,,,,,,,,,,,,,,,,,,,,,,0,0,0,1,0,0,1,1,0,0,0,0,1,1,1,0,0,0,0,0,0,0,0,0,0,0,0,0,1,0,0,0,0,0,1,0.0,0,0,0,0,0,0,1,1,0,1,0,1,0,0,1,0,,,,,,36-40,36-45,City street,U,Sunday,,MC,White,1,0,0,0,City Street,Municipal/City Police,Kent Police Department,0,0,0,1,0,,,,,,0.0,0.0,6.0,,,,,,,,,,,0.0,0.0,0.0,1.0,,,,,5.0,0.0,,,,,,,,1.0,0.0,,,,,,,98042,Seattle,Kent
2561,2615,2615,2020,190,EA42263,8.0,2020-06-10,21:19,10,6,,45,Mason,0,1,,5,1,2,1,0,1,1,,,,42,0,0,318.8,1,0,1,3,1,1,2,0,0,0,0,US-101,,-123.0433806,47.547680556,0,1,1,13,2,50,6,0,0,1,2,42,1,1,2,1,1,1,2,53,0,48,38,2015,0,,63,42.0,,,,,1,1,43,1,7.0,,4,7,20,7,11,0,06/10/2020,21:19,53026951.0,26951.0,0.0,0.0,3.0,2.0,1,0,,,,96,,,,,,98,,,,,,98320,53,72.0,260.0,1.0,1.0,2.0,1.0,0.0,4.0,,0,,,,,,0,12/15/2016,06/15/2019,8,0,0,0,0.0,1,1,,,0,,,1,0,2.0,401.0,417.0,,1.0,1.0,,2,1,0.0,,,,,,,,,,,,,,,,,,,,,,,,,,,,,,0,0,1,0,0,0,1,1,0,0,0,0,0,1,0,0,0,0,0,1,0,0,0,0,0,0,0,0,0,1,0,0,0,1,0,,1,0,0,0,0,0,1,1,0,0,0,1,0,0,1,0,,,,,,41-45,36-45,US highway,R,Wednesday,Not Used,PV,White,0,1,0,0,State Route,State Patrol,Washington State Patrol,1,1,0,0,0,,,,,,0.0,0.0,11.0,,,,,,,,,,,98.0,98.0,98.0,1.0,,,,,20.0,7.0,,,,,,,,1.0,0.0,,,,,,,98555,Brinnon,Lilliwaup
2562,2616,2616,2020,191,3841215,278.0,2020-05-11,6:39,11,5,,63,Spokane,0,1,,1,1,2,1,0,3,3,6:42,6:51,7:28,12,0,2,2.7,1,0,1,5,1,2,4,0,0,0,0,CR-N ARGONNE RD,,-117.2865806,47.724783333,0,1,50,10,2,45,34,0,0,1,2,12,1,1,2,1,6,1,2,53,0,12,481,2003,0,,68,12.0,12.0,1.0,,,1,1,29,1,0.0,,3,0,99,7,11,5,,,,,0.0,0.0,0.0,2.0,1,33,,,,96,,,,,,98,,,,,,99016,53,70.0,190.0,1.0,1.0,0.0,0.0,0.0,1.0,,97,,,,,,0,11/15/2016,11/15/2016,20,0,0,0,8.0,9,8,,,0,,,8,8,2.0,401.0,417.0,,1.0,1.0,,2,1,0.0,,,,,,,,,,,,,,,,,,,,,,,,,,,,,,0,0,0,0,0,0,1,1,0,0,0,0,0,1,0,0,0,0,0,0,0,0,0,0,0,0,0,0,0,1,0,0,0,0,0,,0,0,0,0,0,0,1,1,0,0,0,1,0,0,1,0,,,,,,26-30,26-35,County road,R,Monday,Unknown,PV,Not Fatal,0,1,1,0,County Road,County Sheriff,Spokane County Sheriff's Office,0,0,1,0,0,,,,,,0.0,0.0,1.0,,,,,,,,,,,98.0,98.0,98.0,0.0,,,,,20.0,7.0,,,,,,,,1.0,0.0,,,ARGONNE RD,2.7,,,99217,Greenacres,Spokane
2563,2617,2617,2020,191,3841215,278.0,2020-05-11,6:39,11,5,,63,Spokane,0,1,,1,1,2,1,0,3,3,6:42,6:51,7:28,12,0,2,2.7,1,0,1,5,1,2,4,0,0,0,0,CR-N ARGONNE RD,,-117.2865806,47.724783333,0,2,51,62,4,45,4,0,0,1,2,12,1,1,2,1,1,1,2,53,0,37,31,1991,0,,12,,,,,,1,1,44,1,7.0,,4,7,3,0,11,0,05/11/2020,6:39,53023135.0,23135.0,0.0,0.0,0.0,3.0,1,0,,,,96,,,,,,0,,,,,,99212,53,69.0,200.0,6.0,1.0,0.0,1.0,1.0,0.0,,0,,,,,,0,02/15/2020,02/15/2020,20,0,0,0,0.0,9,8,,,0,,,8,8,2.0,124.0,996.0,,1.0,1.0,,2,1,0.0,,,,,,,,,,,,,,,,,,,,,,,,,,,,,,0,0,0,0,0,0,1,1,0,0,0,0,0,1,0,0,0,0,0,0,0,0,0,0,0,0,0,0,0,1,0,0,0,0,0,,1,0,0,0,0,0,1,1,0,0,0,0,0,0,1,0,,,,,,41-45,36-45,County road,R,Monday,Belt Used,PV,White,0,1,1,0,County Road,County Sheriff,Spokane County Sheriff's Office,0,0,1,0,0,,,,,,0.0,0.0,0.0,,,,,,,,,,,0.0,0.0,0.0,1.0,,,,,20.0,7.0,,,,,,,,1.0,0.0,,,ARGONNE RD,2.7,,,99217,Spokane,Spokane
2564,2618,2618,2020,191,3841215,278.0,2020-05-11,6:39,11,5,,63,Spokane,0,1,,1,1,2,1,0,3,3,6:42,6:51,7:28,12,0,2,2.7,1,0,1,5,1,2,4,0,0,0,0,CR-N ARGONNE RD,,-117.2865806,47.724783333,0,3,98,62,4,45,34,0,0,1,2,12,1,1,2,1,1,1,1,16,0,23,481,1988,0,,12,,,,,,1,1,33,1,0.0,,0,0,3,0,11,0,,,,,0.0,0.0,0.0,0.0,1,0,,,,96,,,,,,0,,,,,,83854,16,69.0,210.0,0.0,0.0,0.0,0.0,0.0,0.0,,0,,,,,,0,,,20,0,0,0,8.0,9,8,,,0,,,8,8,8.0,95.0,,,96.0,,,8,95,995.0,,,,,,,,,,,,,,,,,,,,,,,,,,,,,,0,0,0,0,0,0,1,1,0,0,0,0,0,1,0,0,0,0,0,0,0,0,0,0,0,0,0,0,0,1,0,0,0,0,0,,0,0,0,0,0,0,0,0,0,0,0,1,0,0,0,0,,,,,,31-35,26-35,County road,R,Monday,Belt Used,PV,Not Fatal,0,1,1,0,County Road,County Sheriff,Spokane County Sheriff's Office,0,0,1,0,0,,,,,,0.0,0.0,0.0,,,,,,,,,,,0.0,0.0,0.0,0.0,,,,,20.0,7.0,,,,,,,,1.0,0.0,,,ARGONNE RD,2.7,,,99217,Post Falls,Spokane
2565,2619,2619,2020,192,EA16344,146.0,2020-02-14,19:09,14,2,,77,Yakima,0,1,,2,1,2,1,0,4,2,19:12,19:23,20:09,12,0,2,6.9,1,0,1,5,1,2,4,0,0,0,0,CR-YAKIMA VALLEY HWY,,-120.3498306,46.450441667,0,1,50,10,2,55,4,0,0,1,2,12,2,1,2,1,14,2,1,53,0,22,20,2004,0,,68,12.0,,,,,1,1,22,1,0.0,,3,0,3,0,11,5,,,,,0.0,0.0,0.0,3.0,1,28,91.0,,,96,,,,,,9,,,,,,98591,53,71.0,145.0,6.0,1.0,0.0,0.0,1.0,0.0,,1,,,,,,0,03/15/2018,03/15/2018,8,0,0,0,8.0,3,2,,,0,,,1,1,2.0,348.0,,,1.0,,,2,1,0.078,,,,,,,,,,,,,,,,,,,,,,,,,,,,,,0,0,0,0,1,0,1,1,1,0,0,0,0,1,0,0,0,0,0,1,0,0,0,1,1,0,0,0,0,1,0,0,0,0,0,,0,0,0,0,1,0,1,1,0,0,0,0,0,0,0,1,,,,,,21-25,16-25,County road,R,Friday,Belt Used,PV,Not Fatal,0,1,1,0,County Road,County Sheriff,Yakima County Sheriff's Office,0,0,1,0,0,,,,,,0.0,0.0,0.0,,,,,,,,,,,98.0,98.0,98.0,0.0,,,,,20.0,7.0,,,,,,,,0.0,0.0,,,YAKIMA VALLEY HIGHWAY,6.87,,,98951,Toledo,Wapato
2566,2620,2620,2020,192,EA16344,146.0,2020-02-14,19:09,14,2,,77,Yakima,0,1,,2,1,2,1,0,4,2,19:12,19:23,20:09,12,0,2,6.9,1,0,1,5,1,2,4,0,0,0,0,CR-YAKIMA VALLEY HWY,,-120.3498306,46.450441667,0,2,51,62,4,55,4,0,0,1,2,12,3,1,2,1,14,2,1,53,0,37,32,1999,0,,12,,,,,,1,1,22,1,1.0,,4,7,20,7,11,0,02/14/2020,19:09,53007275.0,7275.0,0.0,0.0,0.0,2.0,1,0,,,,96,,,,,,0,,,,,,98951,53,66.0,173.0,1.0,1.0,0.0,2.0,0.0,2.0,,0,,,,,,0,01/15/2015,11/15/2019,8,0,0,0,0.0,9,8,,,0,,,8,8,2.0,695.0,605.0,,1.0,1.0,,2,1,0.0,,,,,,,,,,,,,,,,,,,,,,,,,,,,,,0,0,0,0,1,0,1,1,1,0,0,0,0,1,0,0,0,0,0,1,0,0,0,1,1,0,0,0,0,1,0,0,0,1,0,,1,0,0,0,0,0,1,1,0,0,0,1,0,0,1,0,,,,,,21-25,16-25,County road,R,Friday,Not Used,PV,Hispanic,0,1,1,0,County Road,County Sheriff,Yakima County Sheriff's Office,0,0,1,0,0,thc,0.97,carboxy-thc,12.0,,0.0,0.0,4.0,,,,,,,,,,,0.0,0.0,0.0,3.0,,,,,20.0,7.0,,,,,,,nms,0.0,0.0,,,YAKIMA VALLEY HIGHWAY,6.87,,,98951,Wapato,Wapato