,index,Unnamed: 0,year,case,par,repjur,crash_dt,crash_tm,accday,accmon,holiday,county,co_char,city,weather,weather2,lightcond,surfcond,surftype,numfatal,nmforms,pforms,vforms,not_tm,arr_tm,hosp_tm,fhevent,hitrun,manncol,milepnt,reljunc,reljuncinter,intersectiontype,funcsystem,landuse,ownership,route,schlbus,spejur,contdev,devfunc,trafid1,trafid2,lon,lat,wk_zone,vnumber,crashtype,criticalevent,criticaleventcat,spdlim,body,trailer,emerg,hazcargo,leave,mhevent,roadalgn,roadprof,traflane,trafflow,vehmanvr,numoccs,regowner,regstate,spuse,make,model,modelyr,vrf1,vrf2,seqevent1,seqevent2,seqevent3,seqevent4,seqevent5,seqevent6,pnumber,ptype,age,sex,hispanic,race,injury,diedscene,restraint,restraintmisuse,seatpos,takehosp,death_dt,death_tm,cert,cernum_wa,commlic,licendor,licrestrict,liccomp,drivpres,drf1,drf2,drf3,drf4,distract1,distract2,distract3,distract4,distract5,distract6,dricond1,dricond2,dricond3,dricond4,dricond5,dricond6,dzip,licstate,drhgt_in,weight,noncdl,noncdltype,prevdwi,prevoth,prevacc,prevspd,prevsus,driviol1,driviol2,driviol3,driviol4,driviol5,driviol6,spdrel,first_dt,last_dt,airbag,ejection,ejectpath,extricat,injurwrk,methalc,methdrug,nmlocat,strikveh,prf1,prf2,prf3,druginv,alcinvol,drugsts,drugres1,drugres2,drugres3,drugtst1,drugtst2,drugtst3,alcsts,alctst,alcres,nmact1,nmact2,nmact3,nmact4,nmact5,nmact6,nmprior1,nmprior2,nmprior3,nmprior4,nmprior5,nmprior6,nmcond1,nmcond2,nmcond3,nmcond4,nmcond5,nmcond6,nmsafe_helmet,nmsafe_pads,nmsafe_oth,nmprev_ref,nmprev_lgt,nmprev_oth,crashlocation,nmcrashtype,crosswalk,schoolzone,sidewalk,train_inv,wildlife_inv,rotr_fars,intersect_fars,dd_inv,aid_inv,dpd_inv,id_inv,mj_inv,impnm_inv,ainm_inv,dpnm_inv,speed_inv,unlic_inv,unendmc_inv,drowsy_inv,drdist_inv,nmdist_inv,fty_inv,unrestfat_inv,dr1617_inv,dr1820_inv,dr1620_inv,dr2125_inv,dr1625_inv,dr65_inv,dr70_inv,dr75_inv,mc_inv,pv_inv,ht_inv,ped_inv,bike_inv,unrest_fat,mc_fat,unhelmet_mc,pv_fat,ht_fat,ped_fat,bike_fat,dr_alc7,dr_alc8,dr_drug,dr_imp,dr_dist,dr_spd,dr_fty,dr_unlic,dr_alc7only,dr_alc8only,dr_drugonly,dr_drink,nm_imp,nm_alc7,nm_alc8,nm_drug,nm_dist,agegrp1,agegrp2,roadclass,urbrur,dayweek,restuse,vehtype,race_me,intersect,lanedep,oppdir,wrongway,rep_typ,investag,repag_long,rotr,st_rd,cty_rd,city_rd,oth_rd,drug_thc,thc_res,drug_cthc,cthc_res,drug_cann,prevpersemin,prevperse,prevsusoth,drugtst4,drugtst5,drugtst6,drugtst7,drugtst8,drugres4,drugres5,drugres6,drugres7,drugres8,adspresent,adsengaged,adslevel,race1,race2,race3,race4,race5,helmet,helmetmisuse,nmdistract1,nmdistract2,nmdistract3,nmdistract4,nmdistract5,nmdistract6,lab,isedtcase,crf1,crf2,crf3,CoRoadName,CoMP,IntCoRoadName,IntCoMP,crashzip,dcity,crashcity
2567,2621,2621,2020,193,EA16566,297.0,2020-02-08,11:40,8,2,,33,King,2310,10,,1,2,2,1,0,2,1,11:48,12:01,12:23,1,0,0,0.0,3,0,2,3,2,4,6,0,0,0,0,E MARGINAL WAY S,S 86TH PL,-122.3031806,47.526766667,0,1,98,8,1,35,80,0,0,1,2,1,1,1,5,1,3,2,1,53,0,72,706,2006,0,,1,,,,,,1,1,62,1,7.0,,4,0,20,7,11,5,02/19/2020,9:53,196053008097.0,8097.0,0.0,0.0,3.0,3.0,1,6,,,,96,,,,,,98,,,,,,98338,53,73.0,260.0,6.0,1.0,0.0,1.0,2.0,0.0,,0,,,,,,0,03/15/2017,07/15/2019,20,8,0,0,0.0,9,8,,,0,,,8,8,2.0,1.0,,,1.0,,,2,1,0.0,,,,,,,,,,,,,,,,,,,,,,,,,,,,,,0,0,0,1,0,0,0,0,0,0,0,0,0,0,0,0,0,0,0,0,0,0,0,0,0,0,0,0,1,0,0,0,0,0,1,1.0,0,0,0,0,0,0,0,0,0,0,0,0,0,0,0,0,,,,,,61-65,56-65,City street,U,Saturday,,MC,White,0,0,0,0,City Street,Municipal/City Police,Tukwila Police Department,0,0,0,1,0,,,,,,0.0,0.0,0.0,,,,,,,,,,,0.0,0.0,0.0,1.0,,,,,16.0,0.0,,,,,,,,0.0,0.0,,,,,,,98108,Graham,Seattle
2568,2622,2622,2020,194,EA42685,2.0,2020-06-23,6:42,23,6,,57,Skagit,0,1,,1,1,2,1,0,1,1,6:42,7:04,7:54,43,0,0,48.2,1,0,1,4,1,1,3,0,0,0,0,SR-530,,-121.5890944,48.458216667,0,1,6,12,2,50,14,0,0,1,2,43,1,1,2,1,1,1,1,53,0,12,401,1992,0,,68,64.0,43.0,42.0,,,1,1,74,1,7.0,,4,0,99,7,11,5,06/26/2020,1:05,69053029350.0,29350.0,0.0,0.0,0.0,3.0,1,0,,,,0,,,,,,1,,,,,,98012,53,71.0,210.0,6.0,1.0,0.0,0.0,0.0,0.0,,0,,,,,,0,,,20,0,0,0,0.0,9,8,,,0,,,8,8,8.0,95.0,,,96.0,,,8,95,995.0,,,,,,,,,,,,,,,,,,,,,,,,,,,,,,0,0,1,0,0,0,0,0,0,0,0,0,0,0,0,0,0,0,0,0,0,0,0,0,0,1,1,0,0,1,0,0,0,0,0,,1,0,0,0,0,0,0,0,0,0,0,0,0,0,0,0,,,,,,71-75,66-75,State route,R,Tuesday,Unknown,PV,White,0,1,0,0,State Route,State Patrol,Washington State Patrol,1,1,0,0,0,,,,,,0.0,0.0,0.0,,,,,,,,,,,0.0,0.0,0.0,1.0,,,,,20.0,7.0,,,,,,,,1.0,0.0,,,,,,,98237,Bothell,Concrete
2569,2623,2623,2020,195,EA42741,278.0,2020-06-25,13:26,25,6,,63,Spokane,2110,1,,1,1,2,2,0,7,5,13:49,13:58,14:17,12,0,6,273.1,2,0,2,3,2,1,2,0,0,20,3,US-2,SPOTTED,-117.5183417,47.643105556,0,1,82,17,2,45,2,0,0,1,2,12,1,1,2,1,11,2,1,53,0,49,44,2000,0,,12,12.0,,,,,1,1,81,1,7.0,,4,0,3,0,11,5,07/06/2020,2:00,196053033373.0,33373.0,0.0,0.0,0.0,3.0,1,39,,,,96,,,,,,98,,,,,,99224,53,73.0,240.0,6.0,1.0,0.0,0.0,0.0,0.0,,0,,,,,,0,,,8,0,0,0,0.0,9,8,,,0,,,8,8,0.0,0.0,,,0.0,,,0,0,996.0,,,,,,,,,,,,,,,,,,,,,,,,,,,,,,0,0,0,1,0,0,0,0,0,0,0,0,0,0,0,0,0,0,0,0,0,0,0,1,1,1,1,1,0,1,0,0,0,0,0,,1,0,0,0,0,0,0,0,0,0,0,0,0,0,0,0,,,,,,81+,76+,US highway,U,Thursday,Belt Used,PV,White,1,0,0,0,State Route,Municipal/City Police,Spokane Police Department,0,1,0,0,0,,,,,,0.0,0.0,0.0,,,,,,,,,,,98.0,98.0,98.0,1.0,,,,,20.0,7.0,,,,,,,,1.0,0.0,,,,,,,99224,Spokane,Spokane
2570,2624,2624,2020,195,EA42741,278.0,2020-06-25,13:26,25,6,,63,Spokane,2110,1,,1,1,2,2,0,7,5,13:49,13:58,14:17,12,0,6,273.1,2,0,2,3,2,1,2,0,0,0,0,US-2,SPOTTED,-117.5183417,47.643105556,0,2,83,67,4,55,4,0,0,1,2,12,1,1,5,5,1,2,1,53,0,49,40,2009,0,,12,12.0,,,,,1,1,24,2,0.0,,2,0,3,0,11,8,,,,,0.0,0.0,3.0,3.0,1,0,,,,96,,,,,,0,,,,,,98841,53,66.0,135.0,6.0,1.0,0.0,0.0,0.0,0.0,,0,,,,,,0,,,8,0,0,0,8.0,9,8,,,0,,,8,8,0.0,0.0,,,0.0,,,0,0,996.0,,,,,,,,,,,,,,,,,,,,,,,,,,,,,,0,0,0,1,0,0,0,0,0,0,0,0,0,0,0,0,0,0,0,0,0,0,0,1,1,1,1,1,0,1,0,0,0,0,0,,0,0,0,0,0,0,0,0,0,0,0,0,0,0,0,0,,,,,,21-25,16-25,US highway,U,Thursday,Belt Used,PV,Not Fatal,1,0,0,0,State Route,Municipal/City Police,Spokane Police Department,0,1,0,0,0,,,,,,0.0,0.0,0.0,,,,,,,,,,,98.0,98.0,98.0,0.0,,,,,20.0,7.0,,,,,,,,1.0,0.0,,,,,,,99224,Omak,Spokane
2571,2625,2625,2020,195,EA42741,278.0,2020-06-25,13:26,25,6,,63,Spokane,2110,1,,1,1,2,2,0,7,5,13:49,13:58,14:17,12,0,6,273.1,2,0,2,3,2,1,2,0,0,0,0,US-2,SPOTTED,-117.5183417,47.643105556,0,3,98,98,7,55,34,0,0,1,2,12,1,1,5,1,1,1,1,53,0,7,482,2001,0,,12,12.0,,,,,1,1,62,1,0.0,,0,0,3,0,11,0,,,,,0.0,0.0,0.0,3.0,1,0,,,,96,,,,,,0,,,,,,99202,53,73.0,250.0,6.0,1.0,1.0,0.0,1.0,0.0,,0,,,,,,0,01/15/2016,01/15/2016,20,0,0,0,8.0,9,8,,,0,,,8,8,0.0,0.0,,,0.0,,,0,0,996.0,,,,,,,,,,,,,,,,,,,,,,,,,,,,,,0,0,0,1,0,0,0,0,0,0,0,0,0,0,0,0,0,0,0,0,0,0,0,1,1,1,1,1,0,1,0,0,0,0,0,,0,0,0,0,0,0,0,0,0,0,0,0,0,0,0,0,,,,,,61-65,56-65,US highway,U,Thursday,Belt Used,PV,Not Fatal,1,0,0,0,State Route,Municipal/City Police,Spokane Police Department,0,1,0,0,0,,,,,,0.0,0.0,1.0,,,,,,,,,,,98.0,98.0,98.0,0.0,,,,,20.0,7.0,,,,,,,,1.0,0.0,,,,,,,99224,Spokane,Spokane
2572,2626,2626,2020,195,EA42741,278.0,2020-06-25,13:26,25,6,,63,Spokane,2110,1,,1,1,2,2,0,7,5,13:49,13:58,14:17,12,0,6,273.1,2,0,2,3,2,1,2,0,0,0,0,US-2,SPOTTED,-117.5183417,47.643105556,0,4,98,98,7,55,4,0,0,1,5,12,1,1,5,1,1,1,2,53,0,6,51,2006,0,,12,,,,,,1,1,67,1,0.0,,0,0,3,0,11,0,,,,,0.0,0.0,0.0,3.0,1,0,,,,96,,,,,,0,,,,,,99212,53,73.0,250.0,6.0,1.0,0.0,0.0,0.0,0.0,,0,,,,,,0,,,20,0,0,0,8.0,9,8,,,0,,,8,8,0.0,0.0,,,0.0,,,0,0,996.0,,,,,,,,,,,,,,,,,,,,,,,,,,,,,,0,0,0,1,0,0,0,0,0,0,0,0,0,0,0,0,0,0,0,0,0,0,0,1,1,1,1,1,0,1,0,0,0,0,0,,0,0,0,0,0,0,0,0,0,0,0,0,0,0,0,0,,,,,,66-70,66-75,US highway,U,Thursday,Belt Used,PV,Not Fatal,1,0,0,0,State Route,Municipal/City Police,Spokane Police Department,0,1,0,0,0,,,,,,0.0,0.0,0.0,,,,,,,,,,,98.0,98.0,98.0,0.0,,,,,20.0,7.0,,,,,,,,1.0,0.0,,,,,,,99224,Spokane,Spokane
2573,2627,2627,2020,195,EA42741,278.0,2020-06-25,13:26,25,6,,63,Spokane,2110,1,,1,1,2,2,0,7,5,13:49,13:58,14:17,12,0,6,273.1,2,0,2,3,2,1,2,0,0,0,0,US-2,SPOTTED,-117.5183417,47.643105556,0,5,98,98,7,55,34,0,0,1,2,12,1,1,5,1,1,1,1,53,0,12,481,1994,0,,12,,,,,,1,1,29,1,0.0,,2,0,3,0,11,5,,,,,0.0,0.0,0.0,3.0,1,0,,,,96,,,,,,0,,,,,,7021,34,73.0,999.0,6.0,1.0,0.0,0.0,0.0,0.0,,0,,,,,,0,,,20,0,0,0,8.0,9,8,,,0,,,8,8,0.0,0.0,,,0.0,,,0,0,996.0,,,,,,,,,,,,,,,,,,,,,,,,,,,,,,0,0,0,1,0,0,0,0,0,0,0,0,0,0,0,0,0,0,0,0,0,0,0,1,1,1,1,1,0,1,0,0,0,0,0,,0,0,0,0,0,0,0,0,0,0,0,0,0,0,0,0,,,,,,26-30,26-35,US highway,U,Thursday,Belt Used,PV,Not Fatal,1,0,0,0,State Route,Municipal/City Police,Spokane Police Department,0,1,0,0,0,,,,,,0.0,0.0,0.0,,,,,,,,,,,0.0,0.0,0.0,0.0,,,,,20.0,7.0,,,,,,,,1.0,0.0,,,,,,,99224,Essex Fells,Spokane
2574,2628,2628,2020,196,EA42846,4.0,2020-06-16,6:23,16,6,,15,Cowlitz,0,2,,4,2,2,1,0,3,2,6:22,6:30,7:32,12,0,6,47.0,1,0,1,1,1,1,1,0,0,0,0,I-5,,-122.8856917,46.244791667,0,1,98,6,1,70,4,0,0,1,2,1,1,4,3,2,15,2,2,53,0,37,31,2010,0,,12,63.0,63.0,1.0,,,1,1,24,1,0.0,,2,0,99,7,11,5,,,,,0.0,0.0,0.0,0.0,1,91,,,,96,,,,,,9,,,,,,98660,53,69.0,199.0,0.0,0.0,0.0,0.0,0.0,0.0,,1,,,,,,4,,,8,0,0,0,8.0,3,2,,,0,,,1,8,2.0,695.0,605.0,,1.0,1.0,,2,1,0.0,,,,,,,,,,,,,,,,,,,,,,,,,,,,,,0,0,0,0,0,0,1,1,1,0,0,0,1,1,0,0,0,0,0,0,0,0,0,1,1,0,0,0,0,1,0,0,0,0,0,,0,0,0,0,0,0,1,1,0,1,0,1,0,0,1,0,,,,,,21-25,16-25,Interstate,R,Tuesday,Unknown,PV,Not Fatal,0,0,0,0,State Route,State Patrol,Washington State Patrol,0,1,0,0,0,thc,2.6,carboxy-thc,62.0,,0.0,0.0,0.0,,,,,,,,,,,98.0,98.0,98.0,0.0,,,,,20.0,7.0,,,,,,,,1.0,0.0,,,,,,,98611,Vancouver,Castle Rock
2575,2629,2629,2020,196,EA42846,4.0,2020-06-16,6:23,16,6,,15,Cowlitz,0,2,,4,2,2,1,0,3,2,6:22,6:30,7:32,12,0,6,47.0,1,0,1,1,1,1,1,0,0,0,0,I-5,,-122.8856917,46.244791667,0,2,98,60,4,70,4,0,0,1,5,12,1,4,3,2,1,1,1,53,0,30,40,2006,0,,12,,,,,,1,1,37,1,0.0,,0,0,3,0,11,0,,,,,6.0,0.0,3.0,3.0,1,0,,,,96,,,,,,0,,,,,,98532,53,68.0,165.0,6.0,1.0,0.0,2.0,0.0,2.0,,0,,,,,,0,12/15/2016,07/15/2019,20,0,0,0,8.0,3,2,,,0,,,8,8,0.0,0.0,,,0.0,,,0,0,996.0,,,,,,,,,,,,,,,,,,,,,,,,,,,,,,0,0,0,0,0,0,1,1,1,0,0,0,1,1,0,0,0,0,0,0,0,0,0,1,1,0,0,0,0,1,0,0,0,0,0,,0,0,0,0,0,0,0,0,0,0,0,0,0,0,0,0,,,,,,36-40,36-45,Interstate,R,Tuesday,Belt Used,PV,Not Fatal,0,0,0,0,State Route,State Patrol,Washington State Patrol,0,1,0,0,0,,,,,,0.0,0.0,1.0,,,,,,,,,,,98.0,98.0,98.0,0.0,,,,,20.0,7.0,,,,,,,,1.0,0.0,,,,,,,98611,Chehalis,Castle Rock
2576,2630,2630,2020,197,EA42879,21.0,2020-06-19,6:02,19,6,,25,Grant,0,1,,1,1,7,1,0,1,1,6:23,6:48,,1,0,0,4.9,1,0,1,6,1,2,4,0,0,0,0,CR-ROAD 9 NW,,-119.6641528,47.220358333,0,1,2,1,1,55,4,0,0,1,2,1,1,1,2,1,1,1,2,53,0,37,32,2003,0,,61,68.0,68.0,63.0,1.0,,1,1,22,1,1.0,,4,7,20,7,11,0,06/19/2020,6:02,53028503.0,28503.0,0.0,0.0,0.0,2.0,1,80,,,,96,,,,,,98,,,,,,98848,53,65.0,145.0,1.0,1.0,0.0,1.0,0.0,6.0,,0,,,,,,3,02/15/2016,09/15/2019,8,1,9,0,0.0,9,8,,,0,,,8,8,8.0,95.0,,,96.0,,,8,95,995.0,,,,,,,,,,,,,,,,,,,,,,,,,,,,,,0,0,0,0,0,0,0,0,0,0,0,0,1,1,0,0,0,0,0,1,0,0,0,1,1,0,0,0,0,1,0,0,0,1,0,,1,0,0,0,0,0,0,0,0,1,0,1,0,0,0,0,,,,,,21-25,16-25,County road,R,Friday,Not Used,PV,Hispanic,0,1,0,0,County Road,County Sheriff,Grant County Sheriff's Office,1,0,1,0,0,,,,,,0.0,0.0,5.0,,,,,,,,,,,98.0,98.0,98.0,1.0,,,,,20.0,7.0,,,,,,,,1.0,0.0,,,9 NW,4.89,,,98823,Quincy,Ephrata
2577,2631,2631,2020,198,EA43040,6.0,2020-06-12,18:34,12,6,,25,Grant,0,1,,1,1,2,1,0,3,2,,,,12,0,1,34.4,2,0,3,3,1,1,3,0,0,0,0,SR-17,RD 6 SE,-119.1256833,46.999030556,0,1,20,50,3,60,80,0,0,1,2,12,1,4,3,1,1,1,1,53,0,72,706,2011,0,,12,,,,,,1,1,58,1,7.0,,4,7,20,7,11,0,06/12/2020,18:34,53027663.0,27663.0,6.0,0.0,0.0,3.0,1,0,,,,96,,,,,,9,,,,,,98930,53,70.0,265.0,6.0,1.0,0.0,0.0,0.0,0.0,,0,,,,,,0,,,20,8,0,0,0.0,1,8,,,0,,,8,1,8.0,95.0,,,96.0,,,2,1,0.13,,,,,,,,,,,,,,,,,,,,,,,,,,,,,,0,0,0,1,1,1,0,1,0,0,0,0,0,0,0,0,0,0,0,0,0,0,0,1,1,0,0,0,1,1,0,0,0,0,1,0.0,0,0,0,0,0,1,0,1,0,0,0,0,0,1,0,1,,,,,,56-60,56-65,State route,R,Friday,,MC,White,1,0,0,0,State Route,State Patrol,Washington State Patrol,0,1,0,0,0,,,,,,0.0,0.0,0.0,,,,,,,,,,,0.0,0.0,0.0,1.0,,,,,5.0,0.0,,,,,,,,1.0,0.0,,,,,,,98857,Grandview,Warden
2578,2632,2632,2020,198,EA43040,6.0,2020-06-12,18:34,12,6,,25,Grant,0,1,,1,1,2,1,0,3,2,,,,12,0,1,34.4,2,0,3,3,1,1,3,0,0,0,0,SR-17,RD 6 SE,-119.1256833,46.999030556,0,2,21,53,3,60,4,0,0,1,2,12,1,4,3,1,5,2,2,53,0,37,32,1998,0,,12,,,,,,1,1,24,1,0.0,,0,0,3,0,11,0,,,,,0.0,0.0,0.0,3.0,1,0,,,,96,,,,,,0,,,,,,98837,53,68.0,140.0,6.0,1.0,0.0,0.0,0.0,0.0,,0,,,,,,0,,,20,0,0,0,8.0,9,8,,,0,,,8,8,8.0,95.0,,,96.0,,,8,95,995.0,,,,,,,,,,,,,,,,,,,,,,,,,,,,,,0,0,0,1,1,1,0,1,0,0,0,0,0,0,0,0,0,0,0,0,0,0,0,1,1,0,0,0,1,1,0,0,0,0,0,,0,0,0,0,0,0,0,0,0,0,0,0,0,0,0,0,,,,,,21-25,16-25,State route,R,Friday,Belt Used,PV,Not Fatal,1,0,0,0,State Route,State Patrol,Washington State Patrol,0,1,0,0,0,,,,,,0.0,0.0,0.0,,,,,,,,,,,0.0,0.0,0.0,0.0,,,,,20.0,7.0,,,,,,,,1.0,0.0,,,,,,,98857,Moses Lake,Warden
2579,2633,2633,2020,200,EA43049,31.0,2020-06-23,18:24,23,6,,45,Mason,0,1,,1,1,2,1,0,1,1,18:26,18:34,,1,0,0,3.9,1,0,1,5,1,2,4,0,0,0,0,CR-E GRAPEVIEW LOOP RD,,-122.8434917,47.325,0,1,7,13,2,35,34,0,0,1,5,1,3,1,2,1,14,1,1,53,0,20,481,2007,0,,63,69.0,68.0,64.0,1.0,38.0,1,1,50,1,7.0,,4,7,20,7,11,0,06/23/2020,18:24,53029223.0,29223.0,0.0,0.0,0.0,0.0,1,58,,,,96,,,,,,98,,,,,,98546,53,68.0,200.0,0.0,0.0,0.0,0.0,1.0,0.0,,0,,,,,,3,10/15/2016,10/15/2016,20,1,9,0,0.0,9,8,,,0,,,8,8,2.0,189.0,695.0,605.0,1.0,1.0,1.0,2,1,0.662,,,,,,,,,,,,,,,,,,,,,,,,,,,,,,0,0,0,0,1,1,1,1,1,0,0,0,1,1,0,0,0,0,0,1,0,0,0,0,0,0,0,0,0,1,0,0,0,1,0,,1,0,0,0,0,1,1,1,0,1,0,1,0,0,0,1,,,,,,46-50,46-55,County road,R,Tuesday,Not Used,PV,White,0,1,0,0,County Road,County Sheriff,Mason County Sheriff's Office,1,0,1,0,0,thc,0.8,carboxy-thc,7.9,,0.0,0.0,0.0,,,,,,,,,,,98.0,98.0,98.0,1.0,,,,,20.0,7.0,,,,,,,nms,1.0,0.0,,,GRAPEVIEW LOOP RD,3.879,,,98546,Grapeview,Grapeview
2580,2634,2634,2020,201,EA43136,8.0,2020-06-21,5:21,21,6,,9,Clallam,0,10,,4,2,2,1,0,1,1,5:21,5:48,,11,0,0,213.5,1,0,1,3,1,1,2,0,0,0,0,US-101,,-124.0624667,48.069333333,0,1,13,87,6,60,80,0,0,1,2,11,1,1,2,1,1,1,1,53,0,73,705,2017,0,,11,,,,,,1,1,62,1,7.0,,4,7,20,7,11,0,06/21/2020,5:21,53029049.0,29049.0,0.0,0.0,0.0,3.0,1,0,,,,96,,,,,,0,,,,,,98363,53,70.0,230.0,6.0,1.0,0.0,1.0,1.0,1.0,,0,,,,,,0,11/15/2017,11/15/2017,20,8,0,0,0.0,9,8,,,0,,,8,8,2.0,605.0,,,1.0,,,2,1,0.0,,,,,,,,,,,,,,,,,,,,,,,,,,,,,,0,1,0,0,0,0,1,1,1,0,0,0,0,0,0,0,0,0,0,0,0,0,0,0,0,0,0,0,1,0,0,0,0,0,1,0.0,0,0,0,0,0,0,1,1,0,0,0,0,0,0,1,0,,,,,,61-65,56-65,US highway,R,Sunday,,MC,White,0,0,0,0,State Route,State Patrol,Washington State Patrol,0,1,0,0,0,thc,3.1,,,,0.0,0.0,0.0,,,,,,,,,,,0.0,0.0,0.0,1.0,,,,,5.0,0.0,,,,,,,nms,1.0,0.0,,,,,,,98363,Port Angeles,Port Angeles
2581,2635,2635,2020,202,EA43590,35.0,2020-06-26,22:00,26,6,,53,Pierce,0,1,,5,1,5,1,0,2,1,23:16,23:18,,1,0,0,9999.9,1,0,1,7,1,64,8,0,0,0,0,CR-FAIRFAX FOREST RESERVE RD E,,-122.0263222,47.013386111,0,1,6,9,1,25,34,0,0,1,5,1,3,2,9,1,14,2,1,53,0,12,481,1974,0,,64,1.0,,,,,1,1,20,1,0.0,,2,0,99,7,11,0,,,,,0.0,0.0,0.0,3.0,1,91,,,,96,,,,,,9,,,,,,98022,53,60.0,103.0,6.0,1.0,0.0,0.0,0.0,3.0,,1,12.0,,,,,0,03/15/2018,05/15/2020,20,0,0,0,8.0,9,8,,,0,,,8,1,2.0,1.0,,,1.0,,,2,1,0.054,,,,,,,,,,,,,,,,,,,,,,,,,,,,,,0,0,1,0,1,0,0,0,0,0,0,0,0,0,0,0,0,0,0,0,0,1,1,0,1,0,0,0,0,1,0,0,0,0,0,,0,0,0,0,1,0,0,0,0,0,0,0,1,0,0,1,,,,,,18-20,16-25,Other,R,Friday,Unknown,PV,Not Fatal,0,1,0,0,Other,County Sheriff,Law Enforcement Support Agency,1,0,0,0,1,,,,,,0.0,0.0,0.0,,,,,,,,,,,0.0,0.0,0.0,0.0,,,,,20.0,7.0,,,,,,,,1.0,0.0,,,,,,,98323,Enumclaw,Carbonado
2582,2636,2636,2020,203,EA43667,242.0,2020-06-26,3:30,26,6,,53,Pierce,1770,1,,2,1,2,2,0,4,1,3:31,3:40,4:16,1,0,0,0.0,3,0,2,4,2,4,6,0,0,20,3,31ST AVE SW,Fruitland Ave E,-122.3281306,47.162113889,0,1,1,6,1,35,4,0,0,1,5,1,1,2,2,1,1,4,2,53,0,37,31,2007,0,,67,63.0,1.0,,,,1,1,16,2,0.0,,2,0,3,0,11,5,,,,,0.0,0.0,2.0,3.0,1,73,,,,96,,,,,,9,,,,,,98445,53,64.0,180.0,6.0,2.0,0.0,0.0,0.0,0.0,,1,,,,,,4,,,8,0,0,0,8.0,9,8,,,0,,,1,8,2.0,695.0,,,1.0,,,2,1,0.0,,,,,,,,,,,,,,,,,,,,,,,,,,,,,,0,0,1,1,0,0,1,1,1,0,0,0,1,0,0,0,0,0,0,1,1,0,1,0,1,0,0,0,0,1,0,0,0,0,0,,0,0,0,0,0,0,1,1,0,1,0,0,0,0,1,0,,,,,,16-17,16-25,City street,U,Friday,Belt Used,PV,Not Fatal,1,0,0,0,City Street,Municipal/City Police,Puyallup Police Department,0,0,0,1,0,,,carboxy-thc,7.8,,0.0,0.0,0.0,,,,,,,,,,,98.0,98.0,98.0,0.0,,,,,20.0,7.0,,,,,,,,1.0,0.0,,,,,,,98373,Tacoma,Puyallup
2583,2637,2637,2020,204,EA43739,35.0,2020-06-18,2:45,18,6,,53,Pierce,0,1,,2,1,2,2,0,2,1,,,,1,0,0,7.1,1,0,1,4,2,2,4,0,0,0,0,CR-72ND ST E,,-122.3492917,47.191727778,0,1,1,13,2,35,2,0,0,1,5,1,3,2,4,1,14,2,2,53,0,37,31,1994,0,,63,1.0,42.0,,,,1,1,19,1,7.0,,4,7,3,0,11,0,06/18/2020,2:45,53028079.0,28079.0,0.0,0.0,0.0,0.0,1,8,23.0,,,96,,,,,,98,,,,,,98387,53,74.0,140.0,0.0,0.0,0.0,4.0,0.0,5.0,,0,,,,,,3,11/15/2017,04/15/2019,20,0,0,0,0.0,9,8,,,0,,,8,8,2.0,1.0,,,1.0,,,2,1,0.21,,,,,,,,,,,,,,,,,,,,,,,,,,,,,,0,0,1,0,1,1,0,1,0,0,0,0,1,1,0,0,0,0,0,0,0,1,1,0,1,0,0,0,0,1,0,0,0,0,0,,1,0,0,0,0,1,0,1,0,1,0,1,0,1,0,1,,,,,,18-20,16-25,County road,U,Thursday,Belt Used,PV,White,0,1,0,0,County Road,County Sheriff,Law Enforcement Support Agency,1,0,1,0,0,,,,,,0.0,0.0,2.0,,,,,,,,,,,0.0,0.0,0.0,1.0,,,,,20.0,7.0,,,,,,,,1.0,0.0,,,072 ST E,7.06,,,98371,Spanaway,Puyallup
2584,2638,2638,2020,205,EA43774,180.0,2020-06-25,13:25,25,6,,15,Cowlitz,1190,1,,1,1,2,1,0,3,2,13:32,13:43,14:18,12,0,6,0.0,2,0,2,3,2,4,6,0,0,0,0,WASHINGTON WAY,28th Ave,-122.9577083,46.133233333,0,1,83,17,2,30,80,0,0,1,2,12,1,1,4,1,1,1,1,53,0,73,704,2019,0,,12,2.0,,,,,1,1,21,1,1.0,,4,7,20,7,11,0,06/25/2020,13:25,119053029303.0,29303.0,0.0,0.0,3.0,3.0,1,0,,,,96,,,,,,98,,,,,,98626,53,71.0,238.0,6.0,1.0,0.0,2.0,1.0,4.0,,0,,,,,,4,12/15/2017,08/15/2019,20,8,0,0,0.0,9,8,,,0,,,8,8,2.0,695.0,605.0,,1.0,1.0,,2,1,0.061,,,,,,,,,,,,,,,,,,,,,,,,,,,,,,0,0,0,1,1,0,1,1,1,0,0,0,1,0,0,0,0,0,0,0,0,0,0,1,1,0,0,0,1,1,0,0,0,0,1,0.0,0,0,0,0,1,0,1,1,0,1,0,0,0,0,0,1,,,,,,21-25,16-25,City street,U,Thursday,,MC,Hispanic,1,0,0,0,City Street,Municipal/City Police,Longview Police Department,0,0,0,1,0,thc,50.0,carboxy-thc,69.0,,0.0,0.0,0.0,,,,,,,,,,,0.0,0.0,0.0,201.0,298.0,,,,5.0,0.0,,,,,,,nms,1.0,0.0,,,,,,,98632,Kelso,Longview