,index,Unnamed: 0,year,case,par,repjur,crash_dt,crash_tm,accday,accmon,holiday,county,co_char,city,weather,weather2,lightcond,surfcond,surftype,numfatal,nmforms,pforms,vforms,not_tm,arr_tm,hosp_tm,fhevent,hitrun,manncol,milepnt,reljunc,reljuncinter,intersectiontype,funcsystem,landuse,ownership,route,schlbus,spejur,contdev,devfunc,trafid1,trafid2,lon,lat,wk_zone,vnumber,crashtype,criticalevent,criticaleventcat,spdlim,body,trailer,emerg,hazcargo,leave,mhevent,roadalgn,roadprof,traflane,trafflow,vehmanvr,numoccs,regowner,regstate,spuse,make,model,modelyr,vrf1,vrf2,seqevent1,seqevent2,seqevent3,seqevent4,seqevent5,seqevent6,pnumber,ptype,age,sex,hispanic,race,injury,diedscene,restraint,restraintmisuse,seatpos,takehosp,death_dt,death_tm,cert,cernum_wa,commlic,licendor,licrestrict,liccomp,drivpres,drf1,drf2,drf3,drf4,distract1,distract2,distract3,distract4,distract5,distract6,dricond1,dricond2,dricond3,dricond4,dricond5,dricond6,dzip,licstate,drhgt_in,weight,noncdl,noncdltype,prevdwi,prevoth,prevacc,prevspd,prevsus,driviol1,driviol2,driviol3,driviol4,driviol5,driviol6,spdrel,first_dt,last_dt,airbag,ejection,ejectpath,extricat,injurwrk,methalc,methdrug,nmlocat,strikveh,prf1,prf2,prf3,druginv,alcinvol,drugsts,drugres1,drugres2,drugres3,drugtst1,drugtst2,drugtst3,alcsts,alctst,alcres,nmact1,nmact2,nmact3,nmact4,nmact5,nmact6,nmprior1,nmprior2,nmprior3,nmprior4,nmprior5,nmprior6,nmcond1,nmcond2,nmcond3,nmcond4,nmcond5,nmcond6,nmsafe_helmet,nmsafe_pads,nmsafe_oth,nmprev_ref,nmprev_lgt,nmprev_oth,crashlocation,nmcrashtype,crosswalk,schoolzone,sidewalk,train_inv,wildlife_inv,rotr_fars,intersect_fars,dd_inv,aid_inv,dpd_inv,id_inv,mj_inv,impnm_inv,ainm_inv,dpnm_inv,speed_inv,unlic_inv,unendmc_inv,drowsy_inv,drdist_inv,nmdist_inv,fty_inv,unrestfat_inv,dr1617_inv,dr1820_inv,dr1620_inv,dr2125_inv,dr1625_inv,dr65_inv,dr70_inv,dr75_inv,mc_inv,pv_inv,ht_inv,ped_inv,bike_inv,unrest_fat,mc_fat,unhelmet_mc,pv_fat,ht_fat,ped_fat,bike_fat,dr_alc7,dr_alc8,dr_drug,dr_imp,dr_dist,dr_spd,dr_fty,dr_unlic,dr_alc7only,dr_alc8only,dr_drugonly,dr_drink,nm_imp,nm_alc7,nm_alc8,nm_drug,nm_dist,agegrp1,agegrp2,roadclass,urbrur,dayweek,restuse,vehtype,race_me,intersect,lanedep,oppdir,wrongway,rep_typ,investag,repag_long,rotr,st_rd,cty_rd,city_rd,oth_rd,drug_thc,thc_res,drug_cthc,cthc_res,drug_cann,prevpersemin,prevperse,prevsusoth,drugtst4,drugtst5,drugtst6,drugtst7,drugtst8,drugres4,drugres5,drugres6,drugres7,drugres8,adspresent,adsengaged,adslevel,race1,race2,race3,race4,race5,helmet,helmetmisuse,nmdistract1,nmdistract2,nmdistract3,nmdistract4,nmdistract5,nmdistract6,lab,isedtcase,crf1,crf2,crf3,CoRoadName,CoMP,IntCoRoadName,IntCoMP,crashzip,dcity,crashcity
2585,2639,2639,2020,205,EA43774,180.0,2020-06-25,13:25,25,6,,15,Cowlitz,1190,1,,1,1,2,1,0,3,2,13:32,13:43,14:18,12,0,6,0.0,2,0,2,3,2,4,6,0,0,20,3,WASHINGTON WAY,28th Ave,-122.9577083,46.133233333,0,2,82,15,2,25,14,0,0,1,5,12,1,1,2,1,11,2,1,53,0,12,402,2013,0,,12,,,,,,1,1,22,2,0.0,,1,0,99,7,11,5,,,,,0.0,0.0,3.0,3.0,1,10,,,,0,,,,,,0,,,,,,98632,53,64.0,160.0,6.0,1.0,0.0,0.0,0.0,2.0,,0,,,,,,0,01/15/2015,07/15/2018,8,0,0,0,8.0,2,8,,,0,,,8,0,0.0,0.0,,,0.0,,,2,10,0.0,,,,,,,,,,,,,,,,,,,,,,,,,,,,,,0,0,0,1,1,0,1,1,1,0,0,0,1,0,0,0,0,0,0,0,0,0,0,1,1,0,0,0,1,1,0,0,0,0,0,,0,0,0,0,0,0,0,0,0,0,0,0,0,0,0,0,,,,,,21-25,16-25,City street,U,Thursday,Unknown,PV,Not Fatal,1,0,0,0,City Street,Municipal/City Police,Longview Police Department,0,0,0,1,0,,,,,,0.0,0.0,0.0,,,,,,,,,,,98.0,98.0,98.0,0.0,,,,,20.0,7.0,,,,,,,,1.0,0.0,,,,,,,98632,Longview,Longview
2586,2640,2640,2020,206,EA43966,1.0,2020-06-25,23:10,25,6,,39,Klickitat,0,1,,2,1,2,1,0,1,1,,,,24,0,0,75.4,1,0,1,3,1,1,3,0,0,0,0,SR-14,,-121.2957444,45.699266667,0,1,1,13,2,60,34,0,0,1,2,24,3,1,2,1,14,1,1,41,0,12,481,1999,0,,63,24.0,69.0,63.0,24.0,69.0,1,1,76,1,7.0,,4,7,20,7,11,0,06/25/2020,23:10,53029712.0,29712.0,0.0,0.0,0.0,3.0,1,58,,,,0,,,,,,2,,,,,,97624,41,71.0,185.0,6.0,1.0,0.0,0.0,0.0,1.0,,0,,,,,,0,10/15/2017,10/15/2017,20,0,0,0,0.0,9,8,,,0,,,8,8,8.0,95.0,,,96.0,,,2,95,997.0,,,,,,,,,,,,,,,,,,,,,,,,,,,,,,0,0,1,0,0,0,0,0,0,0,0,0,0,0,0,1,0,0,0,1,0,0,0,0,0,1,1,1,0,1,0,0,0,1,0,,1,0,0,0,0,0,0,0,0,0,0,0,0,0,0,0,,,,,,76-80,76+,State route,R,Thursday,Not Used,PV,White,0,1,0,0,State Route,State Patrol,Washington State Patrol,1,1,0,0,0,,,,,,0.0,0.0,0.0,,,,,,,,,,,0.0,0.0,0.0,1.0,,,,,20.0,7.0,,,,,,,,1.0,0.0,,,,,,,98635,Chiloquin,Lyle
2587,2641,2641,2020,207,EA43973,146.0,2020-06-25,12:49,25,6,,77,Yakima,0,1,,1,0,0,2,0,3,2,12:51,12:59,,12,0,6,2.8,8,0,1,5,1,2,4,0,3,0,0,CR-LATERAL A RD,,-120.4804667,46.477330556,0,1,87,98,7,0,4,0,0,1,2,12,0,0,0,0,4,2,1,53,0,37,32,1998,0,,12,,,,,,1,1,30,1,6.0,,4,7,99,7,11,0,06/25/2020,12:49,53030436.0,30436.0,0.0,0.0,0.0,0.0,1,38,,,,96,,,,,,98,,,,,,98948,53,,999.0,0.0,0.0,99.0,99.0,99.0,99.0,,0,,,,,,0,,,1,0,0,0,0.0,9,8,,,0,,,8,8,2.0,1.0,,,1.0,,,2,1,0.0,,,,,,,,,,,,,,,,,,,,,,,,,,,,,,0,0,0,0,0,0,0,0,0,0,0,0,0,1,0,0,0,0,1,0,0,0,0,0,0,0,0,0,0,1,1,0,0,0,0,,1,0,0,0,0,0,0,0,0,0,1,1,0,0,0,0,,,,,,26-30,26-35,County road,R,Thursday,Unknown,PV,Hispanic,0,0,0,0,County Road,County Sheriff,Yakima County Sheriff's Office,0,0,1,0,0,,,,,,99.0,99.0,99.0,,,,,,,,,,,0.0,0.0,0.0,98.0,,,,,20.0,7.0,,,,,,,,1.0,0.0,,,LATERAL A RD.,2.78,,,98951,Toppenish,Wapato
2588,2642,2642,2020,207,EA43973,146.0,2020-06-25,12:49,25,6,,77,Yakima,0,1,,1,1,2,2,0,3,2,12:51,12:59,,12,0,6,2.8,8,0,1,5,1,2,4,0,3,0,0,CR-LATERAL A RD,,-120.4804667,46.477330556,0,2,86,71,4,55,63,0,0,2,5,12,1,1,2,1,1,1,3,53,0,85,881,2017,0,,12,,,,,,1,1,27,1,0.0,,0,0,3,0,11,0,,,,,6.0,1.0,0.0,3.0,1,0,,,,96,,,,,,0,,,,,,98951,53,70.0,225.0,6.0,1.0,0.0,0.0,0.0,0.0,,0,,,,,,0,,,20,0,0,0,8.0,9,8,,,0,,,8,8,8.0,95.0,,,96.0,,,8,95,995.0,,,,,,,,,,,,,,,,,,,,,,,,,,,,,,0,0,0,0,0,0,0,0,0,0,0,0,0,1,0,0,0,0,1,0,0,0,0,0,0,0,0,0,0,1,1,0,0,0,0,,0,0,0,0,0,0,0,0,0,0,0,0,0,0,0,0,,,,,,26-30,26-35,County road,R,Thursday,,MHTRUCK,Not Fatal,0,0,0,0,County Road,County Sheriff,Yakima County Sheriff's Office,0,0,1,0,0,,,,,,0.0,0.0,0.0,,,,,,,,,,,98.0,98.0,98.0,0.0,,,,,20.0,7.0,,,,,,,,1.0,0.0,,,LATERAL A RD.,2.78,,,98951,Wapato,Wapato
2589,2643,2643,2020,208,3868801,41.0,2020-05-27,11:28,27,5,,65,Stevens,0,1,,1,1,2,1,0,2,1,,,,35,0,0,0.7,1,0,1,5,1,2,4,0,0,0,0,CR-CEDONIA ADDY RD,,-118.1564917,48.153930556,0,1,6,12,2,50,14,0,0,1,2,1,2,3,2,1,14,2,2,53,0,63,401,2002,0,,68,64.0,35.0,1.0,,,1,1,23,2,7.0,,4,7,20,7,11,0,05/27/2020,11:28,53024863.0,24863.0,0.0,0.0,0.0,0.0,1,0,,,,0,,,,,,2,,,,,,99129,53,62.0,135.0,0.0,0.0,0.0,1.0,0.0,1.0,,0,,,,,,0,02/15/2016,04/15/2019,1,1,2,0,0.0,9,8,,,0,,,8,8,2.0,401.0,417.0,695.0,1.0,1.0,1.0,2,1,0.0,,,,,,,,,,,,,,,,,,,,,,,,,,,,,,0,0,1,0,0,0,1,1,1,0,0,0,0,1,0,1,0,0,0,1,0,0,0,1,1,0,0,0,0,1,0,0,0,1,0,,1,0,0,0,0,0,1,1,0,0,0,1,0,0,1,0,,,,,,21-25,16-25,County road,R,Wednesday,Not Used,PV,White,0,1,0,0,County Road,County Sheriff,Stevens County Sheriff's Office,1,0,1,0,0,thc,13.0,carboxy-thc,110.0,,0.0,0.0,1.0,1.0,,,,,605.0,,,,,98.0,98.0,98.0,1.0,,,,,20.0,7.0,,,,,,,nms,1.0,0.0,,,CEDONIA-ADDY,0.73,,,99137,Fruitland,Hunters
2590,2644,2644,2020,209,EA44132,262.0,2020-06-26,14:12,26,6,,33,King,1958,1,,1,1,2,1,1,1,1,14:13,14:18,,8,0,0,12.9,1,0,1,3,2,1,3,0,0,0,0,SR-99,,-122.2980806,47.408802778,0,1,13,80,5,40,15,0,0,1,5,8,1,1,3,2,1,1,1,53,0,12,422,2008,0,,8,,,,,,1,1,43,2,0.0,,1,0,3,0,11,0,,,,,0.0,0.0,0.0,3.0,1,0,,,,96,,,,,,0,,,,,,98003,53,66.0,190.0,6.0,1.0,0.0,0.0,0.0,0.0,,0,,,,,,0,,,8,0,0,0,8.0,9,8,,,0,,,8,8,8.0,95.0,,,96.0,,,8,95,995.0,,,,,,,,,,,,,,,,,,,,,,,,,,,,,,0,0,0,0,0,0,0,0,0,1,0,1,0,0,0,0,0,0,0,0,0,0,0,0,0,0,0,0,0,1,0,1,0,0,0,,0,0,0,0,0,0,0,0,0,0,0,0,0,0,0,0,,,,,,41-45,36-45,State route,U,Friday,Belt Used,PV,Not Fatal,0,0,0,0,State Route,Municipal/City Police,SeaTac Police Department,0,1,0,0,0,,,,,,0.0,0.0,0.0,,,,,,,,,,,98.0,98.0,98.0,0.0,,,,,20.0,7.0,,,,,,,,1.0,0.0,,,,,,,98198,Federal Way,Seattle
2591,2645,2645,2020,210,EA43322,4.0,2020-06-26,6:55,26,6,,63,Spokane,0,1,,1,1,2,1,1,1,1,7:11,7:26,7:40,9,0,0,5.0,1,0,1,5,1,1,3,0,0,0,0,SR-206,,-117.2485944,47.793283333,0,1,13,83,5,50,62,0,0,1,2,9,1,1,2,1,1,1,3,16,0,82,881,2015,0,,9,,,,,,1,1,46,1,0.0,,0,0,3,0,11,0,,,,,0.0,0.0,1.0,3.0,1,91,,,,96,,,,,,9,,,,,,83814,16,70.0,180.0,6.0,1.0,0.0,2.0,0.0,0.0,,1,12.0,,,,,0,09/15/2019,02/15/2019,20,0,0,0,8.0,9,1,,,0,,,1,8,2.0,695.0,401.0,417.0,1.0,1.0,1.0,2,1,0.0,,,,,,,,,,,,,,,,,,,,,,,,,,,,,,0,0,0,0,0,0,1,1,1,1,0,1,0,0,0,0,0,0,0,0,0,0,0,0,0,0,0,0,0,0,1,0,1,0,0,,0,0,0,0,0,0,1,1,0,0,0,0,0,0,1,0,,,,,,46-50,46-55,State route,R,Friday,,MHTRUCK,Not Fatal,0,0,0,0,State Route,State Patrol,Washington State Patrol,0,1,0,0,0,,,carboxy-thc,6.5,,0.0,0.0,0.0,,,,,,,,,,,98.0,98.0,98.0,0.0,,,,,20.0,7.0,,,,,,,,1.0,0.0,,,,,,,99021,Coeur D Alene,Mead
2592,2646,2646,2020,211,EA44281,146.0,2020-06-24,10:45,24,6,,77,Yakima,0,1,,1,1,2,2,0,5,3,10:51,10:58,11:38,12,0,6,1.8,2,0,2,5,1,2,4,0,3,20,3,CR-LATERAL A RD,KAYS RD,-120.4803361,46.492,0,1,88,17,2,50,14,0,0,1,2,12,1,1,2,1,1,2,2,53,0,63,401,2000,0,,12,1.0,2.0,,,,1,1,63,1,1.0,,4,7,99,7,11,0,06/24/2020,10:45,53029577.0,29577.0,0.0,0.0,0.0,3.0,1,39,,,,96,,,,,,98,,,,,,98951,53,66.0,220.0,6.0,1.0,0.0,1.0,1.0,0.0,,0,,,,,,0,06/15/2018,06/15/2018,99,0,0,0,0.0,9,8,,,0,,,8,8,2.0,1.0,,,1.0,,,2,1,0.0,,,,,,,,,,,,,,,,,,,,,,,,,,,,,,0,0,0,1,0,0,0,0,0,0,0,0,0,0,0,0,0,0,0,0,0,1,1,0,1,0,0,0,0,1,1,0,0,0,0,,1,0,0,0,0,0,0,0,0,0,0,0,0,0,0,0,,,,,,61-65,56-65,County road,R,Wednesday,Unknown,PV,Hispanic,1,0,0,0,County Road,County Sheriff,Yakima County Sheriff's Office,0,0,1,0,0,,,,,,0.0,0.0,0.0,,,,,,,,,,,98.0,98.0,98.0,98.0,,,,,20.0,7.0,,,,,,,,1.0,0.0,,,LATERAL A RD.,1.76,KAYS RD.,1.06,98951,Wapato,Wapato
2593,2647,2647,2020,211,EA44281,146.0,2020-06-24,10:45,24,6,,77,Yakima,0,1,,1,1,2,2,0,5,3,10:51,10:58,11:38,12,0,6,1.8,2,0,2,5,1,2,4,0,3,0,0,CR-LATERAL A RD,KAYS RD,-120.4803361,46.492,0,2,89,66,4,55,66,0,0,2,2,12,1,1,2,1,1,1,3,53,0,82,881,1996,0,,12,1.0,12.0,,,,1,1,58,1,0.0,,2,0,3,0,11,5,,,,,6.0,1.0,3.0,3.0,1,0,,,,96,,,,,,0,,,,,,98902,53,74.0,240.0,6.0,1.0,0.0,1.0,1.0,0.0,,0,,,,,,0,03/15/2017,05/15/2018,20,0,0,0,8.0,9,8,,,0,,,8,8,8.0,95.0,,,96.0,,,8,95,995.0,,,,,,,,,,,,,,,,,,,,,,,,,,,,,,0,0,0,1,0,0,0,0,0,0,0,0,0,0,0,0,0,0,0,0,0,1,1,0,1,0,0,0,0,1,1,0,0,0,0,,0,0,0,0,0,0,0,0,0,0,0,0,0,0,0,0,,,,,,56-60,56-65,County road,R,Wednesday,,MHTRUCK,Not Fatal,1,0,0,0,County Road,County Sheriff,Yakima County Sheriff's Office,0,0,1,0,0,,,,,,0.0,0.0,0.0,,,,,,,,,,,0.0,0.0,0.0,0.0,,,,,20.0,7.0,,,,,,,,1.0,0.0,,,LATERAL A RD.,1.76,KAYS RD.,1.06,98951,Yakima,Wapato
2594,2648,2648,2020,211,EA44281,146.0,2020-06-24,10:45,24,6,,77,Yakima,0,1,,1,1,2,2,0,5,3,10:51,10:58,11:38,12,0,6,1.8,2,0,2,5,1,2,4,0,3,0,0,CR-LATERAL A RD,KAYS RD,-120.4803361,46.492,0,3,98,62,4,55,34,0,0,1,5,12,1,1,2,1,1,2,2,53,0,23,481,2002,0,,12,,,,,,1,1,18,2,0.0,,0,0,3,0,11,0,,,,,0.0,0.0,0.0,3.0,1,0,,,,96,,,,,,0,,,,,,98951,53,65.0,147.0,6.0,2.0,0.0,0.0,0.0,0.0,,0,,,,,,0,,,20,0,0,0,8.0,9,8,,,0,,,8,8,8.0,95.0,,,96.0,,,8,95,995.0,,,,,,,,,,,,,,,,,,,,,,,,,,,,,,0,0,0,1,0,0,0,0,0,0,0,0,0,0,0,0,0,0,0,0,0,1,1,0,1,0,0,0,0,1,1,0,0,0,0,,0,0,0,0,0,0,0,0,0,0,0,0,0,0,0,0,,,,,,18-20,16-25,County road,R,Wednesday,Belt Used,PV,Not Fatal,1,0,0,0,County Road,County Sheriff,Yakima County Sheriff's Office,0,0,1,0,0,,,,,,0.0,0.0,0.0,,,,,,,,,,,98.0,98.0,98.0,0.0,,,,,20.0,7.0,,,,,,,,1.0,0.0,,,LATERAL A RD.,1.76,KAYS RD.,1.06,98951,Wapato,Wapato
2595,2649,2649,2020,212,EA44532,8.0,2020-06-27,0:30,27,6,,27,Grays Harbor,0,10,,2,1,2,1,0,2,1,0:42,1:01,1:57,42,0,0,24.3,1,0,1,5,1,1,3,0,0,0,0,SR-109,,-124.1831861,47.155244444,0,1,1,13,2,50,4,0,0,1,2,42,3,1,2,1,14,2,1,53,0,35,43,2004,0,,63,42.0,,,,,1,1,27,1,0.0,,2,0,3,0,11,5,,,,,0.0,0.0,0.0,3.0,1,91,,,,96,,,,,,9,,,,,,98346,53,69.0,140.0,6.0,1.0,0.0,0.0,0.0,1.0,,1,,,,,,4,02/15/2018,02/15/2018,1,0,0,0,8.0,9,8,,,0,,,8,1,8.0,95.0,,,96.0,,,8,95,995.0,,,,,,,,,,,,,,,,,,,,,,,,,,,,,,0,0,1,0,1,0,0,0,0,0,0,0,1,0,0,0,0,0,0,0,0,0,0,0,0,0,0,0,0,1,0,0,0,0,0,,0,0,0,0,0,0,0,0,0,1,0,0,0,0,0,1,,,,,,26-30,26-35,State route,R,Saturday,Belt Used,PV,Not Fatal,0,1,0,0,State Route,State Patrol,Washington State Patrol,1,1,0,0,0,,,,,,0.0,0.0,0.0,,,,,,,,,,,98.0,98.0,98.0,0.0,,,,,20.0,7.0,,,,,,,,1.0,0.0,,,,,,,98536,Kingston,Copalis Crossing
2596,2650,2650,2020,213,EA44550,4.0,2020-06-29,19:42,29,6,,63,Spokane,2113,1,,1,1,2,1,0,2,2,19:43,19:53,20:20,12,0,6,7.3,2,0,3,3,2,1,3,0,0,0,0,SR-290,BUTLER RD,-117.2623306,47.685177778,0,1,83,67,4,50,4,0,0,1,2,12,1,1,5,5,1,1,2,53,0,30,40,1998,0,,12,,,,,,1,1,22,1,0.0,,3,0,3,0,11,5,,,,,0.0,0.0,3.0,3.0,1,8,91.0,,,96,,,,,,9,,,,,,43004,39,74.0,200.0,6.0,1.0,1.0,2.0,2.0,2.0,,1,,,,,,3,02/15/2016,02/15/2020,1,0,0,0,8.0,1,8,,,0,,,8,1,8.0,95.0,,,96.0,,,2,1,0.17,,,,,,,,,,,,,,,,,,,,,,,,,,,,,,0,0,0,1,1,1,1,1,1,0,0,0,1,0,0,0,0,0,0,1,0,0,0,1,1,0,0,0,0,1,0,0,0,0,0,,0,0,0,0,0,1,0,1,0,1,0,0,0,1,0,1,,,,,,21-25,16-25,State route,U,Monday,Belt Used,PV,Not Fatal,1,0,0,0,State Route,State Patrol,Washington State Patrol,0,1,0,0,0,,,,,,1.0,0.0,1.0,,,,,,,,,,,0.0,0.0,0.0,0.0,,,,,20.0,7.0,,,,,,,,1.0,0.0,,,,,,,99206,Blacklick,Spokane
2597,2651,2651,2020,213,EA44550,4.0,2020-06-29,19:42,29,6,,63,Spokane,2113,1,,1,1,2,1,0,2,2,19:43,19:53,20:20,12,0,6,7.3,2,0,3,3,2,1,3,0,0,20,3,SR-290,BUTLER RD,-117.2623306,47.685177778,0,2,82,66,4,98,34,0,0,1,2,12,1,1,8,1,11,1,1,30,0,20,481,2001,0,,12,,,,,,1,1,36,1,7.0,,4,7,20,7,11,0,06/29/2020,19:42,211353029869.0,29869.0,0.0,0.0,0.0,3.0,1,0,,,,96,,,,,,9,,,,,,59935,30,,999.0,6.0,1.0,0.0,0.0,98.0,0.0,,0,,,,,,0,,,1,1,9,0,0.0,1,8,,,0,,,1,1,2.0,695.0,605.0,,1.0,1.0,,2,1,0.064,,,,,,,,,,,,,,,,,,,,,,,,,,,,,,0,0,0,1,1,1,1,1,1,0,0,0,1,0,0,0,0,0,0,1,0,0,0,1,1,0,0,0,0,1,0,0,0,1,0,,1,0,0,0,1,0,1,1,0,0,0,0,0,0,0,1,,,,,,36-40,36-45,State route,U,Monday,Not Used,PV,White,1,0,0,0,State Route,State Patrol,Washington State Patrol,0,1,0,0,0,thc,888.0,carboxy-thc,42.0,,0.0,0.0,0.0,,,,,,,,,,,98.0,98.0,98.0,1.0,,,,,20.0,7.0,,,,,,,nms,1.0,0.0,,,,,,,99206,Troy,Spokane
2598,2652,2652,2020,214,EA44784,2.0,2020-07-01,20:22,1,7,,73,Whatcom,740,10,,5,8,1,1,0,3,2,,,,12,0,2,261.0,1,0,1,1,2,1,1,0,0,0,0,I-5,,-122.5583417,48.827958333,0,1,52,54,3,70,4,0,0,1,2,12,1,1,2,2,1,2,2,53,0,59,34,1998,0,,12,,,,,,1,1,75,1,0.0,,3,0,3,0,11,5,,,,,8.0,0.0,0.0,3.0,1,51,,,,96,,,,,,9,,,,,,98388,53,70.0,230.0,6.0,1.0,0.0,2.0,2.0,0.0,,1,12.0,,,,,0,08/15/2019,06/15/2019,1,0,0,0,8.0,3,8,,,0,,,1,1,2.0,1.0,,,1.0,,,2,1,0.13,,,,,,,,,,,,,,,,,,,,,,,,,,,,,,0,0,0,0,1,1,0,1,0,0,0,0,0,0,0,0,0,0,0,0,0,1,1,0,1,1,1,1,0,1,0,0,0,0,0,,0,0,0,0,0,1,0,1,0,0,0,0,0,1,0,1,,,,,,71-75,66-75,Interstate,U,Wednesday,Belt Used,PV,Not Fatal,0,0,0,1,State Route,State Patrol,Washington State Patrol,0,1,0,0,0,,,,,,0.0,0.0,0.0,,,,,,,,,,,0.0,0.0,0.0,0.0,,,,,20.0,7.0,,,,,,,,1.0,0.0,,,,,,,98248,Steilacoom,Ferndale
2599,2653,2653,2020,214,EA44784,2.0,2020-07-01,20:22,1,7,,73,Whatcom,740,10,,5,8,1,1,0,3,2,,,,12,0,2,261.0,1,0,1,1,2,1,1,0,0,0,0,I-5,,-122.5583417,48.827958333,0,2,52,54,3,70,4,0,0,1,2,12,1,1,2,2,1,1,2,53,0,49,40,2001,0,,12,,,,,,1,1,18,2,0.0,,1,0,3,0,11,4,,,,,0.0,0.0,0.0,3.0,1,0,,,,96,,,,,,0,,,,,,98248,53,66.0,160.0,6.0,2.0,0.0,0.0,1.0,1.0,,0,,,,,,0,01/15/2019,07/15/2020,1,0,0,0,8.0,9,8,,,0,,,8,8,8.0,95.0,,,96.0,,,8,95,995.0,,,,,,,,,,,,,,,,,,,,,,,,,,,,,,0,0,0,0,1,1,0,1,0,0,0,0,0,0,0,0,0,0,0,0,0,1,1,0,1,1,1,1,0,1,0,0,0,0,0,,0,0,0,0,0,0,0,0,0,0,0,0,0,0,0,0,,,,,,18-20,16-25,Interstate,U,Wednesday,Belt Used,PV,Not Fatal,0,0,0,1,State Route,State Patrol,Washington State Patrol,0,1,0,0,0,,,,,,0.0,0.0,0.0,,,,,,,,,,,98.0,98.0,98.0,0.0,,,,,20.0,7.0,,,,,,,,1.0,0.0,,,,,,,98248,Ferndale,Ferndale
2600,2654,2654,2020,215,EA44921,4.0,2020-07-03,21:02,3,7,,63,Spokane,0,1,,5,1,2,1,0,1,1,21:02,21:10,,11,0,0,299.3,1,0,1,3,1,1,2,0,0,0,0,US-2,,-117.3514028,47.930730556,0,1,13,87,6,60,80,0,0,1,2,11,1,2,2,1,1,1,1,53,0,72,706,2007,0,,11,68.0,64.0,35.0,42.0,,1,1,56,1,7.0,,4,7,20,7,11,0,07/03/2020,21:02,53031950.0,31950.0,0.0,0.0,0.0,3.0,1,0,,,,0,,,,,,0,,,,,,99009,53,74.0,230.0,6.0,1.0,0.0,1.0,0.0,3.0,,0,,,,,,0,07/15/2016,11/15/2019,20,8,0,0,0.0,1,8,,,0,,,8,1,2.0,401.0,417.0,605.0,1.0,1.0,1.0,2,1,0.035,,,,,,,,,,,,,,,,,,,,,,,,,,,,,,0,1,0,0,1,0,1,1,1,0,0,0,0,0,0,0,0,0,0,0,0,0,0,0,0,0,0,0,1,0,0,0,0,0,1,1.0,0,0,0,0,1,0,1,1,0,0,0,0,0,0,0,1,,,,,,56-60,56-65,US highway,R,Friday,,MC,White,0,0,0,0,State Route,State Patrol,Washington State Patrol,0,1,0,0,0,thc,0.94,,,,0.0,0.0,0.0,,,,,,,,,,,0.0,0.0,0.0,1.0,,,,,16.0,0.0,,,,,,,nms,1.0,0.0,,,,,,,99003,Elk,Chattaroy
2601,2655,2655,2020,216,EA44928,4.0,2020-07-04,2:55,4,7,,63,Spokane,2113,1,,3,1,1,1,0,1,1,3:03,3:07,,1,0,0,0.3,5,1,1,1,2,1,1,0,0,0,0,I-90 RAMP 090S128446,,-117.3244639,47.656147222,0,1,98,13,2,98,4,0,0,1,2,1,3,2,2,6,14,1,1,53,0,41,35,2001,0,,63,1.0,,,,,1,1,21,1,7.0,,4,7,20,7,11,0,07/04/2020,2:55,211353031061.0,31061.0,0.0,0.0,3.0,3.0,1,58,,,,96,,,,,,9,,,,,,99201,53,63.0,115.0,6.0,1.0,0.0,1.0,1.0,0.0,,0,,,,,,4,07/15/2018,07/15/2018,1,1,9,0,0.0,1,8,,,0,,,8,1,2.0,1.0,,,1.0,,,2,1,0.208,,,,,,,,,,,,,,,,,,,,,,,,,,,,,,0,0,0,0,1,1,0,1,0,0,0,0,1,0,0,0,0,0,0,1,0,0,0,1,1,0,0,0,0,1,0,0,0,1,0,,1,0,0,0,0,1,0,1,0,1,0,0,0,1,0,1,,,,,,21-25,16-25,Interstate,U,Saturday,Not Used,PV,White,0,1,0,0,State Route,State Patrol,Washington State Patrol,1,1,0,0,0,,,,,,0.0,0.0,0.0,,,,,,,,,,,98.0,98.0,98.0,1.0,,,,,20.0,7.0,,,,,,,,1.0,0.0,,,,,,,99212,Spokane,Spokane
2602,2656,2656,2020,217,EA44959,26.0,2020-07-03,21:45,3,7,,35,Kitsap,0,1,,5,1,2,1,0,3,3,,,,12,0,1,0.2,1,0,1,3,2,2,4,0,0,0,0,CR-SILVERDALE WAY NW,,-122.7007583,47.640530556,0,1,25,53,3,30,4,0,0,1,2,12,1,1,2,1,1,1,1,53,0,53,33,2006,0,,12,,,,,,1,1,61,2,0.0,,0,0,3,0,11,0,,,,,0.0,0.0,3.0,3.0,1,0,,,,96,,,,,,0,,,,,,98383,53,64.0,110.0,6.0,1.0,0.0,0.0,0.0,0.0,,0,,,,,,0,,,20,0,0,0,8.0,9,8,,,0,,,8,8,0.0,0.0,,,0.0,,,0,0,996.0,,,,,,,,,,,,,,,,,,,,,,,,,,,,,,0,0,0,0,1,1,0,1,0,0,0,0,1,0,0,0,0,0,0,0,0,0,0,0,0,0,0,0,1,1,0,0,0,0,0,,0,0,0,0,0,0,0,0,0,0,0,0,0,0,0,0,,,,,,61-65,56-65,County road,U,Friday,Belt Used,PV,Not Fatal,0,0,0,0,County Road,County Sheriff,Kitsap County Sheriff's Office,0,0,1,0,0,,,,,,0.0,0.0,0.0,,,,,,,,,,,98.0,98.0,98.0,0.0,,,,,20.0,7.0,,,,,,,,1.0,0.0,,,SILVERDALE WAY NW,0.241,,,98383,Silverdale,Silverdale