,index,Unnamed: 0,year,case,par,repjur,crash_dt,crash_tm,accday,accmon,holiday,county,co_char,city,weather,weather2,lightcond,surfcond,surftype,numfatal,nmforms,pforms,vforms,not_tm,arr_tm,hosp_tm,fhevent,hitrun,manncol,milepnt,reljunc,reljuncinter,intersectiontype,funcsystem,landuse,ownership,route,schlbus,spejur,contdev,devfunc,trafid1,trafid2,lon,lat,wk_zone,vnumber,crashtype,criticalevent,criticaleventcat,spdlim,body,trailer,emerg,hazcargo,leave,mhevent,roadalgn,roadprof,traflane,trafflow,vehmanvr,numoccs,regowner,regstate,spuse,make,model,modelyr,vrf1,vrf2,seqevent1,seqevent2,seqevent3,seqevent4,seqevent5,seqevent6,pnumber,ptype,age,sex,hispanic,race,injury,diedscene,restraint,restraintmisuse,seatpos,takehosp,death_dt,death_tm,cert,cernum_wa,commlic,licendor,licrestrict,liccomp,drivpres,drf1,drf2,drf3,drf4,distract1,distract2,distract3,distract4,distract5,distract6,dricond1,dricond2,dricond3,dricond4,dricond5,dricond6,dzip,licstate,drhgt_in,weight,noncdl,noncdltype,prevdwi,prevoth,prevacc,prevspd,prevsus,driviol1,driviol2,driviol3,driviol4,driviol5,driviol6,spdrel,first_dt,last_dt,airbag,ejection,ejectpath,extricat,injurwrk,methalc,methdrug,nmlocat,strikveh,prf1,prf2,prf3,druginv,alcinvol,drugsts,drugres1,drugres2,drugres3,drugtst1,drugtst2,drugtst3,alcsts,alctst,alcres,nmact1,nmact2,nmact3,nmact4,nmact5,nmact6,nmprior1,nmprior2,nmprior3,nmprior4,nmprior5,nmprior6,nmcond1,nmcond2,nmcond3,nmcond4,nmcond5,nmcond6,nmsafe_helmet,nmsafe_pads,nmsafe_oth,nmprev_ref,nmprev_lgt,nmprev_oth,crashlocation,nmcrashtype,crosswalk,schoolzone,sidewalk,train_inv,wildlife_inv,rotr_fars,intersect_fars,dd_inv,aid_inv,dpd_inv,id_inv,mj_inv,impnm_inv,ainm_inv,dpnm_inv,speed_inv,unlic_inv,unendmc_inv,drowsy_inv,drdist_inv,nmdist_inv,fty_inv,unrestfat_inv,dr1617_inv,dr1820_inv,dr1620_inv,dr2125_inv,dr1625_inv,dr65_inv,dr70_inv,dr75_inv,mc_inv,pv_inv,ht_inv,ped_inv,bike_inv,unrest_fat,mc_fat,unhelmet_mc,pv_fat,ht_fat,ped_fat,bike_fat,dr_alc7,dr_alc8,dr_drug,dr_imp,dr_dist,dr_spd,dr_fty,dr_unlic,dr_alc7only,dr_alc8only,dr_drugonly,dr_drink,nm_imp,nm_alc7,nm_alc8,nm_drug,nm_dist,agegrp1,agegrp2,roadclass,urbrur,dayweek,restuse,vehtype,race_me,intersect,lanedep,oppdir,wrongway,rep_typ,investag,repag_long,rotr,st_rd,cty_rd,city_rd,oth_rd,drug_thc,thc_res,drug_cthc,cthc_res,drug_cann,prevpersemin,prevperse,prevsusoth,drugtst4,drugtst5,drugtst6,drugtst7,drugtst8,drugres4,drugres5,drugres6,drugres7,drugres8,adspresent,adsengaged,adslevel,race1,race2,race3,race4,race5,helmet,helmetmisuse,nmdistract1,nmdistract2,nmdistract3,nmdistract4,nmdistract5,nmdistract6,lab,isedtcase,crf1,crf2,crf3,CoRoadName,CoMP,IntCoRoadName,IntCoMP,crashzip,dcity,crashcity
2603,2657,2657,2020,217,EA44959,26.0,2020-07-03,21:45,3,7,,35,Kitsap,0,1,,5,1,2,1,0,3,3,,,,12,0,1,0.2,1,0,1,3,2,2,4,0,0,0,0,CR-SILVERDALE WAY NW,,-122.7007583,47.640530556,0,2,98,62,4,30,4,0,0,1,5,12,1,1,2,1,1,1,1,53,0,55,33,2011,0,,12,,,,,,1,1,61,1,0.0,,0,0,3,0,11,0,,,,,0.0,0.0,3.0,3.0,1,0,,,,96,,,,,,0,,,,,,98383,53,68.0,155.0,6.0,1.0,0.0,0.0,0.0,0.0,,0,,,,,,0,,,20,0,0,0,8.0,9,8,,,0,,,8,8,0.0,0.0,,,0.0,,,0,0,996.0,,,,,,,,,,,,,,,,,,,,,,,,,,,,,,0,0,0,0,1,1,0,1,0,0,0,0,1,0,0,0,0,0,0,0,0,0,0,0,0,0,0,0,1,1,0,0,0,0,0,,0,0,0,0,0,0,0,0,0,0,0,0,0,0,0,0,,,,,,61-65,56-65,County road,U,Friday,Belt Used,PV,Not Fatal,0,0,0,0,County Road,County Sheriff,Kitsap County Sheriff's Office,0,0,1,0,0,,,,,,0.0,0.0,0.0,,,,,,,,,,,98.0,98.0,98.0,0.0,,,,,20.0,7.0,,,,,,,,1.0,0.0,,,SILVERDALE WAY NW,0.241,,,98383,Silverdale,Silverdale
2604,2658,2658,2020,217,EA44959,26.0,2020-07-03,21:45,3,7,,35,Kitsap,0,1,,5,1,2,1,0,3,3,,,,12,0,1,0.2,1,0,1,3,2,2,4,0,0,0,0,CR-SILVERDALE WAY NW,,-122.7007583,47.640530556,0,3,24,51,3,30,80,0,0,1,2,12,1,1,2,1,1,1,1,53,0,73,704,2019,0,,12,68.0,12.0,,,,1,1,30,1,7.0,,4,7,20,7,11,0,07/03/2020,21:45,53031120.0,31120.0,0.0,0.0,0.0,3.0,1,0,,,,96,,,,,,98,,,,,,98383,53,69.0,205.0,6.0,1.0,0.0,0.0,0.0,0.0,,0,,,,,,4,,,20,8,0,0,0.0,9,8,,,0,,,8,8,2.0,1.0,,,1.0,,,2,1,0.176,,,,,,,,,,,,,,,,,,,,,,,,,,,,,,0,0,0,0,1,1,0,1,0,0,0,0,1,0,0,0,0,0,0,0,0,0,0,0,0,0,0,0,1,1,0,0,0,0,1,0.0,0,0,0,0,0,1,0,1,0,1,0,0,0,1,0,1,,,,,,26-30,26-35,County road,U,Friday,,MC,White,0,0,0,0,County Road,County Sheriff,Kitsap County Sheriff's Office,0,0,1,0,0,,,,,,0.0,0.0,0.0,,,,,,,,,,,0.0,0.0,0.0,1.0,,,,,5.0,0.0,,,,,,,,1.0,0.0,,,SILVERDALE WAY NW,0.241,,,98383,Silverdale,Silverdale
2605,2659,2659,2020,218,EA45303,290.0,2020-07-06,15:38,6,7,,53,Pierce,2230,1,,1,1,2,1,0,2,2,15:45,15:48,16:24,12,0,2,0.0,1,0,1,4,2,4,6,0,0,0,0,S 56TH ST,,-122.4548667,47.206497222,0,1,50,10,2,30,2,0,0,1,2,12,1,1,5,5,1,1,2,53,0,37,31,1999,0,,68,12.0,,,,,1,1,39,1,7.0,,4,7,99,7,11,0,07/06/2020,15:38,223053031638.0,31638.0,0.0,0.0,0.0,2.0,1,28,,,,96,,,,,,98,,,,,,98405,53,71.0,200.0,6.0,1.0,0.0,0.0,0.0,0.0,,0,,,,,,4,04/15/2020,04/15/2020,1,0,0,0,0.0,9,8,,,0,,,8,8,2.0,401.0,417.0,128.0,1.0,1.0,1.0,2,1,0.0,,,,,,,,,,,,,,,,,,,,,,,,,,,,,,0,0,0,0,0,0,1,1,1,0,0,0,1,0,0,0,0,0,0,0,0,0,0,0,0,0,0,0,0,1,0,0,0,0,0,,1,0,0,0,0,0,1,1,0,1,0,0,0,0,1,0,,,,,,36-40,36-45,City street,U,Monday,Unknown,PV,White,0,1,1,0,City Street,Municipal/City Police,Tacoma Police Department,0,0,0,1,0,thc,27.0,carboxy-thc,27.0,,0.0,0.0,1.0,1.0,1.0,1.0,,,177.0,157.0,695.0,605.0,,0.0,0.0,0.0,1.0,,,,,20.0,7.0,,,,,,,0,1.0,0.0,,,,,,,98408,Tacoma,Tacoma
2606,2660,2660,2020,218,EA45303,290.0,2020-07-06,15:38,6,7,,53,Pierce,2230,1,,1,1,2,1,0,2,2,15:45,15:48,16:24,12,0,2,0.0,1,0,1,4,2,4,6,0,0,0,0,S 56TH ST,,-122.4548667,47.206497222,0,2,51,62,4,30,34,0,0,1,2,12,1,1,5,5,1,1,1,53,0,20,473,2005,0,,12,,,,,,1,1,43,2,0.0,,3,0,99,7,11,5,,,,,0.0,0.0,0.0,3.0,1,0,,,,96,,,,,,0,,,,,,98406,53,61.0,110.0,6.0,1.0,0.0,1.0,1.0,0.0,,0,,,,,,0,03/15/2017,03/15/2017,1,0,0,0,8.0,9,8,,,0,,,8,8,8.0,95.0,,,96.0,,,8,95,995.0,,,,,,,,,,,,,,,,,,,,,,,,,,,,,,0,0,0,0,0,0,1,1,1,0,0,0,1,0,0,0,0,0,0,0,0,0,0,0,0,0,0,0,0,1,0,0,0,0,0,,0,0,0,0,0,0,0,0,0,0,0,0,0,0,0,0,,,,,,41-45,36-45,City street,U,Monday,Unknown,PV,Not Fatal,0,1,1,0,City Street,Municipal/City Police,Tacoma Police Department,0,0,0,1,0,,,,,,0.0,0.0,1.0,,,,,,,,,,,98.0,98.0,98.0,0.0,,,,,20.0,7.0,,,,,,,,1.0,0.0,,,,,,,98408,Tacoma,Tacoma
2607,2661,2661,2020,219,EA45328,6.0,2020-06-29,8:06,29,6,,37,Kittitas,0,1,,1,1,2,2,0,3,2,8:10,8:21,,14,0,0,68.3,1,0,1,1,1,1,1,0,0,0,0,I-90,,-121.1938167,47.253313889,0,1,11,11,2,70,34,0,0,1,2,14,2,2,2,3,14,1,1,53,0,20,481,2004,0,,63,14.0,,,,,1,1,58,1,0.0,,0,0,3,0,11,0,,,,,0.0,0.0,0.0,3.0,1,91,,,,96,,,,,,9,,,,,,98037,53,67.0,155.0,6.0,1.0,0.0,0.0,0.0,2.0,,1,12.0,,,,,0,10/15/2017,03/15/2018,1,0,0,0,8.0,3,2,,,0,,,1,8,2.0,515.0,513.0,695.0,1.0,1.0,1.0,2,1,0.0,,,,,,,,,,,,,,,,,,,,,,,,,,,,,,0,0,0,0,0,0,1,1,1,0,0,0,0,0,0,0,0,0,0,0,0,0,0,0,0,0,0,0,0,1,0,0,0,0,0,,0,0,0,0,0,0,1,1,0,0,0,0,0,0,1,0,,,,,,56-60,56-65,Interstate,R,Monday,Belt Used,PV,Not Fatal,0,1,0,0,State Route,State Patrol,Washington State Patrol,1,1,0,0,0,thc,1.0,carboxy-thc,20.0,,0.0,0.0,0.0,1.0,,,,,605.0,,,,,98.0,98.0,98.0,0.0,,,,,20.0,7.0,,,,,,,,1.0,23.0,,,,,,,98925,Lynnwood,Easton
2608,2662,2662,2020,220,EA45455,40.0,2020-06-28,0:35,28,6,,63,Spokane,0,1,,2,11,5,1,0,2,1,,,,1,0,0,0.7,1,0,1,7,1,2,4,0,0,0,0,CR-E HAYS RD,,-117.2517167,47.374675,0,1,98,6,1,98,96,0,0,1,2,1,3,2,2,1,14,2,1,53,0,98,734,2019,0,,1,,,,,,1,1,38,1,7.0,,4,7,20,7,11,0,06/28/2020,0:35,53029841.0,29841.0,0.0,0.0,0.0,1.0,1,0,,,,96,,,,,,9,,,,,,98223,53,74.0,245.0,6.0,1.0,0.0,0.0,0.0,0.0,,0,,,,,,4,,,20,2,9,0,0.0,9,8,,,0,,,8,1,2.0,1.0,,,1.0,,,2,1,0.22,,,,,,,,,,,,,,,,,,,,,,,,,,,,,,0,0,0,0,1,1,0,1,0,0,0,0,1,0,0,0,0,0,0,0,0,0,0,0,0,0,0,0,0,0,0,0,0,0,0,,0,0,0,0,0,1,0,1,0,1,0,0,0,1,0,1,,,,,,36-40,36-45,County road,R,Sunday,,OTHVT,White,0,1,0,0,County Road,County Sheriff,Spokane County Sheriff's Office,1,0,1,0,0,,,,,,0.0,0.0,0.0,,,,,,,,,,,0.0,0.0,0.0,1.0,,,,,17.0,7.0,,,,,,,,1.0,0.0,,,HAYS RD,0.65,,,99012,Arlington,Fairfield
2609,2663,2663,2020,221,EA45713,339.0,2020-06-29,22:03,29,6,,63,Spokane,2113,1,,3,1,2,1,0,1,1,,,,53,0,0,0.0,1,0,1,5,2,4,6,0,0,0,0,E 4TH AVE,,-117.2499444,47.653419444,0,1,1,13,2,98,14,0,0,1,2,38,1,1,2,1,1,1,2,53,0,34,402,2007,0,,63,53.0,41.0,38.0,,,1,1,35,1,7.0,,4,7,3,0,11,0,06/29/2020,22:03,211353030082.0,30082.0,0.0,0.0,0.0,0.0,1,8,,,,96,,,,,,98,,,,,,99206,53,76.0,220.0,0.0,0.0,0.0,0.0,0.0,0.0,,0,,,,,,3,,,8,0,0,0,0.0,9,8,,,0,,,8,8,2.0,151.0,,,1.0,,,2,1,0.186,,,,,,,,,,,,,,,,,,,,,,,,,,,,,,0,0,1,0,1,1,1,1,0,0,0,0,1,1,0,0,0,0,0,0,0,0,0,0,0,0,0,0,0,1,0,0,0,0,0,,1,0,0,0,0,1,1,1,0,1,0,1,0,0,0,1,,,,,,31-35,26-35,City street,U,Monday,Belt Used,PV,White,0,0,0,1,City Street,Municipal/City Police,Spokane Valley Police Department,0,0,0,1,0,,,,,,0.0,0.0,0.0,,,,,,,,,,,98.0,98.0,98.0,1.0,,,,,20.0,7.0,,,,,,,,1.0,0.0,,,,,,,99206,Spokane,Spokane
2610,2664,2664,2020,222,EA45808,2.0,2020-07-03,12:43,3,7,,73,Whatcom,0,2,,1,2,2,1,0,3,2,12:44,13:02,13:32,12,0,2,2.5,2,0,3,3,2,1,3,0,0,0,0,SR-546,VINUP RD,-122.4298056,48.964241667,0,1,50,8,1,45,66,0,0,1,2,12,1,1,2,1,1,1,3,95,0,85,881,2012,0,,68,12.0,,,,,1,1,47,1,0.0,,0,0,3,0,11,0,,,,,99.0,9.0,9.0,9.0,1,28,38.0,,,96,,,,,,98,,,,,,0,95,,999.0,9.0,9.0,99.0,99.0,99.0,99.0,,97,,,,,,0,,,20,0,0,0,8.0,9,8,,,0,,,8,8,2.0,402.0,407.0,,1.0,1.0,,2,1,0.0,,,,,,,,,,,,,,,,,,,,,,,,,,,,,,0,0,0,1,0,0,1,1,0,0,0,0,0,0,0,0,0,0,1,0,0,0,0,0,0,1,0,0,0,1,1,0,0,0,0,,0,0,0,0,0,0,1,1,0,0,1,0,0,0,1,0,,,,,,46-50,46-55,State route,U,Friday,,MHTRUCK,Not Fatal,1,0,0,0,State Route,State Patrol,Washington State Patrol,0,1,0,0,0,,,,,,99.0,99.0,99.0,,,,,,,,,,,98.0,98.0,98.0,0.0,,,,,20.0,7.0,,,,,,,,1.0,0.0,,,,,,,98264,Canada,Lynden
2611,2665,2665,2020,222,EA45808,2.0,2020-07-03,12:43,3,7,,73,Whatcom,0,2,,1,2,2,1,0,3,2,12:44,13:02,13:32,12,0,2,2.5,2,0,3,3,2,1,3,0,0,0,0,SR-546,VINUP RD,-122.4298056,48.964241667,0,2,51,62,4,45,15,0,0,1,2,12,1,1,2,1,1,2,2,53,0,49,422,2002,0,,12,,,,,,1,1,67,2,7.0,,4,7,3,0,11,0,07/03/2020,12:43,53030903.0,30903.0,0.0,0.0,0.0,3.0,1,0,,,,96,,,,,,0,,,,,,98295,53,68.0,178.0,6.0,1.0,0.0,0.0,0.0,0.0,,0,,,,,,0,,,8,0,0,0,0.0,9,8,,,0,,,8,8,2.0,155.0,,,1.0,,,2,1,0.0,,,,,,,,,,,,,,,,,,,,,,,,,,,,,,0,0,0,1,0,0,1,1,0,0,0,0,0,0,0,0,0,0,1,0,0,0,0,0,0,1,0,0,0,1,1,0,0,0,0,,1,0,0,0,0,0,1,1,0,0,0,0,0,0,1,0,,,,,,66-70,66-75,State route,U,Friday,Belt Used,PV,API,1,0,0,0,State Route,State Patrol,Washington State Patrol,0,1,0,0,0,,,,,,0.0,0.0,0.0,,,,,,,,,,,98.0,98.0,98.0,7.0,,,,,20.0,7.0,,,,,,,,1.0,0.0,,,,,,,98264,Sumas,Lynden
2612,2666,2666,2020,223,EA45931,38.0,2020-06-29,8:00,29,6,,59,Skamania,0,1,,1,1,4,1,0,1,1,12:16,13:19,,1,0,0,9999.8,1,0,1,98,1,64,8,0,0,0,0,USFS 5603 ROAD,,-122.2110056,46.384883333,0,1,1,13,2,98,63,1,0,1,2,1,3,2,8,1,14,1,3,53,0,85,881,2012,0,,63,1.0,,,,,1,1,34,1,6.0,,4,7,3,0,11,0,06/29/2020,8:00,53032248.0,32248.0,6.0,1.0,0.0,3.0,1,0,,,,96,,,,,,98,,,,,,98902,53,76.0,260.0,6.0,1.0,0.0,2.0,1.0,2.0,,0,,,,,,4,03/15/2016,01/15/2018,20,0,0,0,1.0,9,8,,,0,,,8,8,2.0,1.0,,,1.0,,,2,1,0.0,,,,,,,,,,,,,,,,,,,,,,,,,,,,,,0,0,1,0,0,0,0,0,0,0,0,0,1,0,0,0,0,0,0,0,0,0,0,0,0,0,0,0,0,0,1,0,0,0,0,,0,1,0,0,0,0,0,0,0,1,0,0,0,0,0,0,,,,,,31-35,26-35,Other,R,Monday,,MHTRUCK,Hispanic,0,1,0,0,Other,County Sheriff,Skamania County Sheriff's Office,1,0,0,0,1,,,,,,0.0,0.0,1.0,,,,,,,,,,,98.0,98.0,98.0,98.0,,,,,20.0,7.0,,,,,,,,1.0,0.0,,,,,,,98649,Yakima,Toutle
2613,2667,2667,2020,224,EA46032,146.0,2020-06-12,14:00,12,6,,77,Yakima,0,1,,1,1,5,1,0,5,1,14:05,14:46,15:54,1,0,0,9999.9,1,0,1,98,1,64,8,0,0,0,0,FS 580 R,,-121.1077028,46.664430556,0,1,98,9,1,98,15,0,0,1,2,1,3,2,8,1,14,5,1,53,0,20,421,1993,0,,64,1.0,,,,,1,1,19,2,0.0,,1,0,20,7,11,5,,,,,0.0,0.0,0.0,2.0,1,58,,,,96,,,,,,98,,,,,,98902,53,65.0,160.0,1.0,1.0,0.0,0.0,1.0,2.0,,97,,,,,,0,05/15/2017,07/15/2020,20,0,0,0,8.0,3,2,,,0,,,8,8,0.0,0.0,,,0.0,,,0,0,996.0,,,,,,,,,,,,,,,,,,,,,,,,,,,,,,0,0,0,0,0,0,0,0,0,0,0,0,0,1,0,0,0,0,0,1,0,1,1,0,1,0,0,0,0,1,0,0,0,0,0,,0,0,0,0,0,0,0,0,0,0,0,1,0,0,0,0,,,,,,18-20,16-25,Other,R,Friday,Not Used,PV,Not Fatal,0,1,0,0,Other,County Sheriff,Yakima County Sheriff's Office,1,0,0,0,1,,,,,,0.0,0.0,1.0,,,,,,,,,,,0.0,0.0,0.0,0.0,,,,,20.0,7.0,,,,,,,,1.0,0.0,,,,,,,98937,Yakima,Naches
2614,2668,2668,2020,225,EA46391,1.0,2020-07-02,1:30,2,7,,77,Yakima,0,1,,2,1,1,1,0,2,1,1:32,1:50,2:19,1,0,0,47.6,1,0,1,1,1,1,1,0,0,0,0,I-82,,-120.3454333,46.439238889,0,1,6,12,2,70,4,0,0,1,2,1,1,1,2,2,1,2,2,53,0,37,31,1996,0,,64,1.0,,,,,1,1,38,8,1.0,,4,0,20,7,11,5,07/11/2020,13:52,196053032510.0,32510.0,0.0,0.0,0.0,3.0,1,0,,,,96,,,,,,9,,,,,,98948,53,67.0,180.0,6.0,1.0,0.0,1.0,0.0,0.0,,0,,,,,,0,09/15/2018,09/15/2018,20,1,9,0,0.0,9,8,,,0,,,1,8,2.0,695.0,401.0,417.0,1.0,1.0,1.0,2,1,0.0,,,,,,,,,,,,,,,,,,,,,,,,,,,,,,0,0,1,0,0,0,1,1,1,0,0,0,0,0,0,0,0,0,0,1,0,0,0,0,0,0,0,0,0,1,0,0,0,1,0,,1,0,0,0,0,0,1,1,0,0,0,0,0,0,1,0,,,,,,36-40,36-45,Interstate,R,Thursday,Not Used,PV,Hispanic,0,1,0,0,State Route,State Patrol,Washington State Patrol,1,1,0,0,0,,,carboxy-thc,22.0,,0.0,0.0,0.0,,,,,,,,,,,0.0,0.0,0.0,1.0,,,,,20.0,7.0,,,,,,,,1.0,0.0,,,,,,,98953,Toppenish,Zillah
2615,2669,2669,2020,226,EA46993,4.0,2020-07-11,1:29,11,7,,75,Whitman,0,1,,3,1,1,1,0,1,1,,,,35,0,0,15.2,1,0,1,5,1,1,3,0,0,0,0,SR-23,,-117.6009306,47.096830556,0,1,2,9,1,55,67,0,0,1,2,1,4,1,2,1,14,1,3,53,0,12,880,2006,0,,63,35.0,1.0,,,,1,1,18,1,7.0,,4,7,20,7,11,0,07/11/2020,1:29,53031933.0,31933.0,0.0,0.0,0.0,3.0,1,58,,,,96,,,,,,9,,,,,,99171,53,74.0,165.0,6.0,1.0,0.0,0.0,0.0,0.0,,0,,,,,,0,,,20,1,3,0,0.0,1,8,,,0,,,0,1,8.0,95.0,,,96.0,,,2,1,0.25,,,,,,,,,,,,,,,,,,,,,,,,,,,,,,0,0,0,0,1,1,0,1,0,0,0,0,0,0,0,0,0,0,0,0,0,1,1,0,1,0,0,0,0,0,1,0,0,0,0,,0,1,0,0,0,1,0,1,0,0,0,0,0,1,0,1,,,,,,18-20,16-25,State route,R,Saturday,,MHTRUCK,White,0,1,0,0,State Route,State Patrol,Washington State Patrol,1,1,0,0,0,,,,,,0.0,0.0,0.0,,,,,,,,,,,98.0,98.0,98.0,1.0,,,,,20.0,7.0,,,,,,,,1.0,0.0,,,,,,,99171,Saint John,Saint John
2616,2670,2670,2020,227,EA47157,55.0,2020-07-11,0:16,11,7,,33,King,100,1,,3,1,2,1,0,2,2,0:17,0:22,,12,0,6,0.0,2,0,2,3,2,4,6,0,0,3,3,W VALLEY HWY N,15th St NW,-122.2498667,47.322502778,0,1,86,17,2,35,5,0,0,1,5,12,1,1,5,1,1,1,1,53,0,12,37,2003,0,,12,,,,,,1,1,57,1,7.0,,4,7,99,7,11,0,07/11/2020,0:16,10053032950.0,32950.0,0.0,0.0,0.0,3.0,1,39,,,,96,,,,,,98,,,,,,98003,53,70.0,243.0,6.0,1.0,0.0,1.0,0.0,0.0,,0,,,,,,0,12/15/2015,12/15/2015,99,0,0,0,0.0,9,8,,,0,,,8,8,2.0,401.0,417.0,128.0,1.0,1.0,1.0,2,1,0.0,,,,,,,,,,,,,,,,,,,,,,,,,,,,,,0,0,0,1,0,0,1,1,0,0,0,0,0,0,0,0,0,0,0,0,0,0,0,0,0,0,0,0,0,1,1,0,0,0,0,,1,0,0,0,0,0,1,1,0,0,0,0,0,0,1,0,,,,,,56-60,56-65,City street,U,Saturday,Unknown,PV,White,1,0,0,0,City Street,Municipal/City Police,Auburn Police Department,0,0,0,1,0,,,,,,0.0,0.0,0.0,1.0,,,,,177.0,,,,,98.0,98.0,98.0,1.0,,,,,20.0,7.0,,,,,,,,1.0,0.0,,,,,,,98001,Federal Way,Auburn
2617,2671,2671,2020,227,EA47157,55.0,2020-07-11,0:16,11,7,,33,King,100,1,,3,1,2,1,0,2,2,0:17,0:22,,12,0,6,0.0,2,0,2,3,2,4,6,0,0,3,3,W VALLEY HWY N,15th St NW,-122.2498667,47.322502778,0,2,87,66,4,40,66,1,0,1,5,12,1,1,5,1,1,1,3,18,0,51,881,2019,0,,12,,,,,,1,1,58,8,0.0,,0,0,3,0,11,0,,,,,6.0,1.0,0.0,3.0,1,0,,,,96,,,,,,0,,,,,,98422,53,72.0,190.0,6.0,1.0,0.0,0.0,0.0,0.0,,0,,,,,,0,,,20,0,0,0,8.0,9,8,,,0,,,8,8,0.0,0.0,,,0.0,,,0,0,996.0,,,,,,,,,,,,,,,,,,,,,,,,,,,,,,0,0,0,1,0,0,1,1,0,0,0,0,0,0,0,0,0,0,0,0,0,0,0,0,0,0,0,0,0,1,1,0,0,0,0,,0,0,0,0,0,0,0,0,0,0,0,0,0,0,0,0,,,,,,56-60,56-65,City street,U,Saturday,,MHTRUCK,Not Fatal,1,0,0,0,City Street,Municipal/City Police,Auburn Police Department,0,0,0,1,0,,,,,,0.0,0.0,0.0,,,,,,,,,,,98.0,98.0,98.0,0.0,,,,,20.0,7.0,,,,,,,,1.0,0.0,,,,,,,98001,Tacoma,Auburn
2618,2672,2672,2020,228,EA47362,26.0,2020-07-10,0:15,10,7,,35,Kitsap,0,1,,2,1,2,1,0,1,1,,,,42,0,0,1.9,1,0,1,5,1,2,4,0,0,0,0,CR-MILLER BAY RD NE,,-122.5617722,47.766661111,0,1,7,9,1,45,4,0,0,1,2,42,1,1,2,1,1,1,2,53,0,51,46,2000,0,,68,64.0,42.0,,,,1,1,37,2,7.0,,4,7,20,7,11,0,07/10/2020,0:15,53031570.0,31570.0,0.0,0.0,0.0,3.0,1,0,,,,96,,,,,,9,,,,,,98346,53,61.0,223.0,6.0,1.0,0.0,0.0,0.0,0.0,,0,,,,,,0,,,1,0,0,0,0.0,9,8,,,0,,,8,1,2.0,124.0,996.0,,1.0,1.0,,2,1,0.173,,,,,,,,,,,,,,,,,,,,,,,,,,,,,,0,0,0,0,1,1,1,1,0,0,0,0,0,0,0,0,0,0,0,1,0,0,0,0,0,0,0,0,0,1,0,0,0,1,0,,1,0,0,0,0,1,1,1,0,0,0,0,0,0,0,1,,,,,,36-40,36-45,County road,R,Friday,Not Used,PV,AIAN,0,1,0,0,County Road,County Sheriff,Kitsap County Sheriff's Office,1,0,1,0,0,,,,,,0.0,0.0,0.0,,,,,,,,,,,98.0,98.0,98.0,3.0,,,,,20.0,7.0,,,,,,,,1.0,0.0,,,MILLER BAY RD NE,1.938,,,98370,Kingston,Poulsbo
2619,2673,2673,2020,229,EA47886,6.0,2020-07-05,10:05,5,7,,25,Grant,0,1,,1,1,2,1,1,1,1,10:20,10:36,11:38,9,0,0,79.9,3,0,3,4,1,1,3,0,0,0,0,SR-17,MMOORE RD NE,-119.4694528,47.542830556,0,1,13,83,5,60,80,0,0,1,2,9,2,1,2,1,14,1,1,53,0,37,706,2003,0,,9,,,,,,1,1,55,1,0.0,,3,0,20,7,11,5,,,,,0.0,0.0,0.0,3.0,1,0,,,,96,,,,,,0,,,,,,85086,4,73.0,185.0,6.0,1.0,0.0,0.0,0.0,0.0,,0,,,,,,0,,,20,8,0,0,8.0,3,8,,,0,,,8,8,8.0,95.0,,,96.0,,,8,95,995.0,,,,,,,,,,,,,,,,,,,,,,,,,,,,,,0,0,0,1,0,0,0,0,0,0,0,0,0,0,0,0,0,0,0,0,0,0,0,0,0,0,0,0,1,0,0,0,1,0,0,0.0,0,0,0,0,0,0,0,0,0,0,0,0,0,0,0,0,,,,,,51-55,46-55,State route,R,Sunday,,MC,Not Fatal,1,0,0,0,State Route,State Patrol,Washington State Patrol,0,1,0,0,0,,,,,,0.0,0.0,0.0,,,,,,,,,,,0.0,0.0,0.0,0.0,,,,,19.0,0.0,,,,,,,,1.0,0.0,,,,,,,99115,Phoenix,Coulee City
2620,2674,2674,2020,230,EA47878,35.0,2020-07-14,21:20,14,7,,53,Pierce,0,1,,2,1,2,1,0,2,1,21:30,21:40,22:17,17,0,0,0.9,1,0,1,5,2,2,4,0,3,0,0,CR-WALLER RD E,,-122.3862111,47.214330556,0,1,1,13,2,35,4,0,0,1,5,17,3,2,2,1,14,2,2,53,0,30,46,2000,0,,63,17.0,1.0,,,,1,1,55,1,0.0,,9,0,3,0,11,5,,,,,0.0,0.0,0.0,3.0,1,0,,,,96,,,,,,9,,,,,,98404,53,67.0,195.0,6.0,1.0,0.0,0.0,0.0,0.0,,97,,,,,,0,,,20,0,0,0,8.0,9,8,,,0,,,1,8,2.0,151.0,,,1.0,,,2,1,0.0,,,,,,,,,,,,,,,,,,,,,,,,,,,,,,0,0,1,0,0,0,1,1,0,0,0,0,0,0,0,0,0,0,0,0,0,0,0,0,0,0,0,0,0,1,0,0,0,0,0,,0,0,0,0,0,0,1,1,0,0,0,0,0,0,1,0,,,,,,51-55,46-55,County road,U,Tuesday,Belt Used,PV,Not Fatal,0,1,0,0,County Road,County Sheriff,Law Enforcement Support Agency,1,0,1,0,0,,,,,,0.0,0.0,0.0,,,,,,,,,,,98.0,98.0,98.0,0.0,,,,,20.0,7.0,,,,,,,,1.0,0.0,,,WALLER RD E,0.94,,,98443,Tacoma,Tacoma