,index,Unnamed: 0,year,case,par,repjur,crash_dt,crash_tm,accday,accmon,holiday,county,co_char,city,weather,weather2,lightcond,surfcond,surftype,numfatal,nmforms,pforms,vforms,not_tm,arr_tm,hosp_tm,fhevent,hitrun,manncol,milepnt,reljunc,reljuncinter,intersectiontype,funcsystem,landuse,ownership,route,schlbus,spejur,contdev,devfunc,trafid1,trafid2,lon,lat,wk_zone,vnumber,crashtype,criticalevent,criticaleventcat,spdlim,body,trailer,emerg,hazcargo,leave,mhevent,roadalgn,roadprof,traflane,trafflow,vehmanvr,numoccs,regowner,regstate,spuse,make,model,modelyr,vrf1,vrf2,seqevent1,seqevent2,seqevent3,seqevent4,seqevent5,seqevent6,pnumber,ptype,age,sex,hispanic,race,injury,diedscene,restraint,restraintmisuse,seatpos,takehosp,death_dt,death_tm,cert,cernum_wa,commlic,licendor,licrestrict,liccomp,drivpres,drf1,drf2,drf3,drf4,distract1,distract2,distract3,distract4,distract5,distract6,dricond1,dricond2,dricond3,dricond4,dricond5,dricond6,dzip,licstate,drhgt_in,weight,noncdl,noncdltype,prevdwi,prevoth,prevacc,prevspd,prevsus,driviol1,driviol2,driviol3,driviol4,driviol5,driviol6,spdrel,first_dt,last_dt,airbag,ejection,ejectpath,extricat,injurwrk,methalc,methdrug,nmlocat,strikveh,prf1,prf2,prf3,druginv,alcinvol,drugsts,drugres1,drugres2,drugres3,drugtst1,drugtst2,drugtst3,alcsts,alctst,alcres,nmact1,nmact2,nmact3,nmact4,nmact5,nmact6,nmprior1,nmprior2,nmprior3,nmprior4,nmprior5,nmprior6,nmcond1,nmcond2,nmcond3,nmcond4,nmcond5,nmcond6,nmsafe_helmet,nmsafe_pads,nmsafe_oth,nmprev_ref,nmprev_lgt,nmprev_oth,crashlocation,nmcrashtype,crosswalk,schoolzone,sidewalk,train_inv,wildlife_inv,rotr_fars,intersect_fars,dd_inv,aid_inv,dpd_inv,id_inv,mj_inv,impnm_inv,ainm_inv,dpnm_inv,speed_inv,unlic_inv,unendmc_inv,drowsy_inv,drdist_inv,nmdist_inv,fty_inv,unrestfat_inv,dr1617_inv,dr1820_inv,dr1620_inv,dr2125_inv,dr1625_inv,dr65_inv,dr70_inv,dr75_inv,mc_inv,pv_inv,ht_inv,ped_inv,bike_inv,unrest_fat,mc_fat,unhelmet_mc,pv_fat,ht_fat,ped_fat,bike_fat,dr_alc7,dr_alc8,dr_drug,dr_imp,dr_dist,dr_spd,dr_fty,dr_unlic,dr_alc7only,dr_alc8only,dr_drugonly,dr_drink,nm_imp,nm_alc7,nm_alc8,nm_drug,nm_dist,agegrp1,agegrp2,roadclass,urbrur,dayweek,restuse,vehtype,race_me,intersect,lanedep,oppdir,wrongway,rep_typ,investag,repag_long,rotr,st_rd,cty_rd,city_rd,oth_rd,drug_thc,thc_res,drug_cthc,cthc_res,drug_cann,prevpersemin,prevperse,prevsusoth,drugtst4,drugtst5,drugtst6,drugtst7,drugtst8,drugres4,drugres5,drugres6,drugres7,drugres8,adspresent,adsengaged,adslevel,race1,race2,race3,race4,race5,helmet,helmetmisuse,nmdistract1,nmdistract2,nmdistract3,nmdistract4,nmdistract5,nmdistract6,lab,isedtcase,crf1,crf2,crf3,CoRoadName,CoMP,IntCoRoadName,IntCoMP,crashzip,dcity,crashcity
2621,2675,2675,2020,231,EA48114,278.0,2020-07-17,12:37,17,7,,63,Spokane,2110,1,,1,1,2,1,1,1,1,,,,8,0,0,0.0,1,0,1,4,2,4,6,0,0,0,0,S SOUTHEAST BLVD,,-117.3753806,47.631091667,0,1,1,13,2,98,4,0,0,1,5,8,1,1,3,5,1,1,2,53,0,35,47,2004,0,,63,8.0,,,,,1,1,19,1,0.0,,0,0,3,0,11,0,,,,,0.0,0.0,1.0,3.0,1,0,,,,0,,,,,,2,,,,,,99202,53,68.0,170.0,6.0,2.0,0.0,0.0,0.0,0.0,,97,,,,,,0,,,20,0,0,0,8.0,9,8,,,0,,,8,8,0.0,0.0,,,0.0,,,0,0,996.0,,,,,,,,,,,,,,,,,,,,,,,,,,,,,,0,0,1,0,0,0,0,0,0,0,0,0,0,0,0,1,0,0,0,0,0,1,1,0,1,0,0,0,0,1,0,1,0,0,0,,0,0,0,0,0,0,0,0,0,0,0,0,0,0,0,0,,,,,,18-20,16-25,City street,U,Friday,Belt Used,PV,Not Fatal,0,0,0,0,City Street,Municipal/City Police,Spokane Police Department,0,0,0,1,0,,,,,,0.0,0.0,0.0,,,,,,,,,,,98.0,98.0,98.0,0.0,,,,,20.0,7.0,,,,,,,,1.0,0.0,,,,,,,99223,Spokane,Spokane
2622,2676,2676,2020,232,EA48230,146.0,2020-07-14,16:40,14,7,,77,Yakima,0,1,,1,0,0,2,0,3,2,16:42,16:50,17:14,12,0,6,0.6,8,0,1,6,1,2,4,0,0,0,0,CR-WENDELL PHILLIPS RD,,-120.0622583,46.294894444,0,1,89,17,2,0,90,0,0,1,2,12,0,0,0,0,1,2,0,53,0,98,733,2005,0,,12,,,,,,1,1,14,1,1.0,,4,7,20,7,11,0,07/14/2020,16:40,53034557.0,34557.0,0.0,0.0,0.0,1.0,1,38,,,,96,,,,,,98,,,,,,98944,53,,999.0,0.0,0.0,0.0,0.0,0.0,0.0,,0,,,,,,0,,,20,1,9,0,0.0,9,8,,,0,,,8,8,2.0,1.0,,,1.0,,,2,1,0.0,,,,,,,,,,,,,,,,,,,,,,,,,,,,,,0,0,0,0,0,0,0,0,0,0,0,0,0,1,0,0,0,0,1,0,0,1,1,0,1,0,0,0,0,1,0,0,0,0,0,,0,0,0,0,0,0,0,0,0,0,1,1,0,0,0,0,,,,,,10-15,0-15,County road,R,Tuesday,,OTHVT,Hispanic,0,0,0,0,County Road,County Sheriff,Yakima County Sheriff's Office,0,0,1,0,0,,,,,,0.0,0.0,0.0,,,,,,,,,,,0.0,0.0,0.0,98.0,,,,,17.0,7.0,,,,,,,,1.0,0.0,,,WENDELL PHILLIPS RD.,0.6,,,98944,Sunnyside,Sunnyside
2623,2677,2677,2020,232,EA48230,146.0,2020-07-14,16:40,14,7,,77,Yakima,0,1,,1,1,2,2,0,3,2,16:42,16:50,17:14,12,0,6,0.6,8,0,1,6,1,2,4,0,0,0,0,CR-WENDELL PHILLIPS RD,,-120.0622583,46.294894444,0,2,88,55,3,98,34,0,0,1,2,12,1,1,2,1,1,1,2,53,0,12,481,1995,0,,12,,,,,,1,1,20,1,0.0,,0,0,3,0,11,0,,,,,0.0,0.0,0.0,3.0,1,0,,,,96,,,,,,0,,,,,,98938,53,67.0,172.0,6.0,1.0,0.0,0.0,0.0,1.0,,0,,,,,,0,04/15/2019,04/15/2019,20,0,0,0,8.0,9,8,,,0,,,8,8,2.0,1.0,,,1.0,,,2,1,0.0,,,,,,,,,,,,,,,,,,,,,,,,,,,,,,0,0,0,0,0,0,0,0,0,0,0,0,0,1,0,0,0,0,1,0,0,1,1,0,1,0,0,0,0,1,0,0,0,0,0,,0,0,0,0,0,0,0,0,0,0,0,0,0,0,0,0,,,,,,18-20,16-25,County road,R,Tuesday,Belt Used,PV,Not Fatal,0,0,0,0,County Road,County Sheriff,Yakima County Sheriff's Office,0,0,1,0,0,,,,,,0.0,0.0,0.0,,,,,,,,,,,0.0,0.0,0.0,0.0,,,,,20.0,7.0,,,,,,,,1.0,0.0,,,WENDELL PHILLIPS RD.,0.6,,,98944,Outlook,Sunnyside
2624,2678,2678,2020,233,EA48375,4.0,2020-06-20,16:07,20,6,,1,Adams,1630,1,,1,1,2,1,0,4,2,16:10,16:12,16:28,12,0,6,21.9,2,0,2,3,2,1,3,0,0,20,3,SR-17,CUNNINGHAM RD,-119.1333306,46.826316667,0,1,89,17,2,35,4,0,0,1,2,12,1,1,2,1,4,2,2,53,0,21,20,1998,0,,12,,,,,,1,1,74,1,6.0,,4,0,3,0,11,5,06/26/2020,16:23,211053030399.0,30399.0,0.0,0.0,0.0,3.0,1,38,,,,96,,,,,,98,,,,,,99344,53,66.0,200.0,6.0,1.0,0.0,0.0,0.0,0.0,,0,,,,,,0,,,8,0,0,0,0.0,9,8,,,0,,,8,8,2.0,151.0,,,1.0,,,2,1,0.0,,,,,,,,,,,,,,,,,,,,,,,,,,,,,,0,0,0,1,0,0,1,1,0,0,0,0,0,0,0,0,0,0,1,0,0,0,0,0,0,1,1,0,0,1,0,0,0,0,0,,1,0,0,0,0,0,1,1,0,0,1,0,0,0,1,0,,,,,,71-75,66-75,State route,U,Saturday,Belt Used,PV,Hispanic,1,0,0,0,State Route,State Patrol,Washington State Patrol,0,1,0,0,0,,,,,,0.0,0.0,0.0,,,,,,,,,,,0.0,0.0,0.0,1.0,,,,,20.0,7.0,,,,,,,,1.0,0.0,,,,,,,99344,Othello,Othello
2625,2679,2679,2020,233,EA48375,4.0,2020-06-20,16:07,20,6,,1,Adams,1630,1,,1,1,2,1,0,4,2,16:10,16:12,16:28,12,0,6,21.9,2,0,2,3,2,1,3,0,0,0,0,SR-17,CUNNINGHAM RD,-119.1333306,46.826316667,0,2,88,66,4,60,34,1,0,1,5,12,1,1,3,1,1,2,2,53,0,20,481,2007,0,,12,,,,,,1,1,48,1,0.0,,0,0,3,0,11,0,,,,,0.0,0.0,0.0,3.0,1,0,,,,96,,,,,,0,,,,,,99344,53,72.0,180.0,6.0,1.0,0.0,0.0,0.0,1.0,,0,,,,,,0,09/15/2019,09/15/2019,8,0,0,0,8.0,9,8,,,0,,,8,8,0.0,0.0,,,0.0,,,0,0,996.0,,,,,,,,,,,,,,,,,,,,,,,,,,,,,,0,0,0,1,0,0,1,1,0,0,0,0,0,0,0,0,0,0,1,0,0,0,0,0,0,1,1,0,0,1,0,0,0,0,0,,0,0,0,0,0,0,0,0,0,0,0,0,0,0,0,0,,,,,,46-50,46-55,State route,U,Saturday,Belt Used,PV,Not Fatal,1,0,0,0,State Route,State Patrol,Washington State Patrol,0,1,0,0,0,,,,,,0.0,0.0,0.0,,,,,,,,,,,98.0,98.0,98.0,0.0,,,,,20.0,7.0,,,,,,,,1.0,0.0,,,,,,,99344,Othello,Othello
2626,2680,2680,2020,234,EA18725,26.0,2020-02-26,12:24,26,2,,35,Kitsap,0,1,,1,1,2,1,0,4,2,12:32,12:59,13:47,12,0,6,1.6,8,0,1,5,2,2,4,0,0,0,0,CR-SEABECK HWY NW,,-122.7350389,47.597225,0,1,68,15,2,35,4,0,0,1,5,12,1,1,2,1,11,3,2,53,0,37,32,1994,0,,12,,,,,,1,1,29,2,0.0,,0,0,3,0,11,0,,,,,0.0,0.0,0.0,3.0,1,10,,,,0,,,,,,98,,,,,,98370,53,62.0,175.0,6.0,1.0,0.0,1.0,0.0,0.0,,46,,,,,,0,05/15/2018,05/15/2018,1,0,0,0,8.0,9,8,,,0,,,8,8,8.0,95.0,,,96.0,,,8,95,995.0,,,,,,,,,,,,,,,,,,,,,,,,,,,,,,0,0,0,0,1,0,1,1,0,0,0,0,0,0,0,0,0,0,0,0,0,0,0,0,0,0,0,0,1,1,0,0,0,0,0,,0,0,0,0,0,0,0,0,0,0,0,0,0,0,0,0,,,,,,26-30,26-35,County road,U,Wednesday,Belt Used,PV,Not Fatal,0,0,0,0,County Road,County Sheriff,Kitsap County Sheriff's Office,0,0,1,0,0,,,,,,0.0,0.0,0.0,,,,,,,,,,,0.0,0.0,0.0,0.0,,,,,20.0,7.0,,,,,,,,0.0,0.0,,,SEABECK HIGHWAY NW,1.614,,,98312,Poulsbo,Bremerton
2627,2681,2681,2020,234,EA18725,26.0,2020-02-26,12:24,26,2,,35,Kitsap,0,1,,1,1,2,1,0,4,2,12:32,12:59,13:47,12,0,6,1.6,8,0,1,5,2,2,4,0,0,0,0,CR-SEABECK HWY NW,,-122.7350389,47.597225,0,2,69,62,4,35,80,0,0,1,5,12,1,1,2,1,1,1,1,53,0,72,706,1996,0,,12,,,,,,1,1,57,1,7.0,,4,0,20,7,11,1,02/26/2020,14:12,196053009717.0,9717.0,0.0,0.0,0.0,3.0,1,0,,,,96,,,,,,0,,,,,,98312,53,74.0,245.0,6.0,1.0,0.0,1.0,0.0,0.0,,0,,,,,,0,05/15/2018,05/15/2018,20,8,0,0,0.0,9,8,,,0,,,8,8,2.0,155.0,,,1.0,,,2,1,0.029,,,,,,,,,,,,,,,,,,,,,,,,,,,,,,0,0,0,0,1,0,1,1,0,0,0,0,0,0,0,0,0,0,0,0,0,0,0,0,0,0,0,0,1,1,0,0,0,0,1,0.0,0,0,0,0,1,0,1,1,0,0,0,0,0,0,0,1,,,,,,56-60,56-65,County road,U,Wednesday,,MC,White,0,0,0,0,County Road,County Sheriff,Kitsap County Sheriff's Office,0,0,1,0,0,,,,,,0.0,0.0,0.0,,,,,,,,,,,0.0,0.0,0.0,1.0,,,,,5.0,0.0,,,,,,,,0.0,0.0,,,SEABECK HIGHWAY NW,1.614,,,98312,Bremerton,Bremerton
2628,2682,2682,2020,235,EA18657,7.0,2020-02-21,8:57,21,2,,33,King,0,1,,1,4,2,1,0,4,2,8:55,9:10,9:27,12,0,6,59.3,1,0,1,3,1,1,2,0,0,0,0,US-2,,-121.1441861,47.713577778,0,1,66,5,1,50,34,1,0,1,2,12,1,2,3,1,1,2,1,53,0,12,481,2004,0,,68,12.0,,,,,1,1,75,1,0.0,,0,0,3,0,11,0,,,,,0.0,0.0,0.0,3.0,1,87,,,,96,,,,,,98,,,,,,98812,53,72.0,220.0,6.0,1.0,0.0,0.0,0.0,0.0,,0,,,,,,0,,,8,0,0,0,8.0,3,8,,,0,,,8,0,0.0,0.0,,,0.0,,,0,0,996.0,,,,,,,,,,,,,,,,,,,,,,,,,,,,,,0,0,0,0,0,0,0,0,0,0,0,0,0,0,0,0,0,0,0,0,0,0,0,0,0,1,1,1,0,1,0,0,0,0,0,,0,0,0,0,0,0,0,0,0,0,0,0,0,0,0,0,,,,,,71-75,66-75,US highway,R,Friday,Belt Used,PV,Not Fatal,0,1,1,0,State Route,State Patrol,Washington State Patrol,0,1,0,0,0,,,,,,0.0,0.0,0.0,,,,,,,,,,,98.0,98.0,98.0,0.0,,,,,20.0,7.0,,,,,,,,0.0,0.0,,,,,,,98288,Brewster,Skykomish
2629,2683,2683,2020,235,EA18657,7.0,2020-02-21,8:57,21,2,,33,King,0,1,,1,4,2,1,0,4,2,8:55,9:10,9:27,12,0,6,59.3,1,0,1,3,1,1,2,0,0,0,0,US-2,,-121.1441861,47.713577778,0,2,66,62,4,50,34,0,0,1,2,12,1,2,3,1,1,2,1,53,0,49,472,2016,0,,12,,,,,,1,1,49,1,7.0,,4,0,3,0,11,5,02/21/2020,10:31,81053008128.0,8128.0,0.0,0.0,0.0,3.0,1,0,,,,96,,,,,,0,,,,,,98815,53,75.0,230.0,6.0,1.0,0.0,1.0,0.0,1.0,,0,,,,,,0,01/15/2015,03/15/2018,8,0,0,0,0.0,9,8,,,0,,,8,8,2.0,1.0,,,1.0,,,2,1,0.0,,,,,,,,,,,,,,,,,,,,,,,,,,,,,,0,0,0,0,0,0,0,0,0,0,0,0,0,0,0,0,0,0,0,0,0,0,0,0,0,1,1,1,0,1,0,0,0,0,0,,1,0,0,0,0,0,0,0,0,0,0,0,0,0,0,0,,,,,,46-50,46-55,US highway,R,Friday,Belt Used,PV,White,0,1,1,0,State Route,State Patrol,Washington State Patrol,0,1,0,0,0,,,,,,0.0,0.0,0.0,,,,,,,,,,,98.0,98.0,98.0,1.0,,,,,20.0,7.0,,,,,,,,0.0,0.0,,,,,,,98288,Cashmere,Skykomish
2630,2684,2684,2020,236,EA48550,38.0,2020-07-18,12:55,18,7,,59,Skamania,0,1,,1,1,2,1,0,1,1,,,,24,0,0,9999.8,1,0,1,5,1,64,8,0,0,0,0,USFS 90 RD,,-122.2309167,46.058452778,0,1,2,13,2,25,80,0,0,1,2,24,3,2,2,1,14,1,1,41,0,53,705,2004,0,,63,24.0,,,,,1,1,30,1,7.0,,4,7,20,7,11,0,07/18/2020,12:55,53035843.0,35843.0,0.0,0.0,0.0,3.0,1,0,,,,96,,,,,,98,,,,,,97756,41,69.0,165.0,6.0,1.0,0.0,0.0,0.0,0.0,,0,,,,,,3,04/15/2015,12/15/2016,20,8,0,0,0.0,9,8,,,0,,,8,8,2.0,695.0,605.0,,1.0,1.0,,2,1,0.0,,,,,,,,,,,,,,,,,,,,,,,,,,,,,,0,0,0,0,0,0,1,1,1,0,0,0,1,0,0,0,0,0,0,0,0,0,0,0,0,0,0,0,1,0,0,0,0,0,1,0.0,0,0,0,0,0,0,1,1,0,1,0,0,0,0,1,0,,,,,,26-30,26-35,Other,R,Saturday,,MC,White,0,1,0,0,Other,County Sheriff,Skamania County Sheriff's Office,1,0,0,0,1,thc,13.0,carboxy-thc,33.0,,0.0,0.0,2.0,,,,,,,,,,,0.0,0.0,0.0,1.0,,,,,5.0,0.0,,,,,,,nms,1.0,0.0,,,,,,,98648,Redmond,Stevenson
2631,2685,2685,2020,237,EA48702,6.0,2020-07-18,19:35,18,7,,17,Douglas,0,1,,1,1,2,1,0,3,2,19:34,19:45,20:49,12,0,6,20.0,1,0,1,3,1,1,3,0,0,0,0,SR-28,,-120.0658917,47.279530556,0,1,98,13,2,60,4,0,0,1,2,12,4,2,2,1,14,2,1,53,0,35,39,2001,0,,63,69.0,68.0,12.0,63.0,24.0,1,1,41,1,0.0,,3,0,3,0,11,5,,,,,0.0,0.0,0.0,3.0,1,58,91.0,,,0,,,,,,8,9.0,,,,,98848,53,64.0,188.0,6.0,1.0,0.0,0.0,0.0,0.0,,1,,,,,,0,,,8,0,0,0,8.0,9,8,,,0,,,8,1,2.0,1.0,,,1.0,,,2,1,0.19,,,,,,,,,,,,,,,,,,,,,,,,,,,,,,0,0,0,0,1,1,0,1,0,0,0,0,0,0,0,0,0,0,0,0,0,0,0,0,0,0,0,0,0,1,0,0,0,0,0,,0,0,0,0,0,1,0,1,0,0,0,0,0,1,0,1,,,,,,41-45,36-45,State route,R,Saturday,Belt Used,PV,Not Fatal,0,1,1,0,State Route,State Patrol,Washington State Patrol,0,1,0,0,0,,,,,,0.0,0.0,0.0,,,,,,,,,,,98.0,98.0,98.0,0.0,,,,,20.0,7.0,,,,,,,,1.0,0.0,,,,,,,98850,Quincy,Rock Island
2632,2686,2686,2020,237,EA48702,6.0,2020-07-18,19:35,18,7,,17,Douglas,0,1,,1,1,2,1,0,3,2,19:34,19:45,20:49,12,0,6,20.0,1,0,1,3,1,1,3,0,0,0,0,SR-28,,-120.0658917,47.279530556,0,2,98,62,4,60,34,0,0,1,2,12,4,2,2,1,14,1,1,53,0,20,473,2015,0,,12,67.0,,,,,1,1,30,1,0.0,,3,0,3,0,11,5,,,,,0.0,0.0,0.0,3.0,1,0,,,,96,,,,,,0,,,,,,98848,53,74.0,195.0,6.0,1.0,0.0,0.0,0.0,0.0,,0,,,,,,0,,,8,0,0,0,8.0,9,8,,,0,,,8,8,0.0,0.0,,,0.0,,,0,0,996.0,,,,,,,,,,,,,,,,,,,,,,,,,,,,,,0,0,0,0,1,1,0,1,0,0,0,0,0,0,0,0,0,0,0,0,0,0,0,0,0,0,0,0,0,1,0,0,0,0,0,,0,0,0,0,0,0,0,0,0,0,0,0,0,0,0,0,,,,,,26-30,26-35,State route,R,Saturday,Belt Used,PV,Not Fatal,0,1,1,0,State Route,State Patrol,Washington State Patrol,0,1,0,0,0,,,,,,0.0,0.0,0.0,,,,,,,,,,,98.0,98.0,98.0,0.0,,,,,20.0,7.0,,,,,,,,1.0,0.0,,,,,,,98850,Quincy,Rock Island
2633,2689,2689,2020,239,EA48857,6.0,2020-07-03,11:19,3,7,,47,Okanogan,0,1,,1,1,2,1,0,5,2,11:45,12:03,13:46,12,0,2,231.5,1,0,1,4,1,1,3,0,0,0,0,SR-20,,-119.6073056,48.350463889,0,2,51,62,4,60,34,0,0,1,2,12,3,1,2,1,14,3,1,53,0,7,482,2012,0,,12,63.0,17.0,,,,1,1,73,1,0.0,,1,0,3,0,11,5,,,,,0.0,0.0,3.0,3.0,1,0,,,,96,,,,,,98,,,,,,98840,53,76.0,220.0,6.0,1.0,0.0,1.0,0.0,0.0,,0,,,,,,0,06/15/2018,06/15/2018,8,0,0,0,8.0,9,8,,,0,,,8,8,8.0,95.0,,,96.0,,,8,95,995.0,,,,,,,,,,,,,,,,,,,,,,,,,,,,,,0,0,0,0,0,0,1,1,1,0,0,0,0,1,0,0,1,0,0,1,0,0,0,1,1,1,1,0,0,1,0,0,0,0,0,,0,0,0,0,0,0,0,0,0,0,0,0,0,0,0,0,,,,,,71-75,66-75,State route,R,Friday,Belt Used,PV,Not Fatal,0,1,1,0,State Route,State Patrol,Washington State Patrol,0,1,0,0,0,,,,,,0.0,0.0,0.0,,,,,,,,,,,98.0,98.0,98.0,0.0,,,,,20.0,7.0,,,,,,,,1.0,0.0,,,,,,,98840,Okanogan,Okanogan
2634,2690,2690,2020,240,EA48948,35.0,2020-07-17,21:31,17,7,,53,Pierce,0,1,,2,1,2,1,0,1,1,,,,93,0,0,1.8,1,0,1,5,2,2,4,0,0,0,0,CR-CRAMER ROAD KP N,,-122.7226306,47.357019444,0,1,7,13,2,35,34,0,0,1,2,93,4,1,2,1,14,1,2,53,0,12,481,1992,0,,63,69.0,68.0,64.0,93.0,,1,1,34,2,7.0,,4,7,20,7,11,0,07/17/2020,21:31,53033542.0,33542.0,0.0,0.0,3.0,2.0,1,58,,,,96,,,,,,0,,,,,,98349,53,65.0,150.0,1.0,1.0,0.0,1.0,0.0,0.0,,0,,,,,,0,11/15/2019,11/15/2019,20,1,2,0,0.0,9,8,,,0,,,8,8,2.0,401.0,417.0,695.0,1.0,1.0,1.0,2,1,0.0,,,,,,,,,,,,,,,,,,,,,,,,,,,,,,0,0,0,0,0,0,1,1,1,0,0,0,0,1,0,0,0,0,0,1,0,0,0,0,0,0,0,0,0,1,0,0,0,1,0,,1,0,0,0,0,0,1,1,0,0,0,1,0,0,1,0,,,,,,31-35,26-35,County road,U,Friday,Not Used,PV,White,0,1,0,0,County Road,County Sheriff,Law Enforcement Support Agency,1,0,1,0,0,thc,18.0,carboxy-thc,51.0,,0.0,0.0,1.0,1.0,,,,,605.0,,,,,0.0,0.0,0.0,1.0,,,,,20.0,7.0,,,,,,,nms,1.0,0.0,,,CRAMER RD NW,1.77,,,98329,Lakebay,Gig Harbor
2635,2691,2691,2020,241,EA49130,1.0,2020-07-18,4:49,18,7,,5,Benton,0,1,,4,1,1,1,0,2,2,,,,12,0,2,80.4,1,0,1,1,2,1,1,0,0,0,0,I-82,,-119.7799417,46.221477778,0,1,50,12,2,70,34,0,0,1,2,12,1,1,2,2,1,1,1,53,0,20,481,2000,0,,64,65.0,12.0,43.0,,,1,1,60,1,7.0,,4,7,20,7,11,0,07/18/2020,4:49,53032959.0,32959.0,6.0,0.0,0.0,3.0,1,0,,,,96,,,,,,9,,,,,,98935,53,73.0,210.0,6.0,1.0,0.0,0.0,0.0,0.0,,0,,,,,,0,,,1,1,9,0,0.0,9,1,,,0,,,1,8,2.0,996.0,996.0,401.0,1.0,1.0,1.0,2,1,0.0,,,,,,,,,,,,,,,,,,,,,,,,,,,,,,0,0,0,0,0,0,1,1,0,0,0,0,0,0,0,0,0,0,0,1,0,0,0,0,0,0,0,0,0,1,1,0,0,1,0,,1,0,0,0,0,0,1,1,0,0,0,0,0,0,1,0,,,,,,56-60,56-65,Interstate,U,Saturday,Not Used,PV,White,0,1,1,0,State Route,State Patrol,Washington State Patrol,0,1,0,0,0,,,,,,0.0,0.0,0.0,1.0,,,,,417.0,,,,,98.0,98.0,98.0,1.0,,,,,20.0,7.0,,,,,,,,1.0,0.0,,,,,,,99350,Mabton,Prosser
2636,2692,2692,2020,241,EA49130,1.0,2020-07-18,4:49,18,7,,5,Benton,0,1,,4,1,1,1,0,2,2,,,,12,0,2,80.4,1,0,1,1,2,1,1,0,0,0,0,I-82,,-119.7799417,46.221477778,0,2,51,62,4,60,66,1,0,1,2,12,1,1,2,2,1,1,1,53,0,51,881,2000,0,,12,63.0,59.0,38.0,,,1,1,33,1,0.0,,0,0,3,0,11,0,,,,,6.0,0.0,0.0,3.0,1,0,,,,96,,,,,,0,,,,,,99301,53,71.0,183.0,6.0,1.0,0.0,1.0,1.0,0.0,,0,,,,,,0,02/15/2016,11/15/2019,1,0,0,0,8.0,3,8,,,0,,,8,8,2.0,1.0,,,1.0,,,2,1,0.0,,,,,,,,,,,,,,,,,,,,,,,,,,,,,,0,0,0,0,0,0,1,1,0,0,0,0,0,0,0,0,0,0,0,1,0,0,0,0,0,0,0,0,0,1,1,0,0,0,0,,0,0,0,0,0,0,0,0,0,0,0,0,0,0,0,0,,,,,,31-35,26-35,Interstate,U,Saturday,,MHTRUCK,Not Fatal,0,1,1,0,State Route,State Patrol,Washington State Patrol,0,1,0,0,0,,,,,,0.0,0.0,0.0,,,,,,,,,,,98.0,98.0,98.0,0.0,,,,,20.0,7.0,,,,,,,,1.0,0.0,,,,,,,99350,Pasco,Prosser
2637,2693,2693,2020,242,EA46957,3.0,2020-07-12,23:32,12,7,,53,Pierce,0,1,,3,1,2,1,1,2,1,23:21,23:38,0:00,15,0,0,52.6,3,0,2,3,2,1,3,0,0,3,3,SR-7,108TH ST S,-122.4342389,47.159302778,0,1,13,83,5,35,5,0,0,1,5,15,1,1,4,1,1,2,1,53,0,42,55,2016,0,,15,,,,,,1,1,24,2,0.0,,0,0,3,0,11,0,,,,,0.0,0.0,0.0,3.0,1,0,,,,96,,,,,,0,,,,,,94509,6,62.0,110.0,6.0,1.0,0.0,0.0,0.0,1.0,,0,,,,,,0,02/15/2019,02/15/2019,20,0,0,0,8.0,9,8,,,0,,,8,8,0.0,0.0,,,0.0,,,0,0,996.0,,,,,,,,,,,,,,,,,,,,,,,,,,,,,,0,0,0,1,0,0,0,0,0,1,0,1,0,0,0,0,0,0,0,0,0,0,0,1,1,0,0,0,0,1,0,1,0,0,0,,0,0,0,0,0,0,0,0,0,0,0,0,0,0,0,0,,,,,,21-25,16-25,State route,U,Sunday,Belt Used,PV,Not Fatal,1,0,0,0,State Route,State Patrol,Washington State Patrol,0,1,0,0,0,,,,,,0.0,0.0,0.0,,,,,,,,,,,98.0,98.0,98.0,0.0,,,,,20.0,7.0,,,,,,,,1.0,0.0,,,,,,,98444,Antioch,Tacoma
2638,2694,2694,2020,243,EA49431,160.0,2020-07-18,2:34,18,7,,33,King,1030,1,,3,1,2,1,1,2,1,,,,8,0,0,0.4,1,0,1,4,2,1,3,0,0,0,0,SR-515,,-122.2023556,47.377933333,0,1,13,80,5,35,4,0,0,1,2,8,1,1,5,5,1,2,1,53,0,49,32,2014,0,,8,,,,,,1,1,23,1,0.0,,0,0,3,0,11,0,,,,,0.0,0.0,3.0,3.0,1,0,,,,96,,,,,,9,,,,,,98051,53,63.0,147.0,6.0,1.0,0.0,1.0,0.0,0.0,,12,,,,,,0,02/15/2018,02/15/2018,20,0,0,0,8.0,3,8,,,0,,,1,0,2.0,695.0,605.0,402.0,1.0,1.0,1.0,2,1,0.0,,,,,,,,,,,,,,,,,,,,,,,,,,,,,,0,0,0,0,0,0,1,1,1,1,1,0,0,0,0,0,0,0,0,0,0,0,0,1,1,0,0,0,0,1,0,1,0,0,0,,0,0,0,0,0,0,1,1,0,0,0,0,0,0,1,0,,,,,,21-25,16-25,State route,U,Saturday,Belt Used,PV,Not Fatal,0,0,0,0,State Route,Municipal/City Police,Kent Police Department,0,1,0,0,0,thc,3.1,carboxy-thc,25.0,,0.0,0.0,0.0,1.0,1.0,1.0,,,996.0,996.0,996.0,,,98.0,98.0,98.0,0.0,,,,,20.0,7.0,,,,,,,,1.0,0.0,,,,,,,98030,Ravensdale,Kent
2639,2695,2695,2020,244,EA49476,4.0,2020-07-18,12:35,18,7,,63,Spokane,0,1,,1,1,2,1,0,1,1,,,,39,0,0,263.5,1,0,1,1,1,1,1,0,0,0,0,I-90,,-117.6693278,47.519880556,0,1,1,13,2,70,6,0,0,1,2,39,1,1,2,2,1,1,1,53,0,6,52,2007,0,,63,39.0,1.0,,,,1,1,40,1,7.0,,4,0,3,0,11,1,07/19/2020,17:18,211053033789.0,33789.0,0.0,0.0,3.0,2.0,1,0,,,,92,,,,,,0,,,,,,83854,16,73.0,233.0,1.0,1.0,1.0,0.0,0.0,0.0,,0,,,,,,0,12/15/2016,12/15/2016,20,0,0,0,0.0,9,8,,,0,,,8,8,2.0,1.0,,,1.0,,,2,1,0.0,,,,,,,,,,,,,,,,,,,,,,,,,,,,,,0,0,1,0,0,0,0,0,0,0,0,0,0,1,0,0,1,0,0,0,0,0,0,0,0,0,0,0,0,1,0,0,0,0,0,,1,0,0,0,0,0,0,0,1,0,0,1,0,0,0,0,,,,,,36-40,36-45,Interstate,R,Saturday,Belt Used,PV,White,0,1,0,0,State Route,State Patrol,Washington State Patrol,1,1,0,0,0,,,,,,0.0,1.0,0.0,,,,,,,,,,,98.0,98.0,98.0,1.0,,,,,20.0,7.0,,,,,,,,1.0,0.0,,,,,,,99004,Post Falls,Cheney