,index,Unnamed: 0,year,case,par,repjur,crash_dt,crash_tm,accday,accmon,holiday,county,co_char,city,weather,weather2,lightcond,surfcond,surftype,numfatal,nmforms,pforms,vforms,not_tm,arr_tm,hosp_tm,fhevent,hitrun,manncol,milepnt,reljunc,reljuncinter,intersectiontype,funcsystem,landuse,ownership,route,schlbus,spejur,contdev,devfunc,trafid1,trafid2,lon,lat,wk_zone,vnumber,crashtype,criticalevent,criticaleventcat,spdlim,body,trailer,emerg,hazcargo,leave,mhevent,roadalgn,roadprof,traflane,trafflow,vehmanvr,numoccs,regowner,regstate,spuse,make,model,modelyr,vrf1,vrf2,seqevent1,seqevent2,seqevent3,seqevent4,seqevent5,seqevent6,pnumber,ptype,age,sex,hispanic,race,injury,diedscene,restraint,restraintmisuse,seatpos,takehosp,death_dt,death_tm,cert,cernum_wa,commlic,licendor,licrestrict,liccomp,drivpres,drf1,drf2,drf3,drf4,distract1,distract2,distract3,distract4,distract5,distract6,dricond1,dricond2,dricond3,dricond4,dricond5,dricond6,dzip,licstate,drhgt_in,weight,noncdl,noncdltype,prevdwi,prevoth,prevacc,prevspd,prevsus,driviol1,driviol2,driviol3,driviol4,driviol5,driviol6,spdrel,first_dt,last_dt,airbag,ejection,ejectpath,extricat,injurwrk,methalc,methdrug,nmlocat,strikveh,prf1,prf2,prf3,druginv,alcinvol,drugsts,drugres1,drugres2,drugres3,drugtst1,drugtst2,drugtst3,alcsts,alctst,alcres,nmact1,nmact2,nmact3,nmact4,nmact5,nmact6,nmprior1,nmprior2,nmprior3,nmprior4,nmprior5,nmprior6,nmcond1,nmcond2,nmcond3,nmcond4,nmcond5,nmcond6,nmsafe_helmet,nmsafe_pads,nmsafe_oth,nmprev_ref,nmprev_lgt,nmprev_oth,crashlocation,nmcrashtype,crosswalk,schoolzone,sidewalk,train_inv,wildlife_inv,rotr_fars,intersect_fars,dd_inv,aid_inv,dpd_inv,id_inv,mj_inv,impnm_inv,ainm_inv,dpnm_inv,speed_inv,unlic_inv,unendmc_inv,drowsy_inv,drdist_inv,nmdist_inv,fty_inv,unrestfat_inv,dr1617_inv,dr1820_inv,dr1620_inv,dr2125_inv,dr1625_inv,dr65_inv,dr70_inv,dr75_inv,mc_inv,pv_inv,ht_inv,ped_inv,bike_inv,unrest_fat,mc_fat,unhelmet_mc,pv_fat,ht_fat,ped_fat,bike_fat,dr_alc7,dr_alc8,dr_drug,dr_imp,dr_dist,dr_spd,dr_fty,dr_unlic,dr_alc7only,dr_alc8only,dr_drugonly,dr_drink,nm_imp,nm_alc7,nm_alc8,nm_drug,nm_dist,agegrp1,agegrp2,roadclass,urbrur,dayweek,restuse,vehtype,race_me,intersect,lanedep,oppdir,wrongway,rep_typ,investag,repag_long,rotr,st_rd,cty_rd,city_rd,oth_rd,drug_thc,thc_res,drug_cthc,cthc_res,drug_cann,prevpersemin,prevperse,prevsusoth,drugtst4,drugtst5,drugtst6,drugtst7,drugtst8,drugres4,drugres5,drugres6,drugres7,drugres8,adspresent,adsengaged,adslevel,race1,race2,race3,race4,race5,helmet,helmetmisuse,nmdistract1,nmdistract2,nmdistract3,nmdistract4,nmdistract5,nmdistract6,lab,isedtcase,crf1,crf2,crf3,CoRoadName,CoMP,IntCoRoadName,IntCoMP,crashzip,dcity,crashcity
2640,2696,2696,2020,245,EA49734,13.0,2020-07-20,15:13,20,7,,9,Clallam,0,1,,1,1,2,1,0,3,2,15:26,15:55,16:39,12,0,6,3.7,8,0,1,6,1,2,4,0,0,0,0,CR-OBRIEN RD,,-123.3017167,48.090777778,0,1,68,15,2,35,34,0,0,1,2,12,1,2,2,1,11,1,1,53,0,20,481,2006,0,,12,,,,,,1,1,34,2,0.0,,0,0,3,0,11,0,,,,,0.0,0.0,0.0,3.0,1,38,,,,96,,,,,,98,,,,,,98382,53,60.0,270.0,6.0,1.0,0.0,0.0,0.0,0.0,,46,,,,,,0,,,20,0,0,0,8.0,9,8,,,0,,,8,0,8.0,95.0,,,96.0,,,2,98,0.0,,,,,,,,,,,,,,,,,,,,,,,,,,,,,,0,0,0,0,0,0,0,0,0,0,0,0,0,0,0,0,0,0,1,0,0,0,0,0,0,0,0,0,1,1,0,0,0,0,0,,0,0,0,0,0,0,0,0,0,0,1,0,0,0,0,0,,,,,,31-35,26-35,County road,R,Monday,Belt Used,PV,Not Fatal,0,0,0,0,County Road,County Sheriff,Clallam County Sheriff's Office,0,0,1,0,0,,,,,,0.0,0.0,0.0,,,,,,,,,,,98.0,98.0,98.0,0.0,,,,,20.0,7.0,,,,,,,,1.0,0.0,,,O'BRIEN RD.,3.72,,,98362,Sequim,Port Angeles
2641,2697,2697,2020,245,EA49734,13.0,2020-07-20,15:13,20,7,,9,Clallam,0,1,,1,1,2,1,0,3,2,15:26,15:55,16:39,12,0,6,3.7,8,0,1,6,1,2,4,0,0,0,0,CR-OBRIEN RD,,-123.3017167,48.090777778,0,2,69,62,4,35,80,0,0,1,2,12,1,2,2,1,1,2,2,53,0,72,706,1991,0,,12,,,,,,1,1,64,1,0.0,,3,0,20,7,11,5,,,,,0.0,0.0,3.0,3.0,1,0,,,,96,,,,,,0,,,,,,98362,53,71.0,180.0,6.0,1.0,0.0,0.0,0.0,0.0,,0,,,,,,0,,,20,8,0,0,8.0,9,8,,,0,,,8,8,8.0,95.0,,,96.0,,,8,95,995.0,,,,,,,,,,,,,,,,,,,,,,,,,,,,,,0,0,0,0,0,0,0,0,0,0,0,0,0,0,0,0,0,0,1,0,0,0,0,0,0,0,0,0,1,1,0,0,0,0,0,0.0,0,0,0,0,0,0,0,0,0,0,0,0,0,0,0,0,,,,,,61-65,56-65,County road,R,Monday,,MC,Not Fatal,0,0,0,0,County Road,County Sheriff,Clallam County Sheriff's Office,0,0,1,0,0,,,,,,0.0,0.0,0.0,,,,,,,,,,,0.0,0.0,0.0,0.0,,,,,5.0,0.0,,,,,,,,1.0,0.0,,,O'BRIEN RD.,3.72,,,98362,Port Angeles,Port Angeles
2642,2698,2698,2020,246,EA49865,82.0,2020-07-24,6:26,24,7,,41,Lewis,300,10,,1,1,2,1,0,1,1,7:28,7:34,,43,0,0,0.4,3,1,2,1,2,1,1,0,0,3,3,I-5,HARRISON AVE,-122.9777528,46.727602778,0,1,1,15,2,98,20,0,0,1,2,43,1,1,2,6,11,1,1,53,0,37,441,2002,0,,63,43.0,,,,,1,1,54,8,7.0,,4,7,20,7,11,0,07/24/2020,6:26,30053036391.0,36391.0,0.0,0.0,0.0,3.0,1,8,30.0,50.0,,96,,,,,,98,,,,,,98579,53,72.0,170.0,6.0,1.0,0.0,0.0,0.0,1.0,,0,,,,,,0,11/15/2017,11/15/2017,8,0,0,0,0.0,9,8,,,0,,,8,8,2.0,401.0,695.0,605.0,1.0,1.0,1.0,2,1,0.0,,,,,,,,,,,,,,,,,,,,,,,,,,,,,,0,0,1,1,0,0,1,1,1,0,0,0,0,0,0,0,0,0,0,1,0,0,0,0,0,0,0,0,0,1,0,0,0,1,0,,1,0,0,0,0,0,1,1,0,0,0,0,0,0,1,0,,,,,,51-55,46-55,Interstate,U,Friday,Not Used,PV,White,1,0,0,1,State Route,Municipal/City Police,Centralia Police Department,0,1,0,0,0,thc,5.1,carboxy-thc,20.0,,0.0,0.0,0.0,,,,,,,,,,,98.0,98.0,98.0,1.0,,,,,20.0,7.0,,,,,,,nms,1.0,0.0,,,,,,,98531,Rochester,Centralia
2643,2699,2699,2020,247,EA50101,2.0,2020-07-20,17:05,20,7,,29,Island,0,1,,1,1,2,1,0,7,2,17:09,17:13,18:13,12,0,6,19.2,2,0,2,3,1,1,3,0,0,20,3,SR-525,BUSH POINT RD,-122.5454833,48.015183333,0,1,82,15,2,45,4,0,0,1,2,12,1,2,2,1,11,2,2,53,0,20,32,1993,0,,12,,,,,,1,1,17,1,7.0,,4,0,3,0,11,0,07/20/2020,21:11,196053033497.0,33497.0,0.0,0.0,1.0,3.0,1,48,,,,96,,,,,,98,,,,,,98236,53,67.0,135.0,6.0,2.0,0.0,0.0,0.0,0.0,,0,,,,,,0,,,1,0,0,0,0.0,9,8,,,0,,,8,8,2.0,695.0,605.0,,1.0,1.0,,2,1,0.0,,,,,,,,,,,,,,,,,,,,,,,,,,,,,,0,0,0,1,0,0,1,1,1,0,0,0,0,0,0,0,0,0,0,0,1,0,1,0,1,0,0,0,0,1,1,0,0,0,0,,1,0,0,0,0,0,1,1,0,0,0,0,0,0,1,0,,,,,,16-17,16-25,State route,R,Monday,Belt Used,PV,White,1,0,0,0,State Route,State Patrol,Washington State Patrol,0,1,0,0,0,thc,0.87,carboxy-thc,7.8,,0.0,0.0,0.0,,,,,,,,,,,0.0,0.0,0.0,1.0,,,,,20.0,7.0,,,,,,,nms,1.0,0.0,,,,,,,98249,Clinton,Freeland
2644,2700,2700,2020,247,EA50101,2.0,2020-07-20,17:05,20,7,,29,Island,0,1,,1,1,2,1,0,7,2,17:09,17:13,18:13,12,0,6,19.2,2,0,2,3,1,1,3,0,0,0,0,SR-525,BUSH POINT RD,-122.5454833,48.015183333,0,2,83,67,4,45,67,1,0,1,2,12,1,2,4,1,1,5,1,53,0,12,880,2017,0,,12,,,,,,1,1,40,1,0.0,,0,0,3,0,11,0,,,,,0.0,0.0,0.0,3.0,1,0,,,,96,,,,,,0,,,,,,98857,53,78.0,270.0,6.0,1.0,0.0,0.0,0.0,0.0,,0,,,,,,0,,,1,0,0,0,8.0,9,8,,,0,,,8,8,8.0,95.0,,,96.0,,,8,95,995.0,,,,,,,,,,,,,,,,,,,,,,,,,,,,,,0,0,0,1,0,0,1,1,1,0,0,0,0,0,0,0,0,0,0,0,1,0,1,0,1,0,0,0,0,1,1,0,0,0,0,,0,0,0,0,0,0,0,0,0,0,0,0,0,0,0,0,,,,,,36-40,36-45,State route,R,Monday,,MHTRUCK,Not Fatal,1,0,0,0,State Route,State Patrol,Washington State Patrol,0,1,0,0,0,,,,,,0.0,0.0,0.0,,,,,,,,,,,98.0,98.0,98.0,0.0,,,,,20.0,7.0,,,,,,,,1.0,0.0,,,,,,,98249,Warden,Freeland
2645,2701,2701,2020,248,EA50209,29.0,2020-07-18,18:45,18,7,,41,Lewis,0,1,,5,0,0,1,0,2,2,18:47,18:55,,12,0,6,3.4,8,0,1,7,1,2,4,0,0,0,0,CR-LARMON RD,,-122.7253167,46.546583333,0,1,82,15,2,0,34,1,0,1,5,12,0,0,0,0,11,1,1,53,0,7,482,2006,0,,12,,,,,,1,1,76,1,0.0,,0,0,3,0,11,0,,,,,0.0,0.0,3.0,3.0,1,38,,,,92,,,,,,98,,,,,,98577,53,68.0,175.0,6.0,1.0,0.0,0.0,0.0,3.0,,97,,,,,,0,05/15/2016,04/15/2017,20,0,0,0,8.0,9,8,,,0,,,8,8,0.0,0.0,,,0.0,,,0,0,996.0,,,,,,,,,,,,,,,,,,,,,,,,,,,,,,0,0,0,0,0,0,1,1,0,0,0,0,0,0,1,0,1,0,1,0,0,0,0,0,0,1,1,1,1,1,0,0,0,0,0,,0,0,0,0,0,0,0,0,1,0,1,0,0,0,0,0,,,,,,76-80,76+,County road,R,Saturday,Belt Used,PV,Not Fatal,0,0,0,0,County Road,County Sheriff,Lewis County Sheriff's Office,0,0,1,0,0,,,,,,0.0,0.0,0.0,,,,,,,,,,,98.0,98.0,98.0,0.0,,,,,20.0,7.0,,,,,,,,1.0,0.0,,,LARMON RD,3.394,,,98570,Raymond,Onalaska
2646,2702,2702,2020,248,EA50209,29.0,2020-07-18,18:45,18,7,,41,Lewis,0,1,,5,1,2,1,0,2,2,18:47,18:55,,12,0,6,3.4,8,0,1,7,1,2,4,0,0,0,0,CR-LARMON RD,,-122.7253167,46.546583333,0,2,83,72,4,50,80,0,0,1,2,12,1,1,2,1,1,1,2,41,0,72,706,2001,0,,12,,,,,,1,1,37,8,7.0,,4,8,20,7,11,5,07/18/2020,20:20,160153033582.0,33582.0,0.0,0.0,3.0,2.0,1,0,,,,92,,,,,,98,,,,,,98532,53,67.0,155.0,6.0,1.0,0.0,3.0,0.0,0.0,,0,,,,,,0,01/15/2018,03/15/2020,20,8,0,0,0.0,9,8,,,0,,,8,8,2.0,996.0,401.0,417.0,1.0,1.0,1.0,2,1,0.0,,,,,,,,,,,,,,,,,,,,,,,,,,,,,,0,0,0,0,0,0,1,1,0,0,0,0,0,0,1,0,1,0,1,0,0,0,0,0,0,1,1,1,1,1,0,0,0,0,1,0.0,0,0,0,0,0,0,1,1,1,0,0,0,0,0,1,0,,,,,,36-40,36-45,County road,R,Saturday,,MC,White,0,0,0,0,County Road,County Sheriff,Lewis County Sheriff's Office,0,0,1,0,0,,,,,,0.0,0.0,1.0,1.0,1.0,,,,128.0,177.0,,,,0.0,0.0,0.0,1.0,,,,,19.0,0.0,,,,,,,,1.0,0.0,,,LARMON RD,3.394,,,98570,Chehalis,Onalaska
2647,2703,2703,2020,249,EA50368,158.0,2020-07-26,14:55,26,7,,15,Cowlitz,1010,1,,1,1,2,1,0,4,3,14:55,14:59,15:28,12,0,6,0.0,2,0,2,7,1,4,6,0,0,0,0,S 5TH AVE,Chestnut St,-122.9112667,46.136280556,0,1,88,17,2,25,80,0,0,1,2,12,1,1,8,1,1,1,2,53,0,53,706,2001,0,,12,,,,,,1,1,56,1,7.0,,4,7,20,7,11,0,07/26/2020,14:55,101053034468.0,34468.0,0.0,0.0,3.0,2.0,1,0,,,,96,,,,,,98,,,,,,98832,53,68.0,220.0,1.0,1.0,0.0,3.0,0.0,0.0,,0,,,,,,3,07/15/2017,04/15/2018,20,8,0,0,0.0,9,8,,,0,,,8,8,8.0,95.0,,,96.0,,,8,95,995.0,,,,,,,,,,,,,,,,,,,,,,,,,,,,,,0,0,0,1,0,0,0,0,0,0,0,0,1,1,1,0,0,0,0,0,0,0,0,0,0,0,0,0,1,1,0,0,0,0,1,0.0,0,0,0,0,0,0,0,0,0,1,0,1,0,0,0,0,,,,,,56-60,56-65,City street,R,Sunday,,MC,White,1,0,0,0,City Street,Municipal/City Police,Kelso Police Department,0,0,0,1,0,,,,,,0.0,0.0,2.0,,,,,,,,,,,0.0,0.0,0.0,1.0,,,,,5.0,0.0,,,,,,,,1.0,0.0,,,,,,,98626,Marlin,Kelso
2648,2704,2704,2020,249,EA50368,158.0,2020-07-26,14:55,26,7,,15,Cowlitz,1010,1,,1,1,2,1,0,4,3,14:55,14:59,15:28,12,0,6,0.0,2,0,2,7,1,4,6,0,0,20,3,S 5TH AVE,Chestnut St,-122.9112667,46.136280556,0,2,89,66,4,25,5,0,0,1,2,12,1,1,8,1,4,2,1,53,0,37,39,2018,0,,12,68.0,64.0,14.0,,,1,1,26,2,0.0,,3,0,3,0,11,5,,,,,0.0,0.0,0.0,3.0,1,10,,,,0,,,,,,0,,,,,,98611,53,65.0,130.0,6.0,1.0,0.0,0.0,1.0,0.0,,0,,,,,,0,12/15/2018,12/15/2018,8,0,0,0,8.0,9,8,,,0,,,8,8,0.0,0.0,,,0.0,,,0,0,996.0,,,,,,,,,,,,,,,,,,,,,,,,,,,,,,0,0,0,1,0,0,0,0,0,0,0,0,1,1,1,0,0,0,0,0,0,0,0,0,0,0,0,0,1,1,0,0,0,0,0,,0,0,0,0,0,0,0,0,0,0,0,0,0,0,0,0,,,,,,26-30,26-35,City street,R,Sunday,Belt Used,PV,Not Fatal,1,0,0,0,City Street,Municipal/City Police,Kelso Police Department,0,0,0,1,0,,,,,,0.0,0.0,0.0,,,,,,,,,,,98.0,98.0,98.0,0.0,,,,,20.0,7.0,,,,,,,,1.0,0.0,,,,,,,98626,Castle Rock,Kelso
2649,2705,2705,2020,250,EA50954,297.0,2020-07-24,23:03,24,7,,33,King,2310,1,,3,1,2,1,0,2,2,,,,12,0,1,0.0,1,0,1,3,2,4,6,0,0,0,0,E MARGINAL WAY S,,-122.3072278,47.530708333,0,1,32,98,7,35,14,0,0,1,2,2,1,1,5,1,1,1,1,53,0,12,401,2017,0,,12,2.0,,,,,1,1,42,1,7.0,,4,7,3,0,11,0,07/24/2020,23:03,231053035084.0,35084.0,0.0,0.0,0.0,3.0,1,8,,,,96,,,,,,98,,,,,,98059,53,68.0,195.0,6.0,1.0,0.0,0.0,1.0,0.0,,0,,,,,,0,08/15/2019,08/15/2019,99,0,0,1,0.0,9,8,,,0,,,8,8,2.0,1.0,,,1.0,,,2,1,0.275,,,,,,,,,,,,,,,,,,,,,,,,,,,,,,0,0,0,0,1,1,0,1,0,0,0,0,0,0,0,0,0,0,0,0,0,0,0,0,0,0,0,0,0,1,0,0,0,0,0,,1,0,0,0,0,1,0,1,0,0,0,0,0,1,0,1,,,,,,41-45,36-45,City street,U,Friday,Belt Used,PV,AIAN,0,0,0,0,City Street,Municipal/City Police,Tukwila Police Department,0,0,0,1,0,,,,,,0.0,0.0,0.0,,,,,,,,,,,98.0,98.0,98.0,3.0,,,,,20.0,7.0,,,,,,,,1.0,0.0,,,,,,,98108,Renton,Seattle
2650,2706,2706,2020,250,EA50954,297.0,2020-07-24,23:03,24,7,,33,King,2310,1,,3,1,2,1,0,2,2,,,,12,0,1,0.0,1,0,1,3,2,4,6,0,0,0,0,E MARGINAL WAY S,,-122.3072278,47.530708333,0,2,32,98,7,35,51,0,0,1,2,12,1,1,5,1,1,1,3,53,3,98,907,2010,0,,12,2.0,,,,,1,1,53,1,0.0,,0,0,99,7,11,0,,,,,6.0,1.0,1.0,3.0,1,0,,,,96,,,,,,0,,,,,,98058,53,73.0,205.0,6.0,1.0,0.0,0.0,0.0,0.0,,0,,,,,,0,,,20,0,0,0,8.0,9,8,,,0,,,8,8,8.0,95.0,,,96.0,,,8,95,995.0,,,,,,,,,,,,,,,,,,,,,,,,,,,,,,0,0,0,0,1,1,0,1,0,0,0,0,0,0,0,0,0,0,0,0,0,0,0,0,0,0,0,0,0,1,0,0,0,0,0,,0,0,0,0,0,0,0,0,0,0,0,0,0,0,0,0,,,,,,51-55,46-55,City street,U,Friday,,BUS,Not Fatal,0,0,0,0,City Street,Municipal/City Police,Tukwila Police Department,0,0,0,1,0,,,,,,0.0,0.0,0.0,,,,,,,,,,,98.0,98.0,98.0,0.0,,,,,20.0,7.0,,,,,,,,1.0,0.0,,,,,,,98108,Renton,Seattle
2651,2707,2707,2020,251,EA51119,278.0,2020-07-28,19:47,28,7,,63,Spokane,2110,1,,1,1,2,1,0,4,2,19:48,19:52,20:10,12,0,6,0.0,2,0,2,4,2,4,6,0,0,3,3,N PERRY ST,E Indiana Ave,-117.3903556,47.674730556,0,1,68,15,2,30,20,0,0,1,2,12,1,1,4,1,11,3,1,53,0,7,442,2000,0,,12,,,,,,1,1,63,2,0.0,,0,0,3,0,11,0,,,,,0.0,0.0,3.0,2.0,1,0,,,,96,,,,,,9,,,,,,99217,53,67.0,109.0,1.0,1.0,0.0,5.0,0.0,0.0,,97,,,,,,0,03/15/2017,03/15/2020,8,0,0,0,8.0,3,8,,,0,,,1,8,2.0,996.0,401.0,417.0,1.0,1.0,1.0,2,1,0.0,,,,,,,,,,,,,,,,,,,,,,,,,,,,,,0,0,0,1,0,0,1,1,0,0,0,0,0,1,0,0,0,0,0,1,0,0,0,0,0,0,0,0,0,1,0,0,0,0,0,,0,0,0,0,0,0,1,1,0,0,0,1,0,0,1,0,,,,,,61-65,56-65,City street,U,Tuesday,Belt Used,PV,Not Fatal,1,0,0,0,City Street,Municipal/City Police,Spokane Police Department,0,0,0,1,0,,,,,,0.0,0.0,2.0,,,,,,,,,,,98.0,98.0,98.0,0.0,,,,,20.0,7.0,,,,,,,,1.0,0.0,,,,,,,99207,Spokane,Spokane
2652,2708,2708,2020,251,EA51119,278.0,2020-07-28,19:47,28,7,,63,Spokane,2110,1,,1,1,2,1,0,4,2,19:48,19:52,20:10,12,1,6,0.0,2,0,2,4,2,4,6,0,0,3,3,N PERRY ST,E Indiana Ave,-117.3903556,47.674730556,0,2,69,62,4,30,14,0,0,1,5,12,1,1,4,1,1,1,2,53,0,23,401,2005,0,,12,63.0,39.0,,,,1,1,30,1,0.0,,9,0,99,7,11,0,,,,,0.0,0.0,3.0,2.0,1,0,,,,96,,,,,,0,,,,,,99207,53,65.0,120.0,1.0,1.0,2.0,2.0,0.0,0.0,,97,,,,,,0,05/15/2015,12/15/2018,99,0,0,0,8.0,9,8,,,0,,,8,8,8.0,95.0,,,96.0,,,8,95,995.0,,,,,,,,,,,,,,,,,,,,,,,,,,,,,,0,0,0,1,0,0,1,1,0,0,0,0,0,1,0,0,0,0,0,1,0,0,0,0,0,0,0,0,0,1,0,0,0,0,0,,0,0,0,0,0,0,0,0,0,0,0,1,0,0,0,0,,,,,,26-30,26-35,City street,U,Tuesday,Unknown,PV,Not Fatal,1,0,0,0,City Street,Municipal/City Police,Spokane Police Department,0,0,0,1,0,,,,,,0.0,1.0,6.0,,,,,,,,,,,98.0,98.0,98.0,0.0,,,,,20.0,7.0,,,,,,,,1.0,0.0,,,,,,,99207,Spokane,Spokane
2653,2709,2709,2020,252,EA22336,59.0,2020-03-06,20:25,6,3,,33,King,109,10,,1,1,2,1,1,1,1,,,,8,0,0,0.0,3,0,2,4,2,4,6,0,0,2,3,156TH AVE NE,NE 13TH ST,-122.1324083,47.620988889,0,1,13,80,5,30,14,0,0,1,5,8,1,1,3,2,11,1,9,53,0,34,404,2017,0,,8,,,,,,1,1,31,2,0.0,,0,0,3,0,11,0,,,,,0.0,0.0,3.0,3.0,1,39,,,,10,,,,,,0,,,,,,98033,53,67.0,135.0,6.0,1.0,0.0,0.0,0.0,0.0,,97,,,,,,0,,,20,0,0,0,8.0,9,8,,,0,,,8,8,0.0,0.0,,,0.0,,,0,0,996.0,,,,,,,,,,,,,,,,,,,,,,,,,,,,,,0,0,0,1,0,0,0,0,0,0,0,0,0,0,0,0,1,0,0,0,0,0,0,0,0,0,0,0,0,1,0,1,0,0,0,,0,0,0,0,0,0,0,0,1,0,0,0,0,0,0,0,,,,,,31-35,26-35,City street,U,Friday,Belt Used,PV,Not Fatal,1,0,0,0,City Street,Municipal/City Police,Bellevue Police Department,0,0,0,1,0,,,,,,0.0,0.0,0.0,,,,,,,,,,,98.0,98.0,98.0,0.0,,,,,20.0,7.0,,,,,,,,0.0,0.0,,,,,,,98008,Kirkland,Bellevue
2654,2710,2710,2020,253,EA51244,262.0,2020-07-29,20:49,29,7,,33,King,1958,1,,3,1,2,1,0,1,1,,,,33,0,0,0.0,1,0,1,4,2,4,6,0,0,0,0,MILITARY RD S,,-122.2743417,47.443483333,0,1,1,13,2,35,80,0,0,1,2,59,3,2,3,5,14,1,2,53,0,53,706,2004,0,,63,33.0,59.0,38.0,,,1,1,29,1,6.0,,4,7,20,7,11,0,07/29/2020,20:49,195853035100.0,35100.0,0.0,0.0,3.0,2.0,1,0,,,,96,,,,,,98,,,,,,98168,53,65.0,175.0,6.0,1.0,0.0,1.0,1.0,0.0,,0,,,,,,4,03/15/2018,08/15/2019,20,8,0,0,0.0,9,8,,,0,,,8,8,2.0,1.0,,,1.0,,,2,1,0.279,,,,,,,,,,,,,,,,,,,,,,,,,,,,,,0,0,1,0,1,1,0,1,0,0,0,0,1,0,1,0,0,0,0,0,0,0,0,0,0,0,0,0,1,0,0,0,0,0,1,0.0,0,0,0,0,0,1,0,1,0,1,0,0,0,1,0,1,,,,,,26-30,26-35,City street,U,Wednesday,,MC,Hispanic,0,1,0,0,City Street,Municipal/City Police,SeaTac Police Department,1,0,0,1,0,,,,,,0.0,0.0,1.0,,,,,,,,,,,0.0,0.0,0.0,98.0,,,,,5.0,0.0,,,,,,,,1.0,0.0,,,,,,,98188,Seattle,Seattle
2655,2711,2711,2020,254,3842285,12.0,2020-07-16,5:28,16,7,,7,Chelan,0,1,,9,1,5,1,0,1,1,,,,1,0,0,9999.8,1,0,1,7,1,98,8,0,0,0,0,BISPING CANYON RD,,-120.3380389,47.763827778,0,1,1,13,2,98,14,0,0,1,2,1,2,2,8,8,14,1,1,53,0,20,401,1992,0,,63,1.0,,,,,1,1,77,1,7.0,,4,7,20,7,11,0,07/16/2020,5:28,53033021.0,33021.0,0.0,0.0,0.0,3.0,1,0,,,,92,,,,,,98,,,,,,98822,53,69.0,175.0,6.0,1.0,0.0,0.0,0.0,0.0,,0,,,,,,0,,,20,0,0,0,0.0,9,8,,,0,,,8,8,0.0,0.0,,,0.0,,,0,0,996.0,,,,,,,,,,,,,,,,,,,,,,,,,,,,,,0,0,1,0,0,0,0,0,0,0,0,0,0,0,0,0,1,0,0,1,0,0,0,0,0,1,1,1,0,1,0,0,0,1,0,,1,0,0,0,0,0,0,0,1,0,0,0,0,0,0,0,,,,,,76-80,76+,Other,R,Thursday,Not Used,PV,White,0,1,0,0,Other,County Sheriff,Chelan County Sheriff's Office,1,0,0,0,1,,,,,,0.0,0.0,0.0,,,,,,,,,,,0.0,0.0,0.0,1.0,,,,,20.0,7.0,,,,,,,,1.0,0.0,,,,,,,98822,Entiat,Entiat
2656,2712,2712,2020,255,3852084,263.0,2020-07-18,2:29,18,7,,33,King,1960,10,,3,1,2,1,0,1,4,,,,33,0,0,0.0,3,0,2,3,2,4,6,0,0,3,3,15TH AVE W,W GARFIELD ST,-122.3762222,47.633466667,0,1,6,12,2,30,2,0,0,1,2,2,2,1,6,2,11,1,1,49,0,32,52,2014,0,,68,64.0,33.0,24.0,1.0,2.0,1,1,34,1,7.0,,4,7,99,7,11,0,07/18/2020,2:29,196053034509.0,34509.0,0.0,0.0,0.0,3.0,1,0,,,,96,,,,,,98,,,,,,84096,49,67.0,180.0,6.0,1.0,0.0,0.0,98.0,2.0,,0,,,,,,3,08/15/2015,11/15/2016,99,0,0,0,0.0,9,8,,,0,,,8,8,2.0,1.0,,,1.0,,,2,1,0.258,,,,,,,,,,,,,,,,,,,,,,,,,,,,,,0,0,1,1,1,1,0,1,0,0,0,0,1,0,0,0,0,0,0,0,0,0,0,0,0,0,0,0,0,1,0,0,0,0,0,,1,0,0,0,0,1,0,1,0,1,0,0,0,1,0,1,,,,,,31-35,26-35,City street,U,Saturday,Unknown,PV,White,1,0,0,0,City Street,Municipal/City Police,Seattle Police Department,0,0,0,1,0,,,,,,0.0,0.0,0.0,,,,,,,,,,,98.0,98.0,98.0,1.0,,,,,20.0,7.0,,,,,,,,1.0,14.0,,,,,,,98119,Herriman,Seattle