,index,Unnamed: 0,year,case,par,repjur,crash_dt,crash_tm,accday,accmon,holiday,county,co_char,city,weather,weather2,lightcond,surfcond,surftype,numfatal,nmforms,pforms,vforms,not_tm,arr_tm,hosp_tm,fhevent,hitrun,manncol,milepnt,reljunc,reljuncinter,intersectiontype,funcsystem,landuse,ownership,route,schlbus,spejur,contdev,devfunc,trafid1,trafid2,lon,lat,wk_zone,vnumber,crashtype,criticalevent,criticaleventcat,spdlim,body,trailer,emerg,hazcargo,leave,mhevent,roadalgn,roadprof,traflane,trafflow,vehmanvr,numoccs,regowner,regstate,spuse,make,model,modelyr,vrf1,vrf2,seqevent1,seqevent2,seqevent3,seqevent4,seqevent5,seqevent6,pnumber,ptype,age,sex,hispanic,race,injury,diedscene,restraint,restraintmisuse,seatpos,takehosp,death_dt,death_tm,cert,cernum_wa,commlic,licendor,licrestrict,liccomp,drivpres,drf1,drf2,drf3,drf4,distract1,distract2,distract3,distract4,distract5,distract6,dricond1,dricond2,dricond3,dricond4,dricond5,dricond6,dzip,licstate,drhgt_in,weight,noncdl,noncdltype,prevdwi,prevoth,prevacc,prevspd,prevsus,driviol1,driviol2,driviol3,driviol4,driviol5,driviol6,spdrel,first_dt,last_dt,airbag,ejection,ejectpath,extricat,injurwrk,methalc,methdrug,nmlocat,strikveh,prf1,prf2,prf3,druginv,alcinvol,drugsts,drugres1,drugres2,drugres3,drugtst1,drugtst2,drugtst3,alcsts,alctst,alcres,nmact1,nmact2,nmact3,nmact4,nmact5,nmact6,nmprior1,nmprior2,nmprior3,nmprior4,nmprior5,nmprior6,nmcond1,nmcond2,nmcond3,nmcond4,nmcond5,nmcond6,nmsafe_helmet,nmsafe_pads,nmsafe_oth,nmprev_ref,nmprev_lgt,nmprev_oth,crashlocation,nmcrashtype,crosswalk,schoolzone,sidewalk,train_inv,wildlife_inv,rotr_fars,intersect_fars,dd_inv,aid_inv,dpd_inv,id_inv,mj_inv,impnm_inv,ainm_inv,dpnm_inv,speed_inv,unlic_inv,unendmc_inv,drowsy_inv,drdist_inv,nmdist_inv,fty_inv,unrestfat_inv,dr1617_inv,dr1820_inv,dr1620_inv,dr2125_inv,dr1625_inv,dr65_inv,dr70_inv,dr75_inv,mc_inv,pv_inv,ht_inv,ped_inv,bike_inv,unrest_fat,mc_fat,unhelmet_mc,pv_fat,ht_fat,ped_fat,bike_fat,dr_alc7,dr_alc8,dr_drug,dr_imp,dr_dist,dr_spd,dr_fty,dr_unlic,dr_alc7only,dr_alc8only,dr_drugonly,dr_drink,nm_imp,nm_alc7,nm_alc8,nm_drug,nm_dist,agegrp1,agegrp2,roadclass,urbrur,dayweek,restuse,vehtype,race_me,intersect,lanedep,oppdir,wrongway,rep_typ,investag,repag_long,rotr,st_rd,cty_rd,city_rd,oth_rd,drug_thc,thc_res,drug_cthc,cthc_res,drug_cann,prevpersemin,prevperse,prevsusoth,drugtst4,drugtst5,drugtst6,drugtst7,drugtst8,drugres4,drugres5,drugres6,drugres7,drugres8,adspresent,adsengaged,adslevel,race1,race2,race3,race4,race5,helmet,helmetmisuse,nmdistract1,nmdistract2,nmdistract3,nmdistract4,nmdistract5,nmdistract6,lab,isedtcase,crf1,crf2,crf3,CoRoadName,CoMP,IntCoRoadName,IntCoMP,crashzip,dcity,crashcity
2657,2713,2713,2020,256,EA51246,326.0,2020-07-27,9:41,27,7,,33,King,2565,1,,1,1,2,1,1,1,1,,,,9,0,0,0.0,2,0,3,5,2,4,6,0,0,0,0,NE 171ST ST,143rd Pl NE,-122.1480417,47.751680556,0,1,13,15,2,35,4,0,0,1,2,9,1,2,3,5,11,1,2,53,0,49,32,2004,0,,9,,,,,,1,1,18,1,0.0,,0,0,3,0,11,0,,,,,0.0,0.0,0.0,3.0,1,38,,,,96,,,,,,98,,,,,,98021,53,70.0,170.0,6.0,2.0,0.0,0.0,0.0,0.0,,97,,,,,,0,,,20,0,0,0,8.0,9,8,,,0,,,8,8,8.0,95.0,,,96.0,,,8,95,995.0,,,,,,,,,,,,,,,,,,,,,,,,,,,,,,0,0,0,1,0,0,0,0,0,0,0,0,0,0,0,0,0,0,1,0,0,1,1,0,1,0,0,0,0,1,0,0,1,0,0,,0,0,0,0,0,0,0,0,0,0,1,0,0,0,0,0,,,,,,18-20,16-25,City street,U,Monday,Belt Used,PV,Not Fatal,1,0,0,0,City Street,County Sheriff,Woodinville Police Department,0,0,0,1,0,,,,,,0.0,0.0,0.0,,,,,,,,,,,98.0,98.0,98.0,0.0,,,,,20.0,7.0,,,,,,,,1.0,0.0,,,,,,,98072,Bothell,Woodinville
2658,2714,2714,2020,257,EA51298,24.0,2020-07-23,19:23,23,7,,31,Jefferson,0,1,,1,1,2,1,0,1,1,,,,1,0,0,4.3,1,0,1,6,1,2,4,0,0,0,0,CR-HASTINGS AVE W,,-122.8596694,48.104141667,0,1,98,6,1,40,20,0,0,1,2,1,3,1,2,1,14,1,2,53,0,41,441,2003,0,,63,69.0,67.0,1.0,,,1,1,37,8,6.0,,4,0,20,7,11,1,07/23/2020,20:23,196053034119.0,34119.0,0.0,0.0,0.0,2.0,1,58,,,,92,,,,,,98,,,,,,93022,6,67.0,130.0,3.0,1.0,0.0,0.0,0.0,0.0,,0,,,,,,3,,,20,1,6,0,0.0,9,8,,,0,,,8,1,2.0,605.0,151.0,,1.0,1.0,,2,1,0.227,,,,,,,,,,,,,,,,,,,,,,,,,,,,,,0,0,0,0,1,1,1,1,1,0,0,0,1,1,0,0,1,0,0,1,0,0,0,0,0,0,0,0,0,1,0,0,0,1,0,,1,0,0,0,0,1,1,1,1,1,0,1,0,0,0,1,,,,,,36-40,36-45,County road,R,Thursday,Not Used,PV,Hispanic,0,1,0,0,County Road,County Sheriff,Jefferson County Sheriff's Office,1,0,1,0,0,thc,0.58,,,,0.0,0.0,0.0,,,,,,,,,,,98.0,98.0,98.0,1.0,,,,,20.0,7.0,,,,,,,nms,1.0,0.0,,,HASTINGS AVE W,4.302,,,98368,Oak View,Port Townsend
2659,2715,2715,2020,258,EA51338,2.0,2020-07-26,3:40,26,7,,57,Skagit,0,1,,2,1,7,1,0,1,1,3:37,3:52,,42,0,0,4.3,1,0,1,6,1,2,4,0,0,0,0,CR-COLONY RD,,-122.3612944,48.587891667,0,1,6,12,2,35,80,0,0,1,2,42,2,1,2,1,14,1,5,53,0,53,706,2018,0,,68,64.0,42.0,,,,1,1,34,1,7.0,,4,7,20,7,11,0,07/26/2020,3:40,53034137.0,34137.0,0.0,0.0,0.0,0.0,1,8,,,,96,,,,,,9,,,,,,98226,53,69.0,210.0,0.0,0.0,0.0,0.0,0.0,1.0,,0,,,,,,3,02/15/2017,02/15/2017,20,8,0,0,0.0,9,8,,,0,,,1,9,2.0,401.0,417.0,128.0,1.0,1.0,1.0,2,1,0.0,,,,,,,,,,,,,,,,,,,,,,,,,,,,,,0,0,1,0,0,0,1,1,0,0,0,0,1,1,1,0,0,0,0,0,0,0,0,0,0,0,0,0,1,0,0,0,0,0,1,0.0,0,0,0,0,0,0,1,1,0,1,0,1,0,0,1,0,,,,,,31-35,26-35,County road,R,Sunday,,MC,White,0,1,0,0,County Road,State Patrol,Washington State Patrol,1,0,1,0,0,,,,,,0.0,0.0,0.0,1.0,1.0,,,,177.0,996.0,,,,0.0,0.0,0.0,1.0,,,,,19.0,0.0,,,,,,,,1.0,0.0,,,COLONY ROAD,4.31,,,98232,Bellingham,Bow
2660,2716,2716,2020,259,EA51565,7.0,2020-07-14,17:46,14,7,,33,King,1830,1,,1,1,1,1,0,1,1,,,,25,0,0,3.0,1,0,1,1,2,1,1,0,0,0,0,I-405,,-122.2050917,47.470991667,0,1,7,8,1,60,80,0,0,1,2,25,2,2,4,3,15,1,1,53,0,72,706,2013,0,,64,25.0,,,,,1,1,59,1,7.0,,4,7,20,7,11,0,07/14/2020,17:46,183053032543.0,32543.0,6.0,0.0,3.0,3.0,1,0,,,,96,,,,,,98,,,,,,98444,53,73.0,200.0,6.0,1.0,0.0,0.0,0.0,0.0,,0,,,,,,4,,,20,8,0,0,0.0,9,8,,,0,,,8,8,2.0,1.0,,,1.0,,,2,1,0.0,,,,,,,,,,,,,,,,,,,,,,,,,,,,,,0,0,0,0,0,0,0,0,0,0,0,0,1,0,0,0,0,0,0,0,0,0,0,0,0,0,0,0,1,0,0,0,0,0,1,0.0,0,0,0,0,0,0,0,0,0,1,0,0,0,0,0,0,,,,,,56-60,56-65,Interstate,U,Tuesday,,MC,White,0,1,0,0,State Route,State Patrol,Washington State Patrol,1,1,0,0,0,,,,,,0.0,0.0,0.0,,,,,,,,,,,0.0,0.0,0.0,1.0,,,,,5.0,0.0,,,,,,,,1.0,0.0,,,,,,,98057,Tacoma,Renton
2661,2717,2717,2020,260,EA51571,7.0,2020-07-29,21:42,29,7,,33,King,2310,1,,2,1,2,1,0,3,3,,,,24,1,0,1.1,1,0,1,3,2,1,3,0,0,0,0,SR-599,,-122.2827917,47.495041667,0,1,98,98,7,60,4,0,0,1,2,12,2,1,2,3,14,1,1,53,0,35,43,2018,0,,12,,,,,,1,1,23,1,0.0,,0,0,99,7,11,0,,,,,0.0,0.0,0.0,3.0,1,0,,,,96,,,,,,9,,,,,,98058,53,69.0,190.0,6.0,1.0,0.0,0.0,0.0,0.0,,12,,,,,,0,,,8,0,0,0,8.0,9,8,,,0,,,1,1,2.0,695.0,605.0,,1.0,1.0,,2,1,0.05,,,,,,,,,,,,,,,,,,,,,,,,,,,,,,0,0,0,0,1,0,1,1,1,0,0,0,1,0,1,0,0,0,0,0,0,0,0,1,1,0,0,0,1,1,0,0,0,0,0,,0,0,0,0,1,0,1,1,0,0,0,0,0,0,0,1,,,,,,21-25,16-25,State route,U,Wednesday,Unknown,PV,Not Fatal,0,1,0,0,State Route,State Patrol,Washington State Patrol,1,1,0,0,0,thc,13.0,carboxy-thc,56.0,,0.0,0.0,0.0,,,,,,,,,,,98.0,98.0,98.0,0.0,,,,,20.0,7.0,,,,,,,,1.0,0.0,,,,,,,98168,Renton,Seattle
2662,2718,2718,2020,260,EA51571,7.0,2020-07-29,21:42,29,7,,33,King,2310,1,,2,1,2,1,0,3,3,,,,24,0,0,1.1,1,0,1,3,2,1,3,0,0,0,0,SR-599,,-122.2827917,47.495041667,0,2,7,9,1,60,80,0,0,1,2,24,2,1,2,3,14,1,1,53,0,76,706,2000,0,,64,24.0,69.0,12.0,12.0,,1,1,33,1,7.0,,4,7,20,7,11,0,07/29/2020,21:42,231053036133.0,36133.0,0.0,0.0,3.0,2.0,1,8,,,,96,,,,,,98,,,,,,98032,53,69.0,225.0,6.0,1.0,0.0,0.0,0.0,0.0,,0,,,,,,4,,,20,8,0,0,0.0,9,8,,,0,,,8,8,2.0,1.0,,,1.0,,,2,1,0.0,,,,,,,,,,,,,,,,,,,,,,,,,,,,,,0,0,0,0,1,0,1,1,1,0,0,0,1,0,1,0,0,0,0,0,0,0,0,1,1,0,0,0,1,1,0,0,0,0,1,0.0,0,0,0,0,0,0,0,0,0,1,0,0,0,0,0,0,,,,,,31-35,26-35,State route,U,Wednesday,,MC,API,0,1,0,0,State Route,State Patrol,Washington State Patrol,1,1,0,0,0,,,,,,0.0,0.0,0.0,,,,,,,,,,,0.0,0.0,0.0,48.0,,,,,5.0,0.0,,,,,,,,1.0,0.0,,,,,,,98168,Kent,Seattle
2663,2720,2720,2020,261,EA52048,5.0,2020-07-02,19:30,2,7,,41,Lewis,0,1,,5,99,2,1,0,1,1,,,,42,0,0,140.6,1,0,1,3,1,1,2,0,0,0,0,US-12,,-121.5403417,46.680141667,0,1,6,12,2,50,4,0,0,1,2,42,1,2,2,1,1,1,1,53,0,13,15,2009,0,,68,64.0,67.0,42.0,,,1,1,55,2,7.0,,4,7,20,7,11,0,07/02/2020,19:30,53035942.0,35942.0,0.0,0.0,3.0,3.0,1,0,,,,96,,,,,,98,,,,,,98908,53,64.0,122.0,6.0,1.0,0.0,0.0,0.0,1.0,,0,,,,,,0,05/15/2019,05/15/2019,1,0,0,0,0.0,9,8,,,0,,,8,8,8.0,95.0,,,96.0,,,8,95,995.0,,,,,,,,,,,,,,,,,,,,,,,,,,,,,,0,0,1,0,0,0,0,0,0,0,0,0,0,0,0,0,0,0,0,1,0,0,0,0,0,0,0,0,0,1,0,0,0,1,0,,1,0,0,0,0,0,0,0,0,0,0,0,0,0,0,0,,,,,,51-55,46-55,US highway,R,Thursday,Not Used,PV,White,0,1,0,0,State Route,State Patrol,Washington State Patrol,1,1,0,0,0,,,,,,0.0,0.0,0.0,,,,,,,,,,,98.0,98.0,98.0,1.0,,,,,20.0,7.0,,,,,,,,1.0,0.0,,,,,,,98361,Yakima,Packwood
2664,2721,2721,2020,262,EA52063,40.0,2020-08-02,21:28,2,8,,63,Spokane,0,1,,2,1,2,1,0,1,1,21:29,21:39,,11,0,0,4.2,1,0,1,5,1,2,4,0,0,0,0,CR-N ARGONNE RD,,-117.3037361,47.754261111,0,1,13,87,6,35,80,0,0,1,5,11,1,1,3,2,1,1,1,53,0,98,709,2000,0,,11,,,,,,1,1,69,1,7.0,,4,7,20,7,11,0,08/02/2020,22:03,53034496.0,34496.0,0.0,0.0,0.0,3.0,1,0,,,,96,,,,,,0,,,,,,99173,53,71.0,200.0,6.0,1.0,0.0,0.0,0.0,0.0,,0,,,,,,0,,,20,8,0,0,0.0,9,8,,,0,,,8,8,2.0,1.0,,,1.0,,,2,1,0.0,,,,,,,,,,,,,,,,,,,,,,,,,,,,,,0,1,0,0,0,0,0,0,0,0,0,0,0,0,0,0,0,0,0,0,0,0,0,0,0,1,0,0,1,0,0,0,0,0,1,0.0,0,0,0,0,0,0,0,0,0,0,0,0,0,0,0,0,,,,,,66-70,66-75,County road,R,Sunday,,MC,White,0,0,0,0,County Road,County Sheriff,Spokane County Sheriff's Office,0,0,1,0,0,,,,,,0.0,0.0,0.0,,,,,,,,,,,0.0,0.0,0.0,1.0,,,,,5.0,0.0,,,,,,,,1.0,0.0,,,ARGONNE RD,4.17,,,99217,Springdale,Spokane
2665,2722,2722,2020,263,EA52230,25.0,2020-08-01,0:06,1,8,,33,King,0,1,,2,1,2,1,1,2,1,0:06,0:17,,8,0,0,7.2,1,0,1,5,2,2,4,0,0,0,0,CR-83RD CENTRAL AVE S,,-122.2298472,47.358091667,0,1,13,80,5,35,6,0,0,1,2,8,1,1,4,1,1,2,2,53,0,35,49,2004,0,,8,,,,,,1,1,18,1,0.0,,0,0,20,7,11,0,,,,,0.0,0.0,0.0,0.0,1,10,,,,0,,,,,,0,,,,,,98057,53,78.0,175.0,0.0,0.0,0.0,0.0,0.0,0.0,,0,,,,,,0,,,1,0,0,0,8.0,3,2,,,0,,,8,8,0.0,0.0,,,0.0,,,0,0,996.0,,,,,,,,,,,,,,,,,,,,,,,,,,,,,,0,0,0,0,0,0,0,0,0,1,1,1,0,1,0,0,0,1,0,0,0,1,1,0,1,0,0,0,0,1,0,1,0,0,0,,0,0,0,0,0,0,0,0,0,0,0,1,0,0,0,0,,,,,,18-20,16-25,County road,U,Saturday,Not Used,PV,Not Fatal,0,0,0,0,County Road,County Sheriff,King County Police,0,0,1,0,0,,,,,,0.0,0.0,0.0,,,,,,,,,,,98.0,98.0,98.0,0.0,,,,,20.0,7.0,,,,,,,,1.0,0.0,,,CENTRAL AVE S,7.195,,,98032,Renton,Kent
2666,2723,2723,2020,264,EA52661,29.0,2020-07-29,13:35,29,7,,41,Lewis,0,1,,1,1,2,1,0,1,1,,,,1,0,0,1.1,1,0,1,3,1,2,4,0,0,0,0,CR-LABREE RD,,-122.9423,46.620808333,0,1,7,13,2,35,34,0,0,1,2,1,3,1,2,1,14,1,1,53,0,7,482,2001,0,,63,69.0,68.0,64.0,1.0,2.0,1,1,50,1,1.0,,4,7,20,7,11,0,07/29/2020,13:35,53036919.0,36919.0,6.0,0.0,0.0,3.0,1,58,,,,92,,,,,,98,,,,,,98532,53,62.0,160.0,6.0,1.0,0.0,0.0,0.0,0.0,,0,,,,,,0,,,99,0,0,0,0.0,9,8,,,0,,,8,8,2.0,1.0,,,1.0,,,2,1,0.0,,,,,,,,,,,,,,,,,,,,,,,,,,,,,,0,0,0,0,0,0,0,0,0,0,0,0,0,0,0,0,1,0,0,1,0,0,0,0,0,0,0,0,0,1,0,0,0,1,0,,1,0,0,0,0,0,0,0,1,0,0,0,0,0,0,0,,,,,,46-50,46-55,County road,R,Wednesday,Not Used,PV,Hispanic,0,1,0,0,County Road,County Sheriff,Lewis County Sheriff's Office,1,0,1,0,0,,,,,,0.0,0.0,0.0,,,,,,,,,,,98.0,98.0,98.0,1.0,,,,,20.0,7.0,,,,,,,,1.0,0.0,,,RICE RD,1.059,,,98532,Chehalis,Chehalis
2667,2724,2724,2020,265,EA52775,2.0,2020-07-31,17:05,31,7,,61,Snohomish,0,1,,1,1,2,1,0,7,1,17:21,17:28,17:48,52,0,0,209.5,1,0,1,1,1,1,1,0,0,0,0,I-5,,-122.2114083,48.199330556,0,1,7,8,1,70,14,0,0,1,2,1,1,1,3,3,15,7,2,53,0,7,402,1999,0,,64,52.0,1.0,,,,1,1,35,2,0.0,,2,0,3,0,11,5,,,,,0.0,0.0,0.0,0.0,1,58,,,,96,,,,,,0,,,,,,98229,53,65.0,191.0,0.0,0.0,0.0,0.0,0.0,0.0,,97,,,,,,0,,,1,0,0,0,8.0,3,8,,,0,,,8,8,0.0,0.0,,,0.0,,,0,0,996.0,,,,,,,,,,,,,,,,,,,,,,,,,,,,,,0,0,0,0,0,0,0,0,0,0,0,0,0,1,0,0,0,0,0,0,0,0,0,0,0,0,0,0,0,1,0,0,0,0,0,,0,0,0,0,0,0,0,0,0,0,0,1,0,0,0,0,,,,,,31-35,26-35,Interstate,R,Friday,Belt Used,PV,Not Fatal,0,1,0,0,State Route,State Patrol,Washington State Patrol,1,1,0,0,0,,,,,,0.0,0.0,0.0,,,,,,,,,,,0.0,0.0,0.0,0.0,,,,,20.0,7.0,,,,,,,,1.0,0.0,,,,,,,98223,Bellingham,Arlington
2668,2725,2725,2020,266,EA52929,2.0,2020-07-11,22:19,11,7,,61,Snohomish,1360,10,,2,1,2,1,0,4,2,22:11,22:20,22:51,12,0,2,22.9,1,0,1,3,2,1,3,0,0,0,0,SR-522,,-122.0106389,47.846961111,0,1,52,54,3,60,6,0,0,1,2,12,4,1,2,3,14,1,1,53,0,48,38,2013,0,,12,,,,,,1,1,35,2,7.0,,4,7,3,0,11,0,07/11/2020,22:19,136053032097.0,32097.0,0.0,0.0,3.0,3.0,1,38,51.0,,,96,,,,,,98,,,,,,98802,53,64.0,140.0,6.0,1.0,0.0,1.0,0.0,0.0,,0,,,,,,0,06/15/2016,12/15/2017,8,0,0,0,0.0,9,8,,,0,,,8,8,2.0,334.0,,,1.0,,,2,1,0.287,,,,,,,,,,,,,,,,,,,,,,,,,,,,,,0,0,0,0,1,1,1,1,0,0,0,0,0,0,0,0,0,0,1,0,0,0,0,0,0,0,0,0,0,1,0,0,0,0,0,,1,0,0,0,0,1,1,1,0,0,1,0,0,0,0,1,,,,,,31-35,26-35,State route,U,Saturday,Belt Used,PV,Multiracial,0,0,0,1,State Route,State Patrol,Washington State Patrol,0,1,0,0,0,,,,,,0.0,0.0,1.0,,,,,,,,,,,98.0,98.0,98.0,201.0,204.0,,,,20.0,7.0,,,,,,,,1.0,0.0,,,,,,,98290,East Wenatchee,Snohomish
2669,2726,2726,2020,266,EA52929,2.0,2020-07-11,22:19,11,7,,61,Snohomish,1360,10,,2,1,2,1,0,4,2,22:11,22:20,22:51,12,0,2,22.9,1,0,1,3,2,1,3,0,0,0,0,SR-522,,-122.0106389,47.846961111,0,2,52,54,3,60,14,0,0,1,2,12,4,1,2,3,14,3,1,53,0,41,403,2016,0,,12,,,,,,1,1,35,1,0.0,,3,0,3,0,11,5,,,,,0.0,0.0,0.0,3.0,1,10,,,,0,,,,,,0,,,,,,98272,53,70.0,210.0,6.0,1.0,0.0,0.0,0.0,1.0,,0,,,,,,0,03/15/2019,03/15/2019,1,0,0,0,8.0,9,8,,,0,,,8,8,0.0,0.0,,,0.0,,,0,0,996.0,,,,,,,,,,,,,,,,,,,,,,,,,,,,,,0,0,0,0,1,1,1,1,0,0,0,0,0,0,0,0,0,0,1,0,0,0,0,0,0,0,0,0,0,1,0,0,0,0,0,,0,0,0,0,0,0,0,0,0,0,0,0,0,0,0,0,,,,,,31-35,26-35,State route,U,Saturday,Belt Used,PV,Not Fatal,0,0,0,1,State Route,State Patrol,Washington State Patrol,0,1,0,0,0,,,,,,0.0,0.0,0.0,,,,,,,,,,,98.0,98.0,98.0,0.0,,,,,20.0,7.0,,,,,,,,1.0,0.0,,,,,,,98290,Monroe,Snohomish
2670,2727,2727,2020,267,EA53000,2.0,2020-08-05,12:09,5,8,,57,Skagit,0,1,,1,1,1,2,0,2,2,,,,12,0,2,50.8,1,0,1,2,2,1,3,0,0,0,0,SR-20,,-122.5137222,48.454508333,0,1,52,54,3,55,14,0,0,1,2,12,1,2,2,3,1,1,1,53,0,49,403,2015,0,,12,,,,,,1,1,76,1,7.0,,4,7,3,0,11,0,08/05/2020,12:09,5053036274.0,36274.0,0.0,0.0,3.0,3.0,1,51,,,,96,,,,,,9,,,,,,98277,53,74.0,300.0,6.0,1.0,0.0,0.0,0.0,0.0,,0,,,,,,0,,,8,0,0,0,0.0,9,1,,,0,,,1,8,2.0,996.0,996.0,996.0,1.0,1.0,1.0,2,1,0.0,,,,,,,,,,,,,,,,,,,,,,,,,,,,,,0,0,0,0,0,0,1,1,0,0,0,0,0,0,0,0,0,0,0,0,0,0,0,0,0,1,1,1,0,1,0,0,0,0,0,,1,0,0,0,0,0,1,1,0,0,0,0,0,0,1,0,,,,,,76-80,76+,State route,U,Wednesday,Belt Used,PV,White,0,0,0,1,State Route,State Patrol,Washington State Patrol,0,1,0,0,0,,,,,,0.0,0.0,0.0,1.0,1.0,,,,996.0,996.0,,,,98.0,98.0,98.0,1.0,,,,,20.0,7.0,,,,,,,,1.0,0.0,,,,,,,98273,Oak Harbor,Mount Vernon
2671,2728,2728,2020,267,EA53000,2.0,2020-08-05,12:09,5,8,,57,Skagit,0,1,,1,1,1,2,0,2,2,,,,12,0,2,50.8,1,0,1,2,2,1,3,0,0,0,0,SR-20,,-122.5137222,48.454508333,0,2,52,54,3,55,14,0,0,1,2,12,1,2,2,3,1,1,1,53,0,49,401,2000,0,,12,,,,,,1,1,62,2,7.0,,4,7,3,0,11,0,08/05/2020,12:09,5053036820.0,36820.0,0.0,0.0,3.0,3.0,1,0,,,,96,,,,,,0,,,,,,98273,53,64.0,116.0,6.0,1.0,0.0,0.0,1.0,0.0,,0,,,,,,0,08/15/2016,08/15/2016,1,0,0,0,0.0,9,8,,,0,,,8,8,2.0,1.0,,,1.0,,,2,1,0.0,,,,,,,,,,,,,,,,,,,,,,,,,,,,,,0,0,0,0,0,0,1,1,0,0,0,0,0,0,0,0,0,0,0,0,0,0,0,0,0,1,1,1,0,1,0,0,0,0,0,,1,0,0,0,0,0,0,0,0,0,0,0,0,0,0,0,,,,,,61-65,56-65,State route,U,Wednesday,Belt Used,PV,White,0,0,0,1,State Route,State Patrol,Washington State Patrol,0,1,0,0,0,,,,,,0.0,0.0,0.0,,,,,,,,,,,98.0,98.0,98.0,1.0,,,,,20.0,7.0,,,,,,,,1.0,0.0,,,,,,,98273,Mount Vernon,Mount Vernon
2672,2729,2729,2020,268,EA53023,25.0,2020-08-04,19:09,4,8,,33,King,0,1,,1,1,2,1,0,8,3,19:14,19:19,20:39,12,0,2,7.1,1,0,1,5,2,2,4,0,0,0,0,CR-KENT BLACK DIAMOND R,,-122.1245639,47.336816667,0,1,50,10,2,40,34,0,0,1,2,12,1,2,2,1,1,1,2,53,0,12,481,2002,0,,68,12.0,1.0,12.0,,,1,1,50,1,0.0,,2,0,3,0,11,5,,,,,0.0,0.0,0.0,3.0,1,28,58.0,,,96,,,,,,9,,,,,,98042,53,72.0,215.0,6.0,1.0,0.0,1.0,0.0,2.0,,1,,,,,,0,03/15/2018,05/15/2020,1,0,0,0,8.0,3,8,,,0,,,1,1,2.0,300.0,,,1.0,,,2,1,0.0,,,,,,,,,,,,,,,,,,,,,,,,,,,,,,0,0,0,0,1,0,1,1,0,0,0,0,0,1,0,0,0,0,0,0,0,1,1,0,1,0,0,0,0,1,0,0,0,0,0,,0,0,0,0,0,0,1,1,0,0,0,0,0,0,1,1,,,,,,46-50,46-55,County road,U,Tuesday,Belt Used,PV,Not Fatal,0,1,1,0,County Road,County Sheriff,King County Police,0,0,1,0,0,,,,,,0.0,0.0,0.0,,,,,,,,,,,98.0,98.0,98.0,0.0,,,,,20.0,7.0,,,,,,,,1.0,0.0,,,AUBURN-BLACK DIAMOND RD,7.123,,,98042,Kent,Kent
2673,2730,2730,2020,268,EA53023,25.0,2020-08-04,19:09,4,8,,33,King,0,1,,1,1,2,1,0,8,3,19:14,19:19,20:39,12,0,2,7.1,1,0,1,5,2,2,4,0,0,0,0,CR-KENT BLACK DIAMOND R,,-122.1245639,47.336816667,0,2,51,62,4,40,14,0,0,1,2,12,1,2,2,1,1,3,2,53,0,12,402,2008,0,,12,,,,,,1,1,20,1,0.0,,2,0,3,0,11,5,,,,,0.0,0.0,0.0,0.0,1,0,,,,96,,,,,,0,,,,,,98042,53,73.0,150.0,0.0,0.0,0.0,0.0,0.0,0.0,,0,,,,,,0,,,1,0,0,0,8.0,9,8,,,0,,,8,8,8.0,95.0,,,96.0,,,8,95,995.0,,,,,,,,,,,,,,,,,,,,,,,,,,,,,,0,0,0,0,1,0,1,1,0,0,0,0,0,1,0,0,0,0,0,0,0,1,1,0,1,0,0,0,0,1,0,0,0,0,0,,0,0,0,0,0,0,0,0,0,0,0,1,0,0,0,0,,,,,,18-20,16-25,County road,U,Tuesday,Belt Used,PV,Not Fatal,0,1,1,0,County Road,County Sheriff,King County Police,0,0,1,0,0,,,,,,0.0,0.0,0.0,,,,,,,,,,,98.0,98.0,98.0,0.0,,,,,20.0,7.0,,,,,,,,1.0,0.0,,,AUBURN-BLACK DIAMOND RD,7.123,,,98042,Kent,Kent
2674,2731,2731,2020,268,EA53023,25.0,2020-08-04,19:09,4,8,,33,King,0,1,,1,1,2,1,0,8,3,19:14,19:19,20:39,12,0,2,7.1,1,0,1,5,2,2,4,0,0,0,0,CR-KENT BLACK DIAMOND R,,-122.1245639,47.336816667,0,3,98,62,4,40,34,0,0,1,2,12,1,2,2,1,1,4,1,53,0,49,472,2015,0,,12,,,,,,1,1,32,1,0.0,,2,0,3,0,11,5,,,,,0.0,0.0,0.0,3.0,1,0,,,,96,,,,,,0,,,,,,98030,53,70.0,190.0,6.0,1.0,0.0,0.0,0.0,0.0,,0,,,,,,0,,,8,0,0,0,8.0,9,8,,,0,,,8,8,8.0,95.0,,,96.0,,,8,95,995.0,,,,,,,,,,,,,,,,,,,,,,,,,,,,,,0,0,0,0,1,0,1,1,0,0,0,0,0,1,0,0,0,0,0,0,0,1,1,0,1,0,0,0,0,1,0,0,0,0,0,,0,0,0,0,0,0,0,0,0,0,0,0,0,0,0,0,,,,,,31-35,26-35,County road,U,Tuesday,Belt Used,PV,Not Fatal,0,1,1,0,County Road,County Sheriff,King County Police,0,0,1,0,0,,,,,,0.0,0.0,0.0,,,,,,,,,,,98.0,98.0,98.0,0.0,,,,,20.0,7.0,,,,,,,,1.0,0.0,,,AUBURN-BLACK DIAMOND RD,7.123,,,98042,Kent,Kent
2675,2732,2732,2020,269,EA53654,2.0,2020-07-26,19:55,26,7,,29,Island,0,1,,1,1,2,1,0,2,2,19:42,19:49,20:06,12,0,2,10.0,1,0,1,5,1,2,4,0,0,0,0,CR-SW CAMANO DR,,-122.5166306,48.160327778,0,1,50,9,1,50,80,0,0,1,2,12,2,1,2,1,14,1,1,53,0,72,706,2019,0,,68,12.0,,,,,1,1,45,1,7.0,,4,0,20,7,11,1,07/26/2020,20:35,53035281.0,35281.0,0.0,0.0,0.0,3.0,1,28,,,,96,,,,,,9,,,,,,98282,53,75.0,235.0,6.0,1.0,0.0,0.0,0.0,1.0,,0,,,,,,4,01/15/2020,01/15/2020,20,8,0,0,0.0,1,8,,,0,,,0,1,2.0,1.0,,,1.0,,,2,1,0.421,,,,,,,,,,,,,,,,,,,,,,,,,,,,,,0,0,0,0,1,1,0,1,0,0,0,0,1,0,0,0,0,0,0,0,0,0,0,0,0,0,0,0,1,1,0,0,0,0,1,0.0,0,0,0,0,0,1,0,1,0,1,0,0,0,1,0,1,,,,,,41-45,36-45,County road,R,Sunday,,MC,White,0,1,1,0,County Road,State Patrol,Washington State Patrol,0,0,1,0,0,,,,,,0.0,0.0,0.0,,,,,,,,,,,0.0,0.0,0.0,1.0,,,,,5.0,0.0,,,,,,,,1.0,0.0,,,,,,,98282,Camano Island,Camano Island