,index,Unnamed: 0,year,case,par,repjur,crash_dt,crash_tm,accday,accmon,holiday,county,co_char,city,weather,weather2,lightcond,surfcond,surftype,numfatal,nmforms,pforms,vforms,not_tm,arr_tm,hosp_tm,fhevent,hitrun,manncol,milepnt,reljunc,reljuncinter,intersectiontype,funcsystem,landuse,ownership,route,schlbus,spejur,contdev,devfunc,trafid1,trafid2,lon,lat,wk_zone,vnumber,crashtype,criticalevent,criticaleventcat,spdlim,body,trailer,emerg,hazcargo,leave,mhevent,roadalgn,roadprof,traflane,trafflow,vehmanvr,numoccs,regowner,regstate,spuse,make,model,modelyr,vrf1,vrf2,seqevent1,seqevent2,seqevent3,seqevent4,seqevent5,seqevent6,pnumber,ptype,age,sex,hispanic,race,injury,diedscene,restraint,restraintmisuse,seatpos,takehosp,death_dt,death_tm,cert,cernum_wa,commlic,licendor,licrestrict,liccomp,drivpres,drf1,drf2,drf3,drf4,distract1,distract2,distract3,distract4,distract5,distract6,dricond1,dricond2,dricond3,dricond4,dricond5,dricond6,dzip,licstate,drhgt_in,weight,noncdl,noncdltype,prevdwi,prevoth,prevacc,prevspd,prevsus,driviol1,driviol2,driviol3,driviol4,driviol5,driviol6,spdrel,first_dt,last_dt,airbag,ejection,ejectpath,extricat,injurwrk,methalc,methdrug,nmlocat,strikveh,prf1,prf2,prf3,druginv,alcinvol,drugsts,drugres1,drugres2,drugres3,drugtst1,drugtst2,drugtst3,alcsts,alctst,alcres,nmact1,nmact2,nmact3,nmact4,nmact5,nmact6,nmprior1,nmprior2,nmprior3,nmprior4,nmprior5,nmprior6,nmcond1,nmcond2,nmcond3,nmcond4,nmcond5,nmcond6,nmsafe_helmet,nmsafe_pads,nmsafe_oth,nmprev_ref,nmprev_lgt,nmprev_oth,crashlocation,nmcrashtype,crosswalk,schoolzone,sidewalk,train_inv,wildlife_inv,rotr_fars,intersect_fars,dd_inv,aid_inv,dpd_inv,id_inv,mj_inv,impnm_inv,ainm_inv,dpnm_inv,speed_inv,unlic_inv,unendmc_inv,drowsy_inv,drdist_inv,nmdist_inv,fty_inv,unrestfat_inv,dr1617_inv,dr1820_inv,dr1620_inv,dr2125_inv,dr1625_inv,dr65_inv,dr70_inv,dr75_inv,mc_inv,pv_inv,ht_inv,ped_inv,bike_inv,unrest_fat,mc_fat,unhelmet_mc,pv_fat,ht_fat,ped_fat,bike_fat,dr_alc7,dr_alc8,dr_drug,dr_imp,dr_dist,dr_spd,dr_fty,dr_unlic,dr_alc7only,dr_alc8only,dr_drugonly,dr_drink,nm_imp,nm_alc7,nm_alc8,nm_drug,nm_dist,agegrp1,agegrp2,roadclass,urbrur,dayweek,restuse,vehtype,race_me,intersect,lanedep,oppdir,wrongway,rep_typ,investag,repag_long,rotr,st_rd,cty_rd,city_rd,oth_rd,drug_thc,thc_res,drug_cthc,cthc_res,drug_cann,prevpersemin,prevperse,prevsusoth,drugtst4,drugtst5,drugtst6,drugtst7,drugtst8,drugres4,drugres5,drugres6,drugres7,drugres8,adspresent,adsengaged,adslevel,race1,race2,race3,race4,race5,helmet,helmetmisuse,nmdistract1,nmdistract2,nmdistract3,nmdistract4,nmdistract5,nmdistract6,lab,isedtcase,crf1,crf2,crf3,CoRoadName,CoMP,IntCoRoadName,IntCoMP,crashzip,dcity,crashcity
2676,2733,2733,2020,269,EA53654,2.0,2020-07-26,19:55,26,7,,29,Island,0,1,,1,1,2,1,0,2,2,19:42,19:49,20:06,12,0,2,10.0,1,0,1,5,1,2,4,0,0,0,0,CR-SW CAMANO DR,,-122.5166306,48.160327778,0,2,51,62,4,50,20,0,0,1,2,12,3,1,2,1,14,1,1,53,0,7,442,2011,0,,12,,,,,,1,1,37,1,0.0,,1,0,3,0,11,0,,,,,0.0,0.0,0.0,3.0,1,0,,,,96,,,,,,0,,,,,,98282,53,74.0,190.0,6.0,1.0,0.0,0.0,0.0,0.0,,0,,,,,,0,,,1,0,0,0,8.0,3,8,,,0,,,8,8,2.0,1.0,,,1.0,,,2,1,0.0,,,,,,,,,,,,,,,,,,,,,,,,,,,,,,0,0,0,0,1,1,0,1,0,0,0,0,1,0,0,0,0,0,0,0,0,0,0,0,0,0,0,0,1,1,0,0,0,0,0,,0,0,0,0,0,0,0,0,0,0,0,0,0,0,0,0,,,,,,36-40,36-45,County road,R,Sunday,Belt Used,PV,Not Fatal,0,1,1,0,County Road,State Patrol,Washington State Patrol,0,0,1,0,0,,,,,,0.0,0.0,0.0,,,,,,,,,,,98.0,98.0,98.0,0.0,,,,,20.0,7.0,,,,,,,,1.0,0.0,,,,,,,98282,Camano Island,Camano Island
2677,2734,2734,2020,270,EA53712,5.0,2020-08-03,1:45,3,8,,41,Lewis,0,1,,2,1,2,1,0,4,2,1:43,1:58,,12,0,6,78.4,2,0,2,3,1,1,2,0,0,0,0,US-12,STOWELL RD,-122.6260667,46.531458333,0,1,98,21,2,55,61,0,0,1,2,12,2,2,2,1,12,3,3,53,0,7,881,2018,0,,12,,,,,,1,1,64,1,7.0,,4,7,3,0,11,0,08/03/2020,1:45,53036917.0,36917.0,6.0,9.0,3.0,3.0,1,48,,,,96,,,,,,98,,,,,,98922,53,72.0,320.0,6.0,1.0,0.0,0.0,2.0,0.0,,0,,,,,,0,01/15/2018,01/15/2020,8,0,0,0,0.0,9,8,,,0,,,8,8,2.0,1.0,,,1.0,,,2,1,0.0,,,,,,,,,,,,,,,,,,,,,,,,,,,,,,0,0,0,1,0,0,0,0,0,0,0,0,0,0,0,0,0,0,0,0,0,0,0,0,0,1,1,0,0,0,1,0,0,0,0,,0,1,0,0,0,0,0,0,0,0,0,0,0,0,0,0,,,,,,61-65,56-65,US highway,R,Monday,,MHTRUCK,White,1,0,0,0,State Route,State Patrol,Washington State Patrol,0,1,0,0,0,,,,,,0.0,0.0,0.0,,,,,,,,,,,98.0,98.0,98.0,1.0,,,,,20.0,7.0,,,,,,,,1.0,0.0,,,,,,,98582,Cle Elum,Salkum
2678,2735,2735,2020,270,EA53712,5.0,2020-08-03,1:45,3,8,,41,Lewis,0,1,,2,1,2,1,0,4,2,1:43,1:58,,12,0,6,78.4,2,0,2,3,1,1,2,0,0,0,0,US-12,STOWELL RD,-122.6260667,46.531458333,0,2,98,98,7,55,66,2,0,1,2,12,2,2,2,1,14,1,3,53,0,87,881,2019,0,,12,,,,,,1,1,70,1,0.0,,3,0,3,0,11,5,,,,,6.0,1.0,3.0,3.0,1,0,,,,96,,,,,,0,,,,,,98532,53,75.0,210.0,6.0,1.0,0.0,0.0,1.0,0.0,,0,,,,,,0,10/15/2018,10/15/2018,20,0,0,0,8.0,9,8,,,0,,,8,8,0.0,0.0,,,0.0,,,0,0,996.0,,,,,,,,,,,,,,,,,,,,,,,,,,,,,,0,0,0,1,0,0,0,0,0,0,0,0,0,0,0,0,0,0,0,0,0,0,0,0,0,1,1,0,0,0,1,0,0,0,0,,0,0,0,0,0,0,0,0,0,0,0,0,0,0,0,0,,,,,,66-70,66-75,US highway,R,Monday,,MHTRUCK,Not Fatal,1,0,0,0,State Route,State Patrol,Washington State Patrol,0,1,0,0,0,,,,,,0.0,0.0,0.0,,,,,,,,,,,98.0,98.0,98.0,0.0,,,,,20.0,7.0,,,,,,,,1.0,0.0,,,,,,,98582,Chehalis,Salkum
2679,2736,2736,2020,271,EA53808,27.0,2020-07-29,16:00,29,7,,37,Kittitas,0,1,,1,1,4,1,0,2,1,22:28,23:23,,1,0,0,9999.9,1,0,1,98,1,64,8,0,0,0,0,FS RD 3111,,-120.9335028,47.0525,0,1,6,12,2,40,14,0,0,1,2,1,3,2,8,8,14,2,1,53,0,2,403,1997,0,,64,1.0,,,,,1,1,36,1,7.0,,4,7,20,7,11,0,07/30/2020,8:00,53035464.0,35464.0,0.0,0.0,0.0,3.0,1,0,,,,96,,,,,,98,,,,,,98926,53,71.0,145.0,6.0,1.0,0.0,0.0,1.0,0.0,,0,,,,,,0,05/15/2019,05/15/2019,20,1,9,0,0.0,9,8,,,0,,,8,8,8.0,95.0,,,96.0,,,8,95,995.0,,,,,,,,,,,,,,,,,,,,,,,,,,,,,,0,0,1,0,0,0,0,0,0,0,0,0,0,0,0,0,0,0,0,1,0,0,0,0,0,0,0,0,0,1,0,0,0,1,0,,1,0,0,0,0,0,0,0,0,0,0,0,0,0,0,0,,,,,,36-40,36-45,Other,R,Wednesday,Not Used,PV,White,0,1,0,0,Other,County Sheriff,Kittitas County Sheriff's Office,1,0,0,0,1,,,,,,0.0,0.0,0.0,,,,,,,,,,,0.0,0.0,0.0,1.0,,,,,20.0,7.0,,,,,,,,1.0,0.0,,,,,,,98922,Ellensburg,Cle Elum
2680,2737,2737,2020,272,EA53967,17.0,2020-07-21,15:30,21,7,,17,Douglas,0,1,,1,1,4,1,0,1,1,,,,1,0,0,1.0,1,0,1,7,1,2,4,0,0,0,0,CR-PENDALL RD,,-118.9986083,47.985258333,0,1,7,9,1,35,20,0,0,1,2,1,3,1,8,1,14,1,1,53,0,20,441,1997,0,,64,1.0,,,,,1,1,63,2,7.0,,4,7,20,7,11,0,07/21/2020,20:30,53034107.0,34107.0,0.0,0.0,3.0,3.0,1,0,,,,96,,,,,,98,,,,,,98072,53,66.0,120.0,6.0,1.0,0.0,0.0,0.0,0.0,,0,,,,,,4,,,8,1,9,0,0.0,9,8,,,0,,,8,8,2.0,695.0,605.0,,1.0,1.0,,2,1,0.317,,,,,,,,,,,,,,,,,,,,,,,,,,,,,,0,0,0,0,1,1,1,1,1,0,0,0,1,0,0,0,0,0,0,1,0,0,0,0,0,0,0,0,0,1,0,0,0,1,0,,1,0,0,0,0,1,1,1,0,1,0,0,0,0,0,1,,,,,,61-65,56-65,County road,R,Tuesday,Not Used,PV,White,0,1,0,0,County Road,County Sheriff,Douglas County Sheriff's Office,1,0,1,0,0,thc,4.1,carboxy-thc,18.0,,0.0,0.0,0.0,,,,,,,,,,,0.0,0.0,0.0,1.0,,,,,20.0,7.0,,,,,,,nms,1.0,0.0,,,SMITH LAKE RD,1.0,,,99133,Woodinville,Grand Coulee
2681,2738,2738,2020,274,EA54112,8.0,2020-08-09,2:43,9,8,,31,Jefferson,0,1,,2,1,2,1,1,1,1,2:43,2:51,,8,0,0,7.7,1,0,1,3,1,1,3,0,0,0,0,SR-104,,-122.7521667,47.893280556,0,1,13,80,5,60,15,0,0,1,2,8,1,1,2,1,1,1,1,53,0,23,422,2004,0,,8,,,,,,1,1,42,1,0.0,,0,0,3,0,11,0,,,,,0.0,0.0,0.0,3.0,1,0,,,,96,,,,,,0,,,,,,98188,53,72.0,160.0,6.0,1.0,0.0,0.0,0.0,1.0,,0,,,,,,0,11/15/2018,11/15/2018,20,0,0,0,8.0,3,8,,,0,,,8,8,0.0,0.0,,,0.0,,,0,0,996.0,,,,,,,,,,,,,,,,,,,,,,,,,,,,,,0,0,0,0,0,0,0,0,0,1,0,1,0,0,0,0,0,0,0,0,0,0,0,0,0,0,0,0,0,1,0,1,0,0,0,,0,0,0,0,0,0,0,0,0,0,0,0,0,0,0,0,,,,,,41-45,36-45,State route,R,Sunday,Belt Used,PV,Not Fatal,0,0,0,0,State Route,State Patrol,Washington State Patrol,0,1,0,0,0,,,,,,0.0,0.0,0.0,,,,,,,,,,,98.0,98.0,98.0,0.0,,,,,20.0,7.0,,,,,,,,1.0,0.0,,,,,,,98376,Seattle,Quilcene
2682,2739,2739,2020,275,EA54212,35.0,2020-08-10,7:50,10,8,,53,Pierce,0,1,,1,1,2,1,0,1,1,7:51,7:59,,42,0,0,7.8,1,0,1,4,1,2,4,0,0,0,0,CR-SUMNER BUCKLEY HWY E,,-122.0472167,47.167572222,0,1,1,13,2,35,4,0,0,1,2,2,3,1,2,1,14,1,1,53,0,49,40,2003,0,,63,42.0,2.0,,,,1,1,30,2,7.0,,4,7,99,7,11,0,08/10/2020,7:50,53003285.0,3285.0,0.0,0.0,0.0,3.0,1,0,,,,96,,,,,,9,,,,,,98022,53,63.0,169.0,6.0,1.0,0.0,0.0,1.0,0.0,,12,,,,,,0,04/15/2020,04/15/2020,99,0,0,0,0.0,9,1,,,0,,,1,8,2.0,996.0,,,1.0,,,8,95,995.0,,,,,,,,,,,,,,,,,,,,,,,,,,,,,,0,0,1,0,0,0,1,1,0,0,0,0,0,0,0,0,0,0,0,0,0,0,0,0,0,0,0,0,0,1,0,0,0,0,0,,1,0,0,0,0,0,1,1,0,0,0,0,0,0,0,0,,,,,,26-30,26-35,County road,R,Monday,Unknown,PV,White,0,1,0,0,County Road,County Sheriff,Law Enforcement Support Agency,1,0,1,0,0,,,,,,0.0,0.0,0.0,,,,,,,,,,,98.0,98.0,98.0,1.0,,,,,20.0,7.0,,,,,,,,1.0,0.0,,,SUMNER-BUCKLEY HWY E,7.84,,,98321,Enumclaw,Buckley
2683,2740,2740,2020,276,EA54393,8.0,2020-08-04,17:28,4,8,,9,Clallam,0,1,,1,1,2,1,0,7,2,18:09,18:37,19:16,12,0,6,54.8,1,0,1,5,1,1,3,0,0,0,0,SR-112,,-123.6632528,48.118916667,0,1,66,10,2,55,14,0,0,1,2,12,1,1,2,1,15,6,2,53,0,20,403,2003,0,,68,12.0,,,,,1,1,44,1,0.0,,2,0,20,7,11,5,,,,,0.0,0.0,0.0,2.0,1,28,,,,96,,,,,,9,,,,,,98357,53,78.0,225.0,1.0,1.0,0.0,0.0,0.0,0.0,,3,,,,,,4,08/15/2015,08/15/2015,20,0,0,0,8.0,9,8,,,0,,,1,8,2.0,124.0,996.0,401.0,1.0,1.0,1.0,2,1,0.0,,,,,,,,,,,,,,,,,,,,,,,,,,,,,,0,0,0,0,0,0,1,1,0,0,0,0,1,1,0,0,0,0,0,1,0,0,0,0,0,1,0,0,0,1,0,0,0,0,0,,0,0,0,0,0,0,1,1,0,1,0,1,0,0,1,0,,,,,,41-45,36-45,State route,R,Tuesday,Not Used,PV,Not Fatal,0,1,1,0,State Route,State Patrol,Washington State Patrol,0,1,0,0,0,,,,,,0.0,0.0,1.0,1.0,,,,,417.0,,,,,98.0,98.0,98.0,0.0,,,,,20.0,7.0,,,,,,,,1.0,0.0,,,,,,,98363,Neah Bay,Port Angeles
2684,2741,2741,2020,276,EA54393,8.0,2020-08-04,17:28,4,8,,9,Clallam,0,1,,1,1,2,1,0,7,2,18:09,18:37,19:16,12,0,6,54.8,1,0,1,5,1,1,3,0,0,0,0,SR-112,,-123.6632528,48.118916667,0,2,66,62,4,55,15,0,0,1,2,12,1,1,2,1,1,1,1,53,0,12,422,1997,0,,12,,,,,,1,1,67,1,0.0,,2,0,3,0,11,8,,,,,0.0,0.0,0.0,3.0,1,0,,,,96,,,,,,0,,,,,,98363,53,78.0,270.0,6.0,1.0,0.0,0.0,0.0,0.0,,0,,,,,,0,,,20,0,0,0,8.0,9,8,,,0,,,8,8,8.0,95.0,,,96.0,,,8,95,995.0,,,,,,,,,,,,,,,,,,,,,,,,,,,,,,0,0,0,0,0,0,1,1,0,0,0,0,1,1,0,0,0,0,0,1,0,0,0,0,0,1,0,0,0,1,0,0,0,0,0,,0,0,0,0,0,0,0,0,0,0,0,0,0,0,0,0,,,,,,66-70,66-75,State route,R,Tuesday,Belt Used,PV,Not Fatal,0,1,1,0,State Route,State Patrol,Washington State Patrol,0,1,0,0,0,,,,,,0.0,0.0,0.0,,,,,,,,,,,0.0,0.0,0.0,0.0,,,,,20.0,7.0,,,,,,,,1.0,0.0,,,,,,,98363,Port Angeles,Port Angeles
2685,2742,2742,2020,277,EA54709,7.0,2020-08-05,18:43,5,8,,33,King,0,1,,1,1,2,1,0,1,1,,,,35,0,0,18.9,1,0,1,3,1,1,3,0,0,0,0,SR-169,,-122.0762833,47.453491667,0,1,7,6,1,50,15,0,0,1,2,1,2,1,2,1,6,1,1,53,0,42,421,2011,0,,68,64.0,35.0,52.0,1.0,,1,1,40,2,7.0,,4,7,20,7,11,0,08/05/2020,18:43,53036938.0,36938.0,0.0,0.0,0.0,3.0,1,0,,,,96,,,,,,98,,,,,,98038,53,66.0,150.0,6.0,1.0,0.0,0.0,0.0,0.0,,0,,,,,,4,,,8,1,9,0,0.0,9,8,,,0,,,8,8,2.0,996.0,334.0,,1.0,1.0,,2,1,0.286,,,,,,,,,,,,,,,,,,,,,,,,,,,,,,0,0,0,0,1,1,1,1,0,0,0,0,1,0,0,0,0,0,0,1,0,0,0,0,0,0,0,0,0,1,0,0,0,1,0,,1,0,0,0,0,1,1,1,0,1,0,0,0,0,0,1,,,,,,36-40,36-45,State route,R,Wednesday,Not Used,PV,White,0,1,0,0,State Route,State Patrol,Washington State Patrol,1,1,0,0,0,,,,,,0.0,0.0,0.0,,,,,,,,,,,98.0,98.0,98.0,1.0,,,,,20.0,7.0,,,,,,,,1.0,0.0,,,,,,,98038,Maple Valley,Maple Valley
2686,2743,2743,2020,278,EA55174,75.0,2020-08-09,16:28,9,8,,11,Clark,240,1,,1,1,2,1,0,6,2,16:34,16:49,17:38,12,0,2,9999.8,1,0,1,4,2,4,6,0,0,0,0,NW LAKE RD,,-122.4146806,45.606505556,0,1,50,10,2,35,5,0,0,1,2,12,4,2,2,1,14,1,1,53,0,41,50,2006,0,,68,12.0,,,,,1,1,43,1,7.0,,4,7,99,7,11,0,08/09/2020,16:40,24053037488.0,37488.0,0.0,0.0,0.0,3.0,1,28,,,,92,,,,,,98,,,,,,98682,53,72.0,250.0,6.0,1.0,0.0,0.0,0.0,0.0,,0,,,,,,0,,,8,0,0,0,0.0,9,8,,,0,,,8,8,2.0,1.0,,,1.0,,,2,1,0.267,,,,,,,,,,,,,,,,,,,,,,,,,,,,,,0,0,0,0,1,1,0,1,0,0,0,0,0,0,0,0,1,0,0,0,0,1,1,0,1,0,0,0,0,1,0,0,0,0,0,,1,0,0,0,0,1,0,1,1,0,0,0,0,1,0,1,,,,,,41-45,36-45,City street,U,Sunday,Unknown,PV,White,0,1,1,0,City Street,Municipal/City Police,Camas Police Department,0,0,0,1,0,,,,,,0.0,0.0,0.0,,,,,,,,,,,98.0,98.0,98.0,1.0,,,,,20.0,7.0,,,,,,,,1.0,0.0,,,,,,,98607,Vancouver,Camas
2687,2744,2744,2020,278,EA55174,75.0,2020-08-09,16:28,9,8,,11,Clark,240,1,,1,1,2,1,0,6,2,16:34,16:49,17:38,12,0,2,9999.8,1,0,1,4,2,4,6,0,0,0,0,NW LAKE RD,,-122.4146806,45.606505556,0,2,51,62,4,35,4,0,0,1,5,12,4,2,2,1,14,5,2,41,0,32,43,2017,0,,12,,,,,,1,1,18,1,0.0,,1,0,3,0,11,5,,,,,0.0,0.0,0.0,3.0,1,0,,,,96,,,,,,0,,,,,,95747,6,72.0,260.0,6.0,1.0,0.0,0.0,0.0,0.0,,0,,,,,,0,,,8,0,0,0,8.0,9,8,,,0,,,8,8,0.0,0.0,,,0.0,,,0,0,996.0,,,,,,,,,,,,,,,,,,,,,,,,,,,,,,0,0,0,0,1,1,0,1,0,0,0,0,0,0,0,0,1,0,0,0,0,1,1,0,1,0,0,0,0,1,0,0,0,0,0,,0,0,0,0,0,0,0,0,0,0,0,0,0,0,0,0,,,,,,18-20,16-25,City street,U,Sunday,Belt Used,PV,Not Fatal,0,1,1,0,City Street,Municipal/City Police,Camas Police Department,0,0,0,1,0,,,,,,0.0,0.0,0.0,,,,,,,,,,,98.0,98.0,98.0,0.0,,,,,20.0,7.0,,,,,,,,1.0,0.0,,,,,,,98607,Roseville,Camas
2688,2745,2745,2020,279,EA55352,305.0,2020-08-08,20:25,8,8,,11,Clark,2370,1,,5,1,2,1,0,1,1,,,,59,0,0,6.1,1,0,1,4,2,1,3,0,0,0,0,SR-501,,-122.7593583,45.672922222,0,1,1,13,2,50,4,0,0,1,2,1,3,1,2,1,14,1,2,41,0,58,38,2006,0,,63,59.0,38.0,67.0,1.0,,1,1,29,1,7.0,,4,0,20,7,11,5,08/08/2020,23:18,237053037778.0,37778.0,0.0,0.0,0.0,2.0,1,0,,,,96,,,,,,9,,,,,,97055,41,68.0,160.0,1.0,1.0,0.0,1.0,0.0,5.0,,0,,,,,,3,04/15/2016,10/15/2020,1,0,0,0,0.0,9,8,,,0,,,8,1,2.0,348.0,695.0,605.0,1.0,1.0,1.0,2,1,0.188,,,,,,,,,,,,,,,,,,,,,,,,,,,,,,0,0,1,0,1,1,1,1,1,0,0,0,1,1,0,0,0,0,0,1,0,0,0,0,0,0,0,0,0,1,0,0,0,1,0,,1,0,0,0,0,1,1,1,0,1,0,1,0,0,0,1,,,,,,26-30,26-35,State route,U,Saturday,Not Used,PV,Multiracial,0,1,0,0,State Route,Municipal/City Police,Vancouver Police Department,1,1,0,0,0,thc,3.9,carboxy-thc,32.0,,0.0,0.0,5.0,,,,,,,,,,,98.0,98.0,98.0,202.0,201.0,,,,20.0,7.0,,,,,,,nms,1.0,0.0,,,,,,,98660,Sandy,Vancouver
2689,2746,2746,2020,280,EA55626,278.0,2020-08-15,22:45,15,8,,63,Spokane,2110,1,,3,1,2,1,2,1,1,22:48,22:52,23:18,8,0,0,0.0,8,0,1,3,2,4,6,0,0,0,0,N MONROE ST,,-117.4266806,47.678883333,0,1,13,80,5,30,14,0,0,1,2,8,1,1,3,5,10,1,1,53,0,35,402,2008,0,,8,8.0,,,,,1,1,32,1,0.0,,0,0,99,7,11,0,,,,,0.0,0.0,0.0,3.0,1,0,,,,96,,,,,,9,,,,,,99224,53,74.0,170.0,6.0,1.0,0.0,0.0,0.0,0.0,,97,,,,,,0,,,20,0,0,0,8.0,1,8,,,0,,,8,1,2.0,1.0,,,1.0,,,2,1,0.17,,,,,,,,,,,,,,,,,,,,,,,,,,,,,,0,0,0,0,1,1,0,1,0,1,0,1,0,0,0,0,0,0,0,0,0,0,0,0,0,0,0,0,0,1,0,1,0,0,0,,0,0,0,0,0,1,0,1,0,0,0,0,0,1,0,1,,,,,,31-35,26-35,City street,U,Saturday,Unknown,PV,Not Fatal,0,0,0,0,City Street,Municipal/City Police,Spokane Police Department,0,0,0,1,0,,,,,,0.0,0.0,0.0,,,,,,,,,,,98.0,98.0,98.0,0.0,,,,,20.0,7.0,,,,,,,,1.0,0.0,,,,,,,99205,Spokane,Spokane
2690,2747,2747,2020,281,EA55669,146.0,2020-08-15,20:07,15,8,,77,Yakima,0,1,,1,1,2,1,0,3,2,20:21,21:00,21:28,12,0,6,12.7,1,0,1,6,1,2,4,0,3,0,0,CR-PROGRESSIVE RD,,-120.4454278,46.419113889,0,1,66,9,1,50,4,0,0,1,2,12,1,1,2,1,1,1,1,53,0,35,47,1999,0,,68,12.0,,,,,1,1,19,1,1.0,,4,0,3,0,11,1,08/15/2020,22:32,53039194.0,39194.0,0.0,0.0,0.0,0.0,1,0,,,,92,,,,,,98,,,,,,98902,53,,999.0,0.0,0.0,99.0,99.0,99.0,99.0,,0,,,,,,0,,,20,0,0,1,0.0,9,8,,,0,,,8,8,2.0,1.0,,,1.0,,,2,1,0.183,,,,,,,,,,,,,,,,,,,,,,,,,,,,,,0,0,0,0,1,1,0,1,0,0,0,0,0,1,0,0,1,0,0,0,0,1,1,0,1,0,0,0,0,1,0,0,0,0,0,,1,0,0,0,0,1,0,1,1,0,0,1,0,1,0,1,,,,,,18-20,16-25,County road,R,Saturday,Belt Used,PV,Hispanic,0,1,1,0,County Road,County Sheriff,Yakima County Sheriff's Office,0,0,1,0,0,,,,,,99.0,99.0,99.0,,,,,,,,,,,0.0,0.0,0.0,98.0,,,,,20.0,7.0,,,,,,,,1.0,0.0,,,PROGRESSIVE RD.,12.71,,,98951,Yakima,Wapato
2691,2748,2748,2020,281,EA55669,146.0,2020-08-15,20:07,15,8,,77,Yakima,0,1,,1,1,2,1,0,3,2,20:21,21:00,21:28,12,0,6,12.7,1,0,1,6,1,2,4,0,3,0,0,CR-PROGRESSIVE RD,,-120.4454278,46.419113889,0,2,66,54,3,50,2,0,0,1,2,12,1,1,2,1,1,2,2,53,0,37,31,1994,0,,12,,,,,,1,1,47,2,0.0,,1,0,99,7,11,5,,,,,0.0,0.0,0.0,3.0,1,0,,,,96,,,,,,0,,,,,,98951,53,68.0,195.0,6.0,1.0,0.0,0.0,0.0,0.0,,0,,,,,,0,,,1,0,0,0,8.0,9,8,,,0,,,8,8,8.0,95.0,,,96.0,,,8,95,995.0,,,,,,,,,,,,,,,,,,,,,,,,,,,,,,0,0,0,0,1,1,0,1,0,0,0,0,0,1,0,0,1,0,0,0,0,1,1,0,1,0,0,0,0,1,0,0,0,0,0,,0,0,0,0,0,0,0,0,0,0,0,0,0,0,0,0,,,,,,46-50,46-55,County road,R,Saturday,Unknown,PV,Not Fatal,0,1,1,0,County Road,County Sheriff,Yakima County Sheriff's Office,0,0,1,0,0,,,,,,0.0,0.0,0.0,,,,,,,,,,,0.0,0.0,0.0,0.0,,,,,20.0,7.0,,,,,,,,1.0,0.0,,,PROGRESSIVE RD.,12.71,,,98951,Wapato,Wapato
2692,2749,2749,2020,282,EA55984,8.0,2020-07-30,11:00,30,7,,35,Kitsap,0,1,,1,1,2,1,0,3,2,,,,12,0,6,0.3,2,1,2,4,2,1,3,0,0,20,3,SR-3 RAMP 003LX04848,SR-308,-122.6857167,47.701205556,0,1,88,17,2,98,34,0,0,1,2,12,1,2,1,6,4,2,2,53,0,7,482,2009,0,,12,,,,,,1,1,30,1,0.0,,0,0,3,0,11,0,,,,,0.0,0.0,0.0,3.0,1,38,,,,10,,,,,,98,,,,,,98446,53,73.0,220.0,6.0,1.0,0.0,0.0,1.0,0.0,,2,76.0,,,,,0,06/15/2017,06/15/2017,20,0,0,0,8.0,3,8,,,0,,,8,8,0.0,0.0,,,0.0,,,0,0,996.0,,,,,,,,,,,,,,,,,,,,,,,,,,,,,,0,0,0,1,0,0,1,1,0,0,0,0,0,0,0,0,1,0,1,0,0,0,0,0,0,1,1,0,0,1,0,0,0,0,0,,0,0,0,0,0,0,0,0,1,0,1,0,0,0,0,0,,,,,,26-30,26-35,State route,U,Thursday,Belt Used,PV,Not Fatal,1,0,0,0,State Route,State Patrol,Washington State Patrol,0,1,0,0,0,,,,,,0.0,0.0,0.0,,,,,,,,,,,98.0,98.0,98.0,0.0,,,,,20.0,7.0,,,,,,,,1.0,0.0,,,,,,,98370,Tacoma,Poulsbo
2693,2750,2750,2020,282,EA55984,8.0,2020-07-30,11:00,30,7,,35,Kitsap,0,1,,1,1,2,1,0,3,2,,,,12,0,6,0.3,2,1,2,4,2,1,3,0,0,0,0,SR-3 RAMP 003LX04848,SR-308,-122.6857167,47.701205556,0,2,89,66,4,40,4,0,0,1,2,12,1,2,2,2,1,1,2,53,0,63,38,2016,0,,12,,,,,,1,1,72,2,7.0,,4,7,3,0,11,0,07/30/2020,11:00,53036159.0,36159.0,0.0,0.0,0.0,3.0,1,0,,,,96,,,,,,0,,,,,,98370,53,64.0,142.0,6.0,1.0,0.0,0.0,0.0,0.0,,0,,,,,,0,,,8,0,0,0,0.0,9,8,,,0,,,8,8,2.0,996.0,996.0,,1.0,1.0,,2,1,0.0,,,,,,,,,,,,,,,,,,,,,,,,,,,,,,0,0,0,1,0,0,1,1,0,0,0,0,0,0,0,0,1,0,1,0,0,0,0,0,0,1,1,0,0,1,0,0,0,0,0,,1,0,0,0,0,0,1,1,0,0,0,0,0,0,1,0,,,,,,71-75,66-75,State route,U,Thursday,Belt Used,PV,White,1,0,0,0,State Route,State Patrol,Washington State Patrol,0,1,0,0,0,,,,,,0.0,0.0,0.0,,,,,,,,,,,98.0,98.0,98.0,1.0,,,,,20.0,7.0,,,,,,,,1.0,0.0,,,,,,,98370,Poulsbo,Poulsbo