,index,Unnamed: 0,year,case,par,repjur,crash_dt,crash_tm,accday,accmon,holiday,county,co_char,city,weather,weather2,lightcond,surfcond,surftype,numfatal,nmforms,pforms,vforms,not_tm,arr_tm,hosp_tm,fhevent,hitrun,manncol,milepnt,reljunc,reljuncinter,intersectiontype,funcsystem,landuse,ownership,route,schlbus,spejur,contdev,devfunc,trafid1,trafid2,lon,lat,wk_zone,vnumber,crashtype,criticalevent,criticaleventcat,spdlim,body,trailer,emerg,hazcargo,leave,mhevent,roadalgn,roadprof,traflane,trafflow,vehmanvr,numoccs,regowner,regstate,spuse,make,model,modelyr,vrf1,vrf2,seqevent1,seqevent2,seqevent3,seqevent4,seqevent5,seqevent6,pnumber,ptype,age,sex,hispanic,race,injury,diedscene,restraint,restraintmisuse,seatpos,takehosp,death_dt,death_tm,cert,cernum_wa,commlic,licendor,licrestrict,liccomp,drivpres,drf1,drf2,drf3,drf4,distract1,distract2,distract3,distract4,distract5,distract6,dricond1,dricond2,dricond3,dricond4,dricond5,dricond6,dzip,licstate,drhgt_in,weight,noncdl,noncdltype,prevdwi,prevoth,prevacc,prevspd,prevsus,driviol1,driviol2,driviol3,driviol4,driviol5,driviol6,spdrel,first_dt,last_dt,airbag,ejection,ejectpath,extricat,injurwrk,methalc,methdrug,nmlocat,strikveh,prf1,prf2,prf3,druginv,alcinvol,drugsts,drugres1,drugres2,drugres3,drugtst1,drugtst2,drugtst3,alcsts,alctst,alcres,nmact1,nmact2,nmact3,nmact4,nmact5,nmact6,nmprior1,nmprior2,nmprior3,nmprior4,nmprior5,nmprior6,nmcond1,nmcond2,nmcond3,nmcond4,nmcond5,nmcond6,nmsafe_helmet,nmsafe_pads,nmsafe_oth,nmprev_ref,nmprev_lgt,nmprev_oth,crashlocation,nmcrashtype,crosswalk,schoolzone,sidewalk,train_inv,wildlife_inv,rotr_fars,intersect_fars,dd_inv,aid_inv,dpd_inv,id_inv,mj_inv,impnm_inv,ainm_inv,dpnm_inv,speed_inv,unlic_inv,unendmc_inv,drowsy_inv,drdist_inv,nmdist_inv,fty_inv,unrestfat_inv,dr1617_inv,dr1820_inv,dr1620_inv,dr2125_inv,dr1625_inv,dr65_inv,dr70_inv,dr75_inv,mc_inv,pv_inv,ht_inv,ped_inv,bike_inv,unrest_fat,mc_fat,unhelmet_mc,pv_fat,ht_fat,ped_fat,bike_fat,dr_alc7,dr_alc8,dr_drug,dr_imp,dr_dist,dr_spd,dr_fty,dr_unlic,dr_alc7only,dr_alc8only,dr_drugonly,dr_drink,nm_imp,nm_alc7,nm_alc8,nm_drug,nm_dist,agegrp1,agegrp2,roadclass,urbrur,dayweek,restuse,vehtype,race_me,intersect,lanedep,oppdir,wrongway,rep_typ,investag,repag_long,rotr,st_rd,cty_rd,city_rd,oth_rd,drug_thc,thc_res,drug_cthc,cthc_res,drug_cann,prevpersemin,prevperse,prevsusoth,drugtst4,drugtst5,drugtst6,drugtst7,drugtst8,drugres4,drugres5,drugres6,drugres7,drugres8,adspresent,adsengaged,adslevel,race1,race2,race3,race4,race5,helmet,helmetmisuse,nmdistract1,nmdistract2,nmdistract3,nmdistract4,nmdistract5,nmdistract6,lab,isedtcase,crf1,crf2,crf3,CoRoadName,CoMP,IntCoRoadName,IntCoMP,crashzip,dcity,crashcity
2694,2751,2751,2020,283,EA56221,6.0,2020-08-15,17:40,15,8,,37,Kittitas,0,1,,1,1,1,1,0,2,1,17:39,17:55,,1,0,0,60.1,1,0,1,1,1,1,1,0,0,0,0,I-90,,-121.3207306,47.318580556,0,1,98,13,2,65,14,0,0,1,2,1,4,1,2,2,14,2,2,53,0,52,401,2003,0,,63,69.0,1.0,,,,1,1,21,1,1.0,,4,0,20,7,11,5,08/15/2020,22:45,196053038281.0,38281.0,0.0,0.0,0.0,3.0,1,58,,,,92,,,,,,98,,,,,,98584,53,69.0,150.0,6.0,1.0,0.0,0.0,0.0,1.0,,0,,,,,,0,05/15/2020,05/15/2020,20,1,9,0,0.0,9,8,,,0,,,8,8,2.0,996.0,417.0,,1.0,1.0,,2,1,0.2,,,,,,,,,,,,,,,,,,,,,,,,,,,,,,0,0,0,0,1,1,1,1,0,0,0,0,0,0,0,0,1,0,0,1,0,0,0,1,1,0,0,0,0,1,0,0,0,1,0,,1,0,0,0,0,1,1,1,1,0,0,0,0,0,0,1,,,,,,21-25,16-25,Interstate,R,Saturday,Not Used,PV,Hispanic,0,0,0,0,State Route,State Patrol,Washington State Patrol,0,1,0,0,0,,,,,,0.0,0.0,0.0,,,,,,,,,,,98.0,98.0,98.0,98.0,,,,,20.0,7.0,,,,,,,,1.0,0.0,,,,,,,98925,Shelton,Easton
2695,2752,2752,2020,284,EA56269,21.0,2020-08-03,11:17,3,8,,25,Grant,0,1,,1,1,7,1,0,3,3,,,,1,0,0,11.3,1,0,1,5,1,2,4,0,0,0,0,CR-ROAD U SE,,-119.0450889,47.064369444,0,1,98,51,3,55,80,0,0,1,2,12,1,2,2,1,1,1,1,53,0,72,706,1999,0,,1,12.0,68.0,12.0,,,1,1,55,1,7.0,,4,7,20,7,11,0,08/03/2020,11:17,53035529.0,35529.0,0.0,0.0,0.0,3.0,1,0,,,,96,,,,,,98,,,,,,99337,53,71.0,161.0,6.0,1.0,0.0,0.0,0.0,0.0,,0,,,,,,4,,,20,8,0,0,0.0,9,8,,,0,,,8,8,0.0,0.0,,,0.0,,,0,0,996.0,,,,,,,,,,,,,,,,,,,,,,,,,,,,,,0,0,0,0,0,0,0,0,0,0,0,0,1,0,0,0,0,0,0,0,0,0,0,0,0,0,0,0,1,0,1,0,0,0,1,0.0,0,0,0,0,0,0,0,0,0,1,0,0,0,0,0,0,,,,,,51-55,46-55,County road,R,Monday,,MC,Multiracial,0,0,0,0,County Road,County Sheriff,Grant County Sheriff's Office,0,0,1,0,0,,,,,,0.0,0.0,0.0,,,,,,,,,,,0.0,0.0,0.0,203.0,201.0,,,,5.0,0.0,,,,,,,,1.0,0.0,,,U SE,11.26,,,98857,Kennewick,Warden
2696,2753,2753,2020,284,EA56269,21.0,2020-08-03,11:17,3,8,,25,Grant,0,1,,1,1,7,1,0,3,3,,,,1,0,0,11.3,1,0,1,5,1,2,4,0,0,0,0,CR-ROAD U SE,,-119.0450889,47.064369444,0,2,98,53,3,55,66,1,0,1,5,12,1,2,2,1,1,1,3,53,0,87,881,2003,0,,12,,,,,,1,1,38,1,0.0,,0,0,3,0,11,0,,,,,8.0,2.0,0.0,2.0,1,0,,,,96,,,,,,0,,,,,,98837,53,62.0,149.0,6.0,1.0,0.0,7.0,2.0,1.0,,0,,,,,,0,12/15/2016,12/15/2019,20,0,0,0,8.0,9,8,,,0,,,8,8,8.0,95.0,,,96.0,,,8,95,995.0,,,,,,,,,,,,,,,,,,,,,,,,,,,,,,0,0,0,0,0,0,0,0,0,0,0,0,1,0,0,0,0,0,0,0,0,0,0,0,0,0,0,0,1,0,1,0,0,0,0,,0,0,0,0,0,0,0,0,0,0,0,0,0,0,0,0,,,,,,36-40,36-45,County road,R,Monday,,MHTRUCK,Not Fatal,0,0,0,0,County Road,County Sheriff,Grant County Sheriff's Office,0,0,1,0,0,,,,,,0.0,0.0,2.0,,,,,,,,,,,98.0,98.0,98.0,0.0,,,,,20.0,7.0,,,,,,,,1.0,0.0,,,U SE,11.26,,,98857,Moses Lake,Warden
2697,2754,2754,2020,284,EA56269,21.0,2020-08-03,11:17,3,8,,25,Grant,0,1,,1,1,7,1,0,3,3,,,,1,0,0,11.3,1,0,1,5,1,2,4,0,0,0,0,CR-ROAD U SE,,-119.0450889,47.064369444,0,3,98,98,7,55,60,0,0,1,2,12,1,2,2,1,1,1,3,53,0,82,881,2007,0,,12,,,,,,1,1,55,1,0.0,,0,0,3,0,11,0,,,,,0.0,0.0,3.0,3.0,1,0,,,,96,,,,,,0,,,,,,98837,53,75.0,300.0,6.0,1.0,0.0,0.0,0.0,0.0,,0,,,,,,0,,,20,0,0,0,8.0,9,8,,,0,,,8,8,8.0,95.0,,,96.0,,,8,95,995.0,,,,,,,,,,,,,,,,,,,,,,,,,,,,,,0,0,0,0,0,0,0,0,0,0,0,0,1,0,0,0,0,0,0,0,0,0,0,0,0,0,0,0,1,0,1,0,0,0,0,,0,0,0,0,0,0,0,0,0,0,0,0,0,0,0,0,,,,,,51-55,46-55,County road,R,Monday,,MHTRUCK,Not Fatal,0,0,0,0,County Road,County Sheriff,Grant County Sheriff's Office,0,0,1,0,0,,,,,,0.0,0.0,0.0,,,,,,,,,,,98.0,98.0,98.0,0.0,,,,,20.0,7.0,,,,,,,,1.0,0.0,,,U SE,11.26,,,98857,Moses Lake,Warden
2698,2755,2755,2020,285,EA56288,5.0,2020-08-09,14:07,9,8,,41,Lewis,0,1,,1,1,2,1,0,2,2,14:09,14:31,,12,0,2,21.3,1,0,1,5,1,1,3,0,0,0,0,SR-508,,-122.4740806,46.605516667,0,1,50,10,2,50,80,0,0,1,2,12,2,2,2,1,14,1,1,53,0,37,705,2007,0,,68,12.0,,,,,1,1,33,1,7.0,,4,7,20,7,11,0,08/09/2020,14:07,53037076.0,37076.0,0.0,0.0,0.0,3.0,1,28,,,,96,,,,,,98,,,,,,98503,53,69.0,160.0,6.0,1.0,0.0,0.0,1.0,0.0,,0,,,,,,0,10/15/2017,10/15/2017,20,8,0,0,0.0,9,8,,,0,,,8,8,2.0,1.0,,,1.0,,,2,1,0.0,,,,,,,,,,,,,,,,,,,,,,,,,,,,,,0,0,0,0,0,0,0,0,0,0,0,0,0,1,0,0,0,0,0,0,0,0,0,0,0,0,0,0,1,1,0,0,0,0,1,0.0,0,0,0,0,0,0,0,0,0,0,0,0,0,0,0,0,,,,,,31-35,26-35,State route,R,Sunday,,MC,White,0,1,1,0,State Route,State Patrol,Washington State Patrol,0,1,0,0,0,,,,,,0.0,0.0,0.0,,,,,,,,,,,0.0,0.0,0.0,1.0,,,,,5.0,0.0,,,,,,,,1.0,0.0,,,,,,,98533,Lacey,Cinebar
2699,2756,2756,2020,285,EA56288,5.0,2020-08-09,14:07,9,8,,41,Lewis,0,1,,1,1,2,1,0,2,2,14:09,14:31,,12,0,2,21.3,1,0,1,5,1,1,3,0,0,0,0,SR-508,,-122.4740806,46.605516667,0,2,51,62,4,55,14,0,0,1,2,12,3,2,2,1,14,1,2,53,0,12,402,2010,0,,12,,,,,,1,1,49,2,0.0,,0,0,3,0,11,0,,,,,0.0,0.0,0.0,0.0,1,0,,,,96,,,,,,0,,,,,,98564,53,62.0,140.0,0.0,0.0,0.0,0.0,0.0,0.0,,97,,,,,,0,,,1,0,0,0,8.0,9,8,,,0,,,8,8,2.0,1.0,,,1.0,,,2,1,0.0,,,,,,,,,,,,,,,,,,,,,,,,,,,,,,0,0,0,0,0,0,0,0,0,0,0,0,0,1,0,0,0,0,0,0,0,0,0,0,0,0,0,0,1,1,0,0,0,0,0,,0,0,0,0,0,0,0,0,0,0,0,1,0,0,0,0,,,,,,46-50,46-55,State route,R,Sunday,Belt Used,PV,Not Fatal,0,1,1,0,State Route,State Patrol,Washington State Patrol,0,1,0,0,0,,,,,,0.0,0.0,0.0,,,,,,,,,,,98.0,98.0,98.0,0.0,,,,,20.0,7.0,,,,,,,,1.0,0.0,,,,,,,98533,Mossyrock,Cinebar
2700,2757,2757,2020,286,EA56516,6.0,2020-07-22,20:40,22,7,,25,Grant,0,1,,2,1,2,1,0,2,2,,,,12,0,8,33.9,1,0,1,3,1,1,3,0,0,0,0,SR-17,,-119.1192778,46.993375,0,1,66,10,2,60,34,0,0,1,2,12,2,2,2,1,14,1,1,53,0,35,471,1993,0,,68,12.0,,,,,1,1,51,1,1.0,,4,0,3,0,11,5,08/04/2020,6:10,211053039507.0,39507.0,0.0,0.0,0.0,3.0,1,28,58.0,,,96,,,,,,98,,,,,,99344,53,66.0,130.0,6.0,1.0,0.0,0.0,0.0,0.0,,0,,,,,,0,,,20,0,0,0,0.0,9,8,,,0,,,8,8,8.0,95.0,,,96.0,,,2,95,997.0,,,,,,,,,,,,,,,,,,,,,,,,,,,,,,0,0,0,0,0,0,0,0,0,0,0,0,0,0,0,0,0,0,0,0,0,0,0,0,0,0,0,0,0,1,1,0,0,0,0,,1,0,0,0,0,0,0,0,0,0,0,0,0,0,0,0,,,,,,51-55,46-55,State route,R,Wednesday,Belt Used,PV,Hispanic,0,0,0,1,State Route,State Patrol,Washington State Patrol,0,1,0,0,0,,,,,,0.0,0.0,0.0,,,,,,,,,,,0.0,0.0,0.0,98.0,,,,,20.0,7.0,,,,,,,,1.0,0.0,,,,,,,98857,Othello,Warden
2701,2758,2758,2020,286,EA56516,6.0,2020-07-22,20:40,22,7,,25,Grant,0,1,,2,1,2,1,0,2,2,,,,12,0,8,33.9,1,0,1,3,1,1,3,0,0,0,0,SR-17,,-119.1192778,46.993375,0,2,66,62,4,60,66,1,0,1,2,12,3,2,2,1,14,1,3,53,0,85,881,2007,0,,12,,,,,,1,1,29,1,0.0,,0,0,3,0,11,0,,,,,6.0,1.0,0.0,3.0,1,0,,,,96,,,,,,0,,,,,,99301,53,72.0,200.0,6.0,1.0,0.0,1.0,0.0,1.0,,0,,,,,,0,06/15/2018,06/15/2018,20,0,0,0,8.0,9,8,,,0,,,8,8,8.0,95.0,,,96.0,,,8,95,995.0,,,,,,,,,,,,,,,,,,,,,,,,,,,,,,0,0,0,0,0,0,0,0,0,0,0,0,0,0,0,0,0,0,0,0,0,0,0,0,0,0,0,0,0,1,1,0,0,0,0,,0,0,0,0,0,0,0,0,0,0,0,0,0,0,0,0,,,,,,26-30,26-35,State route,R,Wednesday,,MHTRUCK,Not Fatal,0,0,0,1,State Route,State Patrol,Washington State Patrol,0,1,0,0,0,,,,,,0.0,0.0,0.0,,,,,,,,,,,98.0,98.0,98.0,0.0,,,,,20.0,7.0,,,,,,,,1.0,0.0,,,,,,,98857,Pasco,Warden
2702,2759,2759,2020,287,EA56550,40.0,2020-08-17,20:32,17,8,,63,Spokane,0,1,,2,1,2,1,0,2,2,20:33,20:48,21:19,12,0,1,1.9,1,0,1,6,1,2,4,0,0,0,0,CR-W RUTTER PKWY,,-117.5072639,47.772891667,0,1,24,51,3,45,6,0,0,1,2,12,1,1,2,1,1,1,2,53,0,48,45,2019,0,,12,2.0,,,,,1,1,23,1,0.0,,1,0,99,7,11,5,,,,,0.0,0.0,3.0,2.0,1,0,,,,92,,,,,,9,,,,,,99212,53,73.0,200.0,1.0,1.0,1.0,1.0,0.0,1.0,,97,,,,,,3,03/15/2018,04/15/2020,99,0,0,0,8.0,9,8,,,0,,,8,1,2.0,605.0,,,1.0,,,2,1,0.2,,,,,,,,,,,,,,,,,,,,,,,,,,,,,,0,0,0,0,1,1,1,1,1,0,0,0,1,1,0,0,1,0,0,0,0,0,0,1,1,0,0,0,0,1,0,0,0,0,0,,0,0,0,0,0,1,1,1,1,1,0,1,0,0,0,1,,,,,,21-25,16-25,County road,R,Monday,Unknown,PV,Not Fatal,0,0,0,0,County Road,County Sheriff,Spokane County Sheriff's Office,0,0,1,0,0,thc,1.1,,,,0.0,1.0,3.0,,,,,,,,,,,98.0,98.0,98.0,0.0,,,,,20.0,7.0,,,,,,,,1.0,0.0,,,RUTTER PARKWAY,1.889,,,99208,Spokane,Spokane
2703,2760,2760,2020,287,EA56550,40.0,2020-08-17,20:32,17,8,,63,Spokane,0,1,,2,1,2,1,0,2,2,20:33,20:48,21:19,12,0,1,1.9,1,0,1,6,1,2,4,0,0,0,0,CR-W RUTTER PKWY,,-117.5072639,47.772891667,0,2,25,53,3,45,14,0,0,1,2,2,1,1,2,1,1,1,1,53,0,2,404,2004,0,,12,2.0,,,,,1,1,49,2,7.0,,4,0,3,0,11,5,08/17/2020,22:50,211053038385.0,38385.0,0.0,0.0,3.0,3.0,1,0,,,,96,,,,,,0,,,,,,99218,53,67.0,150.0,6.0,1.0,0.0,0.0,0.0,0.0,,0,,,,,,0,,,99,0,0,0,0.0,9,8,,,0,,,8,8,2.0,996.0,996.0,,1.0,1.0,,2,1,0.0,,,,,,,,,,,,,,,,,,,,,,,,,,,,,,0,0,0,0,1,1,1,1,1,0,0,0,1,1,0,0,1,0,0,0,0,0,0,1,1,0,0,0,0,1,0,0,0,0,0,,1,0,0,0,0,0,1,1,0,0,0,0,0,0,1,0,,,,,,46-50,46-55,County road,R,Monday,Belt Used,PV,White,0,0,0,0,County Road,County Sheriff,Spokane County Sheriff's Office,0,0,1,0,0,,,,,,0.0,0.0,0.0,,,,,,,,,,,98.0,98.0,98.0,1.0,,,,,20.0,7.0,,,,,,,,1.0,0.0,,,RUTTER PARKWAY,1.889,,,99208,Spokane,Spokane
2704,2761,2761,2020,288,EA56611,5.0,2020-08-05,6:57,5,8,,11,Clark,2370,1,,1,1,2,1,0,3,3,,,,12,0,1,2.0,1,0,1,1,2,1,1,0,0,0,0,I-5,,-122.66195,45.644094444,1,1,28,52,3,60,66,0,0,1,5,12,1,1,5,3,1,1,3,95,0,85,881,2010,0,,12,,,,,,1,1,55,1,0.0,,0,0,3,0,11,0,,,,,99.0,9.0,9.0,9.0,1,0,,,,12,,,,,,98,,,,,,0,95,,999.0,9.0,9.0,99.0,99.0,99.0,99.0,,97,,,,,,0,,,20,0,0,0,8.0,3,8,,,0,,,8,8,2.0,1.0,,,1.0,,,2,1,0.0,,,,,,,,,,,,,,,,,,,,,,,,,,,,,,0,0,0,0,0,0,0,0,0,0,0,0,0,0,0,0,1,0,0,0,0,0,0,1,1,0,0,0,0,1,1,0,0,0,0,,0,0,0,0,0,0,0,0,1,0,0,0,0,0,0,0,,,,,,51-55,46-55,Interstate,U,Wednesday,,MHTRUCK,Not Fatal,0,0,0,0,State Route,State Patrol,Washington State Patrol,0,1,0,0,0,,,,,,99.0,99.0,99.0,,,,,,,,,,,98.0,98.0,98.0,0.0,,,,,20.0,7.0,,,,,,,,1.0,0.0,,,,,,,98663,Canada,Vancouver
2705,2762,2762,2020,288,EA56611,5.0,2020-08-05,6:57,5,8,,11,Clark,2370,1,,1,1,2,1,0,3,3,,,,12,0,1,2.0,1,0,1,1,2,1,1,0,0,0,0,I-5,,-122.66195,45.644094444,1,2,29,53,3,60,14,0,0,1,2,12,1,1,5,3,2,1,2,53,0,2,404,2019,0,,12,12.0,,,,,1,1,44,2,7.0,,4,7,3,0,11,0,08/05/2020,6:57,237053036085.0,36085.0,0.0,0.0,0.0,3.0,1,0,,,,96,,,,,,98,,,,,,98382,53,62.0,160.0,6.0,1.0,0.0,0.0,1.0,0.0,,0,,,,,,0,11/15/2017,11/15/2017,8,0,0,0,0.0,9,8,,,0,,,8,8,2.0,1.0,,,1.0,,,2,1,0.0,,,,,,,,,,,,,,,,,,,,,,,,,,,,,,0,0,0,0,0,0,0,0,0,0,0,0,0,0,0,0,1,0,0,0,0,0,0,1,1,0,0,0,0,1,1,0,0,0,0,,1,0,0,0,0,0,0,0,0,0,0,0,0,0,0,0,,,,,,41-45,36-45,Interstate,U,Wednesday,Belt Used,PV,White,0,0,0,0,State Route,State Patrol,Washington State Patrol,0,1,0,0,0,,,,,,0.0,0.0,0.0,,,,,,,,,,,98.0,98.0,98.0,1.0,,,,,20.0,7.0,,,,,,,,1.0,0.0,,,,,,,98663,Sequim,Vancouver
2706,2763,2763,2020,288,EA56611,5.0,2020-08-05,6:57,5,8,,11,Clark,2370,1,,1,1,2,1,0,3,3,,,,12,0,1,2.0,1,0,1,1,2,1,1,0,0,0,0,I-5,,-122.66195,45.644094444,1,3,98,98,7,60,66,1,0,1,5,12,1,1,5,3,2,1,3,41,0,82,881,2017,0,,12,,,,,,1,1,25,1,0.0,,0,0,3,0,11,0,,,,,6.0,1.0,0.0,3.0,1,0,,,,96,,,,,,0,,,,,,98686,53,68.0,150.0,6.0,1.0,0.0,0.0,0.0,0.0,,0,,,,,,0,,,20,0,0,0,8.0,9,8,,,0,,,8,8,0.0,0.0,,,0.0,,,0,0,996.0,,,,,,,,,,,,,,,,,,,,,,,,,,,,,,0,0,0,0,0,0,0,0,0,0,0,0,0,0,0,0,1,0,0,0,0,0,0,1,1,0,0,0,0,1,1,0,0,0,0,,0,0,0,0,0,0,0,0,0,0,0,0,0,0,0,0,,,,,,21-25,16-25,Interstate,U,Wednesday,,MHTRUCK,Not Fatal,0,0,0,0,State Route,State Patrol,Washington State Patrol,0,1,0,0,0,,,,,,0.0,0.0,0.0,,,,,,,,,,,98.0,98.0,98.0,0.0,,,,,20.0,7.0,,,,,,,,1.0,0.0,,,,,,,98663,Vancouver,Vancouver
2707,2764,2764,2020,289,EA56853,278.0,2020-08-19,17:39,19,8,,63,Spokane,2110,1,,1,1,2,1,0,3,2,17:43,17:45,,1,0,0,0.0,3,0,4,3,2,4,6,0,0,0,0,N NEVADA ST,E WOLVERTON CT,-117.3953028,47.685166667,0,1,98,9,1,98,80,0,0,1,2,1,2,2,2,1,14,1,1,53,0,72,706,2001,0,,1,68.0,12.0,,,,1,1,38,1,7.0,,4,7,20,7,11,0,08/19/2020,17:39,211053038737.0,38737.0,0.0,0.0,0.0,3.0,1,8,,,,96,,,,,,98,,,,,,99212,53,67.0,160.0,6.0,1.0,0.0,3.0,0.0,1.0,,0,,,,,,0,12/15/2016,10/15/2019,20,8,0,0,0.0,9,8,,,0,,,8,8,2.0,695.0,605.0,,1.0,1.0,,2,1,0.0,,,,,,,,,,,,,,,,,,,,,,,,,,,,,,0,0,0,1,0,0,1,1,1,0,0,0,0,0,0,0,0,0,0,0,0,0,0,0,0,0,0,0,1,1,0,0,0,0,1,1.0,0,0,0,0,0,0,1,1,0,0,0,0,0,0,1,0,,,,,,36-40,36-45,City street,U,Wednesday,,MC,White,0,0,0,0,City Street,Municipal/City Police,Spokane Police Department,0,0,0,1,0,thc,15.0,carboxy-thc,17.0,,0.0,0.0,1.0,,,,,,,,,,,0.0,0.0,0.0,1.0,,,,,16.0,0.0,,,,,,,nms,1.0,0.0,,,,,,,99207,Spokane,Spokane
2708,2765,2765,2020,289,EA56853,278.0,2020-08-19,17:39,19,8,,63,Spokane,2110,1,,1,1,2,1,0,3,2,17:43,17:45,,1,0,0,0.0,3,0,4,3,2,4,6,0,0,0,0,N NEVADA ST,E WOLVERTON CT,-117.3953028,47.685166667,0,2,98,62,4,98,20,0,0,1,5,12,3,2,2,1,14,2,1,53,0,37,441,2013,0,,12,,,,,,1,1,48,2,0.0,,0,0,3,0,11,0,,,,,0.0,0.0,0.0,3.0,1,0,,,,96,,,,,,0,,,,,,99202,53,64.0,270.0,6.0,1.0,0.0,0.0,0.0,0.0,,0,,,,,,0,,,20,0,0,0,8.0,3,8,,,0,,,8,8,0.0,0.0,,,0.0,,,0,0,996.0,,,,,,,,,,,,,,,,,,,,,,,,,,,,,,0,0,0,1,0,0,1,1,1,0,0,0,0,0,0,0,0,0,0,0,0,0,0,0,0,0,0,0,1,1,0,0,0,0,0,,0,0,0,0,0,0,0,0,0,0,0,0,0,0,0,0,,,,,,46-50,46-55,City street,U,Wednesday,Belt Used,PV,Not Fatal,0,0,0,0,City Street,Municipal/City Police,Spokane Police Department,0,0,0,1,0,,,,,,0.0,0.0,0.0,,,,,,,,,,,98.0,98.0,98.0,0.0,,,,,20.0,7.0,,,,,,,,1.0,0.0,,,,,,,99207,Spokane,Spokane
2709,2766,2766,2020,290,EA56931,14.0,2020-08-19,17:19,19,8,,11,Clark,0,1,,1,1,2,1,0,2,2,17:21,17:25,,12,0,6,2.1,2,0,3,5,2,2,4,0,0,3,3,CR-NE MINNEHAHA ST,NE 47TH AVE,-122.6222972,45.667877778,0,1,98,98,7,40,21,0,0,1,2,12,1,1,2,2,98,1,2,53,0,12,461,1997,0,,12,,,,,,1,1,26,1,0.0,,0,0,99,7,11,0,,,,,0.0,0.0,3.0,2.0,1,39,,,,96,,,,,,9,,,,,,98662,53,63.0,203.0,1.0,1.0,1.0,0.0,1.0,0.0,,1,12.0,,,,,0,10/15/2015,09/15/2018,20,0,0,0,8.0,9,8,,,0,,,8,1,2.0,1.0,,,1.0,,,2,1,0.2,,,,,,,,,,,,,,,,,,,,,,,,,,,,,,0,0,0,1,1,1,1,1,1,0,0,0,0,1,1,0,0,0,0,0,0,0,0,0,0,0,0,0,1,1,0,0,0,0,0,,0,0,0,0,0,1,0,1,0,0,0,1,0,1,0,1,,,,,,26-30,26-35,County road,U,Wednesday,Unknown,PV,Not Fatal,1,0,0,0,County Road,County Sheriff,Clark County Sheriff's Office,0,0,1,0,0,,,,,,0.0,1.0,8.0,,,,,,,,,,,0.0,0.0,0.0,0.0,,,,,20.0,7.0,,,,,,,,1.0,0.0,,,NE MINNEHAHA ST,2.09,NE 47TH AVE,0.0,98661,Vancouver,Vancouver
2710,2767,2767,2020,290,EA56931,14.0,2020-08-19,17:19,19,8,,11,Clark,0,1,,1,1,2,1,0,2,2,17:21,17:25,,12,0,6,2.1,2,0,3,5,2,2,4,0,0,3,3,CR-NE MINNEHAHA ST,NE 47TH AVE,-122.6222972,45.667877778,0,2,98,98,7,40,80,0,0,1,2,12,1,1,2,2,1,1,1,53,0,73,704,2020,0,,12,,,,,,1,1,59,1,7.0,,4,7,20,7,11,0,08/19/2020,17:19,53039304.0,39304.0,0.0,0.0,3.0,2.0,1,0,,,,96,,,,,,0,,,,,,98665,53,72.0,185.0,6.0,1.0,0.0,0.0,0.0,0.0,,0,,,,,,0,,,20,8,0,0,0.0,9,8,,,0,,,8,8,2.0,695.0,605.0,996.0,1.0,1.0,1.0,2,1,0.0,,,,,,,,,,,,,,,,,,,,,,,,,,,,,,0,0,0,1,1,1,1,1,1,0,0,0,0,1,1,0,0,0,0,0,0,0,0,0,0,0,0,0,1,1,0,0,0,0,1,0.0,0,0,0,0,0,0,1,1,0,0,0,0,0,0,1,0,,,,,,56-60,56-65,County road,U,Wednesday,,MC,White,1,0,0,0,County Road,County Sheriff,Clark County Sheriff's Office,0,0,1,0,0,thc,2.0,carboxy-thc,18.0,,0.0,0.0,0.0,,,,,,,,,,,0.0,0.0,0.0,1.0,,,,,5.0,0.0,,,,,,,nms,1.0,0.0,,,NE MINNEHAHA ST,2.09,NE 47TH AVE,0.0,98661,Vancouver,Vancouver
2711,2768,2768,2020,291,EA56983,3.0,2020-08-14,20:35,14,8,,53,Pierce,800,1,,1,1,2,1,0,1,1,20:35,20:42,,57,0,0,12.4,1,0,1,3,2,1,3,0,0,0,0,SR-16,,-122.6123278,47.353244444,0,1,7,8,1,60,10,0,0,1,2,57,1,1,2,3,6,1,1,53,0,20,38,2005,0,,64,57.0,,,,,1,1,53,1,7.0,,4,7,3,0,11,0,08/14/2020,20:35,80053038166.0,38166.0,0.0,0.0,0.0,3.0,1,33,,,,96,,,,,,9,,,,,,98335,53,74.0,235.0,6.0,1.0,0.0,0.0,0.0,0.0,,0,,,,,,4,,,20,0,0,0,0.0,1,8,,,0,,,9,1,2.0,996.0,402.0,695.0,1.0,1.0,1.0,2,1,0.26,,,,,,,,,,,,,,,,,,,,,,,,,,,,,,0,0,0,0,1,1,1,1,1,0,0,0,1,0,0,0,0,0,0,0,0,0,0,0,0,0,0,0,0,1,0,0,0,0,0,,1,0,0,0,0,1,1,1,0,1,0,0,0,0,0,1,,,,,,51-55,46-55,State route,U,Friday,Belt Used,PV,White,0,1,0,0,State Route,State Patrol,Washington State Patrol,1,1,0,0,0,thc,2.4,carboxy-thc,5.7,,0.0,0.0,0.0,1.0,,,,,605.0,,,,,98.0,98.0,98.0,1.0,,,,,20.0,7.0,,,,,,,nms,1.0,0.0,,,,,,,98332,Gig Harbor,Gig Harbor