,index,Unnamed: 0,year,case,par,repjur,crash_dt,crash_tm,accday,accmon,holiday,county,co_char,city,weather,weather2,lightcond,surfcond,surftype,numfatal,nmforms,pforms,vforms,not_tm,arr_tm,hosp_tm,fhevent,hitrun,manncol,milepnt,reljunc,reljuncinter,intersectiontype,funcsystem,landuse,ownership,route,schlbus,spejur,contdev,devfunc,trafid1,trafid2,lon,lat,wk_zone,vnumber,crashtype,criticalevent,criticaleventcat,spdlim,body,trailer,emerg,hazcargo,leave,mhevent,roadalgn,roadprof,traflane,trafflow,vehmanvr,numoccs,regowner,regstate,spuse,make,model,modelyr,vrf1,vrf2,seqevent1,seqevent2,seqevent3,seqevent4,seqevent5,seqevent6,pnumber,ptype,age,sex,hispanic,race,injury,diedscene,restraint,restraintmisuse,seatpos,takehosp,death_dt,death_tm,cert,cernum_wa,commlic,licendor,licrestrict,liccomp,drivpres,drf1,drf2,drf3,drf4,distract1,distract2,distract3,distract4,distract5,distract6,dricond1,dricond2,dricond3,dricond4,dricond5,dricond6,dzip,licstate,drhgt_in,weight,noncdl,noncdltype,prevdwi,prevoth,prevacc,prevspd,prevsus,driviol1,driviol2,driviol3,driviol4,driviol5,driviol6,spdrel,first_dt,last_dt,airbag,ejection,ejectpath,extricat,injurwrk,methalc,methdrug,nmlocat,strikveh,prf1,prf2,prf3,druginv,alcinvol,drugsts,drugres1,drugres2,drugres3,drugtst1,drugtst2,drugtst3,alcsts,alctst,alcres,nmact1,nmact2,nmact3,nmact4,nmact5,nmact6,nmprior1,nmprior2,nmprior3,nmprior4,nmprior5,nmprior6,nmcond1,nmcond2,nmcond3,nmcond4,nmcond5,nmcond6,nmsafe_helmet,nmsafe_pads,nmsafe_oth,nmprev_ref,nmprev_lgt,nmprev_oth,crashlocation,nmcrashtype,crosswalk,schoolzone,sidewalk,train_inv,wildlife_inv,rotr_fars,intersect_fars,dd_inv,aid_inv,dpd_inv,id_inv,mj_inv,impnm_inv,ainm_inv,dpnm_inv,speed_inv,unlic_inv,unendmc_inv,drowsy_inv,drdist_inv,nmdist_inv,fty_inv,unrestfat_inv,dr1617_inv,dr1820_inv,dr1620_inv,dr2125_inv,dr1625_inv,dr65_inv,dr70_inv,dr75_inv,mc_inv,pv_inv,ht_inv,ped_inv,bike_inv,unrest_fat,mc_fat,unhelmet_mc,pv_fat,ht_fat,ped_fat,bike_fat,dr_alc7,dr_alc8,dr_drug,dr_imp,dr_dist,dr_spd,dr_fty,dr_unlic,dr_alc7only,dr_alc8only,dr_drugonly,dr_drink,nm_imp,nm_alc7,nm_alc8,nm_drug,nm_dist,agegrp1,agegrp2,roadclass,urbrur,dayweek,restuse,vehtype,race_me,intersect,lanedep,oppdir,wrongway,rep_typ,investag,repag_long,rotr,st_rd,cty_rd,city_rd,oth_rd,drug_thc,thc_res,drug_cthc,cthc_res,drug_cann,prevpersemin,prevperse,prevsusoth,drugtst4,drugtst5,drugtst6,drugtst7,drugtst8,drugres4,drugres5,drugres6,drugres7,drugres8,adspresent,adsengaged,adslevel,race1,race2,race3,race4,race5,helmet,helmetmisuse,nmdistract1,nmdistract2,nmdistract3,nmdistract4,nmdistract5,nmdistract6,lab,isedtcase,crf1,crf2,crf3,CoRoadName,CoMP,IntCoRoadName,IntCoMP,crashzip,dcity,crashcity
2712,2769,2769,2020,292,EA57119,290.0,2020-08-20,23:38,20,8,,53,Pierce,2230,2,,3,2,2,2,0,3,3,,,,43,0,0,0.0,3,0,5,7,2,4,6,0,0,0,0,S PARK AVE,S 88th St,-122.4419778,47.177380556,0,1,14,14,2,25,4,0,0,1,2,43,1,1,2,2,1,2,2,53,0,22,2,2003,0,,71,43.0,63.0,14.0,14.0,,1,1,47,1,1.0,,4,7,20,7,11,0,08/20/2020,23:38,223053039184.0,39184.0,0.0,0.0,3.0,2.0,1,0,,,,96,,,,,,98,,,,,,98444,53,64.0,140.0,1.0,1.0,0.0,0.0,0.0,1.0,,0,,,,,,3,04/15/2017,04/15/2017,1,0,0,0,0.0,9,8,,,0,,,8,8,2.0,996.0,,,1.0,,,2,1,0.186,,,,,,,,,,,,,,,,,,,,,,,,,,,,,,0,0,0,1,1,1,1,1,0,0,0,0,1,1,0,0,0,0,0,1,0,0,0,0,0,0,0,0,0,1,0,0,0,1,0,,1,0,0,0,0,1,1,1,0,1,0,1,0,0,0,1,,,,,,46-50,46-55,City street,U,Thursday,Not Used,PV,Hispanic,1,0,0,0,City Street,Municipal/City Police,Tacoma Police Department,0,0,0,1,0,,,,,,0.0,0.0,1.0,,,,,,,,,,,98.0,98.0,98.0,98.0,,,,,20.0,7.0,,,,,,,,1.0,0.0,,,,,,,98444,Tacoma,Tacoma
2713,2770,2770,2020,293,EA57711,229.0,2020-07-30,17:00,30,7,,21,Franklin,1660,1,,1,1,2,1,1,1,1,16:59,17:05,17:25,9,0,0,0.0,2,0,2,7,2,4,6,0,0,0,0,W OCTAVE ST,N 8th Ave,-119.1006056,46.238480556,0,1,13,83,5,25,4,0,0,1,5,9,1,1,2,1,1,1,1,53,0,35,47,2011,0,,9,,,,,,1,1,25,1,0.0,,0,0,3,0,11,0,,,,,0.0,0.0,0.0,3.0,1,0,,,,96,,,,,,0,,,,,,99301,53,68.0,160.0,6.0,1.0,0.0,1.0,0.0,2.0,,76,,,,,,0,05/15/2016,03/15/2020,20,0,0,0,8.0,9,8,,,0,,,8,8,8.0,95.0,,,96.0,,,8,95,995.0,,,,,,,,,,,,,,,,,,,,,,,,,,,,,,0,0,0,1,0,0,0,0,0,1,0,1,0,0,0,0,0,0,0,0,0,0,0,1,1,0,0,0,0,1,0,0,1,0,0,,0,0,0,0,0,0,0,0,0,0,0,0,0,0,0,0,,,,,,21-25,16-25,City street,U,Thursday,Belt Used,PV,Not Fatal,1,0,0,0,City Street,Municipal/City Police,Pasco Police Department,0,0,0,1,0,,,,,,0.0,0.0,0.0,,,,,,,,,,,98.0,98.0,98.0,0.0,,,,,20.0,7.0,,,,,,,,1.0,0.0,,,,,,,99301,Pasco,Pasco
2714,2771,2771,2020,295,3834601,263.0,2020-08-11,1:10,11,8,,33,King,1960,98,,3,1,2,1,0,1,1,,,,30,0,0,0.0,3,0,3,4,2,4,6,0,0,20,3,RENTON AVE S,S Prentice St,-122.2567278,47.508380556,0,1,1,13,2,25,6,0,0,1,2,30,1,4,2,1,11,1,1,53,0,6,52,2004,0,,63,30.0,,,,,1,1,27,2,7.0,,4,0,99,7,11,5,08/11/2020,5:29,196053038327.0,38327.0,0.0,0.0,0.0,2.0,1,0,,,,92,,,,,,98,,,,,,98144,53,66.0,185.0,1.0,1.0,0.0,2.0,2.0,1.0,,0,,,,,,0,11/15/2016,01/15/2018,1,0,0,0,0.0,9,8,,,0,,,8,8,2.0,348.0,522.0,996.0,1.0,1.0,1.0,2,1,0.188,,,,,,,,,,,,,,,,,,,,,,,,,,,,,,0,0,1,1,1,1,1,1,0,0,0,0,0,1,0,0,1,0,0,0,0,0,0,0,0,0,0,0,0,1,0,0,0,0,0,,1,0,0,0,0,1,1,1,1,0,0,1,0,0,0,1,,,,,,26-30,26-35,City street,U,Tuesday,Unknown,PV,Black,1,0,0,0,City Street,Municipal/City Police,Seattle Police Department,0,0,0,1,0,,,,,,0.0,0.0,4.0,,,,,,,,,,,98.0,98.0,98.0,2.0,,,,,20.0,7.0,,,,,,,,1.0,0.0,,,,,,,98178,Seattle,Seattle
2715,2772,2772,2020,296,EA56405,248.0,2020-08-18,22:30,18,8,,33,King,1830,1,,3,1,2,1,0,1,2,,,,38,0,0,0.0,1,0,1,3,2,4,6,0,0,0,0,SE PETROVITSKY RD,,-122.1758694,47.445458333,0,1,1,13,2,40,2,0,0,1,2,2,2,1,4,2,14,1,1,53,0,20,9,2012,0,,63,38.0,42.0,38.0,39.0,14.0,1,1,23,2,7.0,,4,7,99,7,11,0,08/18/2020,22:30,183053039824.0,39824.0,0.0,0.0,3.0,2.0,1,8,,,,96,,,,,,98,,,,,,98056,53,62.0,130.0,1.0,1.0,2.0,1.0,0.0,2.0,,0,,,,,,3,01/15/2018,09/15/2020,99,0,0,0,0.0,9,8,,,0,,,8,8,2.0,1.0,,,1.0,,,2,1,0.24,,,,,,,,,,,,,,,,,,,,,,,,,,,,,,0,0,1,0,1,1,0,1,0,0,0,0,1,1,0,0,0,0,0,0,0,0,0,1,1,0,0,0,0,1,1,0,0,0,0,,1,0,0,0,0,1,0,1,0,1,0,1,0,1,0,1,,,,,,21-25,16-25,City street,U,Tuesday,Unknown,PV,Multiracial,0,1,0,0,City Street,Municipal/City Police,Renton Police Department,1,0,0,1,0,,,,,,0.0,2.0,4.0,,,,,,,,,,,98.0,98.0,98.0,202.0,298.0,,,,20.0,7.0,,,,,,,,1.0,0.0,,,,,,,98058,Renton,Renton
2716,2773,2773,2020,297,EA56523,6.0,2020-08-04,12:37,4,8,,25,Grant,0,1,,1,1,2,1,0,2,2,12:45,13:20,,12,0,2,50.7,1,0,1,3,2,1,3,0,0,0,0,SR-17,,-119.3302806,47.174066667,0,1,50,10,2,60,14,0,0,1,2,12,1,1,2,1,1,1,2,53,0,21,401,1997,0,,68,12.0,,,,,1,1,72,2,7.0,,4,0,20,7,11,5,08/18/2020,17:01,211053038459.0,38459.0,0.0,0.0,3.0,3.0,1,28,,,,92,,,,,,0,,,,,,98823,53,61.0,184.0,6.0,1.0,0.0,0.0,0.0,0.0,,0,,,,,,0,,,8,0,0,0,0.0,9,8,,,0,,,8,8,8.0,95.0,,,96.0,,,8,95,995.0,,,,,,,,,,,,,,,,,,,,,,,,,,,,,,0,0,0,0,0,0,0,0,0,0,0,0,0,0,0,0,1,0,0,1,0,0,0,0,0,1,1,0,0,1,0,0,0,1,0,,1,0,0,0,0,0,0,0,1,0,0,0,0,0,0,0,,,,,,71-75,66-75,State route,U,Tuesday,Not Used,PV,White,0,1,1,0,State Route,State Patrol,Washington State Patrol,0,1,0,0,0,,,,,,0.0,0.0,0.0,,,,,,,,,,,0.0,0.0,0.0,1.0,,,,,20.0,7.0,,,,,,,,1.0,0.0,,,,,,,98837,Ephrata,Moses Lake
2717,2774,2774,2020,297,EA56523,6.0,2020-08-04,12:37,4,8,,25,Grant,0,1,,1,1,2,1,0,2,2,12:45,13:20,,12,0,2,50.7,1,0,1,3,2,1,3,0,0,0,0,SR-17,,-119.3302806,47.174066667,0,2,51,62,4,60,14,0,0,1,2,12,1,1,2,1,1,1,1,53,0,49,402,2018,0,,12,,,,,,1,1,39,1,0.0,,1,0,3,0,11,5,,,,,0.0,0.0,0.0,3.0,1,0,,,,96,,,,,,0,,,,,,98801,53,73.0,280.0,6.0,1.0,0.0,0.0,0.0,0.0,,0,,,,,,0,,,8,0,0,0,8.0,9,8,,,0,,,8,8,0.0,0.0,,,0.0,,,0,0,996.0,,,,,,,,,,,,,,,,,,,,,,,,,,,,,,0,0,0,0,0,0,0,0,0,0,0,0,0,0,0,0,1,0,0,1,0,0,0,0,0,1,1,0,0,1,0,0,0,0,0,,0,0,0,0,0,0,0,0,0,0,0,0,0,0,0,0,,,,,,36-40,36-45,State route,U,Tuesday,Belt Used,PV,Not Fatal,0,1,1,0,State Route,State Patrol,Washington State Patrol,0,1,0,0,0,,,,,,0.0,0.0,0.0,,,,,,,,,,,98.0,98.0,98.0,0.0,,,,,20.0,7.0,,,,,,,,1.0,0.0,,,,,,,98837,Wenatchee,Moses Lake
2718,2775,2775,2020,298,EA57921,1.0,2020-08-20,8:52,20,8,,39,Klickitat,0,1,,1,1,2,1,0,1,1,8:51,8:56,,1,0,0,14.5,1,0,1,3,1,1,2,0,0,0,0,US-97,,-120.7930306,45.847419444,0,1,2,13,2,60,61,0,0,1,2,1,3,2,2,1,14,1,2,6,0,12,881,1999,0,,63,1.0,,,,,1,1,26,1,7.0,,4,7,20,7,11,0,08/20/2020,8:52,53039031.0,39031.0,0.0,0.0,0.0,3.0,1,0,,,,92,,,,,,98,,,,,,97739,41,77.0,270.0,6.0,1.0,0.0,0.0,0.0,0.0,,0,,,,,,0,,,1,1,9,0,0.0,9,8,,,0,,,8,8,2.0,1.0,,,1.0,,,2,1,0.0,,,,,,,,,,,,,,,,,,,,,,,,,,,,,,0,0,0,0,0,0,0,0,0,0,0,0,0,0,0,0,1,0,0,0,0,0,0,0,0,0,0,0,0,0,1,0,0,0,0,,0,1,0,0,0,0,0,0,1,0,0,0,0,0,0,0,,,,,,26-30,26-35,US highway,R,Thursday,,MHTRUCK,White,0,1,0,0,State Route,State Patrol,Washington State Patrol,1,1,0,0,0,,,,,,0.0,0.0,0.0,,,,,,,,,,,0.0,0.0,0.0,1.0,,,,,20.0,7.0,,,,,,,,1.0,0.0,,,,,,,98620,La Pine,Goldendale
2719,2776,2776,2020,299,EA58109,40.0,2020-07-24,19:27,24,7,,63,Spokane,0,1,,1,1,2,1,0,2,2,,,,12,0,6,3.5,1,0,1,5,1,2,4,0,0,0,0,CR-E ELDER RD,,-117.0832944,47.507130556,0,1,66,13,2,45,4,0,0,1,2,12,1,1,2,1,1,1,2,53,0,20,16,2002,0,,63,69.0,68.0,12.0,,,1,1,48,1,7.0,,4,7,3,0,11,0,07/24/2020,19:27,53034637.0,34637.0,0.0,0.0,0.0,3.0,1,58,,,,96,,,,,,98,,,,,,99208,53,72.0,215.0,6.0,1.0,0.0,0.0,0.0,0.0,,0,,,,,,0,,,20,0,0,0,0.0,9,8,,,0,,,8,8,2.0,996.0,155.0,,1.0,1.0,,2,1,0.227,,,,,,,,,,,,,,,,,,,,,,,,,,,,,,0,0,0,0,1,1,1,1,0,0,0,0,0,0,0,0,0,0,0,0,0,0,0,0,0,0,0,0,0,1,0,0,0,0,0,,1,0,0,0,0,1,1,1,0,0,0,0,0,0,0,1,,,,,,46-50,46-55,County road,R,Friday,Belt Used,PV,White,0,1,1,0,County Road,County Sheriff,Spokane County Sheriff's Office,0,0,1,0,0,,,,,,0.0,0.0,0.0,,,,,,,,,,,98.0,98.0,98.0,1.0,,,,,20.0,7.0,,,,,,,,1.0,0.0,,,ELDER RD,3.45,,,99030,Spokane,Rockford
2720,2777,2777,2020,299,EA58109,40.0,2020-07-24,19:27,24,7,,63,Spokane,0,1,,1,1,2,1,0,2,2,,,,12,0,6,3.5,1,0,1,5,1,2,4,0,0,0,0,CR-E ELDER RD,,-117.0832944,47.507130556,0,2,66,62,4,98,34,0,0,1,2,12,1,1,2,1,1,1,2,53,0,23,481,2015,0,,12,,,,,,1,1,60,2,0.0,,2,0,3,0,11,0,,,,,0.0,0.0,0.0,3.0,1,0,,,,96,,,,,,0,,,,,,99224,53,70.0,125.0,6.0,1.0,0.0,0.0,0.0,0.0,,0,,,,,,0,,,8,0,0,0,8.0,3,8,,,0,,,8,8,0.0,0.0,,,0.0,,,0,0,996.0,,,,,,,,,,,,,,,,,,,,,,,,,,,,,,0,0,0,0,1,1,1,1,0,0,0,0,0,0,0,0,0,0,0,0,0,0,0,0,0,0,0,0,0,1,0,0,0,0,0,,0,0,0,0,0,0,0,0,0,0,0,0,0,0,0,0,,,,,,56-60,56-65,County road,R,Friday,Belt Used,PV,Not Fatal,0,1,1,0,County Road,County Sheriff,Spokane County Sheriff's Office,0,0,1,0,0,,,,,,0.0,0.0,0.0,,,,,,,,,,,98.0,98.0,98.0,0.0,,,,,20.0,7.0,,,,,,,,1.0,0.0,,,ELDER RD,3.45,,,99030,Spokane,Rockford
2721,2778,2778,2020,300,EA58152,3.0,2020-08-12,12:38,12,8,,53,Pierce,0,1,,1,1,2,2,0,3,2,12:46,12:52,,12,0,6,48.5,2,0,2,3,2,1,3,0,0,20,3,SR-7,174TH ST S,-122.4348917,47.099294444,0,1,88,17,2,35,3,0,0,1,2,12,1,1,2,1,1,2,2,53,0,54,38,2006,0,,12,63.0,1.0,43.0,,,1,1,17,1,0.0,,3,0,3,0,11,0,,,,,0.0,0.0,3.0,3.0,1,8,39.0,,,96,,,,,,98,,,,,,98404,53,72.0,148.0,6.0,2.0,0.0,0.0,0.0,0.0,,2,,,,,,2,,,20,0,0,0,8.0,9,8,,,0,,,8,8,0.0,0.0,,,0.0,,,0,0,996.0,,,,,,,,,,,,,,,,,,,,,,,,,,,,,,0,0,0,1,1,0,0,0,0,0,0,0,1,0,0,0,0,0,0,0,1,0,1,0,1,0,0,0,0,1,0,0,0,0,0,,0,0,0,0,0,0,0,0,0,1,0,0,0,0,0,0,,,,,,16-17,16-25,State route,U,Wednesday,Belt Used,PV,Not Fatal,1,0,0,0,State Route,State Patrol,Washington State Patrol,0,1,0,0,0,,,,,,0.0,0.0,0.0,,,,,,,,,,,98.0,98.0,98.0,0.0,,,,,20.0,7.0,,,,,,,,1.0,0.0,,,,,,,98387,Tacoma,Spanaway
2722,2779,2779,2020,300,EA58152,3.0,2020-08-12,12:38,12,8,,53,Pierce,0,1,,1,1,2,2,0,3,2,12:46,12:52,,12,0,6,48.5,2,0,2,3,2,1,3,0,0,0,0,SR-7,174TH ST S,-122.4348917,47.099294444,0,2,89,66,4,40,34,0,0,1,2,12,1,1,5,5,1,1,3,53,0,12,481,2018,0,,12,63.0,1.0,42.0,,,1,1,58,1,7.0,,4,7,3,0,11,0,08/12/2020,12:38,53037484.0,37484.0,0.0,0.0,0.0,3.0,1,0,,,,96,,,,,,0,,,,,,98371,53,74.0,210.0,6.0,1.0,0.0,1.0,0.0,1.0,,0,,,,,,0,05/15/2017,03/15/2019,8,0,0,0,0.0,9,8,,,0,,,8,8,2.0,1.0,,,1.0,,,2,1,0.052,,,,,,,,,,,,,,,,,,,,,,,,,,,,,,0,0,0,1,1,0,0,0,0,0,0,0,1,0,0,0,0,0,0,0,1,0,1,0,1,0,0,0,0,1,0,0,0,0,0,,1,0,0,0,1,0,0,0,0,0,0,0,1,0,0,1,,,,,,56-60,56-65,State route,U,Wednesday,Belt Used,PV,White,1,0,0,0,State Route,State Patrol,Washington State Patrol,0,1,0,0,0,,,,,,0.0,0.0,0.0,,,,,,,,,,,98.0,98.0,98.0,1.0,,,,,20.0,7.0,,,,,,,,1.0,0.0,,,,,,,98387,Puyallup,Spanaway
2723,2780,2780,2020,301,EA58658,146.0,2020-08-20,8:18,20,8,,77,Yakima,0,10,,1,1,2,2,0,3,2,8:21,8:36,9:18,12,0,6,2.0,2,0,2,5,1,2,4,0,3,20,3,CR-HARRAH RD,EVANS RD,-120.5440056,46.433480556,0,1,88,17,2,50,14,0,0,1,2,12,1,2,2,1,1,2,2,53,0,12,402,2005,0,,12,2.0,79.0,24.0,,,1,1,23,1,7.0,,4,7,99,7,11,0,08/20/2020,8:18,53038763.0,38763.0,0.0,0.0,0.0,2.0,1,38,,,,96,,,,,,98,,,,,,98951,53,72.0,180.0,1.0,1.0,0.0,0.0,0.0,1.0,,0,,,,,,0,07/15/2016,11/15/2017,99,0,0,0,0.0,9,8,,,0,,,8,8,2.0,402.0,695.0,605.0,1.0,1.0,1.0,2,1,0.222,,,,,,,,,,,,,,,,,,,,,,,,,,,,,,0,0,0,1,1,1,1,1,1,0,0,0,0,1,0,0,0,0,1,0,0,0,0,1,1,0,0,0,0,1,1,0,0,0,0,,1,0,0,0,0,1,1,1,0,0,1,1,0,0,0,1,,,,,,21-25,16-25,County road,R,Thursday,Unknown,PV,AIAN,1,0,0,0,County Road,County Sheriff,Yakima County Sheriff's Office,0,0,1,0,0,thc,1.9,carboxy-thc,8.6,,0.0,0.0,1.0,,,,,,,,,,,98.0,98.0,98.0,3.0,,,,,20.0,7.0,,,,,,,nms,1.0,0.0,,,HARRAH RD.,2.0,EVANS RD.,2.01,98951,Wapato,Wapato
2724,2781,2781,2020,301,EA58658,146.0,2020-08-20,8:18,20,8,,77,Yakima,0,10,,1,1,2,2,0,3,2,8:21,8:36,9:18,12,0,6,2.0,2,0,2,5,1,2,4,0,3,0,0,CR-HARRAH RD,EVANS RD,-120.5440056,46.433480556,0,2,89,66,4,50,63,0,0,1,5,12,1,2,2,1,1,1,3,53,0,12,881,1995,0,,12,2.0,63.0,24.0,,,1,1,41,1,0.0,,3,0,3,0,11,5,,,,,0.0,0.0,0.0,2.0,1,0,,,,96,,,,,,0,,,,,,98908,53,70.0,190.0,6.0,1.0,0.0,0.0,0.0,0.0,,0,,,,,,0,,,20,0,0,0,8.0,9,8,,,0,,,8,8,0.0,0.0,,,0.0,,,0,0,996.0,,,,,,,,,,,,,,,,,,,,,,,,,,,,,,0,0,0,1,1,1,1,1,1,0,0,0,0,1,0,0,0,0,1,0,0,0,0,1,1,0,0,0,0,1,1,0,0,0,0,,0,0,0,0,0,0,0,0,0,0,0,0,0,0,0,0,,,,,,41-45,36-45,County road,R,Thursday,,MHTRUCK,Not Fatal,1,0,0,0,County Road,County Sheriff,Yakima County Sheriff's Office,0,0,1,0,0,,,,,,0.0,0.0,0.0,,,,,,,,,,,0.0,0.0,0.0,0.0,,,,,20.0,7.0,,,,,,,,1.0,0.0,,,HARRAH RD.,2.0,EVANS RD.,2.01,98951,Yakima,Wapato
2725,2784,2784,2020,304,EA58989,146.0,2020-07-26,11:33,26,7,,77,Yakima,0,1,,1,1,2,1,0,6,2,11:40,11:49,12:23,12,0,6,5.1,2,0,2,5,1,2,4,0,0,20,3,CR-SCOON RD,INDEPENDENCE RD,-120.0199917,46.374544444,0,1,89,17,2,50,34,0,0,1,2,12,1,1,2,1,1,4,0,53,0,20,481,2020,0,,12,,,,,,1,1,35,1,1.0,,4,7,20,7,11,0,07/26/2020,11:33,53034558.0,34558.0,0.0,0.0,0.0,3.0,1,38,39.0,,,96,,,,,,98,,,,,,98031,53,68.0,200.0,6.0,1.0,0.0,1.0,0.0,1.0,,0,,,,,,0,07/15/2018,02/15/2019,8,0,0,0,0.0,9,8,,,0,,,8,8,2.0,1.0,,,1.0,,,2,1,0.0,,,,,,,,,,,,,,,,,,,,,,,,,,,,,,0,0,0,1,0,0,0,0,0,0,0,0,0,0,0,0,0,0,1,1,0,0,0,0,0,0,0,0,0,1,0,0,0,1,0,,1,0,0,0,0,0,0,0,0,0,1,0,0,0,0,0,,,,,,31-35,26-35,County road,R,Sunday,Not Used,PV,Hispanic,1,0,0,0,County Road,County Sheriff,Yakima County Sheriff's Office,0,0,1,0,0,,,,,,0.0,0.0,0.0,,,,,,,,,,,98.0,98.0,98.0,98.0,,,,,20.0,7.0,,,,,,,,1.0,0.0,,,INDEPENDENCE RD.,5.07,SCOON RD.,3.03,98944,Kent,Sunnyside
2726,2785,2785,2020,304,EA58989,146.0,2020-07-26,11:33,26,7,,77,Yakima,0,1,,1,1,2,1,0,6,2,11:40,11:49,12:23,12,0,6,5.1,2,0,2,5,1,2,4,0,0,0,0,CR-SCOON RD,INDEPENDENCE RD,-120.0199917,46.374544444,0,2,88,66,4,50,34,0,0,1,5,12,1,1,2,1,1,2,3,53,0,12,481,2000,0,,12,,,,,,1,1,50,1,0.0,,1,0,99,7,11,0,,,,,0.0,0.0,0.0,3.0,1,0,,,,96,,,,,,0,,,,,,98944,53,66.0,150.0,6.0,1.0,0.0,0.0,1.0,0.0,,0,,,,,,0,10/15/2018,10/15/2018,1,0,0,0,8.0,9,8,,,0,,,8,8,0.0,0.0,,,0.0,,,0,0,996.0,,,,,,,,,,,,,,,,,,,,,,,,,,,,,,0,0,0,1,0,0,0,0,0,0,0,0,0,0,0,0,0,0,1,1,0,0,0,0,0,0,0,0,0,1,0,0,0,0,0,,0,0,0,0,0,0,0,0,0,0,0,0,0,0,0,0,,,,,,46-50,46-55,County road,R,Sunday,Unknown,PV,Not Fatal,1,0,0,0,County Road,County Sheriff,Yakima County Sheriff's Office,0,0,1,0,0,,,,,,0.0,0.0,0.0,,,,,,,,,,,98.0,98.0,98.0,0.0,,,,,20.0,7.0,,,,,,,,1.0,0.0,,,INDEPENDENCE RD.,5.07,SCOON RD.,3.03,98944,Sunnyside,Sunnyside
2727,2786,2786,2020,305,EA59057,223.0,2020-08-20,13:58,20,8,,47,Okanogan,1600,10,,1,1,2,1,0,2,2,,,,12,0,2,6.1,1,0,1,4,2,1,3,0,0,0,0,SR-215,,-119.5125667,48.416805556,0,1,50,10,2,35,20,0,0,1,2,12,1,1,3,5,1,1,3,53,0,37,441,2001,0,,68,12.0,,,,,1,1,55,1,7.0,,4,0,20,7,11,4,08/20/2020,15:02,160053039202.0,39202.0,0.0,0.0,0.0,3.0,1,28,,,,92,,,,,,98,,,,,,98841,53,70.0,225.0,6.0,1.0,0.0,0.0,0.0,1.0,,0,,,,,,0,04/15/2018,04/15/2018,8,0,0,0,0.0,9,8,,,0,,,8,8,2.0,1.0,,,1.0,,,2,1,0.0,,,,,,,,,,,,,,,,,,,,,,,,,,,,,,0,0,0,0,0,0,0,0,0,0,0,0,0,0,0,0,1,0,0,1,0,0,0,0,0,0,0,0,0,1,1,0,0,1,0,,1,0,0,0,0,0,0,0,1,0,0,0,0,0,0,0,,,,,,51-55,46-55,State route,U,Thursday,Not Used,PV,AIAN,0,1,1,0,State Route,Municipal/City Police,Omak Police Department,0,1,0,0,0,,,,,,0.0,0.0,0.0,,,,,,,,,,,98.0,98.0,98.0,3.0,,,,,20.0,7.0,,,,,,,,1.0,0.0,,,,,,,98841,Omak,Omak
2728,2787,2787,2020,305,EA59057,223.0,2020-08-20,13:58,20,8,,47,Okanogan,1600,10,,1,1,2,1,0,2,2,,,,12,0,2,6.1,1,0,1,4,2,1,3,0,0,0,0,SR-215,,-119.5125667,48.416805556,0,2,51,62,4,35,66,0,0,1,5,12,1,1,3,5,1,1,3,53,0,87,881,1990,0,,12,,,,,,1,1,37,1,0.0,,0,0,3,0,11,0,,,,,6.0,3.0,0.0,3.0,1,0,,,,96,,,,,,0,,,,,,98841,53,76.0,220.0,6.0,1.0,0.0,4.0,0.0,0.0,,0,,,,,,0,04/15/2015,09/15/2019,20,0,0,0,8.0,9,8,,,0,,,8,8,8.0,95.0,,,96.0,,,8,95,995.0,,,,,,,,,,,,,,,,,,,,,,,,,,,,,,0,0,0,0,0,0,0,0,0,0,0,0,0,0,0,0,1,0,0,1,0,0,0,0,0,0,0,0,0,1,1,0,0,0,0,,0,0,0,0,0,0,0,0,0,0,0,0,0,0,0,0,,,,,,36-40,36-45,State route,U,Thursday,,MHTRUCK,Not Fatal,0,1,1,0,State Route,Municipal/City Police,Omak Police Department,0,1,0,0,0,,,,,,0.0,0.0,0.0,,,,,,,,,,,0.0,0.0,0.0,0.0,,,,,20.0,7.0,,,,,,,,1.0,0.0,,,,,,,98841,Omak,Omak
2729,2788,2788,2020,306,EA59118,3.0,2020-08-24,5:45,24,8,,67,Thurston,1102,1,,4,1,2,1,1,4,1,,,,8,0,0,111.8,1,0,1,1,2,1,1,0,0,0,0,I-5,,-122.7694167,47.062755556,0,1,13,80,5,60,34,0,0,1,5,8,1,1,3,3,1,4,1,53,0,20,481,2015,0,,8,,,,,,1,1,32,1,0.0,,0,0,3,0,11,0,,,,,0.0,0.0,0.0,3.0,1,0,,,,96,,,,,,0,,,,,,98258,53,73.0,175.0,6.0,1.0,0.0,0.0,0.0,0.0,,0,,,,,,0,,,20,0,0,0,8.0,3,8,,,0,,,8,8,0.0,0.0,,,0.0,,,0,0,996.0,,,,,,,,,,,,,,,,,,,,,,,,,,,,,,0,0,0,0,0,0,0,0,0,0,0,0,0,0,0,0,0,0,0,0,0,0,0,0,0,0,0,0,0,1,0,1,0,0,0,,0,0,0,0,0,0,0,0,0,0,0,0,0,0,0,0,,,,,,31-35,26-35,Interstate,U,Monday,Belt Used,PV,Not Fatal,0,0,0,0,State Route,State Patrol,Washington State Patrol,0,1,0,0,0,,,,,,0.0,0.0,0.0,,,,,,,,,,,98.0,98.0,98.0,0.0,,,,,20.0,7.0,,,,,,,,1.0,0.0,,,,,,,98516,Lake Stevens,Olympia