,index,Unnamed: 0,year,case,par,repjur,crash_dt,crash_tm,accday,accmon,holiday,county,co_char,city,weather,weather2,lightcond,surfcond,surftype,numfatal,nmforms,pforms,vforms,not_tm,arr_tm,hosp_tm,fhevent,hitrun,manncol,milepnt,reljunc,reljuncinter,intersectiontype,funcsystem,landuse,ownership,route,schlbus,spejur,contdev,devfunc,trafid1,trafid2,lon,lat,wk_zone,vnumber,crashtype,criticalevent,criticaleventcat,spdlim,body,trailer,emerg,hazcargo,leave,mhevent,roadalgn,roadprof,traflane,trafflow,vehmanvr,numoccs,regowner,regstate,spuse,make,model,modelyr,vrf1,vrf2,seqevent1,seqevent2,seqevent3,seqevent4,seqevent5,seqevent6,pnumber,ptype,age,sex,hispanic,race,injury,diedscene,restraint,restraintmisuse,seatpos,takehosp,death_dt,death_tm,cert,cernum_wa,commlic,licendor,licrestrict,liccomp,drivpres,drf1,drf2,drf3,drf4,distract1,distract2,distract3,distract4,distract5,distract6,dricond1,dricond2,dricond3,dricond4,dricond5,dricond6,dzip,licstate,drhgt_in,weight,noncdl,noncdltype,prevdwi,prevoth,prevacc,prevspd,prevsus,driviol1,driviol2,driviol3,driviol4,driviol5,driviol6,spdrel,first_dt,last_dt,airbag,ejection,ejectpath,extricat,injurwrk,methalc,methdrug,nmlocat,strikveh,prf1,prf2,prf3,druginv,alcinvol,drugsts,drugres1,drugres2,drugres3,drugtst1,drugtst2,drugtst3,alcsts,alctst,alcres,nmact1,nmact2,nmact3,nmact4,nmact5,nmact6,nmprior1,nmprior2,nmprior3,nmprior4,nmprior5,nmprior6,nmcond1,nmcond2,nmcond3,nmcond4,nmcond5,nmcond6,nmsafe_helmet,nmsafe_pads,nmsafe_oth,nmprev_ref,nmprev_lgt,nmprev_oth,crashlocation,nmcrashtype,crosswalk,schoolzone,sidewalk,train_inv,wildlife_inv,rotr_fars,intersect_fars,dd_inv,aid_inv,dpd_inv,id_inv,mj_inv,impnm_inv,ainm_inv,dpnm_inv,speed_inv,unlic_inv,unendmc_inv,drowsy_inv,drdist_inv,nmdist_inv,fty_inv,unrestfat_inv,dr1617_inv,dr1820_inv,dr1620_inv,dr2125_inv,dr1625_inv,dr65_inv,dr70_inv,dr75_inv,mc_inv,pv_inv,ht_inv,ped_inv,bike_inv,unrest_fat,mc_fat,unhelmet_mc,pv_fat,ht_fat,ped_fat,bike_fat,dr_alc7,dr_alc8,dr_drug,dr_imp,dr_dist,dr_spd,dr_fty,dr_unlic,dr_alc7only,dr_alc8only,dr_drugonly,dr_drink,nm_imp,nm_alc7,nm_alc8,nm_drug,nm_dist,agegrp1,agegrp2,roadclass,urbrur,dayweek,restuse,vehtype,race_me,intersect,lanedep,oppdir,wrongway,rep_typ,investag,repag_long,rotr,st_rd,cty_rd,city_rd,oth_rd,drug_thc,thc_res,drug_cthc,cthc_res,drug_cann,prevpersemin,prevperse,prevsusoth,drugtst4,drugtst5,drugtst6,drugtst7,drugtst8,drugres4,drugres5,drugres6,drugres7,drugres8,adspresent,adsengaged,adslevel,race1,race2,race3,race4,race5,helmet,helmetmisuse,nmdistract1,nmdistract2,nmdistract3,nmdistract4,nmdistract5,nmdistract6,lab,isedtcase,crf1,crf2,crf3,CoRoadName,CoMP,IntCoRoadName,IntCoMP,crashzip,dcity,crashcity
2748,2807,2807,2020,319,EA44131,25.0,2020-06-25,22:43,25,6,,33,King,0,1,,2,1,2,1,0,2,2,22:49,23:19,0:15,12,0,2,7.5,1,0,1,5,1,2,4,0,0,0,0,CR-CUMBERLAND KANASKET,,-121.9137417,47.293772222,0,1,50,9,1,40,5,0,0,1,2,12,1,1,2,1,1,1,1,53,0,41,51,2005,0,,68,12.0,,,,,1,1,24,2,7.0,,4,0,20,7,11,1,07/03/2020,8:19,196053030579.0,30579.0,0.0,0.0,3.0,3.0,1,58,,,,96,,,,,,98,,,,,,98391,53,63.0,110.0,6.0,1.0,0.0,4.0,1.0,1.0,,0,,,,,,3,06/15/2016,05/15/2019,8,0,0,0,0.0,9,8,,,0,,,8,8,2.0,151.0,,,1.0,,,2,1,0.0,,,,,,,,,,,,,,,,,,,,,,,,,,,,,,0,0,0,0,0,0,1,1,0,0,0,0,1,0,0,0,0,0,0,1,0,0,0,1,1,0,0,0,0,1,0,0,0,1,0,,1,0,0,0,0,0,1,1,0,1,0,0,0,0,1,0,,,,,,21-25,16-25,County road,R,Thursday,Not Used,PV,White,0,1,1,0,County Road,County Sheriff,King County Police,0,0,1,0,0,,,,,,0.0,0.0,2.0,,,,,,,,,,,98.0,98.0,98.0,1.0,,,,,20.0,7.0,,,,,,,,1.0,0.0,,,CUMBERLAND-KANASKAT RD SE,7.505,,,98022,Bonney Lake,Enumclaw
2749,2808,2808,2020,319,EA44131,25.0,2020-06-25,22:43,25,6,,33,King,0,1,,2,1,2,1,0,2,2,22:49,23:19,0:15,12,0,2,7.5,1,0,1,5,1,2,4,0,0,0,0,CR-CUMBERLAND KANASKET,,-121.9137417,47.293772222,0,2,51,62,4,40,14,0,0,1,2,12,1,1,2,1,1,1,2,53,0,2,404,1996,0,,12,,,,,,1,1,27,2,0.0,,3,0,3,0,11,5,,,,,0.0,0.0,0.0,3.0,1,0,,,,96,,,,,,0,,,,,,98051,53,62.0,125.0,6.0,1.0,0.0,0.0,1.0,3.0,,0,,,,,,0,12/15/2016,12/15/2016,1,0,0,0,8.0,9,8,,,0,,,8,8,8.0,95.0,,,96.0,,,8,95,995.0,,,,,,,,,,,,,,,,,,,,,,,,,,,,,,0,0,0,0,0,0,1,1,0,0,0,0,1,0,0,0,0,0,0,1,0,0,0,1,1,0,0,0,0,1,0,0,0,0,0,,0,0,0,0,0,0,0,0,0,0,0,0,0,0,0,0,,,,,,26-30,26-35,County road,R,Thursday,Belt Used,PV,Not Fatal,0,1,1,0,County Road,County Sheriff,King County Police,0,0,1,0,0,,,,,,0.0,0.0,0.0,,,,,,,,,,,0.0,0.0,0.0,0.0,,,,,20.0,7.0,,,,,,,,1.0,0.0,,,CUMBERLAND-KANASKAT RD SE,7.505,,,98022,Ravensdale,Enumclaw
2750,2809,2809,2020,320,EA51645,25.0,2020-07-29,16:05,29,7,,33,King,0,1,,1,1,2,1,0,5,2,,,,12,0,6,5.4,1,0,1,5,1,2,4,0,0,0,0,CR-VEAZIE CUMBERLAND RD,,-121.9370278,47.271097222,0,1,98,10,2,40,80,0,0,1,2,12,1,1,2,1,6,1,1,53,0,34,706,2017,0,,12,,,,,,1,1,78,8,7.0,,4,0,20,7,11,1,08/12/2020,10:57,196053037705.0,37705.0,0.0,0.0,0.0,3.0,1,33,,,,96,,,,,,98,,,,,,98033,53,73.0,240.0,6.0,1.0,0.0,0.0,0.0,0.0,,0,,,,,,0,,,20,8,0,0,0.0,9,8,,,0,,,8,8,0.0,0.0,,,0.0,,,0,0,996.0,,,,,,,,,,,,,,,,,,,,,,,,,,,,,,0,0,0,0,0,0,0,0,0,0,0,0,0,1,0,0,0,0,0,0,0,0,0,1,1,1,1,1,1,1,0,0,0,0,1,0.0,0,0,0,0,0,0,0,0,0,0,0,0,0,0,0,0,,,,,,76-80,76+,County road,R,Wednesday,,MC,White,0,0,0,0,County Road,County Sheriff,King County Police,0,0,1,0,0,,,,,,0.0,0.0,0.0,,,,,,,,,,,0.0,0.0,0.0,1.0,,,,,19.0,0.0,,,,,,,,1.0,0.0,,,VEAZIE-CUMBERLAND RD SE,5.385,,,98022,Kirkland,Enumclaw
2751,2810,2810,2020,320,EA51645,25.0,2020-07-29,16:05,29,7,,33,King,0,1,,1,1,2,1,0,5,2,,,,12,0,6,5.4,1,0,1,5,1,2,4,0,0,0,0,CR-VEAZIE CUMBERLAND RD,,-121.9370278,47.271097222,0,2,98,60,4,40,4,0,0,1,5,12,1,1,2,1,12,4,1,53,0,20,37,2015,0,,12,,,,,,1,1,23,8,0.0,,0,0,3,0,11,0,,,,,0.0,0.0,0.0,1.0,1,0,,,,96,,,,,,0,,,,,,98003,53,71.0,270.0,1.0,1.0,0.0,0.0,0.0,1.0,,97,,,,,,0,02/15/2015,10/15/2020,20,0,0,0,8.0,9,8,,,0,,,8,8,0.0,0.0,,,0.0,,,0,0,996.0,,,,,,,,,,,,,,,,,,,,,,,,,,,,,,0,0,0,0,0,0,0,0,0,0,0,0,0,1,0,0,0,0,0,0,0,0,0,1,1,1,1,1,1,1,0,0,0,0,0,,0,0,0,0,0,0,0,0,0,0,0,1,0,0,0,0,,,,,,21-25,16-25,County road,R,Wednesday,Belt Used,PV,Not Fatal,0,0,0,0,County Road,County Sheriff,King County Police,0,0,1,0,0,,,,,,0.0,0.0,3.0,,,,,,,,,,,98.0,98.0,98.0,0.0,,,,,20.0,7.0,,,,,,,,1.0,0.0,,,VEAZIE-CUMBERLAND RD SE,5.385,,,98022,Federal Way,Enumclaw
2752,2811,2811,2020,321,EA58729,5.0,2020-08-26,13:45,26,8,,41,Lewis,0,1,,1,1,2,1,0,2,2,13:49,13:53,14:15,12,0,2,50.2,1,0,1,4,1,1,3,0,0,0,0,SR-6,,-122.9992306,46.652619444,0,1,50,10,2,55,4,0,0,1,2,12,1,1,2,1,1,1,2,53,0,34,34,2006,0,,68,12.0,,,,,1,1,21,1,0.0,,3,0,3,0,11,5,,,,,0.0,0.0,0.0,0.0,1,28,,,,6,,,,,,9,,,,,,98532,53,69.0,230.0,0.0,0.0,0.0,0.0,0.0,0.0,,0,,,,,,0,,,8,0,0,0,8.0,9,8,,,0,,,1,0,2.0,695.0,605.0,,1.0,1.0,,2,1,0.0,,,,,,,,,,,,,,,,,,,,,,,,,,,,,,0,0,0,0,0,0,1,1,1,0,0,0,0,1,0,0,1,0,0,0,0,0,0,1,1,0,0,0,0,1,0,0,0,0,0,,0,0,0,0,0,0,1,1,1,0,0,1,0,0,1,0,,,,,,21-25,16-25,State route,R,Wednesday,Belt Used,PV,Not Fatal,0,1,1,0,State Route,State Patrol,Washington State Patrol,0,1,0,0,0,thc,4.9,carboxy-thc,21.0,,0.0,0.0,0.0,,,,,,,,,,,98.0,98.0,98.0,0.0,,,,,20.0,7.0,,,,,,,,1.0,0.0,,,,,,,98532,Chehalis,Chehalis
2753,2812,2812,2020,321,EA58729,5.0,2020-08-26,13:45,26,8,,41,Lewis,0,1,,1,1,2,1,0,2,2,13:49,13:53,14:15,12,0,2,50.2,1,0,1,4,1,1,3,0,0,0,0,SR-6,,-122.9992306,46.652619444,0,2,51,62,4,55,1,0,0,1,2,12,1,1,2,1,1,1,1,53,0,69,54,2006,0,,12,,,,,,1,1,42,2,7.0,,4,7,3,0,11,0,08/26/2020,13:45,53039814.0,39814.0,0.0,0.0,0.0,3.0,1,0,,,,96,,,,,,98,,,,,,98532,53,67.0,150.0,6.0,1.0,0.0,0.0,0.0,1.0,,0,,,,,,0,12/15/2017,12/15/2017,1,0,0,0,0.0,9,8,,,0,,,8,8,2.0,124.0,996.0,996.0,1.0,1.0,1.0,2,1,0.0,,,,,,,,,,,,,,,,,,,,,,,,,,,,,,0,0,0,0,0,0,1,1,1,0,0,0,0,1,0,0,1,0,0,0,0,0,0,1,1,0,0,0,0,1,0,0,0,0,0,,1,0,0,0,0,0,1,1,0,0,0,0,0,0,1,0,,,,,,41-45,36-45,State route,R,Wednesday,Belt Used,PV,White,0,1,1,0,State Route,State Patrol,Washington State Patrol,0,1,0,0,0,,,,,,0.0,0.0,0.0,1.0,,,,,996.0,,,,,98.0,98.0,98.0,1.0,,,,,20.0,7.0,,,,,,,,1.0,0.0,,,,,,,98532,Chehalis,Chehalis
2754,2813,2813,2020,322,EA59843,146.0,2020-08-21,23:55,21,8,,77,Yakima,0,1,,2,1,2,1,0,1,1,23:57,0:04,,34,0,0,8.6,1,0,1,5,1,2,4,0,0,0,0,CR-VAN BELLE RD,,-119.9971056,46.345533333,0,1,2,13,2,50,4,0,0,1,2,1,1,1,2,1,1,1,2,53,0,12,37,2008,0,,63,34.0,67.0,35.0,35.0,1.0,1,1,33,1,1.0,,4,0,20,7,11,5,08/22/2020,1:14,222053038762.0,38762.0,0.0,0.0,0.0,0.0,1,0,,,,96,,,,,,9,,,,,,98944,53,68.0,195.0,0.0,0.0,0.0,0.0,0.0,0.0,,0,,,,,,4,,,8,1,9,0,0.0,9,8,,,0,,,8,1,2.0,695.0,605.0,,1.0,1.0,,2,1,0.227,,,,,,,,,,,,,,,,,,,,,,,,,,,,,,0,0,0,0,1,1,1,1,1,0,0,0,1,1,0,0,0,0,0,1,0,0,0,0,0,0,0,0,0,1,0,0,0,1,0,,1,0,0,0,0,1,1,1,0,1,0,1,0,0,0,1,,,,,,31-35,26-35,County road,R,Friday,Not Used,PV,Hispanic,0,1,0,0,County Road,County Sheriff,Yakima County Sheriff's Office,1,0,1,0,0,thc,3.8,carboxy-thc,15.0,,0.0,0.0,0.0,,,,,,,,,,,98.0,98.0,98.0,98.0,,,,,20.0,7.0,,,,,,,nms,1.0,18.0,,,VAN BELLE RD.,8.62,,,98944,Sunnyside,Sunnyside
2755,2814,2814,2020,324,EA60363,189.0,2020-08-29,2:03,29,8,,61,Snohomish,1280,1,,3,1,2,2,2,1,1,,,,41,0,0,0.0,3,0,10,7,2,4,6,0,0,0,0,84TH ST NE,55TTH AVE NE,-122.1564167,48.071691667,0,1,6,14,2,25,2,0,0,1,2,8,1,1,2,1,1,1,2,53,0,20,2,1971,0,,64,41.0,69.0,9.0,71.0,42.0,1,1,42,1,0.0,,9,0,99,7,11,5,,,,,0.0,0.0,0.0,0.0,1,0,,,,96,,,,,,9,,,,,,98204,53,72.0,185.0,0.0,0.0,0.0,0.0,0.0,0.0,,97,,,,,,0,,,20,0,0,0,8.0,9,8,,,0,,,1,1,2.0,695.0,605.0,,1.0,1.0,,2,1,0.0,,,,,,,,,,,,,,,,,,,,,,,,,,,,,,0,0,1,1,1,0,1,1,1,1,0,1,0,1,0,0,0,0,0,0,0,0,0,0,0,0,0,0,0,1,0,0,1,0,0,,0,0,0,0,0,0,1,1,0,0,0,1,0,0,1,1,,,,,,41-45,36-45,City street,U,Saturday,Unknown,PV,Not Fatal,0,0,0,0,City Street,Municipal/City Police,Marysville Police Department,0,0,0,1,0,thc,7.4,carboxy-thc,38.0,,0.0,0.0,0.0,,,,,,,,,,,0.0,0.0,0.0,0.0,,,,,20.0,7.0,,,,,,,,1.0,0.0,,,,,,,98270,Everett,Marysville
2756,2815,2815,2020,325,EA60411,3.0,2020-08-29,3:07,29,8,,67,Thurston,0,1,,2,1,2,1,0,3,2,,,,12,0,2,114.6,1,0,1,1,2,1,1,0,0,0,0,I-5,,-122.7110417,47.068925,0,1,52,54,3,60,4,0,0,1,2,12,1,1,3,3,1,1,2,53,0,35,39,2003,0,,12,,,,,,1,1,17,1,7.0,,4,7,20,7,11,0,08/29/2020,3:07,53040049.0,40049.0,0.0,0.0,2.0,3.0,1,38,51.0,73.0,,96,,,,,,9,,,,,,98501,53,67.0,140.0,6.0,2.0,0.0,0.0,0.0,0.0,,0,,,,,,0,,,1,0,0,0,0.0,9,8,,,0,,,1,1,2.0,528.0,,,1.0,,,2,1,0.0,,,,,,,,,,,,,,,,,,,,,,,,,,,,,,0,0,0,0,1,0,1,1,0,0,0,0,0,0,0,0,0,0,1,1,1,0,1,0,1,0,0,0,0,1,0,0,0,1,0,,1,0,0,0,0,0,1,1,0,0,1,0,0,0,1,1,,,,,,16-17,16-25,Interstate,U,Saturday,Not Used,PV,White,0,0,0,1,State Route,State Patrol,Washington State Patrol,0,1,0,0,0,,,,,,0.0,0.0,0.0,,,,,,,,,,,98.0,98.0,98.0,1.0,,,,,20.0,7.0,,,,,,,,1.0,0.0,,,,,,,98513,Olympia,Olympia
2757,2816,2816,2020,325,EA60411,3.0,2020-08-29,3:07,29,8,,67,Thurston,0,1,,2,1,2,1,0,3,2,,,,12,0,2,114.6,1,0,1,1,2,1,1,0,0,0,0,I-5,,-122.7110417,47.068925,0,2,52,54,3,60,5,0,0,1,2,12,1,1,3,3,1,2,1,53,0,49,46,2004,0,,12,,,,,,1,1,29,2,0.0,,3,0,3,0,11,5,,,,,0.0,0.0,0.0,3.0,1,0,,,,96,,,,,,98,,,,,,98102,53,64.0,150.0,6.0,1.0,0.0,0.0,0.0,0.0,,0,,,,,,0,,,1,0,0,0,8.0,9,8,,,0,,,8,8,8.0,95.0,,,96.0,,,8,95,995.0,,,,,,,,,,,,,,,,,,,,,,,,,,,,,,0,0,0,0,1,0,1,1,0,0,0,0,0,0,0,0,0,0,1,1,1,0,1,0,1,0,0,0,0,1,0,0,0,0,0,,0,0,0,0,0,0,0,0,0,0,0,0,0,0,0,0,,,,,,26-30,26-35,Interstate,U,Saturday,Belt Used,PV,Not Fatal,0,0,0,1,State Route,State Patrol,Washington State Patrol,0,1,0,0,0,,,,,,0.0,0.0,0.0,,,,,,,,,,,98.0,98.0,98.0,0.0,,,,,20.0,7.0,,,,,,,,1.0,0.0,,,,,,,98513,Seattle,Olympia
2758,2817,2817,2020,326,EA60712,5.0,2020-08-14,18:21,14,8,,59,Skamania,0,1,,5,1,2,1,0,1,1,,,,11,0,0,33.3,1,0,1,3,1,1,3,0,0,0,0,SR-14,,-122.0422556,45.617047222,0,1,13,87,6,55,80,0,0,1,2,11,1,1,2,1,1,1,1,53,0,76,706,2003,0,,11,,,,,,1,1,58,1,7.0,,4,7,20,7,11,0,08/14/2020,18:21,53038926.0,38926.0,0.0,0.0,0.0,3.0,1,0,,,,96,,,,,,98,,,,,,98683,53,69.0,185.0,6.0,1.0,0.0,0.0,0.0,0.0,,0,,,,,,3,,,20,8,0,0,0.0,9,8,,,0,,,8,8,2.0,996.0,996.0,,1.0,1.0,,2,1,0.0,,,,,,,,,,,,,,,,,,,,,,,,,,,,,,0,1,0,0,0,0,1,1,0,0,0,0,1,0,0,0,0,0,0,0,0,0,0,0,0,0,0,0,1,0,0,0,0,0,1,0.0,0,0,0,0,0,0,1,1,0,1,0,0,0,0,1,0,,,,,,56-60,56-65,State route,R,Friday,,MC,White,0,0,0,0,State Route,State Patrol,Washington State Patrol,0,1,0,0,0,,,,,,0.0,0.0,0.0,,,,,,,,,,,0.0,0.0,0.0,1.0,,,,,5.0,0.0,,,,,,,,1.0,0.0,,,,,,,98648,Vancouver,Stevenson
2759,2818,2818,2020,327,EA60735,269.0,2020-09-02,20:28,2,9,,33,King,2005,1,,3,1,2,1,1,1,1,,,,8,0,0,0.0,1,0,1,4,2,4,6,0,0,0,0,NW RICHMOND BEACH RD,,-122.3632417,47.765091667,0,1,13,80,5,30,14,0,0,1,5,8,1,1,3,5,1,1,1,53,0,2,408,2018,0,,8,,,,,,1,1,48,8,0.0,,0,0,3,0,11,0,,,,,6.0,0.0,3.0,3.0,1,10,,,,0,,,,,,0,,,,,,98133,53,64.0,182.0,6.0,1.0,0.0,1.0,0.0,0.0,,0,,,,,,0,11/15/2015,11/15/2015,20,0,0,0,8.0,9,8,,,0,,,8,8,8.0,95.0,,,96.0,,,8,95,995.0,,,,,,,,,,,,,,,,,,,,,,,,,,,,,,0,0,0,0,0,0,0,0,0,0,0,0,0,0,0,0,0,0,0,0,0,0,0,0,0,0,0,0,0,1,0,1,0,0,0,,0,0,0,0,0,0,0,0,0,0,0,0,0,0,0,0,,,,,,46-50,46-55,City street,U,Wednesday,Belt Used,PV,Not Fatal,0,0,0,0,City Street,Municipal/City Police,Shoreline Police Department,0,0,0,1,0,,,,,,0.0,0.0,0.0,,,,,,,,,,,98.0,98.0,98.0,0.0,,,,,20.0,7.0,,,,,,,,1.0,0.0,,,,,,,98177,Seattle,Seattle
2760,2819,2819,2020,328,EA60792,14.0,2020-08-18,11:41,18,8,,11,Clark,0,1,,1,1,2,2,0,2,1,,,,1,0,0,2.2,1,0,1,5,1,2,4,0,0,0,0,CR-NE LUCIA FALLS RD,,-122.4427306,45.840575,0,1,7,13,2,40,34,0,0,1,2,1,4,2,2,1,14,2,1,53,0,12,481,2012,0,,63,69.0,68.0,64.0,1.0,42.0,1,1,45,1,7.0,,4,7,3,0,11,0,08/18/2020,11:41,53038489.0,38489.0,0.0,0.0,0.0,3.0,1,0,,,,92,,,,,,98,,,,,,98604,53,67.0,210.0,6.0,1.0,0.0,0.0,0.0,0.0,,0,,,,,,0,,,8,0,0,0,0.0,9,8,,,0,,,8,8,2.0,1.0,,,1.0,,,2,1,0.0,,,,,,,,,,,,,,,,,,,,,,,,,,,,,,0,0,0,0,0,0,0,0,0,0,0,0,0,0,0,0,1,0,0,0,0,0,0,0,0,0,0,0,0,1,0,0,0,0,0,,1,0,0,0,0,0,0,0,1,0,0,0,0,0,0,0,,,,,,41-45,36-45,County road,R,Tuesday,Belt Used,PV,White,0,1,0,0,County Road,County Sheriff,Clark County Sheriff's Office,1,0,1,0,0,,,,,,0.0,0.0,0.0,,,,,,,,,,,98.0,98.0,98.0,1.0,,,,,20.0,7.0,,,,,,,,1.0,0.0,,,NE LUCIA FALLS RD,2.22,,,98675,Battle Ground,Yacolt
2761,2820,2820,2020,329,EA60960,13.0,2020-08-31,15:49,31,8,,9,Clallam,0,1,,1,1,2,1,0,1,1,,,,11,0,0,0.9,1,0,1,7,1,2,4,0,0,0,0,CR-OLD MILL RD,,-123.4425694,48.079469444,0,1,13,87,6,35,80,0,0,1,2,11,2,2,2,1,14,1,1,53,0,72,706,2007,0,,11,,,,,,1,1,60,8,7.0,,4,0,20,7,11,5,08/31/2020,18:49,170053041930.0,41930.0,0.0,0.0,0.0,3.0,1,0,,,,96,,,,,,98,,,,,,98362,53,69.0,200.0,6.0,1.0,0.0,0.0,0.0,0.0,,0,,,,,,0,,,20,8,0,0,0.0,9,8,,,0,,,8,8,2.0,189.0,522.0,996.0,1.0,1.0,1.0,2,1,0.063,,,,,,,,,,,,,,,,,,,,,,,,,,,,,,0,1,0,0,1,0,1,1,1,0,0,0,0,0,0,0,0,0,0,0,0,0,0,0,0,0,0,0,1,0,0,0,0,0,1,0.0,0,0,0,0,1,0,1,1,0,0,0,0,0,0,0,1,,,,,,56-60,56-65,County road,R,Monday,,MC,White,0,0,0,0,County Road,County Sheriff,Clallam County Sheriff's Office,0,0,1,0,0,thc,0.52,carboxy-thc,7.7,,0.0,0.0,0.0,1.0,1.0,,,,695.0,605.0,,,,0.0,0.0,0.0,1.0,,,,,5.0,0.0,,,,,,,nms,1.0,0.0,,,OLD MILL RD.,0.89,,,98362,Port Angeles,Port Angeles
2762,2821,2821,2020,330,EA61136,129.0,2020-08-28,22:02,28,8,,53,Pierce,747,1,,3,1,2,1,1,1,1,,,,8,0,0,0.0,3,0,3,3,2,4,6,0,3,0,0,PACIFIC HWY E,44TH AVE E,-122.3705278,47.243094444,0,1,13,80,5,35,34,0,0,1,5,8,1,1,5,5,1,1,1,53,0,7,482,2019,0,,8,,,,,,1,1,55,1,0.0,,0,0,3,0,11,0,,,,,0.0,0.0,0.0,3.0,1,0,,,,96,,,,,,0,,,,,,98023,53,73.0,395.0,6.0,1.0,0.0,1.0,0.0,0.0,,0,,,,,,0,11/15/2016,11/15/2016,20,0,0,0,8.0,9,8,,,0,,,0,0,8.0,95.0,,,96.0,,,2,98,0.0,,,,,,,,,,,,,,,,,,,,,,,,,,,,,,0,0,0,1,0,0,0,0,0,0,0,0,0,0,0,0,0,0,0,0,0,0,0,0,0,0,0,0,0,1,0,1,0,0,0,,0,0,0,0,0,0,0,0,0,0,0,0,0,0,0,0,,,,,,51-55,46-55,City street,U,Friday,Belt Used,PV,Not Fatal,0,0,0,0,City Street,Municipal/City Police,Fife Police Department,0,0,0,1,0,,,,,,0.0,0.0,0.0,,,,,,,,,,,98.0,98.0,98.0,0.0,,,,,20.0,7.0,,,,,,,,1.0,0.0,,,,,,,98424,Federal Way,Fife
2763,2822,2822,2020,331,EA61291,1.0,2020-08-31,19:00,31,8,,77,Yakima,0,1,,1,1,2,1,0,1,1,,,,1,0,0,0.3,5,1,1,1,1,1,1,0,0,0,0,I-82,,-120.3977806,46.470291667,0,1,6,13,2,98,34,0,0,1,2,1,2,8,1,6,14,1,1,53,0,49,472,2001,0,,63,69.0,64.0,1.0,,,1,1,65,1,1.0,,4,7,3,0,11,0,08/31/2020,19:00,53040706.0,40706.0,6.0,0.0,0.0,3.0,1,58,,,,96,,,,,,98,,,,,,98953,53,68.0,210.0,6.0,1.0,0.0,0.0,0.0,0.0,,0,,,,,,0,,,20,2,9,0,0.0,1,8,,,0,,,9,1,2.0,1.0,,,1.0,,,2,1,0.03,,,,,,,,,,,,,,,,,,,,,,,,,,,,,,0,0,1,0,1,0,0,0,0,0,0,0,0,0,0,0,0,0,0,0,0,0,0,0,0,1,0,0,0,1,0,0,0,0,0,,1,0,0,0,1,0,0,0,0,0,0,0,1,0,0,1,,,,,,61-65,56-65,Interstate,R,Monday,Belt Used,PV,Hispanic,0,0,0,0,State Route,State Patrol,Washington State Patrol,0,1,0,0,0,,,,,,0.0,0.0,0.0,,,,,,,,,,,98.0,98.0,98.0,98.0,,,,,20.0,7.0,,,,,,,,1.0,0.0,,,,,,,98951,Zillah,Wapato
2764,2823,2823,2020,332,EA60457,38.0,2020-09-01,16:40,1,9,,59,Skamania,0,1,,1,1,2,1,0,1,1,,,,30,0,0,9.0,1,0,1,5,1,2,4,0,0,0,0,CR-WASHOUGAL RIVER RD,,-122.2430278,45.612277778,0,1,1,13,2,35,34,0,0,1,2,30,3,1,2,1,14,1,2,53,0,23,481,1991,0,,63,30.0,,,,,1,1,50,1,7.0,,4,7,20,7,11,0,09/01/2020,16:40,53041249.0,41249.0,0.0,0.0,2.0,2.0,1,24,74.0,,,96,,,,,,98,,,,,,98661,53,73.0,200.0,1.0,1.0,1.0,0.0,0.0,1.0,,0,,,,,,3,10/15/2016,01/15/2016,20,0,0,0,0.0,9,8,,,0,,,8,8,2.0,1.0,,,1.0,,,2,1,0.186,,,,,,,,,,,,,,,,,,,,,,,,,,,,,,0,0,1,0,1,1,0,1,0,0,0,0,1,1,0,0,0,0,0,1,0,0,0,0,0,0,0,0,0,1,0,0,0,1,0,,1,0,0,0,0,1,0,1,0,1,0,1,0,1,0,1,,,,,,46-50,46-55,County road,R,Tuesday,Not Used,PV,White,0,1,0,0,County Road,County Sheriff,Skamania County Sheriff's Office,1,0,1,0,0,,,,,,0.0,1.0,3.0,,,,,,,,,,,0.0,0.0,0.0,1.0,,,,,20.0,7.0,,,,,,,,1.0,0.0,,,WASHOUGAL RIVER ROAD,9.0,,,98671,Vancouver,Washougal
2765,2824,2824,2020,333,EA61306,6.0,2020-08-28,18:00,28,8,,7,Chelan,0,1,,1,1,2,3,0,5,3,18:10,18:35,20:04,12,0,2,154.7,1,0,1,3,1,1,2,0,0,0,0,US-97,,-120.6105694,47.394305556,0,1,50,10,2,60,15,0,0,1,2,12,1,2,3,1,6,2,1,53,0,49,422,2005,0,,68,12.0,68.0,12.0,,,1,1,43,2,0.0,,3,0,3,0,11,5,,,,,0.0,0.0,3.0,3.0,1,33,,,,96,,,,,,98,,,,,,98902,53,59.0,110.0,6.0,1.0,0.0,1.0,1.0,1.0,,97,,,,,,0,06/15/2018,12/15/2020,8,0,0,0,8.0,3,8,,,0,,,8,8,2.0,695.0,,,1.0,,,2,1,0.0,,,,,,,,,,,,,,,,,,,,,,,,,,,,,,0,0,0,0,0,0,1,1,1,0,0,0,0,0,0,0,0,0,0,0,0,1,1,0,1,1,0,0,0,1,1,0,0,0,0,,0,0,0,0,0,0,1,1,0,0,0,0,0,0,1,0,,,,,,41-45,36-45,US highway,R,Friday,Belt Used,PV,Not Fatal,0,1,1,0,State Route,State Patrol,Washington State Patrol,0,1,0,0,0,,,carboxy-thc,5.9,,0.0,0.0,1.0,,,,,,,,,,,98.0,98.0,98.0,0.0,,,,,20.0,7.0,,,,,,,,1.0,0.0,,,,,,,98847,Yakima,Peshastin