,index,Unnamed: 0,year,case,par,repjur,crash_dt,crash_tm,accday,accmon,holiday,county,co_char,city,weather,weather2,lightcond,surfcond,surftype,numfatal,nmforms,pforms,vforms,not_tm,arr_tm,hosp_tm,fhevent,hitrun,manncol,milepnt,reljunc,reljuncinter,intersectiontype,funcsystem,landuse,ownership,route,schlbus,spejur,contdev,devfunc,trafid1,trafid2,lon,lat,wk_zone,vnumber,crashtype,criticalevent,criticaleventcat,spdlim,body,trailer,emerg,hazcargo,leave,mhevent,roadalgn,roadprof,traflane,trafflow,vehmanvr,numoccs,regowner,regstate,spuse,make,model,modelyr,vrf1,vrf2,seqevent1,seqevent2,seqevent3,seqevent4,seqevent5,seqevent6,pnumber,ptype,age,sex,hispanic,race,injury,diedscene,restraint,restraintmisuse,seatpos,takehosp,death_dt,death_tm,cert,cernum_wa,commlic,licendor,licrestrict,liccomp,drivpres,drf1,drf2,drf3,drf4,distract1,distract2,distract3,distract4,distract5,distract6,dricond1,dricond2,dricond3,dricond4,dricond5,dricond6,dzip,licstate,drhgt_in,weight,noncdl,noncdltype,prevdwi,prevoth,prevacc,prevspd,prevsus,driviol1,driviol2,driviol3,driviol4,driviol5,driviol6,spdrel,first_dt,last_dt,airbag,ejection,ejectpath,extricat,injurwrk,methalc,methdrug,nmlocat,strikveh,prf1,prf2,prf3,druginv,alcinvol,drugsts,drugres1,drugres2,drugres3,drugtst1,drugtst2,drugtst3,alcsts,alctst,alcres,nmact1,nmact2,nmact3,nmact4,nmact5,nmact6,nmprior1,nmprior2,nmprior3,nmprior4,nmprior5,nmprior6,nmcond1,nmcond2,nmcond3,nmcond4,nmcond5,nmcond6,nmsafe_helmet,nmsafe_pads,nmsafe_oth,nmprev_ref,nmprev_lgt,nmprev_oth,crashlocation,nmcrashtype,crosswalk,schoolzone,sidewalk,train_inv,wildlife_inv,rotr_fars,intersect_fars,dd_inv,aid_inv,dpd_inv,id_inv,mj_inv,impnm_inv,ainm_inv,dpnm_inv,speed_inv,unlic_inv,unendmc_inv,drowsy_inv,drdist_inv,nmdist_inv,fty_inv,unrestfat_inv,dr1617_inv,dr1820_inv,dr1620_inv,dr2125_inv,dr1625_inv,dr65_inv,dr70_inv,dr75_inv,mc_inv,pv_inv,ht_inv,ped_inv,bike_inv,unrest_fat,mc_fat,unhelmet_mc,pv_fat,ht_fat,ped_fat,bike_fat,dr_alc7,dr_alc8,dr_drug,dr_imp,dr_dist,dr_spd,dr_fty,dr_unlic,dr_alc7only,dr_alc8only,dr_drugonly,dr_drink,nm_imp,nm_alc7,nm_alc8,nm_drug,nm_dist,agegrp1,agegrp2,roadclass,urbrur,dayweek,restuse,vehtype,race_me,intersect,lanedep,oppdir,wrongway,rep_typ,investag,repag_long,rotr,st_rd,cty_rd,city_rd,oth_rd,drug_thc,thc_res,drug_cthc,cthc_res,drug_cann,prevpersemin,prevperse,prevsusoth,drugtst4,drugtst5,drugtst6,drugtst7,drugtst8,drugres4,drugres5,drugres6,drugres7,drugres8,adspresent,adsengaged,adslevel,race1,race2,race3,race4,race5,helmet,helmetmisuse,nmdistract1,nmdistract2,nmdistract3,nmdistract4,nmdistract5,nmdistract6,lab,isedtcase,crf1,crf2,crf3,CoRoadName,CoMP,IntCoRoadName,IntCoMP,crashzip,dcity,crashcity
2784,2844,2844,2020,345,EA62527,21.0,2020-09-05,19:20,5,9,,25,Grant,0,1,,1,1,4,2,0,2,2,19:29,19:51,,12,0,2,3.2,1,0,1,7,1,2,4,0,0,0,0,CR-SAND DUNES RD SE,,-119.3003306,47.066044444,0,2,51,62,4,35,80,0,0,1,5,12,3,1,2,1,14,1,1,53,0,37,703,1975,0,,12,,,,,,1,1,54,1,7.0,,4,7,20,7,11,0,09/05/2020,19:20,53042094.0,42094.0,0.0,0.0,0.0,2.0,1,0,,,,96,,,,,,98,,,,,,98290,53,71.0,158.0,6.0,1.0,0.0,0.0,0.0,0.0,,0,,,,,,3,,,20,8,0,0,0.0,9,8,,,0,,,8,8,8.0,95.0,,,96.0,,,8,95,995.0,,,,,,,,,,,,,,,,,,,,,,,,,,,,,,0,0,0,0,0,0,0,0,0,0,0,0,1,1,1,0,0,0,0,0,0,0,0,1,1,0,0,0,1,0,0,0,0,0,1,0.0,0,0,0,0,0,0,0,0,0,1,0,0,0,0,0,0,,,,,,51-55,46-55,County road,R,Saturday,,MC,White,0,1,1,0,County Road,County Sheriff,Grant County Sheriff's Office,0,0,1,0,0,,,,,,0.0,0.0,0.0,,,,,,,,,,,0.0,0.0,0.0,1.0,,,,,5.0,0.0,,,,,,,,1.0,0.0,,,SAND DUNES RD,3.18,,,98837,Snohomish,Moses Lake
2785,2845,2845,2020,346,EA62623,66.0,2020-07-23,23:56,23,7,,61,Snohomish,170,1,,3,1,2,1,0,2,2,,,,12,1,8,0.0,2,0,2,4,2,4,6,0,0,4,3,228TH ST SE,15th Ave SE,-122.2130861,47.791308333,0,1,68,15,2,30,3,0,0,1,2,12,1,1,5,1,11,1,2,91,0,36,38,2013,0,,12,,,,,,1,1,17,2,0.0,,2,0,2,0,11,0,,,,,0.0,0.0,0.0,3.0,1,38,,,,96,,,,,,0,,,,,,80015,8,67.0,120.0,6.0,2.0,0.0,0.0,0.0,0.0,,46,,,,,,0,,,20,0,0,0,8.0,9,8,,,0,,,8,8,0.0,0.0,,,0.0,,,0,0,996.0,,,,,,,,,,,,,,,,,,,,,,,,,,,,,,0,0,0,1,0,0,1,1,1,0,0,0,1,0,0,0,0,0,1,0,1,0,1,0,1,0,0,0,1,1,0,0,0,0,0,,0,0,0,0,0,0,0,0,0,0,1,0,0,0,0,0,,,,,,16-17,16-25,City street,U,Thursday,Belt Used,PV,Not Fatal,1,0,0,0,City Street,Municipal/City Police,Bothell Police Department,0,0,0,1,0,,,,,,0.0,0.0,0.0,,,,,,,,,,,98.0,98.0,98.0,0.0,,,,,20.0,7.0,,,,,,,,1.0,0.0,,,,,,,98021,Aurora,Bothell
2786,2846,2846,2020,346,EA62623,66.0,2020-07-23,23:56,23,7,,61,Snohomish,170,1,,3,1,2,1,0,2,2,,,,12,0,8,0.0,2,0,2,4,2,4,6,0,0,3,3,228TH ST SE,15th Ave SE,-122.2130861,47.791308333,0,2,69,62,4,30,80,0,0,1,2,12,1,1,5,1,1,1,1,53,0,76,706,2013,0,,12,,,,,,1,1,26,1,7.0,,4,7,20,7,11,0,07/23/2020,23:56,17053033853.0,33853.0,0.0,0.0,2.0,3.0,1,74,,,,96,,,,,,98,,,,,,98021,53,77.0,300.0,6.0,1.0,0.0,1.0,1.0,1.0,,0,,,,,,3,01/15/2018,06/15/2019,20,8,0,0,0.0,9,8,,,0,,,8,8,2.0,695.0,605.0,,1.0,1.0,,2,1,0.0,,,,,,,,,,,,,,,,,,,,,,,,,,,,,,0,0,0,1,0,0,1,1,1,0,0,0,1,0,0,0,0,0,1,0,1,0,1,0,1,0,0,0,1,1,0,0,0,0,1,0.0,0,0,0,0,0,0,1,1,0,1,0,0,0,0,1,0,,,,,,26-30,26-35,City street,U,Thursday,,MC,White,1,0,0,0,City Street,Municipal/City Police,Bothell Police Department,0,0,0,1,0,thc,3.4,carboxy-thc,19.0,,0.0,0.0,0.0,,,,,,,,,,,0.0,0.0,0.0,1.0,,,,,5.0,0.0,,,,,,,nms,1.0,0.0,,,,,,,98021,Bothell,Bothell
2787,2847,2847,2020,348,EA63672,6.0,2020-09-06,19:15,6,9,,47,Okanogan,0,1,,5,1,2,1,0,3,2,,,,12,0,1,171.2,8,0,1,4,1,1,3,0,0,0,0,SR-20,,-120.5659694,48.600188889,0,1,24,51,3,60,80,0,0,1,2,12,4,2,2,1,6,2,1,53,0,76,706,2007,0,,12,,,,,,1,1,35,1,0.0,,3,0,20,7,11,5,,,,,0.0,0.0,0.0,3.0,1,33,,,,96,,,,,,0,,,,,,98118,53,72.0,220.0,6.0,1.0,0.0,1.0,0.0,1.0,,53,,,,,,0,06/15/2016,09/15/2020,20,8,0,0,8.0,9,8,,,0,,,8,8,0.0,0.0,,,0.0,,,0,0,996.0,,,,,,,,,,,,,,,,,,,,,,,,,,,,,,0,0,0,0,0,0,0,0,0,0,0,0,0,1,0,0,0,0,0,0,0,0,0,1,1,0,0,0,1,1,0,0,0,0,0,0.0,0,0,0,0,0,0,0,0,0,0,0,0,0,0,0,0,,,,,,31-35,26-35,State route,R,Sunday,,MC,Not Fatal,0,0,0,0,State Route,State Patrol,Washington State Patrol,0,1,0,0,0,,,,,,0.0,0.0,0.0,,,,,,,,,,,0.0,0.0,0.0,0.0,,,,,5.0,0.0,,,,,,,,1.0,0.0,,,,,,,98862,Seattle,Winthrop
2788,2848,2848,2020,348,EA63672,6.0,2020-09-06,19:15,6,9,,47,Okanogan,0,1,,5,1,2,1,0,3,2,,,,12,0,1,171.2,8,0,1,4,1,1,3,0,0,0,0,SR-20,,-120.5659694,48.600188889,0,2,26,53,3,60,3,0,0,1,2,12,4,2,2,1,11,1,2,6,0,54,38,2002,0,,12,,,,,,1,1,25,1,0.0,,0,0,99,7,11,0,,,,,0.0,0.0,0.0,0.0,1,0,,,,96,,,,,,0,,,,,,83868,16,70.0,165.0,0.0,0.0,0.0,0.0,0.0,0.0,,0,,,,,,0,,,20,0,0,0,8.0,9,8,,,0,,,8,8,0.0,0.0,,,0.0,,,0,0,996.0,,,,,,,,,,,,,,,,,,,,,,,,,,,,,,0,0,0,0,0,0,0,0,0,0,0,0,0,1,0,0,0,0,0,0,0,0,0,1,1,0,0,0,1,1,0,0,0,0,0,,0,0,0,0,0,0,0,0,0,0,0,1,0,0,0,0,,,,,,21-25,16-25,State route,R,Sunday,Unknown,PV,Not Fatal,0,0,0,0,State Route,State Patrol,Washington State Patrol,0,1,0,0,0,,,,,,0.0,0.0,0.0,,,,,,,,,,,98.0,98.0,98.0,0.0,,,,,20.0,7.0,,,,,,,,1.0,0.0,,,,,,,98862,Smelterville,Winthrop
2789,2849,2849,2020,349,EA63709,40.0,2020-09-09,15:26,9,9,,63,Spokane,0,1,,1,1,2,1,0,1,1,15:28,15:36,,42,0,0,13.5,1,0,1,5,1,2,4,0,0,0,0,CR-N ELK CHATTAROY RD,,-117.2737417,47.995911111,0,1,6,12,2,98,34,0,0,1,2,1,2,2,2,1,14,1,1,53,0,20,481,1990,0,,68,64.0,42.0,1.0,,,1,1,56,1,7.0,,4,7,20,7,11,0,09/09/2020,15:26,53041971.0,41971.0,6.0,0.0,3.0,3.0,1,0,,,,96,,,,,,98,,,,,,99009,53,71.0,155.0,6.0,1.0,0.0,2.0,1.0,0.0,,0,,,,,,3,03/15/2016,06/15/2019,20,1,9,0,0.0,9,8,,,0,,,8,8,2.0,1.0,,,1.0,,,2,1,0.114,,,,,,,,,,,,,,,,,,,,,,,,,,,,,,0,0,1,0,1,1,0,1,0,0,0,0,1,0,0,0,0,0,0,1,0,0,0,0,0,0,0,0,0,1,0,0,0,1,0,,1,0,0,0,0,1,0,1,0,1,0,0,0,1,0,1,,,,,,56-60,56-65,County road,R,Wednesday,Not Used,PV,White,0,1,0,0,County Road,County Sheriff,Spokane County Sheriff's Office,1,0,1,0,0,,,,,,0.0,0.0,0.0,,,,,,,,,,,0.0,0.0,0.0,1.0,,,,,20.0,7.0,,,,,,,,1.0,0.0,,,ELK-CHATTAROY RD,13.47,,,99009,Elk,Elk
2790,2850,2850,2020,350,EA63827,3.0,2020-08-19,15:16,19,8,,53,Pierce,0,10,,1,1,2,1,0,6,4,15:14,15:24,16:02,12,0,2,47.0,1,0,1,3,2,1,3,0,0,0,0,SR-7,,-122.4300917,47.079972222,0,1,51,62,4,40,15,0,0,1,2,12,1,1,5,5,1,3,1,53,0,20,421,2005,0,,12,68.0,12.0,,,,1,1,59,2,0.0,,1,0,3,0,11,5,,,,,0.0,0.0,0.0,3.0,1,0,,,,96,,,,,,0,,,,,,98408,53,69.0,158.0,6.0,1.0,0.0,0.0,2.0,0.0,,0,,,,,,0,08/15/2016,06/15/2018,8,0,0,0,8.0,9,8,,,0,,,8,8,0.0,0.0,,,0.0,,,0,0,996.0,,,,,,,,,,,,,,,,,,,,,,,,,,,,,,0,0,0,0,1,0,1,1,1,0,0,0,0,1,0,0,0,0,0,0,0,0,0,0,0,1,1,1,0,1,0,0,0,0,0,,0,0,0,0,0,0,0,0,0,0,0,0,0,0,0,0,,,,,,56-60,56-65,State route,U,Wednesday,Belt Used,PV,Not Fatal,0,1,1,0,State Route,State Patrol,Washington State Patrol,0,1,0,0,0,,,,,,0.0,0.0,0.0,,,,,,,,,,,98.0,98.0,98.0,0.0,,,,,20.0,7.0,,,,,,,,1.0,0.0,,,,,,,98387,Tacoma,Spanaway
2791,2851,2851,2020,350,EA63827,3.0,2020-08-19,15:16,19,8,,53,Pierce,0,10,,1,1,2,1,0,6,4,15:14,15:24,16:02,12,0,2,47.0,1,0,1,3,2,1,3,0,0,0,0,SR-7,,-122.4300917,47.079972222,0,2,98,98,7,40,14,0,0,1,2,12,1,1,5,5,1,1,1,53,0,2,403,2014,0,,12,,,,,,1,1,48,1,0.0,,0,0,3,0,11,0,,,,,0.0,0.0,0.0,3.0,1,0,,,,96,,,,,,98,,,,,,98498,53,69.0,250.0,6.0,1.0,0.0,0.0,1.0,0.0,,0,,,,,,0,06/15/2017,06/15/2017,8,0,0,0,8.0,9,8,,,0,,,8,8,8.0,95.0,,,96.0,,,8,95,995.0,,,,,,,,,,,,,,,,,,,,,,,,,,,,,,0,0,0,0,1,0,1,1,1,0,0,0,0,1,0,0,0,0,0,0,0,0,0,0,0,1,1,1,0,1,0,0,0,0,0,,0,0,0,0,0,0,0,0,0,0,0,0,0,0,0,0,,,,,,46-50,46-55,State route,U,Wednesday,Belt Used,PV,Not Fatal,0,1,1,0,State Route,State Patrol,Washington State Patrol,0,1,0,0,0,,,,,,0.0,0.0,0.0,,,,,,,,,,,98.0,98.0,98.0,0.0,,,,,20.0,7.0,,,,,,,,1.0,0.0,,,,,,,98387,Lakewood,Spanaway
2792,2852,2852,2020,350,EA63827,3.0,2020-08-19,15:16,19,8,,53,Pierce,0,10,,1,1,2,1,0,6,4,15:14,15:24,16:02,12,0,2,47.0,1,0,1,3,2,1,3,0,0,0,0,SR-7,,-122.4300917,47.079972222,0,3,98,98,7,40,4,0,0,1,2,12,1,1,5,5,1,1,1,53,0,48,34,1993,0,,12,,,,,,1,1,76,2,0.0,,0,0,3,0,11,0,,,,,0.0,0.0,3.0,3.0,1,0,,,,96,,,,,,98,,,,,,98387,53,60.0,145.0,6.0,1.0,0.0,0.0,0.0,0.0,,0,,,,,,0,,,20,0,0,0,8.0,9,8,,,0,,,8,8,8.0,95.0,,,96.0,,,8,95,995.0,,,,,,,,,,,,,,,,,,,,,,,,,,,,,,0,0,0,0,1,0,1,1,1,0,0,0,0,1,0,0,0,0,0,0,0,0,0,0,0,1,1,1,0,1,0,0,0,0,0,,0,0,0,0,0,0,0,0,0,0,0,0,0,0,0,0,,,,,,76-80,76+,State route,U,Wednesday,Belt Used,PV,Not Fatal,0,1,1,0,State Route,State Patrol,Washington State Patrol,0,1,0,0,0,,,,,,0.0,0.0,0.0,,,,,,,,,,,0.0,0.0,0.0,0.0,,,,,20.0,7.0,,,,,,,,1.0,0.0,,,,,,,98387,Spanaway,Spanaway
2793,2853,2853,2020,350,EA63827,3.0,2020-08-19,15:16,19,8,,53,Pierce,0,10,,1,1,2,1,0,6,4,15:14,15:24,16:02,12,0,2,47.0,1,0,1,3,2,1,3,0,0,0,0,SR-7,,-122.4300917,47.079972222,0,4,50,10,2,40,2,0,0,1,2,12,1,1,5,5,1,1,2,53,0,20,22,2008,0,,68,12.0,68.0,12.0,,,1,1,71,1,7.0,,4,7,3,0,11,0,08/19/2020,,53040044.0,40044.0,0.0,0.0,0.0,2.0,1,28,,,,96,,,,,,9,,,,,,98444,53,76.0,231.0,1.0,1.0,0.0,1.0,1.0,1.0,,0,,,,,,0,07/15/2017,06/15/2020,20,0,0,0,0.0,9,1,,,0,,,1,1,2.0,996.0,695.0,605.0,1.0,1.0,1.0,2,1,0.0,,,,,,,,,,,,,,,,,,,,,,,,,,,,,,0,0,0,0,1,0,1,1,1,0,0,0,0,1,0,0,0,0,0,0,0,0,0,0,0,1,1,1,0,1,0,0,0,0,0,,1,0,0,0,0,0,1,1,0,0,0,1,0,0,1,1,,,,,,71-75,66-75,State route,U,Wednesday,Belt Used,PV,White,0,1,1,0,State Route,State Patrol,Washington State Patrol,0,1,0,0,0,thc,6.2,carboxy-thc,9.7,,0.0,0.0,2.0,,,,,,,,,,,98.0,98.0,98.0,1.0,,,,,20.0,7.0,,,,,,,nms,1.0,0.0,,,,,,,98387,Tacoma,Spanaway
2794,2854,2854,2020,351,EA63845,303.0,2020-09-08,17:15,8,9,,53,Pierce,2337,1,,1,1,2,1,0,1,1,,,,33,0,0,0.0,1,0,1,4,2,4,6,0,0,0,0,64TH ST W/CHAMBERS CREEK RD W,,-122.5674667,47.198938889,0,1,1,13,2,30,80,0,0,1,5,1,3,1,2,1,14,1,2,53,0,53,706,2018,0,,63,33.0,1.0,,,,1,1,33,1,7.0,,4,7,20,7,11,0,09/08/2020,17:15,233753042784.0,42784.0,0.0,0.0,3.0,2.0,1,0,,,,96,,,,,,98,,,,,,98466,53,65.0,150.0,1.0,1.0,2.0,2.0,1.0,2.0,,0,,,,,,3,12/15/2015,12/15/2016,20,8,0,0,0.0,1,8,,,0,,,1,1,2.0,695.0,605.0,996.0,1.0,1.0,1.0,2,1,0.163,,,,,,,,,,,,,,,,,,,,,,,,,,,,,,0,0,1,0,1,1,1,1,1,0,0,0,1,1,1,0,0,0,0,0,0,0,0,0,0,0,0,0,1,0,0,0,0,0,1,0.0,0,0,0,0,0,1,1,1,0,1,0,1,0,0,0,1,,,,,,31-35,26-35,City street,U,Tuesday,,MC,White,0,0,0,0,City Street,Municipal/City Police,University Place Police Department,0,0,0,1,0,thc,17.0,carboxy-thc,160.0,,0.0,1.0,3.0,,,,,,,,,,,0.0,0.0,0.0,1.0,,,,,19.0,0.0,,,,,,,nms,1.0,0.0,,,,,,,98467,Tacoma,University Place
2795,2855,2855,2020,352,EA63250,31.0,2020-08-22,16:20,22,8,,45,Mason,0,1,,1,1,2,1,0,2,2,,,,12,0,6,1.8,2,0,2,5,1,2,4,0,0,20,3,CR-NE BELFAIR TAHUYA RD,ELFENDAHL PASS RD,-122.9142722,47.439880556,0,1,89,17,2,45,90,0,0,1,2,12,1,4,2,1,4,1,2,53,0,37,733,2005,0,,12,,,,,,1,1,22,1,7.0,,4,7,20,7,11,0,08/22/2020,16:20,53039499.0,39499.0,0.0,0.0,0.0,3.0,1,38,,,,92,,,,,,98,,,,,,89104,32,74.0,170.0,6.0,1.0,0.0,0.0,0.0,0.0,,0,,,,,,0,,,20,0,0,0,0.0,9,8,,,0,,,8,8,2.0,1.0,,,1.0,,,2,1,0.0,,,,,,,,,,,,,,,,,,,,,,,,,,,,,,0,0,0,1,0,0,0,0,0,0,0,0,0,0,0,0,1,0,1,0,0,0,0,1,1,0,0,0,0,0,1,0,0,0,0,,0,0,0,0,0,0,0,0,1,0,1,0,0,0,0,0,,,,,,21-25,16-25,County road,R,Saturday,,OTHVT,Black,1,0,0,0,County Road,County Sheriff,Mason County Sheriff's Office,0,0,1,0,0,,,,,,0.0,0.0,0.0,,,,,,,,,,,0.0,0.0,0.0,2.0,,,,,5.0,0.0,,,,,,,,1.0,0.0,,,BELFAIR TAHUYA RD,1.791,ELFENDAHL PASS RD,1.848,98528,Las Vegas,Belfair
2796,2856,2856,2020,352,EA63250,31.0,2020-08-22,16:20,22,8,,45,Mason,0,1,,1,1,2,1,0,2,2,,,,12,0,6,1.8,2,0,2,5,1,2,4,0,0,0,0,CR-NE BELFAIR TAHUYA RD,ELFENDAHL PASS RD,-122.9142722,47.439880556,0,2,88,66,4,50,61,0,0,1,2,12,1,4,2,1,1,1,3,53,0,20,881,2019,0,,12,,,,,,1,1,24,1,0.0,,0,0,3,0,11,0,,,,,0.0,0.0,0.0,3.0,1,0,,,,96,,,,,,0,,,,,,98588,53,74.0,170.0,6.0,1.0,0.0,0.0,0.0,1.0,,0,,,,,,0,12/15/2015,12/15/2015,99,0,0,0,8.0,9,8,,,0,,,8,8,0.0,0.0,,,0.0,,,0,0,996.0,,,,,,,,,,,,,,,,,,,,,,,,,,,,,,0,0,0,1,0,0,0,0,0,0,0,0,0,0,0,0,1,0,1,0,0,0,0,1,1,0,0,0,0,0,1,0,0,0,0,,0,0,0,0,0,0,0,0,0,0,0,0,0,0,0,0,,,,,,21-25,16-25,County road,R,Saturday,,MHTRUCK,Not Fatal,1,0,0,0,County Road,County Sheriff,Mason County Sheriff's Office,0,0,1,0,0,,,,,,0.0,0.0,0.0,,,,,,,,,,,98.0,98.0,98.0,0.0,,,,,20.0,7.0,,,,,,,,1.0,0.0,,,BELFAIR TAHUYA RD,1.791,ELFENDAHL PASS RD,1.848,98528,Tahuya,Belfair
2797,2857,2857,2020,353,EA63308,6.0,2020-09-09,18:59,9,9,,25,Grant,0,5,,1,1,2,1,0,2,2,18:42,18:53,19:25,12,0,6,40.3,2,0,2,4,1,1,3,0,0,20,3,SR-28,K RD NW,-119.7250972,47.248933333,0,1,87,17,2,50,4,0,0,1,2,12,1,1,2,1,4,1,1,53,0,35,39,2002,0,,12,,,,,,1,1,59,1,1.0,,4,0,3,0,11,5,09/09/2020,19:48,53042821.0,42821.0,0.0,0.0,0.0,3.0,1,38,,,,96,,,,,,0,,,,,,99344,53,65.0,209.0,6.0,1.0,0.0,0.0,0.0,0.0,,46,,,,,,0,,,8,0,0,0,0.0,1,8,,,0,,,8,0,8.0,95.0,,,96.0,,,2,98,0.0,,,,,,,,,,,,,,,,,,,,,,,,,,,,,,0,0,0,1,0,0,0,0,0,0,0,0,0,0,0,0,0,0,1,0,0,0,0,0,0,0,0,0,0,1,0,0,0,0,0,,1,0,0,0,0,0,0,0,0,0,1,0,0,0,0,0,,,,,,56-60,56-65,State route,R,Wednesday,Belt Used,PV,Hispanic,1,0,0,0,State Route,State Patrol,Washington State Patrol,0,1,0,0,0,,,,,,0.0,0.0,0.0,,,,,,,,,,,98.0,98.0,98.0,98.0,,,,,20.0,7.0,,,,,,,,1.0,0.0,,,,,,,98848,Othello,Quincy
2798,2858,2858,2020,353,EA63308,6.0,2020-09-09,18:59,9,9,,25,Grant,0,5,,1,1,2,1,0,2,2,18:42,18:53,19:25,12,0,6,40.3,2,0,2,4,1,1,3,0,0,0,0,SR-28,K RD NW,-119.7250972,47.248933333,0,2,86,66,4,60,34,0,0,1,2,12,2,1,2,1,14,1,1,53,0,12,481,1998,0,,12,,,,,,1,1,45,1,0.0,,0,0,20,7,11,0,,,,,0.0,0.0,0.0,3.0,1,0,,,,96,,,,,,98,,,,,,98823,53,71.0,275.0,6.0,1.0,0.0,1.0,2.0,0.0,,0,,,,,,0,08/15/2016,07/15/2019,1,0,0,0,8.0,9,8,,,0,,,8,8,8.0,95.0,,,96.0,,,8,95,995.0,,,,,,,,,,,,,,,,,,,,,,,,,,,,,,0,0,0,1,0,0,0,0,0,0,0,0,0,0,0,0,0,0,1,0,0,0,0,0,0,0,0,0,0,1,0,0,0,0,0,,0,0,0,0,0,0,0,0,0,0,0,0,0,0,0,0,,,,,,41-45,36-45,State route,R,Wednesday,Not Used,PV,Not Fatal,1,0,0,0,State Route,State Patrol,Washington State Patrol,0,1,0,0,0,,,,,,0.0,0.0,0.0,,,,,,,,,,,0.0,0.0,0.0,0.0,,,,,20.0,7.0,,,,,,,,1.0,0.0,,,,,,,98848,Ephrata,Quincy
2799,2859,2859,2020,354,EA63484,40.0,2020-09-12,19:03,12,9,,63,Spokane,2110,5,,1,1,2,1,0,1,2,19:05,19:11,,33,0,0,9999.8,3,0,3,4,1,4,6,0,0,0,0,CR-S GOVERNMENT WAY,W Greenwood Rd,-117.4644056,47.656502778,0,1,2,6,1,30,80,0,0,1,2,33,2,2,2,1,14,1,1,53,0,98,705,2007,0,,63,33.0,31.0,69.0,71.0,14.0,1,1,43,1,7.0,,4,7,20,7,11,0,09/12/2020,19:03,211053043148.0,43148.0,0.0,0.0,0.0,3.0,1,0,,,,96,,,,,,98,,,,,,99205,53,62.0,177.0,6.0,1.0,0.0,0.0,0.0,0.0,,0,,,,,,4,,,20,8,0,0,0.0,9,8,,,0,,,8,8,2.0,695.0,605.0,996.0,1.0,1.0,1.0,2,1,0.166,,,,,,,,,,,,,,,,,,,,,,,,,,,,,,0,0,0,1,1,1,1,1,1,0,0,0,1,0,0,0,0,0,0,0,0,0,0,0,0,0,0,0,1,1,0,0,0,0,1,0.0,0,0,0,0,0,1,1,1,0,1,0,0,0,0,0,1,,,,,,41-45,36-45,City street,R,Saturday,,MC,White,1,0,0,0,City Street,County Sheriff,Spokane County Sheriff's Office,0,0,0,1,0,thc,13.0,carboxy-thc,9.7,,0.0,0.0,0.0,1.0,,,,,996.0,,,,,0.0,0.0,0.0,1.0,,,,,5.0,0.0,,,,,,,nms,1.0,0.0,,,,,,,99224,Spokane,Spokane
2800,2860,2860,2020,355,EA64491,163.0,2020-09-01,20:38,1,9,,33,King,1050,1,,1,1,2,1,0,3,3,20:56,20:56,21:08,12,0,1,0.0,3,0,2,3,2,4,6,0,0,3,3,100TH AVE NE,NE 132ND ST,-122.2077306,47.718480556,0,1,20,50,3,35,1,0,0,1,5,12,1,1,4,1,1,1,3,53,0,22,398,1966,0,,12,,,,,,1,1,58,1,7.0,,4,0,99,7,11,5,09/02/2020,8:33,196053041188.0,41188.0,0.0,0.0,3.0,3.0,1,0,,,,96,,,,,,98,,,,,,98034,53,70.0,170.0,6.0,1.0,3.0,3.0,3.0,0.0,,0,,,,,,4,05/15/2016,07/15/2019,20,0,0,0,0.0,9,8,,,0,,,8,8,0.0,0.0,,,0.0,,,0,0,996.0,,,,,,,,,,,,,,,,,,,,,,,,,,,,,,0,0,0,1,0,0,0,0,0,0,0,0,1,0,0,0,0,0,0,0,0,0,0,0,0,1,0,0,0,1,0,0,0,0,0,,1,0,0,0,0,0,0,0,0,1,0,0,0,0,0,0,,,,,,56-60,56-65,City street,U,Tuesday,Unknown,PV,White,1,0,0,0,City Street,Municipal/City Police,Kirkland Police Department,0,0,0,1,0,,,,,,0.0,1.0,2.0,,,,,,,,,,,0.0,0.0,0.0,1.0,,,,,20.0,7.0,,,,,,,,1.0,0.0,,,,,,,98034,Kirkland,Kirkland
2801,2861,2861,2020,355,EA64491,163.0,2020-09-01,20:38,1,9,,33,King,1050,1,,1,1,2,1,0,3,3,20:56,20:56,21:08,12,0,1,0.0,3,0,2,3,2,4,6,0,0,3,3,100TH AVE NE,NE 132ND ST,-122.2077306,47.718480556,0,2,21,53,3,35,6,0,0,1,5,12,1,1,4,1,5,1,1,53,0,12,24,2007,0,,12,12.0,,,,,1,1,29,1,0.0,,2,0,3,0,11,5,,,,,0.0,0.0,3.0,3.0,1,0,,,,96,,,,,,0,,,,,,98034,53,74.0,240.0,6.0,1.0,0.0,1.0,0.0,0.0,,0,,,,,,0,05/15/2016,05/15/2016,1,0,0,0,8.0,9,8,,,0,,,8,8,0.0,0.0,,,0.0,,,0,0,996.0,,,,,,,,,,,,,,,,,,,,,,,,,,,,,,0,0,0,1,0,0,0,0,0,0,0,0,1,0,0,0,0,0,0,0,0,0,0,0,0,1,0,0,0,1,0,0,0,0,0,,0,0,0,0,0,0,0,0,0,0,0,0,0,0,0,0,,,,,,26-30,26-35,City street,U,Tuesday,Belt Used,PV,Not Fatal,1,0,0,0,City Street,Municipal/City Police,Kirkland Police Department,0,0,0,1,0,,,,,,0.0,0.0,0.0,,,,,,,,,,,98.0,98.0,98.0,0.0,,,,,20.0,7.0,,,,,,,,1.0,0.0,,,,,,,98034,Kirkland,Kirkland