,index,Unnamed: 0,year,case,par,repjur,crash_dt,crash_tm,accday,accmon,holiday,county,co_char,city,weather,weather2,lightcond,surfcond,surftype,numfatal,nmforms,pforms,vforms,not_tm,arr_tm,hosp_tm,fhevent,hitrun,manncol,milepnt,reljunc,reljuncinter,intersectiontype,funcsystem,landuse,ownership,route,schlbus,spejur,contdev,devfunc,trafid1,trafid2,lon,lat,wk_zone,vnumber,crashtype,criticalevent,criticaleventcat,spdlim,body,trailer,emerg,hazcargo,leave,mhevent,roadalgn,roadprof,traflane,trafflow,vehmanvr,numoccs,regowner,regstate,spuse,make,model,modelyr,vrf1,vrf2,seqevent1,seqevent2,seqevent3,seqevent4,seqevent5,seqevent6,pnumber,ptype,age,sex,hispanic,race,injury,diedscene,restraint,restraintmisuse,seatpos,takehosp,death_dt,death_tm,cert,cernum_wa,commlic,licendor,licrestrict,liccomp,drivpres,drf1,drf2,drf3,drf4,distract1,distract2,distract3,distract4,distract5,distract6,dricond1,dricond2,dricond3,dricond4,dricond5,dricond6,dzip,licstate,drhgt_in,weight,noncdl,noncdltype,prevdwi,prevoth,prevacc,prevspd,prevsus,driviol1,driviol2,driviol3,driviol4,driviol5,driviol6,spdrel,first_dt,last_dt,airbag,ejection,ejectpath,extricat,injurwrk,methalc,methdrug,nmlocat,strikveh,prf1,prf2,prf3,druginv,alcinvol,drugsts,drugres1,drugres2,drugres3,drugtst1,drugtst2,drugtst3,alcsts,alctst,alcres,nmact1,nmact2,nmact3,nmact4,nmact5,nmact6,nmprior1,nmprior2,nmprior3,nmprior4,nmprior5,nmprior6,nmcond1,nmcond2,nmcond3,nmcond4,nmcond5,nmcond6,nmsafe_helmet,nmsafe_pads,nmsafe_oth,nmprev_ref,nmprev_lgt,nmprev_oth,crashlocation,nmcrashtype,crosswalk,schoolzone,sidewalk,train_inv,wildlife_inv,rotr_fars,intersect_fars,dd_inv,aid_inv,dpd_inv,id_inv,mj_inv,impnm_inv,ainm_inv,dpnm_inv,speed_inv,unlic_inv,unendmc_inv,drowsy_inv,drdist_inv,nmdist_inv,fty_inv,unrestfat_inv,dr1617_inv,dr1820_inv,dr1620_inv,dr2125_inv,dr1625_inv,dr65_inv,dr70_inv,dr75_inv,mc_inv,pv_inv,ht_inv,ped_inv,bike_inv,unrest_fat,mc_fat,unhelmet_mc,pv_fat,ht_fat,ped_fat,bike_fat,dr_alc7,dr_alc8,dr_drug,dr_imp,dr_dist,dr_spd,dr_fty,dr_unlic,dr_alc7only,dr_alc8only,dr_drugonly,dr_drink,nm_imp,nm_alc7,nm_alc8,nm_drug,nm_dist,agegrp1,agegrp2,roadclass,urbrur,dayweek,restuse,vehtype,race_me,intersect,lanedep,oppdir,wrongway,rep_typ,investag,repag_long,rotr,st_rd,cty_rd,city_rd,oth_rd,drug_thc,thc_res,drug_cthc,cthc_res,drug_cann,prevpersemin,prevperse,prevsusoth,drugtst4,drugtst5,drugtst6,drugtst7,drugtst8,drugres4,drugres5,drugres6,drugres7,drugres8,adspresent,adsengaged,adslevel,race1,race2,race3,race4,race5,helmet,helmetmisuse,nmdistract1,nmdistract2,nmdistract3,nmdistract4,nmdistract5,nmdistract6,lab,isedtcase,crf1,crf2,crf3,CoRoadName,CoMP,IntCoRoadName,IntCoMP,crashzip,dcity,crashcity
2802,2862,2862,2020,355,EA64491,163.0,2020-09-01,20:38,1,9,,33,King,1050,1,,1,1,2,1,0,3,3,20:56,20:56,21:08,12,0,1,0.0,3,0,2,3,2,4,6,0,0,3,3,100TH AVE NE,NE 132ND ST,-122.2077306,47.718480556,0,3,98,98,7,35,52,0,0,1,2,12,1,1,5,1,11,1,3,94,3,92,988,2018,0,,12,,,,,,1,1,66,2,0.0,,2,0,3,0,11,0,,,,,6.0,1.0,1.0,3.0,1,0,,,,96,,,,,,0,,,,,,98117,53,68.0,167.0,6.0,1.0,0.0,0.0,0.0,0.0,,0,,,,,,0,,,20,0,0,0,8.0,9,8,,,0,,,8,8,0.0,0.0,,,0.0,,,0,0,996.0,,,,,,,,,,,,,,,,,,,,,,,,,,,,,,0,0,0,1,0,0,0,0,0,0,0,0,1,0,0,0,0,0,0,0,0,0,0,0,0,1,0,0,0,1,0,0,0,0,0,,0,0,0,0,0,0,0,0,0,0,0,0,0,0,0,0,,,,,,66-70,66-75,City street,U,Tuesday,,BUS,Not Fatal,1,0,0,0,City Street,Municipal/City Police,Kirkland Police Department,0,0,0,1,0,,,,,,0.0,0.0,0.0,,,,,,,,,,,98.0,98.0,98.0,0.0,,,,,20.0,7.0,,,,,,,,1.0,0.0,,,,,,,98034,Seattle,Kirkland
2803,2863,2863,2020,356,EA53622,6.0,2020-06-19,11:59,19,6,,25,Grant,0,1,,1,1,2,1,0,3,2,,,,12,0,6,39.6,2,0,2,3,1,1,3,0,0,20,3,SR-17,RD 2 SE,-119.1947083,47.057694444,0,1,86,17,2,55,34,0,0,1,2,12,1,1,2,1,1,2,1,53,0,20,481,2009,0,,12,,,,,,1,1,84,8,7.0,,4,0,3,0,11,4,06/19/2020,13:22,139053028279.0,28279.0,0.0,0.0,3.0,3.0,1,38,,,,96,,,,,,98,,,,,,98837,53,71.0,173.0,6.0,1.0,0.0,0.0,0.0,0.0,,0,,,,,,0,,,8,0,0,0,0.0,9,8,,,0,,,8,8,0.0,0.0,,,0.0,,,0,0,996.0,,,,,,,,,,,,,,,,,,,,,,,,,,,,,,0,0,0,1,0,0,0,0,0,0,0,0,0,0,0,0,0,0,1,0,0,0,0,0,0,1,1,1,0,1,1,0,0,0,0,,1,0,0,0,0,0,0,0,0,0,1,0,0,0,0,0,,,,,,81+,76+,State route,R,Friday,Belt Used,PV,White,1,0,0,0,State Route,State Patrol,Washington State Patrol,0,1,0,0,0,,,,,,0.0,0.0,0.0,,,,,,,,,,,98.0,98.0,98.0,1.0,,,,,20.0,7.0,,,,,,,,1.0,0.0,,,,,,,98837,Moses Lake,Moses Lake
2804,2864,2864,2020,356,EA53622,6.0,2020-06-19,11:59,19,6,,25,Grant,0,1,,1,1,2,1,0,3,2,,,,12,0,6,39.6,2,0,2,3,1,1,3,0,0,0,0,SR-17,RD 2 SE,-119.1947083,47.057694444,0,2,87,66,4,60,63,0,0,1,2,12,1,1,3,1,1,1,3,53,0,87,881,1996,0,,12,,,,,,1,1,27,1,0.0,,0,0,3,0,11,0,,,,,6.0,1.0,0.0,3.0,1,0,,,,96,,,,,,0,,,,,,99130,53,70.0,150.0,6.0,1.0,0.0,0.0,1.0,0.0,,0,,,,,,0,12/15/2015,12/15/2015,20,0,0,0,8.0,9,8,,,0,,,8,8,0.0,0.0,,,0.0,,,0,0,996.0,,,,,,,,,,,,,,,,,,,,,,,,,,,,,,0,0,0,1,0,0,0,0,0,0,0,0,0,0,0,0,0,0,1,0,0,0,0,0,0,1,1,1,0,1,1,0,0,0,0,,0,0,0,0,0,0,0,0,0,0,0,0,0,0,0,0,,,,,,26-30,26-35,State route,R,Friday,,MHTRUCK,Not Fatal,1,0,0,0,State Route,State Patrol,Washington State Patrol,0,1,0,0,0,,,,,,0.0,0.0,0.0,,,,,,,,,,,0.0,0.0,0.0,0.0,,,,,20.0,7.0,,,,,,,,1.0,0.0,,,,,,,98837,Garfield,Moses Lake
2805,2865,2865,2020,357,EA63817,59.0,2020-09-14,7:00,14,9,,33,King,109,5,,1,1,2,1,1,1,1,,,,8,0,0,0.0,3,0,2,4,2,4,6,0,0,3,3,140TH AVE NE,NE 20th St,-122.1537417,47.627927778,0,1,13,16,2,30,34,0,0,1,2,8,1,1,5,1,10,1,2,53,0,49,482,2017,0,,8,,,,,,1,1,55,1,0.0,,0,0,3,0,11,0,,,,,0.0,0.0,0.0,3.0,1,10,38.0,,,0,,,,,,98,,,,,,98004,53,72.0,189.0,6.0,1.0,0.0,1.0,0.0,1.0,,0,,,,,,0,01/15/2019,06/15/2020,20,0,0,0,8.0,9,8,,,0,,,8,8,2.0,1.0,,,1.0,,,2,1,0.0,,,,,,,,,,,,,,,,,,,,,,,,,,,,,,0,0,0,1,0,0,0,0,0,0,0,0,0,0,0,0,0,0,1,0,0,0,0,0,0,0,0,0,0,1,0,1,0,0,0,,0,0,0,0,0,0,0,0,0,0,1,0,0,0,0,0,,,,,,51-55,46-55,City street,U,Monday,Belt Used,PV,Not Fatal,1,0,0,0,City Street,Municipal/City Police,Bellevue Police Department,0,0,0,1,0,,,,,,0.0,0.0,0.0,,,,,,,,,,,98.0,98.0,98.0,0.0,,,,,20.0,7.0,,,,,,,,1.0,0.0,,,,,,,98007,Bellevue,Bellevue
2806,2866,2866,2020,358,EA64517,3.0,2020-09-02,12:12,2,9,,53,Pierce,1124,1,,1,1,2,1,0,7,4,,,,12,0,1,0.3,1,0,1,3,2,1,3,0,0,0,0,SR-512,,-122.4735083,47.161638889,0,1,28,52,3,45,4,0,0,1,2,12,1,1,4,3,1,1,2,53,0,49,40,2003,0,,12,12.0,,,,,1,1,28,1,0.0,,0,0,3,0,11,0,,,,,0.0,0.0,0.0,2.0,1,0,,,,96,,,,,,98,,,,,,98404,53,72.0,180.0,1.0,1.0,0.0,2.0,1.0,2.0,,97,,,,,,4,06/15/2017,09/15/2020,20,0,0,0,8.0,3,8,,,0,,,8,8,8.0,95.0,,,96.0,,,8,95,995.0,,,,,,,,,,,,,,,,,,,,,,,,,,,,,,0,0,0,0,0,0,1,1,0,0,0,0,1,1,0,0,0,0,0,0,0,0,0,1,1,0,0,0,0,1,0,0,0,0,0,,0,0,0,0,0,0,0,0,0,1,0,1,0,0,0,0,,,,,,26-30,26-35,State route,U,Wednesday,Belt Used,PV,Not Fatal,0,0,0,0,State Route,State Patrol,Washington State Patrol,0,1,0,0,0,,,,,,0.0,0.0,3.0,,,,,,,,,,,98.0,98.0,98.0,0.0,,,,,20.0,7.0,,,,,,,,1.0,0.0,,,,,,,98499,Tacoma,Lakewood
2807,2867,2867,2020,358,EA64517,3.0,2020-09-02,12:12,2,9,,53,Pierce,1124,1,,1,1,2,1,0,7,4,,,,12,0,1,0.3,1,0,1,3,2,1,3,0,0,0,0,SR-512,,-122.4735083,47.161638889,0,2,29,53,3,45,4,0,0,1,2,12,1,1,4,3,2,1,1,53,0,48,34,1999,0,,12,,,,,,1,1,23,1,7.0,,4,0,2,0,11,5,09/04/2020,8:55,223053041500.0,41500.0,0.0,0.0,3.0,3.0,1,0,,,,96,,,,,,98,,,,,,98513,53,77.0,155.0,6.0,1.0,0.0,0.0,1.0,0.0,,0,,,,,,0,04/15/2020,04/15/2020,20,0,0,0,0.0,9,8,,,0,,,8,8,2.0,401.0,417.0,,1.0,1.0,,2,1,0.0,,,,,,,,,,,,,,,,,,,,,,,,,,,,,,0,0,0,0,0,0,1,1,0,0,0,0,1,1,0,0,0,0,0,0,0,0,0,1,1,0,0,0,0,1,0,0,0,0,0,,1,0,0,0,0,0,1,1,0,0,0,0,0,0,1,0,,,,,,21-25,16-25,State route,U,Wednesday,Belt Used,PV,White,0,0,0,0,State Route,State Patrol,Washington State Patrol,0,1,0,0,0,,,,,,0.0,0.0,0.0,,,,,,,,,,,0.0,0.0,0.0,1.0,,,,,20.0,7.0,,,,,,,,1.0,0.0,,,,,,,98499,Olympia,Lakewood
2808,2868,2868,2020,358,EA64517,3.0,2020-09-02,12:12,2,9,,53,Pierce,1124,1,,1,1,2,1,0,7,4,,,,12,0,1,0.3,1,0,1,3,2,1,3,0,0,0,0,SR-512,,-122.4735083,47.161638889,0,3,98,98,7,45,4,0,0,1,2,12,1,1,4,3,2,1,2,53,0,37,31,2002,0,,12,12.0,,,,,1,1,47,1,0.0,,1,0,3,0,11,0,,,,,0.0,0.0,0.0,3.0,1,0,,,,96,,,,,,98,,,,,,98327,53,64.0,180.0,6.0,1.0,0.0,0.0,0.0,0.0,,0,,,,,,0,,,20,0,0,0,8.0,9,8,,,0,,,8,8,8.0,95.0,,,96.0,,,8,95,995.0,,,,,,,,,,,,,,,,,,,,,,,,,,,,,,0,0,0,0,0,0,1,1,0,0,0,0,1,1,0,0,0,0,0,0,0,0,0,1,1,0,0,0,0,1,0,0,0,0,0,,0,0,0,0,0,0,0,0,0,0,0,0,0,0,0,0,,,,,,46-50,46-55,State route,U,Wednesday,Belt Used,PV,Not Fatal,0,0,0,0,State Route,State Patrol,Washington State Patrol,0,1,0,0,0,,,,,,0.0,0.0,0.0,,,,,,,,,,,98.0,98.0,98.0,0.0,,,,,20.0,7.0,,,,,,,,1.0,0.0,,,,,,,98499,Dupont,Lakewood
2809,2869,2869,2020,358,EA64517,3.0,2020-09-02,12:12,2,9,,53,Pierce,1124,1,,1,1,2,1,0,7,4,,,,12,0,1,0.3,1,0,1,3,2,1,3,0,0,0,0,SR-512,,-122.4735083,47.161638889,0,4,98,98,7,45,34,0,0,1,2,12,1,1,4,3,1,4,1,53,0,49,472,2017,0,,12,,,,,,1,1,35,1,0.0,,0,0,3,0,11,0,,,,,0.0,0.0,3.0,3.0,1,0,,,,96,,,,,,98,,,,,,98445,53,69.0,185.0,6.0,1.0,0.0,0.0,1.0,0.0,,0,,,,,,0,06/15/2018,06/15/2018,20,0,0,0,8.0,9,8,,,0,,,8,8,8.0,95.0,,,96.0,,,8,95,995.0,,,,,,,,,,,,,,,,,,,,,,,,,,,,,,0,0,0,0,0,0,1,1,0,0,0,0,1,1,0,0,0,0,0,0,0,0,0,1,1,0,0,0,0,1,0,0,0,0,0,,0,0,0,0,0,0,0,0,0,0,0,0,0,0,0,0,,,,,,31-35,26-35,State route,U,Wednesday,Belt Used,PV,Not Fatal,0,0,0,0,State Route,State Patrol,Washington State Patrol,0,1,0,0,0,,,,,,0.0,0.0,0.0,,,,,,,,,,,98.0,98.0,98.0,0.0,,,,,20.0,7.0,,,,,,,,1.0,0.0,,,,,,,98499,Tacoma,Lakewood
2810,2870,2870,2020,359,EA64569,1.0,2020-09-12,20:56,12,9,,77,Yakima,0,5,,2,1,2,1,0,2,2,,,,12,0,2,2.5,1,0,1,5,1,1,3,0,3,0,0,SR-223,,-120.1961056,46.332616667,0,1,50,80,5,55,62,1,0,1,2,12,1,1,2,1,1,1,3,53,0,20,881,1989,0,,68,12.0,,,,,1,1,38,1,0.0,,2,0,3,0,11,0,,,,,0.0,0.0,0.0,3.0,1,28,38.0,,,12,,,,,,98,,,,,,98903,53,70.0,220.0,6.0,1.0,0.0,3.0,2.0,1.0,,0,,,,,,0,04/15/2016,06/15/2020,20,0,0,0,8.0,3,8,,,0,,,8,8,0.0,0.0,,,0.0,,,0,0,996.0,,,,,,,,,,,,,,,,,,,,,,,,,,,,,,0,0,0,0,1,0,0,0,0,0,0,0,0,0,0,0,1,0,1,0,0,0,0,0,0,0,0,0,0,1,1,0,0,0,0,,0,0,0,0,0,0,0,0,1,0,1,0,0,0,0,0,,,,,,36-40,36-45,State route,R,Saturday,,MHTRUCK,Not Fatal,0,1,1,0,State Route,State Patrol,Washington State Patrol,0,1,0,0,0,,,,,,0.0,0.0,5.0,,,,,,,,,,,0.0,0.0,0.0,0.0,,,,,20.0,7.0,,,,,,,,1.0,0.0,,,,,,,98932,Yakima,Granger
2811,2871,2871,2020,359,EA64569,1.0,2020-09-12,20:56,12,9,,77,Yakima,0,5,,2,1,2,1,0,2,2,,,,12,0,2,2.5,1,0,1,5,1,1,3,0,3,0,0,SR-223,,-120.1961056,46.332616667,0,2,51,62,4,55,34,0,0,1,2,12,1,1,2,1,1,1,2,53,0,20,481,2004,0,,12,,,,,,1,1,37,1,1.0,,4,7,3,0,11,0,09/12/2020,20:56,53043626.0,43626.0,0.0,0.0,0.0,3.0,1,0,,,,96,,,,,,98,,,,,,98935,53,68.0,190.0,6.0,1.0,0.0,2.0,0.0,0.0,,0,,,,,,0,07/15/2016,04/15/2019,8,0,0,0,0.0,9,8,,,0,,,8,8,2.0,1.0,,,1.0,,,2,1,0.025,,,,,,,,,,,,,,,,,,,,,,,,,,,,,,0,0,0,0,1,0,0,0,0,0,0,0,0,0,0,0,1,0,1,0,0,0,0,0,0,0,0,0,0,1,1,0,0,0,0,,1,0,0,0,1,0,0,0,0,0,0,0,1,0,0,1,,,,,,36-40,36-45,State route,R,Saturday,Belt Used,PV,Hispanic,0,1,1,0,State Route,State Patrol,Washington State Patrol,0,1,0,0,0,,,,,,0.0,0.0,0.0,,,,,,,,,,,98.0,98.0,98.0,98.0,,,,,20.0,7.0,,,,,,,,1.0,0.0,,,,,,,98932,Mabton,Granger
2812,2872,2872,2020,360,EA64583,290.0,2020-09-18,5:53,18,9,,53,Pierce,2230,10,,3,1,2,1,0,1,1,,,,42,0,0,0.0,3,0,3,4,2,4,6,0,0,0,0,96TH ST S,S HOSMER ST,-122.4637083,47.170166667,0,1,6,8,1,35,4,0,0,1,2,42,1,2,3,5,1,1,2,53,0,39,32,1997,0,,68,64.0,42.0,40.0,,,1,1,32,1,2.0,,4,7,3,0,11,0,09/18/2020,5:53,223053144339.0,144339.0,0.0,0.0,0.0,0.0,1,0,,,,96,,,,,,98,,,,,,98003,53,,999.0,0.0,0.0,0.0,0.0,0.0,0.0,,0,,,,,,3,,,1,0,0,0,0.0,9,8,,,0,,,8,8,2.0,695.0,605.0,,1.0,1.0,,2,1,0.121,,,,,,,,,,,,,,,,,,,,,,,,,,,,,,0,0,1,1,1,1,1,1,1,0,0,0,1,1,0,0,0,0,0,0,0,0,0,0,0,0,0,0,0,1,0,0,0,0,0,,1,0,0,0,0,1,1,1,0,1,0,1,0,0,0,1,,,,,,31-35,26-35,City street,U,Friday,Belt Used,PV,Hispanic,1,0,0,0,City Street,Municipal/City Police,Tacoma Police Department,0,0,0,1,0,thc,12.0,carboxy-thc,20.0,,0.0,0.0,0.0,,,,,,,,,,,0.0,0.0,0.0,98.0,,,,,20.0,7.0,,,,,,,nms,1.0,0.0,,,,,,,98444,Federal Way,Tacoma
2813,2873,2873,2020,362,EA64910,11.0,2020-08-20,5:28,20,8,,5,Benton,0,1,,4,0,0,1,0,2,2,5:20,5:52,6:38,12,0,6,5.5,8,0,1,5,1,2,4,0,0,20,3,CR-S PLYMOUTH RD,,-119.3542306,46.008786111,0,1,82,15,2,0,34,0,0,1,2,12,0,0,0,0,11,1,2,53,0,20,481,2003,0,,12,,,,,,1,1,32,1,1.0,,4,7,20,7,11,0,08/20/2020,5:28,53038477.0,38477.0,0.0,0.0,0.0,0.0,1,38,,,,96,,,,,,98,,,,,,97838,41,71.0,175.0,0.0,0.0,0.0,0.0,0.0,3.0,,0,,,,,,0,07/15/2018,01/15/2020,1,1,9,0,0.0,9,8,,,0,,,8,8,2.0,1.0,,,1.0,,,2,1,0.0,,,,,,,,,,,,,,,,,,,,,,,,,,,,,,0,0,0,0,0,0,0,0,0,0,0,0,0,1,0,0,0,0,1,1,0,0,0,1,1,0,0,0,0,1,1,0,0,1,0,,1,0,0,0,0,0,0,0,0,0,1,1,0,0,0,0,,,,,,31-35,26-35,County road,R,Thursday,Not Used,PV,Hispanic,0,0,0,0,County Road,County Sheriff,Benton County Sheriff's Office,0,0,1,0,0,,,,,,0.0,0.0,3.0,,,,,,,,,,,98.0,98.0,98.0,1.0,,,,,20.0,7.0,,,,,,,,1.0,0.0,,,PLYMOUTH RD,5.52,,,99338,Hermiston,Kennewick
2814,2874,2874,2020,362,EA64910,11.0,2020-08-20,5:28,20,8,,5,Benton,0,1,,4,1,2,1,0,2,2,5:20,5:52,6:38,12,0,6,5.5,8,0,1,5,1,2,4,0,0,0,0,CR-S PLYMOUTH RD,,-119.3542306,46.008786111,0,2,83,67,4,50,66,0,0,1,2,12,1,2,2,1,1,1,3,53,0,84,884,1999,0,,12,,,,,,1,1,21,1,0.0,,2,0,3,0,11,5,,,,,0.0,0.0,0.0,2.0,1,0,,,,96,,,,,,98,,,,,,98930,53,72.0,220.0,6.0,1.0,0.0,2.0,0.0,0.0,,0,,,,,,0,12/15/2019,12/15/2019,20,0,0,0,8.0,9,8,,,0,,,8,8,2.0,1.0,,,1.0,,,2,1,0.0,,,,,,,,,,,,,,,,,,,,,,,,,,,,,,0,0,0,0,0,0,0,0,0,0,0,0,0,1,0,0,0,0,1,1,0,0,0,1,1,0,0,0,0,1,1,0,0,0,0,,0,0,0,0,0,0,0,0,0,0,0,0,0,0,0,0,,,,,,21-25,16-25,County road,R,Thursday,,MHTRUCK,Not Fatal,0,0,0,0,County Road,County Sheriff,Benton County Sheriff's Office,0,0,1,0,0,,,,,,0.0,0.0,0.0,,,,,,,,,,,0.0,0.0,0.0,0.0,,,,,20.0,7.0,,,,,,,,1.0,0.0,,,PLYMOUTH RD,5.52,,,99338,Grandview,Kennewick
2815,2875,2875,2020,363,EA64952,4.0,2020-09-18,21:20,18,9,,63,Spokane,0,5,,2,1,2,1,0,1,1,,,,1,0,0,76.5,1,0,1,5,1,1,3,0,0,0,0,SR-27,,-117.1778167,47.511927778,0,1,1,9,1,55,80,0,0,1,2,1,3,1,2,1,6,1,1,53,0,72,706,2016,0,,63,1.0,,,,,1,1,41,1,7.0,,4,7,20,7,11,0,09/18/2020,21:20,53043489.0,43489.0,0.0,0.0,3.0,3.0,1,8,33.0,,,96,,,,,,9,,,,,,99218,53,72.0,210.0,6.0,1.0,0.0,1.0,1.0,3.0,,0,,,,,,0,07/15/2016,05/15/2019,20,8,0,0,0.0,1,8,,,0,,,9,1,2.0,1.0,,,1.0,,,2,1,0.106,,,,,,,,,,,,,,,,,,,,,,,,,,,,,,0,0,1,0,1,1,0,1,0,0,0,0,0,0,0,0,0,0,0,0,0,0,0,0,0,0,0,0,1,0,0,0,0,0,1,1.0,0,0,0,0,0,1,0,1,0,0,0,0,0,1,0,1,,,,,,41-45,36-45,State route,R,Friday,,MC,White,0,1,0,0,State Route,State Patrol,Washington State Patrol,1,1,0,0,0,,,,,,0.0,0.0,1.0,,,,,,,,,,,0.0,0.0,0.0,1.0,,,,,16.0,0.0,,,,,,,,1.0,0.0,,,,,,,99030,Spokane,Rockford
2816,2876,2876,2020,364,EA63509,184.0,2020-09-05,10:54,5,9,,61,Snohomish,1215,1,,1,1,2,1,0,2,2,,,,12,0,6,41.1,2,0,4,3,2,1,3,0,0,20,3,SR-99,186TH PL W,-122.3072806,47.830180556,0,1,82,15,2,45,15,0,0,1,2,12,1,1,2,1,11,1,1,53,0,12,425,2019,0,,12,,,,,,1,1,73,1,0.0,,1,0,3,0,11,0,,,,,0.0,0.0,3.0,3.0,1,0,,,,96,,,,,,98,,,,,,98026,53,72.0,198.0,6.0,1.0,0.0,0.0,0.0,0.0,,97,,,,,,0,,,8,0,0,0,8.0,9,8,,,0,,,8,8,8.0,95.0,,,96.0,,,8,95,995.0,,,,,,,,,,,,,,,,,,,,,,,,,,,,,,0,0,0,1,0,0,1,1,1,0,0,0,0,0,0,0,0,0,0,0,0,0,0,0,0,1,1,0,1,1,0,0,0,0,0,,0,0,0,0,0,0,0,0,0,0,0,0,0,0,0,0,,,,,,71-75,66-75,State route,U,Saturday,Belt Used,PV,Not Fatal,1,0,0,0,State Route,Municipal/City Police,Lynnwood Police Department,0,1,0,0,0,,,,,,0.0,0.0,0.0,,,,,,,,,,,98.0,98.0,98.0,0.0,,,,,20.0,7.0,,,,,,,,1.0,0.0,,,,,,,98037,Edmonds,Lynnwood
2817,2877,2877,2020,364,EA63509,184.0,2020-09-05,10:54,5,9,,61,Snohomish,1215,1,,1,1,2,1,0,2,2,,,,12,0,6,41.1,2,0,4,3,2,1,3,0,0,0,0,SR-99,186TH PL W,-122.3072806,47.830180556,0,2,83,67,4,45,80,0,0,1,2,12,1,1,7,5,1,1,2,41,0,53,706,2006,0,,12,,,,,,1,1,31,1,7.0,,4,0,20,7,11,5,09/16/2020,3:08,196053043178.0,43178.0,0.0,0.0,3.0,3.0,1,0,,,,96,,,,,,98,,,,,,98013,53,74.0,270.0,6.0,1.0,0.0,0.0,1.0,1.0,,0,,,,,,0,01/15/2016,06/15/2018,20,8,0,0,0.0,9,8,,,0,,,8,8,2.0,348.0,695.0,605.0,1.0,1.0,1.0,2,1,0.0,,,,,,,,,,,,,,,,,,,,,,,,,,,,,,0,0,0,1,0,0,1,1,1,0,0,0,0,0,0,0,0,0,0,0,0,0,0,0,0,1,1,0,1,1,0,0,0,0,1,0.0,0,0,0,0,0,0,1,1,0,0,0,0,0,0,1,0,,,,,,31-35,26-35,State route,U,Saturday,,MC,Black,1,0,0,0,State Route,Municipal/City Police,Lynnwood Police Department,0,1,0,0,0,thc,7.0,carboxy-thc,110.0,,0.0,0.0,1.0,1.0,,,,,151.0,,,,,0.0,0.0,0.0,2.0,,,,,5.0,0.0,,,,,,,nms,1.0,0.0,,,,,,,98037,Burton,Lynnwood
2818,2878,2878,2020,365,EA65166,3.0,2020-09-19,21:36,19,9,,67,Thurston,0,2,,2,2,2,1,0,3,2,21:28,21:39,,12,1,1,16.2,1,0,1,5,1,2,4,0,0,0,0,CR-OLD HIGHWAY 99 SE,,-122.8600806,46.922205556,0,1,24,51,3,50,15,0,0,1,2,12,1,1,2,1,1,1,1,53,0,2,422,2016,0,,12,68.0,64.0,42.0,,,1,1,37,1,0.0,,0,0,3,0,11,0,,,,,0.0,0.0,3.0,3.0,1,91,,,,96,,,,,,98,,,,,,98501,53,68.0,155.0,6.0,1.0,0.0,0.0,0.0,0.0,,1,7.0,,,,,3,,,8,0,0,0,8.0,9,8,,,0,,,8,8,2.0,695.0,605.0,,1.0,1.0,,2,1,0.19,,,,,,,,,,,,,,,,,,,,,,,,,,,,,,0,0,0,0,1,1,1,1,1,0,0,0,1,0,0,0,0,0,0,0,0,0,0,0,0,0,0,0,0,1,0,0,0,0,0,,0,0,0,0,0,1,1,1,0,1,0,0,0,0,0,1,,,,,,36-40,36-45,County road,R,Saturday,Belt Used,PV,Not Fatal,0,0,0,0,County Road,State Patrol,Washington State Patrol,0,0,1,0,0,thc,1.0,carboxy-thc,7.5,,0.0,0.0,0.0,,,,,,,,,,,98.0,98.0,98.0,0.0,,,,,20.0,7.0,,,,,,,,1.0,0.0,,,OLD HWY 99 SW,16.222,,,98501,Olympia,Olympia
2819,2879,2879,2020,365,EA65166,3.0,2020-09-19,21:36,19,9,,67,Thurston,0,2,,2,2,2,1,0,3,2,21:28,21:39,,12,0,1,16.2,1,0,1,5,1,2,4,0,0,0,0,CR-OLD HIGHWAY 99 SE,,-122.8600806,46.922205556,0,2,25,53,3,50,4,0,0,1,2,12,1,1,2,1,1,2,1,53,0,35,47,2007,0,,12,68.0,64.0,42.0,,,1,1,51,1,0.0,,3,0,3,0,11,4,,,,,0.0,0.0,0.0,3.0,1,0,,,,96,,,,,,0,,,,,,98501,53,68.0,150.0,6.0,1.0,0.0,0.0,0.0,1.0,,0,,,,,,0,10/15/2016,10/15/2016,8,0,0,0,8.0,3,8,,,0,,,8,8,0.0,0.0,,,0.0,,,0,0,996.0,,,,,,,,,,,,,,,,,,,,,,,,,,,,,,0,0,0,0,1,1,1,1,1,0,0,0,1,0,0,0,0,0,0,0,0,0,0,0,0,0,0,0,0,1,0,0,0,0,0,,0,0,0,0,0,0,0,0,0,0,0,0,0,0,0,0,,,,,,51-55,46-55,County road,R,Saturday,Belt Used,PV,Not Fatal,0,0,0,0,County Road,State Patrol,Washington State Patrol,0,0,1,0,0,,,,,,0.0,0.0,0.0,,,,,,,,,,,98.0,98.0,98.0,0.0,,,,,20.0,7.0,,,,,,,,1.0,0.0,,,OLD HWY 99 SW,16.222,,,98501,Olympia,Olympia