,index,Unnamed: 0,year,case,par,repjur,crash_dt,crash_tm,accday,accmon,holiday,county,co_char,city,weather,weather2,lightcond,surfcond,surftype,numfatal,nmforms,pforms,vforms,not_tm,arr_tm,hosp_tm,fhevent,hitrun,manncol,milepnt,reljunc,reljuncinter,intersectiontype,funcsystem,landuse,ownership,route,schlbus,spejur,contdev,devfunc,trafid1,trafid2,lon,lat,wk_zone,vnumber,crashtype,criticalevent,criticaleventcat,spdlim,body,trailer,emerg,hazcargo,leave,mhevent,roadalgn,roadprof,traflane,trafflow,vehmanvr,numoccs,regowner,regstate,spuse,make,model,modelyr,vrf1,vrf2,seqevent1,seqevent2,seqevent3,seqevent4,seqevent5,seqevent6,pnumber,ptype,age,sex,hispanic,race,injury,diedscene,restraint,restraintmisuse,seatpos,takehosp,death_dt,death_tm,cert,cernum_wa,commlic,licendor,licrestrict,liccomp,drivpres,drf1,drf2,drf3,drf4,distract1,distract2,distract3,distract4,distract5,distract6,dricond1,dricond2,dricond3,dricond4,dricond5,dricond6,dzip,licstate,drhgt_in,weight,noncdl,noncdltype,prevdwi,prevoth,prevacc,prevspd,prevsus,driviol1,driviol2,driviol3,driviol4,driviol5,driviol6,spdrel,first_dt,last_dt,airbag,ejection,ejectpath,extricat,injurwrk,methalc,methdrug,nmlocat,strikveh,prf1,prf2,prf3,druginv,alcinvol,drugsts,drugres1,drugres2,drugres3,drugtst1,drugtst2,drugtst3,alcsts,alctst,alcres,nmact1,nmact2,nmact3,nmact4,nmact5,nmact6,nmprior1,nmprior2,nmprior3,nmprior4,nmprior5,nmprior6,nmcond1,nmcond2,nmcond3,nmcond4,nmcond5,nmcond6,nmsafe_helmet,nmsafe_pads,nmsafe_oth,nmprev_ref,nmprev_lgt,nmprev_oth,crashlocation,nmcrashtype,crosswalk,schoolzone,sidewalk,train_inv,wildlife_inv,rotr_fars,intersect_fars,dd_inv,aid_inv,dpd_inv,id_inv,mj_inv,impnm_inv,ainm_inv,dpnm_inv,speed_inv,unlic_inv,unendmc_inv,drowsy_inv,drdist_inv,nmdist_inv,fty_inv,unrestfat_inv,dr1617_inv,dr1820_inv,dr1620_inv,dr2125_inv,dr1625_inv,dr65_inv,dr70_inv,dr75_inv,mc_inv,pv_inv,ht_inv,ped_inv,bike_inv,unrest_fat,mc_fat,unhelmet_mc,pv_fat,ht_fat,ped_fat,bike_fat,dr_alc7,dr_alc8,dr_drug,dr_imp,dr_dist,dr_spd,dr_fty,dr_unlic,dr_alc7only,dr_alc8only,dr_drugonly,dr_drink,nm_imp,nm_alc7,nm_alc8,nm_drug,nm_dist,agegrp1,agegrp2,roadclass,urbrur,dayweek,restuse,vehtype,race_me,intersect,lanedep,oppdir,wrongway,rep_typ,investag,repag_long,rotr,st_rd,cty_rd,city_rd,oth_rd,drug_thc,thc_res,drug_cthc,cthc_res,drug_cann,prevpersemin,prevperse,prevsusoth,drugtst4,drugtst5,drugtst6,drugtst7,drugtst8,drugres4,drugres5,drugres6,drugres7,drugres8,adspresent,adsengaged,adslevel,race1,race2,race3,race4,race5,helmet,helmetmisuse,nmdistract1,nmdistract2,nmdistract3,nmdistract4,nmdistract5,nmdistract6,lab,isedtcase,crf1,crf2,crf3,CoRoadName,CoMP,IntCoRoadName,IntCoMP,crashzip,dcity,crashcity
2820,2880,2880,2020,366,EA64658,35.0,2020-09-18,21:34,18,9,,53,Pierce,0,2,,3,2,2,1,1,1,1,,,,8,0,0,4.9,1,0,1,5,2,2,4,0,0,0,0,CR-78TH AVE E,,-122.3256472,47.082658333,0,1,13,80,5,35,15,0,0,1,5,8,1,3,2,1,1,1,1,53,0,23,421,2007,0,,8,,,,,,1,1,38,1,0.0,,0,0,3,0,11,0,,,,,0.0,0.0,0.0,2.0,1,0,,,,96,,,,,,98,,,,,,98372,53,66.0,130.0,1.0,1.0,0.0,0.0,0.0,0.0,,0,,,,,,0,,,20,0,0,0,8.0,9,8,,,0,,,8,8,8.0,95.0,,,96.0,,,8,95,995.0,,,,,,,,,,,,,,,,,,,,,,,,,,,,,,0,0,0,0,0,0,0,0,0,0,0,0,0,1,0,0,0,0,0,0,0,0,0,0,0,0,0,0,0,1,0,1,0,0,0,,0,0,0,0,0,0,0,0,0,0,0,1,0,0,0,0,,,,,,36-40,36-45,County road,U,Friday,Belt Used,PV,Not Fatal,0,0,0,0,County Road,County Sheriff,Law Enforcement Support Agency,0,0,1,0,0,,,,,,0.0,0.0,0.0,,,,,,,,,,,98.0,98.0,98.0,0.0,,,,,20.0,7.0,,,,,,,,1.0,0.0,,,078 AVE E,4.85,,,98375,Puyallup,Puyallup
2821,2881,2881,2020,367,EA65523,5.0,2020-09-07,0:01,7,9,,11,Clark,0,1,,2,1,2,1,0,1,1,,,,59,0,0,26.2,1,0,1,4,1,1,3,0,0,0,0,SR-503,,-122.3690194,45.947041667,0,1,1,9,1,50,80,0,0,1,2,59,1,1,2,1,1,1,2,53,0,53,705,2007,0,,63,59.0,,,,,1,1,29,1,7.0,,4,7,20,7,11,0,09/07/2020,0:14,53041773.0,41773.0,6.0,0.0,0.0,2.0,1,0,,,,96,,,,,,98,,,,,,98601,53,70.0,180.0,6.0,1.0,0.0,2.0,3.0,2.0,,0,,,,,,4,12/15/2016,03/15/2018,20,8,0,0,0.0,9,8,,,0,,,8,8,2.0,605.0,,,1.0,,,2,1,0.128,,,,,,,,,,,,,,,,,,,,,,,,,,,,,,0,0,1,0,1,1,1,1,1,0,0,0,1,0,1,0,0,0,0,0,0,0,0,0,0,0,0,0,1,0,0,0,0,0,1,0.0,0,0,0,0,0,1,1,1,0,1,0,0,0,0,0,1,,,,,,26-30,26-35,State route,R,Monday,,MC,White,0,1,0,0,State Route,State Patrol,Washington State Patrol,1,1,0,0,0,thc,3.1,,,,0.0,0.0,0.0,,,,,,,,,,,0.0,0.0,0.0,1.0,,,,,99.0,7.0,,,,,,,nms,1.0,0.0,,,,,,,98601,Amboy,Amboy
2822,2882,2882,2020,368,EA65688,31.0,2020-09-20,13:30,20,9,,45,Mason,0,1,,1,1,7,1,0,2,1,13:34,13:42,14:04,35,0,0,4.3,1,0,1,5,1,2,4,0,0,0,0,CR-E MASON LAKE RD,,-123.0205194,47.295555556,0,1,6,13,2,45,2,0,0,1,2,35,3,1,2,1,14,2,1,53,0,12,3,1997,0,,63,69.0,68.0,64.0,35.0,1.0,1,1,31,1,7.0,,4,7,3,0,11,0,09/20/2020,13:30,53044086.0,44086.0,0.0,0.0,0.0,3.0,1,58,,,,96,,,,,,98,,,,,,98546,53,73.0,175.0,6.0,1.0,1.0,1.0,0.0,0.0,,0,,,,,,3,08/15/2018,08/15/2018,99,0,0,0,0.0,9,8,,,0,,,8,8,2.0,695.0,,,1.0,,,2,1,0.138,,,,,,,,,,,,,,,,,,,,,,,,,,,,,,0,0,1,0,1,1,1,1,1,0,0,0,1,0,0,0,0,0,0,0,0,0,0,0,0,0,0,0,0,1,0,0,0,0,0,,1,0,0,0,0,1,1,1,0,1,0,0,0,0,0,1,,,,,,31-35,26-35,County road,R,Sunday,Belt Used,PV,White,0,1,0,0,County Road,County Sheriff,Mason County Sheriff's Office,1,0,1,0,0,,,carboxy-thc,5.5,,0.0,1.0,1.0,,,,,,,,,,,0.0,0.0,0.0,1.0,,,,,20.0,7.0,,,,,,,nms,1.0,0.0,,,MASON LAKE RD,4.32,,,98584,Grapeview,Shelton
2823,2883,2883,2020,369,EA65735,2.0,2020-08-15,15:43,15,8,,61,Snohomish,0,1,,1,1,2,1,0,3,2,15:52,16:10,16:29,12,0,2,20.2,1,0,1,3,2,1,3,0,0,0,0,SR-522,,-122.0550333,47.830516667,0,1,50,10,2,55,14,0,0,1,2,12,2,2,1,2,14,1,1,53,0,63,402,2019,0,,68,12.0,1.0,2.0,,,1,1,54,2,0.0,,3,0,3,0,11,5,,,,,0.0,0.0,3.0,3.0,1,58,91.0,,,92,,,,,,9,,,,,,98155,53,68.0,145.0,6.0,1.0,0.0,0.0,1.0,0.0,,1,,,,,,0,04/15/2019,04/15/2019,8,0,0,0,8.0,3,8,,,0,,,8,1,2.0,1.0,,,1.0,,,2,1,0.0,,,,,,,,,,,,,,,,,,,,,,,,,,,,,,0,0,0,0,1,0,0,0,0,0,0,0,0,0,0,0,1,0,0,0,0,0,0,0,0,0,0,0,0,1,0,0,0,0,0,,0,0,0,0,0,0,0,0,1,0,0,0,0,0,0,1,,,,,,51-55,46-55,State route,U,Saturday,Belt Used,PV,Not Fatal,0,1,1,0,State Route,State Patrol,Washington State Patrol,0,1,0,0,0,,,,,,0.0,0.0,0.0,,,,,,,,,,,98.0,98.0,98.0,0.0,,,,,20.0,7.0,,,,,,,,1.0,0.0,,,,,,,98296,Seattle,Snohomish
2824,2884,2884,2020,369,EA65735,2.0,2020-08-15,15:43,15,8,,61,Snohomish,0,1,,1,1,2,1,0,3,2,15:52,16:10,16:29,12,0,2,20.2,1,0,1,3,2,1,3,0,0,0,0,SR-522,,-122.0550333,47.830516667,0,2,51,62,4,55,4,0,0,1,2,12,3,2,1,2,14,2,1,53,0,32,59,2017,0,,12,1.0,,,,,1,1,27,1,0.0,,3,0,3,0,11,5,,,,,0.0,0.0,0.0,3.0,1,0,,,,96,,,,,,0,,,,,,98296,53,72.0,165.0,6.0,1.0,0.0,0.0,2.0,2.0,,0,,,,,,0,12/15/2015,12/15/2018,8,0,0,0,8.0,9,8,,,0,,,8,8,8.0,95.0,,,96.0,,,8,95,995.0,,,,,,,,,,,,,,,,,,,,,,,,,,,,,,0,0,0,0,1,0,0,0,0,0,0,0,0,0,0,0,1,0,0,0,0,0,0,0,0,0,0,0,0,1,0,0,0,0,0,,0,0,0,0,0,0,0,0,0,0,0,0,0,0,0,0,,,,,,26-30,26-35,State route,U,Saturday,Belt Used,PV,Not Fatal,0,1,1,0,State Route,State Patrol,Washington State Patrol,0,1,0,0,0,,,,,,0.0,0.0,0.0,,,,,,,,,,,98.0,98.0,98.0,0.0,,,,,20.0,7.0,,,,,,,,1.0,0.0,,,,,,,98296,Snohomish,Snohomish
2825,2885,2885,2020,370,EA65822,1.0,2020-09-22,3:20,22,9,,77,Yakima,2590,1,,2,1,2,2,0,4,3,3:27,3:31,4:08,12,0,2,33.7,1,0,1,1,2,1,1,0,0,0,0,I-82,,-120.4803056,46.598627778,0,1,52,54,3,60,14,0,0,1,2,12,1,1,2,3,1,2,2,53,0,20,401,1995,0,,12,,,,,,1,1,35,1,7.0,,4,7,3,0,11,0,09/22/2020,3:20,259053044417.0,44417.0,0.0,0.0,0.0,3.0,1,50,,,,96,,,,,,98,,,,,,98948,53,75.0,299.0,6.0,1.0,0.0,0.0,0.0,0.0,,0,,,,,,0,,,1,0,0,0,0.0,9,8,,,0,,,8,8,2.0,401.0,417.0,151.0,1.0,1.0,1.0,2,1,0.0,,,,,,,,,,,,,,,,,,,,,,,,,,,,,,0,0,0,0,0,0,1,1,0,0,0,0,0,0,0,0,0,0,0,0,0,0,0,0,0,0,0,0,0,1,0,0,0,0,0,,1,0,0,0,0,0,1,1,0,0,0,0,0,0,1,0,,,,,,31-35,26-35,Interstate,U,Tuesday,Belt Used,PV,AIAN,0,0,0,1,State Route,State Patrol,Washington State Patrol,0,1,0,0,0,,,,,,0.0,0.0,0.0,1.0,,,,,996.0,,,,,0.0,0.0,0.0,3.0,,,,,20.0,7.0,,,,,,,,1.0,0.0,,,,,,,98901,Toppenish,Yakima
2826,2886,2886,2020,370,EA65822,1.0,2020-09-22,3:20,22,9,,77,Yakima,2590,1,,2,1,2,2,0,4,3,3:27,3:31,4:08,12,0,2,33.7,1,0,1,1,2,1,1,0,0,0,0,I-82,,-120.4803056,46.598627778,0,2,52,54,3,60,34,0,0,1,2,12,1,1,2,3,1,1,1,53,0,7,482,2017,0,,12,12.0,,,,,1,1,60,1,0.0,,3,0,3,0,11,5,,,,,6.0,0.0,3.0,3.0,1,0,,,,96,,,,,,0,,,,,,98936,53,69.0,206.0,6.0,1.0,1.0,1.0,0.0,2.0,,0,,,,,,0,08/15/2016,11/15/2017,1,0,0,0,8.0,9,8,,,0,,,8,8,0.0,0.0,,,0.0,,,0,0,996.0,,,,,,,,,,,,,,,,,,,,,,,,,,,,,,0,0,0,0,0,0,1,1,0,0,0,0,0,0,0,0,0,0,0,0,0,0,0,0,0,0,0,0,0,1,0,0,0,0,0,,0,0,0,0,0,0,0,0,0,0,0,0,0,0,0,0,,,,,,56-60,56-65,Interstate,U,Tuesday,Belt Used,PV,Not Fatal,0,0,0,1,State Route,State Patrol,Washington State Patrol,0,1,0,0,0,,,,,,0.0,1.0,0.0,,,,,,,,,,,98.0,98.0,98.0,0.0,,,,,20.0,7.0,,,,,,,,1.0,0.0,,,,,,,98901,Moxee,Yakima
2827,2887,2887,2020,370,EA65822,1.0,2020-09-22,3:20,22,9,,77,Yakima,2590,1,,2,1,2,2,0,4,3,3:27,3:31,4:08,12,0,2,33.7,1,0,1,1,2,1,1,0,0,0,0,I-82,,-120.4803056,46.598627778,0,3,98,60,4,60,34,0,0,1,2,12,1,1,2,3,1,1,1,53,0,49,472,2009,0,,12,,,,,,1,1,62,1,0.0,,0,0,3,0,11,0,,,,,6.0,0.0,0.0,3.0,1,0,,,,96,,,,,,0,,,,,,98903,53,71.0,180.0,6.0,1.0,0.0,0.0,0.0,0.0,,0,,,,,,0,,,1,0,0,0,8.0,9,8,,,0,,,8,8,0.0,0.0,,,0.0,,,0,0,996.0,,,,,,,,,,,,,,,,,,,,,,,,,,,,,,0,0,0,0,0,0,1,1,0,0,0,0,0,0,0,0,0,0,0,0,0,0,0,0,0,0,0,0,0,1,0,0,0,0,0,,0,0,0,0,0,0,0,0,0,0,0,0,0,0,0,0,,,,,,61-65,56-65,Interstate,U,Tuesday,Belt Used,PV,Not Fatal,0,0,0,1,State Route,State Patrol,Washington State Patrol,0,1,0,0,0,,,,,,0.0,0.0,0.0,,,,,,,,,,,98.0,98.0,98.0,0.0,,,,,20.0,7.0,,,,,,,,1.0,0.0,,,,,,,98901,Yakima,Yakima
2828,2888,2888,2020,371,EA67030,122.0,2020-09-26,20:54,26,9,,61,Snohomish,690,10,,3,2,2,1,0,2,2,20:57,21:04,21:11,12,0,6,0.2,2,0,2,3,2,1,3,0,0,3,3,SR-529,HEWITT AVE,-122.1909944,47.979105556,0,1,86,17,2,35,80,0,0,1,5,12,1,1,5,1,1,1,2,53,0,72,706,2005,0,,12,,,,,,1,1,39,1,7.0,,4,0,20,7,11,5,09/26/2020,22:39,69053045218.0,45218.0,0.0,0.0,0.0,2.0,1,39,,,,96,,,,,,9,,,,,,98201,53,71.0,180.0,6.0,1.0,0.0,1.0,0.0,0.0,,0,,,,,,0,06/15/2016,06/15/2016,20,8,0,0,0.0,9,8,,,0,,,8,1,2.0,695.0,605.0,,1.0,1.0,,2,1,0.181,,,,,,,,,,,,,,,,,,,,,,,,,,,,,,0,0,0,1,1,1,1,1,1,0,0,0,0,0,1,0,0,0,0,0,0,0,0,0,0,0,0,0,1,1,0,0,0,0,1,0.0,0,0,0,0,0,1,1,1,0,0,0,0,0,0,0,1,,,,,,36-40,36-45,State route,U,Saturday,,MC,White,1,0,0,0,State Route,Municipal/City Police,Everett Police Department,0,1,0,0,0,thc,11.0,carboxy-thc,33.0,,0.0,0.0,0.0,,,,,,,,,,,0.0,0.0,0.0,1.0,,,,,19.0,0.0,,,,,,,nms,1.0,0.0,,,,,,,98201,Everett,Everett
2829,2889,2889,2020,371,EA67030,122.0,2020-09-26,20:54,26,9,,61,Snohomish,690,10,,3,2,2,1,0,2,2,20:57,21:04,21:11,12,0,6,0.2,2,0,2,3,2,1,3,0,0,3,3,SR-529,HEWITT AVE,-122.1909944,47.979105556,0,2,87,66,4,35,15,0,0,1,5,12,1,1,5,1,1,1,1,53,0,20,421,2005,0,,12,,,,,,1,1,41,2,0.0,,0,0,3,0,11,0,,,,,0.0,0.0,0.0,3.0,1,0,,,,96,,,,,,0,,,,,,98208,53,67.0,173.0,6.0,1.0,0.0,0.0,0.0,0.0,,0,,,,,,0,,,20,0,0,0,8.0,9,8,,,0,,,8,8,0.0,0.0,,,0.0,,,0,0,996.0,,,,,,,,,,,,,,,,,,,,,,,,,,,,,,0,0,0,1,1,1,1,1,1,0,0,0,0,0,1,0,0,0,0,0,0,0,0,0,0,0,0,0,1,1,0,0,0,0,0,,0,0,0,0,0,0,0,0,0,0,0,0,0,0,0,0,,,,,,41-45,36-45,State route,U,Saturday,Belt Used,PV,Not Fatal,1,0,0,0,State Route,Municipal/City Police,Everett Police Department,0,1,0,0,0,,,,,,0.0,0.0,0.0,,,,,,,,,,,98.0,98.0,98.0,0.0,,,,,20.0,7.0,,,,,,,,1.0,0.0,,,,,,,98201,Everett,Everett
2830,2891,2891,2020,373,3876377,263.0,2020-09-11,2:56,11,9,,33,King,1960,1,,3,1,2,2,0,4,2,2:58,3:17,3:26,12,0,6,0.0,2,0,2,3,2,4,6,0,0,3,3,MARTIN LUTHER KING JR WAY S,S HOLLY ST,-122.2839556,47.542477778,0,1,69,17,2,35,14,0,0,1,2,12,1,1,3,3,1,2,5,53,0,35,401,1993,0,,12,,,,,,1,1,18,1,0.0,,1,0,99,7,11,5,,,,,0.0,0.0,0.0,0.0,1,8,23.0,39.0,91.0,96,,,,,,9,,,,,,98104,53,,999.0,0.0,0.0,0.0,0.0,0.0,0.0,,1,2.0,,,,,0,,,1,0,0,0,8.0,3,8,,,0,,,1,8,2.0,401.0,417.0,,1.0,1.0,,2,1,0.0,,,,,,,,,,,,,,,,,,,,,,,,,,,,,,0,0,0,1,0,0,1,1,0,0,0,0,0,1,0,0,0,0,0,0,0,1,1,0,1,0,0,0,0,1,0,0,0,0,0,,0,0,0,0,0,0,1,1,0,0,0,1,0,0,1,0,,,,,,18-20,16-25,City street,U,Friday,Unknown,PV,Not Fatal,1,0,0,0,City Street,Municipal/City Police,Seattle Police Department,0,0,0,1,0,,,,,,0.0,0.0,0.0,,,,,,,,,,,0.0,0.0,0.0,0.0,,,,,20.0,7.0,,,,,,,,1.0,0.0,,,,,,,98118,Seattle,Seattle
2831,2892,2892,2020,373,3876377,263.0,2020-09-11,2:56,11,9,,33,King,1960,1,,3,1,2,2,0,4,2,2:58,3:17,3:26,12,0,6,0.0,2,0,2,3,2,4,6,0,0,3,3,MARTIN LUTHER KING JR WAY S,S HOLLY ST,-122.2839556,47.542477778,0,2,68,63,4,35,4,0,0,1,2,12,1,1,3,3,11,2,5,53,0,49,40,1998,0,,12,,,,,,1,1,56,1,7.0,,4,0,99,7,11,5,09/11/2020,4:43,196053042409.0,42409.0,0.0,0.0,0.0,3.0,1,0,,,,96,,,,,,98,,,,,,98118,53,64.0,132.0,6.0,1.0,0.0,0.0,0.0,0.0,,0,,,,,,0,,,1,0,0,0,0.0,9,8,,,0,,,8,8,2.0,1.0,,,1.0,,,2,1,0.0,,,,,,,,,,,,,,,,,,,,,,,,,,,,,,0,0,0,1,0,0,1,1,0,0,0,0,0,1,0,0,0,0,0,0,0,1,1,0,1,0,0,0,0,1,0,0,0,0,0,,1,0,0,0,0,0,0,0,0,0,0,0,0,0,0,0,,,,,,56-60,56-65,City street,U,Friday,Unknown,PV,API,1,0,0,0,City Street,Municipal/City Police,Seattle Police Department,0,0,0,1,0,,,,,,0.0,0.0,0.0,,,,,,,,,,,0.0,0.0,0.0,48.0,,,,,20.0,7.0,,,,,,,,1.0,0.0,,,,,,,98118,Seattle,Seattle
2832,2893,2893,2020,374,EA67404,127.0,2020-09-25,4:34,25,9,,33,King,735,2,,3,2,2,1,1,1,1,4:38,4:43,5:29,8,0,0,0.0,1,0,1,3,2,4,6,0,0,0,0,S 320TH ST,,-122.3020139,47.315113889,0,1,13,80,5,35,1,0,0,1,5,8,8,8,7,5,1,1,1,53,0,58,37,2009,0,,8,,,,,,1,1,33,2,0.0,,0,0,3,0,11,0,,,,,0.0,0.0,3.0,3.0,1,0,,,,96,,,,,,98,,,,,,98422,53,64.0,165.0,6.0,1.0,0.0,0.0,0.0,0.0,,0,,,,,,0,,,20,0,0,0,8.0,9,8,,,0,,,8,8,8.0,95.0,,,96.0,,,8,95,995.0,,,,,,,,,,,,,,,,,,,,,,,,,,,,,,0,0,0,0,0,0,0,0,0,1,1,0,0,0,0,0,0,1,0,0,0,0,0,0,0,0,0,0,0,1,0,1,0,0,0,,0,0,0,0,0,0,0,0,0,0,0,0,0,0,0,0,,,,,,31-35,26-35,City street,U,Friday,Belt Used,PV,Not Fatal,0,0,0,0,City Street,Municipal/City Police,Federal Way Dept of Public Safety,0,0,0,1,0,,,,,,0.0,0.0,0.0,,,,,,,,,,,98.0,98.0,98.0,0.0,,,,,20.0,7.0,,,,,,,,1.0,0.0,,,,,,,98003,Tacoma,Federal Way
2833,2894,2894,2020,375,EA67848,39.0,2020-09-26,0:08,26,9,,61,Snohomish,0,10,,2,2,2,1,1,1,1,,,,8,0,0,0.1,1,0,1,3,1,2,4,0,3,0,0,CR-33RD AVE NE,,-122.1872306,48.053755556,0,1,13,80,5,35,34,0,0,1,2,8,1,1,3,5,1,1,1,53,0,7,472,1993,0,,8,,,,,,1,1,49,2,0.0,,0,0,3,0,11,0,,,,,0.0,0.0,0.0,3.0,1,0,,,,96,,,,,,98,,,,,,98271,53,72.0,175.0,6.0,1.0,0.0,0.0,0.0,1.0,,0,,,,,,0,09/15/2018,09/15/2018,20,0,0,0,8.0,9,8,,,0,,,8,8,2.0,401.0,417.0,,1.0,1.0,,2,1,0.0,,,,,,,,,,,,,,,,,,,,,,,,,,,,,,0,0,0,0,0,0,1,1,0,1,0,1,0,0,0,0,0,0,0,0,0,0,0,0,0,0,0,0,0,1,0,1,0,0,0,,0,0,0,0,0,0,1,1,0,0,0,0,0,0,1,0,,,,,,46-50,46-55,County road,R,Saturday,Belt Used,PV,Not Fatal,0,0,0,0,County Road,County Sheriff,Snohomish County Sheriff's Office,0,0,1,0,0,,,,,,0.0,0.0,0.0,,,,,,,,,,,0.0,0.0,0.0,0.0,,,,,20.0,7.0,,,,,,,,1.0,0.0,,,33RD AVE NE,0.064,,,98271,Marysville,Marysville
2834,2895,2895,2020,376,3834802,263.0,2020-09-13,18:40,13,9,,33,King,1960,5,,5,1,1,1,0,3,3,,,,12,0,2,20.9,2,0,4,3,2,1,3,0,0,3,3,SR-99,SR-509,-122.3337167,47.547330556,0,1,84,17,2,45,2,0,0,1,2,12,1,1,2,2,1,1,2,40,0,37,32,2012,0,,12,,,,,,1,1,33,1,7.0,,4,7,20,7,11,0,09/13/2020,18:40,196053043461.0,43461.0,0.0,0.0,0.0,3.0,1,39,,,,96,,,,,,98,,,,,,73114,40,72.0,190.0,6.0,1.0,0.0,0.0,0.0,1.0,,0,,,,,,3,07/15/2016,07/15/2016,8,0,0,0,0.0,9,8,,,0,,,8,8,2.0,695.0,605.0,,1.0,1.0,,2,1,0.244,,,,,,,,,,,,,,,,,,,,,,,,,,,,,,0,0,0,1,1,1,1,1,1,0,0,0,1,0,0,0,0,0,0,1,0,0,0,0,0,0,0,0,0,1,0,0,0,1,0,,1,0,0,0,0,1,1,1,0,1,0,0,0,0,0,1,,,,,,31-35,26-35,State route,U,Sunday,Not Used,PV,White,1,0,0,0,State Route,Municipal/City Police,Seattle Police Department,0,1,0,0,0,thc,4.2,carboxy-thc,16.0,,0.0,0.0,0.0,,,,,,,,,,,98.0,98.0,98.0,1.0,,,,,20.0,7.0,,,,,,,nms,1.0,0.0,,,,,,,98108,Oklahoma City,Seattle
2835,2896,2896,2020,376,3834802,263.0,2020-09-13,18:40,13,9,,33,King,1960,5,,5,1,1,1,0,3,3,,,,12,0,2,20.9,2,0,4,3,2,1,3,0,0,3,3,SR-99,SR-509,-122.3337167,47.547330556,0,2,84,66,4,45,6,0,0,1,2,12,1,1,3,1,11,1,1,53,0,20,23,2007,0,,12,12.0,,,,,1,1,56,2,0.0,,3,0,3,0,11,5,,,,,0.0,0.0,3.0,3.0,1,0,,,,96,,,,,,98,,,,,,98168,53,67.0,135.0,6.0,1.0,0.0,0.0,0.0,0.0,,0,,,,,,0,,,8,0,0,1,8.0,9,8,,,0,,,8,8,8.0,95.0,,,96.0,,,8,95,995.0,,,,,,,,,,,,,,,,,,,,,,,,,,,,,,0,0,0,1,1,1,1,1,1,0,0,0,1,0,0,0,0,0,0,1,0,0,0,0,0,0,0,0,0,1,0,0,0,0,0,,0,0,0,0,0,0,0,0,0,0,0,0,0,0,0,0,,,,,,56-60,56-65,State route,U,Sunday,Belt Used,PV,Not Fatal,1,0,0,0,State Route,Municipal/City Police,Seattle Police Department,0,1,0,0,0,,,,,,0.0,0.0,0.0,,,,,,,,,,,98.0,98.0,98.0,0.0,,,,,20.0,7.0,,,,,,,,1.0,0.0,,,,,,,98108,Seattle,Seattle
2836,2897,2897,2020,376,3834802,263.0,2020-09-13,18:40,13,9,,33,King,1960,5,,5,1,1,1,0,3,3,,,,12,0,2,20.9,2,0,4,3,2,1,3,0,0,3,3,SR-99,SR-509,-122.3337167,47.547330556,0,3,98,98,7,45,2,0,0,1,5,12,1,1,2,2,5,1,2,53,0,37,32,2006,0,,12,,,,,,1,1,64,1,0.0,,0,0,3,0,11,0,,,,,0.0,0.0,0.0,3.0,1,0,,,,96,,,,,,98,,,,,,98188,53,61.0,145.0,6.0,1.0,0.0,0.0,0.0,0.0,,0,,,,,,0,,,20,0,0,0,8.0,9,8,,,0,,,8,8,8.0,95.0,,,96.0,,,8,95,995.0,,,,,,,,,,,,,,,,,,,,,,,,,,,,,,0,0,0,1,1,1,1,1,1,0,0,0,1,0,0,0,0,0,0,1,0,0,0,0,0,0,0,0,0,1,0,0,0,0,0,,0,0,0,0,0,0,0,0,0,0,0,0,0,0,0,0,,,,,,61-65,56-65,State route,U,Sunday,Belt Used,PV,Not Fatal,1,0,0,0,State Route,Municipal/City Police,Seattle Police Department,0,1,0,0,0,,,,,,0.0,0.0,0.0,,,,,,,,,,,98.0,98.0,98.0,0.0,,,,,20.0,7.0,,,,,,,,1.0,0.0,,,,,,,98108,Seattle,Seattle
2837,2898,2898,2020,377,EA68157,2.0,2020-09-26,8:20,26,9,,57,Skagit,0,2,,1,2,1,1,0,2,2,8:20,8:38,,1,0,0,14.0,1,0,1,5,1,1,3,0,0,0,0,SR-011,,-122.4820278,48.643530556,0,1,6,6,1,40,80,0,0,1,2,12,3,4,2,1,14,1,1,53,0,76,705,2017,0,,68,64.0,1.0,69.0,12.0,,1,1,25,1,7.0,,4,7,20,7,11,0,09/26/2020,9:53,23053045456.0,45456.0,0.0,0.0,0.0,3.0,1,0,,,,96,,,,,,98,,,,,,98225,53,75.0,200.0,6.0,1.0,0.0,1.0,0.0,1.0,,0,,,,,,4,11/15/2018,04/15/2019,20,8,0,0,0.0,9,8,,,0,,,8,8,2.0,1.0,,,1.0,,,2,1,0.0,,,,,,,,,,,,,,,,,,,,,,,,,,,,,,0,0,1,0,0,0,0,0,0,0,0,0,1,0,0,0,0,0,0,0,0,0,0,1,1,0,0,0,1,1,0,0,0,0,1,0.0,0,0,0,0,0,0,0,0,0,1,0,0,0,0,0,0,,,,,,21-25,16-25,State route,R,Saturday,,MC,White,0,1,0,0,State Route,State Patrol,Washington State Patrol,1,1,0,0,0,,,,,,0.0,0.0,0.0,,,,,,,,,,,0.0,0.0,0.0,1.0,,,,,5.0,0.0,,,,,,,,1.0,0.0,,,,,,,98229,Bellingham,Bellingham