,index,Unnamed: 0,year,case,par,repjur,crash_dt,crash_tm,accday,accmon,holiday,county,co_char,city,weather,weather2,lightcond,surfcond,surftype,numfatal,nmforms,pforms,vforms,not_tm,arr_tm,hosp_tm,fhevent,hitrun,manncol,milepnt,reljunc,reljuncinter,intersectiontype,funcsystem,landuse,ownership,route,schlbus,spejur,contdev,devfunc,trafid1,trafid2,lon,lat,wk_zone,vnumber,crashtype,criticalevent,criticaleventcat,spdlim,body,trailer,emerg,hazcargo,leave,mhevent,roadalgn,roadprof,traflane,trafflow,vehmanvr,numoccs,regowner,regstate,spuse,make,model,modelyr,vrf1,vrf2,seqevent1,seqevent2,seqevent3,seqevent4,seqevent5,seqevent6,pnumber,ptype,age,sex,hispanic,race,injury,diedscene,restraint,restraintmisuse,seatpos,takehosp,death_dt,death_tm,cert,cernum_wa,commlic,licendor,licrestrict,liccomp,drivpres,drf1,drf2,drf3,drf4,distract1,distract2,distract3,distract4,distract5,distract6,dricond1,dricond2,dricond3,dricond4,dricond5,dricond6,dzip,licstate,drhgt_in,weight,noncdl,noncdltype,prevdwi,prevoth,prevacc,prevspd,prevsus,driviol1,driviol2,driviol3,driviol4,driviol5,driviol6,spdrel,first_dt,last_dt,airbag,ejection,ejectpath,extricat,injurwrk,methalc,methdrug,nmlocat,strikveh,prf1,prf2,prf3,druginv,alcinvol,drugsts,drugres1,drugres2,drugres3,drugtst1,drugtst2,drugtst3,alcsts,alctst,alcres,nmact1,nmact2,nmact3,nmact4,nmact5,nmact6,nmprior1,nmprior2,nmprior3,nmprior4,nmprior5,nmprior6,nmcond1,nmcond2,nmcond3,nmcond4,nmcond5,nmcond6,nmsafe_helmet,nmsafe_pads,nmsafe_oth,nmprev_ref,nmprev_lgt,nmprev_oth,crashlocation,nmcrashtype,crosswalk,schoolzone,sidewalk,train_inv,wildlife_inv,rotr_fars,intersect_fars,dd_inv,aid_inv,dpd_inv,id_inv,mj_inv,impnm_inv,ainm_inv,dpnm_inv,speed_inv,unlic_inv,unendmc_inv,drowsy_inv,drdist_inv,nmdist_inv,fty_inv,unrestfat_inv,dr1617_inv,dr1820_inv,dr1620_inv,dr2125_inv,dr1625_inv,dr65_inv,dr70_inv,dr75_inv,mc_inv,pv_inv,ht_inv,ped_inv,bike_inv,unrest_fat,mc_fat,unhelmet_mc,pv_fat,ht_fat,ped_fat,bike_fat,dr_alc7,dr_alc8,dr_drug,dr_imp,dr_dist,dr_spd,dr_fty,dr_unlic,dr_alc7only,dr_alc8only,dr_drugonly,dr_drink,nm_imp,nm_alc7,nm_alc8,nm_drug,nm_dist,agegrp1,agegrp2,roadclass,urbrur,dayweek,restuse,vehtype,race_me,intersect,lanedep,oppdir,wrongway,rep_typ,investag,repag_long,rotr,st_rd,cty_rd,city_rd,oth_rd,drug_thc,thc_res,drug_cthc,cthc_res,drug_cann,prevpersemin,prevperse,prevsusoth,drugtst4,drugtst5,drugtst6,drugtst7,drugtst8,drugres4,drugres5,drugres6,drugres7,drugres8,adspresent,adsengaged,adslevel,race1,race2,race3,race4,race5,helmet,helmetmisuse,nmdistract1,nmdistract2,nmdistract3,nmdistract4,nmdistract5,nmdistract6,lab,isedtcase,crf1,crf2,crf3,CoRoadName,CoMP,IntCoRoadName,IntCoMP,crashzip,dcity,crashcity
2838,2899,2899,2020,377,EA68157,2.0,2020-09-26,8:20,26,9,,57,Skagit,0,2,,1,2,1,1,0,2,2,8:20,8:38,,1,0,0,14.0,1,0,1,5,1,1,3,0,0,0,0,SR-011,,-122.4820278,48.643530556,0,2,98,62,4,40,34,0,0,1,5,12,2,4,2,1,14,1,1,53,0,49,472,1995,0,,12,,,,,,1,1,29,1,0.0,,0,0,3,0,11,0,,,,,0.0,0.0,0.0,3.0,1,0,,,,96,,,,,,0,,,,,,98225,53,69.0,180.0,6.0,1.0,0.0,0.0,0.0,0.0,,0,,,,,,0,,,20,0,0,0,8.0,9,8,,,0,,,8,8,0.0,0.0,,,0.0,,,0,0,996.0,,,,,,,,,,,,,,,,,,,,,,,,,,,,,,0,0,1,0,0,0,0,0,0,0,0,0,1,0,0,0,0,0,0,0,0,0,0,1,1,0,0,0,1,1,0,0,0,0,0,,0,0,0,0,0,0,0,0,0,0,0,0,0,0,0,0,,,,,,26-30,26-35,State route,R,Saturday,Belt Used,PV,Not Fatal,0,1,0,0,State Route,State Patrol,Washington State Patrol,1,1,0,0,0,,,,,,0.0,0.0,0.0,,,,,,,,,,,0.0,0.0,0.0,0.0,,,,,20.0,7.0,,,,,,,,1.0,0.0,,,,,,,98229,Bellingham,Bellingham
2839,2900,2900,2020,378,EA68257,146.0,2020-09-23,7:58,23,9,,77,Yakima,0,1,,1,1,2,1,0,1,1,7:58,8:06,,38,0,0,1.4,1,0,1,6,1,2,4,0,0,0,0,CR-WANETA RD,,-119.9783778,46.284741667,0,1,6,12,2,50,34,0,0,1,2,38,1,2,2,1,1,1,1,53,0,12,481,2001,0,,68,64.0,38.0,67.0,30.0,69.0,1,1,57,1,6.0,,4,7,3,0,11,0,09/23/2020,7:58,53044083.0,44083.0,0.0,0.0,3.0,3.0,1,0,,,,92,,,,,,98,,,,,,98930,53,71.0,250.0,6.0,1.0,0.0,0.0,0.0,0.0,,0,,,,,,0,,,8,0,0,0,0.0,9,8,,,0,,,8,8,2.0,996.0,,,1.0,,,2,1,0.0,,,,,,,,,,,,,,,,,,,,,,,,,,,,,,0,0,1,0,0,0,1,1,0,0,0,0,0,0,0,0,1,0,0,0,0,0,0,0,0,0,0,0,0,1,0,0,0,0,0,,1,0,0,0,0,0,1,1,1,0,0,0,0,0,1,0,,,,,,56-60,56-65,County road,R,Wednesday,Belt Used,PV,Hispanic,0,1,0,0,County Road,County Sheriff,Yakima County Sheriff's Office,1,0,1,0,0,,,,,,0.0,0.0,0.0,,,,,,,,,,,98.0,98.0,98.0,98.0,,,,,20.0,7.0,,,,,,,,1.0,0.0,,,WANETA RD.,1.37,,,98930,Grandview,Grandview
2840,2901,2901,2020,379,EA68391,4.0,2020-09-25,19:38,25,9,,63,Spokane,0,2,,3,2,2,1,0,4,2,19:38,19:52,20:41,12,0,6,291.8,2,0,2,2,2,1,2,0,0,21,3,US-2,COLBERT RD,-117.3475306,47.824402778,0,1,87,17,2,98,14,0,0,1,2,12,1,1,3,2,1,3,1,53,0,48,401,2015,0,,12,,,,,,1,1,36,2,7.0,,4,7,3,0,11,0,09/25/2020,19:38,53045058.0,45058.0,0.0,0.0,0.0,3.0,1,38,,,,96,,,,,,9,,,,,,99005,53,61.0,160.0,6.0,1.0,0.0,0.0,0.0,0.0,,0,,,,,,0,,,8,0,0,0,0.0,1,8,,,0,,,8,1,8.0,95.0,,,96.0,,,2,1,0.33,,,,,,,,,,,,,,,,,,,,,,,,,,,,,,0,0,0,1,1,1,0,1,0,0,0,0,0,0,0,0,0,0,1,0,0,0,0,0,0,0,0,0,0,1,0,0,0,0,0,,1,0,0,0,0,1,0,1,0,0,1,0,0,1,0,1,,,,,,36-40,36-45,US highway,U,Friday,Belt Used,PV,White,1,0,0,0,State Route,State Patrol,Spokane State Patrol,0,1,0,0,0,,,,,,0.0,0.0,0.0,,,,,,,,,,,98.0,98.0,98.0,1.0,,,,,20.0,7.0,,,,,,,,1.0,0.0,,,,,,,99021,Colbert,Mead
2841,2902,2902,2020,379,EA68391,4.0,2020-09-25,19:38,25,9,,63,Spokane,0,2,,3,2,2,1,0,4,2,19:38,19:52,20:41,12,0,6,291.8,2,0,2,2,2,1,2,0,0,0,0,US-2,COLBERT RD,-117.3475306,47.824402778,0,2,86,66,4,60,34,0,0,1,2,12,1,1,3,2,1,1,1,53,0,12,471,1998,0,,12,,,,,,1,1,32,1,0.0,,0,0,3,0,11,0,,,,,0.0,0.0,0.0,3.0,1,0,,,,96,,,,,,98,,,,,,99207,53,72.0,200.0,6.0,1.0,0.0,0.0,0.0,1.0,,0,,,,,,0,01/15/2018,01/15/2018,1,0,0,0,8.0,9,8,,,0,,,8,8,8.0,95.0,,,96.0,,,8,95,995.0,,,,,,,,,,,,,,,,,,,,,,,,,,,,,,0,0,0,1,1,1,0,1,0,0,0,0,0,0,0,0,0,0,1,0,0,0,0,0,0,0,0,0,0,1,0,0,0,0,0,,0,0,0,0,0,0,0,0,0,0,0,0,0,0,0,0,,,,,,31-35,26-35,US highway,U,Friday,Belt Used,PV,Not Fatal,1,0,0,0,State Route,State Patrol,Spokane State Patrol,0,1,0,0,0,,,,,,0.0,0.0,0.0,,,,,,,,,,,0.0,0.0,0.0,0.0,,,,,20.0,7.0,,,,,,,,1.0,0.0,,,,,,,99021,Spokane,Mead
2842,2903,2903,2020,380,3834597,263.0,2020-09-19,15:37,19,9,,33,King,1960,1,,1,1,2,1,1,1,1,15:38,15:44,16:02,8,0,0,0.0,1,0,1,7,2,4,6,0,0,0,0,28TH AVE S,,-122.2968806,47.542825,0,1,13,80,5,25,4,0,0,1,5,8,1,2,2,1,1,1,1,53,0,6,51,2018,0,,8,,,,,,1,1,29,1,0.0,,0,0,99,7,11,0,,,,,0.0,0.0,3.0,3.0,1,0,,,,92,,,,,,98,,,,,,98837,53,71.0,140.0,6.0,1.0,0.0,0.0,0.0,3.0,,0,,,,,,0,11/15/2015,12/15/2019,20,0,0,0,8.0,9,8,,,0,,,8,8,8.0,95.0,,,96.0,,,8,95,995.0,,,,,,,,,,,,,,,,,,,,,,,,,,,,,,0,0,0,0,0,0,0,0,0,1,1,1,0,0,0,0,1,1,0,0,0,0,0,0,0,0,0,0,0,1,0,1,0,0,0,,0,0,0,0,0,0,0,0,1,0,0,0,0,0,0,0,,,,,,26-30,26-35,City street,U,Saturday,Unknown,PV,Not Fatal,0,0,0,0,City Street,Municipal/City Police,Seattle Police Department,0,0,0,1,0,,,,,,0.0,0.0,0.0,,,,,,,,,,,98.0,98.0,98.0,0.0,,,,,20.0,7.0,,,,,,,,1.0,0.0,,,,,,,98108,Moses Lake,Seattle
2843,2904,2904,2020,381,EA68503,278.0,2020-10-02,20:29,2,10,,63,Spokane,2110,1,,3,1,2,1,1,1,1,,,,8,0,0,0.0,3,0,3,3,2,4,6,0,0,3,3,N MARKET ST,E GARLAND AVE,-117.3650472,47.693422222,0,1,13,80,5,98,66,1,0,1,5,8,1,1,4,1,1,1,3,19,0,82,881,2019,0,,8,,,,,,1,1,52,1,0.0,,0,0,3,0,11,0,,,,,6.0,1.0,0.0,3.0,1,0,,,,96,,,,,,0,,,,,,99022,53,66.0,200.0,6.0,1.0,0.0,0.0,0.0,0.0,,0,,,,,,0,,,20,0,0,0,8.0,3,2,,,0,,,8,8,0.0,0.0,,,0.0,,,0,0,996.0,,,,,,,,,,,,,,,,,,,,,,,,,,,,,,0,0,0,1,0,0,0,0,0,1,0,1,0,0,0,0,0,0,0,0,0,0,0,0,0,0,0,0,0,0,1,1,0,0,0,,0,0,0,0,0,0,0,0,0,0,0,0,0,0,0,0,,,,,,51-55,46-55,City street,U,Friday,,MHTRUCK,Not Fatal,1,0,0,0,City Street,Municipal/City Police,Spokane Police Department,0,0,0,1,0,,,,,,0.0,0.0,0.0,,,,,,,,,,,98.0,98.0,98.0,0.0,,,,,20.0,7.0,,,,,,,,1.0,0.0,,,,,,,99207,Medical Lake,Spokane
2844,2905,2905,2020,382,EA68589,2.0,2020-09-14,5:07,14,9,,61,Snohomish,690,5,,2,1,2,1,0,2,2,,,,24,0,0,195.3,1,0,1,1,2,1,1,0,0,0,0,I-5,,-122.17485,47.997466667,0,1,2,6,1,60,20,0,0,1,2,24,2,2,3,3,14,1,2,53,0,37,441,2003,0,,63,24.0,69.0,12.0,,,1,1,36,2,7.0,,4,7,20,7,11,0,09/14/2020,5:07,69053043867.0,43867.0,0.0,0.0,0.0,1.0,1,0,,,,96,,,,,,9,,,,,,98201,53,62.0,125.0,1.0,1.0,0.0,0.0,0.0,0.0,,0,,,,,,4,,,8,1,9,0,0.0,9,8,,,0,,,1,8,2.0,401.0,417.0,,1.0,1.0,,2,1,0.0,,,,,,,,,,,,,,,,,,,,,,,,,,,,,,0,0,0,0,0,0,1,1,0,0,0,0,1,1,0,0,0,0,0,1,0,0,0,0,0,0,0,0,0,1,1,0,0,1,0,,1,0,0,0,0,0,1,1,0,1,0,1,0,0,1,0,,,,,,36-40,36-45,Interstate,U,Monday,Not Used,PV,White,0,1,0,0,State Route,State Patrol,Washington State Patrol,1,1,0,0,0,,,,,,0.0,0.0,0.0,,,,,,,,,,,98.0,98.0,98.0,1.0,,,,,20.0,7.0,,,,,,,,1.0,0.0,,,,,,,98201,Everett,Everett
2845,2906,2906,2020,382,EA68589,2.0,2020-09-14,5:07,14,9,,61,Snohomish,690,5,,2,1,2,1,0,2,2,,,,24,0,0,195.3,1,0,1,1,2,1,1,0,0,0,0,I-5,,-122.17485,47.997466667,0,2,98,98,7,60,66,1,0,1,2,12,2,2,3,3,14,1,3,95,0,84,881,2011,0,,12,,,,,,1,1,36,1,0.0,,0,0,3,0,11,0,,,,,99.0,9.0,9.0,9.0,1,0,,,,96,,,,,,0,,,,,,0,95,,999.0,9.0,9.0,99.0,99.0,99.0,99.0,,0,,,,,,0,,,20,0,0,0,8.0,9,8,,,0,,,8,8,2.0,1.0,,,1.0,,,2,1,0.0,,,,,,,,,,,,,,,,,,,,,,,,,,,,,,0,0,0,0,0,0,1,1,0,0,0,0,1,1,0,0,0,0,0,1,0,0,0,0,0,0,0,0,0,1,1,0,0,0,0,,0,0,0,0,0,0,0,0,0,0,0,0,0,0,0,0,,,,,,36-40,36-45,Interstate,U,Monday,,MHTRUCK,Not Fatal,0,1,0,0,State Route,State Patrol,Washington State Patrol,1,1,0,0,0,,,,,,99.0,99.0,99.0,,,,,,,,,,,98.0,98.0,98.0,0.0,,,,,20.0,7.0,,,,,,,,1.0,0.0,,,,,,,98201,Canada,Everett
2846,2907,2907,2020,383,EA68726,2.0,2020-09-22,20:30,22,9,,57,Skagit,0,10,,2,1,2,1,0,1,1,21:50,21:56,,59,0,0,1.2,1,0,1,5,1,2,4,0,0,0,0,CR-BOW HILL RD,,-122.3562778,48.5589,0,1,6,12,2,50,80,0,0,1,2,59,2,1,2,1,14,1,1,53,0,72,706,2005,0,,68,64.0,59.0,1.0,,,1,1,58,1,7.0,,4,7,20,7,11,0,09/22/2020,20:30,53044777.0,44777.0,0.0,0.0,0.0,3.0,1,0,,,,96,,,,,,9,,,,,,98274,53,71.0,190.0,6.0,1.0,0.0,0.0,0.0,1.0,,0,,,,,,4,08/15/2017,06/15/2017,20,8,0,0,0.0,1,8,,,0,,,0,1,2.0,1.0,,,1.0,,,2,1,0.148,,,,,,,,,,,,,,,,,,,,,,,,,,,,,,0,0,1,0,1,1,0,1,0,0,0,0,1,0,0,0,0,0,0,0,0,0,0,0,0,0,0,0,1,0,0,0,0,0,1,0.0,0,0,0,0,0,1,0,1,0,1,0,0,0,1,0,1,,,,,,56-60,56-65,County road,R,Tuesday,,MC,White,0,1,0,0,County Road,State Patrol,Washington State Patrol,1,0,1,0,0,,,,,,0.0,0.0,1.0,,,,,,,,,,,0.0,0.0,0.0,1.0,,,,,5.0,0.0,,,,,,,,1.0,0.0,,,BOW HILL ROAD,1.174,,,98232,Mount Vernon,Bow
2847,2908,2908,2020,384,EA69391,55.0,2020-09-30,20:28,30,9,,53,Pierce,100,1,,5,1,2,1,1,1,1,20:42,21:03,21:30,8,0,0,0.0,3,0,2,4,2,4,6,0,0,20,3,LAKELAND HILLS WAY SE,69TH ST SE,-122.2105639,47.246755556,0,1,13,80,5,30,4,0,0,1,5,8,1,1,3,1,1,1,1,53,0,49,40,2005,0,,8,,,,,,1,1,16,1,0.0,,0,0,3,0,11,0,,,,,0.0,0.0,2.0,3.0,1,38,39.0,73.0,,6,,,,,,98,,,,,,98001,53,67.0,180.0,6.0,2.0,0.0,0.0,0.0,0.0,,97,,,,,,0,,,20,0,0,0,8.0,3,8,,,0,,,8,8,0.0,0.0,,,0.0,,,0,0,996.0,,,,,,,,,,,,,,,,,,,,,,,,,,,,,,0,0,0,1,0,0,0,0,0,0,0,0,0,0,0,0,1,0,1,0,1,0,1,0,1,0,0,0,0,1,0,1,0,0,0,,0,0,0,0,0,0,0,0,1,0,1,0,0,0,0,0,,,,,,16-17,16-25,City street,U,Wednesday,Belt Used,PV,Not Fatal,1,0,0,0,City Street,Municipal/City Police,Auburn Police Department,0,0,0,1,0,,,,,,0.0,0.0,0.0,,,,,,,,,,,98.0,98.0,98.0,0.0,,,,,20.0,7.0,,,,,,,,1.0,0.0,,,,,,,98092,Auburn,Auburn
2848,2909,2909,2020,386,EA69768,55.0,2020-10-04,22:31,4,10,,33,King,100,1,,3,1,2,1,0,1,1,,,,10,0,0,0.0,6,0,1,5,2,4,6,0,0,65,3,W MAIN ST,,-122.2389722,47.307716667,0,1,98,98,7,25,4,0,0,1,2,10,1,1,2,1,5,1,1,53,0,55,36,2013,0,,10,,,,,,1,1,51,2,7.0,,4,7,3,0,11,0,10/04/2020,22:31,10053046438.0,46438.0,0.0,0.0,0.0,3.0,1,38,39.0,,,96,,,,,,98,,,,,,98444,53,66.0,129.0,6.0,1.0,0.0,0.0,0.0,0.0,,0,,,,,,0,,,8,1,9,0,9.0,9,8,,,0,,,8,8,2.0,1.0,,,1.0,,,2,1,0.0,,,,,,,,,,,,,,,,,,,,,,,,,,,,,,1,0,0,0,0,0,0,0,0,0,0,0,0,0,0,0,0,0,1,0,0,0,0,0,0,0,0,0,0,1,0,0,0,0,0,,1,0,0,0,0,0,0,0,0,0,1,0,0,0,0,0,,,,,,51-55,46-55,City street,U,Sunday,Belt Used,PV,Multiracial,1,0,0,0,City Street,Municipal/City Police,Auburn Police Department,0,0,0,1,0,,,,,,0.0,0.0,0.0,,,,,,,,,,,98.0,98.0,98.0,202.0,298.0,,,,20.0,7.0,,,,,,,,1.0,0.0,,,,,,,98001,Tacoma,Auburn
2849,2910,2910,2020,387,EA69798,160.0,2020-10-03,16:51,3,10,,33,King,1030,10,,1,1,2,1,1,3,3,17:01,17:04,17:34,8,0,0,0.0,3,0,2,4,2,4,6,0,0,3,3,SE 208TH ST,108TH AVE SE,-122.197,47.415838889,0,1,13,8,1,40,14,0,0,1,2,8,1,2,5,1,5,1,1,53,0,49,402,2003,0,,8,12.0,,,,,1,1,43,2,0.0,,1,0,3,0,11,5,,,,,0.0,0.0,3.0,3.0,1,0,,,,0,,,,,,1,,,,,,98042,53,61.0,150.0,6.0,1.0,0.0,0.0,0.0,0.0,,0,,,,,,0,,,20,0,0,0,8.0,9,8,,,0,,,8,8,0.0,0.0,,,0.0,,,0,0,996.0,,,,,,,,,,,,,,,,,,,,,,,,,,,,,,0,0,0,1,0,0,0,0,0,0,0,0,0,0,0,0,0,0,0,0,0,1,1,0,1,0,0,0,0,1,0,1,0,0,0,,0,0,0,0,0,0,0,0,0,0,0,0,0,0,0,0,,,,,,41-45,36-45,City street,U,Saturday,Belt Used,PV,Not Fatal,1,0,0,0,City Street,Municipal/City Police,Kent Police Department,0,0,0,1,0,,,,,,0.0,0.0,0.0,,,,,,,,,,,98.0,98.0,98.0,0.0,,,,,20.0,7.0,,,,,,,,1.0,0.0,,,,,,,98031,Kent,Kent
2850,2911,2911,2020,387,EA69798,160.0,2020-10-03,16:51,3,10,,33,King,1030,10,,1,1,2,1,1,3,3,17:01,17:04,17:34,8,0,0,0.0,3,0,2,4,2,4,6,0,0,3,3,SE 208TH ST,108TH AVE SE,-122.197,47.415838889,0,2,98,98,7,40,3,0,0,1,2,12,1,2,5,1,5,1,2,53,0,49,51,2011,0,,12,12.0,,,,,1,1,20,1,0.0,,1,0,3,0,11,5,,,,,0.0,0.0,3.0,3.0,1,0,,,,96,,,,,,0,,,,,,98042,53,68.0,145.0,6.0,1.0,0.0,0.0,1.0,0.0,,0,,,,,,0,09/15/2018,09/15/2018,20,0,0,0,8.0,9,8,,,0,,,8,8,0.0,0.0,,,0.0,,,0,0,996.0,,,,,,,,,,,,,,,,,,,,,,,,,,,,,,0,0,0,1,0,0,0,0,0,0,0,0,0,0,0,0,0,0,0,0,0,1,1,0,1,0,0,0,0,1,0,1,0,0,0,,0,0,0,0,0,0,0,0,0,0,0,0,0,0,0,0,,,,,,18-20,16-25,City street,U,Saturday,Belt Used,PV,Not Fatal,1,0,0,0,City Street,Municipal/City Police,Kent Police Department,0,0,0,1,0,,,,,,0.0,0.0,0.0,,,,,,,,,,,98.0,98.0,98.0,0.0,,,,,20.0,7.0,,,,,,,,1.0,0.0,,,,,,,98031,Kent,Kent
2851,2912,2912,2020,387,EA69798,160.0,2020-10-03,16:51,3,10,,33,King,1030,10,,1,1,2,1,1,3,3,17:01,17:04,17:34,8,0,0,0.0,3,0,2,4,2,4,6,0,0,3,3,SE 208TH ST,108TH AVE SE,-122.197,47.415838889,0,3,98,98,7,40,15,0,0,1,5,12,1,2,5,1,5,1,1,53,0,35,421,2011,0,,12,,,,,,1,1,39,2,0.0,,0,0,3,0,11,0,,,,,0.0,0.0,3.0,3.0,1,0,,,,96,,,,,,0,,,,,,98031,53,62.0,130.0,6.0,1.0,0.0,0.0,0.0,0.0,,0,,,,,,0,,,20,0,0,0,8.0,9,8,,,0,,,8,8,0.0,0.0,,,0.0,,,0,0,996.0,,,,,,,,,,,,,,,,,,,,,,,,,,,,,,0,0,0,1,0,0,0,0,0,0,0,0,0,0,0,0,0,0,0,0,0,1,1,0,1,0,0,0,0,1,0,1,0,0,0,,0,0,0,0,0,0,0,0,0,0,0,0,0,0,0,0,,,,,,36-40,36-45,City street,U,Saturday,Belt Used,PV,Not Fatal,1,0,0,0,City Street,Municipal/City Police,Kent Police Department,0,0,0,1,0,,,,,,0.0,0.0,0.0,,,,,,,,,,,98.0,98.0,98.0,0.0,,,,,20.0,7.0,,,,,,,,1.0,0.0,,,,,,,98031,Kent,Kent
2852,2913,2913,2020,389,EA45352,7.0,2020-07-04,1:36,4,7,,33,King,1960,1,,3,1,1,1,2,1,1,1:39,1:46,2:03,8,0,0,166.3,1,0,1,1,2,1,1,0,0,0,0,I-5,,-122.3292,47.616230556,0,1,13,80,5,60,4,0,0,1,2,8,1,1,5,3,98,1,1,53,0,39,32,2013,0,,8,8.0,,,,,1,1,27,1,0.0,,0,0,3,0,11,0,,,,,0.0,0.0,0.0,3.0,1,8,39.0,,,96,,,,,,9,,,,,,98106,53,67.0,130.0,6.0,1.0,0.0,0.0,1.0,0.0,,97,,,,,,0,08/15/2017,08/15/2017,20,0,0,0,8.0,3,8,,,0,,,1,8,2.0,401.0,417.0,,1.0,1.0,,2,1,0.0,,,,,,,,,,,,,,,,,,,,,,,,,,,,,,0,0,0,0,0,0,1,1,0,1,0,1,0,0,0,0,0,0,0,0,0,0,0,0,0,0,0,0,0,1,0,1,0,0,0,,0,0,0,0,0,0,1,1,0,0,0,0,0,0,1,0,,,,,,26-30,26-35,Interstate,U,Saturday,Belt Used,PV,Not Fatal,0,0,0,0,State Route,State Patrol,Washington State Patrol,0,1,0,0,0,,,,,,0.0,0.0,0.0,,,,,,,,,,,98.0,98.0,98.0,0.0,,,,,20.0,7.0,,,,,,,,1.0,0.0,,,,,,,98101,Seattle,Seattle
2853,2914,2914,2020,390,EA40851,14.0,2020-06-13,19:30,13,6,,11,Clark,0,2,,1,2,2,1,1,1,1,19:30,19:37,,30,0,0,1.2,1,0,1,6,1,2,4,0,0,0,0,CR-NE 139TH ST,,-122.5878111,45.722341667,0,1,1,13,2,40,15,0,0,1,2,8,1,1,2,1,1,1,1,41,0,20,422,2006,0,,63,30.0,8.0,38.0,42.0,,1,1,25,8,0.0,,1,0,3,0,11,0,,,,,0.0,0.0,0.0,3.0,1,0,,,,98,,,,,,98,,,,,,97303,41,73.0,170.0,6.0,1.0,0.0,0.0,0.0,1.0,,97,,,,,,0,03/15/2017,03/15/2017,1,0,0,0,8.0,9,8,,,0,,,8,8,2.0,1.0,,,1.0,,,2,1,0.0,,,,,,,,,,,,,,,,,,,,,,,,,,,,,,0,0,1,0,0,0,0,0,0,0,0,0,0,0,0,0,1,0,0,0,0,0,0,1,1,0,0,0,0,1,0,1,0,0,0,,0,0,0,0,0,0,0,0,1,0,0,0,0,0,0,0,,,,,,21-25,16-25,County road,R,Saturday,Belt Used,PV,Not Fatal,0,1,0,0,County Road,County Sheriff,Clark County Sheriff's Office,1,0,1,0,0,,,,,,0.0,0.0,0.0,,,,,,,,,,,98.0,98.0,98.0,0.0,,,,,20.0,7.0,,,,,,,,1.0,0.0,,,NE 139TH ST,1.18,,,98662,Salem,Vancouver
2854,2915,2915,2020,391,3876403,263.0,2020-08-29,12:18,29,8,,33,King,1960,10,,1,1,1,1,0,4,5,,,,12,0,7,0.0,1,0,1,3,2,4,6,0,0,0,0,AIRPORT WAY S,,-122.3179639,47.550305556,0,1,46,8,1,98,14,0,0,1,2,14,1,1,2,1,6,1,3,53,0,12,401,2015,0,,68,12.0,68.0,14.0,63.0,19.0,1,1,56,1,0.0,,3,0,3,0,11,5,,,,,0.0,0.0,0.0,3.0,1,16,,,,0,,,,,,1,,,,,,98003,53,72.0,210.0,6.0,1.0,0.0,0.0,1.0,0.0,,0,,,,,,0,08/15/2016,08/15/2016,8,0,0,0,8.0,3,8,,,0,,,8,8,8.0,95.0,,,96.0,,,8,95,995.0,,,,,,,,,,,,,,,,,,,,,,,,,,,,,,0,0,0,0,0,0,0,0,0,0,0,0,0,0,0,0,0,0,0,0,0,0,0,0,0,0,0,0,0,1,0,0,0,0,0,,0,0,0,0,0,0,0,0,0,0,0,0,0,0,0,0,,,,,,56-60,56-65,City street,U,Saturday,Belt Used,PV,Not Fatal,0,0,0,0,City Street,Municipal/City Police,Seattle Police Department,0,0,0,1,0,,,,,,0.0,0.0,0.0,,,,,,,,,,,98.0,98.0,98.0,0.0,,,,,20.0,7.0,,,,,,,,1.0,0.0,,,,,,,98108,Federal Way,Seattle
2855,2916,2916,2020,391,3876403,263.0,2020-08-29,12:18,29,8,,33,King,1960,10,,1,1,1,1,0,4,5,,,,12,0,7,0.0,1,0,1,3,2,4,6,0,0,0,0,AIRPORT WAY S,,-122.3179639,47.550305556,0,2,45,61,4,98,15,0,0,1,5,12,1,1,2,1,1,2,3,39,0,42,422,2020,0,,12,,,,,,1,1,44,1,0.0,,0,0,3,0,11,0,,,,,0.0,0.0,0.0,3.0,1,0,,,,96,,,,,,98,,,,,,37811,47,70.0,175.0,6.0,1.0,0.0,1.0,0.0,0.0,,0,,,,,,0,03/15/2019,03/15/2019,20,0,0,0,8.0,9,8,,,0,,,8,8,8.0,95.0,,,96.0,,,8,95,995.0,,,,,,,,,,,,,,,,,,,,,,,,,,,,,,0,0,0,0,0,0,0,0,0,0,0,0,0,0,0,0,0,0,0,0,0,0,0,0,0,0,0,0,0,1,0,0,0,0,0,,0,0,0,0,0,0,0,0,0,0,0,0,0,0,0,0,,,,,,41-45,36-45,City street,U,Saturday,Belt Used,PV,Not Fatal,0,0,0,0,City Street,Municipal/City Police,Seattle Police Department,0,0,0,1,0,,,,,,0.0,0.0,0.0,,,,,,,,,,,98.0,98.0,98.0,0.0,,,,,20.0,7.0,,,,,,,,1.0,0.0,,,,,,,98108,Mooresburg,Seattle
2856,2917,2917,2020,392,EA70054,8.0,2020-10-06,19:50,6,10,,27,Grays Harbor,0,1,,2,1,2,1,1,2,1,19:51,20:02,,9,0,0,27.6,1,0,1,3,1,1,2,0,0,0,0,US-12,,-123.3067028,46.930241667,0,1,13,83,5,55,34,0,0,1,5,9,1,1,2,1,1,2,1,53,0,49,472,2004,0,,9,,,,,,1,1,64,1,0.0,,0,0,3,0,11,0,,,,,0.0,0.0,0.0,3.0,1,0,,,,96,,,,,,0,,,,,,98541,53,72.0,210.0,6.0,1.0,0.0,0.0,0.0,1.0,,0,,,,,,0,04/15/2020,04/15/2020,20,0,0,0,8.0,3,8,,,0,,,8,8,8.0,95.0,,,96.0,,,2,95,997.0,,,,,,,,,,,,,,,,,,,,,,,,,,,,,,0,0,0,0,0,0,0,0,0,0,0,0,0,0,0,0,0,0,0,0,0,0,0,0,0,0,0,0,0,1,0,0,1,0,0,,0,0,0,0,0,0,0,0,0,0,0,0,0,0,0,0,,,,,,61-65,56-65,US highway,R,Tuesday,Belt Used,PV,Not Fatal,0,0,0,0,State Route,State Patrol,Washington State Patrol,0,1,0,0,0,,,,,,0.0,0.0,0.0,,,,,,,,,,,98.0,98.0,98.0,0.0,,,,,20.0,7.0,,,,,,,,1.0,0.0,,,,,,,98568,Elma,Oakville