,index,Unnamed: 0,year,case,par,repjur,crash_dt,crash_tm,accday,accmon,holiday,county,co_char,city,weather,weather2,lightcond,surfcond,surftype,numfatal,nmforms,pforms,vforms,not_tm,arr_tm,hosp_tm,fhevent,hitrun,manncol,milepnt,reljunc,reljuncinter,intersectiontype,funcsystem,landuse,ownership,route,schlbus,spejur,contdev,devfunc,trafid1,trafid2,lon,lat,wk_zone,vnumber,crashtype,criticalevent,criticaleventcat,spdlim,body,trailer,emerg,hazcargo,leave,mhevent,roadalgn,roadprof,traflane,trafflow,vehmanvr,numoccs,regowner,regstate,spuse,make,model,modelyr,vrf1,vrf2,seqevent1,seqevent2,seqevent3,seqevent4,seqevent5,seqevent6,pnumber,ptype,age,sex,hispanic,race,injury,diedscene,restraint,restraintmisuse,seatpos,takehosp,death_dt,death_tm,cert,cernum_wa,commlic,licendor,licrestrict,liccomp,drivpres,drf1,drf2,drf3,drf4,distract1,distract2,distract3,distract4,distract5,distract6,dricond1,dricond2,dricond3,dricond4,dricond5,dricond6,dzip,licstate,drhgt_in,weight,noncdl,noncdltype,prevdwi,prevoth,prevacc,prevspd,prevsus,driviol1,driviol2,driviol3,driviol4,driviol5,driviol6,spdrel,first_dt,last_dt,airbag,ejection,ejectpath,extricat,injurwrk,methalc,methdrug,nmlocat,strikveh,prf1,prf2,prf3,druginv,alcinvol,drugsts,drugres1,drugres2,drugres3,drugtst1,drugtst2,drugtst3,alcsts,alctst,alcres,nmact1,nmact2,nmact3,nmact4,nmact5,nmact6,nmprior1,nmprior2,nmprior3,nmprior4,nmprior5,nmprior6,nmcond1,nmcond2,nmcond3,nmcond4,nmcond5,nmcond6,nmsafe_helmet,nmsafe_pads,nmsafe_oth,nmprev_ref,nmprev_lgt,nmprev_oth,crashlocation,nmcrashtype,crosswalk,schoolzone,sidewalk,train_inv,wildlife_inv,rotr_fars,intersect_fars,dd_inv,aid_inv,dpd_inv,id_inv,mj_inv,impnm_inv,ainm_inv,dpnm_inv,speed_inv,unlic_inv,unendmc_inv,drowsy_inv,drdist_inv,nmdist_inv,fty_inv,unrestfat_inv,dr1617_inv,dr1820_inv,dr1620_inv,dr2125_inv,dr1625_inv,dr65_inv,dr70_inv,dr75_inv,mc_inv,pv_inv,ht_inv,ped_inv,bike_inv,unrest_fat,mc_fat,unhelmet_mc,pv_fat,ht_fat,ped_fat,bike_fat,dr_alc7,dr_alc8,dr_drug,dr_imp,dr_dist,dr_spd,dr_fty,dr_unlic,dr_alc7only,dr_alc8only,dr_drugonly,dr_drink,nm_imp,nm_alc7,nm_alc8,nm_drug,nm_dist,agegrp1,agegrp2,roadclass,urbrur,dayweek,restuse,vehtype,race_me,intersect,lanedep,oppdir,wrongway,rep_typ,investag,repag_long,rotr,st_rd,cty_rd,city_rd,oth_rd,drug_thc,thc_res,drug_cthc,cthc_res,drug_cann,prevpersemin,prevperse,prevsusoth,drugtst4,drugtst5,drugtst6,drugtst7,drugtst8,drugres4,drugres5,drugres6,drugres7,drugres8,adspresent,adsengaged,adslevel,race1,race2,race3,race4,race5,helmet,helmetmisuse,nmdistract1,nmdistract2,nmdistract3,nmdistract4,nmdistract5,nmdistract6,lab,isedtcase,crf1,crf2,crf3,CoRoadName,CoMP,IntCoRoadName,IntCoMP,crashzip,dcity,crashcity
2857,2918,2918,2020,393,EA70514,7.0,2020-10-02,19:34,2,10,,33,King,0,1,,2,1,2,1,0,1,1,19:38,19:55,,1,0,0,23.5,1,0,1,3,1,1,3,0,0,0,0,SR-18,,-121.9418917,47.463319444,0,1,98,8,1,55,80,0,0,1,2,1,1,2,2,3,1,1,1,53,0,72,706,2020,0,,1,,,,,,1,1,45,1,7.0,,4,0,20,7,11,5,10/02/2020,21:03,196053046419.0,46419.0,0.0,0.0,0.0,3.0,1,0,,,,12,,,,,,98,,,,,,83607,16,66.0,185.0,6.0,1.0,0.0,0.0,0.0,2.0,,0,,,,,,0,08/15/2018,07/15/2018,20,8,0,0,0.0,9,8,,,0,,,8,8,2.0,1.0,,,1.0,,,2,1,0.111,,,,,,,,,,,,,,,,,,,,,,,,,,,,,,0,0,0,0,1,1,0,1,0,0,0,0,0,0,0,0,1,0,0,0,0,0,0,0,0,0,0,0,1,0,0,0,0,0,1,0.0,0,0,0,0,0,1,0,1,1,0,0,0,0,1,0,1,,,,,,41-45,36-45,State route,R,Friday,,MC,White,0,0,0,0,State Route,State Patrol,Washington State Patrol,0,1,0,0,0,,,,,,0.0,0.0,0.0,,,,,,,,,,,0.0,0.0,0.0,1.0,,,,,5.0,0.0,,,,,,,,1.0,0.0,,,,,,,98027,Caldwell,Issaquah
2858,2919,2919,2020,395,EA70924,1.0,2020-10-04,20:25,4,10,,77,Yakima,0,1,,3,1,2,1,0,1,1,20:27,20:39,21:15,1,0,0,25.6,1,0,1,1,1,1,1,0,0,0,0,I-82,,-120.4640917,46.686691667,0,1,7,9,1,70,15,0,0,1,2,1,1,2,2,2,1,1,1,53,0,54,421,2002,0,,64,1.0,,,,,1,1,29,2,6.0,,4,0,3,0,11,5,10/04/2020,21:23,259053046532.0,46532.0,0.0,0.0,3.0,3.0,1,0,,,,96,,,,,,9,,,,,,98902,53,67.0,155.0,6.0,1.0,0.0,1.0,0.0,1.0,,0,,,,,,0,02/15/2018,12/15/2020,20,0,0,0,0.0,9,8,,,0,,,1,8,2.0,128.0,177.0,996.0,1.0,1.0,1.0,2,1,0.0,,,,,,,,,,,,,,,,,,,,,,,,,,,,,,0,0,0,0,0,0,1,1,0,0,0,0,0,0,0,0,0,0,0,0,0,0,0,0,0,0,0,0,0,1,0,0,0,0,0,,1,0,0,0,0,0,1,1,0,0,0,0,0,0,1,0,,,,,,26-30,26-35,Interstate,R,Sunday,Belt Used,PV,Hispanic,0,1,0,0,State Route,State Patrol,Washington State Patrol,1,1,0,0,0,,,,,,0.0,0.0,0.0,1.0,1.0,1.0,,,996.0,996.0,401.0,417.0,,98.0,98.0,98.0,1.0,,,,,20.0,7.0,,,,,,,,1.0,0.0,,,,,,,98901,Yakima,Yakima
2859,2920,2920,2020,398,EA64388,26.0,2020-09-15,13:13,15,9,,35,Kitsap,0,1,,1,1,2,1,0,2,2,13:22,13:31,14:08,12,0,6,2.6,2,0,3,5,1,2,4,0,0,0,0,CR-SW LAKEWAY BLVD,SIDNEY RD,-122.6612333,47.4397,0,1,79,65,4,45,15,0,0,1,2,12,1,1,2,1,1,1,1,53,0,41,421,2019,0,,12,68.0,64.0,38.0,43.0,,1,1,52,2,0.0,,1,0,3,0,11,5,,,,,0.0,0.0,3.0,3.0,1,0,,,,96,,,,,,0,,,,,,98531,53,67.0,175.0,6.0,1.0,0.0,0.0,0.0,0.0,,0,,,,,,0,,,8,0,0,0,8.0,9,8,,,0,,,8,8,0.0,0.0,,,0.0,,,0,0,996.0,,,,,,,,,,,,,,,,,,,,,,,,,,,,,,0,0,0,1,0,0,0,0,0,0,0,0,0,0,0,0,0,0,0,0,0,0,0,0,0,1,1,1,0,1,0,0,0,0,0,,0,0,0,0,0,0,0,0,0,0,0,0,0,0,0,0,,,,,,51-55,46-55,County road,R,Tuesday,Belt Used,PV,Not Fatal,1,0,0,0,County Road,County Sheriff,Kitsap County Sheriff's Office,0,0,1,0,0,,,,,,0.0,0.0,0.0,,,,,,,,,,,98.0,98.0,98.0,0.0,,,,,20.0,7.0,,,,,,,,1.0,0.0,,,SIDNEY RD SW,2.644,LAKEWAY BLVD (SW),0.0,98367,Centralia,Port Orchard
2860,2921,2921,2020,398,EA64388,26.0,2020-09-15,13:13,15,9,,35,Kitsap,0,1,,1,1,2,1,0,2,2,13:22,13:31,14:08,12,0,6,2.6,2,0,3,5,1,2,4,0,0,20,3,CR-SW LAKEWAY BLVD,SIDNEY RD,-122.6612333,47.4397,0,2,78,16,2,35,34,0,0,1,2,12,1,1,2,1,10,1,1,53,0,20,473,2004,0,,12,,,,,,1,1,83,1,7.0,,4,0,99,7,11,5,10/12/2020,2:35,223053047391.0,47391.0,0.0,0.0,3.0,3.0,1,39,,,,96,,,,,,0,,,,,,98367,53,68.0,260.0,6.0,1.0,0.0,0.0,0.0,0.0,,0,,,,,,0,,,8,0,0,0,0.0,9,8,,,0,,,8,8,8.0,95.0,,,96.0,,,8,95,995.0,,,,,,,,,,,,,,,,,,,,,,,,,,,,,,0,0,0,1,0,0,0,0,0,0,0,0,0,0,0,0,0,0,0,0,0,0,0,0,0,1,1,1,0,1,0,0,0,0,0,,1,0,0,0,0,0,0,0,0,0,0,0,0,0,0,0,,,,,,81+,76+,County road,R,Tuesday,Unknown,PV,Multiracial,1,0,0,0,County Road,County Sheriff,Kitsap County Sheriff's Office,0,0,1,0,0,,,,,,0.0,0.0,0.0,,,,,,,,,,,98.0,98.0,98.0,298.0,,,,,20.0,7.0,,,,,,,,1.0,0.0,,,SIDNEY RD SW,2.644,LAKEWAY BLVD (SW),0.0,98367,Port Orchard,Port Orchard
2861,2922,2922,2020,399,EA71625,55.0,2020-10-05,17:01,5,10,,53,Pierce,100,1,,1,1,2,1,1,1,1,,,,8,0,0,0.0,1,0,1,3,2,4,6,0,0,0,0,LAKE TAPPS PKWY E,,-122.2135111,47.243958333,0,1,13,80,5,45,4,0,0,1,2,8,2,2,6,1,14,1,2,53,0,35,398,1991,0,,8,,,,,,1,1,16,1,0.0,,0,0,3,0,11,0,,,,,0.0,0.0,3.0,3.0,1,10,,,,0,,,,,,0,,,,,,98092,53,69.0,125.0,6.0,2.0,0.0,0.0,0.0,0.0,,0,,,,,,0,,,20,0,0,0,8.0,9,8,,,0,,,8,8,0.0,0.0,,,0.0,,,0,0,996.0,,,,,,,,,,,,,,,,,,,,,,,,,,,,,,0,0,0,0,0,0,0,0,0,0,0,0,0,0,0,0,0,0,0,0,1,0,1,0,1,0,0,0,0,1,0,1,0,0,0,,0,0,0,0,0,0,0,0,0,0,0,0,0,0,0,0,,,,,,16-17,16-25,City street,U,Monday,Belt Used,PV,Not Fatal,0,0,0,0,City Street,Municipal/City Police,Auburn Police Department,0,0,0,1,0,,,,,,0.0,0.0,0.0,,,,,,,,,,,0.0,0.0,0.0,0.0,,,,,20.0,7.0,,,,,,,,1.0,0.0,,,,,,,98092,Auburn,Auburn
2862,2923,2923,2020,400,EA71709,5.0,2020-10-12,22:41,12,10,,11,Clark,2370,1,,3,1,2,1,1,1,1,,,,8,0,0,4.1,1,0,1,3,2,1,3,0,0,0,0,SR-500,,-122.5815861,45.655980556,0,1,13,80,5,55,4,0,0,1,2,8,2,2,2,3,15,1,1,53,0,63,38,2016,0,,8,,,,,,1,1,27,1,0.0,,0,0,3,0,11,0,,,,,0.0,0.0,0.0,3.0,1,0,,,,13,,,,,,0,,,,,,98684,53,73.0,185.0,6.0,1.0,0.0,0.0,0.0,1.0,,0,,,,,,0,04/15/2018,04/15/2018,20,0,0,0,8.0,3,2,,,0,,,8,8,2.0,1.0,,,1.0,,,2,1,0.0,,,,,,,,,,,,,,,,,,,,,,,,,,,,,,0,0,0,0,0,0,0,0,0,0,0,0,0,0,0,0,1,0,0,0,0,0,0,0,0,0,0,0,0,1,0,1,0,0,0,,0,0,0,0,0,0,0,0,1,0,0,0,0,0,0,0,,,,,,26-30,26-35,State route,U,Monday,Belt Used,PV,Not Fatal,0,0,0,0,State Route,State Patrol,Washington State Patrol,0,1,0,0,0,,,,,,0.0,0.0,0.0,,,,,,,,,,,98.0,98.0,98.0,0.0,,,,,20.0,7.0,,,,,,,,1.0,0.0,,,,,,,98662,Vancouver,Vancouver
2863,2924,2924,2020,401,EA71761,278.0,2020-10-13,23:17,13,10,,63,Spokane,2110,1,,3,1,2,1,0,3,2,,,,12,0,6,0.0,2,0,2,4,2,4,6,0,0,20,3,S REGAL ST,E THURSTON AVE,-117.3686,47.617280556,0,1,86,17,2,98,5,0,0,1,5,12,1,1,2,1,1,1,1,53,0,7,25,2009,0,,12,63.0,40.0,30.0,1.0,38.0,1,1,20,1,7.0,,4,0,3,0,11,5,10/14/2020,1:36,211053047763.0,47763.0,0.0,0.0,0.0,0.0,1,39,,,,96,,,,,,98,,,,,,99223,53,69.0,120.0,0.0,0.0,0.0,0.0,1.0,2.0,,0,,,,,,3,06/15/2019,11/15/2020,8,0,0,0,0.0,9,8,,,0,,,8,8,2.0,695.0,605.0,151.0,1.0,1.0,1.0,2,1,0.081,,,,,,,,,,,,,,,,,,,,,,,,,,,,,,0,0,0,1,1,1,1,1,1,0,0,0,1,1,0,0,0,0,0,0,0,1,1,0,1,0,0,0,0,1,0,0,0,0,0,,1,0,0,0,0,1,1,1,0,1,0,1,0,0,0,1,,,,,,18-20,16-25,City street,U,Tuesday,Belt Used,PV,White,1,0,0,0,City Street,Municipal/City Police,Spokane Police Department,0,0,0,1,0,thc,20.0,carboxy-thc,36.0,,0.0,0.0,2.0,,,,,,,,,,,98.0,98.0,98.0,1.0,,,,,20.0,7.0,,,,,,,nms,1.0,0.0,,,,,,,99223,Spokane,Spokane
2864,2925,2925,2020,401,EA71761,278.0,2020-10-13,23:17,13,10,,63,Spokane,2110,1,,3,1,2,1,0,3,2,,,,12,0,6,0.0,2,0,2,4,2,4,6,0,0,0,0,S REGAL ST,E THURSTON AVE,-117.3686,47.617280556,0,2,87,66,4,98,14,0,0,1,5,12,1,1,4,1,1,2,2,53,0,34,402,2009,0,,12,,,,,,1,1,18,1,0.0,,1,0,3,0,11,5,,,,,0.0,0.0,0.0,3.0,1,0,,,,96,,,,,,0,,,,,,99203,53,71.0,200.0,6.0,1.0,0.0,0.0,0.0,0.0,,0,,,,,,0,,,8,0,0,0,8.0,3,2,,,0,,,8,8,0.0,0.0,,,0.0,,,0,0,996.0,,,,,,,,,,,,,,,,,,,,,,,,,,,,,,0,0,0,1,1,1,1,1,1,0,0,0,1,1,0,0,0,0,0,0,0,1,1,0,1,0,0,0,0,1,0,0,0,0,0,,0,0,0,0,0,0,0,0,0,0,0,0,0,0,0,0,,,,,,18-20,16-25,City street,U,Tuesday,Belt Used,PV,Not Fatal,1,0,0,0,City Street,Municipal/City Police,Spokane Police Department,0,0,0,1,0,,,,,,0.0,0.0,0.0,,,,,,,,,,,98.0,98.0,98.0,0.0,,,,,20.0,7.0,,,,,,,,1.0,0.0,,,,,,,99223,Spokane,Spokane
2865,2926,2926,2020,402,EA71846,242.0,2020-09-25,21:29,25,9,,53,Pierce,1770,1,,2,1,2,1,1,1,1,,,,8,0,0,25.4,1,0,1,3,2,1,3,0,0,0,0,SR-161,,-122.2929806,47.157927778,0,1,13,80,5,35,34,0,0,1,5,8,1,1,6,5,1,1,1,53,0,20,481,2001,0,,8,,,,,,1,1,28,1,0.0,,0,0,3,0,11,0,,,,,0.0,0.0,0.0,3.0,1,0,,,,96,,,,,,98,,,,,,98531,53,72.0,220.0,6.0,1.0,0.0,0.0,0.0,0.0,,0,,,,,,0,,,20,0,0,0,8.0,3,2,,,0,,,8,8,8.0,95.0,,,96.0,,,8,95,995.0,,,,,,,,,,,,,,,,,,,,,,,,,,,,,,0,0,0,0,0,0,0,0,0,0,0,0,0,0,0,0,0,0,0,0,0,0,0,0,0,0,0,0,0,1,0,1,0,0,0,,0,0,0,0,0,0,0,0,0,0,0,0,0,0,0,0,,,,,,26-30,26-35,State route,U,Friday,Belt Used,PV,Not Fatal,0,0,0,0,State Route,Municipal/City Police,Puyallup Police Department,0,1,0,0,0,,,,,,0.0,0.0,0.0,,,,,,,,,,,98.0,98.0,98.0,0.0,,,,,20.0,7.0,,,,,,,,1.0,0.0,,,,,,,98373,Centralia,Puyallup
2866,2927,2927,2020,403,EA72111,122.0,2020-10-09,20:42,9,10,,61,Snohomish,690,2,,3,2,2,1,0,1,1,20:45,20:53,,39,0,0,0.0,3,0,3,3,2,1,3,0,0,3,3,SR-526 RAMP 526X00143,AIRPORT RD,-122.2718611,47.922305556,0,1,14,14,2,45,15,0,0,1,2,39,1,1,4,1,1,1,2,53,0,23,421,2001,0,,71,39.0,,,,,1,1,37,2,7.0,,4,7,20,7,11,0,10/09/2020,20:42,69053048211.0,48211.0,0.0,0.0,0.0,3.0,1,0,,,,92,,,,,,98,,,,,,98294,53,70.0,165.0,6.0,1.0,0.0,0.0,1.0,0.0,,0,,,,,,0,11/15/2018,11/15/2018,1,0,0,0,0.0,9,8,,,0,,,8,8,2.0,695.0,605.0,,1.0,1.0,,2,1,0.171,,,,,,,,,,,,,,,,,,,,,,,,,,,,,,0,0,0,1,1,1,1,1,1,0,0,0,0,0,0,0,1,0,0,1,0,0,0,0,0,0,0,0,0,1,0,0,0,1,0,,1,0,0,0,0,1,1,1,1,0,0,0,0,0,0,1,,,,,,36-40,36-45,State route,U,Friday,Not Used,PV,White,1,0,0,0,State Route,Municipal/City Police,Everett Police Department,0,1,0,0,0,thc,34.0,carboxy-thc,41.0,,0.0,0.0,0.0,,,,,,,,,,,98.0,98.0,98.0,1.0,,,,,20.0,7.0,,,,,,,nms,1.0,0.0,,,,,,,98204,Sultan,Everett
2867,2928,2928,2020,404,3854580,263.0,2020-05-20,8:49,20,5,,33,King,1960,10,,1,1,1,1,0,2,2,,,,12,1,6,0.0,2,0,3,3,2,4,6,0,0,20,3,15TH AVE NE,NE 130th St,-122.3126583,47.723041667,0,1,82,15,2,98,4,0,0,1,2,12,1,2,2,4,11,1,2,53,0,64,32,2000,0,,12,,,,,,1,1,26,1,0.0,,2,0,99,7,11,0,,,,,0.0,0.0,3.0,2.0,1,38,,,,96,,,,,,9,,,,,,98258,53,68.0,150.0,1.0,1.0,0.0,1.0,2.0,0.0,,1,7.0,,,,,0,08/15/2016,11/15/2017,20,0,0,0,8.0,3,2,,,0,,,1,8,2.0,401.0,417.0,,1.0,1.0,,2,1,0.0,,,,,,,,,,,,,,,,,,,,,,,,,,,,,,0,0,0,1,1,0,1,1,1,0,0,0,0,1,0,0,0,0,1,0,0,0,0,0,0,0,0,0,1,1,0,0,0,0,0,,0,0,0,0,0,0,1,1,0,0,1,1,0,0,1,0,,,,,,26-30,26-35,City street,U,Wednesday,Unknown,PV,Not Fatal,1,0,0,0,City Street,Municipal/City Police,Seattle Police Department,0,0,0,1,0,,,,,,0.0,0.0,2.0,,,,,,,,,,,98.0,98.0,98.0,0.0,,,,,20.0,7.0,,,,,,,,1.0,0.0,,,,,,,98125,Lake Stevens,Seattle
2868,2929,2929,2020,404,3854580,263.0,2020-05-20,8:49,20,5,,33,King,1960,10,,1,1,1,1,0,2,2,,,,12,0,6,0.0,2,0,3,3,2,4,6,0,0,0,0,15TH AVE NE,NE 130th St,-122.3126583,47.723041667,0,2,83,67,4,98,80,0,0,1,2,12,1,2,2,1,1,1,1,53,0,73,706,2014,0,,12,,,,,,1,1,61,1,7.0,,4,0,20,7,11,5,05/20/2020,9:44,196053024028.0,24028.0,0.0,0.0,0.0,3.0,1,0,,,,96,,,,,,0,,,,,,98258,53,73.0,250.0,6.0,1.0,0.0,0.0,1.0,0.0,,0,,,,,,0,10/15/2017,10/15/2017,20,8,0,0,0.0,9,8,,,0,,,8,8,2.0,695.0,605.0,,1.0,1.0,,2,1,0.069,,,,,,,,,,,,,,,,,,,,,,,,,,,,,,0,0,0,1,1,0,1,1,1,0,0,0,0,1,0,0,0,0,1,0,0,0,0,0,0,0,0,0,1,1,0,0,0,0,1,1.0,0,0,0,0,1,0,1,1,0,0,0,0,0,0,0,1,,,,,,61-65,56-65,City street,U,Wednesday,,MC,White,1,0,0,0,City Street,Municipal/City Police,Seattle Police Department,0,0,0,1,0,thc,11.0,carboxy-thc,62.0,,0.0,0.0,0.0,,,,,,,,,,,0.0,0.0,0.0,1.0,,,,,17.0,7.0,,,,,,,,1.0,0.0,,,,,,,98125,Lake Stevens,Seattle
2869,2930,2930,2020,405,3836479,263.0,2020-10-02,19:59,2,10,,33,King,1960,1,,3,1,1,1,1,1,1,,,,8,1,0,0.0,1,0,1,3,2,4,6,0,0,0,0,RAINIER AVE S,,-122.2959889,47.575486111,0,1,13,80,5,25,4,0,0,1,5,8,1,1,4,1,1,1,1,53,0,6,51,2010,0,,8,,,,,,1,1,32,1,0.0,,9,0,99,7,11,0,,,,,0.0,0.0,0.0,3.0,1,38,,,,0,,,,,,1,,,,,,98144,53,67.0,195.0,6.0,1.0,0.0,0.0,0.0,0.0,,97,,,,,,3,,,99,9,0,0,8.0,9,8,,,0,,,8,8,8.0,95.0,,,96.0,,,8,95,995.0,,,,,,,,,,,,,,,,,,,,,,,,,,,,,,0,0,0,0,0,0,0,0,0,1,0,1,1,0,0,0,0,0,1,0,0,0,0,0,0,0,0,0,0,1,0,1,0,0,0,,0,0,0,0,0,0,0,0,0,1,1,0,0,0,0,0,,,,,,31-35,26-35,City street,U,Friday,Unknown,PV,Not Fatal,0,0,0,0,City Street,Municipal/City Police,Seattle Police Department,0,0,0,1,0,,,,,,0.0,0.0,0.0,,,,,,,,,,,98.0,98.0,98.0,0.0,,,,,20.0,7.0,,,,,,,,1.0,0.0,,,,,,,98144,Seattle,Seattle
2870,2931,2931,2020,406,EA71988,262.0,2020-10-13,5:16,13,10,,33,King,1958,2,,3,2,2,1,1,1,1,,,,8,0,0,0.0,1,0,1,3,2,4,6,0,0,0,0,S 188TH ST,,-122.2907444,47.434477778,0,1,13,80,5,40,34,0,0,1,5,8,1,3,5,5,1,1,3,53,0,23,481,2004,0,,8,,,,,,1,1,54,1,0.0,,0,0,3,0,11,0,,,,,0.0,0.0,3.0,3.0,1,10,,,,0,,,,,,98,,,,,,98166,53,76.0,220.0,6.0,1.0,0.0,0.0,0.0,0.0,,0,,,,,,0,,,20,0,0,0,8.0,9,8,,,0,,,8,8,8.0,95.0,,,96.0,,,8,95,995.0,,,,,,,,,,,,,,,,,,,,,,,,,,,,,,0,0,0,0,0,0,0,0,0,1,1,1,0,0,0,0,0,0,0,0,0,0,0,0,0,0,0,0,0,1,0,1,0,0,0,,0,0,0,0,0,0,0,0,0,0,0,0,0,0,0,0,,,,,,51-55,46-55,City street,U,Tuesday,Belt Used,PV,Not Fatal,0,0,0,0,City Street,Municipal/City Police,SeaTac Police Department,0,0,0,1,0,,,,,,0.0,0.0,0.0,,,,,,,,,,,98.0,98.0,98.0,0.0,,,,,20.0,7.0,,,,,,,,1.0,0.0,,,,,,,98188,Seattle,Seattle
2871,2932,2932,2020,407,EA72523,6.0,2020-09-19,17:51,19,9,,25,Grant,0,1,,1,1,2,1,0,3,2,17:51,18:02,19:02,12,0,6,15.1,2,0,3,4,1,1,3,0,0,20,3,SR-243,RD 23 SW,-119.9267583,46.752522222,0,1,82,15,2,50,15,0,0,1,2,12,1,2,2,1,11,2,2,53,0,37,421,2006,0,,12,,,,,,1,1,24,1,0.0,,3,0,3,0,11,1,,,,,0.0,0.0,0.0,0.0,1,38,,,,96,,,,,,98,,,,,,99349,53,,999.0,0.0,0.0,0.0,1.0,0.0,0.0,,97,,,,,,0,10/15/2019,10/15/2019,8,0,0,0,8.0,9,8,,,0,,,8,8,8.0,95.0,,,96.0,,,8,95,995.0,,,,,,,,,,,,,,,,,,,,,,,,,,,,,,0,0,0,1,0,0,0,0,0,0,0,0,0,1,0,0,0,0,1,1,0,0,0,1,1,0,0,0,0,1,1,0,0,0,0,,0,0,0,0,0,0,0,0,0,0,1,1,0,0,0,0,,,,,,21-25,16-25,State route,R,Saturday,Belt Used,PV,Not Fatal,1,0,0,0,State Route,State Patrol,Washington State Patrol,0,1,0,0,0,,,,,,0.0,0.0,0.0,,,,,,,,,,,98.0,98.0,98.0,0.0,,,,,20.0,7.0,,,,,,,,1.0,0.0,,,,,,,99349,Mattawa,Mattawa
2872,2933,2933,2020,407,EA72523,6.0,2020-09-19,17:51,19,9,,25,Grant,0,1,,1,1,2,1,0,3,2,17:51,18:02,19:02,12,0,6,15.1,2,0,3,4,1,1,3,0,0,0,0,SR-243,RD 23 SW,-119.9267583,46.752522222,0,2,83,67,4,60,66,1,0,1,2,12,1,2,2,1,1,1,3,53,0,87,881,2016,0,,12,,,,,,1,1,53,1,0.0,,0,0,2,0,11,0,,,,,6.0,1.0,0.0,3.0,1,0,,,,96,,,,,,0,,,,,,99357,53,73.0,180.0,6.0,1.0,0.0,0.0,0.0,1.0,,0,,,,,,0,04/15/2019,04/15/2019,20,0,0,0,8.0,9,8,,,0,,,8,8,0.0,0.0,,,0.0,,,0,0,996.0,,,,,,,,,,,,,,,,,,,,,,,,,,,,,,0,0,0,1,0,0,0,0,0,0,0,0,0,1,0,0,0,0,1,1,0,0,0,1,1,0,0,0,0,1,1,0,0,0,0,,0,0,0,0,0,0,0,0,0,0,0,0,0,0,0,0,,,,,,51-55,46-55,State route,R,Saturday,,MHTRUCK,Not Fatal,1,0,0,0,State Route,State Patrol,Washington State Patrol,0,1,0,0,0,,,,,,0.0,0.0,0.0,,,,,,,,,,,98.0,98.0,98.0,0.0,,,,,20.0,7.0,,,,,,,,1.0,0.0,,,,,,,99349,Royal City,Mattawa
2873,2934,2934,2020,409,EA72701,29.0,2020-10-09,22:25,9,10,,41,Lewis,0,1,,2,1,2,1,1,2,2,22:25,22:46,,8,0,0,7.0,1,0,1,6,1,64,8,0,0,0,0,NFD ROAD 23,,-121.7626278,46.430719444,0,1,13,80,5,35,34,0,0,1,5,8,2,2,2,1,14,1,2,53,0,49,471,1993,0,,8,,,,,,1,1,17,1,0.0,,0,0,3,0,11,0,,,,,0.0,0.0,0.0,3.0,1,0,,,,92,,,,,,0,,,,,,98512,53,67.0,120.0,6.0,2.0,0.0,0.0,0.0,0.0,,0,,,,,,0,,,20,0,0,0,8.0,3,8,,,0,,,8,8,8.0,95.0,,,96.0,,,2,95,0.0,,,,,,,,,,,,,,,,,,,,,,,,,,,,,,0,0,0,0,0,0,0,0,0,0,0,0,0,0,0,0,1,0,0,0,1,0,1,1,1,0,0,0,0,1,0,1,0,0,0,,0,0,0,0,0,0,0,0,1,0,0,0,0,0,0,0,,,,,,16-17,16-25,Other,R,Friday,Belt Used,PV,Not Fatal,0,1,0,0,Other,County Sheriff,Lewis County Sheriff's Office,1,0,0,0,1,,,,,,0.0,0.0,0.0,,,,,,,,,,,0.0,0.0,0.0,0.0,,,,,20.0,7.0,,,,,,,,1.0,0.0,,,,,,,98377,Olympia,Randle
2874,2935,2935,2020,409,EA72701,29.0,2020-10-09,22:25,9,10,,41,Lewis,0,1,,2,1,2,1,1,2,2,22:25,22:46,,8,0,0,7.0,1,0,1,6,1,64,8,0,0,0,0,NFD ROAD 23,,-121.7626278,46.430719444,0,2,98,80,5,35,34,0,0,1,5,8,2,2,2,1,14,1,1,53,0,12,481,1998,0,,8,,,,,,1,1,23,1,0.0,,0,0,3,0,11,0,,,,,0.0,0.0,0.0,3.0,1,0,,,,96,,,,,,0,,,,,,98336,53,71.0,140.0,6.0,1.0,0.0,1.0,0.0,0.0,,0,,,,,,0,02/15/2018,02/15/2018,20,0,0,0,8.0,3,8,,,0,,,8,8,8.0,95.0,,,96.0,,,2,98,0.0,,,,,,,,,,,,,,,,,,,,,,,,,,,,,,0,0,0,0,0,0,0,0,0,0,0,0,0,0,0,0,1,0,0,0,1,0,1,1,1,0,0,0,0,1,0,1,0,0,0,,0,0,0,0,0,0,0,0,0,0,0,0,0,0,0,0,,,,,,21-25,16-25,Other,R,Friday,Belt Used,PV,Not Fatal,0,1,0,0,Other,County Sheriff,Lewis County Sheriff's Office,1,0,0,0,1,,,,,,0.0,0.0,0.0,,,,,,,,,,,0.0,0.0,0.0,0.0,,,,,20.0,7.0,,,,,,,,1.0,0.0,,,,,,,98377,Glenoma,Randle