,index,Unnamed: 0,year,case,par,repjur,crash_dt,crash_tm,accday,accmon,holiday,county,co_char,city,weather,weather2,lightcond,surfcond,surftype,numfatal,nmforms,pforms,vforms,not_tm,arr_tm,hosp_tm,fhevent,hitrun,manncol,milepnt,reljunc,reljuncinter,intersectiontype,funcsystem,landuse,ownership,route,schlbus,spejur,contdev,devfunc,trafid1,trafid2,lon,lat,wk_zone,vnumber,crashtype,criticalevent,criticaleventcat,spdlim,body,trailer,emerg,hazcargo,leave,mhevent,roadalgn,roadprof,traflane,trafflow,vehmanvr,numoccs,regowner,regstate,spuse,make,model,modelyr,vrf1,vrf2,seqevent1,seqevent2,seqevent3,seqevent4,seqevent5,seqevent6,pnumber,ptype,age,sex,hispanic,race,injury,diedscene,restraint,restraintmisuse,seatpos,takehosp,death_dt,death_tm,cert,cernum_wa,commlic,licendor,licrestrict,liccomp,drivpres,drf1,drf2,drf3,drf4,distract1,distract2,distract3,distract4,distract5,distract6,dricond1,dricond2,dricond3,dricond4,dricond5,dricond6,dzip,licstate,drhgt_in,weight,noncdl,noncdltype,prevdwi,prevoth,prevacc,prevspd,prevsus,driviol1,driviol2,driviol3,driviol4,driviol5,driviol6,spdrel,first_dt,last_dt,airbag,ejection,ejectpath,extricat,injurwrk,methalc,methdrug,nmlocat,strikveh,prf1,prf2,prf3,druginv,alcinvol,drugsts,drugres1,drugres2,drugres3,drugtst1,drugtst2,drugtst3,alcsts,alctst,alcres,nmact1,nmact2,nmact3,nmact4,nmact5,nmact6,nmprior1,nmprior2,nmprior3,nmprior4,nmprior5,nmprior6,nmcond1,nmcond2,nmcond3,nmcond4,nmcond5,nmcond6,nmsafe_helmet,nmsafe_pads,nmsafe_oth,nmprev_ref,nmprev_lgt,nmprev_oth,crashlocation,nmcrashtype,crosswalk,schoolzone,sidewalk,train_inv,wildlife_inv,rotr_fars,intersect_fars,dd_inv,aid_inv,dpd_inv,id_inv,mj_inv,impnm_inv,ainm_inv,dpnm_inv,speed_inv,unlic_inv,unendmc_inv,drowsy_inv,drdist_inv,nmdist_inv,fty_inv,unrestfat_inv,dr1617_inv,dr1820_inv,dr1620_inv,dr2125_inv,dr1625_inv,dr65_inv,dr70_inv,dr75_inv,mc_inv,pv_inv,ht_inv,ped_inv,bike_inv,unrest_fat,mc_fat,unhelmet_mc,pv_fat,ht_fat,ped_fat,bike_fat,dr_alc7,dr_alc8,dr_drug,dr_imp,dr_dist,dr_spd,dr_fty,dr_unlic,dr_alc7only,dr_alc8only,dr_drugonly,dr_drink,nm_imp,nm_alc7,nm_alc8,nm_drug,nm_dist,agegrp1,agegrp2,roadclass,urbrur,dayweek,restuse,vehtype,race_me,intersect,lanedep,oppdir,wrongway,rep_typ,investag,repag_long,rotr,st_rd,cty_rd,city_rd,oth_rd,drug_thc,thc_res,drug_cthc,cthc_res,drug_cann,prevpersemin,prevperse,prevsusoth,drugtst4,drugtst5,drugtst6,drugtst7,drugtst8,drugres4,drugres5,drugres6,drugres7,drugres8,adspresent,adsengaged,adslevel,race1,race2,race3,race4,race5,helmet,helmetmisuse,nmdistract1,nmdistract2,nmdistract3,nmdistract4,nmdistract5,nmdistract6,lab,isedtcase,crf1,crf2,crf3,CoRoadName,CoMP,IntCoRoadName,IntCoMP,crashzip,dcity,crashcity
2875,2936,2936,2020,410,EA72959,6.0,2020-10-13,18:37,13,10,,25,Grant,0,8,,2,1,2,1,0,3,3,18:36,18:46,19:23,12,0,2,3.9,1,0,1,3,1,1,3,0,0,0,0,SR-281,,-119.8535056,47.137283333,0,1,50,10,2,60,4,0,0,1,2,12,1,1,2,1,1,1,1,53,0,37,32,2005,0,,68,12.0,12.0,2.0,,,1,1,41,2,1.0,,4,0,3,0,11,5,10/16/2020,12:14,211053049947.0,49947.0,0.0,0.0,0.0,0.0,1,0,,,,96,,,,,,98,,,,,,98902,53,66.0,150.0,0.0,0.0,0.0,0.0,0.0,0.0,,0,,,,,,0,,,8,1,9,0,0.0,9,8,,,0,,,8,8,2.0,522.0,996.0,,1.0,1.0,,2,1,0.0,,,,,,,,,,,,,,,,,,,,,,,,,,,,,,0,0,0,0,0,0,1,1,0,0,0,0,0,1,0,0,0,0,0,0,0,0,0,0,0,0,0,0,0,1,0,0,0,0,0,,1,0,0,0,0,0,1,1,0,0,0,1,0,0,1,0,,,,,,41-45,36-45,State route,R,Tuesday,Belt Used,PV,Hispanic,0,1,1,0,State Route,State Patrol,Washington State Patrol,0,1,0,0,0,,,,,,0.0,0.0,0.0,,,,,,,,,,,98.0,98.0,98.0,298.0,,,,,20.0,7.0,,,,,,,,1.0,0.0,,,,,,,98848,Yakima,Quincy
2876,2937,2937,2020,410,EA72959,6.0,2020-10-13,18:37,13,10,,25,Grant,0,8,,2,1,2,1,0,3,3,18:36,18:46,19:23,12,0,2,3.9,1,0,1,3,1,1,3,0,0,0,0,SR-281,,-119.8535056,47.137283333,0,2,51,62,4,60,1,0,0,1,2,12,1,1,2,1,1,1,1,53,0,12,3,1999,0,,12,,,,,,1,1,41,1,0.0,,0,0,3,0,11,0,,,,,0.0,0.0,0.0,3.0,1,0,,,,96,,,,,,98,,,,,,93257,6,66.0,180.0,6.0,1.0,0.0,0.0,0.0,1.0,,0,,,,,,0,07/15/2020,07/15/2020,1,0,0,0,8.0,9,8,,,0,,,8,8,8.0,95.0,,,96.0,,,8,95,995.0,,,,,,,,,,,,,,,,,,,,,,,,,,,,,,0,0,0,0,0,0,1,1,0,0,0,0,0,1,0,0,0,0,0,0,0,0,0,0,0,0,0,0,0,1,0,0,0,0,0,,0,0,0,0,0,0,0,0,0,0,0,0,0,0,0,0,,,,,,41-45,36-45,State route,R,Tuesday,Belt Used,PV,Not Fatal,0,1,1,0,State Route,State Patrol,Washington State Patrol,0,1,0,0,0,,,,,,0.0,0.0,0.0,,,,,,,,,,,0.0,0.0,0.0,0.0,,,,,20.0,7.0,,,,,,,,1.0,0.0,,,,,,,98848,Porterville,Quincy
2877,2938,2938,2020,410,EA72959,6.0,2020-10-13,18:37,13,10,,25,Grant,0,8,,2,1,2,1,0,3,3,18:36,18:46,19:23,12,0,2,3.9,1,0,1,3,1,1,3,0,0,0,0,SR-281,,-119.8535056,47.137283333,0,3,98,62,4,60,20,0,0,1,2,12,1,1,2,1,1,1,1,53,0,35,443,2001,0,,12,,,,,,1,1,49,2,0.0,,3,0,3,0,11,8,,,,,0.0,0.0,0.0,3.0,1,0,,,,96,,,,,,98,,,,,,98824,53,64.0,158.0,6.0,1.0,0.0,1.0,0.0,0.0,,0,,,,,,0,01/15/2016,01/15/2016,1,0,0,0,8.0,9,8,,,0,,,8,8,8.0,95.0,,,96.0,,,8,95,995.0,,,,,,,,,,,,,,,,,,,,,,,,,,,,,,0,0,0,0,0,0,1,1,0,0,0,0,0,1,0,0,0,0,0,0,0,0,0,0,0,0,0,0,0,1,0,0,0,0,0,,0,0,0,0,0,0,0,0,0,0,0,0,0,0,0,0,,,,,,46-50,46-55,State route,R,Tuesday,Belt Used,PV,Not Fatal,0,1,1,0,State Route,State Patrol,Washington State Patrol,0,1,0,0,0,,,,,,0.0,0.0,0.0,,,,,,,,,,,98.0,98.0,98.0,0.0,,,,,20.0,7.0,,,,,,,,1.0,0.0,,,,,,,98848,George,Quincy
2878,2939,2939,2020,411,EA73033,2.0,2020-10-16,20:50,16,10,,57,Skagit,0,2,,3,2,2,1,0,3,2,,,,12,0,6,4.1,2,0,2,5,1,1,3,0,0,3,3,SR-11,FIELD RD,-122.3913917,48.530391667,0,1,89,17,2,35,4,0,0,1,2,12,1,1,2,1,1,1,1,53,0,49,51,2008,0,,12,,,,,,1,1,23,2,7.0,,4,0,3,0,11,5,10/16/2020,23:11,141053002050.0,2050.0,0.0,0.0,0.0,3.0,1,39,,,,96,,,,,,98,,,,,,98237,53,62.0,155.0,6.0,1.0,0.0,0.0,1.0,1.0,,0,,,,,,0,10/15/2020,10/15/2020,8,0,0,0,0.0,3,2,,,0,,,8,8,2.0,128.0,177.0,,1.0,1.0,,2,1,0.0,,,,,,,,,,,,,,,,,,,,,,,,,,,,,,0,0,0,1,0,0,1,1,0,0,0,0,0,0,0,0,0,0,0,0,0,0,0,1,1,0,0,0,0,1,0,0,0,0,0,,1,0,0,0,0,0,1,1,0,0,0,0,0,0,1,0,,,,,,21-25,16-25,State route,R,Friday,Belt Used,PV,White,1,0,0,0,State Route,State Patrol,Washington State Patrol,0,1,0,0,0,,,,,,0.0,0.0,0.0,,,,,,,,,,,98.0,98.0,98.0,1.0,,,,,20.0,7.0,,,,,,,,1.0,0.0,,,,,,,98232,Concrete,Bow
2879,2940,2940,2020,411,EA73033,2.0,2020-10-16,20:50,16,10,,57,Skagit,0,2,,3,2,2,1,0,3,2,,,,12,0,6,4.1,2,0,2,5,1,1,3,0,0,0,0,SR-11,FIELD RD,-122.3913917,48.530391667,0,2,88,66,4,55,34,0,0,1,2,12,1,1,2,1,1,2,2,53,0,7,472,1997,0,,12,,,,,,1,1,21,8,0.0,,0,0,3,0,11,0,,,,,0.0,0.0,3.0,3.0,1,0,,,,96,,,,,,0,,,,,,98020,53,75.0,150.0,6.0,2.0,0.0,0.0,0.0,0.0,,0,,,,,,0,,,8,0,0,0,8.0,3,2,,,0,,,8,8,8.0,95.0,,,96.0,,,2,95,0.0,,,,,,,,,,,,,,,,,,,,,,,,,,,,,,0,0,0,1,0,0,1,1,0,0,0,0,0,0,0,0,0,0,0,0,0,0,0,1,1,0,0,0,0,1,0,0,0,0,0,,0,0,0,0,0,0,0,0,0,0,0,0,0,0,0,0,,,,,,21-25,16-25,State route,R,Friday,Belt Used,PV,Not Fatal,1,0,0,0,State Route,State Patrol,Washington State Patrol,0,1,0,0,0,,,,,,0.0,0.0,0.0,,,,,,,,,,,0.0,0.0,0.0,0.0,,,,,20.0,7.0,,,,,,,,1.0,0.0,,,,,,,98232,Edmonds,Bow
2880,2941,2941,2020,412,EA73174,40.0,2020-10-11,2:12,11,10,,63,Spokane,0,1,,2,1,2,1,0,4,1,2:24,2:39,3:14,35,0,0,0.2,3,0,10,5,2,2,4,0,0,9,3,CR-N FORKER RD,E FORKER RIDGE LN,-117.2076056,47.712255556,0,1,14,11,2,98,34,0,0,1,2,35,1,8,2,1,1,4,0,53,0,12,481,2014,0,,71,35.0,1.0,,,,1,1,35,1,7.0,,4,7,99,7,11,0,10/11/2020,2:12,53047382.0,47382.0,0.0,0.0,0.0,3.0,1,39,,,,96,,,,,,9,,,,,,99006,53,72.0,200.0,6.0,1.0,0.0,2.0,0.0,3.0,,0,,,,,,4,11/15/2015,11/15/2019,99,0,0,0,0.0,9,8,,,0,,,8,1,2.0,1.0,,,1.0,,,2,1,0.144,,,,,,,,,,,,,,,,,,,,,,,,,,,,,,0,0,0,1,1,1,0,1,0,0,0,0,1,0,0,0,0,0,0,0,0,0,0,0,0,0,0,0,0,1,0,0,0,0,0,,1,0,0,0,0,1,0,1,0,1,0,0,0,1,0,1,,,,,,31-35,26-35,County road,U,Sunday,Unknown,PV,White,0,1,0,0,County Road,County Sheriff,Spokane County Sheriff's Office,1,0,1,0,0,,,,,,0.0,0.0,0.0,,,,,,,,,,,98.0,98.0,98.0,1.0,,,,,20.0,7.0,,,,,,,,1.0,0.0,,,FORKER RD,0.167,,,99216,Deer Park,Spokane
2881,2942,2942,2020,413,EA73251,339.0,2020-10-06,23:37,6,10,,63,Spokane,2113,1,,2,1,2,1,1,1,1,23:54,0:00,0:39,8,1,0,0.0,99,0,1,4,2,4,6,0,0,0,0,N PARK RD,,-117.3040222,47.677269444,0,1,13,99,9,35,34,0,0,1,5,8,1,1,2,1,1,99,1,53,0,20,481,2011,0,,8,,,,,,1,1,35,2,0.0,,0,0,99,7,11,0,,,,,0.0,0.0,0.0,3.0,1,0,,,,96,,,,,,98,,,,,,99212,53,65.0,170.0,6.0,1.0,0.0,0.0,0.0,0.0,,2,,,,,,0,,,20,0,0,0,8.0,9,8,,,0,,,8,8,8.0,95.0,,,96.0,,,8,95,995.0,,,,,,,,,,,,,,,,,,,,,,,,,,,,,,0,0,0,0,0,0,0,0,0,1,1,0,0,0,0,0,0,0,0,0,0,0,0,0,0,0,0,0,0,1,0,1,0,0,0,,0,0,0,0,0,0,0,0,0,0,0,0,0,0,0,0,,,,,,31-35,26-35,City street,U,Tuesday,Unknown,PV,Not Fatal,0,0,0,0,City Street,Municipal/City Police,Spokane Valley Police Department,0,0,0,1,0,,,,,,0.0,0.0,0.0,,,,,,,,,,,98.0,98.0,98.0,0.0,,,,,20.0,7.0,,,,,,,,1.0,18.0,,,,,,,99212,Spokane,Spokane
2882,2943,2943,2020,414,EA73265,2.0,2020-10-17,4:30,17,10,,57,Skagit,0,10,,2,2,2,1,0,1,1,,,,52,0,0,69.1,3,0,4,4,1,1,3,0,0,0,0,SR-20,SIMMS RD,-122.1572028,48.529602778,0,1,1,13,2,55,80,0,0,1,2,52,1,1,2,1,1,1,1,53,0,98,706,2016,0,,63,52.0,,,,,1,1,59,1,7.0,,4,7,20,7,11,0,10/17/2020,4:30,53048801.0,48801.0,0.0,0.0,3.0,3.0,1,0,,,,96,,,,,,99,,,,,,98230,53,71.0,202.0,6.0,1.0,0.0,2.0,0.0,1.0,,0,,,,,,4,07/15/2017,11/15/2019,20,8,0,0,0.0,9,8,,,0,,,8,8,2.0,695.0,605.0,,1.0,1.0,,2,1,0.121,,,,,,,,,,,,,,,,,,,,,,,,,,,,,,0,0,1,1,1,1,1,1,1,0,0,0,1,0,0,0,0,0,0,0,0,0,0,0,0,0,0,0,1,0,0,0,0,0,1,0.0,0,0,0,0,0,1,1,1,0,1,0,0,0,0,0,1,,,,,,56-60,56-65,State route,R,Saturday,,MC,White,0,1,0,0,State Route,State Patrol,Washington State Patrol,1,1,0,0,0,thc,14.0,,,,0.0,0.0,0.0,,,,,,,,,,,0.0,0.0,0.0,1.0,,,,,5.0,0.0,,,,,,,nms,1.0,0.0,,,,,,,98284,Blaine,Sedro Woolley
2883,2944,2944,2020,415,EA73989,7.0,2020-10-16,3:51,16,10,,33,King,1830,1,,3,1,2,1,0,2,2,,,,12,1,1,2.3,1,0,1,1,2,1,1,0,0,0,0,I-405,,-122.2177861,47.46795,0,1,24,51,3,60,21,0,0,1,5,12,1,1,3,3,1,1,2,53,0,20,461,2006,0,,12,,,,,,1,1,51,1,0.0,,0,0,3,0,11,0,,,,,0.0,0.0,3.0,3.0,1,26,91.0,,,96,,,,,,98,,,,,,98386,53,68.0,180.0,6.0,1.0,0.0,1.0,1.0,1.0,,1,,,,,,0,10/15/2016,03/15/2019,20,0,0,0,8.0,9,8,,,0,,,8,8,8.0,95.0,,,96.0,,,8,95,995.0,,,,,,,,,,,,,,,,,,,,,,,,,,,,,,0,0,0,0,0,0,0,0,0,0,0,0,0,0,0,0,0,0,0,0,1,0,1,0,1,0,0,0,1,1,0,0,0,0,0,,0,0,0,0,0,0,0,0,0,0,0,0,0,0,0,0,,,,,,51-55,46-55,Interstate,U,Friday,Belt Used,PV,Not Fatal,0,0,0,0,State Route,State Patrol,Washington State Patrol,0,1,0,0,0,,,,,,0.0,0.0,0.0,,,,,,,,,,,98.0,98.0,98.0,0.0,,,,,20.0,7.0,,,,,,,,1.0,0.0,,,,,,,98057,Southworth,Renton
2884,2946,2946,2020,416,EA73990,21.0,2020-10-13,15:46,13,10,,25,Grant,0,7,,1,1,7,1,0,2,2,,,,12,0,1,8.4,1,0,1,5,1,2,4,0,0,0,0,CR-ROAD W NE,,-119.0010528,47.252569444,0,1,25,53,3,60,14,0,0,1,2,12,1,3,2,1,1,1,1,53,0,2,404,2020,0,,12,,,,,,1,1,71,2,7.0,,4,7,3,0,11,0,10/13/2020,15:46,53047990.0,47990.0,0.0,0.0,3.0,3.0,1,0,,,,96,,,,,,98,,,,,,99159,53,67.0,170.0,6.0,1.0,0.0,0.0,0.0,0.0,,0,,,,,,0,,,20,0,0,0,0.0,9,8,,,0,,,8,8,8.0,95.0,,,96.0,,,8,95,995.0,,,,,,,,,,,,,,,,,,,,,,,,,,,,,,0,0,0,0,0,0,0,0,0,0,0,0,0,0,0,0,0,0,0,0,0,0,0,0,0,1,1,0,0,1,1,0,0,0,0,,1,0,0,0,0,0,0,0,0,0,0,0,0,0,0,0,,,,,,71-75,66-75,County road,R,Tuesday,Belt Used,PV,White,0,0,0,0,County Road,County Sheriff,Grant County Sheriff's Office,0,0,1,0,0,,,,,,0.0,0.0,0.0,,,,,,,,,,,98.0,98.0,98.0,1.0,,,,,20.0,7.0,,,,,,,,1.0,0.0,,,W NE,8.44,,,98832,Odessa,Marlin
2885,2947,2947,2020,416,EA73990,21.0,2020-10-13,15:46,13,10,,25,Grant,0,7,,1,1,7,1,0,2,2,,,,12,0,1,8.4,1,0,1,5,1,2,4,0,0,0,0,CR-ROAD W NE,,-119.0010528,47.252569444,0,2,24,51,3,60,66,0,0,1,2,12,1,3,2,1,1,1,3,53,0,87,881,1997,0,,12,,,,,,1,1,28,1,0.0,,0,0,3,0,11,0,,,,,6.0,3.0,3.0,3.0,1,0,,,,96,,,,,,0,,,,,,98832,53,68.0,190.0,6.0,1.0,0.0,1.0,0.0,0.0,,0,,,,,,0,01/15/2017,01/15/2017,20,0,0,0,8.0,3,2,,,0,,,8,8,0.0,0.0,,,0.0,,,0,0,996.0,,,,,,,,,,,,,,,,,,,,,,,,,,,,,,0,0,0,0,0,0,0,0,0,0,0,0,0,0,0,0,0,0,0,0,0,0,0,0,0,1,1,0,0,1,1,0,0,0,0,,0,0,0,0,0,0,0,0,0,0,0,0,0,0,0,0,,,,,,26-30,26-35,County road,R,Tuesday,,MHTRUCK,Not Fatal,0,0,0,0,County Road,County Sheriff,Grant County Sheriff's Office,0,0,1,0,0,,,,,,0.0,0.0,0.0,,,,,,,,,,,0.0,0.0,0.0,0.0,,,,,20.0,7.0,,,,,,,,1.0,0.0,,,W NE,8.44,,,98832,Marlin,Marlin
2886,2948,2948,2020,417,EA74128,290.0,2020-10-15,22:32,15,10,,53,Pierce,2230,1,,3,1,2,1,0,1,1,,,,30,0,0,0.0,3,0,2,3,2,1,3,0,0,0,0,SR-509,S 28TH ST,-122.4347417,47.236130556,0,1,6,6,1,25,2,0,0,1,2,30,1,2,5,5,6,1,2,53,0,18,5,1997,0,,68,64.0,30.0,,,,1,1,62,1,7.0,,4,7,3,0,11,0,10/15/2020,22:32,223053048674.0,48674.0,0.0,0.0,0.0,0.0,1,0,,,,96,,,,,,98,,,,,,98444,53,68.0,160.0,0.0,0.0,0.0,0.0,0.0,0.0,,0,,,,,,4,,,1,0,0,0,0.0,9,8,,,0,,,8,8,2.0,407.0,402.0,,1.0,1.0,,2,1,0.0,,,,,,,,,,,,,,,,,,,,,,,,,,,,,,0,0,1,1,0,0,1,1,0,0,0,0,1,1,0,0,0,0,0,0,0,0,0,0,0,0,0,0,0,1,0,0,0,0,0,,1,0,0,0,0,0,1,1,0,1,0,1,0,0,1,0,,,,,,61-65,56-65,State route,U,Thursday,Belt Used,PV,Black,1,0,0,0,State Route,Municipal/City Police,Tacoma Police Department,0,1,0,0,0,,,,,,0.0,0.0,0.0,,,,,,,,,,,0.0,0.0,0.0,2.0,,,,,20.0,7.0,,,,,,,,1.0,0.0,,,,,,,98402,Tacoma,Tacoma
2887,2949,2949,2020,418,EA74901,6.0,2020-10-17,14:27,17,10,,37,Kittitas,0,1,,1,1,2,1,0,1,1,14:25,14:48,,1,0,0,128.7,1,0,1,1,1,1,1,0,0,0,0,I-90,,-120.1112806,46.944191667,0,1,6,12,2,70,80,0,0,1,2,1,3,2,3,2,15,1,1,53,0,72,706,2019,0,,64,1.0,,,,,1,1,78,1,7.0,,4,7,20,7,11,0,10/17/2020,14:27,53048393.0,48393.0,0.0,0.0,0.0,0.0,1,0,,,,92,,,,,,98,,,,,,98837,53,72.0,204.0,4.0,1.0,0.0,0.0,1.0,2.0,,0,,,,,,0,03/15/2016,11/15/2018,20,8,0,0,0.0,9,8,,,0,,,8,8,8.0,95.0,,,96.0,,,8,95,995.0,,,,,,,,,,,,,,,,,,,,,,,,,,,,,,0,0,1,0,0,0,0,0,0,0,0,0,0,1,1,0,1,0,0,0,0,0,0,0,0,1,1,1,1,0,0,0,0,0,1,0.0,0,0,0,0,0,0,0,0,1,0,0,1,0,0,0,0,,,,,,76-80,76+,Interstate,R,Saturday,,MC,White,0,1,0,0,State Route,State Patrol,Washington State Patrol,1,1,0,0,0,,,,,,0.0,0.0,1.0,,,,,,,,,,,0.0,0.0,0.0,1.0,,,,,5.0,0.0,,,,,,,,1.0,0.0,,,,,,,98926,Moses Lake,Ellensburg
2888,2950,2950,2020,419,EA74949,29.0,2020-10-24,19:42,24,10,,41,Lewis,0,1,,2,1,2,1,0,1,1,19:45,19:46,,1,0,0,5.9,1,0,1,5,1,2,4,0,0,0,0,CR-HIGHWAY 603,,-122.9354056,46.593425,0,1,98,9,1,50,34,0,0,1,2,1,1,1,2,1,6,1,1,53,0,23,481,2004,0,,68,64.0,69.0,1.0,,,1,1,18,1,7.0,,4,7,99,7,11,0,10/24/2020,19:42,53050313.0,50313.0,0.0,0.0,0.0,3.0,1,0,,,,96,,,,,,98,,,,,,98591,53,73.0,160.0,6.0,2.0,0.0,0.0,0.0,0.0,,0,,,,,,3,,,8,1,9,0,0.0,9,8,,,0,,,8,8,2.0,1.0,,,1.0,,,2,1,0.16,,,,,,,,,,,,,,,,,,,,,,,,,,,,,,0,0,0,0,1,1,0,1,0,0,0,0,1,0,0,0,0,0,0,0,0,1,1,0,1,0,0,0,0,1,0,0,0,0,0,,1,0,0,0,0,1,0,1,0,1,0,0,0,1,0,1,,,,,,18-20,16-25,County road,R,Saturday,Unknown,PV,White,0,0,0,0,County Road,County Sheriff,Lewis County Sheriff's Office,0,0,1,0,0,,,,,,0.0,0.0,0.0,,,,,,,,,,,98.0,98.0,98.0,1.0,,,,,20.0,7.0,,,,,,,,1.0,0.0,,,HWY 603,5.903,,,98532,Toledo,Chehalis
2889,2951,2951,2020,420,EA74969,42.0,2020-10-24,22:52,24,10,,67,Thurston,0,1,,2,1,2,2,0,3,2,,,,12,0,2,3.2,1,0,1,5,1,2,4,0,0,0,0,CR-BALD HILL RD SE,,-122.5420722,46.900205556,0,1,51,62,4,98,4,0,0,1,5,12,3,1,2,1,14,1,1,53,0,49,40,2009,0,,12,,,,,,1,1,72,2,0.0,,2,0,3,0,11,0,,,,,0.0,0.0,3.0,3.0,1,0,,,,96,,,,,,0,,,,,,98328,53,61.0,105.0,6.0,1.0,0.0,0.0,0.0,1.0,,0,,,,,,0,05/15/2018,05/15/2018,1,0,0,0,8.0,9,8,,,0,,,8,8,0.0,0.0,,,0.0,,,0,0,996.0,,,,,,,,,,,,,,,,,,,,,,,,,,,,,,0,0,0,0,0,0,0,0,0,0,0,0,0,0,0,0,0,0,0,0,0,0,0,0,0,1,1,0,1,1,0,0,0,0,0,,0,0,0,0,0,0,0,0,0,0,0,0,0,0,0,0,,,,,,71-75,66-75,County road,R,Saturday,Belt Used,PV,Not Fatal,0,1,1,0,County Road,County Sheriff,Thurston County Sheriff's Office,0,0,1,0,0,,,,,,0.0,0.0,0.0,,,,,,,,,,,98.0,98.0,98.0,0.0,,,,,20.0,7.0,,,,,,,,1.0,0.0,,,BALD HILL RD SE,3.2,,,98597,Eatonville,Yelm
2890,2952,2952,2020,420,EA74969,42.0,2020-10-24,22:52,24,10,,67,Thurston,0,1,,2,1,2,2,0,3,2,,,,12,0,2,3.2,1,0,1,5,1,2,4,0,0,0,0,CR-BALD HILL RD SE,,-122.5420722,46.900205556,0,2,50,10,2,98,80,0,0,1,5,12,2,1,2,1,14,2,1,53,0,72,706,2017,0,,68,12.0,,,,,1,1,40,1,7.0,,4,7,20,7,11,0,10/24/2020,23:08,53051261.0,51261.0,0.0,0.0,0.0,3.0,1,28,,,,96,,,,,,98,,,,,,98597,53,73.0,170.0,6.0,1.0,0.0,0.0,0.0,0.0,,0,,,,,,0,,,20,8,0,0,0.0,9,8,,,0,,,8,8,2.0,1.0,,,1.0,,,2,1,0.0,,,,,,,,,,,,,,,,,,,,,,,,,,,,,,0,0,0,0,0,0,0,0,0,0,0,0,0,0,0,0,0,0,0,0,0,0,0,0,0,1,1,0,1,1,0,0,0,0,1,0.0,0,0,0,0,0,0,0,0,0,0,0,0,0,0,0,0,,,,,,36-40,36-45,County road,R,Saturday,,MC,White,0,1,1,0,County Road,County Sheriff,Thurston County Sheriff's Office,0,0,1,0,0,,,,,,0.0,0.0,0.0,,,,,,,,,,,0.0,0.0,0.0,1.0,,,,,5.0,0.0,,,,,,,,1.0,0.0,,,BALD HILL RD SE,3.2,,,98597,Yelm,Yelm
2891,2953,2953,2020,421,EA75128,159.0,2020-10-04,1:02,4,10,,5,Benton,1020,1,,3,1,2,1,0,3,2,1:02,1:09,,5,0,0,0.0,2,0,2,3,2,4,6,0,0,0,0,W CLEARWATER AVE,N MORAIN ST,-119.1693861,46.21235,0,1,0,98,7,35,4,0,0,1,2,5,1,1,4,1,11,2,2,53,0,49,40,2012,0,,5,73.0,,,,,1,1,20,2,0.0,,0,0,99,7,11,0,,,,,0.0,0.0,0.0,0.0,1,0,,,,96,,,,,,98,,,,,,99337,53,62.0,160.0,0.0,0.0,0.0,0.0,0.0,0.0,,0,,,,,,0,,,20,0,0,0,8.0,9,8,,,0,,,8,8,8.0,95.0,,,96.0,,,8,95,995.0,,,,,,,,,,,,,,,,,,,,,,,,,,,,,,0,0,0,1,0,0,0,0,0,0,0,0,0,1,0,0,0,0,1,1,0,1,1,1,1,0,0,0,0,1,0,0,0,0,0,,0,0,0,0,0,0,0,0,0,0,0,1,0,0,0,0,,,,,,18-20,16-25,City street,U,Sunday,Unknown,PV,Not Fatal,1,0,0,0,City Street,Municipal/City Police,Kennewick Police Department,0,0,0,1,0,,,,,,0.0,0.0,0.0,,,,,,,,,,,98.0,98.0,98.0,0.0,,,,,20.0,7.0,,,,,,,,1.0,0.0,,,,,,,99336,Kennewick,Kennewick
2892,2954,2954,2020,421,EA75128,159.0,2020-10-04,1:02,4,10,,5,Benton,1020,1,,3,1,2,1,0,3,2,1:02,1:09,,5,1,0,0.0,2,0,2,3,2,4,6,0,0,3,3,W CLEARWATER AVE,N MORAIN ST,-119.1693861,46.21235,0,2,98,90,6,35,4,0,0,1,2,73,1,1,5,1,1,1,2,53,0,7,43,2006,0,,73,,,,,,1,1,23,1,0.0,,0,0,99,7,11,0,,,,,0.0,0.0,3.0,3.0,1,38,,,,96,,,,,,98,,,,,,99336,53,68.0,145.0,6.0,1.0,0.0,1.0,0.0,1.0,,97,,,,,,0,05/15/2019,01/15/2019,20,0,0,0,8.0,9,8,,,0,,,8,8,8.0,95.0,,,96.0,,,8,95,995.0,,,,,,,,,,,,,,,,,,,,,,,,,,,,,,0,0,0,1,0,0,0,0,0,0,0,0,0,1,0,0,0,0,1,1,0,1,1,1,1,0,0,0,0,1,0,0,0,0,0,,0,0,0,0,0,0,0,0,0,0,1,0,0,0,0,0,,,,,,21-25,16-25,City street,U,Sunday,Unknown,PV,Not Fatal,1,0,0,0,City Street,Municipal/City Police,Kennewick Police Department,0,0,0,1,0,,,,,,0.0,0.0,1.0,,,,,,,,,,,98.0,98.0,98.0,0.0,,,,,20.0,7.0,,,,,,,,1.0,0.0,,,,,,,99336,Kennewick,Kennewick