,index,Unnamed: 0,year,case,par,repjur,crash_dt,crash_tm,accday,accmon,holiday,county,co_char,city,weather,weather2,lightcond,surfcond,surftype,numfatal,nmforms,pforms,vforms,not_tm,arr_tm,hosp_tm,fhevent,hitrun,manncol,milepnt,reljunc,reljuncinter,intersectiontype,funcsystem,landuse,ownership,route,schlbus,spejur,contdev,devfunc,trafid1,trafid2,lon,lat,wk_zone,vnumber,crashtype,criticalevent,criticaleventcat,spdlim,body,trailer,emerg,hazcargo,leave,mhevent,roadalgn,roadprof,traflane,trafflow,vehmanvr,numoccs,regowner,regstate,spuse,make,model,modelyr,vrf1,vrf2,seqevent1,seqevent2,seqevent3,seqevent4,seqevent5,seqevent6,pnumber,ptype,age,sex,hispanic,race,injury,diedscene,restraint,restraintmisuse,seatpos,takehosp,death_dt,death_tm,cert,cernum_wa,commlic,licendor,licrestrict,liccomp,drivpres,drf1,drf2,drf3,drf4,distract1,distract2,distract3,distract4,distract5,distract6,dricond1,dricond2,dricond3,dricond4,dricond5,dricond6,dzip,licstate,drhgt_in,weight,noncdl,noncdltype,prevdwi,prevoth,prevacc,prevspd,prevsus,driviol1,driviol2,driviol3,driviol4,driviol5,driviol6,spdrel,first_dt,last_dt,airbag,ejection,ejectpath,extricat,injurwrk,methalc,methdrug,nmlocat,strikveh,prf1,prf2,prf3,druginv,alcinvol,drugsts,drugres1,drugres2,drugres3,drugtst1,drugtst2,drugtst3,alcsts,alctst,alcres,nmact1,nmact2,nmact3,nmact4,nmact5,nmact6,nmprior1,nmprior2,nmprior3,nmprior4,nmprior5,nmprior6,nmcond1,nmcond2,nmcond3,nmcond4,nmcond5,nmcond6,nmsafe_helmet,nmsafe_pads,nmsafe_oth,nmprev_ref,nmprev_lgt,nmprev_oth,crashlocation,nmcrashtype,crosswalk,schoolzone,sidewalk,train_inv,wildlife_inv,rotr_fars,intersect_fars,dd_inv,aid_inv,dpd_inv,id_inv,mj_inv,impnm_inv,ainm_inv,dpnm_inv,speed_inv,unlic_inv,unendmc_inv,drowsy_inv,drdist_inv,nmdist_inv,fty_inv,unrestfat_inv,dr1617_inv,dr1820_inv,dr1620_inv,dr2125_inv,dr1625_inv,dr65_inv,dr70_inv,dr75_inv,mc_inv,pv_inv,ht_inv,ped_inv,bike_inv,unrest_fat,mc_fat,unhelmet_mc,pv_fat,ht_fat,ped_fat,bike_fat,dr_alc7,dr_alc8,dr_drug,dr_imp,dr_dist,dr_spd,dr_fty,dr_unlic,dr_alc7only,dr_alc8only,dr_drugonly,dr_drink,nm_imp,nm_alc7,nm_alc8,nm_drug,nm_dist,agegrp1,agegrp2,roadclass,urbrur,dayweek,restuse,vehtype,race_me,intersect,lanedep,oppdir,wrongway,rep_typ,investag,repag_long,rotr,st_rd,cty_rd,city_rd,oth_rd,drug_thc,thc_res,drug_cthc,cthc_res,drug_cann,prevpersemin,prevperse,prevsusoth,drugtst4,drugtst5,drugtst6,drugtst7,drugtst8,drugres4,drugres5,drugres6,drugres7,drugres8,adspresent,adsengaged,adslevel,race1,race2,race3,race4,race5,helmet,helmetmisuse,nmdistract1,nmdistract2,nmdistract3,nmdistract4,nmdistract5,nmdistract6,lab,isedtcase,crf1,crf2,crf3,CoRoadName,CoMP,IntCoRoadName,IntCoMP,crashzip,dcity,crashcity
2893,2955,2955,2020,422,EA75227,3.0,2020-10-17,21:36,17,10,,33,King,1960,1,,3,1,1,1,1,2,2,,,,8,0,0,164.6,1,0,1,1,2,1,1,0,0,0,0,I-5,,-122.3205917,47.595280556,0,1,13,80,5,60,14,0,0,1,5,8,1,4,3,3,1,1,1,53,0,49,401,1997,0,,8,,,,,,1,1,37,1,0.0,,0,0,3,0,11,0,,,,,0.0,0.0,0.0,3.0,1,0,,,,96,,,,,,98,,,,,,98107,53,72.0,190.0,6.0,1.0,0.0,0.0,1.0,0.0,,0,,,,,,0,08/15/2016,08/15/2016,20,0,0,0,8.0,9,8,,,0,,,8,8,8.0,95.0,,,96.0,,,8,95,995.0,,,,,,,,,,,,,,,,,,,,,,,,,,,,,,0,0,0,0,0,0,0,0,0,1,0,1,0,0,0,0,0,0,0,0,0,0,0,0,0,0,0,0,0,1,0,1,0,0,0,,0,0,0,0,0,0,0,0,0,0,0,0,0,0,0,0,,,,,,36-40,36-45,Interstate,U,Saturday,Belt Used,PV,Not Fatal,0,0,0,0,State Route,State Patrol,Washington State Patrol,0,1,0,0,0,,,,,,0.0,0.0,0.0,,,,,,,,,,,0.0,0.0,0.0,0.0,,,,,20.0,7.0,,,,,,,,1.0,0.0,,,,,,,98134,Seattle,Seattle
2894,2956,2956,2020,422,EA75227,3.0,2020-10-17,21:36,17,10,,33,King,1960,1,,3,1,1,1,1,2,2,,,,8,0,0,164.6,1,0,1,1,2,1,1,0,0,0,0,I-5,,-122.3205917,47.595280556,0,2,98,80,5,60,14,0,0,1,5,8,1,4,3,3,1,1,1,53,0,18,404,2016,0,,8,,,,,,1,1,27,2,0.0,,0,0,3,0,11,0,,,,,0.0,0.0,3.0,3.0,1,0,,,,96,,,,,,98,,,,,,98032,53,62.0,185.0,6.0,1.0,0.0,2.0,0.0,0.0,,0,,,,,,0,01/15/2017,03/15/2019,20,0,0,0,8.0,9,8,,,0,,,8,8,8.0,95.0,,,96.0,,,8,95,995.0,,,,,,,,,,,,,,,,,,,,,,,,,,,,,,0,0,0,0,0,0,0,0,0,1,0,1,0,0,0,0,0,0,0,0,0,0,0,0,0,0,0,0,0,1,0,1,0,0,0,,0,0,0,0,0,0,0,0,0,0,0,0,0,0,0,0,,,,,,26-30,26-35,Interstate,U,Saturday,Belt Used,PV,Not Fatal,0,0,0,0,State Route,State Patrol,Washington State Patrol,0,1,0,0,0,,,,,,0.0,0.0,0.0,,,,,,,,,,,98.0,98.0,98.0,0.0,,,,,20.0,7.0,,,,,,,,1.0,0.0,,,,,,,98134,Kent,Seattle
2895,2957,2957,2020,423,EA76737,4.0,2020-10-30,13:01,30,10,,63,Spokane,2110,1,,1,1,2,1,0,6,3,,,,12,0,7,280.9,1,0,1,1,2,1,1,0,0,0,0,I-90,,-117.3706806,47.654033333,0,1,47,10,2,60,49,0,0,1,2,25,1,1,4,3,15,2,1,53,0,2,999,1968,0,,12,64.0,25.0,1.0,2.0,54.0,1,1,40,1,0.0,,3,0,20,7,11,5,,,,,0.0,0.0,0.0,3.0,1,33,,,,0,,,,,,8,,,,,,99026,53,72.0,195.0,6.0,1.0,0.0,3.0,1.0,1.0,,1,,,,,,0,08/15/2017,11/15/2020,99,1,9,0,8.0,9,8,,,0,,,8,8,8.0,95.0,,,96.0,,,8,95,995.0,,,,,,,,,,,,,,,,,,,,,,,,,,,,,,0,0,0,0,0,0,0,0,0,0,0,0,0,0,0,0,0,0,0,1,0,0,0,0,0,0,0,0,0,1,0,0,0,0,0,,0,0,0,0,0,0,0,0,0,0,0,0,0,0,0,0,,,,,,36-40,36-45,Interstate,U,Friday,Not Used,PV,Not Fatal,0,0,0,0,State Route,State Patrol,Washington State Patrol,0,1,0,0,0,,,,,,0.0,0.0,1.0,,,,,,,,,,,0.0,0.0,0.0,0.0,,,,,20.0,7.0,,,,,,,,1.0,14.0,,,,,,,99202,Nine Mile Falls,Spokane
2896,2958,2958,2020,423,EA76737,4.0,2020-10-30,13:01,30,10,,63,Spokane,2110,1,,1,1,2,1,0,6,3,,,,12,0,7,280.9,1,0,1,1,2,1,1,0,0,0,0,I-90,,-117.3706806,47.654033333,0,2,45,61,4,60,34,0,0,1,2,12,1,1,4,3,1,2,1,53,0,7,482,2005,0,,12,,,,,,1,1,43,1,0.0,,0,0,3,0,11,0,,,,,0.0,0.0,0.0,3.0,1,0,,,,96,,,,,,0,,,,,,99016,53,69.0,193.0,6.0,1.0,0.0,0.0,2.0,1.0,,0,,,,,,0,01/15/2016,04/15/2018,20,0,0,0,8.0,9,8,,,0,,,8,8,0.0,0.0,,,0.0,,,0,0,996.0,,,,,,,,,,,,,,,,,,,,,,,,,,,,,,0,0,0,0,0,0,0,0,0,0,0,0,0,0,0,0,0,0,0,1,0,0,0,0,0,0,0,0,0,1,0,0,0,0,0,,0,0,0,0,0,0,0,0,0,0,0,0,0,0,0,0,,,,,,41-45,36-45,Interstate,U,Friday,Belt Used,PV,Not Fatal,0,0,0,0,State Route,State Patrol,Washington State Patrol,0,1,0,0,0,,,,,,0.0,0.0,0.0,,,,,,,,,,,98.0,98.0,98.0,0.0,,,,,20.0,7.0,,,,,,,,1.0,14.0,,,,,,,99202,Greenacres,Spokane
2897,2959,2959,2020,423,EA76737,4.0,2020-10-30,13:01,30,10,,63,Spokane,2110,1,,1,1,2,1,0,6,3,,,,12,0,7,280.9,1,0,1,1,2,1,1,0,0,0,0,I-90,,-117.3706806,47.654033333,0,3,98,98,7,60,14,0,0,1,5,54,1,1,4,3,1,2,3,53,0,12,401,2011,0,,54,,,,,,1,1,39,2,0.0,,0,0,3,0,11,0,,,,,0.0,0.0,0.0,3.0,1,0,,,,96,,,,,,0,,,,,,99217,53,62.0,220.0,6.0,1.0,0.0,0.0,0.0,1.0,,0,,,,,,0,07/15/2016,07/15/2016,20,0,0,0,8.0,9,8,,,0,,,8,8,0.0,0.0,,,0.0,,,0,0,996.0,,,,,,,,,,,,,,,,,,,,,,,,,,,,,,0,0,0,0,0,0,0,0,0,0,0,0,0,0,0,0,0,0,0,1,0,0,0,0,0,0,0,0,0,1,0,0,0,0,0,,0,0,0,0,0,0,0,0,0,0,0,0,0,0,0,0,,,,,,36-40,36-45,Interstate,U,Friday,Belt Used,PV,Not Fatal,0,0,0,0,State Route,State Patrol,Washington State Patrol,0,1,0,0,0,,,,,,0.0,0.0,0.0,,,,,,,,,,,98.0,98.0,98.0,0.0,,,,,20.0,7.0,,,,,,,,1.0,14.0,,,,,,,99202,Spokane,Spokane
2898,2960,2960,2020,424,EA76853,1.0,2020-10-31,22:04,31,10,,77,Yakima,0,1,,2,1,2,1,1,2,1,,,,8,0,0,1.4,3,0,2,5,1,2,4,0,3,0,0,CR-FORT ROAD,BECKER RD,-120.3569917,46.375252778,0,1,13,80,5,55,15,0,0,1,5,8,1,1,2,1,1,2,3,53,0,20,421,2019,0,,8,,,,,,1,1,36,1,0.0,,0,0,3,0,11,0,,,,,0.0,0.0,3.0,3.0,1,0,,,,96,,,,,,0,,,,,,98902,53,69.0,170.0,6.0,1.0,0.0,0.0,1.0,0.0,,0,,,,,,0,03/15/2019,03/15/2019,20,0,0,0,8.0,3,8,,,0,,,8,8,0.0,0.0,,,0.0,,,0,0,996.0,,,,,,,,,,,,,,,,,,,,,,,,,,,,,,0,0,0,1,0,0,0,0,0,0,0,0,0,0,0,0,0,0,0,0,0,0,0,0,0,0,0,0,0,1,0,1,0,0,0,,0,0,0,0,0,0,0,0,0,0,0,0,0,0,0,0,,,,,,36-40,36-45,County road,R,Saturday,Belt Used,PV,Not Fatal,1,0,0,0,County Road,State Patrol,Washington State Patrol,0,0,1,0,0,,,,,,0.0,0.0,0.0,,,,,,,,,,,98.0,98.0,98.0,0.0,,,,,20.0,7.0,,,,,,,,1.0,0.0,,,FORT RD.,1.35,,,98948,Yakima,Toppenish
2899,2961,2961,2020,425,EA76881,122.0,2020-10-31,18:25,31,10,,61,Snohomish,690,1,,3,1,2,1,1,1,1,,,,15,0,0,0.7,3,0,2,3,2,1,3,0,0,0,0,SR-529,RAINER AVE,-122.198625,47.981852778,0,1,13,83,5,30,4,0,0,1,5,15,1,1,4,1,1,1,1,53,0,37,32,2006,0,,15,,,,,,1,1,60,2,0.0,,0,0,3,0,11,0,,,,,0.0,0.0,3.0,3.0,1,10,,,,0,,,,,,0,,,,,,98258,53,65.0,150.0,6.0,1.0,0.0,0.0,0.0,0.0,,0,,,,,,0,,,20,0,0,0,8.0,9,8,,,0,,,8,8,0.0,0.0,,,0.0,,,0,0,996.0,,,,,,,,,,,,,,,,,,,,,,,,,,,,,,0,0,0,1,0,0,0,0,0,1,0,1,0,0,0,0,0,0,0,0,0,0,0,0,0,0,0,0,0,1,0,1,0,0,0,,0,0,0,0,0,0,0,0,0,0,0,0,0,0,0,0,,,,,,56-60,56-65,State route,U,Saturday,Belt Used,PV,Not Fatal,1,0,0,0,State Route,Municipal/City Police,Everett Police Department,0,1,0,0,0,,,,,,0.0,0.0,0.0,,,,,,,,,,,98.0,98.0,98.0,0.0,,,,,20.0,7.0,,,,,,,,1.0,0.0,,,,,,,98201,Lake Stevens,Everett
2900,2962,2962,2020,426,EA77147,1.0,2020-10-30,15:43,30,10,,77,Yakima,0,1,,1,1,2,1,0,2,2,15:56,16:41,17:05,12,0,2,54.1,1,0,1,3,1,1,2,0,3,0,0,US-97,,-120.3647778,46.283613889,0,1,50,10,2,65,5,0,0,1,2,12,1,2,3,1,6,1,1,41,0,20,29,2020,0,,68,12.0,,,,,1,1,55,1,7.0,,4,7,3,0,11,0,10/30/2020,15:43,53051124.0,51124.0,0.0,0.0,0.0,3.0,1,33,,,,96,,,,,,9,,,,,,97214,41,70.0,194.0,6.0,1.0,0.0,0.0,1.0,0.0,,0,,,,,,0,02/15/2020,02/15/2020,8,0,0,0,0.0,9,8,,,0,,,1,8,2.0,996.0,996.0,695.0,1.0,1.0,1.0,2,1,0.0,,,,,,,,,,,,,,,,,,,,,,,,,,,,,,0,0,0,0,0,0,1,1,1,0,0,0,0,0,0,0,0,0,0,0,0,0,0,0,0,0,0,0,0,1,0,0,0,0,0,,1,0,0,0,0,0,1,1,0,0,0,0,0,0,1,0,,,,,,51-55,46-55,US highway,R,Friday,Belt Used,PV,White,0,1,1,0,State Route,State Patrol,Washington State Patrol,0,1,0,0,0,thc,10.0,carboxy-thc,7.4,,0.0,0.0,0.0,1.0,1.0,1.0,,,605.0,996.0,996.0,,,98.0,98.0,98.0,1.0,,,,,20.0,7.0,,,,,,,nms,1.0,0.0,,,,,,,98948,Portland,Toppenish
2901,2963,2963,2020,426,EA77147,1.0,2020-10-30,15:43,30,10,,77,Yakima,0,1,,1,1,2,1,0,2,2,15:56,16:41,17:05,12,0,2,54.1,1,0,1,3,1,1,2,0,3,0,0,US-97,,-120.3647778,46.283613889,0,2,51,62,4,65,20,0,0,1,2,12,1,2,3,1,1,1,3,53,0,7,442,2000,0,,12,,,,,,1,1,48,1,0.0,,3,0,3,0,11,5,,,,,0.0,0.0,0.0,3.0,1,0,,,,96,,,,,,0,,,,,,98620,53,69.0,180.0,6.0,1.0,0.0,0.0,0.0,0.0,,0,,,,,,0,,,1,0,0,0,8.0,3,2,,,0,,,8,8,0.0,0.0,,,0.0,,,0,0,996.0,,,,,,,,,,,,,,,,,,,,,,,,,,,,,,0,0,0,0,0,0,1,1,1,0,0,0,0,0,0,0,0,0,0,0,0,0,0,0,0,0,0,0,0,1,0,0,0,0,0,,0,0,0,0,0,0,0,0,0,0,0,0,0,0,0,0,,,,,,46-50,46-55,US highway,R,Friday,Belt Used,PV,Not Fatal,0,1,1,0,State Route,State Patrol,Washington State Patrol,0,1,0,0,0,,,,,,0.0,0.0,0.0,,,,,,,,,,,98.0,98.0,98.0,0.0,,,,,20.0,7.0,,,,,,,,1.0,0.0,,,,,,,98948,Goldendale,Toppenish
2902,2964,2964,2020,427,EA77202,290.0,2020-11-03,0:13,3,11,,53,Pierce,2230,1,,3,1,2,1,0,1,3,,,,14,0,0,0.0,1,0,1,5,2,4,6,0,0,0,0,S SHERIDAN AVE,,-122.4525389,47.186708333,1,1,98,13,2,30,4,0,0,1,2,14,1,1,2,1,1,1,3,53,0,35,47,2018,0,,63,14.0,69.0,68.0,64.0,14.0,1,1,27,2,7.0,,4,7,20,7,11,0,11/03/2020,0:13,223053051201.0,51201.0,0.0,0.0,0.0,2.0,1,0,,,,96,,,,,,98,,,,,,98387,53,66.0,130.0,1.0,1.0,0.0,0.0,0.0,0.0,,0,,,,,,4,,,8,0,0,0,0.0,9,8,,,0,,,8,8,8.0,95.0,,,96.0,,,8,95,995.0,,,,,,,,,,,,,,,,,,,,,,,,,,,,,,0,0,0,0,0,0,0,0,0,0,0,0,1,1,0,0,0,0,0,1,0,0,0,0,0,0,0,0,0,1,0,0,0,1,0,,1,0,0,0,0,0,0,0,0,1,0,1,0,0,0,0,,,,,,26-30,26-35,City street,U,Tuesday,Not Used,PV,Multiracial,0,1,0,0,City Street,Municipal/City Police,Tacoma Police Department,1,0,0,1,0,,,,,,0.0,0.0,0.0,,,,,,,,,,,98.0,98.0,98.0,201.0,202.0,,,,20.0,7.0,,,,,,,,1.0,0.0,,,,,,,98408,Spanaway,Tacoma
2903,2965,2965,2020,428,EA67096,39.0,2020-09-25,19:51,25,9,,61,Snohomish,0,2,,2,2,2,1,0,1,1,19:54,20:05,20:55,42,0,0,8.5,1,0,1,5,1,2,4,0,0,0,0,CR-311TH AVE SE,,-121.8147083,47.852469444,0,1,6,12,2,35,15,0,0,1,2,42,1,2,2,1,1,1,1,53,0,20,421,2004,0,,68,64.0,42.0,,,,1,1,20,2,7.0,,4,0,20,7,11,5,09/26/2020,1:50,69053044837.0,44837.0,0.0,0.0,0.0,3.0,1,0,,,,92,,,,,,98,,,,,,98394,53,69.0,135.0,6.0,1.0,0.0,1.0,1.0,2.0,,0,,,,,,0,01/15/2017,05/15/2019,20,2,1,1,0.0,9,8,,,0,,,8,8,2.0,401.0,417.0,,1.0,1.0,,2,1,0.0,,,,,,,,,,,,,,,,,,,,,,,,,,,,,,0,0,1,0,0,0,1,1,0,0,0,0,0,0,0,0,1,0,0,1,0,1,1,0,1,0,0,0,0,1,0,0,0,1,0,,1,0,0,0,0,0,1,1,1,0,0,0,0,0,1,0,,,,,,18-20,16-25,County road,R,Friday,Not Used,PV,White,0,1,0,0,County Road,County Sheriff,Snohomish County Sheriff's Office,1,0,1,0,0,,,,,,0.0,0.0,1.0,,,,,,,,,,,98.0,98.0,98.0,1.0,,,,,20.0,7.0,,,,,,,,1.0,0.0,,,311TH AVE SE,8.54,,,98294,Vaughn,Sultan
2904,2966,2966,2020,429,EA77303,25.0,2020-10-26,13:13,26,10,,33,King,0,10,,1,1,2,1,0,2,1,13:26,13:34,14:23,42,0,0,0.2,1,0,1,3,1,2,4,0,0,0,0,CR-78TH AVE S,,-122.23725,47.366405556,0,1,1,13,2,35,4,0,0,1,5,42,3,1,2,1,14,2,1,53,0,58,37,2010,0,,63,42.0,2.0,,,,1,1,25,1,0.0,,3,0,3,0,11,5,,,,,0.0,0.0,3.0,2.0,1,0,,,,96,,,,,,0,,,,,,98058,53,67.0,168.0,1.0,1.0,2.0,1.0,1.0,0.0,,97,,,,,,3,10/15/2018,09/15/2018,8,0,0,0,8.0,9,8,,,0,,,8,8,8.0,95.0,,,96.0,,,8,95,995.0,,,,,,,,,,,,,,,,,,,,,,,,,,,,,,0,0,1,0,0,0,0,0,0,0,0,0,1,1,0,0,0,0,0,0,0,0,0,1,1,0,0,0,0,1,0,0,0,0,0,,0,0,0,0,0,0,0,0,0,1,0,1,0,0,0,0,,,,,,21-25,16-25,County road,R,Monday,Belt Used,PV,Not Fatal,0,1,0,0,County Road,County Sheriff,King County Police,1,0,1,0,0,,,,,,0.0,0.0,3.0,,,,,,,,,,,98.0,98.0,98.0,0.0,,,,,20.0,7.0,,,,,,,,1.0,0.0,,,78 AVE S,0.163,,,98032,Renton,Kent
2905,2967,2967,2020,430,EA77640,120.0,2020-10-31,0:15,31,10,,33,King,670,1,,3,1,2,1,0,4,1,0:41,1:04,1:48,30,0,0,0.0,1,0,1,4,2,4,6,0,0,0,0,ROOSEVELT AVE,,-121.9925889,47.199227778,0,1,6,13,2,40,34,0,0,1,2,30,4,1,2,1,14,4,1,53,0,12,481,2013,0,,63,69.0,64.0,30.0,,,1,1,29,1,0.0,,3,0,99,7,11,5,,,,,0.0,0.0,0.0,3.0,1,0,,,,96,,,,,,9,,,,,,98391,53,72.0,250.0,6.0,1.0,0.0,0.0,0.0,1.0,,97,,,,,,3,04/15/2017,04/15/2017,8,9,0,0,8.0,3,2,,,0,,,8,1,2.0,402.0,,,1.0,,,2,1,0.17,,,,,,,,,,,,,,,,,,,,,,,,,,,,,,0,0,1,0,1,1,1,1,0,0,0,0,1,0,0,0,0,0,0,0,0,0,0,0,0,0,0,0,0,1,0,0,0,0,0,,0,0,0,0,0,1,1,1,0,1,0,0,0,0,0,1,,,,,,26-30,26-35,City street,U,Saturday,Unknown,PV,Not Fatal,0,1,0,0,City Street,Municipal/City Police,Enumclaw Police Department,1,0,0,1,0,,,,,,0.0,0.0,0.0,,,,,,,,,,,98.0,98.0,98.0,0.0,,,,,20.0,7.0,,,,,,,,1.0,0.0,,,,,,,98022,Bonney Lake,Enumclaw
2906,2968,2968,2020,431,EA78019,5.0,2020-10-26,6:35,26,10,,41,Lewis,0,1,,2,1,2,1,0,3,2,6:41,7:13,7:43,24,0,0,91.9,1,0,1,2,1,1,2,0,0,0,0,US-12,,-122.3822639,46.534113889,0,1,1,13,2,55,6,0,0,1,2,12,1,2,2,1,1,1,1,53,0,49,46,2016,0,,63,24.0,69.0,68.0,12.0,,1,1,43,1,0.0,,3,0,3,0,11,5,,,,,0.0,0.0,0.0,3.0,1,8,,,,96,,,,,,98,,,,,,98502,53,71.0,175.0,6.0,1.0,0.0,0.0,0.0,0.0,,97,,,,,,0,,,8,0,0,0,8.0,3,8,,,0,,,8,8,0.0,0.0,,,0.0,,,0,0,996.0,,,,,,,,,,,,,,,,,,,,,,,,,,,,,,0,0,1,0,0,0,0,0,0,0,0,0,0,1,0,0,0,0,0,0,0,0,0,1,1,0,0,0,0,1,0,0,0,0,0,,0,0,0,0,0,0,0,0,0,0,0,0,0,0,0,0,,,,,,41-45,36-45,US highway,R,Monday,Belt Used,PV,Not Fatal,0,1,0,0,State Route,State Patrol,Washington State Patrol,1,1,0,0,0,,,,,,0.0,0.0,0.0,,,,,,,,,,,98.0,98.0,98.0,0.0,,,,,20.0,7.0,,,,,,,,1.0,0.0,,,,,,,98356,Olympia,Morton
2907,2969,2969,2020,431,EA78019,5.0,2020-10-26,6:35,26,10,,41,Lewis,0,1,,2,1,2,1,0,3,2,6:41,7:13,7:43,24,0,0,91.9,1,0,1,2,1,1,2,0,0,0,0,US-12,,-122.3822639,46.534113889,0,2,98,62,4,55,4,0,0,1,2,12,1,2,2,1,1,2,1,41,0,35,47,2000,0,,12,,,,,,1,1,25,1,0.0,,3,0,3,0,11,5,,,,,0.0,0.0,0.0,2.0,1,0,,,,96,,,,,,0,,,,,,98629,53,72.0,166.0,1.0,1.0,0.0,1.0,1.0,0.0,,71,76.0,,,,,0,02/15/2015,11/15/2017,8,0,0,0,8.0,9,8,,,0,,,0,8,0.0,0.0,,,0.0,,,0,0,996.0,,,,,,,,,,,,,,,,,,,,,,,,,,,,,,0,0,1,0,0,0,0,0,0,0,0,0,0,1,0,0,0,0,0,0,0,0,0,1,1,0,0,0,0,1,0,0,0,0,0,,0,0,0,0,0,0,0,0,0,0,0,1,0,0,0,0,,,,,,21-25,16-25,US highway,R,Monday,Belt Used,PV,Not Fatal,0,1,0,0,State Route,State Patrol,Washington State Patrol,1,1,0,0,0,,,,,,0.0,0.0,9.0,,,,,,,,,,,98.0,98.0,98.0,0.0,,,,,20.0,7.0,,,,,,,,1.0,0.0,,,,,,,98356,La Center,Morton
2908,2970,2970,2020,432,EA78212,7.0,2020-11-04,23:22,4,11,,33,King,0,10,,2,2,2,1,0,3,2,23:36,23:46,0:16,12,0,2,32.7,1,0,1,3,2,1,3,0,0,0,0,SR-509,,-122.3247056,47.503730556,0,1,52,54,3,60,84,0,0,1,2,12,1,2,2,3,1,1,2,53,0,98,703,2009,0,,12,,,,,,1,1,38,2,7.0,,4,7,20,7,11,0,11/04/2020,23:22,53052755.0,52755.0,0.0,0.0,0.0,2.0,1,51,,,,96,,,,,,98,,,,,,98367,53,64.0,100.0,6.0,1.0,2.0,0.0,1.0,0.0,,0,,,,,,0,01/15/2017,01/15/2017,20,8,0,0,0.0,9,8,,,0,,,8,8,2.0,996.0,695.0,605.0,1.0,1.0,1.0,2,1,0.252,,,,,,,,,,,,,,,,,,,,,,,,,,,,,,0,0,0,0,1,1,1,1,1,0,0,0,0,1,1,0,0,0,0,0,0,0,0,0,0,0,0,0,1,1,0,0,0,0,1,0.0,0,0,0,0,0,1,1,1,0,0,0,0,0,0,0,1,,,,,,36-40,36-45,State route,U,Wednesday,,OTHMC,White,0,0,0,1,State Route,State Patrol,Washington State Patrol,0,1,0,0,0,thc,0.53,carboxy-thc,14.0,,0.0,1.0,1.0,1.0,1.0,1.0,,,996.0,996.0,401.0,,,0.0,0.0,0.0,1.0,,,,,5.0,0.0,,,,,,,nms,1.0,0.0,,,,,,,98168,Port Orchard,Seattle
2909,2971,2971,2020,432,EA78212,7.0,2020-11-04,23:22,4,11,,33,King,0,10,,2,2,2,1,0,3,2,23:36,23:46,0:16,12,0,2,32.7,1,0,1,3,2,1,3,0,0,0,0,SR-509,,-122.3247056,47.503730556,0,2,52,54,3,60,4,0,0,1,2,12,1,2,2,3,1,2,2,53,0,41,35,1997,0,,12,,,,,,1,1,28,2,0.0,,2,0,3,0,11,5,,,,,0.0,0.0,0.0,0.0,1,0,,,,96,,,,,,0,,,,,,98148,53,63.0,200.0,0.0,0.0,0.0,4.0,2.0,2.0,,97,,,,,,0,09/15/2017,06/15/2019,1,0,0,0,8.0,3,2,,,0,,,8,8,0.0,0.0,,,0.0,,,0,0,996.0,,,,,,,,,,,,,,,,,,,,,,,,,,,,,,0,0,0,0,1,1,1,1,1,0,0,0,0,1,1,0,0,0,0,0,0,0,0,0,0,0,0,0,1,1,0,0,0,0,0,,0,0,0,0,0,0,0,0,0,0,0,1,0,0,0,0,,,,,,26-30,26-35,State route,U,Wednesday,Belt Used,PV,Not Fatal,0,0,0,1,State Route,State Patrol,Washington State Patrol,0,1,0,0,0,,,,,,0.0,0.0,3.0,,,,,,,,,,,0.0,0.0,0.0,0.0,,,,,20.0,7.0,,,,,,,,1.0,0.0,,,,,,,98168,Seattle,Seattle
2910,2972,2972,2020,434,EA78864,75.0,2020-11-05,11:35,5,11,,11,Clark,240,2,,1,2,1,1,0,4,2,,,,12,0,2,0.0,1,0,1,4,2,4,6,0,0,0,0,NW LAKE RD,,-122.4167028,45.607544444,0,1,50,6,1,35,14,0,0,1,2,12,3,2,2,1,14,2,2,53,0,34,402,2021,0,,68,12.0,,,,,1,1,30,1,0.0,,2,0,3,0,11,5,,,,,0.0,0.0,0.0,3.0,1,58,,,,96,,,,,,0,,,,,,98684,53,69.0,175.0,6.0,1.0,0.0,0.0,0.0,0.0,,97,,,,,,0,,,8,0,0,0,8.0,9,8,,,0,,,8,8,0.0,0.0,,,0.0,,,0,0,996.0,,,,,,,,,,,,,,,,,,,,,,,,,,,,,,0,0,0,0,0,0,0,0,0,0,0,0,0,0,0,0,0,0,0,0,0,0,0,0,0,0,0,0,0,1,0,0,0,0,0,,0,0,0,0,0,0,0,0,0,0,0,0,0,0,0,0,,,,,,26-30,26-35,City street,U,Thursday,Belt Used,PV,Not Fatal,0,0,0,1,City Street,Municipal/City Police,Camas Police Department,0,0,0,1,0,,,,,,0.0,0.0,0.0,,,,,,,,,,,98.0,98.0,98.0,0.0,,,,,20.0,7.0,,,,,,,,1.0,0.0,,,,,,,98607,Vancouver,Camas