,index,Unnamed: 0,year,case,par,repjur,crash_dt,crash_tm,accday,accmon,holiday,county,co_char,city,weather,weather2,lightcond,surfcond,surftype,numfatal,nmforms,pforms,vforms,not_tm,arr_tm,hosp_tm,fhevent,hitrun,manncol,milepnt,reljunc,reljuncinter,intersectiontype,funcsystem,landuse,ownership,route,schlbus,spejur,contdev,devfunc,trafid1,trafid2,lon,lat,wk_zone,vnumber,crashtype,criticalevent,criticaleventcat,spdlim,body,trailer,emerg,hazcargo,leave,mhevent,roadalgn,roadprof,traflane,trafflow,vehmanvr,numoccs,regowner,regstate,spuse,make,model,modelyr,vrf1,vrf2,seqevent1,seqevent2,seqevent3,seqevent4,seqevent5,seqevent6,pnumber,ptype,age,sex,hispanic,race,injury,diedscene,restraint,restraintmisuse,seatpos,takehosp,death_dt,death_tm,cert,cernum_wa,commlic,licendor,licrestrict,liccomp,drivpres,drf1,drf2,drf3,drf4,distract1,distract2,distract3,distract4,distract5,distract6,dricond1,dricond2,dricond3,dricond4,dricond5,dricond6,dzip,licstate,drhgt_in,weight,noncdl,noncdltype,prevdwi,prevoth,prevacc,prevspd,prevsus,driviol1,driviol2,driviol3,driviol4,driviol5,driviol6,spdrel,first_dt,last_dt,airbag,ejection,ejectpath,extricat,injurwrk,methalc,methdrug,nmlocat,strikveh,prf1,prf2,prf3,druginv,alcinvol,drugsts,drugres1,drugres2,drugres3,drugtst1,drugtst2,drugtst3,alcsts,alctst,alcres,nmact1,nmact2,nmact3,nmact4,nmact5,nmact6,nmprior1,nmprior2,nmprior3,nmprior4,nmprior5,nmprior6,nmcond1,nmcond2,nmcond3,nmcond4,nmcond5,nmcond6,nmsafe_helmet,nmsafe_pads,nmsafe_oth,nmprev_ref,nmprev_lgt,nmprev_oth,crashlocation,nmcrashtype,crosswalk,schoolzone,sidewalk,train_inv,wildlife_inv,rotr_fars,intersect_fars,dd_inv,aid_inv,dpd_inv,id_inv,mj_inv,impnm_inv,ainm_inv,dpnm_inv,speed_inv,unlic_inv,unendmc_inv,drowsy_inv,drdist_inv,nmdist_inv,fty_inv,unrestfat_inv,dr1617_inv,dr1820_inv,dr1620_inv,dr2125_inv,dr1625_inv,dr65_inv,dr70_inv,dr75_inv,mc_inv,pv_inv,ht_inv,ped_inv,bike_inv,unrest_fat,mc_fat,unhelmet_mc,pv_fat,ht_fat,ped_fat,bike_fat,dr_alc7,dr_alc8,dr_drug,dr_imp,dr_dist,dr_spd,dr_fty,dr_unlic,dr_alc7only,dr_alc8only,dr_drugonly,dr_drink,nm_imp,nm_alc7,nm_alc8,nm_drug,nm_dist,agegrp1,agegrp2,roadclass,urbrur,dayweek,restuse,vehtype,race_me,intersect,lanedep,oppdir,wrongway,rep_typ,investag,repag_long,rotr,st_rd,cty_rd,city_rd,oth_rd,drug_thc,thc_res,drug_cthc,cthc_res,drug_cann,prevpersemin,prevperse,prevsusoth,drugtst4,drugtst5,drugtst6,drugtst7,drugtst8,drugres4,drugres5,drugres6,drugres7,drugres8,adspresent,adsengaged,adslevel,race1,race2,race3,race4,race5,helmet,helmetmisuse,nmdistract1,nmdistract2,nmdistract3,nmdistract4,nmdistract5,nmdistract6,lab,isedtcase,crf1,crf2,crf3,CoRoadName,CoMP,IntCoRoadName,IntCoMP,crashzip,dcity,crashcity
2948,3012,3012,2020,459,EA83966,2.0,2020-11-19,20:10,19,11,,73,Whatcom,0,1,,2,1,2,1,1,2,1,20:13,20:16,,8,0,0,3.2,3,0,3,5,1,2,4,0,0,0,0,CR-BIRCH BAY LYNDEN RD,PERCIE RD,-122.6769167,48.935544444,0,1,13,80,5,50,20,0,0,1,2,8,1,1,2,1,1,2,2,53,0,37,441,2001,0,,8,,,,,,1,1,61,1,0.0,,0,0,3,0,11,0,,,,,0.0,0.0,0.0,3.0,1,0,,,,96,,,,,,0,,,,,,98203,53,69.0,200.0,6.0,1.0,0.0,1.0,0.0,4.0,,0,,,,,,0,07/15/2016,05/15/2020,20,0,0,0,8.0,3,2,,,0,,,8,8,0.0,0.0,,,0.0,,,0,0,996.0,,,,,,,,,,,,,,,,,,,,,,,,,,,,,,0,0,0,1,0,0,0,0,0,1,0,1,0,0,0,0,0,0,0,0,0,0,0,0,0,0,0,0,0,1,0,1,0,0,0,,0,0,0,0,0,0,0,0,0,0,0,0,0,0,0,0,,,,,,61-65,56-65,County road,R,Thursday,Belt Used,PV,Not Fatal,1,0,0,0,County Road,State Patrol,Washington State Patrol,0,0,1,0,0,,,,,,0.0,0.0,0.0,,,,,,,,,,,98.0,98.0,98.0,0.0,,,,,20.0,7.0,,,,,,,,1.0,0.0,,,BIRCH BAY LYNDEN RD,3.24,PERCIE RD,0.0,98240,Everett,Custer
2949,3013,3013,2020,460,EA84145,12.0,2020-11-21,6:41,21,11,,7,Chelan,0,10,,4,4,2,1,0,4,4,,,,12,0,8,0.6,2,0,3,5,2,2,4,0,0,0,0,CR-MALAGA ALCOA HWY,APPLEYARD DR,-120.2899833,47.389863889,0,1,64,6,1,40,4,0,0,1,2,12,2,1,2,1,14,1,2,53,0,48,38,2008,0,,68,12.0,68.0,68.0,12.0,68.0,1,1,26,1,1.0,,4,7,3,0,11,0,11/21/2020,6:41,53054861.0,54861.0,0.0,0.0,0.0,3.0,1,87,,,,96,,,,,,0,,,,,,98801,53,71.0,310.0,6.0,1.0,0.0,0.0,1.0,0.0,,0,,,,,,4,11/15/2020,11/15/2020,1,0,0,0,0.0,9,8,,,0,,,8,8,2.0,1.0,,,1.0,,,2,1,0.0,,,,,,,,,,,,,,,,,,,,,,,,,,,,,,0,0,0,1,0,0,0,0,0,0,0,0,1,0,0,0,0,0,0,0,0,0,0,0,0,0,0,0,0,1,0,0,0,0,0,,1,0,0,0,0,0,0,0,0,1,0,0,0,0,0,0,,,,,,26-30,26-35,County road,U,Saturday,Belt Used,PV,Hispanic,0,1,1,0,County Road,County Sheriff,Chelan County Sheriff's Office,0,0,1,0,0,,,,,,0.0,0.0,0.0,,,,,,,,,,,98.0,98.0,98.0,1.0,,,,,20.0,7.0,,,,,,,,1.0,0.0,,,MALAGA ALCOA HWY,0.55,,,98801,Wenatchee,Wenatchee
2950,3014,3014,2020,460,EA84145,12.0,2020-11-21,6:41,21,11,,7,Chelan,0,10,,4,4,2,1,0,4,4,,,,12,0,8,0.6,2,0,3,5,2,2,4,0,0,0,0,CR-MALAGA ALCOA HWY,APPLEYARD DR,-120.2899833,47.389863889,0,2,65,62,4,40,6,0,0,1,5,12,3,1,2,1,14,1,2,53,0,48,34,1996,0,,63,12.0,,,,,1,1,55,1,0.0,,0,0,3,0,11,0,,,,,0.0,0.0,0.0,3.0,1,0,,,,96,,,,,,0,,,,,,98828,53,63.0,120.0,6.0,1.0,0.0,0.0,0.0,0.0,,0,,,,,,0,,,20,0,0,0,8.0,9,8,,,0,,,8,8,0.0,0.0,,,0.0,,,0,0,996.0,,,,,,,,,,,,,,,,,,,,,,,,,,,,,,0,0,0,1,0,0,0,0,0,0,0,0,1,0,0,0,0,0,0,0,0,0,0,0,0,0,0,0,0,1,0,0,0,0,0,,0,0,0,0,0,0,0,0,0,0,0,0,0,0,0,0,,,,,,51-55,46-55,County road,U,Saturday,Belt Used,PV,Not Fatal,0,1,1,0,County Road,County Sheriff,Chelan County Sheriff's Office,0,0,1,0,0,,,,,,0.0,0.0,0.0,,,,,,,,,,,0.0,0.0,0.0,0.0,,,,,20.0,7.0,,,,,,,,1.0,0.0,,,MALAGA ALCOA HWY,0.55,,,98801,Malaga,Wenatchee
2951,3015,3015,2020,460,EA84145,12.0,2020-11-21,6:41,21,11,,7,Chelan,0,10,,4,4,2,1,0,4,4,,,,12,0,8,0.6,2,0,3,5,2,2,4,0,0,0,0,CR-MALAGA ALCOA HWY,APPLEYARD DR,-120.2899833,47.389863889,0,3,98,62,4,40,6,0,0,1,2,12,3,1,2,1,14,1,1,53,0,35,49,2004,0,,63,12.0,,,,,1,1,31,1,0.0,,2,0,3,0,11,8,,,,,0.0,0.0,3.0,3.0,1,0,,,,96,,,,,,0,,,,,,98802,53,65.0,180.0,6.0,1.0,0.0,0.0,0.0,0.0,,0,,,,,,0,,,8,0,0,0,8.0,9,8,,,0,,,8,8,0.0,0.0,,,0.0,,,0,0,996.0,,,,,,,,,,,,,,,,,,,,,,,,,,,,,,0,0,0,1,0,0,0,0,0,0,0,0,1,0,0,0,0,0,0,0,0,0,0,0,0,0,0,0,0,1,0,0,0,0,0,,0,0,0,0,0,0,0,0,0,0,0,0,0,0,0,0,,,,,,31-35,26-35,County road,U,Saturday,Belt Used,PV,Not Fatal,0,1,1,0,County Road,County Sheriff,Chelan County Sheriff's Office,0,0,1,0,0,,,,,,0.0,0.0,0.0,,,,,,,,,,,98.0,98.0,98.0,0.0,,,,,20.0,7.0,,,,,,,,1.0,0.0,,,MALAGA ALCOA HWY,0.55,,,98801,East Wenatchee,Wenatchee
2952,3016,3016,2020,460,EA84145,12.0,2020-11-21,6:41,21,11,,7,Chelan,0,10,,4,4,2,1,0,4,4,,,,12,0,8,0.6,2,0,3,5,2,2,4,0,0,0,0,CR-MALAGA ALCOA HWY,APPLEYARD DR,-120.2899833,47.389863889,0,4,98,62,4,40,14,0,0,1,5,12,3,1,2,1,14,1,1,53,0,37,403,2004,0,,68,12.0,,,,,1,1,35,1,0.0,,0,0,3,0,11,0,,,,,0.0,0.0,0.0,3.0,1,0,,,,96,,,,,,0,,,,,,98801,53,65.0,198.0,6.0,1.0,0.0,0.0,0.0,0.0,,0,,,,,,0,,,20,0,0,0,8.0,9,8,,,0,,,8,8,0.0,0.0,,,0.0,,,0,0,996.0,,,,,,,,,,,,,,,,,,,,,,,,,,,,,,0,0,0,1,0,0,0,0,0,0,0,0,1,0,0,0,0,0,0,0,0,0,0,0,0,0,0,0,0,1,0,0,0,0,0,,0,0,0,0,0,0,0,0,0,0,0,0,0,0,0,0,,,,,,31-35,26-35,County road,U,Saturday,Belt Used,PV,Not Fatal,0,1,1,0,County Road,County Sheriff,Chelan County Sheriff's Office,0,0,1,0,0,,,,,,0.0,0.0,0.0,,,,,,,,,,,98.0,98.0,98.0,0.0,,,,,20.0,7.0,,,,,,,,1.0,0.0,,,MALAGA ALCOA HWY,0.55,,,98801,Wenatchee,Wenatchee
2953,3017,3017,2020,461,EA50369,242.0,2020-07-23,10:41,23,7,,53,Pierce,1770,1,,1,1,2,1,0,2,2,,,,12,0,6,0.0,2,0,3,5,2,4,6,0,0,0,0,5TH ST NE,5th Ave NE,-122.2876806,47.195491667,0,1,83,67,4,30,80,0,0,1,2,12,1,1,2,1,1,1,2,53,0,37,706,1998,0,,12,,,,,,1,1,40,1,7.0,,4,0,20,7,11,5,07/29/2020,21:30,196053035755.0,35755.0,0.0,0.0,3.0,2.0,1,0,,,,96,,,,,,98,,,,,,98372,53,68.0,200.0,1.0,1.0,0.0,2.0,0.0,3.0,,0,,,,,,3,12/15/2015,08/15/2019,20,8,0,0,0.0,9,8,,,0,,,8,8,8.0,95.0,,,96.0,,,8,95,995.0,,,,,,,,,,,,,,,,,,,,,,,,,,,,,,0,0,0,1,0,0,0,0,0,0,0,0,1,1,1,0,0,0,0,0,0,0,0,0,0,0,0,0,1,1,0,0,0,0,1,1.0,0,0,0,0,0,0,0,0,0,1,0,1,0,0,0,0,,,,,,36-40,36-45,City street,U,Thursday,,MC,White,1,0,0,0,City Street,Municipal/City Police,Puyallup Police Department,0,0,0,1,0,,,,,,0.0,0.0,6.0,,,,,,,,,,,0.0,0.0,0.0,1.0,,,,,16.0,0.0,,,,,,,,1.0,0.0,,,,,,,98372,Puyallup,Puyallup
2954,3018,3018,2020,461,EA50369,242.0,2020-07-23,10:41,23,7,,53,Pierce,1770,1,,1,1,2,1,0,2,2,,,,12,0,6,0.0,2,0,3,5,2,4,6,0,0,20,3,5TH ST NE,5th Ave NE,-122.2876806,47.195491667,0,2,82,66,4,30,4,0,0,1,2,12,1,1,2,1,11,1,1,53,0,55,35,2017,0,,12,,,,,,1,1,54,1,0.0,,0,0,3,0,11,0,,,,,0.0,0.0,3.0,3.0,1,10,,,,0,,,,,,0,,,,,,98208,53,66.0,155.0,6.0,1.0,0.0,0.0,0.0,1.0,,0,,,,,,0,06/15/2019,06/15/2019,2,0,0,0,8.0,9,8,,,0,,,8,8,8.0,95.0,,,96.0,,,8,95,995.0,,,,,,,,,,,,,,,,,,,,,,,,,,,,,,0,0,0,1,0,0,0,0,0,0,0,0,1,1,1,0,0,0,0,0,0,0,0,0,0,0,0,0,1,1,0,0,0,0,0,,0,0,0,0,0,0,0,0,0,0,0,0,0,0,0,0,,,,,,51-55,46-55,City street,U,Thursday,Belt Used,PV,Not Fatal,1,0,0,0,City Street,Municipal/City Police,Puyallup Police Department,0,0,0,1,0,,,,,,0.0,0.0,0.0,,,,,,,,,,,98.0,98.0,98.0,0.0,,,,,20.0,7.0,,,,,,,,1.0,0.0,,,,,,,98372,Everett,Puyallup
2955,3019,3019,2020,462,EA71532,4.0,2020-10-06,19:00,6,10,,19,Ferry,0,1,,2,1,2,1,0,1,1,19:00,19:19,19:43,35,0,0,308.6,1,0,1,4,1,1,3,0,0,0,0,SR-20,,-118.6512,48.599019444,0,1,2,13,2,55,34,0,0,1,2,1,3,1,2,1,14,1,1,53,0,20,481,1995,0,,63,69.0,68.0,68.0,63.0,35.0,1,1,64,1,7.0,,4,0,20,7,11,5,10/06/2020,21:32,184053047645.0,47645.0,0.0,0.0,0.0,3.0,1,0,,,,96,,,,,,9,,,,,,99166,53,66.0,185.0,6.0,1.0,0.0,0.0,0.0,0.0,,0,,,,,,3,,,20,1,9,0,0.0,9,8,,,0,,,8,1,8.0,95.0,,,96.0,,,2,1,0.29,,,,,,,,,,,,,,,,,,,,,,,,,,,,,,0,0,0,0,1,1,0,1,0,0,0,0,1,0,0,0,0,0,0,1,0,0,0,0,0,0,0,0,0,1,0,0,0,1,0,,1,0,0,0,0,1,0,1,0,1,0,0,0,1,0,1,,,,,,61-65,56-65,State route,R,Tuesday,Not Used,PV,White,0,1,0,0,State Route,State Patrol,Washington State Patrol,1,1,0,0,0,,,,,,0.0,0.0,0.0,,,,,,,,,,,0.0,0.0,0.0,1.0,,,,,20.0,7.0,,,,,,,,1.0,0.0,,,,,,,99166,Republic,Republic
2956,3020,3020,2020,463,EA76935,127.0,2020-10-29,15:14,29,10,,33,King,735,1,,1,1,2,1,0,2,2,15:15,15:24,16:13,1,0,0,0.0,8,0,1,3,2,4,6,0,0,0,0,21ST AVE SW,,-122.3609778,47.300091667,0,1,98,15,2,98,6,0,0,1,2,12,1,2,5,1,11,1,1,53,0,48,45,2018,0,,12,,,,,,1,1,81,2,0.0,,0,0,3,0,11,0,,,,,0.0,0.0,3.0,3.0,1,38,,,,96,,,,,,98,,,,,,98422,53,60.0,138.0,6.0,1.0,0.0,0.0,0.0,0.0,,2,,,,,,0,,,20,0,0,0,8.0,9,8,,,0,,,8,8,8.0,95.0,,,96.0,,,8,95,995.0,,,,,,,,,,,,,,,,,,,,,,,,,,,,,,0,0,0,0,0,0,0,0,0,0,0,0,0,0,1,0,0,0,1,0,0,0,0,0,0,1,1,1,1,1,0,0,0,0,0,,0,0,0,0,0,0,0,0,0,0,1,0,0,0,0,0,,,,,,81+,76+,City street,U,Thursday,Belt Used,PV,Not Fatal,0,0,0,0,City Street,Municipal/City Police,Federal Way Dept of Public Safety,0,0,0,1,0,,,,,,0.0,0.0,0.0,,,,,,,,,,,98.0,98.0,98.0,0.0,,,,,20.0,7.0,,,,,,,,1.0,0.0,,,,,,,98023,Tacoma,Federal Way
2957,3021,3021,2020,463,EA76935,127.0,2020-10-29,15:14,29,10,,33,King,735,1,,1,1,2,1,0,2,2,15:15,15:24,16:13,1,0,0,0.0,8,0,1,3,2,4,6,0,0,0,0,21ST AVE SW,,-122.3609778,47.300091667,0,2,98,8,1,98,80,0,0,1,2,12,1,2,5,1,1,1,2,53,0,37,705,2004,0,,1,12.0,,,,,1,1,30,1,7.0,,4,0,20,7,11,5,11/03/2020,7:57,196053051396.0,51396.0,0.0,0.0,0.0,2.0,1,0,,,,96,,,,,,98,,,,,,98422,53,74.0,235.0,6.0,1.0,0.0,1.0,1.0,0.0,,0,,,,,,0,02/15/2016,02/15/2016,20,8,0,0,0.0,9,8,,,0,,,8,8,8.0,95.0,,,96.0,,,8,95,995.0,,,,,,,,,,,,,,,,,,,,,,,,,,,,,,0,0,0,0,0,0,0,0,0,0,0,0,0,0,1,0,0,0,1,0,0,0,0,0,0,1,1,1,1,1,0,0,0,0,1,0.0,0,0,0,0,0,0,0,0,0,0,0,0,0,0,0,0,,,,,,26-30,26-35,City street,U,Thursday,,MC,White,0,0,0,0,City Street,Municipal/City Police,Federal Way Dept of Public Safety,0,0,0,1,0,,,,,,0.0,0.0,0.0,,,,,,,,,,,0.0,0.0,0.0,1.0,,,,,5.0,0.0,,,,,,,,1.0,0.0,,,,,,,98023,Tacoma,Federal Way
2958,3022,3022,2020,464,EA85180,330.0,2020-11-16,16:50,16,11,,77,Yakima,2590,1,,3,2,2,1,0,3,2,16:51,17:02,17:24,12,0,6,0.0,2,0,2,4,2,4,6,0,0,20,3,S 64TH AVE,Occidental Rd,-120.5937667,46.563730556,0,1,82,15,2,35,4,0,0,1,2,12,1,1,3,1,11,2,1,53,0,37,32,2008,0,,12,,,,,,1,1,88,1,7.0,,4,0,3,0,11,5,11/17/2020,8:21,196053054348.0,54348.0,0.0,0.0,3.0,3.0,1,38,,,,96,,,,,,98,,,,,,98903,53,70.0,185.0,6.0,1.0,0.0,0.0,0.0,0.0,,37,,,,,,0,,,8,0,0,0,0.0,9,8,,,0,,,8,8,0.0,0.0,,,0.0,,,0,0,996.0,,,,,,,,,,,,,,,,,,,,,,,,,,,,,,0,0,0,1,0,0,0,0,0,0,0,0,0,0,0,0,0,0,1,0,0,0,0,0,0,1,1,1,0,1,0,0,0,0,0,,1,0,0,0,0,0,0,0,0,0,1,0,0,0,0,0,,,,,,81+,76+,City street,U,Monday,Belt Used,PV,White,1,0,0,0,City Street,Municipal/City Police,Yakima Police Department,0,0,0,1,0,,,,,,0.0,0.0,0.0,,,,,,,,,,,98.0,98.0,98.0,1.0,,,,,20.0,7.0,,,,,,,,1.0,0.0,,,,,,,98903,Yakima,Yakima
2959,3023,3023,2020,464,EA85180,330.0,2020-11-16,16:50,16,11,,77,Yakima,2590,1,,3,2,2,1,0,3,2,16:51,17:02,17:24,12,0,6,0.0,2,0,2,4,2,4,6,0,0,0,0,S 64TH AVE,Occidental Rd,-120.5937667,46.563730556,0,2,83,67,4,40,34,0,0,1,2,12,1,1,2,1,1,1,1,53,0,12,471,2005,0,,12,,,,,,1,1,56,1,0.0,,0,0,3,0,11,0,,,,,0.0,0.0,3.0,3.0,1,0,,,,96,,,,,,0,,,,,,98903,53,72.0,200.0,6.0,1.0,0.0,0.0,0.0,0.0,,0,,,,,,0,,,20,0,0,0,8.0,9,8,,,0,,,8,8,0.0,0.0,,,0.0,,,0,0,996.0,,,,,,,,,,,,,,,,,,,,,,,,,,,,,,0,0,0,1,0,0,0,0,0,0,0,0,0,0,0,0,0,0,1,0,0,0,0,0,0,1,1,1,0,1,0,0,0,0,0,,0,0,0,0,0,0,0,0,0,0,0,0,0,0,0,0,,,,,,56-60,56-65,City street,U,Monday,Belt Used,PV,Not Fatal,1,0,0,0,City Street,Municipal/City Police,Yakima Police Department,0,0,0,1,0,,,,,,0.0,0.0,0.0,,,,,,,,,,,98.0,98.0,98.0,0.0,,,,,20.0,7.0,,,,,,,,1.0,0.0,,,,,,,98903,Yakima,Yakima
2960,3024,3024,2020,465,EA85186,17.0,2020-11-14,18:09,14,11,,17,Douglas,200,2,,2,2,2,1,0,2,2,18:55,19:05,19:30,14,0,0,0.8,3,0,3,5,1,1,3,0,0,0,0,SR-173,17TH ST,-119.6682528,48.006366667,0,1,14,14,2,25,2,0,0,1,2,14,4,1,2,1,14,2,2,53,0,37,32,2011,0,,71,14.0,,,,,1,1,35,1,0.0,,1,0,99,7,11,5,,,,,0.0,0.0,0.0,2.0,1,0,,,,96,,,,,,9,,,,,,98813,53,73.0,220.0,1.0,1.0,0.0,0.0,0.0,0.0,,97,,,,,,4,,,8,0,0,0,8.0,9,8,,,0,,,8,1,2.0,695.0,605.0,,1.0,1.0,,2,1,0.031,,,,,,,,,,,,,,,,,,,,,,,,,,,,,,0,0,0,1,1,0,1,1,1,0,0,0,1,1,0,0,0,0,0,0,0,0,0,0,0,0,0,0,0,1,1,0,0,0,0,,0,0,0,0,1,0,1,1,0,1,0,1,0,0,0,1,,,,,,31-35,26-35,State route,R,Saturday,Unknown,PV,Not Fatal,1,0,0,0,State Route,County Sheriff,Douglas County Sheriff's Office,0,1,0,0,0,thc,4.5,carboxy-thc,39.0,,0.0,0.0,0.0,,,,,,,,,,,98.0,98.0,98.0,0.0,,,,,20.0,7.0,,,,,,,,1.0,0.0,,,,,,,98813,Bridgeport,Bridgeport
2961,3025,3025,2020,466,EA85825,25.0,2020-11-27,17:47,27,11,,33,King,0,1,,2,1,2,1,0,3,2,17:48,17:58,18:35,12,0,6,10.5,1,0,1,3,2,2,4,0,0,0,0,CR-ISSAQUAH HOBART RD S,,-121.9886306,47.447166667,0,1,66,10,2,35,3,0,0,1,2,12,2,1,2,1,14,1,1,53,0,12,37,2007,0,,68,12.0,1.0,,,,1,1,36,8,1.0,,4,7,20,7,11,0,11/27/2020,17:47,53058492.0,58492.0,0.0,0.0,0.0,3.0,1,28,58.0,,,96,,,,,,98,,,,,,98034,53,72.0,210.0,6.0,1.0,0.0,0.0,0.0,1.0,,0,,,,,,0,09/15/2018,09/15/2018,20,2,9,0,0.0,9,8,,,0,,,8,8,2.0,1.0,,,1.0,,,2,1,0.225,,,,,,,,,,,,,,,,,,,,,,,,,,,,,,0,0,0,0,1,1,0,1,0,0,0,0,0,0,0,0,0,0,0,1,0,0,0,0,0,0,0,0,0,1,0,0,0,1,0,,1,0,0,0,0,1,0,1,0,0,0,0,0,1,0,1,,,,,,36-40,36-45,County road,U,Friday,Not Used,PV,Hispanic,0,1,1,0,County Road,County Sheriff,King County Police,0,0,1,0,0,,,,,,0.0,0.0,0.0,,,,,,,,,,,98.0,98.0,98.0,298.0,,,,,20.0,7.0,,,,,,,,1.0,0.0,,,ISSAQUAH HOBART RD,10.474,,,98027,Kirkland,Issaquah
2962,3026,3026,2020,466,EA85825,25.0,2020-11-27,17:47,27,11,,33,King,0,1,,2,1,2,1,0,3,2,17:48,17:58,18:35,12,0,6,10.5,1,0,1,3,2,2,4,0,0,0,0,CR-ISSAQUAH HOBART RD S,,-121.9886306,47.447166667,0,2,66,62,4,35,14,0,0,1,2,12,3,1,2,1,14,2,1,53,0,59,403,2010,0,,12,,,,,,1,1,53,1,0.0,,1,0,3,0,11,0,,,,,0.0,0.0,0.0,3.0,1,0,,,,96,,,,,,0,,,,,,98034,53,73.0,210.0,6.0,1.0,0.0,0.0,0.0,0.0,,0,,,,,,0,,,1,0,0,0,8.0,9,8,,,0,,,8,8,0.0,0.0,,,0.0,,,0,0,996.0,,,,,,,,,,,,,,,,,,,,,,,,,,,,,,0,0,0,0,1,1,0,1,0,0,0,0,0,0,0,0,0,0,0,1,0,0,0,0,0,0,0,0,0,1,0,0,0,0,0,,0,0,0,0,0,0,0,0,0,0,0,0,0,0,0,0,,,,,,51-55,46-55,County road,U,Friday,Belt Used,PV,Not Fatal,0,1,1,0,County Road,County Sheriff,King County Police,0,0,1,0,0,,,,,,0.0,0.0,0.0,,,,,,,,,,,98.0,98.0,98.0,0.0,,,,,20.0,7.0,,,,,,,,1.0,0.0,,,ISSAQUAH HOBART RD,10.474,,,98027,Kirkland,Issaquah
2963,3027,3027,2020,467,EA86059,330.0,2020-11-20,17:59,20,11,,77,Yakima,2590,10,,2,2,2,1,2,1,1,18:02,18:06,18:25,8,1,0,0.0,1,0,1,7,2,4,6,0,0,0,0,N GORDON RD,,-120.5170194,46.625541667,0,1,13,80,5,25,15,0,0,1,2,8,1,1,2,1,1,1,2,53,0,12,422,2003,0,,63,8.0,8.0,,,,1,1,55,1,0.0,,0,0,3,0,11,0,,,,,0.0,0.0,3.0,2.0,1,23,,,,96,,,,,,9,,,,,,98901,53,68.0,166.0,1.0,1.0,1.0,1.0,0.0,0.0,,1,7.0,,,,,0,07/15/2016,03/15/2019,20,0,0,0,8.0,9,8,,,0,,,8,1,0.0,0.0,,,0.0,,,0,0,996.0,,,,,,,,,,,,,,,,,,,,,,,,,,,,,,0,0,0,0,1,0,0,0,0,1,0,1,0,1,0,0,0,0,0,0,0,0,0,0,0,0,0,0,0,1,0,1,0,0,0,,0,0,0,0,0,0,0,0,0,0,0,1,0,0,0,1,,,,,,51-55,46-55,City street,U,Friday,Belt Used,PV,Not Fatal,0,0,0,0,City Street,Municipal/City Police,Yakima Police Department,0,0,0,1,0,,,,,,0.0,0.0,2.0,,,,,,,,,,,98.0,98.0,98.0,0.0,,,,,20.0,7.0,,,,,,,,1.0,0.0,,,,,,,98901,Yakima,Yakima
2964,3028,3028,2020,468,EA86258,146.0,2020-11-26,17:15,26,11,,77,Yakima,0,1,,2,1,2,1,0,3,2,17:21,17:39,18:06,12,0,2,4.0,1,0,1,5,1,2,4,0,0,0,0,CR-YAKIMA VALLEY HWY,,-120.3923472,46.476822222,0,1,50,10,2,55,4,0,0,1,2,12,1,1,2,1,1,1,1,53,0,6,42,1999,0,,68,12.0,,,,,1,1,25,1,1.0,,4,7,20,7,11,0,11/26/2020,17:15,53056121.0,56121.0,0.0,0.0,0.0,0.0,1,28,,,,92,,,,,,0,,,,,,98921,53,70.0,160.0,0.0,0.0,0.0,0.0,0.0,0.0,,0,,,,,,0,,,20,0,0,0,0.0,9,8,,,0,,,8,8,2.0,1.0,,,1.0,,,2,1,0.238,,,,,,,,,,,,,,,,,,,,,,,,,,,,,,0,0,0,0,1,1,0,1,0,0,0,0,0,1,0,0,1,0,0,1,0,1,1,1,1,0,0,0,0,1,0,0,0,1,0,,1,0,0,0,0,1,0,1,1,0,0,1,0,1,0,1,,,,,,21-25,16-25,County road,R,Thursday,Not Used,PV,Hispanic,0,1,1,0,County Road,County Sheriff,Yakima County Sheriff's Office,0,0,1,0,0,,,,,,0.0,0.0,0.0,,,,,,,,,,,0.0,0.0,0.0,298.0,,,,,20.0,7.0,,,,,,,,1.0,0.0,,,YAKIMA VALLEY HIGHWAY,4.03,,,98951,Buena,Wapato
2965,3029,3029,2020,468,EA86258,146.0,2020-11-26,17:15,26,11,,77,Yakima,0,1,,2,1,2,1,0,3,2,17:21,17:39,18:06,12,0,2,4.0,1,0,1,5,1,2,4,0,0,0,0,CR-YAKIMA VALLEY HWY,,-120.3923472,46.476822222,0,2,51,62,4,55,4,0,0,1,2,12,1,1,2,1,1,2,1,53,0,20,25,2014,0,,12,,,,,,1,1,19,2,0.0,,1,0,3,0,11,5,,,,,0.0,0.0,0.0,3.0,1,0,,,,96,,,,,,98,,,,,,98902,53,62.0,118.0,6.0,1.0,0.0,0.0,1.0,0.0,,0,,,,,,0,07/15/2019,07/15/2019,8,0,0,0,8.0,9,8,,,0,,,8,8,8.0,95.0,,,96.0,,,8,95,995.0,,,,,,,,,,,,,,,,,,,,,,,,,,,,,,0,0,0,0,1,1,0,1,0,0,0,0,0,1,0,0,1,0,0,1,0,1,1,1,1,0,0,0,0,1,0,0,0,0,0,,0,0,0,0,0,0,0,0,0,0,0,0,0,0,0,0,,,,,,18-20,16-25,County road,R,Thursday,Belt Used,PV,Not Fatal,0,1,1,0,County Road,County Sheriff,Yakima County Sheriff's Office,0,0,1,0,0,,,,,,0.0,0.0,0.0,,,,,,,,,,,98.0,98.0,98.0,0.0,,,,,20.0,7.0,,,,,,,,1.0,0.0,,,YAKIMA VALLEY HIGHWAY,4.03,,,98951,Yakima,Wapato