,index,Unnamed: 0,year,case,par,repjur,crash_dt,crash_tm,accday,accmon,holiday,county,co_char,city,weather,weather2,lightcond,surfcond,surftype,numfatal,nmforms,pforms,vforms,not_tm,arr_tm,hosp_tm,fhevent,hitrun,manncol,milepnt,reljunc,reljuncinter,intersectiontype,funcsystem,landuse,ownership,route,schlbus,spejur,contdev,devfunc,trafid1,trafid2,lon,lat,wk_zone,vnumber,crashtype,criticalevent,criticaleventcat,spdlim,body,trailer,emerg,hazcargo,leave,mhevent,roadalgn,roadprof,traflane,trafflow,vehmanvr,numoccs,regowner,regstate,spuse,make,model,modelyr,vrf1,vrf2,seqevent1,seqevent2,seqevent3,seqevent4,seqevent5,seqevent6,pnumber,ptype,age,sex,hispanic,race,injury,diedscene,restraint,restraintmisuse,seatpos,takehosp,death_dt,death_tm,cert,cernum_wa,commlic,licendor,licrestrict,liccomp,drivpres,drf1,drf2,drf3,drf4,distract1,distract2,distract3,distract4,distract5,distract6,dricond1,dricond2,dricond3,dricond4,dricond5,dricond6,dzip,licstate,drhgt_in,weight,noncdl,noncdltype,prevdwi,prevoth,prevacc,prevspd,prevsus,driviol1,driviol2,driviol3,driviol4,driviol5,driviol6,spdrel,first_dt,last_dt,airbag,ejection,ejectpath,extricat,injurwrk,methalc,methdrug,nmlocat,strikveh,prf1,prf2,prf3,druginv,alcinvol,drugsts,drugres1,drugres2,drugres3,drugtst1,drugtst2,drugtst3,alcsts,alctst,alcres,nmact1,nmact2,nmact3,nmact4,nmact5,nmact6,nmprior1,nmprior2,nmprior3,nmprior4,nmprior5,nmprior6,nmcond1,nmcond2,nmcond3,nmcond4,nmcond5,nmcond6,nmsafe_helmet,nmsafe_pads,nmsafe_oth,nmprev_ref,nmprev_lgt,nmprev_oth,crashlocation,nmcrashtype,crosswalk,schoolzone,sidewalk,train_inv,wildlife_inv,rotr_fars,intersect_fars,dd_inv,aid_inv,dpd_inv,id_inv,mj_inv,impnm_inv,ainm_inv,dpnm_inv,speed_inv,unlic_inv,unendmc_inv,drowsy_inv,drdist_inv,nmdist_inv,fty_inv,unrestfat_inv,dr1617_inv,dr1820_inv,dr1620_inv,dr2125_inv,dr1625_inv,dr65_inv,dr70_inv,dr75_inv,mc_inv,pv_inv,ht_inv,ped_inv,bike_inv,unrest_fat,mc_fat,unhelmet_mc,pv_fat,ht_fat,ped_fat,bike_fat,dr_alc7,dr_alc8,dr_drug,dr_imp,dr_dist,dr_spd,dr_fty,dr_unlic,dr_alc7only,dr_alc8only,dr_drugonly,dr_drink,nm_imp,nm_alc7,nm_alc8,nm_drug,nm_dist,agegrp1,agegrp2,roadclass,urbrur,dayweek,restuse,vehtype,race_me,intersect,lanedep,oppdir,wrongway,rep_typ,investag,repag_long,rotr,st_rd,cty_rd,city_rd,oth_rd,drug_thc,thc_res,drug_cthc,cthc_res,drug_cann,prevpersemin,prevperse,prevsusoth,drugtst4,drugtst5,drugtst6,drugtst7,drugtst8,drugres4,drugres5,drugres6,drugres7,drugres8,adspresent,adsengaged,adslevel,race1,race2,race3,race4,race5,helmet,helmetmisuse,nmdistract1,nmdistract2,nmdistract3,nmdistract4,nmdistract5,nmdistract6,lab,isedtcase,crf1,crf2,crf3,CoRoadName,CoMP,IntCoRoadName,IntCoMP,crashzip,dcity,crashcity
3020,3085,3085,2020,503,EA91976,4.0,2020-12-21,10:39,21,12,,51,Pend Oreille,0,2,,1,2,2,1,0,2,2,10:42,10:54,11:25,12,0,6,420.3,2,0,2,4,1,1,3,0,0,20,3,SR-20,MCKENZIE,-117.2872389,48.310180556,0,1,82,15,2,35,34,0,0,1,2,12,1,1,2,1,11,1,1,53,0,20,481,1999,0,,12,63.0,3.0,,,,1,1,90,1,7.0,,4,7,3,0,11,0,12/21/2020,10:39,53060614.0,60614.0,0.0,0.0,3.0,3.0,1,38,,,,96,,,,,,9,,,,,,99156,53,68.0,120.0,6.0,1.0,0.0,0.0,0.0,0.0,,0,,,,,,0,,,8,0,0,0,0.0,9,8,,,0,,,8,8,2.0,1.0,,,1.0,,,2,1,0.0,,,,,,,,,,,,,,,,,,,,,,,,,,,,,,0,0,0,1,0,0,0,0,0,0,0,0,0,0,0,0,0,0,1,0,0,0,0,0,0,1,1,1,0,1,1,0,0,0,0,,1,0,0,0,0,0,0,0,0,0,1,0,0,0,0,0,,,,,,81+,76+,State route,R,Monday,Belt Used,PV,White,1,0,0,0,State Route,State Patrol,Washington State Patrol,0,1,0,0,0,,,,,,0.0,0.0,0.0,,,,,,,,,,,0.0,0.0,0.0,1.0,,,,,20.0,7.0,,,,,,,,1.0,0.0,,,,,,,99180,Newport,Usk
3021,3086,3086,2020,503,EA91976,4.0,2020-12-21,10:39,21,12,,51,Pend Oreille,0,2,,1,2,2,1,0,2,2,10:42,10:54,11:25,12,0,6,420.3,2,0,2,4,1,1,3,0,0,0,0,SR-20,MCKENZIE,-117.2872389,48.310180556,0,2,83,67,4,55,61,0,0,1,2,12,1,1,2,1,1,1,2,53,0,12,881,2004,0,,12,64.0,2.0,,,,1,1,82,1,0.0,,3,0,99,7,11,5,,,,,6.0,0.0,3.0,3.0,1,0,,,,96,,,,,,0,,,,,,99152,53,72.0,200.0,6.0,1.0,0.0,0.0,0.0,1.0,,0,,,,,,0,04/15/2017,04/15/2017,1,0,0,0,8.0,9,8,,,0,,,8,8,0.0,0.0,,,0.0,,,0,0,996.0,,,,,,,,,,,,,,,,,,,,,,,,,,,,,,0,0,0,1,0,0,0,0,0,0,0,0,0,0,0,0,0,0,1,0,0,0,0,0,0,1,1,1,0,1,1,0,0,0,0,,0,0,0,0,0,0,0,0,0,0,0,0,0,0,0,0,,,,,,81+,76+,State route,R,Monday,,MHTRUCK,Not Fatal,1,0,0,0,State Route,State Patrol,Washington State Patrol,0,1,0,0,0,,,,,,0.0,0.0,0.0,,,,,,,,,,,98.0,98.0,98.0,0.0,,,,,20.0,7.0,,,,,,,,1.0,0.0,,,,,,,99180,Metaline,Usk
3022,3087,3087,2020,504,EA92060,2.0,2020-12-16,15:59,16,12,,61,Snohomish,0,1,,1,2,2,2,0,3,2,16:01,16:07,,12,0,6,4.3,8,0,1,3,2,1,3,0,0,0,0,SR-9,,-122.12165,47.84145,0,1,68,15,2,45,4,0,0,1,2,12,1,1,3,1,11,2,1,53,0,37,31,1998,0,,12,,,,,,1,1,49,2,7.0,,4,0,99,7,11,5,12/16/2020,22:28,196053060357.0,60357.0,0.0,0.0,0.0,3.0,1,38,48.0,,,96,,,,,,98,,,,,,98296,53,59.0,120.0,6.0,1.0,0.0,0.0,0.0,0.0,,0,,,,,,0,,,8,0,0,0,0.0,9,8,,,0,,,8,8,2.0,695.0,605.0,,1.0,1.0,,2,1,0.0,,,,,,,,,,,,,,,,,,,,,,,,,,,,,,0,0,0,0,0,0,1,1,1,0,0,0,0,0,0,0,0,0,1,0,0,0,0,0,0,0,0,0,0,1,0,0,0,0,0,,1,0,0,0,0,0,1,1,0,0,1,0,0,0,1,0,,,,,,46-50,46-55,State route,U,Wednesday,Unknown,PV,White,1,0,0,0,State Route,State Patrol,Washington State Patrol,0,1,0,0,0,thc,6.0,carboxy-thc,67.0,,0.0,0.0,0.0,,,,,,,,,,,0.0,0.0,0.0,1.0,,,,,20.0,7.0,,,,,,,nms,1.0,0.0,,,,,,,98296,Snohomish,Snohomish
3023,3088,3088,2020,504,EA92060,2.0,2020-12-16,15:59,16,12,,61,Snohomish,0,1,,1,2,2,2,0,3,2,16:01,16:07,,12,0,6,4.3,8,0,1,3,2,1,3,0,0,0,0,SR-9,,-122.12165,47.84145,0,2,69,62,4,45,34,1,0,1,2,12,1,1,3,1,1,1,1,53,0,20,481,2011,0,,12,,,,,,1,1,58,1,0.0,,2,0,3,0,11,0,,,,,0.0,0.0,3.0,3.0,1,0,,,,96,,,,,,0,,,,,,98296,53,75.0,225.0,6.0,1.0,0.0,1.0,0.0,0.0,,0,,,,,,0,03/15/2020,03/15/2020,8,0,0,0,8.0,9,8,,,0,,,8,8,8.0,95.0,,,96.0,,,2,95,997.0,,,,,,,,,,,,,,,,,,,,,,,,,,,,,,0,0,0,0,0,0,1,1,1,0,0,0,0,0,0,0,0,0,1,0,0,0,0,0,0,0,0,0,0,1,0,0,0,0,0,,0,0,0,0,0,0,0,0,0,0,0,0,0,0,0,0,,,,,,56-60,56-65,State route,U,Wednesday,Belt Used,PV,Not Fatal,1,0,0,0,State Route,State Patrol,Washington State Patrol,0,1,0,0,0,,,,,,0.0,0.0,0.0,,,,,,,,,,,98.0,98.0,98.0,0.0,,,,,20.0,7.0,,,,,,,,1.0,0.0,,,,,,,98296,Snohomish,Snohomish
3024,3089,3089,2020,505,EA92348,2.0,2020-12-18,19:37,18,12,,57,Skagit,0,2,,2,2,2,1,0,2,2,19:58,,21:23,12,0,2,44.9,1,0,1,3,2,1,3,0,0,0,0,SR-20,,-122.6074417,48.436066667,0,1,50,10,2,50,4,0,0,1,2,12,1,1,2,1,1,1,1,53,0,22,16,1997,0,,68,12.0,,,,,1,1,35,2,7.0,,4,7,3,0,11,0,12/18/2020,19:37,53059857.0,59857.0,0.0,0.0,3.0,3.0,1,28,,,,96,,,,,,98,,,,,,98226,53,64.0,212.0,6.0,1.0,0.0,1.0,0.0,1.0,,0,,,,,,0,07/15/2017,06/15/2017,8,0,0,0,0.0,9,8,,,0,,,8,8,2.0,1.0,,,1.0,,,2,1,0.0,,,,,,,,,,,,,,,,,,,,,,,,,,,,,,0,0,0,0,0,0,0,0,0,0,0,0,0,0,0,0,0,0,0,0,0,0,0,0,0,0,0,0,0,1,0,0,0,0,0,,1,0,0,0,0,0,0,0,0,0,0,0,0,0,0,0,,,,,,31-35,26-35,State route,U,Friday,Belt Used,PV,Multiracial,0,1,1,0,State Route,State Patrol,Washington State Patrol,0,1,0,0,0,,,,,,0.0,0.0,0.0,,,,,,,,,,,0.0,0.0,0.0,298.0,,,,,20.0,7.0,,,,,,,,1.0,0.0,,,,,,,98221,Bellingham,Anacortes
3025,3090,3090,2020,505,EA92348,2.0,2020-12-18,19:37,18,12,,57,Skagit,0,2,,2,2,2,1,0,2,2,19:58,,21:23,12,0,2,44.9,1,0,1,3,2,1,3,0,0,0,0,SR-20,,-122.6074417,48.436066667,0,2,51,62,4,50,4,0,0,1,2,12,1,1,2,1,1,1,1,53,0,37,32,2014,0,,12,,,,,,1,1,45,2,0.0,,3,0,3,0,11,5,,,,,0.0,0.0,3.0,3.0,1,0,,,,96,,,,,,0,,,,,,98221,53,66.0,130.0,6.0,1.0,0.0,0.0,0.0,1.0,,0,,,,,,0,03/15/2019,03/15/2019,8,0,0,0,8.0,9,8,,,0,,,8,8,0.0,0.0,,,0.0,,,0,0,996.0,,,,,,,,,,,,,,,,,,,,,,,,,,,,,,0,0,0,0,0,0,0,0,0,0,0,0,0,0,0,0,0,0,0,0,0,0,0,0,0,0,0,0,0,1,0,0,0,0,0,,0,0,0,0,0,0,0,0,0,0,0,0,0,0,0,0,,,,,,41-45,36-45,State route,U,Friday,Belt Used,PV,Not Fatal,0,1,1,0,State Route,State Patrol,Washington State Patrol,0,1,0,0,0,,,,,,0.0,0.0,0.0,,,,,,,,,,,98.0,98.0,98.0,0.0,,,,,20.0,7.0,,,,,,,,1.0,0.0,,,,,,,98221,Anacortes,Anacortes
3026,3091,3091,2020,506,EA92704,2.0,2020-12-20,14:22,20,12,,61,Snohomish,0,10,,1,2,2,1,0,1,1,,,,30,0,0,17.7,1,0,1,4,1,1,3,0,0,0,0,SR-530,,-121.8906917,48.272130556,0,1,7,6,1,50,2,0,0,1,2,30,3,1,2,1,14,1,1,53,0,37,31,1998,0,,68,64.0,30.0,,,,1,1,26,2,7.0,,4,7,3,0,11,0,12/20/2020,14:22,53060167.0,60167.0,0.0,0.0,0.0,3.0,1,0,,,,96,,,,,,0,,,,,,98026,53,68.0,120.0,6.0,1.0,0.0,0.0,1.0,1.0,,0,,,,,,4,11/15/2018,05/15/2018,1,0,0,0,0.0,9,8,,,0,,,8,8,2.0,1.0,,,1.0,,,2,1,0.0,,,,,,,,,,,,,,,,,,,,,,,,,,,,,,0,0,0,0,0,0,0,0,0,0,0,0,1,0,0,0,0,0,0,0,0,0,0,0,0,0,0,0,0,1,0,0,0,0,0,,1,0,0,0,0,0,0,0,0,1,0,0,0,0,0,0,,,,,,26-30,26-35,State route,R,Sunday,Belt Used,PV,White,0,1,0,0,State Route,State Patrol,Washington State Patrol,1,1,0,0,0,,,,,,0.0,0.0,0.0,,,,,,,,,,,0.0,0.0,0.0,1.0,,,,,20.0,7.0,,,,,,,,1.0,0.0,,,,,,,98223,Edmonds,Arlington
3027,3092,3092,2020,507,EA93632,2.0,2020-12-24,4:20,24,12,,61,Snohomish,0,1,,2,1,2,1,1,1,1,,,,8,0,0,210.5,1,0,1,1,1,1,1,0,0,0,0,I-5,,-122.2176556,48.212691667,0,1,13,80,5,60,14,0,0,1,5,8,1,2,3,3,1,1,1,53,0,55,402,2018,0,,8,,,,,,1,1,50,2,0.0,,0,0,3,0,11,0,,,,,0.0,0.0,0.0,3.0,1,0,,,,96,,,,,,0,,,,,,98282,53,67.0,185.0,6.0,1.0,0.0,0.0,0.0,0.0,,0,,,,,,0,,,20,0,0,0,8.0,3,2,,,0,,,8,8,0.0,0.0,,,0.0,,,0,0,996.0,,,,,,,,,,,,,,,,,,,,,,,,,,,,,,0,0,0,0,0,0,0,0,0,1,0,1,0,0,0,0,0,0,0,0,0,0,0,0,0,0,0,0,0,1,0,1,0,0,0,,0,0,0,0,0,0,0,0,0,0,0,0,0,0,0,0,,,,,,46-50,46-55,Interstate,R,Thursday,Belt Used,PV,Not Fatal,0,0,0,0,State Route,State Patrol,Washington State Patrol,0,1,0,0,0,,,,,,0.0,0.0,0.0,,,,,,,,,,,98.0,98.0,98.0,0.0,,,,,20.0,7.0,,,,,,,,1.0,0.0,,,,,,,98223,Camano Island,Arlington
3028,3093,3093,2020,508,EA93821,2.0,2020-12-24,6:39,24,12,,61,Snohomish,690,1,,2,4,2,1,0,4,4,6:45,6:57,,25,0,0,195.0,1,0,1,1,2,1,1,0,0,0,0,I-5,,-122.1788028,47.993830556,0,1,7,6,1,60,4,0,0,1,2,25,1,2,3,3,1,1,2,53,0,49,32,1998,0,,64,25.0,12.0,12.0,,,1,1,30,1,1.0,,4,7,20,7,11,0,12/24/2020,6:39,69053061066.0,61066.0,0.0,0.0,0.0,0.0,1,87,,,,96,,,,,,98,,,,,,98204,53,68.0,200.0,0.0,0.0,0.0,0.0,0.0,0.0,,0,,,,,,4,,,20,1,9,0,0.0,9,8,,,0,,,8,8,2.0,1.0,,,1.0,,,2,1,0.0,,,,,,,,,,,,,,,,,,,,,,,,,,,,,,0,0,0,0,0,0,0,0,0,0,0,0,1,1,0,0,0,0,0,1,0,0,0,0,0,0,0,0,0,1,0,0,0,1,0,,1,0,0,0,0,0,0,0,0,1,0,1,0,0,0,0,,,,,,26-30,26-35,Interstate,U,Thursday,Not Used,PV,Hispanic,0,1,0,0,State Route,State Patrol,Washington State Patrol,1,1,0,0,0,,,,,,0.0,0.0,0.0,,,,,,,,,,,0.0,0.0,0.0,298.0,,,,,20.0,7.0,,,,,,,,1.0,0.0,,,,,,,98201,Everett,Everett
3029,3094,3094,2020,508,EA93821,2.0,2020-12-24,6:39,24,12,,61,Snohomish,690,1,,2,4,2,1,0,4,4,6:45,6:57,,25,0,0,195.0,1,0,1,1,2,1,1,0,0,0,0,I-5,,-122.1788028,47.993830556,0,2,98,98,7,60,14,0,0,1,5,12,1,2,3,3,5,1,1,53,0,2,404,2019,0,,12,,,,,,1,1,28,2,0.0,,0,0,3,0,11,0,,,,,0.0,0.0,0.0,3.0,1,0,,,,96,,,,,,98,,,,,,98223,53,63.0,120.0,6.0,1.0,0.0,0.0,1.0,1.0,,0,,,,,,0,05/15/2018,05/15/2018,20,0,0,0,8.0,9,8,,,0,,,8,8,8.0,95.0,,,96.0,,,8,95,995.0,,,,,,,,,,,,,,,,,,,,,,,,,,,,,,0,0,0,0,0,0,0,0,0,0,0,0,1,1,0,0,0,0,0,1,0,0,0,0,0,0,0,0,0,1,0,0,0,0,0,,0,0,0,0,0,0,0,0,0,0,0,0,0,0,0,0,,,,,,26-30,26-35,Interstate,U,Thursday,Belt Used,PV,Not Fatal,0,1,0,0,State Route,State Patrol,Washington State Patrol,1,1,0,0,0,,,,,,0.0,0.0,0.0,,,,,,,,,,,98.0,98.0,98.0,0.0,,,,,20.0,7.0,,,,,,,,1.0,0.0,,,,,,,98201,Arlington,Everett
3030,3095,3095,2020,508,EA93821,2.0,2020-12-24,6:39,24,12,,61,Snohomish,690,1,,2,4,2,1,0,4,4,6:45,6:57,,25,0,0,195.0,1,0,1,1,2,1,1,0,0,0,0,I-5,,-122.1788028,47.993830556,0,3,98,50,3,60,14,0,0,1,2,12,1,2,3,3,1,1,1,41,0,37,402,2007,0,,12,,,,,,1,1,50,2,0.0,,1,0,3,0,11,5,,,,,0.0,0.0,0.0,3.0,1,0,,,,96,,,,,,98,,,,,,98444,53,66.0,160.0,6.0,1.0,0.0,0.0,1.0,0.0,,0,,,,,,0,08/15/2019,08/15/2019,20,0,0,0,8.0,9,8,,,0,,,8,8,8.0,95.0,,,96.0,,,8,95,995.0,,,,,,,,,,,,,,,,,,,,,,,,,,,,,,0,0,0,0,0,0,0,0,0,0,0,0,1,1,0,0,0,0,0,1,0,0,0,0,0,0,0,0,0,1,0,0,0,0,0,,0,0,0,0,0,0,0,0,0,0,0,0,0,0,0,0,,,,,,46-50,46-55,Interstate,U,Thursday,Belt Used,PV,Not Fatal,0,1,0,0,State Route,State Patrol,Washington State Patrol,1,1,0,0,0,,,,,,0.0,0.0,0.0,,,,,,,,,,,98.0,98.0,98.0,0.0,,,,,20.0,7.0,,,,,,,,1.0,0.0,,,,,,,98201,Tacoma,Everett
3031,3096,3096,2020,508,EA93821,2.0,2020-12-24,6:39,24,12,,61,Snohomish,690,1,,2,4,2,1,0,4,4,6:45,6:57,,25,0,0,195.0,1,0,1,1,2,1,1,0,0,0,0,I-5,,-122.1788028,47.993830556,0,4,98,50,3,60,4,0,0,1,5,25,1,2,3,3,1,1,1,53,0,49,32,2017,0,,64,25.0,,,,,1,1,40,1,0.0,,0,0,3,0,11,0,,,,,0.0,0.0,0.0,3.0,1,0,,,,96,,,,,,98,,,,,,98233,53,71.0,275.0,6.0,1.0,0.0,0.0,2.0,0.0,,0,,,,,,0,04/15/2016,06/15/2019,20,0,0,0,8.0,9,8,,,0,,,8,8,8.0,95.0,,,96.0,,,8,95,995.0,,,,,,,,,,,,,,,,,,,,,,,,,,,,,,0,0,0,0,0,0,0,0,0,0,0,0,1,1,0,0,0,0,0,1,0,0,0,0,0,0,0,0,0,1,0,0,0,0,0,,0,0,0,0,0,0,0,0,0,0,0,0,0,0,0,0,,,,,,36-40,36-45,Interstate,U,Thursday,Belt Used,PV,Not Fatal,0,1,0,0,State Route,State Patrol,Washington State Patrol,1,1,0,0,0,,,,,,0.0,0.0,0.0,,,,,,,,,,,98.0,98.0,98.0,0.0,,,,,20.0,7.0,,,,,,,,1.0,0.0,,,,,,,98201,Burlington,Everett
3032,3097,3097,2020,509,EA93964,2.0,2020-12-15,1:35,15,12,,61,Snohomish,690,2,,3,2,2,1,0,1,1,,,,1,0,0,0.6,5,1,1,1,2,1,1,0,0,0,0,I-5,,-122.20975,47.910080556,0,1,6,12,2,98,34,0,0,1,2,1,1,2,2,6,1,1,1,53,0,49,471,1993,0,,64,1.0,,,,,1,1,40,1,7.0,,4,7,3,0,11,0,12/15/2020,1:35,69053059057.0,59057.0,0.0,0.0,0.0,3.0,1,0,,,,96,,,,,,98,,,,,,98117,53,70.0,170.0,6.0,1.0,0.0,1.0,0.0,0.0,,0,,,,,,4,03/15/2019,03/15/2019,20,2,9,0,0.0,9,8,,,0,,,8,8,2.0,996.0,407.0,402.0,1.0,1.0,1.0,2,1,0.0,,,,,,,,,,,,,,,,,,,,,,,,,,,,,,0,0,1,0,0,0,1,1,0,0,0,0,1,0,0,0,0,0,0,0,0,0,0,0,0,0,0,0,0,1,0,0,0,0,0,,1,0,0,0,0,0,1,1,0,1,0,0,0,0,1,0,,,,,,36-40,36-45,Interstate,U,Tuesday,Belt Used,PV,White,0,1,0,0,State Route,State Patrol,Washington State Patrol,1,1,0,0,0,,,,,,0.0,0.0,0.0,1.0,1.0,1.0,,,996.0,343.0,996.0,404.0,417.0,0.0,0.0,0.0,1.0,,,,,20.0,7.0,,,,,,,,1.0,0.0,,,,,,,98208,Seattle,Everett
3033,3098,3098,2020,510,EA94341,39.0,2020-12-02,22:22,2,12,,61,Snohomish,0,1,,2,2,2,1,0,2,1,,,,31,0,0,1.7,1,0,1,7,1,2,4,0,0,0,0,CR-HIGH ROCK RD,,-121.9615389,47.802355556,0,1,1,13,2,35,4,0,0,1,2,31,3,2,2,1,14,2,2,34,0,34,35,2021,0,,63,31.0,42.0,,,,1,1,34,1,0.0,,1,0,3,0,11,5,,,,,0.0,0.0,0.0,3.0,1,0,,,,96,,,,,,9,,,,,,98272,53,76.0,185.0,6.0,1.0,0.0,1.0,2.0,1.0,,97,,,,,,4,11/15/2018,07/15/2020,8,0,0,0,8.0,9,8,,,0,,,8,1,0.0,0.0,,,0.0,,,0,0,996.0,,,,,,,,,,,,,,,,,,,,,,,,,,,,,,0,0,1,0,1,0,0,0,0,0,0,0,1,0,0,0,0,0,0,0,0,0,0,0,0,0,0,0,0,1,0,0,0,0,0,,0,0,0,0,0,0,0,0,0,1,0,0,0,0,0,1,,,,,,31-35,26-35,County road,R,Wednesday,Belt Used,PV,Not Fatal,0,1,0,0,County Road,County Sheriff,Snohomish County Sheriff's Office,1,0,1,0,0,,,,,,0.0,0.0,7.0,,,,,,,,,,,98.0,98.0,98.0,0.0,,,,,20.0,7.0,,,,,,,,1.0,0.0,,,HIGH ROCK RD,1.685,,,98272,Monroe,Monroe
3034,3099,3099,2020,511,EA94737,8.0,2020-12-26,13:27,26,12,,9,Clallam,1990,10,,1,1,2,2,0,4,2,13:32,13:55,14:45,12,0,2,266.1,1,0,1,3,2,1,2,0,0,0,0,US-101,,-123.0560417,48.062019444,0,1,50,10,2,55,6,0,0,1,2,12,1,2,2,1,1,2,2,53,0,6,52,2001,0,,68,12.0,,,,,1,1,40,2,7.0,,4,7,20,7,11,0,12/26/2020,13:27,199053062559.0,62559.0,0.0,0.0,3.0,3.0,1,28,,,,92,,,,,,98,,,,,,98365,53,66.0,190.0,6.0,1.0,0.0,1.0,0.0,1.0,,0,,,,,,0,02/15/2018,04/15/2019,8,0,0,0,0.0,9,8,,,0,,,8,8,2.0,1.0,,,1.0,,,2,1,0.015,,,,,,,,,,,,,,,,,,,,,,,,,,,,,,0,0,0,0,1,0,0,0,0,0,0,0,0,0,0,0,1,0,0,1,0,0,0,0,0,0,0,0,0,1,1,0,0,1,0,,1,0,0,0,1,0,0,0,1,0,0,0,1,0,0,1,,,,,,36-40,36-45,US highway,U,Saturday,Not Used,PV,White,0,1,1,0,State Route,State Patrol,Washington State Patrol,0,1,0,0,0,,,,,,0.0,0.0,1.0,,,,,,,,,,,98.0,98.0,98.0,1.0,,,,,20.0,7.0,,,,,,,,1.0,0.0,,,,,,,98382,Port Ludlow,Sequim
3035,3100,3100,2020,511,EA94737,8.0,2020-12-26,13:27,26,12,,9,Clallam,1990,10,,1,1,2,2,0,4,2,13:32,13:55,14:45,12,0,2,266.1,1,0,1,3,2,1,2,0,0,0,0,US-101,,-123.0560417,48.062019444,0,2,51,62,4,55,67,0,0,1,2,12,1,2,2,1,1,2,1,53,0,7,880,2018,0,,12,,,,,,1,1,62,1,0.0,,3,0,3,0,11,5,,,,,0.0,0.0,0.0,3.0,1,0,,,,96,,,,,,0,,,,,,98370,53,70.0,160.0,6.0,1.0,0.0,0.0,0.0,0.0,,0,,,,,,0,,,8,0,0,0,8.0,9,8,,,0,,,8,8,0.0,0.0,,,0.0,,,0,0,996.0,,,,,,,,,,,,,,,,,,,,,,,,,,,,,,0,0,0,0,1,0,0,0,0,0,0,0,0,0,0,0,1,0,0,1,0,0,0,0,0,0,0,0,0,1,1,0,0,0,0,,0,0,0,0,0,0,0,0,0,0,0,0,0,0,0,0,,,,,,61-65,56-65,US highway,U,Saturday,,MHTRUCK,Not Fatal,0,1,1,0,State Route,State Patrol,Washington State Patrol,0,1,0,0,0,,,,,,0.0,0.0,0.0,,,,,,,,,,,98.0,98.0,98.0,0.0,,,,,20.0,7.0,,,,,,,,1.0,0.0,,,,,,,98382,Poulsbo,Sequim
3036,3101,3101,2020,512,EA95217,122.0,2020-12-19,19:51,19,12,,61,Snohomish,690,2,,3,2,2,1,1,1,1,,,,8,0,0,0.0,3,0,2,3,2,4,6,0,0,3,3,EVERGREEN WAY,75TH ST SE,-122.2207806,47.930091667,0,1,13,80,5,35,14,0,0,1,5,8,1,1,3,1,11,1,1,53,0,37,402,2012,0,,8,,,,,,1,1,27,1,0.0,,0,0,99,7,11,0,,,,,0.0,0.0,3.0,3.0,1,10,38.0,,,0,,,,,,0,,,,,,98275,53,74.0,185.0,6.0,1.0,0.0,0.0,0.0,0.0,,97,,,,,,0,,,20,0,0,0,8.0,9,8,,,0,,,8,8,0.0,0.0,,,0.0,,,0,0,996.0,,,,,,,,,,,,,,,,,,,,,,,,,,,,,,0,0,0,1,0,0,0,0,0,1,1,1,0,0,0,0,0,0,1,0,0,0,0,0,0,0,0,0,0,1,0,1,0,0,0,,0,0,0,0,0,0,0,0,0,0,1,0,0,0,0,0,,,,,,26-30,26-35,City street,U,Saturday,Unknown,PV,Not Fatal,1,0,0,0,City Street,Municipal/City Police,Everett Police Department,0,0,0,1,0,,,,,,0.0,0.0,0.0,,,,,,,,,,,98.0,98.0,98.0,0.0,,,,,20.0,7.0,,,,,,,,1.0,0.0,,,,,,,98203,Mukilteo,Everett
3037,3102,3102,2020,513,3840330,344.0,2020-01-14,3:53,14,1,,77,Yakima,0,4,,2,10,2,1,0,4,1,3:53,4:12,4:53,1,0,0,5.0,1,0,1,6,1,2,4,0,3,0,0,CR-MCDONALD RD,,-120.4606222,46.390144444,0,1,7,6,1,35,4,0,0,1,2,1,1,1,8,1,1,4,2,53,0,7,20,2004,0,,68,64.0,1.0,,,,1,1,20,2,7.0,,4,7,20,7,11,0,01/14/2020,3:53,53001535.0,1535.0,0.0,0.0,0.0,0.0,1,0,,,,96,,,,,,9,,,,,,98920,53,,999.0,0.0,0.0,0.0,0.0,0.0,0.0,,0,,,,,,4,,,20,1,9,0,0.0,9,8,,,0,,,8,1,2.0,1.0,,,1.0,,,2,1,0.084,,,,,,,,,,,,,,,,,,,,,,,,,,,,,,0,0,0,0,1,1,0,1,0,0,0,0,1,1,0,0,0,0,0,1,0,1,1,0,1,0,0,0,0,1,0,0,0,1,0,,1,0,0,0,0,1,0,1,0,1,0,1,0,1,0,1,,,,,,18-20,16-25,County road,R,Tuesday,Not Used,PV,AIAN,0,1,0,0,County Road,Other Law Enforcement,Yakama Tribal Police Department,1,0,1,0,0,,,,,,0.0,0.0,0.0,,,,,,,,,,,98.0,98.0,98.0,3.0,,,,,20.0,7.0,,,,,,,,1.0,0.0,,,MCDONALD RD.,4.95,,,98951,Brownstown,Wapato
3038,3103,3103,2020,514,EA86530,42.0,2020-12-02,12:11,2,12,,67,Thurston,0,1,,1,1,2,1,1,1,1,,,,18,0,0,11.4,3,0,3,5,2,2,4,0,0,98,3,CR-LITTLEROCK RD SW,93RD AVE SW,-122.9724083,46.952869444,1,1,98,98,7,50,34,0,0,1,5,8,1,1,2,1,1,1,1,53,0,12,471,2011,0,,63,18.0,8.0,,,,1,1,74,1,0.0,,0,0,3,0,11,0,,,,,0.0,0.0,3.0,3.0,1,10,,,,0,,,,,,0,,,,,,98512,53,72.0,200.0,6.0,1.0,0.0,0.0,0.0,0.0,,97,,,,,,0,03/15/2020,03/15/2020,1,0,0,0,8.0,9,8,,,0,,,8,8,0.0,0.0,,,0.0,,,0,0,996.0,,,,,,,,,,,,,,,,,,,,,,,,,,,,,,0,0,0,1,0,0,0,0,0,1,0,1,0,0,0,0,0,1,0,0,0,0,0,0,0,1,1,0,0,1,0,1,0,0,0,,0,0,0,0,0,0,0,0,0,0,0,0,0,0,0,0,,,,,,71-75,66-75,County road,U,Wednesday,Belt Used,PV,Not Fatal,0,0,0,0,County Road,County Sheriff,Thurston County Sheriff's Office,0,0,1,0,0,,,,,,0.0,0.0,1.0,,,,,,,,,,,98.0,98.0,98.0,0.0,,,,,20.0,7.0,,,,,,,,1.0,0.0,,,LITTLEROCK RD SW,11.42,93RD AVE SW,10.96,98512,Olympia,Olympia