,index,Unnamed: 0,year,case,par,repjur,crash_dt,crash_tm,accday,accmon,holiday,county,co_char,city,weather,weather2,lightcond,surfcond,surftype,numfatal,nmforms,pforms,vforms,not_tm,arr_tm,hosp_tm,fhevent,hitrun,manncol,milepnt,reljunc,reljuncinter,intersectiontype,funcsystem,landuse,ownership,route,schlbus,spejur,contdev,devfunc,trafid1,trafid2,lon,lat,wk_zone,vnumber,crashtype,criticalevent,criticaleventcat,spdlim,body,trailer,emerg,hazcargo,leave,mhevent,roadalgn,roadprof,traflane,trafflow,vehmanvr,numoccs,regowner,regstate,spuse,make,model,modelyr,vrf1,vrf2,seqevent1,seqevent2,seqevent3,seqevent4,seqevent5,seqevent6,pnumber,ptype,age,sex,hispanic,race,injury,diedscene,restraint,restraintmisuse,seatpos,takehosp,death_dt,death_tm,cert,cernum_wa,commlic,licendor,licrestrict,liccomp,drivpres,drf1,drf2,drf3,drf4,distract1,distract2,distract3,distract4,distract5,distract6,dricond1,dricond2,dricond3,dricond4,dricond5,dricond6,dzip,licstate,drhgt_in,weight,noncdl,noncdltype,prevdwi,prevoth,prevacc,prevspd,prevsus,driviol1,driviol2,driviol3,driviol4,driviol5,driviol6,spdrel,first_dt,last_dt,airbag,ejection,ejectpath,extricat,injurwrk,methalc,methdrug,nmlocat,strikveh,prf1,prf2,prf3,druginv,alcinvol,drugsts,drugres1,drugres2,drugres3,drugtst1,drugtst2,drugtst3,alcsts,alctst,alcres,nmact1,nmact2,nmact3,nmact4,nmact5,nmact6,nmprior1,nmprior2,nmprior3,nmprior4,nmprior5,nmprior6,nmcond1,nmcond2,nmcond3,nmcond4,nmcond5,nmcond6,nmsafe_helmet,nmsafe_pads,nmsafe_oth,nmprev_ref,nmprev_lgt,nmprev_oth,crashlocation,nmcrashtype,crosswalk,schoolzone,sidewalk,train_inv,wildlife_inv,rotr_fars,intersect_fars,dd_inv,aid_inv,dpd_inv,id_inv,mj_inv,impnm_inv,ainm_inv,dpnm_inv,speed_inv,unlic_inv,unendmc_inv,drowsy_inv,drdist_inv,nmdist_inv,fty_inv,unrestfat_inv,dr1617_inv,dr1820_inv,dr1620_inv,dr2125_inv,dr1625_inv,dr65_inv,dr70_inv,dr75_inv,mc_inv,pv_inv,ht_inv,ped_inv,bike_inv,unrest_fat,mc_fat,unhelmet_mc,pv_fat,ht_fat,ped_fat,bike_fat,dr_alc7,dr_alc8,dr_drug,dr_imp,dr_dist,dr_spd,dr_fty,dr_unlic,dr_alc7only,dr_alc8only,dr_drugonly,dr_drink,nm_imp,nm_alc7,nm_alc8,nm_drug,nm_dist,agegrp1,agegrp2,roadclass,urbrur,dayweek,restuse,vehtype,race_me,intersect,lanedep,oppdir,wrongway,rep_typ,investag,repag_long,rotr,st_rd,cty_rd,city_rd,oth_rd,drug_thc,thc_res,drug_cthc,cthc_res,drug_cann,prevpersemin,prevperse,prevsusoth,drugtst4,drugtst5,drugtst6,drugtst7,drugtst8,drugres4,drugres5,drugres6,drugres7,drugres8,adspresent,adsengaged,adslevel,race1,race2,race3,race4,race5,helmet,helmetmisuse,nmdistract1,nmdistract2,nmdistract3,nmdistract4,nmdistract5,nmdistract6,lab,isedtcase,crf1,crf2,crf3,CoRoadName,CoMP,IntCoRoadName,IntCoMP,crashzip,dcity,crashcity
3039,3104,3104,2020,515,3840261,344.0,2020-12-22,21:30,22,12,,77,Yakima,0,1,,2,1,2,1,0,1,1,21:38,21:44,22:10,1,0,0,0.8,1,0,1,5,1,2,4,0,3,0,0,CR-CURTIS ST,,-120.7289278,46.376316667,0,1,7,12,2,35,14,0,0,1,2,1,2,2,2,1,14,1,2,41,0,12,401,2003,0,,68,64.0,1.0,,,,1,1,49,1,7.0,,4,0,99,7,11,5,12/22/2020,23:21,259053060574.0,60574.0,0.0,0.0,0.0,0.0,1,0,,,,96,,,,,,9,,,,,,98952,53,68.0,156.0,0.0,0.0,0.0,0.0,0.0,0.0,,0,,,,,,3,06/15/2017,06/15/2017,20,0,0,0,0.0,3,2,,,0,,,8,1,2.0,522.0,695.0,605.0,1.0,1.0,1.0,2,1,0.156,,,,,,,,,,,,,,,,,,,,,,,,,,,,,,0,0,0,0,1,1,1,1,1,0,0,0,1,1,0,0,0,0,0,0,0,0,0,0,0,0,0,0,0,1,0,0,0,0,0,,1,0,0,0,0,1,1,1,0,1,0,1,0,0,0,1,,,,,,46-50,46-55,County road,R,Tuesday,Unknown,PV,AIAN,0,1,0,0,County Road,Other Law Enforcement,Yakama Tribal Police Department,1,0,1,0,0,thc,9.6,carboxy-thc,19.0,,0.0,0.0,1.0,,,,,,,,,,,98.0,98.0,98.0,3.0,,,,,20.0,7.0,,,,,,,nms,1.0,0.0,,,CURTIS ST.,0.75,,,98952,White Swan,White Swan
3040,3105,3105,2020,516,EB00058,13.0,2020-06-06,15:35,6,6,,9,Clallam,0,10,,1,2,5,1,0,2,1,15:49,16:53,17:32,1,0,0,1.5,1,0,1,96,6,96,8,0,0,0,0,LOGGING ROAD,,-123.2280333,48.008133333,0,1,98,6,1,98,96,0,0,1,2,1,3,2,8,8,14,2,1,53,0,98,734,2017,0,,1,,,,,,1,1,26,1,7.0,,4,7,20,7,11,0,06/06/2020,15:35,199053026224.0,26224.0,6.0,0.0,0.0,1.0,1,0,,,,96,,,,,,0,,,,,,98362,53,69.0,180.0,6.0,1.0,0.0,3.0,0.0,0.0,,0,,,,,,4,06/15/2017,12/15/2019,20,1,9,0,0.0,1,8,,,0,,,8,1,2.0,1.0,,,1.0,,,2,1,0.067,,,,,,,,,,,,,,,,,,,,,,,,,,,,,,0,0,0,0,1,0,0,0,0,0,0,0,1,0,0,0,0,0,0,0,0,0,0,0,0,0,0,0,0,0,0,0,0,0,0,,0,0,0,0,1,0,0,0,0,1,0,0,1,0,0,1,,,,,,26-30,26-35,Other,,Saturday,,OTHVT,White,0,1,0,0,Other,County Sheriff,Clallam County Sheriff's Office,1,0,0,0,1,,,,,,0.0,0.0,0.0,,,,,,,,,,,0.0,0.0,0.0,1.0,,,,,17.0,7.0,,,,,,,,1.0,0.0,,,,,,,98382,Port Angeles,Sequim
3041,3106,3106,2020,517,EB00484,6.0,2020-12-06,20:40,6,12,,25,Grant,0,1,,2,2,2,1,0,7,3,20:46,20:56,,12,0,8,4.5,1,0,1,4,1,1,3,0,0,0,0,SR-243,,-119.8268861,46.633194444,0,1,64,10,2,60,62,0,0,1,2,12,1,1,2,1,1,1,3,53,0,82,881,2013,0,,68,12.0,12.0,,,,1,1,43,1,0.0,,2,0,3,0,11,5,,,,,0.0,0.0,0.0,2.0,1,28,60.0,,,0,,,,,,2,,,,,,98052,53,68.0,175.0,6.0,1.0,0.0,1.0,0.0,0.0,,97,,,,,,0,01/15/2019,01/15/2019,20,0,0,0,8.0,3,2,,,0,,,8,8,0.0,0.0,,,0.0,,,0,0,996.0,,,,,,,,,,,,,,,,,,,,,,,,,,,,,,0,0,0,0,0,0,0,0,0,0,0,0,0,0,0,1,0,0,0,0,0,0,0,0,0,0,0,0,0,1,1,0,0,0,0,,0,0,0,0,0,0,0,0,0,0,0,0,0,0,0,0,,,,,,41-45,36-45,State route,R,Sunday,,MHTRUCK,Not Fatal,0,1,1,0,State Route,State Patrol,Washington State Patrol,0,1,0,0,0,,,,,,0.0,0.0,0.0,,,,,,,,,,,98.0,98.0,98.0,0.0,,,,,20.0,7.0,,,,,,,,1.0,0.0,,,,,,,99349,Redmond,Mattawa
3042,3107,3107,2020,517,EB00484,6.0,2020-12-06,20:40,6,12,,25,Grant,0,1,,2,2,2,1,0,7,3,20:46,20:56,,12,0,8,4.5,1,0,1,4,1,1,3,0,0,0,0,SR-243,,-119.8268861,46.633194444,0,2,65,62,4,60,4,0,0,1,2,12,1,1,2,1,1,4,1,53,0,12,17,2008,0,,12,,,,,,1,1,40,1,0.0,,0,0,3,0,11,0,,,,,0.0,0.0,0.0,3.0,1,0,,,,96,,,,,,0,,,,,,99349,53,65.0,127.0,6.0,1.0,0.0,0.0,0.0,0.0,,0,,,,,,0,,,20,0,0,0,8.0,9,8,,,0,,,8,8,0.0,0.0,,,0.0,,,0,0,996.0,,,,,,,,,,,,,,,,,,,,,,,,,,,,,,0,0,0,0,0,0,0,0,0,0,0,0,0,0,0,1,0,0,0,0,0,0,0,0,0,0,0,0,0,1,1,0,0,0,0,,0,0,0,0,0,0,0,0,0,0,0,0,0,0,0,0,,,,,,36-40,36-45,State route,R,Sunday,Belt Used,PV,Not Fatal,0,1,1,0,State Route,State Patrol,Washington State Patrol,0,1,0,0,0,,,,,,0.0,0.0,0.0,,,,,,,,,,,98.0,98.0,98.0,0.0,,,,,20.0,7.0,,,,,,,,1.0,0.0,,,,,,,99349,Mattawa,Mattawa
3043,3108,3108,2020,517,EB00484,6.0,2020-12-06,20:40,6,12,,25,Grant,0,1,,2,2,2,1,0,7,3,20:46,20:56,,12,0,8,4.5,1,0,1,4,1,1,3,0,0,0,0,SR-243,,-119.8268861,46.633194444,0,3,98,62,4,60,15,0,0,1,2,12,1,1,2,1,1,2,2,53,0,20,421,2001,0,,12,1.0,,,,,1,1,54,2,1.0,,4,7,3,0,11,0,12/06/2020,20:40,129353058021.0,58021.0,0.0,0.0,0.0,3.0,1,0,,,,96,,,,,,98,,,,,,99349,53,60.0,182.0,6.0,1.0,0.0,0.0,1.0,0.0,,0,,,,,,0,02/15/2017,02/15/2017,8,0,0,0,0.0,9,8,,,0,,,8,8,0.0,0.0,,,0.0,,,0,0,996.0,,,,,,,,,,,,,,,,,,,,,,,,,,,,,,0,0,0,0,0,0,0,0,0,0,0,0,0,0,0,1,0,0,0,0,0,0,0,0,0,0,0,0,0,1,1,0,0,0,0,,1,0,0,0,0,0,0,0,0,0,0,0,0,0,0,0,,,,,,51-55,46-55,State route,R,Sunday,Belt Used,PV,Hispanic,0,1,1,0,State Route,State Patrol,Washington State Patrol,0,1,0,0,0,,,,,,0.0,0.0,0.0,,,,,,,,,,,98.0,98.0,98.0,298.0,,,,,20.0,7.0,,,,,,,,1.0,0.0,,,,,,,99349,Mattawa,Mattawa
3044,3109,3109,2020,518,EB04925,39.0,2020-11-21,20:38,21,11,,61,Snohomish,0,1,,2,1,2,1,0,1,1,20:40,20:46,,42,0,0,0.4,1,0,1,6,1,2,4,0,0,0,0,CR-TROMBLEY,,-121.985825,47.914883333,0,1,1,13,2,35,4,0,0,1,2,42,4,2,8,1,14,1,1,53,0,52,46,2006,0,,63,42.0,,,,,1,1,26,1,7.0,,4,7,3,0,11,0,11/21/2020,20:38,53056753.0,56753.0,0.0,0.0,0.0,3.0,1,0,,,,96,,,,,,9,,,,,,98290,53,72.0,200.0,6.0,1.0,0.0,1.0,1.0,2.0,,0,,,,,,4,05/15/2016,01/15/2016,8,0,0,0,0.0,9,8,,,0,,,1,1,2.0,695.0,605.0,,1.0,1.0,,2,1,0.202,,,,,,,,,,,,,,,,,,,,,,,,,,,,,,0,0,1,0,1,1,1,1,1,0,0,0,1,0,0,0,0,0,0,0,0,0,0,0,0,0,0,0,0,1,0,0,0,0,0,,1,0,0,0,0,1,1,1,0,1,0,0,0,0,0,1,,,,,,26-30,26-35,County road,R,Saturday,Belt Used,PV,White,0,1,0,0,County Road,County Sheriff,Snohomish County Sheriff's Office,1,0,1,0,0,thc,31.0,carboxy-thc,14.0,,0.0,0.0,0.0,,,,,,,,,,,98.0,98.0,98.0,1.0,,,,,20.0,7.0,,,,,,,nms,1.0,0.0,,,TROMBLEY RD,0.373,,,98290,Snohomish,Snohomish
3045,3110,3110,2020,519,EA74442,4.0,2020-09-02,6:57,2,9,,1,Adams,0,1,,4,1,2,1,0,2,2,,,,12,0,6,46.8,2,0,2,3,1,1,3,0,0,20,3,SR-26,BOOKER RD,-119.0482028,46.799541667,0,1,89,17,2,55,34,0,0,1,2,12,1,1,2,1,1,1,1,41,0,49,472,2015,0,,12,,,,,,1,1,20,1,7.0,,4,0,3,0,11,4,09/04/2020,19:40,211053041477.0,41477.0,0.0,0.0,0.0,3.0,1,38,,,,96,,,,,,98,,,,,,97827,41,73.0,150.0,6.0,1.0,0.0,0.0,0.0,0.0,,0,,,,,,0,,,8,0,0,0,0.0,9,8,,,0,,,8,8,2.0,522.0,996.0,,1.0,1.0,,2,1,0.0,,,,,,,,,,,,,,,,,,,,,,,,,,,,,,0,0,0,1,0,0,1,1,0,0,0,0,0,0,0,0,0,0,1,0,0,1,1,0,1,0,0,0,0,1,0,0,0,0,0,,1,0,0,0,0,0,1,1,0,0,1,0,0,0,1,0,,,,,,18-20,16-25,State route,R,Wednesday,Belt Used,PV,White,1,0,0,0,State Route,State Patrol,Washington State Patrol,0,1,0,0,0,,,,,,0.0,0.0,0.0,,,,,,,,,,,98.0,98.0,98.0,1.0,,,,,20.0,7.0,,,,,,,,1.0,0.0,,,,,,,99344,Elgin,Othello
3046,3111,3111,2020,519,EA74442,4.0,2020-09-02,6:57,2,9,,1,Adams,0,1,,4,1,2,1,0,2,2,,,,12,0,6,46.8,2,0,2,3,1,1,3,0,0,0,0,SR-26,BOOKER RD,-119.0482028,46.799541667,0,2,88,66,4,60,34,1,0,1,2,12,1,1,2,1,1,1,1,53,0,20,481,2015,0,,12,,,,,,1,1,63,1,0.0,,1,0,3,0,11,5,,,,,0.0,0.0,3.0,3.0,1,0,,,,96,,,,,,98,,,,,,98146,53,71.0,170.0,6.0,1.0,0.0,0.0,0.0,1.0,,0,,,,,,0,01/15/2020,01/15/2020,8,0,0,0,8.0,9,8,,,0,,,8,8,8.0,95.0,,,96.0,,,8,95,995.0,,,,,,,,,,,,,,,,,,,,,,,,,,,,,,0,0,0,1,0,0,1,1,0,0,0,0,0,0,0,0,0,0,1,0,0,1,1,0,1,0,0,0,0,1,0,0,0,0,0,,0,0,0,0,0,0,0,0,0,0,0,0,0,0,0,0,,,,,,61-65,56-65,State route,R,Wednesday,Belt Used,PV,Not Fatal,1,0,0,0,State Route,State Patrol,Washington State Patrol,0,1,0,0,0,,,,,,0.0,0.0,0.0,,,,,,,,,,,98.0,98.0,98.0,0.0,,,,,20.0,7.0,,,,,,,,1.0,0.0,,,,,,,99344,Seattle,Othello
3047,3112,3112,2020,521,EB12223,39.0,2020-10-30,21:31,30,10,,61,Snohomish,0,1,,3,1,2,1,0,2,1,,,,38,0,0,0.3,1,0,1,5,2,2,4,0,0,0,0,CR-E GIBSON RD,,-122.2495694,47.883497222,0,1,1,8,1,35,20,0,0,1,2,38,1,2,2,1,1,2,1,53,0,7,442,1998,0,,63,38.0,,,,,1,1,44,1,0.0,,0,0,3,0,11,0,,,,,0.0,0.0,0.0,2.0,1,0,,,,3,,,,,,98,,,,,,98204,53,64.0,150.0,1.0,1.0,0.0,0.0,0.0,0.0,,97,,,,,,0,07/15/2016,07/15/2016,20,0,0,0,8.0,9,8,,,0,,,8,8,8.0,95.0,,,96.0,,,2,95,997.0,,,,,,,,,,,,,,,,,,,,,,,,,,,,,,0,0,1,0,0,0,0,0,0,0,0,0,0,1,0,0,1,0,0,1,0,0,0,0,0,0,0,0,0,1,0,0,0,0,0,,0,0,0,0,0,0,0,0,1,0,0,1,0,0,0,0,,,,,,41-45,36-45,County road,U,Friday,Belt Used,PV,Not Fatal,0,1,0,0,County Road,County Sheriff,Snohomish County Sheriff's Office,1,0,1,0,0,,,,,,0.0,0.0,1.0,,,,,,,,,,,0.0,0.0,0.0,0.0,,,,,20.0,7.0,,,,,,,,1.0,0.0,,,E GIBSON RD,0.255,,,98204,Everett,Everett
3048,3113,3113,2020,522,3854898,263.0,2020-09-27,17:47,27,9,,33,King,1960,1,,1,1,1,1,1,1,1,17:48,17:52,18:21,9,0,0,0.0,2,0,3,3,2,4,6,0,0,0,0,12TH AVE NE,NE 73RD ST,-122.3153306,47.681558333,0,1,13,83,5,98,4,0,0,1,5,9,1,2,2,4,1,1,1,53,0,47,35,2006,0,,9,,,,,,1,1,24,1,0.0,,0,0,3,0,11,0,,,,,0.0,0.0,0.0,3.0,1,0,,,,96,,,,,,9,,,,,,98155,53,69.0,172.0,6.0,1.0,0.0,0.0,0.0,1.0,,11,,,,,,0,04/15/2018,04/15/2018,20,0,0,0,8.0,9,8,,,0,,,8,1,8.0,95.0,,,96.0,,,2,98,997.0,,,,,,,,,,,,,,,,,,,,,,,,,,,,,,0,0,0,1,1,0,0,0,0,1,0,1,0,0,0,0,0,1,0,0,0,0,0,1,1,0,0,0,0,1,0,0,1,0,0,,0,0,0,0,0,0,0,0,0,0,0,0,0,0,0,1,,,,,,21-25,16-25,City street,U,Sunday,Belt Used,PV,Not Fatal,0,0,0,0,City Street,Municipal/City Police,Seattle Police Department,0,0,0,1,0,,,,,,0.0,0.0,1.0,,,,,,,,,,,98.0,98.0,98.0,0.0,,,,,20.0,7.0,,,,,,,,1.0,0.0,,,,,,,98115,Seattle,Seattle
3049,3114,3114,2020,523,EB16319,39.0,2020-11-09,15:47,9,11,,61,Snohomish,1120,10,,1,1,2,1,0,2,2,15:49,16:03,,12,0,6,9999.8,8,0,1,4,1,4,6,0,0,0,0,CR-N MACHIAS RD,,-122.0458667,48.010808333,0,1,89,17,2,35,4,0,0,1,2,12,1,1,2,1,1,1,1,53,0,20,16,2000,0,,12,,,,,,1,1,86,2,7.0,,4,7,3,0,11,0,11/09/2020,15:47,112053052742.0,52742.0,0.0,0.0,3.0,3.0,1,38,,,,96,,,,,,98,,,,,,98258,53,66.0,200.0,6.0,1.0,0.0,0.0,0.0,0.0,,0,,,,,,0,,,20,0,0,0,0.0,9,8,,,0,,,8,8,2.0,155.0,996.0,996.0,1.0,1.0,1.0,2,1,0.0,,,,,,,,,,,,,,,,,,,,,,,,,,,,,,0,0,0,0,0,0,1,1,0,0,0,0,0,0,0,0,0,0,1,0,0,0,0,0,0,1,1,1,0,1,0,0,0,0,0,,1,0,0,0,0,0,1,1,0,0,1,0,0,0,1,0,,,,,,81+,76+,City street,R,Monday,Belt Used,PV,White,0,0,0,0,City Street,County Sheriff,Snohomish County Sheriff's Office,0,0,0,1,0,,,,,,0.0,0.0,0.0,,,,,,,,,,,98.0,98.0,98.0,1.0,,,,,20.0,7.0,,,,,,,,1.0,0.0,,,,,,,98258,Lake Stevens,Lake Stevens
3050,3115,3115,2020,523,EB16319,39.0,2020-11-09,15:47,9,11,,61,Snohomish,1120,10,,1,1,2,1,0,2,2,15:49,16:03,,12,0,6,9999.8,8,0,1,4,1,4,6,0,0,0,0,CR-N MACHIAS RD,,-122.0458667,48.010808333,0,2,88,66,4,35,34,0,0,1,2,12,3,1,2,1,14,1,3,53,0,12,481,1999,0,,12,,,,,,1,1,41,1,0.0,,0,0,3,0,11,0,,,,,0.0,0.0,0.0,3.0,1,0,,,,96,,,,,,0,,,,,,98252,53,73.0,245.0,6.0,1.0,0.0,0.0,1.0,0.0,,0,,,,,,0,12/15/2017,12/15/2017,20,0,0,0,8.0,9,8,,,0,,,8,8,0.0,0.0,,,0.0,,,0,0,996.0,,,,,,,,,,,,,,,,,,,,,,,,,,,,,,0,0,0,0,0,0,1,1,0,0,0,0,0,0,0,0,0,0,1,0,0,0,0,0,0,1,1,1,0,1,0,0,0,0,0,,0,0,0,0,0,0,0,0,0,0,0,0,0,0,0,0,,,,,,41-45,36-45,City street,R,Monday,Belt Used,PV,Not Fatal,0,0,0,0,City Street,County Sheriff,Snohomish County Sheriff's Office,0,0,0,1,0,,,,,,0.0,0.0,0.0,,,,,,,,,,,0.0,0.0,0.0,0.0,,,,,20.0,7.0,,,,,,,,1.0,0.0,,,,,,,98258,Granite Falls,Lake Stevens
3051,3117,3117,2020,525,3854920,263.0,2020-07-12,20:00,12,7,,33,King,1960,10,,5,1,1,1,1,2,2,,,,12,1,6,33.2,2,0,2,3,2,1,3,0,0,0,0,SR-99,N 128TH,-122.3449639,47.722291667,0,1,88,17,2,25,34,0,0,1,2,12,1,1,8,1,1,1,0,53,0,12,481,2005,0,,12,,,,,,1,1,24,2,0.0,,0,0,98,7,11,0,,,,,0.0,0.0,0.0,0.0,1,91,,,,96,,,,,,9,,,,,,98103,53,64.0,125.0,0.0,0.0,0.0,1.0,0.0,0.0,,2,7.0,,,,,0,06/15/2016,06/15/2016,99,9,0,0,8.0,3,2,,,0,,,1,8,2.0,401.0,417.0,,1.0,1.0,,2,1,0.0,,,,,,,,,,,,,,,,,,,,,,,,,,,,,,0,0,0,1,0,0,1,1,0,1,0,1,0,1,0,0,0,0,0,0,0,0,0,1,1,0,0,0,0,1,0,1,0,0,0,,0,0,0,0,0,0,1,1,0,0,0,1,0,0,1,0,,,,,,21-25,16-25,State route,U,Sunday,Unknown,PV,Not Fatal,1,0,0,0,State Route,Municipal/City Police,Seattle Police Department,0,1,0,0,0,,,,,,0.0,0.0,0.0,,,,,,,,,,,98.0,98.0,98.0,0.0,,,,,20.0,7.0,,,,,,,,1.0,0.0,,,,,,,98133,Seattle,Seattle
3052,3118,3118,2020,525,3854920,263.0,2020-07-12,20:00,12,7,,33,King,1960,10,,5,1,1,1,1,2,2,,,,12,0,6,33.2,2,0,2,3,2,1,3,0,0,0,0,SR-99,N 128TH,-122.3449639,47.722291667,0,2,89,66,4,40,2,0,0,1,2,8,1,1,5,5,1,1,2,53,0,7,28,2019,0,,12,63.0,8.0,,,,1,1,28,2,0.0,,0,0,99,7,11,0,,,,,0.0,0.0,0.0,3.0,1,0,,,,96,,,,,,0,,,,,,98108,53,61.0,160.0,6.0,1.0,0.0,0.0,1.0,6.0,,0,,,,,,0,11/15/2016,11/15/2018,99,9,0,0,8.0,9,8,,,0,,,8,8,8.0,95.0,,,96.0,,,8,95,995.0,,,,,,,,,,,,,,,,,,,,,,,,,,,,,,0,0,0,1,0,0,1,1,0,1,0,1,0,1,0,0,0,0,0,0,0,0,0,1,1,0,0,0,0,1,0,1,0,0,0,,0,0,0,0,0,0,0,0,0,0,0,0,0,0,0,0,,,,,,26-30,26-35,State route,U,Sunday,Unknown,PV,Not Fatal,1,0,0,0,State Route,Municipal/City Police,Seattle Police Department,0,1,0,0,0,,,,,,0.0,0.0,3.0,,,,,,,,,,,98.0,98.0,98.0,0.0,,,,,20.0,7.0,,,,,,,,1.0,0.0,,,,,,,98133,Seattle,Seattle
3053,3119,3119,2020,526,EA16333,127.0,2020-02-03,9:26,3,2,,33,King,735,1,,1,2,2,1,0,4,4,9:40,9:44,10:02,12,0,11,2.8,1,0,1,3,2,1,3,0,0,0,0,SR-99,,-122.3332,47.26825,0,1,32,8,1,50,66,1,0,1,2,12,1,2,4,1,1,1,3,53,0,87,881,1991,0,,12,68.0,12.0,12.0,,,1,1,51,1,0.0,,1,0,3,0,11,5,,,,,6.0,1.0,0.0,3.0,1,28,,,,96,,,,,,98,,,,,,98360,53,69.0,210.0,6.0,1.0,0.0,2.0,5.0,2.0,,97,,,,,,0,12/15/2016,03/15/2019,20,0,0,0,8.0,9,8,,,0,,,8,8,2.0,402.0,,,1.0,,,2,1,0.0,,,,,,,,,,,,,,,,,,,,,,,,,,,,,,0,0,0,0,0,0,1,1,0,0,0,0,0,0,0,0,0,0,0,0,0,0,0,0,0,0,0,0,0,1,1,0,0,0,0,,0,0,0,0,0,0,1,1,0,0,0,0,0,0,1,0,,,,,,51-55,46-55,State route,U,Monday,,MHTRUCK,Not Fatal,0,0,0,0,State Route,Municipal/City Police,Federal Way Dept of Public Safety,0,1,0,0,0,,,,,,0.0,0.0,2.0,,,,,,,,,,,0.0,0.0,0.0,0.0,,,,,20.0,7.0,,,,,,,,0.0,0.0,,,,,,,98003,Orting,Federal Way
3054,3120,3120,2020,526,EA16333,127.0,2020-02-03,9:26,3,2,,33,King,735,1,,1,2,2,1,0,4,4,9:40,9:44,10:02,12,0,11,2.8,1,0,1,3,2,1,3,0,0,0,0,SR-99,,-122.3332,47.26825,0,2,32,53,3,50,66,0,0,1,2,12,1,2,4,1,5,1,3,53,0,51,881,2012,0,,12,,,,,,1,1,59,1,0.0,,0,0,2,0,11,0,,,,,6.0,0.0,0.0,3.0,1,0,,,,96,,,,,,0,,,,,,98030,53,72.0,200.0,6.0,1.0,0.0,0.0,0.0,0.0,,0,,,,,,0,,,20,0,0,0,8.0,9,8,,,0,,,8,8,8.0,95.0,,,96.0,,,8,95,995.0,,,,,,,,,,,,,,,,,,,,,,,,,,,,,,0,0,0,0,0,0,1,1,0,0,0,0,0,0,0,0,0,0,0,0,0,0,0,0,0,0,0,0,0,1,1,0,0,0,0,,0,0,0,0,0,0,0,0,0,0,0,0,0,0,0,0,,,,,,56-60,56-65,State route,U,Monday,,MHTRUCK,Not Fatal,0,0,0,0,State Route,Municipal/City Police,Federal Way Dept of Public Safety,0,1,0,0,0,,,,,,0.0,0.0,0.0,,,,,,,,,,,98.0,98.0,98.0,0.0,,,,,20.0,7.0,,,,,,,,0.0,0.0,,,,,,,98003,Kent,Federal Way
3055,3121,3121,2020,526,EA16333,127.0,2020-02-03,9:26,3,2,,33,King,735,1,,1,2,2,1,0,4,4,9:40,9:44,10:02,12,0,11,2.8,1,0,1,3,2,1,3,0,0,0,0,SR-99,,-122.3332,47.26825,0,3,98,62,4,50,15,0,0,1,5,12,1,2,4,1,1,1,1,53,0,37,421,2017,0,,12,,,,,,1,1,50,2,7.0,,4,7,3,0,11,0,02/03/2020,9:26,73553005644.0,5644.0,0.0,0.0,0.0,3.0,1,0,,,,96,,,,,,0,,,,,,98354,53,63.0,125.0,6.0,1.0,0.0,0.0,0.0,0.0,,0,,,,,,0,,,8,0,0,1,0.0,9,8,,,0,,,8,8,2.0,1.0,,,1.0,,,2,1,0.0,,,,,,,,,,,,,,,,,,,,,,,,,,,,,,0,0,0,0,0,0,1,1,0,0,0,0,0,0,0,0,0,0,0,0,0,0,0,0,0,0,0,0,0,1,1,0,0,0,0,,1,0,0,0,0,0,0,0,0,0,0,0,0,0,0,0,,,,,,46-50,46-55,State route,U,Monday,Belt Used,PV,White,0,0,0,0,State Route,Municipal/City Police,Federal Way Dept of Public Safety,0,1,0,0,0,,,,,,0.0,0.0,0.0,,,,,,,,,,,98.0,98.0,98.0,1.0,,,,,20.0,7.0,,,,,,,,0.0,0.0,,,,,,,98003,Milton,Federal Way
3056,3122,3122,2020,526,EA16333,127.0,2020-02-03,9:26,3,2,,33,King,735,1,,1,2,2,1,0,4,4,9:40,9:44,10:02,12,0,11,2.8,1,0,1,3,2,1,3,0,0,0,0,SR-99,,-122.3332,47.26825,0,4,98,62,4,50,4,0,0,1,5,12,1,2,4,1,1,1,1,53,0,22,18,2004,0,,12,63.0,34.0,,,,1,1,26,2,0.0,,2,0,3,0,11,5,,,,,0.0,0.0,3.0,3.0,1,0,,,,96,,,,,,0,,,,,,98047,53,64.0,330.0,6.0,1.0,0.0,1.0,1.0,0.0,,0,,,,,,0,07/15/2016,08/15/2018,8,0,0,0,8.0,9,8,,,0,,,8,8,8.0,95.0,,,96.0,,,8,95,995.0,,,,,,,,,,,,,,,,,,,,,,,,,,,,,,0,0,0,0,0,0,1,1,0,0,0,0,0,0,0,0,0,0,0,0,0,0,0,0,0,0,0,0,0,1,1,0,0,0,0,,0,0,0,0,0,0,0,0,0,0,0,0,0,0,0,0,,,,,,26-30,26-35,State route,U,Monday,Belt Used,PV,Not Fatal,0,0,0,0,State Route,Municipal/City Police,Federal Way Dept of Public Safety,0,1,0,0,0,,,,,,0.0,0.0,0.0,,,,,,,,,,,98.0,98.0,98.0,0.0,,,,,20.0,7.0,,,,,,,,0.0,0.0,,,,,,,98003,Pacific,Federal Way