,index,Unnamed: 0,year,case,par,repjur,crash_dt,crash_tm,accday,accmon,holiday,county,co_char,city,weather,weather2,lightcond,surfcond,surftype,numfatal,nmforms,pforms,vforms,not_tm,arr_tm,hosp_tm,fhevent,hitrun,manncol,milepnt,reljunc,reljuncinter,intersectiontype,funcsystem,landuse,ownership,route,schlbus,spejur,contdev,devfunc,trafid1,trafid2,lon,lat,wk_zone,vnumber,crashtype,criticalevent,criticaleventcat,spdlim,body,trailer,emerg,hazcargo,leave,mhevent,roadalgn,roadprof,traflane,trafflow,vehmanvr,numoccs,regowner,regstate,spuse,make,model,modelyr,vrf1,vrf2,seqevent1,seqevent2,seqevent3,seqevent4,seqevent5,seqevent6,pnumber,ptype,age,sex,hispanic,race,injury,diedscene,restraint,restraintmisuse,seatpos,takehosp,death_dt,death_tm,cert,cernum_wa,commlic,licendor,licrestrict,liccomp,drivpres,drf1,drf2,drf3,drf4,distract1,distract2,distract3,distract4,distract5,distract6,dricond1,dricond2,dricond3,dricond4,dricond5,dricond6,dzip,licstate,drhgt_in,weight,noncdl,noncdltype,prevdwi,prevoth,prevacc,prevspd,prevsus,driviol1,driviol2,driviol3,driviol4,driviol5,driviol6,spdrel,first_dt,last_dt,airbag,ejection,ejectpath,extricat,injurwrk,methalc,methdrug,nmlocat,strikveh,prf1,prf2,prf3,druginv,alcinvol,drugsts,drugres1,drugres2,drugres3,drugtst1,drugtst2,drugtst3,alcsts,alctst,alcres,nmact1,nmact2,nmact3,nmact4,nmact5,nmact6,nmprior1,nmprior2,nmprior3,nmprior4,nmprior5,nmprior6,nmcond1,nmcond2,nmcond3,nmcond4,nmcond5,nmcond6,nmsafe_helmet,nmsafe_pads,nmsafe_oth,nmprev_ref,nmprev_lgt,nmprev_oth,crashlocation,nmcrashtype,crosswalk,schoolzone,sidewalk,train_inv,wildlife_inv,rotr_fars,intersect_fars,dd_inv,aid_inv,dpd_inv,id_inv,mj_inv,impnm_inv,ainm_inv,dpnm_inv,speed_inv,unlic_inv,unendmc_inv,drowsy_inv,drdist_inv,nmdist_inv,fty_inv,unrestfat_inv,dr1617_inv,dr1820_inv,dr1620_inv,dr2125_inv,dr1625_inv,dr65_inv,dr70_inv,dr75_inv,mc_inv,pv_inv,ht_inv,ped_inv,bike_inv,unrest_fat,mc_fat,unhelmet_mc,pv_fat,ht_fat,ped_fat,bike_fat,dr_alc7,dr_alc8,dr_drug,dr_imp,dr_dist,dr_spd,dr_fty,dr_unlic,dr_alc7only,dr_alc8only,dr_drugonly,dr_drink,nm_imp,nm_alc7,nm_alc8,nm_drug,nm_dist,agegrp1,agegrp2,roadclass,urbrur,dayweek,restuse,vehtype,race_me,intersect,lanedep,oppdir,wrongway,rep_typ,investag,repag_long,rotr,st_rd,cty_rd,city_rd,oth_rd,drug_thc,thc_res,drug_cthc,cthc_res,drug_cann,prevpersemin,prevperse,prevsusoth,drugtst4,drugtst5,drugtst6,drugtst7,drugtst8,drugres4,drugres5,drugres6,drugres7,drugres8,adspresent,adsengaged,adslevel,race1,race2,race3,race4,race5,helmet,helmetmisuse,nmdistract1,nmdistract2,nmdistract3,nmdistract4,nmdistract5,nmdistract6,lab,isedtcase,crf1,crf2,crf3,CoRoadName,CoMP,IntCoRoadName,IntCoMP,crashzip,dcity,crashcity
3057,3123,3123,2020,527,EB10973,199.0,2020-01-03,16:47,3,1,,53,Pierce,1350,2,,5,2,2,1,1,1,1,,,,8,0,0,2.0,1,0,1,3,2,1,3,0,3,0,0,SR-99,,-122.3362278,47.256963889,0,1,13,80,5,45,6,0,0,1,5,8,1,1,5,5,1,1,1,53,0,48,45,2016,0,,8,,,,,,1,1,51,1,0.0,,0,0,3,0,11,0,,,,,0.0,0.0,3.0,3.0,1,0,,,,96,,,,,,98,,,,,,98406,53,72.0,205.0,6.0,1.0,0.0,0.0,0.0,1.0,,0,,,,,,0,02/15/2019,02/15/2019,20,0,0,0,8.0,9,8,,,0,,,8,8,8.0,95.0,,,96.0,,,2,98,0.0,,,,,,,,,,,,,,,,,,,,,,,,,,,,,,0,0,0,0,0,0,0,0,0,1,0,1,0,0,0,0,0,0,0,0,0,0,0,0,0,0,0,0,0,1,0,1,0,0,0,,0,0,0,0,0,0,0,0,0,0,0,0,0,0,0,0,,,,,,51-55,46-55,State route,U,Friday,Belt Used,PV,Not Fatal,0,0,0,0,State Route,Municipal/City Police,Milton Police Department,0,1,0,0,0,,,,,,0.0,0.0,0.0,,,,,,,,,,,98.0,98.0,98.0,0.0,,,,,20.0,7.0,,,,,,,,0.0,0.0,,,,,,,98354,Tacoma,Milton
3058,3124,3124,2020,528,EA82050,242.0,2020-11-12,16:04,12,11,,53,Pierce,1770,2,,1,2,2,1,0,2,2,16:04,16:16,16:37,12,0,6,5.4,8,0,1,3,2,1,3,0,0,0,0,SR-167,,-122.2945028,47.198955556,0,1,68,15,2,35,10,0,0,1,5,12,1,1,5,5,11,1,1,53,0,48,44,2003,0,,12,,,,,,1,1,76,2,0.0,,1,0,3,0,11,5,,,,,0.0,0.0,0.0,3.0,1,38,48.0,,,96,,,,,,9,,,,,,98371,53,67.0,125.0,6.0,1.0,0.0,0.0,0.0,0.0,,97,,,,,,0,,,20,0,0,0,8.0,9,8,,,0,,,1,8,8.0,95.0,,,96.0,,,8,95,995.0,,,,,,,,,,,,,,,,,,,,,,,,,,,,,,0,0,0,0,0,0,1,1,0,0,0,0,0,0,0,0,0,0,1,0,0,0,0,0,0,1,1,1,1,1,0,0,0,0,0,,0,0,0,0,0,0,0,0,0,0,1,0,0,0,0,0,,,,,,76-80,76+,State route,U,Thursday,Belt Used,PV,Not Fatal,0,0,0,0,State Route,Municipal/City Police,Puyallup Police Department,0,1,0,0,0,,,,,,0.0,0.0,0.0,,,,,,,,,,,98.0,98.0,98.0,0.0,,,,,20.0,7.0,,,,,,,,0.0,0.0,,,,,,,98371,Puyallup,Puyallup
3059,3125,3125,2020,528,EA82050,242.0,2020-11-12,16:04,12,11,,53,Pierce,1770,2,,1,2,2,1,0,2,2,16:04,16:16,16:37,12,0,6,5.4,8,0,1,3,2,1,3,0,0,0,0,SR-167,,-122.2945028,47.198955556,0,2,69,62,4,35,80,0,0,1,5,12,1,1,5,5,1,1,1,53,0,72,706,2017,0,,12,,,,,,1,1,61,1,7.0,,4,0,20,7,11,5,11/13/2020,3:43,196053053444.0,53444.0,0.0,0.0,0.0,3.0,1,0,,,,96,,,,,,0,,,,,,98070,53,73.0,210.0,6.0,1.0,0.0,0.0,0.0,0.0,,0,,,,,,0,,,20,8,0,0,0.0,9,8,,,0,,,8,8,2.0,996.0,,,1.0,,,2,1,0.0,,,,,,,,,,,,,,,,,,,,,,,,,,,,,,0,0,0,0,0,0,1,1,0,0,0,0,0,0,0,0,0,0,1,0,0,0,0,0,0,1,1,1,1,1,0,0,0,0,1,0.0,0,0,0,0,0,0,1,1,0,0,0,0,0,0,1,0,,,,,,61-65,56-65,State route,U,Thursday,,MC,White,0,0,0,0,State Route,Municipal/City Police,Puyallup Police Department,0,1,0,0,0,,,,,,0.0,0.0,0.0,,,,,,,,,,,0.0,0.0,0.0,1.0,,,,,5.0,0.0,,,,,,,,0.0,0.0,,,,,,,98371,Vashon,Puyallup
3060,3126,3126,2020,530,EA63825,55.0,2020-09-14,12:50,14,9,,33,King,100,1,,1,1,2,1,1,1,1,13:13,13:13,,9,0,0,0.0,1,0,1,5,2,4,6,0,0,0,0,M ST SE,,-122.2125333,47.281972222,0,1,92,83,5,98,15,0,0,1,5,9,1,1,8,8,13,1,1,53,0,54,421,2011,0,,9,,,,,,1,1,45,2,0.0,,0,0,3,0,11,0,,,,,0.0,0.0,0.0,3.0,1,0,,,,96,,,,,,0,,,,,,98002,53,65.0,160.0,6.0,1.0,0.0,0.0,0.0,1.0,,0,,,,,,0,04/15/2019,04/15/2019,20,0,0,0,8.0,9,8,,,0,,,8,8,0.0,0.0,,,0.0,,,0,0,996.0,,,,,,,,,,,,,,,,,,,,,,,,,,,,,,0,0,0,0,0,0,0,0,0,0,0,0,0,0,0,0,0,0,0,0,0,0,0,0,0,0,0,0,0,1,0,0,1,0,0,,0,0,0,0,0,0,0,0,0,0,0,0,0,0,0,0,,,,,,41-45,36-45,City street,U,Monday,Belt Used,PV,Not Fatal,0,0,0,0,City Street,Municipal/City Police,Auburn Police Department,0,0,0,1,0,,,,,,0.0,0.0,0.0,,,,,,,,,,,98.0,98.0,98.0,0.0,,,,,20.0,7.0,,,,,,,,0.0,0.0,,,,,,,98002,Auburn,Auburn
3061,3127,3127,2020,531,EA09539,189.0,2020-01-24,18:05,24,1,,61,Snohomish,1280,1,,3,1,2,1,1,1,1,18:04,18:13,18:33,8,0,0,0.1,3,1,2,1,2,1,1,0,0,3,3,I-5 RAMP,SR-528,-122.1836056,48.051852778,0,1,13,15,2,98,5,0,0,1,5,8,1,1,2,6,11,1,3,53,0,48,38,2018,0,,8,,,,,,1,1,42,2,0.0,,0,0,3,0,11,0,,,,,0.0,0.0,3.0,3.0,1,38,,,,96,,,,,,0,,,,,,98023,53,67.0,150.0,6.0,1.0,0.0,0.0,0.0,0.0,,46,,,,,,0,,,20,0,0,0,8.0,9,8,,,0,,,8,8,8.0,95.0,,,96.0,,,8,95,995.0,,,,,,,,,,,,,,,,,,,,,,,,,,,,,,0,0,0,1,0,0,0,0,0,0,0,0,0,0,0,0,0,0,1,0,0,0,0,0,0,0,0,0,0,1,0,1,0,0,0,,0,0,0,0,0,0,0,0,0,0,1,0,0,0,0,0,,,,,,41-45,36-45,Interstate,U,Friday,Belt Used,PV,Not Fatal,1,0,0,0,State Route,Municipal/City Police,Marysville Police Department,0,1,0,0,0,,,,,,0.0,0.0,0.0,,,,,,,,,,,98.0,98.0,98.0,0.0,,,,,20.0,7.0,,,,,,,,1.0,0.0,,,,,,,98270,Federal Way,Marysville
3062,3128,3128,2020,532,EA19824,146.0,2020-02-28,19:16,28,2,,77,Yakima,0,1,,2,1,2,1,0,2,2,19:18,19:22,20:08,12,0,6,1.4,2,0,2,5,1,1,3,0,3,20,3,SR-220,BECKER RD,-120.3569917,46.375252778,0,1,82,15,2,50,80,0,0,1,2,12,1,1,2,1,11,1,2,53,0,98,705,2007,0,,12,,,,,,1,1,65,1,7.0,,4,0,20,7,11,0,03/05/2020,6:35,196053012237.0,12237.0,0.0,0.0,3.0,2.0,1,38,,,,96,,,,,,0,,,,,,98936,53,69.0,175.0,1.0,1.0,0.0,1.0,0.0,0.0,,46,71.0,79.0,,,,0,12/15/2019,12/15/2019,20,8,0,0,0.0,9,8,,,0,,,8,8,0.0,0.0,,,0.0,,,0,0,996.0,,,,,,,,,,,,,,,,,,,,,,,,,,,,,,0,0,0,1,0,0,0,0,0,0,0,0,0,1,1,0,0,0,1,0,0,0,0,0,0,1,0,0,1,1,0,0,0,0,1,0.0,0,0,0,0,0,0,0,0,0,0,1,1,0,0,0,0,,,,,,61-65,56-65,State route,R,Friday,,MC,White,1,0,0,0,County Road,County Sheriff,Yakima County Sheriff's Office,0,0,1,0,0,,,,,,0.0,0.0,2.0,,,,,,,,,,,0.0,0.0,0.0,1.0,,,,,5.0,0.0,,,,,,,,1.0,0.0,,,FORT RD.,1.35,BECKER RD.,0.99,98948,Moxee,Toppenish
3063,3129,3129,2020,532,EA19824,146.0,2020-02-28,19:16,28,2,,77,Yakima,0,1,,2,1,2,1,0,2,2,19:18,19:22,20:08,12,0,6,1.4,2,0,2,5,1,1,3,0,3,0,0,SR-220,BECKER RD,-120.3569917,46.375252778,0,2,83,67,4,55,4,0,0,1,5,12,1,1,2,1,1,1,1,53,0,20,2,2006,0,,12,,,,,,1,1,64,2,0.0,,1,0,3,0,11,5,,,,,0.0,0.0,0.0,3.0,1,0,,,,96,,,,,,0,,,,,,98951,53,68.0,152.0,6.0,1.0,0.0,0.0,0.0,0.0,,0,,,,,,0,,,1,0,0,0,8.0,9,8,,,0,,,8,8,0.0,0.0,,,0.0,,,0,0,996.0,,,,,,,,,,,,,,,,,,,,,,,,,,,,,,0,0,0,1,0,0,0,0,0,0,0,0,0,1,1,0,0,0,1,0,0,0,0,0,0,1,0,0,1,1,0,0,0,0,0,,0,0,0,0,0,0,0,0,0,0,0,0,0,0,0,0,,,,,,61-65,56-65,State route,R,Friday,Belt Used,PV,Not Fatal,1,0,0,0,County Road,County Sheriff,Yakima County Sheriff's Office,0,0,1,0,0,,,,,,0.0,0.0,0.0,,,,,,,,,,,98.0,98.0,98.0,0.0,,,,,20.0,7.0,,,,,,,,1.0,0.0,,,FORT RD.,1.35,BECKER RD.,0.99,98948,Wapato,Toppenish
3064,3130,3130,2020,533,3841241,40.0,2020-01-23,12:17,23,1,,63,Spokane,0,2,,1,2,2,1,0,1,1,,,,42,0,0,1.4,3,0,3,6,1,2,4,0,0,0,0,CR-S BALTIMORE RD,S FREYA,-117.3582972,47.556088889,0,1,6,12,2,45,4,0,0,1,2,42,1,2,2,1,1,1,1,53,0,22,18,2005,0,,68,64.0,42.0,,,,1,1,19,1,7.0,,4,7,20,7,11,0,01/23/2020,12:17,53003596.0,3596.0,0.0,0.0,0.0,3.0,1,0,,,,92,,,,,,98,,,,,,99223,53,68.0,125.0,6.0,2.0,0.0,0.0,0.0,1.0,,0,,,,,,0,04/15/2018,04/15/2018,1,2,9,0,0.0,9,8,,,0,,,8,8,8.0,95.0,,,96.0,,,8,95,995.0,,,,,,,,,,,,,,,,,,,,,,,,,,,,,,0,0,1,1,0,0,0,0,0,0,0,0,0,0,0,0,1,0,0,1,0,1,1,0,1,0,0,0,0,1,0,0,0,1,0,,1,0,0,0,0,0,0,0,1,0,0,0,0,0,0,0,,,,,,18-20,16-25,County road,R,Thursday,Not Used,PV,White,0,1,0,0,County Road,County Sheriff,Spokane County Sheriff's Office,1,0,1,0,0,,,,,,0.0,0.0,0.0,,,,,,,,,,,98.0,98.0,98.0,1.0,,,,,20.0,7.0,,,,,,,,1.0,0.0,,,BALTIMORE RD,1.35,,,99223,Spokane,Spokane
3065,3131,3131,2020,534,3837909,263.0,2020-04-16,21:15,16,4,,33,King,1960,1,,3,1,2,1,1,1,1,21:16,21:32,21:43,8,0,0,0.0,3,0,2,3,2,4,6,0,0,3,3,RAINIER AVE S,MARTIN LUTHER KING JR WAY S,-122.2966056,47.576330556,0,1,13,80,5,25,21,0,0,1,5,8,1,1,6,1,1,1,1,53,0,20,461,1990,0,,8,,,,,,1,1,61,1,0.0,,0,0,3,0,11,0,,,,,0.0,0.0,0.0,3.0,1,0,,,,96,,,,,,0,,,,,,98122,53,73.0,260.0,6.0,1.0,0.0,1.0,0.0,0.0,,0,,,,,,0,03/15/2019,03/15/2019,20,0,0,0,8.0,9,8,,,0,,,8,8,0.0,0.0,,,0.0,,,0,0,996.0,,,,,,,,,,,,,,,,,,,,,,,,,,,,,,0,0,0,1,0,0,0,0,0,1,1,1,0,0,0,0,0,0,0,0,0,0,0,0,0,0,0,0,0,1,0,1,0,0,0,,0,0,0,0,0,0,0,0,0,0,0,0,0,0,0,0,,,,,,61-65,56-65,City street,U,Thursday,Belt Used,PV,Not Fatal,1,0,0,0,City Street,Municipal/City Police,Seattle Police Department,0,0,0,1,0,,,,,,0.0,0.0,0.0,,,,,,,,,,,0.0,0.0,0.0,0.0,,,,,20.0,7.0,,,,,,,,1.0,0.0,,,,,,,98144,Seattle,Seattle
3066,3133,3133,2020,536,EA39149,25.0,2020-06-09,23:14,9,6,,33,King,0,10,,2,1,2,1,0,1,1,23:14,23:22,0:25,42,0,0,0.7,1,0,1,3,1,2,4,0,0,0,0,CR-NE 143RD ST,,-122.1242917,47.728361111,0,1,1,13,2,35,4,0,0,1,2,2,3,2,2,1,14,1,4,41,0,12,23,2019,0,,63,42.0,1.0,2.0,,,1,1,78,1,1.0,,4,0,3,0,11,5,06/30/2020,13:26,196053031830.0,31830.0,0.0,0.0,3.0,3.0,1,0,,,,92,,,,,,98,,,,,,98272,53,69.0,165.0,6.0,1.0,0.0,0.0,0.0,0.0,,0,,,,,,0,,,8,0,0,0,0.0,9,8,,,0,,,8,8,8.0,95.0,,,96.0,,,8,95,995.0,,,,,,,,,,,,,,,,,,,,,,,,,,,,,,0,0,1,0,0,0,0,0,0,0,0,0,0,0,0,0,1,0,0,0,0,0,0,0,0,1,1,1,0,1,0,0,0,0,0,,1,0,0,0,0,0,0,0,1,0,0,0,0,0,0,0,,,,,,76-80,76+,County road,R,Tuesday,Belt Used,PV,Hispanic,0,1,0,0,County Road,County Sheriff,King County Police,1,0,1,0,0,,,,,,0.0,0.0,0.0,,,,,,,,,,,98.0,98.0,98.0,1.0,,,,,20.0,7.0,,,,,,,,1.0,0.0,,,NE 143 ST,0.668,,,98072,Monroe,Woodinville
3067,3134,3134,2020,537,EA20154,160.0,2020-02-29,1:33,29,2,,33,King,1030,10,,3,2,2,1,0,1,1,,,,33,0,0,0.0,1,0,1,4,2,4,6,0,0,0,0,84TH AVE S,,-122.2280667,47.425802778,0,1,2,13,2,40,4,0,0,1,2,42,1,1,5,5,98,1,2,53,0,58,32,1994,0,,63,33.0,69.0,68.0,64.0,42.0,1,1,24,1,2.0,,4,0,20,7,11,5,03/01/2020,13:33,196053012041.0,12041.0,0.0,0.0,2.0,2.0,1,74,,,,96,,,,,,98,,,,,,98038,53,67.0,140.0,1.0,1.0,2.0,1.0,1.0,1.0,,97,,,,,,4,01/15/2016,07/15/2019,20,0,0,0,0.0,9,8,,,0,,,8,8,2.0,1.0,,,1.0,,,2,1,0.169,,,,,,,,,,,,,,,,,,,,,,,,,,,,,,0,0,0,0,1,1,0,1,0,0,0,0,1,1,0,0,0,0,0,1,0,0,0,1,1,0,0,0,0,1,0,0,0,1,0,,1,0,0,0,0,1,0,1,0,1,0,1,0,1,0,1,,,,,,21-25,16-25,City street,U,Saturday,Not Used,PV,Hispanic,0,1,0,0,City Street,Municipal/City Police,Kent Police Department,1,0,0,1,0,,,,,,0.0,1.0,2.0,,,,,,,,,,,0.0,0.0,0.0,1.0,,,,,20.0,7.0,,,,,,,,1.0,0.0,,,,,,,98032,Maple Valley,Kent
3068,3135,3135,2020,538,EA24009,250.0,2020-03-13,19:05,13,3,,5,Benton,1850,2,,2,2,2,1,0,3,2,16:10,16:12,16:35,12,0,6,0.0,2,0,3,4,2,4,6,0,0,20,3,JADWIN AVE,COAST ST,-119.2846056,46.30725,0,1,82,15,2,35,5,0,0,1,2,12,4,1,2,1,11,1,1,53,0,49,46,2007,0,,12,,,,,,1,1,78,1,7.0,,4,0,3,0,11,5,03/18/2020,15:25,185053012770.0,12770.0,0.0,0.0,3.0,3.0,1,38,,,,0,,,,,,1,,,,,,99354,53,73.0,165.0,6.0,1.0,0.0,0.0,0.0,0.0,,46,,,,,,0,,,8,0,0,0,0.0,9,8,,,0,,,8,8,0.0,0.0,,,0.0,,,0,0,996.0,,,,,,,,,,,,,,,,,,,,,,,,,,,,,,0,0,0,1,0,0,0,0,0,0,0,0,0,0,0,0,0,0,1,0,0,0,0,0,0,1,1,1,0,1,0,0,0,0,0,,1,0,0,0,0,0,0,0,0,0,1,0,0,0,0,0,,,,,,76-80,76+,City street,U,Friday,Belt Used,PV,White,0,0,0,0,City Street,Municipal/City Police,Richland Police Department,0,0,0,1,0,,,,,,0.0,0.0,0.0,,,,,,,,,,,98.0,98.0,98.0,1.0,,,,,20.0,7.0,,,,,,,,1.0,0.0,,,,,,,99354,Richland,Richland
3069,3136,3136,2020,538,EA24009,250.0,2020-03-13,19:05,13,3,,5,Benton,1850,2,,2,2,2,1,0,3,2,16:10,16:12,16:35,12,0,6,0.0,2,0,3,4,2,4,6,0,0,0,0,JADWIN AVE,COAST ST,-119.2846056,46.30725,0,2,83,67,4,35,4,0,0,1,2,12,3,1,2,2,14,2,1,53,0,49,32,2015,0,,12,,,,,,1,1,27,1,0.0,,0,0,3,0,11,0,,,,,0.0,0.0,3.0,3.0,1,0,,,,96,,,,,,0,,,,,,99354,53,68.0,160.0,6.0,1.0,1.0,0.0,0.0,1.0,,0,,,,,,0,06/15/2016,02/15/2018,8,0,0,0,8.0,9,8,,,0,,,8,8,0.0,0.0,,,0.0,,,0,0,996.0,,,,,,,,,,,,,,,,,,,,,,,,,,,,,,0,0,0,1,0,0,0,0,0,0,0,0,0,0,0,0,0,0,1,0,0,0,0,0,0,1,1,1,0,1,0,0,0,0,0,,0,0,0,0,0,0,0,0,0,0,0,0,0,0,0,0,,,,,,26-30,26-35,City street,U,Friday,Belt Used,PV,Not Fatal,0,0,0,0,City Street,Municipal/City Police,Richland Police Department,0,0,0,1,0,,,,,,0.0,1.0,1.0,,,,,,,,,,,98.0,98.0,98.0,0.0,,,,,20.0,7.0,,,,,,,,1.0,0.0,,,,,,,99354,Richland,Richland
3070,3137,3137,2020,539,EA26160,2.0,2020-03-21,14:11,21,3,,29,Island,0,1,,1,1,2,1,0,2,2,14:17,14:24,15:33,12,0,1,23.6,3,0,3,3,1,1,3,0,0,0,0,SR-525,PLANTATION DR,-122.5674194,48.073644444,0,1,20,50,3,50,34,0,0,1,2,12,1,1,2,1,1,1,1,53,0,12,481,1982,0,,12,,,,,,1,1,58,1,7.0,,4,0,3,0,11,5,03/31/2020,11:54,196053016223.0,16223.0,0.0,0.0,0.0,3.0,1,26,,,,96,,,,,,0,,,,,,98253,53,72.0,260.0,6.0,1.0,0.0,1.0,0.0,0.0,,58,,,,,,0,12/15/2016,12/15/2016,20,0,0,0,0.0,9,8,,,0,,,8,8,0.0,0.0,,,0.0,,,0,0,996.0,,,,,,,,,,,,,,,,,,,,,,,,,,,,,,0,0,0,1,0,0,0,0,0,0,0,0,0,0,0,0,0,0,0,0,0,0,0,0,0,0,0,0,0,1,0,0,0,0,0,,1,0,0,0,0,0,0,0,0,0,0,0,0,0,0,0,,,,,,56-60,56-65,State route,R,Saturday,Belt Used,PV,White,1,0,0,0,State Route,State Patrol,Washington State Patrol,0,1,0,0,0,,,,,,0.0,0.0,0.0,,,,,,,,,,,0.0,0.0,0.0,1.0,,,,,20.0,7.0,,,,,,,,1.0,0.0,,,,,,,98253,Greenbank,Greenbank
3071,3138,3138,2020,539,EA26160,2.0,2020-03-21,14:11,21,3,,29,Island,0,1,,1,1,2,1,0,2,2,14:17,14:24,15:33,12,0,1,23.6,3,0,3,3,1,1,3,0,0,0,0,SR-525,PLANTATION DR,-122.5674194,48.073644444,0,2,21,53,3,50,15,0,0,1,5,12,1,1,2,1,5,1,3,51,0,20,421,2005,0,,12,,,,,,1,1,44,1,0.0,,1,0,3,0,11,0,,,,,6.0,0.0,3.0,3.0,1,0,,,,96,,,,,,0,,,,,,98253,53,73.0,200.0,6.0,1.0,0.0,0.0,0.0,0.0,,0,,,,,,0,,,20,0,0,0,8.0,9,8,,,0,,,8,8,0.0,0.0,,,0.0,,,0,0,996.0,,,,,,,,,,,,,,,,,,,,,,,,,,,,,,0,0,0,1,0,0,0,0,0,0,0,0,0,0,0,0,0,0,0,0,0,0,0,0,0,0,0,0,0,1,0,0,0,0,0,,0,0,0,0,0,0,0,0,0,0,0,0,0,0,0,0,,,,,,41-45,36-45,State route,R,Saturday,Belt Used,PV,Not Fatal,1,0,0,0,State Route,State Patrol,Washington State Patrol,0,1,0,0,0,,,,,,0.0,0.0,0.0,,,,,,,,,,,98.0,98.0,98.0,0.0,,,,,20.0,7.0,,,,,,,,1.0,0.0,,,,,,,98253,Greenbank,Greenbank
3072,3139,3139,2020,540,EA30827,297.0,2020-04-23,18:25,23,4,,33,King,2310,10,,1,2,2,1,0,2,1,17:48,17:54,19:59,1,0,0,0.0,3,0,3,5,2,4,6,0,0,20,3,S 124TH ST,42nd Ave S,-122.2800944,47.492377778,0,1,1,13,2,25,4,0,0,1,2,3,1,1,2,1,11,2,1,53,0,20,25,2017,0,,63,1.0,3.0,,,,1,1,25,8,0.0,,2,0,99,7,11,5,,,,,0.0,0.0,0.0,3.0,1,39,91.0,,,96,,,,,,9,,,,,,98103,53,72.0,180.0,6.0,1.0,0.0,1.0,0.0,2.0,,1,2.0,11.0,,,,0,06/15/2016,06/15/2016,99,9,0,0,8.0,2,8,,,0,,,8,1,2.0,605.0,,,1.0,,,2,1,0.11,,,,,,,,,,,,,,,,,,,,,,,,,,,,,,0,0,1,1,1,1,1,1,1,0,0,0,0,0,0,0,0,0,0,0,0,0,0,1,1,0,0,0,0,1,0,0,0,0,0,,0,0,0,0,0,1,1,1,0,0,0,0,0,0,0,1,,,,,,21-25,16-25,City street,U,Thursday,Unknown,PV,Not Fatal,1,0,0,0,City Street,Municipal/City Police,Tukwila Police Department,0,0,0,1,0,thc,19.0,carboxy-thc,888.0,,0.0,0.0,0.0,,,,,,,,,,,98.0,98.0,98.0,0.0,,,,,20.0,7.0,,,,,,,,1.0,0.0,,,,,,,98168,Seattle,Seattle
3073,3141,3141,2020,542,EA42544,35.0,2020-06-25,1:46,25,6,,53,Pierce,0,1,,3,1,2,1,0,3,2,1:46,1:52,2:17,12,0,6,3.3,2,0,2,5,2,2,4,0,0,3,3,CR-84TH ST E,WALLER RD,-122.3891306,47.180877778,0,1,68,15,2,35,4,0,0,1,2,12,1,1,2,1,11,1,9,99,0,20,2,2010,0,,12,,,,,,1,1,32,2,0.0,,1,0,3,0,11,0,,,,,0.0,0.0,0.0,0.0,1,38,48.0,,,96,,,,,,98,,,,,,98371,53,,999.0,0.0,0.0,99.0,99.0,99.0,99.0,,97,,,,,,0,,,8,0,0,0,8.0,9,8,,,0,,,8,8,8.0,95.0,,,96.0,,,8,95,995.0,,,,,,,,,,,,,,,,,,,,,,,,,,,,,,0,0,0,1,0,0,0,0,0,0,0,0,0,1,0,0,0,0,1,1,0,0,0,0,0,0,0,0,0,1,0,0,0,0,0,,0,0,0,0,0,0,0,0,0,0,1,1,0,0,0,0,,,,,,31-35,26-35,County road,U,Thursday,Belt Used,PV,Not Fatal,1,0,0,0,County Road,County Sheriff,Law Enforcement Support Agency,0,0,1,0,0,,,,,,99.0,99.0,99.0,,,,,,,,,,,98.0,98.0,98.0,0.0,,,,,20.0,7.0,,,,,,,,1.0,0.0,,,WALLER RD E,3.31,084 ST E,1.5,98446,Puyallup,Tacoma
3074,3142,3142,2020,542,EA42544,35.0,2020-06-25,1:46,25,6,,53,Pierce,0,1,,3,1,2,1,0,3,2,1:46,1:52,2:17,12,0,6,3.3,2,0,2,5,2,2,4,0,0,3,3,CR-84TH ST E,WALLER RD,-122.3891306,47.180877778,0,2,69,62,4,35,8,0,0,1,2,12,1,1,2,1,1,2,9,99,0,35,43,2001,0,,12,,,,,,1,1,60,1,7.0,,4,0,20,7,11,5,06/30/2020,15:06,223053030765.0,30765.0,0.0,0.0,0.0,2.0,1,0,,,,96,,,,,,0,,,,,,98446,53,68.0,280.0,1.0,1.0,0.0,1.0,2.0,0.0,,0,,,,,,0,08/15/2016,02/15/2018,8,0,0,0,0.0,9,8,,,0,,,8,8,8.0,95.0,,,96.0,,,8,95,995.0,,,,,,,,,,,,,,,,,,,,,,,,,,,,,,0,0,0,1,0,0,0,0,0,0,0,0,0,1,0,0,0,0,1,1,0,0,0,0,0,0,0,0,0,1,0,0,0,1,0,,1,0,0,0,0,0,0,0,0,0,0,1,0,0,0,0,,,,,,56-60,56-65,County road,U,Thursday,Not Used,PV,Multiracial,1,0,0,0,County Road,County Sheriff,Law Enforcement Support Agency,0,0,1,0,0,,,,,,0.0,0.0,6.0,,,,,,,,,,,98.0,98.0,98.0,202.0,201.0,,,,20.0,7.0,,,,,,,,1.0,0.0,,,WALLER RD E,3.31,084 ST E,1.5,98446,Tacoma,Tacoma