,index,Unnamed: 0,year,case,par,repjur,crash_dt,crash_tm,accday,accmon,holiday,county,co_char,city,weather,weather2,lightcond,surfcond,surftype,numfatal,nmforms,pforms,vforms,not_tm,arr_tm,hosp_tm,fhevent,hitrun,manncol,milepnt,reljunc,reljuncinter,intersectiontype,funcsystem,landuse,ownership,route,schlbus,spejur,contdev,devfunc,trafid1,trafid2,lon,lat,wk_zone,vnumber,crashtype,criticalevent,criticaleventcat,spdlim,body,trailer,emerg,hazcargo,leave,mhevent,roadalgn,roadprof,traflane,trafflow,vehmanvr,numoccs,regowner,regstate,spuse,make,model,modelyr,vrf1,vrf2,seqevent1,seqevent2,seqevent3,seqevent4,seqevent5,seqevent6,pnumber,ptype,age,sex,hispanic,race,injury,diedscene,restraint,restraintmisuse,seatpos,takehosp,death_dt,death_tm,cert,cernum_wa,commlic,licendor,licrestrict,liccomp,drivpres,drf1,drf2,drf3,drf4,distract1,distract2,distract3,distract4,distract5,distract6,dricond1,dricond2,dricond3,dricond4,dricond5,dricond6,dzip,licstate,drhgt_in,weight,noncdl,noncdltype,prevdwi,prevoth,prevacc,prevspd,prevsus,driviol1,driviol2,driviol3,driviol4,driviol5,driviol6,spdrel,first_dt,last_dt,airbag,ejection,ejectpath,extricat,injurwrk,methalc,methdrug,nmlocat,strikveh,prf1,prf2,prf3,druginv,alcinvol,drugsts,drugres1,drugres2,drugres3,drugtst1,drugtst2,drugtst3,alcsts,alctst,alcres,nmact1,nmact2,nmact3,nmact4,nmact5,nmact6,nmprior1,nmprior2,nmprior3,nmprior4,nmprior5,nmprior6,nmcond1,nmcond2,nmcond3,nmcond4,nmcond5,nmcond6,nmsafe_helmet,nmsafe_pads,nmsafe_oth,nmprev_ref,nmprev_lgt,nmprev_oth,crashlocation,nmcrashtype,crosswalk,schoolzone,sidewalk,train_inv,wildlife_inv,rotr_fars,intersect_fars,dd_inv,aid_inv,dpd_inv,id_inv,mj_inv,impnm_inv,ainm_inv,dpnm_inv,speed_inv,unlic_inv,unendmc_inv,drowsy_inv,drdist_inv,nmdist_inv,fty_inv,unrestfat_inv,dr1617_inv,dr1820_inv,dr1620_inv,dr2125_inv,dr1625_inv,dr65_inv,dr70_inv,dr75_inv,mc_inv,pv_inv,ht_inv,ped_inv,bike_inv,unrest_fat,mc_fat,unhelmet_mc,pv_fat,ht_fat,ped_fat,bike_fat,dr_alc7,dr_alc8,dr_drug,dr_imp,dr_dist,dr_spd,dr_fty,dr_unlic,dr_alc7only,dr_alc8only,dr_drugonly,dr_drink,nm_imp,nm_alc7,nm_alc8,nm_drug,nm_dist,agegrp1,agegrp2,roadclass,urbrur,dayweek,restuse,vehtype,race_me,intersect,lanedep,oppdir,wrongway,rep_typ,investag,repag_long,rotr,st_rd,cty_rd,city_rd,oth_rd,drug_thc,thc_res,drug_cthc,cthc_res,drug_cann,prevpersemin,prevperse,prevsusoth,drugtst4,drugtst5,drugtst6,drugtst7,drugtst8,drugres4,drugres5,drugres6,drugres7,drugres8,adspresent,adsengaged,adslevel,race1,race2,race3,race4,race5,helmet,helmetmisuse,nmdistract1,nmdistract2,nmdistract3,nmdistract4,nmdistract5,nmdistract6,lab,isedtcase,crf1,crf2,crf3,CoRoadName,CoMP,IntCoRoadName,IntCoMP,crashzip,dcity,crashcity
3075,3143,3143,2020,543,EA44374,122.0,2020-06-25,18:42,25,6,,61,Snohomish,690,1,,1,1,2,1,0,8,3,19:02,19:07,19:22,33,0,0,1.1,1,0,1,3,2,1,3,0,0,0,0,SR-526,,-122.2795611,47.922430556,0,1,6,12,2,45,2,0,0,1,5,12,2,1,3,2,14,2,2,53,0,37,33,1992,0,,64,33.0,69.0,12.0,,,1,1,17,1,7.0,,4,0,3,0,11,5,06/29/2020,22:13,69053030029.0,30029.0,0.0,0.0,3.0,3.0,1,28,,,,96,,,,,,98,,,,,,98270,53,66.0,120.0,6.0,2.0,0.0,0.0,0.0,0.0,,0,,,,,,4,,,99,2,9,0,0.0,9,8,,,0,,,8,8,2.0,348.0,,,1.0,,,2,1,0.0,,,,,,,,,,,,,,,,,,,,,,,,,,,,,,0,0,1,0,0,0,1,1,0,0,0,0,1,0,0,0,0,0,0,0,1,0,1,0,1,0,0,0,0,1,0,0,0,0,0,,1,0,0,0,0,0,1,1,0,1,0,0,0,0,1,0,,,,,,16-17,16-25,State route,U,Thursday,Belt Used,PV,API,0,1,1,0,State Route,Municipal/City Police,Everett Police Department,0,1,0,0,0,,,,,,0.0,0.0,0.0,,,,,,,,,,,0.0,0.0,0.0,48.0,,,,,20.0,7.0,,,,,,,,1.0,0.0,,,,,,,98204,Marysville,Everett
3076,3144,3144,2020,543,EA44374,122.0,2020-06-25,18:42,25,6,,61,Snohomish,690,1,,1,1,2,1,0,8,3,19:02,19:07,19:22,33,0,0,1.1,1,0,1,3,2,1,3,0,0,0,0,SR-526,,-122.2795611,47.922430556,0,2,98,62,4,60,34,0,0,1,5,12,3,1,2,2,14,5,1,53,0,12,481,2019,0,,12,12.0,,,,,1,1,36,1,0.0,,1,0,3,0,11,5,,,,,0.0,0.0,0.0,3.0,1,0,,,,96,,,,,,0,,,,,,98275,53,66.0,175.0,6.0,1.0,0.0,1.0,0.0,1.0,,0,,,,,,0,06/15/2020,03/15/2020,99,0,0,0,8.0,9,8,,,0,,,8,8,0.0,0.0,,,0.0,,,0,0,996.0,,,,,,,,,,,,,,,,,,,,,,,,,,,,,,0,0,1,0,0,0,1,1,0,0,0,0,1,0,0,0,0,0,0,0,1,0,1,0,1,0,0,0,0,1,0,0,0,0,0,,0,0,0,0,0,0,0,0,0,0,0,0,0,0,0,0,,,,,,36-40,36-45,State route,U,Thursday,Belt Used,PV,Not Fatal,0,1,1,0,State Route,Municipal/City Police,Everett Police Department,0,1,0,0,0,,,,,,0.0,0.0,0.0,,,,,,,,,,,98.0,98.0,98.0,0.0,,,,,20.0,7.0,,,,,,,,1.0,0.0,,,,,,,98204,Mukilteo,Everett
3077,3145,3145,2020,543,EA44374,122.0,2020-06-25,18:42,25,6,,61,Snohomish,690,1,,1,1,2,1,0,8,3,19:02,19:07,19:22,33,0,0,1.1,1,0,1,3,2,1,3,0,0,0,0,SR-526,,-122.2795611,47.922430556,0,3,98,98,7,60,34,0,0,1,2,12,3,1,2,3,14,1,1,53,0,12,471,2004,0,,12,,,,,,1,1,39,1,0.0,,0,0,99,7,11,0,,,,,0.0,0.0,0.0,3.0,1,0,,,,96,,,,,,0,,,,,,98271,53,68.0,140.0,6.0,1.0,0.0,0.0,0.0,0.0,,0,,,,,,0,,,99,0,0,0,8.0,9,8,,,0,,,8,8,0.0,0.0,,,0.0,,,0,0,996.0,,,,,,,,,,,,,,,,,,,,,,,,,,,,,,0,0,1,0,0,0,1,1,0,0,0,0,1,0,0,0,0,0,0,0,1,0,1,0,1,0,0,0,0,1,0,0,0,0,0,,0,0,0,0,0,0,0,0,0,0,0,0,0,0,0,0,,,,,,36-40,36-45,State route,U,Thursday,Unknown,PV,Not Fatal,0,1,1,0,State Route,Municipal/City Police,Everett Police Department,0,1,0,0,0,,,,,,0.0,0.0,0.0,,,,,,,,,,,98.0,98.0,98.0,0.0,,,,,20.0,7.0,,,,,,,,1.0,0.0,,,,,,,98204,Marysville,Everett
3078,3146,3146,2020,544,EA45610,305.0,2020-07-05,17:47,5,7,,11,Clark,2370,1,,1,1,2,1,0,1,1,17:48,17:54,18:17,42,0,0,0.0,1,0,1,3,2,4,6,0,0,0,0,SE 192ND AVE,,-122.4758556,45.603466667,0,1,1,13,2,40,4,0,0,1,2,42,3,2,2,2,14,1,1,53,0,55,33,2009,0,,63,42.0,30.0,38.0,,,1,1,82,1,7.0,,4,0,3,0,11,5,07/08/2020,10:40,237053031228.0,31228.0,0.0,0.0,3.0,3.0,1,28,,,,92,,,,,,0,,,,,,98683,53,71.0,150.0,6.0,1.0,0.0,0.0,0.0,0.0,,69,,,,,,0,,,8,0,0,0,0.0,9,8,,,0,,,8,8,2.0,177.0,,,1.0,,,2,1,0.0,,,,,,,,,,,,,,,,,,,,,,,,,,,,,,0,0,1,0,0,0,1,1,0,0,0,0,0,0,0,0,1,0,0,0,0,0,0,0,0,1,1,1,0,1,0,0,0,0,0,,1,0,0,0,0,0,1,1,1,0,0,0,0,0,1,0,,,,,,81+,76+,City street,U,Sunday,Belt Used,PV,White,0,1,0,0,City Street,Municipal/City Police,Vancouver Police Department,1,0,0,1,0,,,,,,0.0,0.0,0.0,,,,,,,,,,,98.0,98.0,98.0,1.0,,,,,20.0,7.0,,,,,,,,1.0,0.0,,,,,,,98607,Vancouver,Camas
3079,3147,3147,2020,545,EA50520,3.0,2020-07-24,16:40,24,7,,53,Pierce,2230,1,,1,1,2,1,0,1,1,,,,1,0,0,0.9,20,1,1,1,2,1,1,0,0,0,0,I-5,,-122.4626361,47.226655556,0,1,98,9,1,98,80,0,0,1,2,1,2,2,3,6,15,1,1,53,0,72,706,2012,0,,1,,,,,,1,1,51,1,7.0,,4,0,20,7,11,5,08/06/2020,14:42,223053037570.0,37570.0,0.0,0.0,0.0,3.0,1,28,,,,96,,,,,,0,,,,,,98503,53,73.0,350.0,6.0,1.0,0.0,0.0,0.0,0.0,,69,,,,,,0,,,20,8,0,0,0.0,9,8,,,0,,,8,8,0.0,0.0,,,0.0,,,0,0,996.0,,,,,,,,,,,,,,,,,,,,,,,,,,,,,,0,0,0,0,0,0,0,0,0,0,0,0,0,0,0,0,0,0,0,0,0,0,0,0,0,0,0,0,1,0,0,0,0,0,1,0.0,0,0,0,0,0,0,0,0,0,0,0,0,0,0,0,0,,,,,,51-55,46-55,Interstate,U,Friday,,MC,White,1,0,0,0,State Route,State Patrol,Washington State Patrol,0,1,0,0,0,,,,,,0.0,0.0,0.0,,,,,,,,,,,0.0,0.0,0.0,1.0,,,,,19.0,0.0,,,,,,,,1.0,0.0,,,,,,,98418,Lacey,Tacoma
3080,3148,3148,2020,546,EA51551,14.0,2020-07-22,19:05,22,7,,11,Clark,0,1,,1,1,2,1,0,1,1,,,,42,0,0,0.3,1,0,1,6,1,2,4,0,0,0,0,CR-NE PUP CREEK RD,,-122.5319528,45.934208333,0,1,1,13,2,50,2,0,0,1,2,42,3,1,2,1,14,1,1,53,0,14,4,1997,0,,63,42.0,,,,,1,1,89,8,7.0,,4,0,2,0,11,8,07/26/2020,4:51,237053034957.0,34957.0,0.0,0.0,3.0,3.0,1,0,,,,92,,,,,,0,,,,,,98674,53,65.0,120.0,6.0,1.0,0.0,1.0,0.0,0.0,,0,,,,,,0,04/15/2016,04/15/2016,1,0,0,0,0.0,9,8,,,0,,,8,8,0.0,0.0,,,0.0,,,0,0,996.0,,,,,,,,,,,,,,,,,,,,,,,,,,,,,,0,0,1,0,0,0,0,0,0,0,0,0,0,0,0,0,1,0,0,0,0,0,0,0,0,1,1,1,0,1,0,0,0,0,0,,1,0,0,0,0,0,0,0,1,0,0,0,0,0,0,0,,,,,,81+,76+,County road,R,Wednesday,Belt Used,PV,White,0,1,0,0,County Road,County Sheriff,Clark County Sheriff's Office,1,0,1,0,0,,,,,,0.0,0.0,0.0,,,,,,,,,,,0.0,0.0,0.0,1.0,,,,,20.0,7.0,,,,,,,,1.0,0.0,,,NE PUP CREEK RD,0.28,,,98674,Woodland,Woodland
3081,3149,3149,2020,547,EA51909,31.0,2020-07-21,17:56,21,7,,45,Mason,0,1,,1,1,2,1,0,1,1,18:01,18:18,18:47,42,0,0,2.0,1,0,1,5,1,2,4,0,0,0,0,CR-SE LYNCH RD,,-123.0569889,47.153838889,0,1,7,13,2,35,4,0,0,1,2,42,3,1,2,1,14,1,1,53,0,12,16,2011,0,,63,69.0,68.0,64.0,42.0,,1,1,82,1,7.0,,4,0,3,0,11,1,08/07/2020,18:42,196053036852.0,36852.0,0.0,0.0,3.0,3.0,1,0,,,,92,,,,,,1,,,,,,98501,53,72.0,210.0,6.0,1.0,0.0,1.0,1.0,0.0,,0,,,,,,0,05/15/2016,08/15/2019,8,0,0,0,0.0,5,8,,,0,,,8,0,8.0,95.0,,,96.0,,,8,95,995.0,,,,,,,,,,,,,,,,,,,,,,,,,,,,,,0,0,0,0,0,0,0,0,0,0,0,0,0,0,0,0,1,0,0,0,0,0,0,0,0,1,1,1,0,1,0,0,0,0,0,,1,0,0,0,0,0,0,0,1,0,0,0,0,0,0,0,,,,,,81+,76+,County road,R,Tuesday,Belt Used,PV,White,0,1,0,0,County Road,County Sheriff,Mason County Sheriff's Office,1,0,1,0,0,,,,,,0.0,0.0,0.0,,,,,,,,,,,98.0,98.0,98.0,1.0,,,,,20.0,7.0,,,,,,,,1.0,0.0,,,LYNCH RD,2.0,,,98584,Olympia,Shelton
3082,3150,3150,2020,548,EA59236,278.0,2020-08-28,16:06,28,8,,63,Spokane,2110,1,,1,1,2,1,1,1,1,16:07,16:11,16:30,15,0,0,0.0,8,0,1,3,2,4,6,0,0,0,0,W 3RD AVE,,-117.4267556,47.653494444,0,1,13,83,5,98,14,0,0,1,5,15,1,1,3,4,11,1,3,53,0,59,403,2017,0,,15,,,,,,1,1,19,1,0.0,,0,0,3,0,11,0,,,,,0.0,0.0,3.0,3.0,1,0,,,,96,,,,,,0,,,,,,99205,53,72.0,170.0,6.0,2.0,0.0,0.0,0.0,0.0,,0,,,,,,0,,,20,0,0,0,8.0,3,2,,,0,,,8,0,0.0,0.0,,,0.0,,,2,95,0.0,,,,,,,,,,,,,,,,,,,,,,,,,,,,,,0,0,0,0,0,0,0,0,0,1,0,1,0,0,0,0,0,0,0,0,0,1,1,0,1,0,0,0,0,1,0,1,0,0,0,,0,0,0,0,0,0,0,0,0,0,0,0,0,0,0,0,,,,,,18-20,16-25,City street,U,Friday,Belt Used,PV,Not Fatal,0,0,0,0,City Street,Municipal/City Police,Spokane Police Department,0,0,0,1,0,,,,,,0.0,0.0,0.0,,,,,,,,,,,98.0,98.0,98.0,0.0,,,,,20.0,7.0,,,,,,,,1.0,0.0,,,,,,,99201,Spokane,Spokane
3083,3151,3151,2020,549,EA60897,160.0,2020-09-02,5:53,2,9,,33,King,1030,1,,1,1,2,1,0,2,2,5:54,6:03,6:59,12,0,6,1.4,2,0,2,3,2,1,3,0,0,3,3,SR-181,S 228TH ST,-122.2493333,47.397611111,0,1,83,17,2,35,14,0,0,1,2,12,1,1,5,1,1,1,1,53,0,35,401,2016,0,,12,,,,,,1,1,66,1,7.0,,4,0,20,7,11,5,09/11/2020,15:40,196053042658.0,42658.0,0.0,0.0,0.0,3.0,1,39,,,,96,,,,,,98,,,,,,98055,53,72.0,240.0,6.0,1.0,0.0,0.0,1.0,1.0,,0,,,,,,0,09/15/2017,09/15/2017,8,0,0,0,0.0,9,8,,,0,,,8,8,2.0,348.0,,,1.0,,,2,1,0.0,,,,,,,,,,,,,,,,,,,,,,,,,,,,,,0,0,0,1,0,0,1,1,0,0,0,0,0,0,0,0,0,0,0,1,0,0,0,0,0,1,0,0,0,1,1,0,0,1,0,,1,0,0,0,0,0,1,1,0,0,0,0,0,0,1,0,,,,,,66-70,66-75,State route,U,Wednesday,Not Used,PV,White,1,0,0,0,State Route,Municipal/City Police,Kent Police Department,0,1,0,0,0,,,,,,0.0,0.0,0.0,,,,,,,,,,,98.0,98.0,98.0,1.0,,,,,20.0,7.0,,,,,,,,1.0,0.0,,,,,,,98032,Renton,Kent
3084,3152,3152,2020,549,EA60897,160.0,2020-09-02,5:53,2,9,,33,King,1030,1,,1,1,2,1,0,2,2,5:54,6:03,6:59,12,0,6,1.4,2,0,2,3,2,1,3,0,0,3,3,SR-181,S 228TH ST,-122.2493333,47.397611111,0,2,82,66,4,50,66,1,0,1,5,12,1,1,8,1,11,1,3,6,0,82,881,2017,0,,12,,,,,,1,1,36,1,0.0,,0,0,3,0,11,0,,,,,6.0,1.0,0.0,3.0,1,0,,,,96,,,,,,0,,,,,,95993,6,66.0,180.0,6.0,1.0,0.0,0.0,0.0,0.0,,0,,,,,,0,,,20,0,0,0,8.0,9,8,,,0,,,8,8,0.0,0.0,,,0.0,,,0,0,996.0,,,,,,,,,,,,,,,,,,,,,,,,,,,,,,0,0,0,1,0,0,1,1,0,0,0,0,0,0,0,0,0,0,0,1,0,0,0,0,0,1,0,0,0,1,1,0,0,0,0,,0,0,0,0,0,0,0,0,0,0,0,0,0,0,0,0,,,,,,36-40,36-45,State route,U,Wednesday,,MHTRUCK,Not Fatal,1,0,0,0,State Route,Municipal/City Police,Kent Police Department,0,1,0,0,0,,,,,,0.0,0.0,0.0,,,,,,,,,,,98.0,98.0,98.0,0.0,,,,,20.0,7.0,,,,,,,,1.0,0.0,,,,,,,98032,Yuba City,Kent
3085,3154,3154,2020,551,000TECH,158.0,2020-06-03,22:31,3,6,,15,Cowlitz,1010,1,,2,1,2,1,0,2,1,22:31,22:47,23:03,30,0,0,0.0,1,0,1,4,2,4,6,0,0,0,0,PACIFIC AVE,,-122.7434472,45.906511111,0,1,1,13,2,35,4,0,0,1,2,30,3,1,2,1,14,2,1,53,0,37,31,1998,0,,63,30.0,,,,,1,1,35,2,0.0,,3,0,3,0,11,1,,,,,0.0,0.0,0.0,3.0,1,91,,,,96,,,,,,9,,,,,,98632,53,65.0,160.0,6.0,1.0,0.0,0.0,0.0,0.0,,1,,,,,,3,,,20,0,0,0,8.0,1,1,,,0,,,1,1,2.0,605.0,996.0,,1.0,1.0,,2,1,0.084,,,,,,,,,,,,,,,,,,,,,,,,,,,,,,0,0,1,0,1,1,1,1,1,0,0,0,1,0,0,0,0,0,0,0,0,0,0,0,0,0,0,0,0,1,0,0,0,0,0,,0,0,0,0,0,1,1,1,0,1,0,0,0,0,0,1,,,,,,31-35,26-35,City street,U,Wednesday,Belt Used,PV,Not Fatal,0,0,0,0,City Street,,,0,0,0,1,0,thc,2.7,carboxy-thc,7.2,,0.0,0.0,0.0,,,,,,,,,,,0.0,0.0,0.0,0.0,,,,,20.0,7.0,,,,,,,,0.0,0.0,,,,,,,98674,Longview,Woodland
3086,3155,3155,2020,552,3847800,263.0,2020-07-26,16:40,26,7,,33,King,1960,1,,1,1,2,1,0,4,2,16:41,16:51,17:10,14,0,0,0.0,1,0,1,7,2,4,6,0,0,0,0,30TH AVE,,-122.2937861,47.618655556,0,1,11,11,2,98,61,0,0,1,8,14,1,2,8,1,1,1,3,53,0,38,883,2016,0,,14,,,,,,1,1,32,1,0.0,,0,0,99,7,11,0,,,,,0.0,0.0,0.0,3.0,1,0,,,,96,,,,,,98,,,,,,98444,53,62.0,130.0,6.0,1.0,0.0,0.0,0.0,0.0,,97,,,,,,0,,,99,0,0,0,8.0,9,8,,,0,,,8,8,8.0,95.0,,,96.0,,,8,95,995.0,,,,,,,,,,,,,,,,,,,,,,,,,,,,,,0,0,0,0,0,0,0,0,0,0,0,0,0,0,0,0,0,0,0,0,0,0,0,0,0,0,0,0,0,1,1,0,0,0,0,,0,0,0,0,0,0,0,0,0,0,0,0,0,0,0,0,,,,,,31-35,26-35,City street,U,Sunday,,MHTRUCK,Not Fatal,0,1,0,0,City Street,Municipal/City Police,Seattle Police Department,1,0,0,1,0,,,,,,0.0,0.0,0.0,,,,,,,,,,,98.0,98.0,98.0,0.0,,,,,20.0,7.0,,,,,,,,0.0,0.0,,,,,,,98122,Tacoma,Seattle
3087,3156,3156,2020,553,TECH RE,288.0,2020-04-18,12:08,18,4,,53,Pierce,2210,1,,1,1,2,1,0,3,1,12:11,12:28,12:58,43,0,0,0.0,1,0,1,4,2,4,6,0,0,0,0,E VALLEY HWY E,,-122.2252583,47.238352778,0,1,1,13,2,98,4,0,0,1,2,3,4,8,2,1,14,3,1,53,0,63,34,2015,0,,63,43.0,3.0,1.0,,,1,1,31,2,7.0,,4,0,3,0,11,5,04/18/2020,14:27,223053018882.0,18882.0,0.0,0.0,3.0,3.0,1,0,,,,96,,,,,,98,,,,,,98032,53,63.0,134.0,6.0,1.0,0.0,1.0,1.0,1.0,,0,,,,,,0,08/15/2019,07/15/2019,98,0,0,1,0.0,5,8,,,0,,,8,1,8.0,95.0,,,96.0,,,2,1,0.016,,,,,,,,,,,,,,,,,,,,,,,,,,,,,,0,0,1,0,1,0,0,0,0,0,0,0,0,0,0,0,0,0,0,0,0,0,0,0,0,0,0,0,0,1,0,0,0,0,0,,1,0,0,0,1,0,0,0,0,0,0,0,1,0,0,1,,,,,,31-35,26-35,City street,U,Saturday,Belt Used,PV,White,0,0,0,0,City Street,,,0,0,0,1,0,,,,,,0.0,0.0,0.0,,,,,,,,,,,98.0,98.0,98.0,1.0,,,,,20.0,7.0,,,,,,,,0.0,0.0,,,,,,,98390,Kent,Sumner
3088,3157,3157,2020,554,3267505,34.0,2020-01-04,1:40,4,1,,51,Pend Oreille,0,5,,3,4,2,1,0,1,1,1:40,1:53,,32,0,0,9999.8,1,0,1,5,1,2,4,0,0,0,0,CR-LECLERC RD S,,-117.0442,48.210775,0,1,7,5,1,55,14,0,0,1,2,1,3,1,2,1,14,1,1,53,0,53,405,2006,0,,68,64.0,32.0,1.0,,,1,1,63,2,7.0,,4,7,3,0,11,0,01/04/2020,1:40,53000471.0,471.0,0.0,0.0,0.0,3.0,1,87,,,,96,,,,,,98,,,,,,99156,53,71.0,150.0,6.0,1.0,0.0,0.0,0.0,0.0,,0,,,,,,4,,,20,0,0,1,0.0,9,8,,,0,,,8,8,8.0,95.0,,,96.0,,,8,95,995.0,,,,,,,,,,,,,,,,,,,,,,,,,,,,,,0,0,0,0,0,0,0,0,0,0,0,0,1,0,0,0,0,0,0,0,0,0,0,0,0,0,0,0,0,1,0,0,0,0,0,,1,0,0,0,0,0,0,0,0,1,0,0,0,0,0,0,,,,,,61-65,56-65,County road,R,Saturday,Belt Used,PV,White,0,1,0,0,County Road,County Sheriff,Pend Oreille County Sheriff's Offic,1,0,1,0,0,,,,,,0.0,0.0,0.0,,,,,,,,,,,98.0,98.0,98.0,1.0,,,,,20.0,7.0,,,,,,,,0.0,0.0,,,,,,,99156,Newport,Newport
3089,3158,3158,2020,555,EA04849,127.0,2020-01-19,22:06,19,1,,33,King,735,1,,3,1,2,1,0,4,2,22:15,22:23,23:04,12,0,6,0.0,2,0,2,5,2,4,6,0,0,20,3,10TH AVE SW,SW 334th St,-122.3477083,47.302975,0,1,78,16,2,25,34,0,0,1,5,12,8,8,2,1,10,1,1,53,0,7,482,2014,0,,12,,,,,,1,1,49,1,0.0,,2,0,3,0,11,0,,,,,0.0,0.0,3.0,2.0,1,48,,,,96,,,,,,98,,,,,,98023,53,72.0,240.0,1.0,1.0,1.0,3.0,1.0,0.0,,37,,,,,,0,01/15/2017,03/15/2020,8,0,0,0,8.0,9,8,,,0,,,8,8,8.0,95.0,,,96.0,,,8,95,995.0,,,,,,,,,,,,,,,,,,,,,,,,,,,,,,0,0,0,1,0,0,0,0,0,0,0,0,0,1,0,0,0,0,0,0,0,0,0,0,0,1,1,1,0,1,0,0,0,0,0,,0,0,0,0,0,0,0,0,0,0,0,1,0,0,0,0,,,,,,46-50,46-55,City street,U,Sunday,Belt Used,PV,Not Fatal,1,0,0,0,City Street,Municipal/City Police,Federal Way Dept of Public Safety,0,0,0,1,0,,,,,,0.0,1.0,3.0,,,,,,,,,,,98.0,98.0,98.0,0.0,,,,,20.0,7.0,,,,,,,,1.0,0.0,,,,,,,98023,Federal Way,Federal Way
3090,3159,3159,2020,555,EA04849,127.0,2020-01-19,22:06,19,1,,33,King,735,1,,3,1,2,1,0,4,2,22:15,22:23,23:04,12,0,6,0.0,2,0,2,5,2,4,6,0,0,0,0,10TH AVE SW,SW 334th St,-122.3477083,47.302975,0,2,79,65,4,35,14,0,0,1,5,12,8,8,3,5,1,3,1,53,0,42,403,2015,0,,12,,,,,,1,1,80,2,0.0,,1,0,3,0,11,0,,,,,0.0,0.0,0.0,3.0,1,0,,,,96,,,,,,98,,,,,,98023,53,62.0,140.0,6.0,1.0,0.0,0.0,0.0,0.0,,0,,,,,,0,,,8,0,0,0,8.0,9,8,,,0,,,8,8,8.0,95.0,,,96.0,,,8,95,995.0,,,,,,,,,,,,,,,,,,,,,,,,,,,,,,0,0,0,1,0,0,0,0,0,0,0,0,0,1,0,0,0,0,0,0,0,0,0,0,0,1,1,1,0,1,0,0,0,0,0,,0,0,0,0,0,0,0,0,0,0,0,0,0,0,0,0,,,,,,76-80,76+,City street,U,Sunday,Belt Used,PV,Not Fatal,1,0,0,0,City Street,Municipal/City Police,Federal Way Dept of Public Safety,0,0,0,1,0,,,,,,0.0,0.0,0.0,,,,,,,,,,,98.0,98.0,98.0,0.0,,,,,20.0,7.0,,,,,,,,1.0,0.0,,,,,,,98023,Federal Way,Federal Way
3091,3160,3160,2020,556,EA56133,290.0,2020-08-12,8:47,12,8,,53,Pierce,2230,10,,1,1,2,1,1,1,1,8:47,8:53,9:05,9,0,0,0.0,8,0,1,3,2,4,6,0,0,0,0,S UNION AVE,,-122.4820722,47.240094444,0,1,13,83,5,30,1,0,0,1,2,9,1,1,2,2,1,1,1,53,0,12,4,2003,0,,9,,,,,,1,1,62,2,0.0,,0,0,3,0,11,0,,,,,0.0,0.0,0.0,3.0,1,0,,,,96,,,,,,98,,,,,,98335,53,65.0,145.0,6.0,1.0,0.0,0.0,0.0,0.0,,0,,,,,,0,,,20,0,0,0,8.0,9,8,,,0,,,8,8,8.0,95.0,,,96.0,,,8,95,995.0,,,,,,,,,,,,,,,,,,,,,,,,,,,,,,0,0,0,0,0,0,0,0,0,0,0,0,0,0,0,0,0,0,0,0,0,0,0,0,0,0,0,0,0,1,0,0,1,0,0,,0,0,0,0,0,0,0,0,0,0,0,0,0,0,0,0,,,,,,61-65,56-65,City street,U,Wednesday,Belt Used,PV,Not Fatal,0,0,0,0,City Street,Municipal/City Police,Tacoma Police Department,0,0,0,1,0,,,,,,0.0,0.0,0.0,,,,,,,,,,,98.0,98.0,98.0,0.0,,,,,20.0,7.0,,,,,,,,1.0,0.0,,,,,,,98405,Gig Harbor,Tacoma
3092,3161,3161,2020,557,EA59797,83.0,2020-08-26,20:48,26,8,,41,Lewis,310,1,,5,1,2,1,1,1,1,,,,8,0,0,0.0,3,0,2,3,2,4,6,0,0,3,3,W MAIN ST,SW Chehalis Ave,-122.9697806,46.661441667,0,1,13,80,5,25,34,0,0,1,5,8,1,1,3,1,1,1,1,53,0,20,481,2019,0,,8,,,,,,1,1,69,1,0.0,,0,0,3,0,11,0,,,,,0.0,0.0,0.0,3.0,1,0,,,,96,,,,,,9,,,,,,98532,53,71.0,240.0,6.0,1.0,0.0,0.0,1.0,0.0,,2,,,,,,0,12/15/2019,12/15/2019,20,0,0,0,8.0,9,8,,,0,,,1,1,8.0,95.0,,,96.0,,,2,95,997.0,,,,,,,,,,,,,,,,,,,,,,,,,,,,,,0,0,0,1,1,0,0,0,0,0,0,0,0,0,0,0,0,0,0,0,0,0,0,0,0,1,0,0,0,1,0,1,0,0,0,,0,0,0,0,0,0,0,0,0,0,0,0,0,0,0,1,,,,,,66-70,66-75,City street,U,Wednesday,Belt Used,PV,Not Fatal,1,0,0,0,City Street,Municipal/City Police,Chehalis Police Department,0,0,0,1,0,,,,,,0.0,0.0,0.0,,,,,,,,,,,98.0,98.0,98.0,0.0,,,,,20.0,7.0,,,,,,,,1.0,0.0,,,,,,,98532,Chehalis,Chehalis