,index,Unnamed: 0,year,case,par,repjur,crash_dt,crash_tm,accday,accmon,holiday,county,co_char,city,weather,weather2,lightcond,surfcond,surftype,numfatal,nmforms,pforms,vforms,not_tm,arr_tm,hosp_tm,fhevent,hitrun,manncol,milepnt,reljunc,reljuncinter,intersectiontype,funcsystem,landuse,ownership,route,schlbus,spejur,contdev,devfunc,trafid1,trafid2,lon,lat,wk_zone,vnumber,crashtype,criticalevent,criticaleventcat,spdlim,body,trailer,emerg,hazcargo,leave,mhevent,roadalgn,roadprof,traflane,trafflow,vehmanvr,numoccs,regowner,regstate,spuse,make,model,modelyr,vrf1,vrf2,seqevent1,seqevent2,seqevent3,seqevent4,seqevent5,seqevent6,pnumber,ptype,age,sex,hispanic,race,injury,diedscene,restraint,restraintmisuse,seatpos,takehosp,death_dt,death_tm,cert,cernum_wa,commlic,licendor,licrestrict,liccomp,drivpres,drf1,drf2,drf3,drf4,distract1,distract2,distract3,distract4,distract5,distract6,dricond1,dricond2,dricond3,dricond4,dricond5,dricond6,dzip,licstate,drhgt_in,weight,noncdl,noncdltype,prevdwi,prevoth,prevacc,prevspd,prevsus,driviol1,driviol2,driviol3,driviol4,driviol5,driviol6,spdrel,first_dt,last_dt,airbag,ejection,ejectpath,extricat,injurwrk,methalc,methdrug,nmlocat,strikveh,prf1,prf2,prf3,druginv,alcinvol,drugsts,drugres1,drugres2,drugres3,drugtst1,drugtst2,drugtst3,alcsts,alctst,alcres,nmact1,nmact2,nmact3,nmact4,nmact5,nmact6,nmprior1,nmprior2,nmprior3,nmprior4,nmprior5,nmprior6,nmcond1,nmcond2,nmcond3,nmcond4,nmcond5,nmcond6,nmsafe_helmet,nmsafe_pads,nmsafe_oth,nmprev_ref,nmprev_lgt,nmprev_oth,crashlocation,nmcrashtype,crosswalk,schoolzone,sidewalk,train_inv,wildlife_inv,rotr_fars,intersect_fars,dd_inv,aid_inv,dpd_inv,id_inv,mj_inv,impnm_inv,ainm_inv,dpnm_inv,speed_inv,unlic_inv,unendmc_inv,drowsy_inv,drdist_inv,nmdist_inv,fty_inv,unrestfat_inv,dr1617_inv,dr1820_inv,dr1620_inv,dr2125_inv,dr1625_inv,dr65_inv,dr70_inv,dr75_inv,mc_inv,pv_inv,ht_inv,ped_inv,bike_inv,unrest_fat,mc_fat,unhelmet_mc,pv_fat,ht_fat,ped_fat,bike_fat,dr_alc7,dr_alc8,dr_drug,dr_imp,dr_dist,dr_spd,dr_fty,dr_unlic,dr_alc7only,dr_alc8only,dr_drugonly,dr_drink,nm_imp,nm_alc7,nm_alc8,nm_drug,nm_dist,agegrp1,agegrp2,roadclass,urbrur,dayweek,restuse,vehtype,race_me,intersect,lanedep,oppdir,wrongway,rep_typ,investag,repag_long,rotr,st_rd,cty_rd,city_rd,oth_rd,drug_thc,thc_res,drug_cthc,cthc_res,drug_cann,prevpersemin,prevperse,prevsusoth,drugtst4,drugtst5,drugtst6,drugtst7,drugtst8,drugres4,drugres5,drugres6,drugres7,drugres8,adspresent,adsengaged,adslevel,race1,race2,race3,race4,race5,helmet,helmetmisuse,nmdistract1,nmdistract2,nmdistract3,nmdistract4,nmdistract5,nmdistract6,lab,isedtcase,crf1,crf2,crf3,CoRoadName,CoMP,IntCoRoadName,IntCoMP,crashzip,dcity,crashcity
3093,3162,3162,2020,558,EA67727,290.0,2020-09-29,18:30,29,9,,53,Pierce,2230,1,,5,1,2,1,0,6,3,,,,12,0,6,0.0,2,0,2,7,2,4,6,0,0,0,0,S 7TH ST,S Madison St,-122.4904639,47.254422222,0,1,88,17,2,25,34,0,0,1,5,12,1,1,8,1,1,3,9,99,0,7,482,2015,0,,12,14.0,,,,,1,1,18,1,0.0,,1,0,3,0,11,0,,,,,0.0,0.0,0.0,0.0,1,0,,,,96,,,,,,98,,,,,,98404,53,74.0,320.0,0.0,0.0,0.0,0.0,0.0,0.0,,97,,,,,,3,,,8,0,0,0,8.0,9,8,,,0,,,8,8,8.0,95.0,,,96.0,,,8,95,995.0,,,,,,,,,,,,,,,,,,,,,,,,,,,,,,0,0,0,1,0,0,0,0,0,0,0,0,1,1,0,0,1,0,0,0,0,1,1,0,1,0,0,0,0,1,1,0,0,0,0,,0,0,0,0,0,0,0,0,0,1,0,1,0,0,0,0,,,,,,18-20,16-25,City street,U,Tuesday,Belt Used,PV,Not Fatal,1,0,0,0,City Street,Municipal/City Police,Tacoma Police Department,0,0,0,1,0,,,,,,0.0,0.0,0.0,,,,,,,,,,,98.0,98.0,98.0,0.0,,,,,20.0,7.0,,,,,,,,1.0,0.0,,,,,,,98405,Tacoma,Tacoma
3094,3163,3163,2020,558,EA67727,290.0,2020-09-29,18:30,29,9,,53,Pierce,2230,1,,5,1,2,1,0,6,3,,,,12,0,6,0.0,2,0,2,7,2,4,6,0,0,0,0,S 7TH ST,S Madison St,-122.4904639,47.254422222,0,2,89,17,2,25,6,0,0,1,5,12,1,1,8,1,1,3,2,53,0,48,34,1997,0,,12,,,,,,1,1,45,1,7.0,,4,0,3,0,11,5,10/05/2020,19:30,196053048968.0,48968.0,0.0,0.0,3.0,2.0,1,0,,,,92,,,,,,98,,,,,,98404,53,69.0,150.0,1.0,1.0,0.0,1.0,0.0,0.0,,97,,,,,,0,02/15/2018,02/15/2018,8,0,0,0,0.0,9,8,,,0,,,8,8,8.0,95.0,,,96.0,,,8,95,995.0,,,,,,,,,,,,,,,,,,,,,,,,,,,,,,0,0,0,1,0,0,0,0,0,0,0,0,1,1,0,0,1,0,0,0,0,1,1,0,1,0,0,0,0,1,1,0,0,0,0,,1,0,0,0,0,0,0,0,1,0,0,1,0,0,0,0,,,,,,41-45,36-45,City street,U,Tuesday,Belt Used,PV,Black,1,0,0,0,City Street,Municipal/City Police,Tacoma Police Department,0,0,0,1,0,,,,,,0.0,0.0,1.0,,,,,,,,,,,0.0,0.0,0.0,2.0,,,,,20.0,7.0,,,,,,,,1.0,0.0,,,,,,,98405,Tacoma,Tacoma
3095,3164,3164,2020,559,EA70015,330.0,2020-10-05,16:10,5,10,,77,Yakima,2590,1,,1,1,2,1,0,2,2,16:18,16:25,16:57,12,0,6,0.0,2,0,3,4,2,4,6,0,0,20,3,W WASHINGTON AVE,S 48th Ave,-120.5712806,46.576644444,0,1,82,15,2,40,4,0,0,1,2,12,1,1,2,1,11,1,2,53,0,35,47,2016,0,,12,,,,,,1,1,25,2,0.0,,2,0,3,0,11,5,,,,,0.0,0.0,0.0,3.0,1,10,38.0,39.0,,0,,,,,,98,,,,,,98901,53,62.0,145.0,6.0,1.0,0.0,1.0,0.0,0.0,,37,,,,,,0,10/15/2020,10/15/2020,1,0,0,0,8.0,9,8,,,0,,,8,8,0.0,0.0,,,0.0,,,0,0,996.0,,,,,,,,,,,,,,,,,,,,,,,,,,,,,,0,0,0,1,0,0,0,0,0,0,0,0,0,0,0,0,0,0,1,0,0,0,0,1,1,1,1,1,0,1,0,0,0,0,0,,0,0,0,0,0,0,0,0,0,0,1,0,0,0,0,0,,,,,,21-25,16-25,City street,U,Monday,Belt Used,PV,Not Fatal,1,0,0,0,City Street,Municipal/City Police,Yakima Police Department,0,0,0,1,0,,,,,,0.0,0.0,0.0,,,,,,,,,,,98.0,98.0,98.0,0.0,,,,,20.0,7.0,,,,,,,,1.0,0.0,,,,,,,98903,Yakima,Yakima
3096,3165,3165,2020,559,EA70015,330.0,2020-10-05,16:10,5,10,,77,Yakima,2590,1,,1,1,2,1,0,2,2,16:18,16:25,16:57,12,0,6,0.0,2,0,3,4,2,4,6,0,0,0,0,W WASHINGTON AVE,S 48th Ave,-120.5712806,46.576644444,0,2,83,67,4,40,20,0,0,1,2,12,1,1,5,5,1,1,1,53,0,7,442,1999,0,,12,,,,,,1,1,90,2,7.0,,4,0,3,0,11,5,10/13/2020,15:30,196053047636.0,47636.0,0.0,0.0,3.0,3.0,1,0,,,,96,,,,,,98,,,,,,98903,53,63.0,160.0,6.0,1.0,0.0,0.0,0.0,0.0,,0,,,,,,0,,,1,0,0,0,0.0,9,8,,,0,,,8,8,0.0,0.0,,,0.0,,,0,0,996.0,,,,,,,,,,,,,,,,,,,,,,,,,,,,,,0,0,0,1,0,0,0,0,0,0,0,0,0,0,0,0,0,0,1,0,0,0,0,1,1,1,1,1,0,1,0,0,0,0,0,,1,0,0,0,0,0,0,0,0,0,0,0,0,0,0,0,,,,,,81+,76+,City street,U,Monday,Belt Used,PV,White,1,0,0,0,City Street,Municipal/City Police,Yakima Police Department,0,0,0,1,0,,,,,,0.0,0.0,0.0,,,,,,,,,,,0.0,0.0,0.0,1.0,,,,,20.0,7.0,,,,,,,,1.0,0.0,,,,,,,98903,Yakima,Yakima
3097,3166,3166,2020,560,EA70533,248.0,2020-10-10,2:11,10,10,,33,King,1830,2,,3,2,2,1,1,1,1,2:19,2:26,3:03,8,0,0,28.5,3,0,2,3,2,1,3,0,0,3,3,SR-167,S 3RD ST,-122.2171694,47.479788889,0,1,13,80,5,35,6,0,0,1,2,8,1,1,8,1,1,1,1,53,0,49,46,2014,0,,8,,,,,,1,1,54,1,0.0,,0,0,3,0,11,0,,,,,0.0,0.0,3.0,3.0,1,0,,,,96,,,,,,0,,,,,,98125,53,66.0,155.0,6.0,1.0,0.0,0.0,0.0,0.0,,0,,,,,,0,,,20,0,0,0,8.0,2,8,,,0,,,8,0,0.0,0.0,,,0.0,,,2,10,0.0,,,,,,,,,,,,,,,,,,,,,,,,,,,,,,0,0,0,1,0,0,0,0,0,0,0,0,0,0,0,0,0,0,0,0,0,0,0,0,0,0,0,0,0,1,0,1,0,0,0,,0,0,0,0,0,0,0,0,0,0,0,0,0,0,0,0,,,,,,51-55,46-55,State route,U,Saturday,Belt Used,PV,Not Fatal,1,0,0,0,State Route,Municipal/City Police,Renton Police Department,0,1,0,0,0,,,,,,0.0,0.0,0.0,,,,,,,,,,,98.0,98.0,98.0,0.0,,,,,20.0,7.0,,,,,,,,1.0,0.0,,,,,,,98057,Seattle,Renton
3098,3167,3167,2020,561,EA75144,7.0,2020-10-26,12:56,26,10,,33,King,1958,1,,1,1,2,1,1,1,1,13:08,13:14,,8,0,0,0.0,3,0,3,4,2,4,6,0,0,0,0,MILITARY RD S,S 220th St,-122.2901167,47.404925,0,1,13,12,2,35,2,0,0,1,5,8,1,2,2,1,10,1,2,53,0,7,28,2016,0,,68,64.0,8.0,42.0,,,1,1,32,1,0.0,,0,0,99,7,11,0,,,,,0.0,0.0,0.0,2.0,1,0,,,,96,,,,,,98,,,,,,98112,53,69.0,195.0,1.0,1.0,1.0,1.0,1.0,7.0,,97,,,,,,3,06/15/2017,08/15/2020,20,0,0,0,8.0,9,8,,,0,,,8,8,8.0,95.0,,,96.0,,,8,95,995.0,,,,,,,,,,,,,,,,,,,,,,,,,,,,,,0,0,0,1,0,0,0,0,0,0,0,0,1,1,0,0,0,0,0,0,0,0,0,0,0,0,0,0,0,1,0,1,0,0,0,,0,0,0,0,0,0,0,0,0,1,0,1,0,0,0,0,,,,,,31-35,26-35,City street,U,Monday,Unknown,PV,Not Fatal,1,0,0,0,City Street,State Patrol,Washington State Patrol,0,0,0,1,0,,,,,,0.0,0.0,4.0,,,,,,,,,,,98.0,98.0,98.0,0.0,,,,,20.0,7.0,,,,,,,,1.0,0.0,,,,,,,98198,Seattle,Seattle
3099,3168,3168,2020,562,EA76827,35.0,2020-10-30,22:03,30,10,,53,Pierce,0,2,,2,2,2,1,0,2,1,,,,42,0,0,9999.8,1,0,1,98,1,64,8,0,0,0,0,NF RD 70,,-121.5799556,47.118163889,0,1,1,13,2,25,34,0,0,1,2,42,3,1,2,2,14,2,2,53,0,20,481,2006,0,,63,42.0,,,,,1,1,21,1,0.0,,0,0,3,0,11,0,,,,,0.0,0.0,0.0,3.0,1,0,,,,96,,,,,,98,,,,,,98321,53,68.0,130.0,6.0,1.0,0.0,0.0,0.0,0.0,,97,,,,,,4,,,20,0,0,0,8.0,9,8,,,0,,,8,8,8.0,95.0,,,96.0,,,8,95,995.0,,,,,,,,,,,,,,,,,,,,,,,,,,,,,,0,0,1,0,0,0,0,0,0,0,0,0,1,0,0,0,0,0,0,0,0,0,0,1,1,0,0,0,0,1,0,0,0,0,0,,0,0,0,0,0,0,0,0,0,1,0,0,0,0,0,0,,,,,,21-25,16-25,Other,R,Friday,Belt Used,PV,Not Fatal,0,1,0,0,Other,County Sheriff,Law Enforcement Support Agency,1,0,0,0,1,,,,,,0.0,0.0,0.0,,,,,,,,,,,98.0,98.0,98.0,0.0,,,,,20.0,7.0,,,,,,,,1.0,0.0,,,,,,,98022,Buckley,Enumclaw
3100,3169,3169,2020,563,EA81279,267.0,2020-11-14,17:37,14,11,,9,Clallam,1990,1,,2,8,2,1,2,1,1,17:43,17:48,18:37,8,0,0,0.0,1,0,1,7,2,4,6,0,0,0,0,E MAPLE ST,,-123.1018833,48.077830556,0,1,13,80,5,25,6,0,0,1,5,8,1,2,8,1,1,1,1,53,0,48,34,1990,0,,8,8.0,,,,,1,1,41,1,0.0,,0,0,99,7,11,0,,,,,0.0,0.0,0.0,3.0,1,10,38.0,,,0,,,,,,98,,,,,,98382,53,70.0,135.0,6.0,1.0,0.0,2.0,0.0,0.0,,0,,,,,,0,09/15/2019,09/15/2019,20,0,0,0,8.0,9,8,,,0,,,8,8,8.0,95.0,,,96.0,,,8,95,995.0,,,,,,,,,,,,,,,,,,,,,,,,,,,,,,0,0,0,0,0,0,0,0,0,0,0,0,0,0,0,0,0,0,1,0,0,0,0,0,0,0,0,0,0,1,0,1,0,0,0,,0,0,0,0,0,0,0,0,0,0,1,0,0,0,0,0,,,,,,41-45,36-45,City street,U,Saturday,Unknown,PV,Not Fatal,0,0,0,0,City Street,Municipal/City Police,Sequim Police Department,0,0,0,1,0,,,,,,0.0,0.0,0.0,,,,,,,,,,,0.0,0.0,0.0,0.0,,,,,20.0,7.0,,,,,,,,1.0,0.0,,,,,,,98382,Sequim,Sequim
3101,3170,3170,2020,564,EA83637,42.0,2020-11-23,6:10,23,11,,67,Thurston,1790,2,,2,2,2,1,1,1,1,,,,8,0,0,23.1,3,0,2,4,1,1,3,0,0,3,3,SR-507,CENTER ST,-122.6888056,46.888375,0,1,13,80,5,30,34,0,0,1,5,8,1,1,2,1,11,1,1,53,0,12,481,2013,0,,8,,,,,,1,1,53,1,0.0,,0,0,3,0,11,0,,,,,0.0,0.0,3.0,3.0,1,38,,,,96,,,,,,98,,,,,,98597,53,70.0,200.0,6.0,1.0,0.0,0.0,0.0,0.0,,46,,,,,,0,,,20,0,0,0,8.0,9,8,,,0,,,8,8,8.0,95.0,,,96.0,,,8,95,995.0,,,,,,,,,,,,,,,,,,,,,,,,,,,,,,0,0,0,1,0,0,0,0,0,0,0,0,0,0,0,0,0,0,1,0,0,0,0,0,0,0,0,0,0,1,0,1,0,0,0,,0,0,0,0,0,0,0,0,0,0,1,0,0,0,0,0,,,,,,51-55,46-55,State route,R,Monday,Belt Used,PV,Not Fatal,1,0,0,0,State Route,County Sheriff,Thurston County Sheriff's Office,0,1,0,0,0,,,,,,0.0,0.0,0.0,,,,,,,,,,,98.0,98.0,98.0,0.0,,,,,20.0,7.0,,,,,,,,1.0,0.0,,,,,,,98576,Yelm,Rainier
3102,3171,3171,2020,565,EA86753,290.0,2020-12-05,12:15,5,12,,53,Pierce,2230,1,,1,1,2,1,0,1,3,,,,30,0,0,0.0,1,0,1,3,2,4,6,0,0,0,0,S TACOMA WAY,,-122.4837722,47.20905,0,1,1,13,2,25,34,0,0,1,5,14,1,1,2,2,1,1,1,53,0,20,481,2001,0,,63,30.0,14.0,14.0,30.0,,1,1,73,1,7.0,,4,0,3,0,11,5,12/25/2020,11:41,223053061896.0,61896.0,0.0,0.0,3.0,2.0,1,0,,,,96,,,,,,98,,,,,,98499,53,72.0,164.0,1.0,1.0,0.0,1.0,0.0,0.0,,0,,,,,,0,06/15/2017,02/15/2019,1,0,0,0,0.0,9,8,,,0,,,8,8,8.0,95.0,,,96.0,,,8,95,995.0,,,,,,,,,,,,,,,,,,,,,,,,,,,,,,0,0,1,0,0,0,0,0,0,0,0,0,0,1,0,0,0,0,0,0,0,0,0,0,0,1,1,0,0,1,0,0,0,0,0,,1,0,0,0,0,0,0,0,0,0,0,1,0,0,0,0,,,,,,71-75,66-75,City street,U,Saturday,Belt Used,PV,White,0,1,0,0,City Street,Municipal/City Police,Tacoma Police Department,1,0,0,1,0,,,,,,0.0,0.0,1.0,,,,,,,,,,,98.0,98.0,98.0,1.0,,,,,20.0,7.0,,,,,,,,1.0,14.0,,,,,,,98409,Lakewood,Tacoma
3103,3172,3172,2020,566,EA87870,248.0,2020-12-09,5:10,9,12,,33,King,1830,1,,3,2,2,1,0,3,2,5:33,5:40,6:11,12,0,2,0.0,1,0,1,4,2,4,6,0,0,0,0,MONSTER RD SW,,-122.2463583,47.474686111,0,1,50,9,1,35,20,0,0,1,2,12,3,2,1,2,14,2,2,53,0,49,442,2013,0,,64,65.0,12.0,,,,1,1,20,1,1.0,,4,0,3,0,11,5,12/22/2020,20:39,196053060631.0,60631.0,0.0,0.0,0.0,3.0,1,28,,,,92,,,,,,98,,,,,,98178,53,68.0,167.0,6.0,1.0,0.0,0.0,0.0,0.0,,97,,,,,,0,,,1,0,0,0,0.0,9,8,,,0,,,8,8,0.0,0.0,,,0.0,,,0,0,996.0,,,,,,,,,,,,,,,,,,,,,,,,,,,,,,0,0,0,0,0,0,0,0,0,0,0,0,0,0,0,0,1,0,0,0,0,1,1,0,1,0,0,0,0,1,0,0,0,0,0,,1,0,0,0,0,0,0,0,1,0,0,0,0,0,0,0,,,,,,18-20,16-25,City street,U,Wednesday,Belt Used,PV,Hispanic,0,1,1,0,City Street,Municipal/City Police,Renton Police Department,0,0,0,1,0,,,,,,0.0,0.0,0.0,,,,,,,,,,,98.0,98.0,98.0,268.0,298.0,,,,20.0,7.0,,,,,,,,1.0,0.0,,,,,,,98057,Seattle,Renton
3104,3173,3173,2020,566,EA87870,248.0,2020-12-09,5:10,9,12,,33,King,1830,1,,3,2,2,1,0,3,2,5:33,5:40,6:11,12,0,2,0.0,1,0,1,4,2,4,6,0,0,0,0,MONSTER RD SW,,-122.2463583,47.474686111,0,2,51,62,4,35,20,0,0,1,2,12,2,2,1,2,14,1,3,53,0,20,441,2000,0,,12,,,,,,1,1,56,1,0.0,,3,0,3,0,11,5,,,,,0.0,0.0,0.0,3.0,1,0,,,,96,,,,,,98,,,,,,98030,53,64.0,140.0,6.0,1.0,0.0,0.0,0.0,2.0,,0,,,,,,0,09/15/2017,02/15/2020,20,0,0,1,8.0,9,8,,,0,,,8,8,0.0,0.0,,,0.0,,,0,0,996.0,,,,,,,,,,,,,,,,,,,,,,,,,,,,,,0,0,0,0,0,0,0,0,0,0,0,0,0,0,0,0,1,0,0,0,0,1,1,0,1,0,0,0,0,1,0,0,0,0,0,,0,0,0,0,0,0,0,0,0,0,0,0,0,0,0,0,,,,,,56-60,56-65,City street,U,Wednesday,Belt Used,PV,Not Fatal,0,1,1,0,City Street,Municipal/City Police,Renton Police Department,0,0,0,1,0,,,,,,0.0,0.0,0.0,,,,,,,,,,,98.0,98.0,98.0,0.0,,,,,20.0,7.0,,,,,,,,1.0,0.0,,,,,,,98057,Kent,Renton
3105,3174,3174,2020,567,EA87982,22.0,2020-12-01,15:29,1,12,,27,Grays Harbor,0,1,,5,1,2,1,0,2,2,15:29,15:33,16:17,12,0,6,9999.8,2,0,3,5,1,2,4,0,0,0,0,CR-MONTE ELMA RD,ROUP RD,-123.5646833,46.984202778,0,1,68,15,2,45,6,0,0,1,2,12,1,1,2,1,11,1,1,53,0,12,17,1997,0,,12,,,,,,1,1,88,2,0.0,,1,0,3,0,11,0,,,,,0.0,0.0,3.0,3.0,1,38,48.0,,,96,,,,,,98,,,,,,98563,53,66.0,205.0,6.0,1.0,0.0,0.0,0.0,0.0,,46,,,,,,0,,,1,0,0,0,8.0,9,8,,,0,,,8,8,0.0,0.0,,,0.0,,,0,0,996.0,,,,,,,,,,,,,,,,,,,,,,,,,,,,,,0,0,0,1,0,0,0,0,0,0,0,0,0,0,0,0,0,0,1,0,0,0,0,0,0,1,1,1,0,1,0,0,0,0,0,,0,0,0,0,0,0,0,0,0,0,1,0,0,0,0,0,,,,,,81+,76+,County road,R,Tuesday,Belt Used,PV,Not Fatal,1,0,0,0,County Road,County Sheriff,Grays Harbor County Sheriff's Offic,0,0,1,0,0,,,,,,0.0,0.0,0.0,,,,,,,,,,,0.0,0.0,0.0,0.0,,,,,20.0,7.0,,,,,,,,1.0,0.0,,,MONTE ELMA RD,2.733,ROUP RD,0.0,98563,Montesano,Montesano
3106,3175,3175,2020,567,EA87982,22.0,2020-12-01,15:29,1,12,,27,Grays Harbor,0,1,,5,1,2,1,0,2,2,15:29,15:33,16:17,12,0,6,9999.8,2,0,3,5,1,2,4,0,0,0,0,CR-MONTE ELMA RD,ROUP RD,-123.5646833,46.984202778,0,2,69,62,4,45,2,0,0,1,2,12,1,1,2,1,1,1,1,53,0,12,3,1998,0,,12,,,,,,1,1,92,2,7.0,,4,0,3,0,11,5,12/03/2020,12:39,223053058121.0,58121.0,0.0,0.0,3.0,3.0,1,0,,,,96,,,,,,98,,,,,,98563,53,65.0,110.0,6.0,1.0,0.0,0.0,0.0,0.0,,0,,,,,,0,,,1,0,0,0,0.0,9,8,,,0,,,8,8,0.0,0.0,,,0.0,,,0,0,996.0,,,,,,,,,,,,,,,,,,,,,,,,,,,,,,0,0,0,1,0,0,0,0,0,0,0,0,0,0,0,0,0,0,1,0,0,0,0,0,0,1,1,1,0,1,0,0,0,0,0,,1,0,0,0,0,0,0,0,0,0,0,0,0,0,0,0,,,,,,81+,76+,County road,R,Tuesday,Belt Used,PV,White,1,0,0,0,County Road,County Sheriff,Grays Harbor County Sheriff's Offic,0,0,1,0,0,,,,,,0.0,0.0,0.0,,,,,,,,,,,0.0,0.0,0.0,1.0,,,,,20.0,7.0,,,,,,,,1.0,0.0,,,MONTE ELMA RD,2.733,ROUP RD,0.0,98563,Montesano,Montesano
3107,3176,3176,2020,568,EA88391,330.0,2020-12-04,11:29,4,12,,77,Yakima,2590,1,,1,1,2,1,0,3,2,11:37,11:38,12:02,12,0,6,0.0,2,0,2,4,2,4,6,0,0,20,3,W YAKIMA AVE,N 11th Ave,-120.5243,46.598022222,0,1,87,17,2,25,4,0,0,1,2,12,1,1,2,1,1,2,1,53,0,13,13,2014,0,,12,68.0,64.0,33.0,59.0,,1,1,86,1,0.0,,1,0,3,0,11,5,,,,,0.0,0.0,0.0,3.0,1,38,39.0,,,96,,,,,,98,,,,,,98908,53,71.0,216.0,6.0,1.0,0.0,0.0,0.0,0.0,,37,,,,,,0,,,8,0,0,0,8.0,9,8,,,0,,,8,8,0.0,0.0,,,0.0,,,0,0,996.0,,,,,,,,,,,,,,,,,,,,,,,,,,,,,,0,0,0,1,0,0,0,0,0,0,0,0,0,0,0,0,0,0,1,0,0,0,0,0,0,1,1,1,0,1,0,0,0,0,0,,0,0,0,0,0,0,0,0,0,0,1,0,0,0,0,0,,,,,,81+,76+,City street,U,Friday,Belt Used,PV,Not Fatal,1,0,0,0,City Street,Municipal/City Police,Yakima Police Department,0,0,0,1,0,,,,,,0.0,0.0,0.0,,,,,,,,,,,98.0,98.0,98.0,0.0,,,,,20.0,7.0,,,,,,,,1.0,0.0,,,,,,,98902,Yakima,Yakima
3108,3177,3177,2020,568,EA88391,330.0,2020-12-04,11:29,4,12,,77,Yakima,2590,1,,1,1,2,1,0,3,2,11:37,11:38,12:02,12,0,6,0.0,2,0,2,4,2,4,6,0,0,0,0,W YAKIMA AVE,N 11th Ave,-120.5243,46.598022222,0,2,86,66,4,30,15,0,0,1,2,12,1,1,4,1,1,1,1,53,0,48,421,2019,0,,12,,,,,,1,1,46,2,0.0,,1,0,3,0,11,5,,,,,0.0,0.0,0.0,3.0,1,10,,,,0,,,,,,98,,,,,,98902,53,61.0,130.0,6.0,1.0,0.0,0.0,0.0,0.0,,0,,,,,,0,,,1,0,0,0,8.0,9,8,,,0,,,8,8,0.0,0.0,,,0.0,,,0,0,996.0,,,,,,,,,,,,,,,,,,,,,,,,,,,,,,0,0,0,1,0,0,0,0,0,0,0,0,0,0,0,0,0,0,1,0,0,0,0,0,0,1,1,1,0,1,0,0,0,0,0,,0,0,0,0,0,0,0,0,0,0,0,0,0,0,0,0,,,,,,46-50,46-55,City street,U,Friday,Belt Used,PV,Not Fatal,1,0,0,0,City Street,Municipal/City Police,Yakima Police Department,0,0,0,1,0,,,,,,0.0,0.0,0.0,,,,,,,,,,,98.0,98.0,98.0,0.0,,,,,20.0,7.0,,,,,,,,1.0,0.0,,,,,,,98902,Yakima,Yakima
3109,3178,3178,2020,569,EA72522,6.0,2020-10-02,16:03,2,10,,17,Douglas,0,1,,1,1,2,1,0,6,2,,,,12,0,1,198.3,8,0,1,3,1,1,2,0,0,0,0,US-97,,-120.2281083,47.625761111,0,1,20,50,3,45,80,0,0,1,5,12,1,1,2,1,1,2,1,53,0,37,704,1985,0,,12,,,,,,1,1,72,1,0.0,,3,0,20,7,11,8,,,,,0.0,0.0,3.0,3.0,1,26,,,,96,,,,,,98,,,,,,98815,53,64.0,145.0,6.0,1.0,0.0,0.0,0.0,0.0,,0,,,,,,0,,,20,8,0,0,8.0,9,8,,,0,,,8,8,0.0,0.0,,,0.0,,,0,0,996.0,,,,,,,,,,,,,,,,,,,,,,,,,,,,,,0,0,0,0,0,0,0,0,0,0,0,0,0,0,0,0,0,0,0,0,0,0,0,0,0,1,1,0,1,1,0,0,0,0,0,1.0,0,0,0,0,0,0,0,0,0,0,0,0,0,0,0,0,,,,,,71-75,66-75,US highway,R,Friday,,MC,Not Fatal,0,0,0,0,State Route,State Patrol,Washington State Patrol,0,1,0,0,0,,,,,,0.0,0.0,0.0,,,,,,,,,,,0.0,0.0,0.0,0.0,,,,,16.0,0.0,,,,,,,,0.0,0.0,,,,,,,98843,Cashmere,Orondo
3110,3179,3179,2020,569,EA72522,6.0,2020-10-02,16:03,2,10,,17,Douglas,0,1,,1,1,2,1,0,6,2,,,,12,0,1,198.3,8,0,1,3,1,1,2,0,0,0,0,US-97,,-120.2281083,47.625761111,0,2,21,53,3,45,4,0,0,1,5,12,1,1,2,1,5,4,1,53,0,20,22,2005,0,,12,,,,,,1,1,30,1,0.0,,0,0,3,0,11,0,,,,,0.0,0.0,0.0,3.0,1,0,,,,96,,,,,,98,,,,,,98855,53,72.0,143.0,6.0,1.0,0.0,0.0,0.0,0.0,,0,,,,,,0,,,20,0,0,0,8.0,9,8,,,0,,,8,8,0.0,0.0,,,0.0,,,0,0,996.0,,,,,,,,,,,,,,,,,,,,,,,,,,,,,,0,0,0,0,0,0,0,0,0,0,0,0,0,0,0,0,0,0,0,0,0,0,0,0,0,1,1,0,1,1,0,0,0,0,0,,0,0,0,0,0,0,0,0,0,0,0,0,0,0,0,0,,,,,,26-30,26-35,US highway,R,Friday,Belt Used,PV,Not Fatal,0,0,0,0,State Route,State Patrol,Washington State Patrol,0,1,0,0,0,,,,,,0.0,0.0,0.0,,,,,,,,,,,98.0,98.0,98.0,0.0,,,,,20.0,7.0,,,,,,,,0.0,0.0,,,,,,,98843,Tonasket,Orondo