,index,Unnamed: 0,year,case,par,repjur,crash_dt,crash_tm,accday,accmon,holiday,county,co_char,city,weather,weather2,lightcond,surfcond,surftype,numfatal,nmforms,pforms,vforms,not_tm,arr_tm,hosp_tm,fhevent,hitrun,manncol,milepnt,reljunc,reljuncinter,intersectiontype,funcsystem,landuse,ownership,route,schlbus,spejur,contdev,devfunc,trafid1,trafid2,lon,lat,wk_zone,vnumber,crashtype,criticalevent,criticaleventcat,spdlim,body,trailer,emerg,hazcargo,leave,mhevent,roadalgn,roadprof,traflane,trafflow,vehmanvr,numoccs,regowner,regstate,spuse,make,model,modelyr,vrf1,vrf2,seqevent1,seqevent2,seqevent3,seqevent4,seqevent5,seqevent6,pnumber,ptype,age,sex,hispanic,race,injury,diedscene,restraint,restraintmisuse,seatpos,takehosp,death_dt,death_tm,cert,cernum_wa,commlic,licendor,licrestrict,liccomp,drivpres,drf1,drf2,drf3,drf4,distract1,distract2,distract3,distract4,distract5,distract6,dricond1,dricond2,dricond3,dricond4,dricond5,dricond6,dzip,licstate,drhgt_in,weight,noncdl,noncdltype,prevdwi,prevoth,prevacc,prevspd,prevsus,driviol1,driviol2,driviol3,driviol4,driviol5,driviol6,spdrel,first_dt,last_dt,airbag,ejection,ejectpath,extricat,injurwrk,methalc,methdrug,nmlocat,strikveh,prf1,prf2,prf3,druginv,alcinvol,drugsts,drugres1,drugres2,drugres3,drugtst1,drugtst2,drugtst3,alcsts,alctst,alcres,nmact1,nmact2,nmact3,nmact4,nmact5,nmact6,nmprior1,nmprior2,nmprior3,nmprior4,nmprior5,nmprior6,nmcond1,nmcond2,nmcond3,nmcond4,nmcond5,nmcond6,nmsafe_helmet,nmsafe_pads,nmsafe_oth,nmprev_ref,nmprev_lgt,nmprev_oth,crashlocation,nmcrashtype,crosswalk,schoolzone,sidewalk,train_inv,wildlife_inv,rotr_fars,intersect_fars,dd_inv,aid_inv,dpd_inv,id_inv,mj_inv,impnm_inv,ainm_inv,dpnm_inv,speed_inv,unlic_inv,unendmc_inv,drowsy_inv,drdist_inv,nmdist_inv,fty_inv,unrestfat_inv,dr1617_inv,dr1820_inv,dr1620_inv,dr2125_inv,dr1625_inv,dr65_inv,dr70_inv,dr75_inv,mc_inv,pv_inv,ht_inv,ped_inv,bike_inv,unrest_fat,mc_fat,unhelmet_mc,pv_fat,ht_fat,ped_fat,bike_fat,dr_alc7,dr_alc8,dr_drug,dr_imp,dr_dist,dr_spd,dr_fty,dr_unlic,dr_alc7only,dr_alc8only,dr_drugonly,dr_drink,nm_imp,nm_alc7,nm_alc8,nm_drug,nm_dist,agegrp1,agegrp2,roadclass,urbrur,dayweek,restuse,vehtype,race_me,intersect,lanedep,oppdir,wrongway,rep_typ,investag,repag_long,rotr,st_rd,cty_rd,city_rd,oth_rd,drug_thc,thc_res,drug_cthc,cthc_res,drug_cann,prevpersemin,prevperse,prevsusoth,drugtst4,drugtst5,drugtst6,drugtst7,drugtst8,drugres4,drugres5,drugres6,drugres7,drugres8,adspresent,adsengaged,adslevel,race1,race2,race3,race4,race5,helmet,helmetmisuse,nmdistract1,nmdistract2,nmdistract3,nmdistract4,nmdistract5,nmdistract6,lab,isedtcase,crf1,crf2,crf3,CoRoadName,CoMP,IntCoRoadName,IntCoMP,crashzip,dcity,crashcity
3111,3180,3180,2020,570,3874481,67.0,2020-08-24,0:38,24,8,,35,Kitsap,180,1,,2,1,2,1,0,1,1,0:42,0:50,,21,0,0,0.0,1,0,1,5,2,4,6,0,0,0,0,W BELFAIR VALLEY RD,,-122.7560083,47.524655556,0,1,6,12,2,98,80,0,0,1,2,21,2,1,2,1,14,1,1,53,0,73,706,2009,0,,68,64.0,21.0,,,,1,1,28,1,7.0,,4,7,20,7,11,0,08/24/2020,0:38,18053038974.0,38974.0,0.0,0.0,0.0,3.0,1,0,,,,96,,,,,,98,,,,,,98110,53,72.0,220.0,6.0,1.0,0.0,0.0,0.0,0.0,,0,,,,,,4,,,20,8,0,0,0.0,9,8,,,0,,,8,8,8.0,95.0,,,96.0,,,8,95,995.0,,,,,,,,,,,,,,,,,,,,,,,,,,,,,,0,0,1,0,0,0,0,0,0,0,0,0,1,0,0,0,0,0,0,0,0,0,0,0,0,0,0,0,1,0,0,0,0,0,1,0.0,0,0,0,0,0,0,0,0,0,1,0,0,0,0,0,0,,,,,,26-30,26-35,City street,U,Monday,,MC,White,0,1,0,0,City Street,Municipal/City Police,Bremerton Police Department,1,0,0,1,0,,,,,,0.0,0.0,0.0,,,,,,,,,,,0.0,0.0,0.0,1.0,,,,,5.0,0.0,,,,,,,,0.0,18.0,,,,,,,98312,Bainbridge Island,Bremerton
3112,3182,3182,2020,572,EA81348,278.0,2020-11-14,19:30,14,11,,63,Spokane,2113,2,,3,2,2,1,1,1,1,,,,8,0,0,0.0,3,0,2,3,2,4,6,0,0,0,0,W SUNSET BLVD,S CANNON ST,-117.4422056,47.651836111,0,1,13,80,5,30,34,0,0,1,5,8,1,1,5,5,1,1,1,53,0,23,481,2007,0,,8,,,,,,1,1,24,1,0.0,,0,0,3,0,11,0,,,,,0.0,0.0,0.0,0.0,1,0,,,,96,,,,,,9,,,,,,99208,53,72.0,220.0,0.0,0.0,0.0,0.0,1.0,0.0,,12,,,,,,0,11/15/2017,11/15/2020,20,0,0,0,8.0,9,2,,,0,,,1,8,8.0,95.0,,,96.0,,,8,95,995.0,,,,,,,,,,,,,,,,,,,,,,,,,,,,,,0,0,0,1,0,0,0,0,0,1,1,0,0,1,0,0,0,0,0,0,0,0,0,1,1,0,0,0,0,1,0,1,0,0,0,,0,0,0,0,0,0,0,0,0,0,0,1,0,0,0,0,,,,,,21-25,16-25,City street,U,Saturday,Belt Used,PV,Not Fatal,0,0,0,0,City Street,Municipal/City Police,Spokane Police Department,0,0,0,1,0,,,,,,0.0,0.0,1.0,,,,,,,,,,,98.0,98.0,98.0,0.0,,,,,20.0,7.0,,,,,,,,0.0,0.0,,,,,,,99201,Spokane,Spokane
3113,3185,3185,2020,575,TECH J5,8.0,2020-10-09,12:03,9,10,,9,Clallam,760,98,,1,0,0,1,0,2,2,,,,12,0,6,191.5,2,0,3,3,1,1,2,0,0,0,0,US-101,JOHNSON RD,-124.3876361,47.956980556,0,1,82,15,2,0,98,0,0,1,8,12,0,0,0,0,11,1,9,99,0,97,997,9998,0,,12,,,,,,1,1,70,2,7.0,,4,0,98,7,11,5,10/17/2020,17:03,196053048471.0,48471.0,0.0,0.0,3.0,3.0,1,38,,,,96,,,,,,98,,,,,,98305,53,61.0,146.0,6.0,1.0,0.0,0.0,2.0,1.0,,0,,,,,,0,11/15/2018,04/15/2019,98,0,0,0,0.0,9,8,,,0,,,8,8,8.0,95.0,,,96.0,,,8,95,995.0,,,,,,,,,,,,,,,,,,,,,,,,,,,,,,0,0,0,1,0,0,0,0,0,0,0,0,0,0,0,0,0,0,1,0,0,0,0,0,0,1,1,0,0,0,1,0,0,0,0,,0,0,0,0,0,0,0,0,0,0,1,0,0,0,0,0,,,,,,66-70,66-75,US highway,R,Friday,,NR-U,White,0,0,0,0,State Route,,,0,1,0,0,0,,,,,,0.0,0.0,0.0,,,,,,,,,,,98.0,98.0,98.0,1.0,,,,,20.0,7.0,,,,,,,,0.0,0.0,,,,,,,98331,Beaver,Forks
3114,3186,3186,2020,575,TECH J5,8.0,2020-10-09,12:03,9,10,,9,Clallam,760,98,,1,98,2,1,0,2,2,,,,12,0,6,191.5,2,0,3,3,1,1,2,0,0,0,0,US-101,JOHNSON RD,-124.3876361,47.956980556,0,2,83,67,4,98,66,0,0,1,5,12,3,8,2,1,14,1,3,53,0,85,881,1998,0,,12,,,,,,1,1,58,1,0.0,,0,0,98,7,11,0,,,,,8.0,2.0,0.0,2.0,1,24,,,,96,,,,,,98,,,,,,98331,53,75.0,245.0,6.0,1.0,0.0,0.0,0.0,0.0,,73,82.0,,,,,0,,,98,0,0,0,8.0,9,8,,,0,,,8,8,8.0,95.0,,,96.0,,,8,95,995.0,,,,,,,,,,,,,,,,,,,,,,,,,,,,,,0,0,0,1,0,0,0,0,0,0,0,0,0,0,0,0,0,0,1,0,0,0,0,0,0,1,1,0,0,0,1,0,0,0,0,,0,0,0,0,0,0,0,0,0,0,0,0,0,0,0,0,,,,,,56-60,56-65,US highway,R,Friday,,MHTRUCK,Not Fatal,0,0,0,0,State Route,,,0,1,0,0,0,,,,,,0.0,0.0,0.0,,,,,,,,,,,0.0,0.0,0.0,0.0,,,,,20.0,7.0,,,,,,,,0.0,0.0,,,,,,,98331,Forks,Forks
3115,3187,3187,2021,1,EA94835,16.0,2021-01-01,1:53,1,1,,15,Cowlitz,0,2,,2,2,2,1,0,1,1,,,,17,0,0,2.3,1,0,1,5,1,2,4,0,0,0,0,CR-HEADQUARTERS RD,,-122.8562306,46.245555556,0,1,98,9,1,35,83,0,0,1,5,17,2,2,2,1,14,1,0,53,0,98,709,9999,0,,64,17.0,35.0,1.0,,,1,1,37,1,7.0,,4,7,20,7,11,0,01/01/2021,2:00,53000038.0,38.0,0.0,0.0,0.0,3.0,1,6,,,,96,,,,,,9,,,,,,98611,53,65.0,195.0,6.0,1.0,0.0,0.0,1.0,1.0,,0,,,,,,0,09/15/2016,04/15/2016,20,8,0,0,0.0,9,8,,,0,,,8,1,2.0,1.0,,,1.0,,,2,1,0.176,,,,,,,,,,,,,,,,,,,,,,,,,,,,,,0,0,0,0,1,1,0,1,0,0,0,0,0,0,0,0,0,0,0,0,0,0,0,0,0,0,0,0,1,0,0,0,0,0,1,1.0,0,0,0,0,0,1,0,1,0,0,0,0,0,1,0,1,,,,,,36-40,36-45,County road,R,Friday,,MC,White,0,1,0,0,County Road,County Sheriff,Cowlitz County Sheriff's Office,1,0,1,0,0,,,,,,0.0,0.0,0.0,,,,,,,,,,,0.0,0.0,0.0,1.0,,,,,17.0,,,,,,,,,1.0,0.0,,,HEADQUARTERS RD,2.25,,,98611,Castle Rock,Castle Rock
3116,3188,3188,2021,2,EA95013,4.0,2021-01-01,22:07,1,1,,51,Pend Oreille,0,98,,2,2,2,1,1,1,1,,,,8,1,0,418.8,1,0,1,4,1,1,3,0,0,0,0,SR-20,,-117.3003917,48.329805556,0,1,13,80,5,55,34,0,0,1,5,8,1,1,2,1,1,99,9,99,0,12,471,1994,0,,8,,,,,,1,1,999,9,0.0,,9,0,99,7,11,0,,,,,0.0,0.0,0.0,3.0,1,0,,,,96,,,,,,98,,,,,,99205,53,68.0,180.0,6.0,1.0,0.0,1.0,0.0,0.0,,7,,,,,,0,01/15/2019,01/15/2019,99,0,0,0,8.0,9,8,,,0,,,8,8,0.0,0.0,,,0.0,,,0,0,996.0,,,,,,,,,,,,,,,,,,,,,,,,,,,,,,0,0,0,0,0,0,0,0,0,0,0,0,0,0,0,0,0,0,0,0,0,0,0,0,0,0,0,0,0,1,0,1,0,0,0,,0,0,0,0,0,0,0,0,0,0,0,0,0,0,0,0,,,,,,,,State route,R,Friday,Unknown,PV,Not Fatal,0,0,0,0,State Route,State Patrol,Washington State Patrol,0,1,0,0,0,,,,,,0.0,0.0,0.0,,,,,,,,,,,0.0,0.0,0.0,0.0,,,,,20.0,,,,,,,,,1.0,0.0,,,,,,,99119,Spokane,Cusick
3117,3189,3189,2021,3,EA95083,2.0,2021-01-02,10:50,2,1,,29,Island,0,2,,1,2,2,1,0,3,1,,,,30,0,0,,1,0,1,5,1,2,4,0,0,0,0,CR-SE CAMANO DR,,-122.4607556,48.147261111,0,1,2,6,1,40,4,0,0,1,2,30,2,1,2,1,14,3,2,53,0,49,40,2004,0,,63,30.0,,,,,1,1,20,1,7.0,,4,7,3,0,11,0,01/02/2021,10:50,53000212.0,212.0,0.0,0.0,0.0,0.0,1,0,,,,96,,,,,,9,,,,,,98282,53,66.0,136.0,0.0,0.0,0.0,0.0,0.0,0.0,,0,,,,,,3,,,1,0,0,0,0.0,9,8,,,0,,,1,9,2.0,695.0,605.0,,1.0,1.0,,2,1,0.0,,,,,,,,,,,,,,,,,,,,,,,,,,,,,,0,0,0,0,0,0,1,1,1,0,0,0,1,1,0,0,0,0,0,0,0,1,1,0,1,0,0,0,0,1,0,0,0,0,0,,1,0,0,0,0,0,1,1,0,1,0,1,0,0,1,0,,,,,,18-20,16-25,County road,R,Saturday,Belt Used,PV,White,0,1,0,0,County Road,State Patrol,Washington State Patrol,1,0,1,0,0,thc,18.0,carboxy-thc,54.0,,0.0,0.0,0.0,,,,,,,,,,,98.0,98.0,98.0,1.0,,,,,20.0,,,,,,,,nms,1.0,0.0,,,EAST CAMANO DR,9.03,HARTMAN PL,0.0,98282,Camano Island,Camano Island
3118,3190,3190,2021,4,EA95193,16.0,2021-01-01,5:00,1,1,,15,Cowlitz,1190,10,,3,99,2,1,0,2,1,,,,58,0,0,2.8,3,0,3,3,2,1,3,0,0,20,3,SR-432,MT SOLO RD,-123.0035972,46.147208333,0,1,1,13,2,35,4,0,0,1,2,3,1,3,2,1,1,2,2,53,0,58,37,2007,0,,63,58.0,67.0,3.0,1.0,,1,1,19,1,7.0,,4,7,3,0,11,0,01/01/2021,5:00,119053000464.0,464.0,0.0,0.0,2.0,3.0,1,73,,,,96,,,,,,99,,,,,,98661,53,75.0,157.0,6.0,7.0,0.0,0.0,0.0,0.0,,0,,,,,,4,,,8,0,0,0,0.0,9,8,,,0,,,9,9,2.0,695.0,605.0,,1.0,1.0,,2,1,0.178,,,,,,,,,,,,,,,,,,,,,,,,,,,,,,0,0,1,1,1,1,1,1,1,0,0,0,1,0,0,0,0,0,0,0,0,1,1,0,1,0,0,0,0,1,0,0,0,0,0,,1,0,0,0,0,1,1,1,0,1,0,0,0,0,0,1,,,,,,18-20,16-25,State route,U,Friday,Belt Used,PV,API,0,1,0,0,State Route,County Sheriff,Cowlitz County Sheriff's Office,1,1,0,0,0,thc,4.2,carboxy-thc,13.0,,0.0,0.0,0.0,,,,,,,,,,,98.0,98.0,98.0,68.0,,,,,20.0,,,,,,,,nms,1.0,0.0,,,,,,,98632,Vancouver,Longview
3119,3191,3191,2021,5,EA96301,4.0,2021-01-05,14:25,5,1,,75,Whitman,0,1,,1,1,2,1,0,4,2,,,,12,0,2,17.8,1,0,1,3,1,1,2,0,0,0,0,US-195,,-117.1956611,46.673891667,0,1,50,10,2,60,34,0,0,1,2,12,1,1,2,1,1,1,9,16,0,20,481,2018,0,,68,12.0,,,,,1,1,88,1,7.0,,4,7,3,0,11,0,01/05/2021,14:25,53000476.0,476.0,0.0,0.0,1.0,3.0,1,28,,,,96,,,,,,98,,,,,,83832,16,69.0,170.0,6.0,1.0,0.0,0.0,0.0,0.0,,0,,,,,,0,,,8,0,0,0,0.0,9,8,,,0,,,8,8,2.0,996.0,,,1.0,,,2,1,0.0,,,,,,,,,,,,,,,,,,,,,,,,,,,,,,0,0,0,0,0,0,1,1,0,0,0,0,0,0,0,0,0,0,0,0,0,1,1,0,1,1,1,1,0,1,0,0,0,0,0,,1,0,0,0,0,0,1,1,0,0,0,0,0,0,1,0,,,,,,81+,76+,US highway,R,Tuesday,Belt Used,PV,White,0,1,1,0,State Route,State Patrol,Washington State Patrol,0,1,0,0,0,,,,,,0.0,0.0,0.0,,,,,,,,,,,98.0,98.0,98.0,1.0,,,,,20.0,,,,,,,,,1.0,0.0,,,,,,,99163,Genesee,Pullman
3120,3192,3192,2021,5,EA96301,4.0,2021-01-05,14:25,5,1,,75,Whitman,0,1,,1,1,2,1,0,4,2,,,,12,0,2,17.8,1,0,1,3,1,1,2,0,0,0,0,US-195,,-117.1956611,46.673891667,0,2,51,62,4,60,16,0,0,1,2,12,1,1,2,1,1,3,2,16,0,12,423,2001,0,,12,,,,,,1,1,18,2,0.0,,1,0,3,0,11,0,,,,,0.0,0.0,0.0,3.0,1,0,,,,96,,,,,,98,,,,,,83536,16,68.0,160.0,6.0,1.0,0.0,0.0,0.0,0.0,,0,,,,,,0,,,20,0,0,0,8.0,3,2,,,0,,,0,0,0.0,0.0,,,0.0,,,0,0,996.0,,,,,,,,,,,,,,,,,,,,,,,,,,,,,,0,0,0,0,0,0,1,1,0,0,0,0,0,0,0,0,0,0,0,0,0,1,1,0,1,1,1,1,0,1,0,0,0,0,0,,0,0,0,0,0,0,0,0,0,0,0,0,0,0,0,0,,,,,,18-20,16-25,US highway,R,Tuesday,Belt Used,PV,Not Fatal,0,1,1,0,State Route,State Patrol,Washington State Patrol,0,1,0,0,0,,,,,,0.0,0.0,0.0,,,,,,,,,,,98.0,98.0,98.0,0.0,,,,,20.0,,,,,,,,,1.0,0.0,,,,,,,99163,Kamiah,Pullman
3121,3193,3193,2021,6,EA96367,4.0,2021-01-06,10:15,6,1,,63,Spokane,2110,2,,1,2,1,1,0,3,3,,,,12,0,6,291.8,2,0,2,2,1,1,2,0,0,21,3,US-2,COLBERT RD,-117.3475306,47.824402778,0,1,68,15,2,60,34,0,0,1,2,12,1,1,3,2,11,1,1,53,0,7,482,2001,0,,12,12.0,,,,,1,1,49,1,0.0,,0,0,3,0,11,0,,,,,0.0,0.0,0.0,3.0,1,38,,,,92,,,,,,98,,,,,,99025,53,67.0,195.0,6.0,1.0,0.0,1.0,0.0,0.0,,2,,,,,,0,08/15/2016,08/15/2016,20,0,0,0,8.0,9,8,,,0,,,8,8,0.0,0.0,,,0.0,,,0,0,996.0,,,,,,,,,,,,,,,,,,,,,,,,,,,,,,0,0,0,1,0,0,1,1,0,0,0,0,0,0,0,0,1,0,1,0,0,0,0,0,0,1,1,1,0,1,0,0,0,0,0,,0,0,0,0,0,0,0,0,1,0,1,0,0,0,0,0,,,,,,46-50,46-55,US highway,R,Wednesday,Belt Used,PV,Not Fatal,1,0,0,0,State Route,State Patrol,Washington State Patrol,0,1,0,0,0,,,,,,0.0,0.0,0.0,,,,,,,,,,,98.0,98.0,98.0,0.0,,,,,20.0,,,,,,,,,1.0,0.0,,,,,,,99021,Newman Lake,Mead
3122,3194,3194,2021,6,EA96367,4.0,2021-01-06,10:15,6,1,,63,Spokane,2110,2,,1,2,1,1,0,3,3,,,,12,0,6,291.8,2,0,2,2,1,1,2,0,0,0,0,US-2,COLBERT RD,-117.3475306,47.824402778,0,2,69,62,4,60,4,0,0,1,2,12,1,1,3,2,1,1,2,53,0,55,33,2011,0,,12,,,,,,1,1,56,1,0.0,,3,0,3,0,11,0,,,,,0.0,0.0,0.0,3.0,1,0,,,,96,,,,,,98,,,,,,99206,53,73.0,185.0,6.0,1.0,0.0,0.0,0.0,2.0,,0,,,,,,0,10/15/2017,05/15/2018,2,0,0,0,8.0,9,8,,,0,,,8,8,0.0,0.0,,,0.0,,,0,0,996.0,,,,,,,,,,,,,,,,,,,,,,,,,,,,,,0,0,0,1,0,0,1,1,0,0,0,0,0,0,0,0,1,0,1,0,0,0,0,0,0,1,1,1,0,1,0,0,0,0,0,,0,0,0,0,0,0,0,0,0,0,0,0,0,0,0,0,,,,,,56-60,56-65,US highway,R,Wednesday,Belt Used,PV,Not Fatal,1,0,0,0,State Route,State Patrol,Washington State Patrol,0,1,0,0,0,,,,,,0.0,0.0,0.0,,,,,,,,,,,98.0,98.0,98.0,0.0,,,,,20.0,,,,,,,,,1.0,0.0,,,,,,,99021,Spokane,Mead
3123,3195,3195,2021,6,EA96367,4.0,2021-01-06,10:15,6,1,,63,Spokane,2110,2,,1,2,1,1,0,3,3,,,,12,0,6,291.8,2,0,2,2,1,1,2,0,0,20,3,US-2,COLBERT RD,-117.3475306,47.824402778,0,3,98,98,7,98,14,0,0,1,2,12,1,1,2,1,5,1,1,53,0,48,401,2013,0,,12,,,,,,1,1,86,2,7.0,,4,0,3,0,11,0,01/06/2021,12:13,211053001105.0,1105.0,0.0,0.0,3.0,3.0,1,0,,,,96,,,,,,98,,,,,,99021,53,62.0,157.0,6.0,1.0,0.0,0.0,0.0,0.0,,0,,,,,,0,,,2,0,0,0,0.0,9,8,,,0,,,8,8,2.0,996.0,996.0,996.0,1.0,1.0,1.0,2,1,0.0,,,,,,,,,,,,,,,,,,,,,,,,,,,,,,0,0,0,1,0,0,1,1,0,0,0,0,0,0,0,0,1,0,1,0,0,0,0,0,0,1,1,1,0,1,0,0,0,0,0,,1,0,0,0,0,0,1,1,0,0,0,0,0,0,1,0,,,,,,81+,76+,US highway,R,Wednesday,Belt Used,PV,White,1,0,0,0,State Route,State Patrol,Washington State Patrol,0,1,0,0,0,,,,,,0.0,0.0,0.0,,,,,,,,,,,98.0,98.0,98.0,1.0,,,,,20.0,,,,,,,,,1.0,0.0,,,,,,,99021,Mead,Mead
3124,3196,3196,2021,7,EA97117,278.0,2021-01-10,16:45,10,1,,63,Spokane,2110,10,,5,1,2,1,1,1,1,,,,8,0,0,0.0,1,0,1,7,2,4,6,0,0,0,0,N CINCINNATI ST,,-117.3978556,47.702777778,0,1,13,80,5,25,34,0,0,1,5,8,1,1,2,1,8,1,2,30,0,12,481,1986,0,,8,,,,,,1,1,40,1,0.0,,0,0,99,7,11,0,,,,,0.0,0.0,0.0,3.0,1,0,,,,96,,,,,,9,,,,,,99207,53,74.0,225.0,6.0,1.0,0.0,0.0,0.0,0.0,,97,,,,,,0,,,20,0,0,0,8.0,9,8,,,0,,,0,1,2.0,1.0,,,1.0,,,2,1,0.098,,,,,,,,,,,,,,,,,,,,,,,,,,,,,,0,0,0,0,1,1,0,1,0,1,1,1,0,0,0,0,0,0,0,0,0,0,0,0,0,0,0,0,0,1,0,1,0,0,0,,0,0,0,0,0,1,0,1,0,0,0,0,0,1,0,1,,,,,,36-40,36-45,City street,U,Sunday,Unknown,PV,Not Fatal,0,0,0,0,City Street,Municipal/City Police,Spokane Police Department,0,0,0,1,0,,,,,,0.0,0.0,0.0,,,,,,,,,,,0.0,0.0,0.0,0.0,,,,,20.0,,,,,,,,,1.0,0.0,,,,,,,99207,Spokane,Spokane
3125,3197,3197,2021,8,EA98325,4.0,2021-01-14,18:10,14,1,,63,Spokane,2113,1,,3,1,2,1,1,2,1,,,,8,0,0,87.9,1,0,1,3,2,1,3,0,0,0,0,SR-27,,-117.2397861,47.659897222,0,1,13,80,5,35,4,0,0,1,5,8,1,1,5,5,1,2,1,16,0,20,37,2014,0,,8,,,,,,1,1,22,1,0.0,,0,0,3,0,11,0,,,,,0.0,0.0,1.0,3.0,1,10,,,,0,,,,,,98,,,,,,83815,16,72.0,150.0,6.0,1.0,0.0,1.0,0.0,0.0,,0,,,,,,0,12/15/2016,12/15/2016,20,0,0,0,8.0,9,8,,,0,,,8,8,0.0,0.0,,,0.0,,,0,0,996.0,,,,,,,,,,,,,,,,,,,,,,,,,,,,,,0,0,0,0,0,0,0,0,0,1,0,1,0,0,0,0,0,0,0,0,0,0,0,1,1,0,0,0,0,1,0,1,0,0,0,,0,0,0,0,0,0,0,0,0,0,0,0,0,0,0,0,,,,,,21-25,16-25,State route,U,Thursday,Belt Used,PV,Not Fatal,0,0,0,0,State Route,State Patrol,Washington State Patrol,0,1,0,0,0,,,,,,0.0,0.0,0.0,,,,,,,,,,,98.0,98.0,98.0,0.0,,,,,20.0,,,,,,,,,1.0,0.0,,,,,,,99206,Coeur D Alene,Spokane
3126,3198,3198,2021,9,EA98229,5.0,2021-01-14,11:23,14,1,,15,Cowlitz,0,10,,1,1,2,1,0,3,2,,,,12,0,2,5.0,1,0,1,3,2,1,3,0,0,0,0,SR-432,,-122.9690833,46.126530556,0,1,50,10,2,50,6,0,0,1,5,12,1,1,2,1,1,2,2,53,0,48,38,1993,0,,68,12.0,,,,,1,1,45,1,7.0,,4,0,20,7,11,5,01/14/2021,14:47,119053002392.0,2392.0,0.0,0.0,0.0,0.0,1,28,,,,96,,,,,,99,,,,,,98611,53,66.0,145.0,0.0,0.0,0.0,0.0,0.0,0.0,,0,,,,,,0,,,1,0,0,0,0.0,9,8,,,0,,,9,9,2.0,417.0,,,1.0,,,2,1,0.0,,,,,,,,,,,,,,,,,,,,,,,,,,,,,,0,0,0,0,0,0,1,1,0,0,0,0,0,1,0,0,0,0,0,1,0,0,0,0,0,0,0,0,0,1,0,0,0,1,0,,1,0,0,0,0,0,1,1,0,0,0,1,0,0,1,0,,,,,,41-45,36-45,State route,U,Thursday,Not Used,PV,White,0,1,1,0,State Route,State Patrol,Washington State Patrol,0,1,0,0,0,,,,,,0.0,0.0,0.0,,,,,,,,,,,0.0,0.0,0.0,1.0,,,,,20.0,,,,,,,,,1.0,0.0,,,,,,,98632,Castle Rock,Longview
3127,3199,3199,2021,9,EA98229,5.0,2021-01-14,11:23,14,1,,15,Cowlitz,0,10,,1,1,2,1,0,3,2,,,,12,0,2,5.0,1,0,1,3,2,1,3,0,0,0,0,SR-432,,-122.9690833,46.126530556,0,2,51,62,4,50,5,0,0,1,5,12,1,1,2,1,1,1,9,99,0,20,29,2014,0,,12,,,,,,1,1,52,2,0.0,,2,0,3,0,11,4,,,,,0.0,0.0,3.0,3.0,1,0,,,,96,,,,,,0,,,,,,98626,53,63.0,130.0,6.0,1.0,0.0,0.0,0.0,1.0,,0,,,,,,0,08/15/2016,08/15/2016,8,0,0,0,8.0,9,8,,,0,,,8,0,0.0,0.0,,,0.0,,,0,0,996.0,,,,,,,,,,,,,,,,,,,,,,,,,,,,,,0,0,0,0,0,0,1,1,0,0,0,0,0,1,0,0,0,0,0,1,0,0,0,0,0,0,0,0,0,1,0,0,0,0,0,,0,0,0,0,0,0,0,0,0,0,0,0,0,0,0,0,,,,,,51-55,46-55,State route,U,Thursday,Belt Used,PV,Not Fatal,0,1,1,0,State Route,State Patrol,Washington State Patrol,0,1,0,0,0,,,,,,0.0,0.0,0.0,,,,,,,,,,,98.0,98.0,98.0,0.0,,,,,20.0,,,,,,,,,1.0,0.0,,,,,,,98632,Kelso,Longview
3128,3200,3200,2021,10,EA98278,278.0,2021-01-13,6:56,13,1,,63,Spokane,2110,6,,6,1,2,1,0,1,1,,,,16,0,0,0.0,2,0,2,7,2,4,6,0,0,0,0,S POST ST,W 27th Ave,-117.4234833,47.629941667,0,1,0,98,7,25,14,0,0,1,5,16,1,1,2,1,1,1,1,53,0,37,402,2012,0,,16,,,,,,1,1,42,2,7.0,,4,7,99,7,11,0,01/13/2021,7:00,211053002179.0,2179.0,0.0,0.0,3.0,3.0,1,0,,,,96,,,,,,99,,,,,,99223,53,69.0,155.0,6.0,1.0,0.0,1.0,0.0,0.0,,0,,,,,,0,10/15/2019,10/15/2019,8,0,0,0,0.0,9,8,,,0,,,9,9,2.0,996.0,996.0,996.0,1.0,1.0,1.0,2,1,0.0,,,,,,,,,,,,,,,,,,,,,,,,,,,,,,0,0,0,1,0,0,1,1,0,0,0,0,0,0,0,0,0,0,0,0,0,0,0,0,0,0,0,0,0,1,0,0,0,0,0,,1,0,0,0,0,0,1,1,0,0,0,0,0,0,1,0,,,,,,41-45,36-45,City street,U,Wednesday,Unknown,PV,White,0,0,0,0,City Street,Municipal/City Police,Spokane Police Department,0,0,0,1,0,,,,,,0.0,0.0,0.0,,,,,,,,,,,98.0,98.0,98.0,1.0,,,,,20.0,,,,,,,,,1.0,0.0,,,,,,,99203,Spokane,Spokane
3129,3201,3201,2021,11,EA98449,3.0,2021-01-02,12:29,2,1,,53,Pierce,0,2,,1,2,2,2,0,4,2,,,,12,0,6,5.3,2,0,2,4,1,1,3,0,0,4,3,SR-702,8TH AVE,-122.4423944,46.937316667,0,1,87,17,2,35,4,0,0,1,2,12,1,2,2,1,4,2,2,53,0,41,35,1985,0,,12,,,,,,1,1,30,2,7.0,,4,7,20,7,11,0,01/02/2021,12:29,53001059.0,1059.0,0.0,0.0,0.0,2.0,1,38,,,,96,,,,,,98,,,,,,98375,53,62.0,165.0,1.0,1.0,1.0,1.0,0.0,1.0,,0,,,,,,0,05/15/2018,04/15/2019,20,0,0,0,0.0,9,8,,,0,,,8,8,2.0,695.0,,,1.0,,,2,1,0.0,,,,,,,,,,,,,,,,,,,,,,,,,,,,,,0,0,0,1,0,0,1,1,1,0,0,0,0,1,0,0,0,0,1,1,0,0,0,0,0,0,0,0,0,1,1,0,0,1,0,,1,0,0,0,0,0,1,1,0,0,1,1,0,0,1,0,,,,,,26-30,26-35,State route,R,Saturday,Not Used,PV,Multiracial,1,0,0,0,State Route,State Patrol,Washington State Patrol,0,1,0,0,0,,,,,,0.0,1.0,3.0,,,,,,,,,,,0.0,0.0,0.0,203.0,201.0,,,,20.0,,,,,,,,,1.0,0.0,,,,,,,98580,Puyallup,Roy