,index,Unnamed: 0,year,case,par,repjur,crash_dt,crash_tm,accday,accmon,holiday,county,co_char,city,weather,weather2,lightcond,surfcond,surftype,numfatal,nmforms,pforms,vforms,not_tm,arr_tm,hosp_tm,fhevent,hitrun,manncol,milepnt,reljunc,reljuncinter,intersectiontype,funcsystem,landuse,ownership,route,schlbus,spejur,contdev,devfunc,trafid1,trafid2,lon,lat,wk_zone,vnumber,crashtype,criticalevent,criticaleventcat,spdlim,body,trailer,emerg,hazcargo,leave,mhevent,roadalgn,roadprof,traflane,trafflow,vehmanvr,numoccs,regowner,regstate,spuse,make,model,modelyr,vrf1,vrf2,seqevent1,seqevent2,seqevent3,seqevent4,seqevent5,seqevent6,pnumber,ptype,age,sex,hispanic,race,injury,diedscene,restraint,restraintmisuse,seatpos,takehosp,death_dt,death_tm,cert,cernum_wa,commlic,licendor,licrestrict,liccomp,drivpres,drf1,drf2,drf3,drf4,distract1,distract2,distract3,distract4,distract5,distract6,dricond1,dricond2,dricond3,dricond4,dricond5,dricond6,dzip,licstate,drhgt_in,weight,noncdl,noncdltype,prevdwi,prevoth,prevacc,prevspd,prevsus,driviol1,driviol2,driviol3,driviol4,driviol5,driviol6,spdrel,first_dt,last_dt,airbag,ejection,ejectpath,extricat,injurwrk,methalc,methdrug,nmlocat,strikveh,prf1,prf2,prf3,druginv,alcinvol,drugsts,drugres1,drugres2,drugres3,drugtst1,drugtst2,drugtst3,alcsts,alctst,alcres,nmact1,nmact2,nmact3,nmact4,nmact5,nmact6,nmprior1,nmprior2,nmprior3,nmprior4,nmprior5,nmprior6,nmcond1,nmcond2,nmcond3,nmcond4,nmcond5,nmcond6,nmsafe_helmet,nmsafe_pads,nmsafe_oth,nmprev_ref,nmprev_lgt,nmprev_oth,crashlocation,nmcrashtype,crosswalk,schoolzone,sidewalk,train_inv,wildlife_inv,rotr_fars,intersect_fars,dd_inv,aid_inv,dpd_inv,id_inv,mj_inv,impnm_inv,ainm_inv,dpnm_inv,speed_inv,unlic_inv,unendmc_inv,drowsy_inv,drdist_inv,nmdist_inv,fty_inv,unrestfat_inv,dr1617_inv,dr1820_inv,dr1620_inv,dr2125_inv,dr1625_inv,dr65_inv,dr70_inv,dr75_inv,mc_inv,pv_inv,ht_inv,ped_inv,bike_inv,unrest_fat,mc_fat,unhelmet_mc,pv_fat,ht_fat,ped_fat,bike_fat,dr_alc7,dr_alc8,dr_drug,dr_imp,dr_dist,dr_spd,dr_fty,dr_unlic,dr_alc7only,dr_alc8only,dr_drugonly,dr_drink,nm_imp,nm_alc7,nm_alc8,nm_drug,nm_dist,agegrp1,agegrp2,roadclass,urbrur,dayweek,restuse,vehtype,race_me,intersect,lanedep,oppdir,wrongway,rep_typ,investag,repag_long,rotr,st_rd,cty_rd,city_rd,oth_rd,drug_thc,thc_res,drug_cthc,cthc_res,drug_cann,prevpersemin,prevperse,prevsusoth,drugtst4,drugtst5,drugtst6,drugtst7,drugtst8,drugres4,drugres5,drugres6,drugres7,drugres8,adspresent,adsengaged,adslevel,race1,race2,race3,race4,race5,helmet,helmetmisuse,nmdistract1,nmdistract2,nmdistract3,nmdistract4,nmdistract5,nmdistract6,lab,isedtcase,crf1,crf2,crf3,CoRoadName,CoMP,IntCoRoadName,IntCoMP,crashzip,dcity,crashcity
3130,3202,3202,2021,11,EA98449,3.0,2021-01-02,12:29,2,1,,53,Pierce,0,2,,1,2,2,2,0,4,2,,,,12,0,6,5.3,2,0,2,4,1,1,3,0,0,4,3,SR-702,8TH AVE,-122.4423944,46.937316667,0,2,86,66,4,55,67,1,0,1,2,12,1,2,2,1,1,2,2,53,0,12,880,2006,0,,12,,,,,,1,1,31,1,0.0,,0,0,3,0,11,0,,,,,0.0,0.0,0.0,3.0,1,0,,,,0,,,,,,98,,,,,,98387,53,73.0,285.0,6.0,1.0,0.0,1.0,1.0,0.0,,0,,,,,,0,06/15/2016,06/15/2016,20,0,0,0,8.0,9,8,,,0,,,8,8,8.0,95.0,,,96.0,,,8,95,995.0,,,,,,,,,,,,,,,,,,,,,,,,,,,,,,0,0,0,1,0,0,1,1,1,0,0,0,0,1,0,0,0,0,1,1,0,0,0,0,0,0,0,0,0,1,1,0,0,0,0,,0,0,0,0,0,0,0,0,0,0,0,0,0,0,0,0,,,,,,31-35,26-35,State route,R,Saturday,,MHTRUCK,Not Fatal,1,0,0,0,State Route,State Patrol,Washington State Patrol,0,1,0,0,0,,,,,,0.0,0.0,1.0,,,,,,,,,,,98.0,98.0,98.0,0.0,,,,,20.0,,,,,,,,,1.0,0.0,,,,,,,98580,Spanaway,Roy
3131,3203,3203,2021,12,EA98536,1.0,2021-01-07,22:51,7,1,,5,Benton,0,5,,2,1,2,1,0,4,3,,,,12,0,2,86.0,1,0,1,1,1,1,1,0,0,0,0,I-82,,-119.6734667,46.223533333,0,1,50,54,3,70,14,0,0,1,2,12,2,2,2,3,14,1,1,53,0,53,402,2002,0,,12,,,,,,1,1,60,1,7.0,,4,7,20,7,11,0,01/07/2021,22:51,53001438.0,1438.0,0.0,0.0,0.0,3.0,1,51,,,,96,,,,,,9,,,,,,99338,53,73.0,190.0,6.0,1.0,0.0,0.0,0.0,0.0,,0,,,,,,0,,,8,0,0,0,0.0,1,8,,,0,,,1,1,2.0,605.0,,,1.0,,,2,1,0.32,,,,,,,,,,,,,,,,,,,,,,,,,,,,,,0,0,0,0,1,1,1,1,1,0,0,0,0,1,0,0,0,0,0,1,0,0,0,1,1,1,0,0,0,1,0,0,0,1,0,,1,0,0,0,0,1,1,1,0,0,0,0,0,0,0,1,,,,,,56-60,56-65,Interstate,R,Thursday,Not Used,PV,Multiracial,0,0,0,1,State Route,State Patrol,Washington State Patrol,0,1,0,0,0,thc,0.52,,,,0.0,0.0,0.0,,,,,,,,,,,98.0,98.0,98.0,203.0,201.0,,,,20.0,,,,,,,,nms,1.0,0.0,,,,,,,99350,Kennewick,Prosser
3132,3204,3204,2021,12,EA98536,1.0,2021-01-07,22:51,7,1,,5,Benton,0,5,,2,1,2,1,0,4,3,,,,12,0,2,86.0,1,0,1,1,1,1,1,0,0,0,0,I-82,,-119.6734667,46.223533333,0,2,51,54,3,70,34,0,0,1,2,12,3,2,2,3,14,1,1,53,0,12,481,1999,0,,12,12.0,,,,,1,1,65,1,0.0,,2,0,3,0,11,0,,,,,6.0,0.0,3.0,3.0,1,0,,,,96,,,,,,98,,,,,,98901,53,71.0,170.0,6.0,1.0,0.0,0.0,0.0,0.0,,0,,,,,,0,,,1,0,0,0,8.0,3,2,,,0,,,8,8,0.0,0.0,,,0.0,,,0,0,996.0,,,,,,,,,,,,,,,,,,,,,,,,,,,,,,0,0,0,0,1,1,1,1,1,0,0,0,0,1,0,0,0,0,0,1,0,0,0,1,1,1,0,0,0,1,0,0,0,0,0,,0,0,0,0,0,0,0,0,0,0,0,0,0,0,0,0,,,,,,61-65,56-65,Interstate,R,Thursday,Belt Used,PV,Not Fatal,0,0,0,1,State Route,State Patrol,Washington State Patrol,0,1,0,0,0,,,,,,0.0,0.0,0.0,,,,,,,,,,,0.0,0.0,0.0,0.0,,,,,20.0,,,,,,,,,1.0,0.0,,,,,,,99350,Yakima,Prosser
3133,3205,3205,2021,12,EA98536,1.0,2021-01-07,22:51,7,1,,5,Benton,0,5,,2,1,2,1,0,4,3,,,,12,0,2,86.0,1,0,1,1,1,1,1,0,0,0,0,I-82,,-119.6734667,46.223533333,0,3,98,98,7,70,2,0,0,1,2,12,3,2,2,3,14,2,2,53,0,20,16,1998,0,,12,,,,,,1,1,25,1,0.0,,0,0,3,0,11,0,,,,,0.0,0.0,3.0,2.0,1,0,,,,0,,,,,,0,,,,,,98944,53,68.0,145.0,1.0,1.0,1.0,1.0,1.0,1.0,,0,,,,,,0,11/15/2018,01/15/2018,20,0,0,0,8.0,3,2,,,0,,,0,8,0.0,0.0,,,0.0,,,0,0,996.0,,,,,,,,,,,,,,,,,,,,,,,,,,,,,,0,0,0,0,1,1,1,1,1,0,0,0,0,1,0,0,0,0,0,1,0,0,0,1,1,1,0,0,0,1,0,0,0,0,0,,0,0,0,0,0,0,0,0,0,0,0,1,0,0,0,0,,,,,,21-25,16-25,Interstate,R,Thursday,Belt Used,PV,Not Fatal,0,0,0,1,State Route,State Patrol,Washington State Patrol,0,1,0,0,0,,,,,,0.0,1.0,3.0,,,,,,,,,,,0.0,0.0,0.0,0.0,,,,,20.0,,,,,,,,,1.0,0.0,,,,,,,99350,Sunnyside,Prosser
3134,3206,3206,2021,13,EA99067,35.0,2021-01-17,21:14,17,1,,53,Pierce,0,5,,2,1,1,1,1,1,1,,,,8,0,0,6.3,1,0,1,4,1,2,4,0,0,0,0,CR-KEY PENINSULA HWY SW,,-122.7648583,47.257719444,0,1,13,80,5,45,4,0,0,1,5,8,1,2,2,1,1,1,2,53,0,49,40,1998,0,,8,,,,,,1,1,19,2,0.0,,0,0,3,0,11,0,,,,,0.0,0.0,0.0,3.0,1,0,,,,0,,,,,,0,,,,,,98329,53,62.0,120.0,6.0,1.0,0.0,1.0,2.0,0.0,,0,,,,,,0,11/15/2017,09/15/2018,20,0,0,0,8.0,9,8,,,0,,,8,8,8.0,95.0,,,96.0,,,8,95,995.0,,,,,,,,,,,,,,,,,,,,,,,,,,,,,,0,0,0,0,0,0,0,0,0,1,0,1,0,0,0,0,0,0,0,0,0,1,1,0,1,0,0,0,0,1,0,1,0,0,0,,0,0,0,0,0,0,0,0,0,0,0,0,0,0,0,0,,,,,,18-20,16-25,County road,R,Sunday,Belt Used,PV,Not Fatal,0,0,0,0,County Road,County Sheriff,Law Enforcement Support Agency,0,0,1,0,0,,,,,,0.0,0.0,0.0,,,,,,,,,,,0.0,0.0,0.0,0.0,,,,,20.0,,,,,,,,,1.0,0.0,,,KEY PENINSULA HWY SW,6.25,,,98349,Gig Harbor,Lakebay
3135,3207,3207,2021,14,EA99218,4.0,2021-01-18,6:55,18,1,,1,Adams,0,5,,3,4,2,1,0,2,1,,,,38,0,0,229.5,1,0,1,1,1,1,1,0,0,0,0,I-90,,-118.2149278,47.214616667,0,1,2,6,1,60,34,1,0,1,2,1,1,2,2,2,1,2,1,53,0,20,481,2006,0,,63,38.0,1.0,,,,1,1,26,1,6.0,,4,7,20,7,11,0,01/18/2021,6:55,53002943.0,2943.0,0.0,0.0,0.0,3.0,1,87,,,,96,,,,,,99,,,,,,98520,53,72.0,250.0,6.0,1.0,0.0,1.0,0.0,0.0,,0,,,,,,4,05/15/2017,05/15/2017,20,1,9,0,9.0,9,8,,,0,,,1,9,2.0,695.0,605.0,,1.0,1.0,,2,1,0.0,,,,,,,,,,,,,,,,,,,,,,,,,,,,,,0,0,0,0,0,0,1,1,1,0,0,0,1,0,0,0,0,0,0,1,0,0,0,0,0,0,0,0,0,1,0,0,0,1,0,,1,0,0,0,0,0,1,1,0,1,0,0,0,0,1,0,,,,,,26-30,26-35,Interstate,R,Monday,Not Used,PV,Hispanic,0,1,0,0,State Route,State Patrol,Washington State Patrol,1,1,0,0,0,,,carboxy-thc,220.0,,0.0,0.0,0.0,,,,,,,,,,,98.0,98.0,98.0,1.0,,,,,20.0,,,,,,,,nms,1.0,0.0,,,,,,,99169,Aberdeen,Ritzville
3136,3208,3208,2021,15,EA99542,8.0,2021-01-15,13:41,15,1,,45,Mason,0,1,,1,2,2,1,0,3,2,,,,12,0,2,3.8,1,0,1,3,2,1,3,0,0,0,0,SR-3,,-123.0819667,47.217630556,0,1,50,10,2,50,16,0,0,1,2,12,2,1,2,1,14,1,1,53,0,23,431,2002,0,,68,12.0,,,,,1,1,62,1,0.0,,3,0,20,7,11,5,,,,,0.0,0.0,0.0,3.0,1,28,,,,92,,,,,,1,,,,,,98367,53,72.0,300.0,6.0,1.0,0.0,0.0,0.0,2.0,,52,,,,,,0,01/15/2017,07/15/2019,8,0,0,0,8.0,9,8,,,0,,,8,8,0.0,0.0,,,0.0,,,0,0,996.0,,,,,,,,,,,,,,,,,,,,,,,,,,,,,,0,0,0,0,0,0,0,0,0,0,0,0,0,0,0,0,1,0,0,1,0,0,0,0,0,1,1,1,0,1,0,0,0,0,0,,0,0,0,0,0,0,0,0,1,0,0,0,0,0,0,0,,,,,,61-65,56-65,State route,U,Friday,Not Used,PV,Not Fatal,0,1,1,0,State Route,State Patrol,Washington State Patrol,0,1,0,0,0,,,,,,0.0,0.0,1.0,,,,,,,,,,,98.0,98.0,98.0,0.0,,,,,20.0,,,,,,,,,1.0,0.0,,,,,,,98584,Port Orchard,Shelton
3137,3209,3209,2021,15,EA99542,8.0,2021-01-15,13:41,15,1,,45,Mason,0,1,,1,2,2,1,0,3,2,,,,12,0,2,3.8,1,0,1,3,2,1,3,0,0,0,0,SR-3,,-123.0819667,47.217630556,0,2,51,62,4,50,34,0,0,1,2,12,3,1,2,1,14,2,1,53,0,20,481,2014,0,,12,,,,,,1,1,76,1,0.0,,2,0,3,0,11,0,,,,,0.0,0.0,0.0,3.0,1,0,,,,96,,,,,,98,,,,,,98366,53,71.0,210.0,6.0,1.0,0.0,0.0,0.0,0.0,,0,,,,,,0,,,8,0,0,0,8.0,9,8,,,0,,,8,8,0.0,0.0,,,0.0,,,0,0,996.0,,,,,,,,,,,,,,,,,,,,,,,,,,,,,,0,0,0,0,0,0,0,0,0,0,0,0,0,0,0,0,1,0,0,1,0,0,0,0,0,1,1,1,0,1,0,0,0,0,0,,0,0,0,0,0,0,0,0,0,0,0,0,0,0,0,0,,,,,,76-80,76+,State route,U,Friday,Belt Used,PV,Not Fatal,0,1,1,0,State Route,State Patrol,Washington State Patrol,0,1,0,0,0,,,,,,0.0,0.0,0.0,,,,,,,,,,,98.0,98.0,98.0,0.0,,,,,20.0,,,,,,,,,1.0,0.0,,,,,,,98584,Port Orchard,Shelton
3138,3210,3210,2021,16,EA99781,29.0,2021-01-01,10:00,1,1,,41,Lewis,0,10,,1,2,2,1,0,1,1,,,,24,0,0,0.7,1,0,1,5,1,2,4,0,0,0,0,CR-N FORK RD,,-122.8513639,46.608533333,0,1,6,12,2,40,34,0,0,1,2,24,3,1,2,1,14,1,1,53,0,12,471,2008,0,,68,64.0,24.0,2.0,,,1,1,71,1,7.0,,4,7,20,7,11,0,01/01/2021,10:00,53000831.0,831.0,0.0,0.0,0.0,3.0,1,0,,,,92,,,,,,99,,,,,,98532,53,71.0,185.0,6.0,1.0,0.0,1.0,0.0,0.0,,0,,,,,,0,09/15/2017,09/15/2017,20,0,0,0,0.0,9,8,,,0,,,9,9,2.0,996.0,996.0,,1.0,1.0,,2,1,0.178,,,,,,,,,,,,,,,,,,,,,,,,,,,,,,0,0,1,0,1,1,1,1,0,0,0,0,0,0,0,0,1,0,0,1,0,0,0,0,0,1,1,0,0,1,0,0,0,1,0,,1,0,0,0,0,1,1,1,1,0,0,0,0,0,0,1,,,,,,71-75,66-75,County road,R,Friday,Not Used,PV,White,0,1,0,0,County Road,County Sheriff,Lewis County Sheriff's Office,1,0,1,0,0,,,,,,0.0,0.0,0.0,,,,,,,,,,,98.0,98.0,98.0,1.0,,,,,20.0,,,,,,,,,1.0,0.0,,,NORTH FORK RD,0.748,,,98532,Chehalis,Chehalis
3139,3211,3211,2021,18,EB00140,35.0,2021-01-01,16:51,1,1,,53,Pierce,0,2,,2,2,2,1,1,3,1,,,,8,0,0,0.3,3,0,2,3,2,2,4,0,0,0,0,CR-160TH ST E,58TH AVE E,-122.35205,47.110955556,0,1,13,80,5,35,4,0,0,1,5,8,1,1,3,3,1,3,1,53,0,58,41,2018,0,,8,,,,,,1,1,20,1,0.0,,0,0,3,0,11,0,,,,,0.0,0.0,0.0,3.0,1,0,,,,92,,,,,,98,,,,,,98445,53,69.0,120.0,6.0,1.0,0.0,2.0,1.0,1.0,,0,,,,,,0,10/15/2018,06/15/2020,20,0,0,0,8.0,9,8,,,0,,,8,8,8.0,95.0,,,96.0,,,8,95,995.0,,,,,,,,,,,,,,,,,,,,,,,,,,,,,,0,0,0,1,0,0,0,0,0,0,0,0,0,0,0,0,1,1,0,0,0,1,1,0,1,0,0,0,0,1,0,1,0,0,0,,0,0,0,0,0,0,0,0,1,0,0,0,0,0,0,0,,,,,,18-20,16-25,County road,U,Friday,Belt Used,PV,Not Fatal,1,0,0,0,County Road,County Sheriff,Law Enforcement Support Agency,0,0,1,0,0,,,,,,0.0,0.0,0.0,,,,,,,,,,,98.0,98.0,98.0,0.0,,,,,20.0,,,,,,,,,1.0,0.0,,,160 ST E,0.25,,,98375,Tacoma,Puyallup
3140,3212,3212,2021,20,EB00613,5.0,2021-01-22,12:27,22,1,,11,Clark,240,1,,1,1,2,1,0,1,1,,,,25,0,0,12.1,1,0,1,2,2,1,3,0,0,0,0,SR-14,,-122.4345667,45.580525,0,1,7,11,2,60,14,0,0,1,2,25,1,1,3,3,1,1,2,53,0,12,401,2004,0,,63,69.0,64.0,25.0,1.0,,1,1,65,2,7.0,,4,7,3,0,11,0,01/22/2021,12:27,24053004405.0,4405.0,0.0,0.0,3.0,3.0,1,58,,,,96,,,,,,9,,,,,,98607,53,60.0,123.0,6.0,1.0,0.0,0.0,0.0,0.0,,0,,,,,,4,,,1,2,9,0,0.0,1,8,,,0,,,9,1,2.0,996.0,,,1.0,,,2,1,0.166,,,,,,,,,,,,,,,,,,,,,,,,,,,,,,0,0,0,0,1,1,1,1,0,0,0,0,1,0,0,0,0,0,0,0,0,0,0,0,0,1,0,0,0,1,0,0,0,0,0,,1,0,0,0,0,1,1,1,0,1,0,0,0,0,0,1,,,,,,61-65,56-65,State route,U,Friday,Belt Used,PV,White,0,1,0,0,State Route,State Patrol,WASHINGTON STATE PATROL,1,1,0,0,0,,,,,,0.0,0.0,0.0,,,,,,,,,,,98.0,98.0,98.0,1.0,,,,,20.0,,,,,,,,,1.0,0.0,,,,,,,98607,Camas,Camas
3141,3213,3213,2021,21,EB00697,35.0,2021-01-09,7:33,9,1,,53,Pierce,0,10,,4,4,2,1,0,1,1,,,,34,0,0,6.6,1,0,1,4,2,2,4,0,0,0,0,CR-224TH ST E,,-122.2590222,47.052680556,0,1,2,6,1,45,34,0,0,1,5,34,1,2,2,1,1,1,2,53,0,49,472,1996,0,,63,34.0,1.0,,,,1,1,29,2,7.0,,4,7,20,7,11,0,01/09/2021,7:33,53001182.0,1182.0,0.0,0.0,3.0,3.0,1,87,,,,96,,,,,,98,,,,,,98338,53,61.0,140.0,6.0,1.0,0.0,0.0,1.0,0.0,,0,,,,,,4,10/15/2016,10/15/2016,20,0,0,0,0.0,9,8,,,0,,,8,8,2.0,695.0,600.0,,1.0,1.0,,2,1,0.0,,,,,,,,,,,,,,,,,,,,,,,,,,,,,,0,0,0,0,0,0,1,1,1,0,0,0,1,0,0,0,0,0,0,1,0,0,0,0,0,0,0,0,0,1,0,0,0,1,0,,1,0,0,0,0,0,1,1,0,1,0,0,0,0,1,0,,,,,,26-30,26-35,County road,U,Saturday,Not Used,PV,White,0,1,0,0,County Road,County Sheriff,Law Enforcement Support Agency,1,0,1,0,0,thc,50.0,carboxy-thc,42.0,,0.0,0.0,0.0,,,,,,,,,,,0.0,0.0,0.0,1.0,,,,,20.0,,,,,,,,nms,1.0,0.0,,,224 ST E,6.59,,,98338,Graham,Graham
3142,3214,3214,2021,22,EB00762,3.0,2021-01-07,0:49,7,1,,67,Thurston,1590,10,,3,1,2,1,1,1,1,,,,8,0,0,0.1,20,0,1,1,2,1,1,0,0,0,0,I-5 RAMP,,-122.8780667,47.036202778,0,1,13,80,5,60,4,0,0,1,2,8,1,1,2,6,1,1,1,53,0,55,36,2013,0,,8,,,,,,1,1,71,1,0.0,,1,0,3,0,11,0,,,,,0.0,0.0,3.0,3.0,1,0,,,,96,,,,,,98,,,,,,98502,53,67.0,220.0,6.0,1.0,0.0,1.0,0.0,4.0,,0,,,,,,0,11/15/2016,09/15/2020,1,0,0,0,8.0,3,2,,,0,,,8,8,0.0,0.0,,,0.0,,,0,0,996.0,,,,,,,,,,,,,,,,,,,,,,,,,,,,,,0,0,0,0,0,0,0,0,0,1,0,1,0,0,0,0,0,0,0,0,0,0,0,0,0,1,1,0,0,1,0,1,0,0,0,,0,0,0,0,0,0,0,0,0,0,0,0,0,0,0,0,,,,,,71-75,66-75,Interstate,U,Thursday,Belt Used,PV,Not Fatal,0,0,0,0,State Route,State Patrol,Washington State Patrol,0,1,0,0,0,,,,,,0.0,0.0,0.0,,,,,,,,,,,98.0,98.0,98.0,0.0,,,,,20.0,,,,,,,,,1.0,0.0,,,,,,,98501,Olympia,Olympia
3143,3215,3215,2021,23,EB01018,7.0,2021-01-24,19:23,24,1,,33,King,1960,2,,2,2,2,1,1,2,1,,,,8,0,0,173.1,1,0,1,1,2,1,1,0,0,0,0,I-5,,-122.3270417,47.713752778,0,1,13,80,5,60,14,0,0,1,5,8,3,1,6,3,14,2,1,53,0,2,404,2001,0,,8,,,,,,1,1,50,1,0.0,,0,0,3,0,11,0,,,,,0.0,0.0,0.0,3.0,1,0,,,,96,,,,,,98,,,,,,98125,53,67.0,185.0,6.0,1.0,0.0,0.0,0.0,0.0,,0,,,,,,0,,,20,0,0,0,8.0,9,8,,,0,,,8,8,0.0,0.0,,,0.0,,,0,0,996.0,,,,,,,,,,,,,,,,,,,,,,,,,,,,,,0,0,0,0,0,0,0,0,0,0,0,0,0,0,0,0,0,0,0,0,0,0,0,0,0,0,0,0,0,1,0,1,0,0,0,,0,0,0,0,0,0,0,0,0,0,0,0,0,0,0,0,,,,,,46-50,46-55,Interstate,U,Sunday,Belt Used,PV,Not Fatal,0,0,0,0,State Route,State Patrol,Washington State Patrol,0,1,0,0,0,,,,,,0.0,0.0,0.0,,,,,,,,,,,98.0,98.0,98.0,0.0,,,,,20.0,,,,,,,,,1.0,19.0,23.0,,,,,,98125,Seattle,Seattle
3144,3216,3216,2021,24,EB00489,263.0,2021-01-22,17:38,22,1,,33,King,1960,1,,6,1,2,1,1,1,1,,,,8,0,0,0.0,3,0,3,3,2,1,3,0,0,0,0,SR-519,S MASSACHUSETTS ST,-122.3290639,47.588272222,0,1,13,80,5,98,20,0,0,1,5,8,8,8,3,5,1,1,1,53,0,35,443,2001,0,,8,,,,,,1,1,49,1,0.0,,0,0,99,7,11,0,,,,,0.0,0.0,0.0,3.0,1,0,,,,0,,,,,,98,,,,,,98104,53,70.0,190.0,6.0,1.0,0.0,1.0,0.0,0.0,,0,,,,,,0,02/15/2019,02/15/2019,20,0,0,0,8.0,9,8,,,0,,,8,8,8.0,95.0,,,96.0,,,8,95,995.0,,,,,,,,,,,,,,,,,,,,,,,,,,,,,,0,0,0,1,0,0,0,0,0,1,0,1,0,0,0,0,0,0,0,0,0,0,0,0,0,0,0,0,0,1,0,1,0,0,0,,0,0,0,0,0,0,0,0,0,0,0,0,0,0,0,0,,,,,,46-50,46-55,State route,U,Friday,Unknown,PV,Not Fatal,0,0,0,0,State Route,Municipal/City Police,Seattle Police Department,0,1,0,0,0,,,,,,0.0,0.0,0.0,,,,,,,,,,,98.0,98.0,98.0,0.0,,,,,20.0,,,,,,,,,1.0,0.0,,,,,,,98134,Seattle,Seattle
3145,3217,3217,2021,25,EB01105,1.0,2021-01-01,16:45,1,1,,77,Yakima,2400,2,,2,2,2,1,0,3,2,,,,12,0,2,67.8,1,0,1,4,2,1,2,0,3,0,0,US-97,,-120.4229806,46.436741667,0,1,52,54,3,55,34,0,0,1,2,12,1,1,2,3,1,1,1,53,0,49,482,2002,0,,12,,,,,,1,1,33,1,0.0,,3,0,20,7,11,5,,,,,0.0,0.0,3.0,2.0,1,51,,,,96,,,,,,9,,,,,,98902,53,66.0,150.0,1.0,1.0,2.0,0.0,0.0,1.0,,1,71.0,,,,,0,04/15/2016,08/15/2019,8,0,0,0,8.0,9,2,,,0,,,1,8,0.0,0.0,,,0.0,,,0,0,996.0,,,,,,,,,,,,,,,,,,,,,,,,,,,,,,0,0,0,0,0,0,1,1,1,0,0,0,0,1,0,0,0,0,0,0,0,0,0,0,0,1,0,0,0,1,0,0,0,0,0,,0,0,0,0,0,0,0,0,0,0,0,1,0,0,0,0,,,,,,31-35,26-35,US highway,U,Friday,Not Used,PV,Not Fatal,0,0,0,1,State Route,State Patrol,Washington State Patrol,0,1,0,0,0,,,,,,0.0,1.0,7.0,,,,,,,,,,,98.0,98.0,98.0,0.0,,,,,20.0,,,,,,,,,1.0,0.0,,,,,,,98951,Yakima,Wapato
3146,3218,3218,2021,25,EB01105,1.0,2021-01-01,16:45,1,1,,77,Yakima,2400,2,,2,2,2,1,0,3,2,,,,12,0,2,67.8,1,0,1,4,2,1,2,0,3,0,0,US-97,,-120.4229806,46.436741667,0,2,52,54,3,55,34,0,0,1,2,12,1,1,2,3,1,2,1,53,0,23,481,2013,0,,12,,,,,,1,1,67,1,1.0,,4,7,3,0,11,0,01/01/2021,16:45,240053000412.0,412.0,0.0,0.0,0.0,3.0,1,0,,,,96,,,,,,98,,,,,,98948,53,67.0,220.0,6.0,1.0,0.0,0.0,0.0,0.0,,0,,,,,,0,,,8,0,0,0,0.0,9,8,,,0,,,8,8,2.0,695.0,605.0,,1.0,1.0,,2,1,0.0,,,,,,,,,,,,,,,,,,,,,,,,,,,,,,0,0,0,0,0,0,1,1,1,0,0,0,0,1,0,0,0,0,0,0,0,0,0,0,0,1,0,0,0,1,0,0,0,0,0,,1,0,0,0,0,0,1,1,0,0,0,0,0,0,1,0,,,,,,66-70,66-75,US highway,U,Friday,Belt Used,PV,Hispanic,0,0,0,1,State Route,State Patrol,Washington State Patrol,0,1,0,0,0,thc,2.7,carboxy-thc,18.0,,0.0,0.0,0.0,,,,,,,,,,,98.0,98.0,98.0,98.0,,,,,20.0,,,,,,,,nms,1.0,0.0,,,,,,,98951,Toppenish,Wapato
3147,3219,3219,2021,26,EB01130,5.0,2021-01-25,7:56,25,1,,41,Lewis,0,4,,4,10,2,2,0,3,2,,,,12,0,6,9.0,1,0,1,4,1,1,3,0,0,0,0,SR-7,,-122.2000278,46.661327778,0,1,66,6,1,55,14,0,0,1,2,12,1,1,2,1,1,2,1,53,0,53,405,2003,0,,68,12.0,,,,,1,1,21,2,1.0,,4,7,20,7,11,0,01/25/2021,7:56,138053005020.0,5020.0,0.0,0.0,3.0,3.0,1,28,87.0,,,96,,,,,,98,,,,,,98377,53,60.0,188.0,6.0,1.0,1.0,0.0,0.0,0.0,,0,,,,,,4,09/15/2018,09/15/2018,1,0,0,0,0.0,9,8,,,0,,,8,8,2.0,695.0,605.0,,1.0,1.0,,2,1,0.0,,,,,,,,,,,,,,,,,,,,,,,,,,,,,,0,0,0,0,0,0,1,1,1,0,0,0,1,0,0,0,0,0,0,1,0,0,0,1,1,0,0,0,0,1,0,0,0,1,0,,1,0,0,0,0,0,1,1,0,1,0,0,0,0,1,0,,,,,,21-25,16-25,State route,R,Monday,Not Used,PV,Hispanic,0,1,1,0,State Route,State Patrol,Washington State Patrol,0,1,0,0,0,thc,3.7,carboxy-thc,38.0,,0.0,1.0,1.0,,,,,,,,,,,98.0,98.0,98.0,201.0,268.0,,,,20.0,,,,,,,,nms,1.0,0.0,,,,,,,98356,Randle,Morton