,index,Unnamed: 0,year,case,par,repjur,crash_dt,crash_tm,accday,accmon,holiday,county,co_char,city,weather,weather2,lightcond,surfcond,surftype,numfatal,nmforms,pforms,vforms,not_tm,arr_tm,hosp_tm,fhevent,hitrun,manncol,milepnt,reljunc,reljuncinter,intersectiontype,funcsystem,landuse,ownership,route,schlbus,spejur,contdev,devfunc,trafid1,trafid2,lon,lat,wk_zone,vnumber,crashtype,criticalevent,criticaleventcat,spdlim,body,trailer,emerg,hazcargo,leave,mhevent,roadalgn,roadprof,traflane,trafflow,vehmanvr,numoccs,regowner,regstate,spuse,make,model,modelyr,vrf1,vrf2,seqevent1,seqevent2,seqevent3,seqevent4,seqevent5,seqevent6,pnumber,ptype,age,sex,hispanic,race,injury,diedscene,restraint,restraintmisuse,seatpos,takehosp,death_dt,death_tm,cert,cernum_wa,commlic,licendor,licrestrict,liccomp,drivpres,drf1,drf2,drf3,drf4,distract1,distract2,distract3,distract4,distract5,distract6,dricond1,dricond2,dricond3,dricond4,dricond5,dricond6,dzip,licstate,drhgt_in,weight,noncdl,noncdltype,prevdwi,prevoth,prevacc,prevspd,prevsus,driviol1,driviol2,driviol3,driviol4,driviol5,driviol6,spdrel,first_dt,last_dt,airbag,ejection,ejectpath,extricat,injurwrk,methalc,methdrug,nmlocat,strikveh,prf1,prf2,prf3,druginv,alcinvol,drugsts,drugres1,drugres2,drugres3,drugtst1,drugtst2,drugtst3,alcsts,alctst,alcres,nmact1,nmact2,nmact3,nmact4,nmact5,nmact6,nmprior1,nmprior2,nmprior3,nmprior4,nmprior5,nmprior6,nmcond1,nmcond2,nmcond3,nmcond4,nmcond5,nmcond6,nmsafe_helmet,nmsafe_pads,nmsafe_oth,nmprev_ref,nmprev_lgt,nmprev_oth,crashlocation,nmcrashtype,crosswalk,schoolzone,sidewalk,train_inv,wildlife_inv,rotr_fars,intersect_fars,dd_inv,aid_inv,dpd_inv,id_inv,mj_inv,impnm_inv,ainm_inv,dpnm_inv,speed_inv,unlic_inv,unendmc_inv,drowsy_inv,drdist_inv,nmdist_inv,fty_inv,unrestfat_inv,dr1617_inv,dr1820_inv,dr1620_inv,dr2125_inv,dr1625_inv,dr65_inv,dr70_inv,dr75_inv,mc_inv,pv_inv,ht_inv,ped_inv,bike_inv,unrest_fat,mc_fat,unhelmet_mc,pv_fat,ht_fat,ped_fat,bike_fat,dr_alc7,dr_alc8,dr_drug,dr_imp,dr_dist,dr_spd,dr_fty,dr_unlic,dr_alc7only,dr_alc8only,dr_drugonly,dr_drink,nm_imp,nm_alc7,nm_alc8,nm_drug,nm_dist,agegrp1,agegrp2,roadclass,urbrur,dayweek,restuse,vehtype,race_me,intersect,lanedep,oppdir,wrongway,rep_typ,investag,repag_long,rotr,st_rd,cty_rd,city_rd,oth_rd,drug_thc,thc_res,drug_cthc,cthc_res,drug_cann,prevpersemin,prevperse,prevsusoth,drugtst4,drugtst5,drugtst6,drugtst7,drugtst8,drugres4,drugres5,drugres6,drugres7,drugres8,adspresent,adsengaged,adslevel,race1,race2,race3,race4,race5,helmet,helmetmisuse,nmdistract1,nmdistract2,nmdistract3,nmdistract4,nmdistract5,nmdistract6,lab,isedtcase,crf1,crf2,crf3,CoRoadName,CoMP,IntCoRoadName,IntCoMP,crashzip,dcity,crashcity
3148,3220,3220,2021,26,EB01130,5.0,2021-01-25,7:56,25,1,,41,Lewis,0,4,,4,10,2,2,0,3,2,,,,12,0,6,9.0,1,0,1,4,1,1,3,0,0,0,0,SR-7,,-122.2000278,46.661327778,0,2,66,62,4,55,34,0,0,1,2,12,1,1,2,1,1,1,1,53,0,35,481,2011,0,,12,,,,,,1,1,55,1,0.0,,3,0,20,7,11,0,,,,,0.0,0.0,0.0,3.0,1,0,,,,96,,,,,,98,,,,,,98387,53,73.0,240.0,6.0,1.0,0.0,0.0,0.0,0.0,,0,,,,,,0,,,8,0,0,0,8.0,9,8,,,0,,,8,8,2.0,1.0,,,1.0,,,2,1,0.0,,,,,,,,,,,,,,,,,,,,,,,,,,,,,,0,0,0,0,0,0,1,1,1,0,0,0,1,0,0,0,0,0,0,1,0,0,0,1,1,0,0,0,0,1,0,0,0,0,0,,0,0,0,0,0,0,0,0,0,0,0,0,0,0,0,0,,,,,,51-55,46-55,State route,R,Monday,Not Used,PV,Not Fatal,0,1,1,0,State Route,State Patrol,Washington State Patrol,0,1,0,0,0,,,,,,0.0,0.0,0.0,,,,,,,,,,,98.0,98.0,98.0,0.0,,,,,20.0,,,,,,,,,1.0,0.0,,,,,,,98356,Spanaway,Morton
3149,3221,3221,2021,28,EB02003,7.0,2021-01-13,21:34,13,1,,33,King,0,1,,2,1,1,1,0,3,3,,,,12,0,8,37.7,1,0,1,1,1,1,1,0,0,0,0,I-90,,-121.6391722,47.432458333,0,1,66,54,3,70,34,0,0,1,2,12,1,1,3,3,1,1,9,48,0,7,482,2005,0,,12,12.0,,,,,1,1,26,1,7.0,,4,7,20,7,11,0,01/13/2021,21:34,150053003931.0,3931.0,0.0,0.0,0.0,2.0,1,51,,,,96,,,,,,98,,,,,,78130,48,,999.0,3.0,1.0,0.0,0.0,1.0,0.0,,0,,,,,,0,11/15/2018,11/15/2018,1,0,0,0,0.0,1,8,,,0,,,8,1,2.0,1.0,,,1.0,,,2,1,0.242,,,,,,,,,,,,,,,,,,,,,,,,,,,,,,0,0,0,0,1,1,0,1,0,0,0,0,0,1,0,0,0,0,0,1,0,0,0,0,0,0,0,0,0,1,1,0,0,1,0,,1,0,0,0,0,1,0,1,0,0,0,1,0,1,0,1,,,,,,26-30,26-35,Interstate,R,Wednesday,Not Used,PV,White,0,0,0,1,State Route,State Patrol,Washington State Patrol,0,1,0,0,0,,,,,,0.0,0.0,0.0,,,,,,,,,,,98.0,98.0,98.0,1.0,,,,,20.0,,,,,,,,,1.0,0.0,,,,,,,98045,New Braunfels,North Bend
3150,3222,3222,2021,28,EB02003,7.0,2021-01-13,21:34,13,1,,33,King,0,1,,2,1,1,1,0,3,3,,,,12,0,8,37.7,1,0,1,1,1,1,1,0,0,0,0,I-90,,-121.6391722,47.432458333,0,2,66,54,3,60,66,2,0,1,5,12,1,1,3,3,1,1,3,37,0,82,881,2019,0,,12,,,,,,1,1,46,1,0.0,,0,0,3,0,11,0,,,,,6.0,3.0,0.0,3.0,1,0,,,,96,,,,,,98,,,,,,98373,53,70.0,260.0,6.0,1.0,0.0,0.0,0.0,0.0,,0,,,,,,0,,,20,0,0,0,8.0,9,8,,,0,,,8,8,0.0,0.0,,,0.0,,,0,0,996.0,,,,,,,,,,,,,,,,,,,,,,,,,,,,,,0,0,0,0,1,1,0,1,0,0,0,0,0,1,0,0,0,0,0,1,0,0,0,0,0,0,0,0,0,1,1,0,0,0,0,,0,0,0,0,0,0,0,0,0,0,0,0,0,0,0,0,,,,,,46-50,46-55,Interstate,R,Wednesday,,MHTRUCK,Not Fatal,0,0,0,1,State Route,State Patrol,Washington State Patrol,0,1,0,0,0,,,,,,0.0,0.0,0.0,,,,,,,,,,,98.0,98.0,98.0,0.0,,,,,20.0,,,,,,,,,1.0,0.0,,,,,,,98045,Puyallup,North Bend
3151,3223,3223,2021,28,EB02003,7.0,2021-01-13,21:34,13,1,,33,King,0,1,,2,1,1,1,0,3,3,,,,12,0,8,37.7,1,0,1,1,1,1,1,0,0,0,0,I-90,,-121.6391722,47.432458333,0,3,98,54,3,60,66,1,0,1,2,12,1,1,3,3,1,1,3,53,0,85,881,2019,0,,12,,,,,,1,1,59,1,0.0,,1,0,3,0,11,5,,,,,6.0,1.0,0.0,3.0,1,0,,,,96,,,,,,98,,,,,,98823,53,72.0,250.0,6.0,1.0,0.0,0.0,2.0,0.0,,0,,,,,,0,12/15/2018,12/15/2020,20,0,0,0,8.0,9,8,,,0,,,8,8,2.0,1.0,,,1.0,,,2,1,0.0,,,,,,,,,,,,,,,,,,,,,,,,,,,,,,0,0,0,0,1,1,0,1,0,0,0,0,0,1,0,0,0,0,0,1,0,0,0,0,0,0,0,0,0,1,1,0,0,0,0,,0,0,0,0,0,0,0,0,0,0,0,0,0,0,0,0,,,,,,56-60,56-65,Interstate,R,Wednesday,,MHTRUCK,Not Fatal,0,0,0,1,State Route,State Patrol,Washington State Patrol,0,1,0,0,0,,,,,,0.0,0.0,0.0,,,,,,,,,,,98.0,98.0,98.0,0.0,,,,,20.0,,,,,,,,,1.0,0.0,,,,,,,98045,Ephrata,North Bend
3152,3224,3224,2021,30,EB02768,25.0,2021-01-16,0:37,16,1,,33,King,1030,10,,3,1,2,1,0,1,1,,,,38,0,0,0.0,1,0,1,4,2,4,6,0,0,0,0,132ND AVE SE,,-122.1654278,47.363080556,0,1,10,12,2,35,4,0,0,1,5,42,1,2,2,1,1,1,2,53,0,12,17,2005,0,,68,64.0,38.0,42.0,,,1,1,25,1,7.0,,4,7,20,7,11,0,01/16/2021,0:37,103053002704.0,2704.0,0.0,0.0,0.0,2.0,1,37,,,,96,,,,,,98,,,,,,98198,53,64.0,135.0,1.0,1.0,0.0,3.0,2.0,0.0,,0,,,,,,3,10/15/2016,04/15/2018,8,1,9,0,0.0,9,8,,,0,,,8,8,2.0,695.0,605.0,,1.0,1.0,,2,1,0.151,,,,,,,,,,,,,,,,,,,,,,,,,,,,,,0,0,1,0,1,1,1,1,1,0,0,0,1,1,0,0,0,0,0,1,0,0,0,1,1,0,0,0,0,1,0,0,0,1,0,,1,0,0,0,0,1,1,1,0,1,0,1,0,0,0,1,,,,,,21-25,16-25,City street,U,Saturday,Not Used,PV,Black,0,1,0,0,City Street,County Sheriff,King County Police,1,0,0,1,0,thc,30.0,carboxy-thc,200.0,,0.0,0.0,4.0,,,,,,,,,,,98.0,98.0,98.0,2.0,,,,,20.0,,,,,,,,nms,1.0,20.0,,,,,,,98042,Seattle,Kent
3153,3225,3225,2021,32,EB01125,39.0,2021-01-22,19:39,22,1,,61,Snohomish,0,1,,2,1,2,1,1,2,1,,,,8,0,0,3.7,1,0,1,6,1,2,4,0,0,0,0,CR-220TH ST NW,,-122.2739806,48.195544444,0,1,13,80,5,35,14,0,0,1,5,8,1,1,2,1,1,2,1,53,0,2,404,2019,0,,8,,,,,,1,1,45,1,0.0,,0,0,3,0,11,0,,,,,0.0,0.0,0.0,3.0,1,0,,,,96,,,,,,0,,,,,,98292,53,67.0,170.0,6.0,1.0,0.0,0.0,0.0,0.0,,0,,,,,,0,,,20,0,0,0,8.0,9,8,,,0,,,8,0,0.0,0.0,,,0.0,,,0,0,996.0,,,,,,,,,,,,,,,,,,,,,,,,,,,,,,0,0,0,0,0,0,0,0,0,0,0,0,0,0,0,0,0,0,0,0,0,0,0,0,0,0,0,0,0,1,0,1,0,0,0,,0,0,0,0,0,0,0,0,0,0,0,0,0,0,0,0,,,,,,41-45,36-45,County road,R,Friday,Belt Used,PV,Not Fatal,0,0,0,0,County Road,County Sheriff,Snohomish County Sheriff's Office,0,0,1,0,0,,,,,,0.0,0.0,0.0,,,,,,,,,,,98.0,98.0,98.0,0.0,,,,,20.0,,,,,,,,,1.0,0.0,,,220TH ST NW,3.727,,,98292,Stanwood,Stanwood
3154,3226,3226,2021,33,EB04026,2.0,2021-02-02,16:12,2,2,,57,Skagit,0,10,,1,1,2,1,0,4,4,,,,12,0,1,46.1,3,0,3,3,1,1,3,0,0,0,0,SR-20,TIBBLES LN,-122.5956611,48.448277778,0,1,20,50,3,50,5,0,0,1,2,12,1,2,2,1,6,1,2,53,0,30,42,1998,0,,12,68.0,12.0,,,,1,1,28,2,7.0,,4,7,3,0,11,0,02/02/2021,16:12,53005863.0,5863.0,0.0,0.0,3.0,3.0,1,33,,,,96,,,,,,9,,,,,,98277,53,65.0,160.0,6.0,1.0,0.0,0.0,0.0,0.0,,0,,,,,,0,,,1,0,0,0,0.0,9,8,,,0,,,1,8,2.0,695.0,605.0,,1.0,1.0,,2,1,0.0,,,,,,,,,,,,,,,,,,,,,,,,,,,,,,0,0,0,1,0,0,1,1,1,0,0,0,0,0,0,0,0,0,0,0,0,0,0,1,1,1,0,0,0,1,1,0,0,0,0,,1,0,0,0,0,0,1,1,0,0,0,0,0,0,1,0,,,,,,26-30,26-35,State route,R,Tuesday,Belt Used,PV,White,1,0,0,0,State Route,State Patrol,Washington State Patrol,0,1,0,0,0,thc,65.0,carboxy-thc,130.0,,0.0,0.0,0.0,,,,,,,,,,,0.0,0.0,0.0,1.0,,,,,20.0,,,,,,,,,1.0,0.0,,,,,,,98221,Oak Harbor,Anacortes
3155,3227,3227,2021,33,EB04026,2.0,2021-02-02,16:12,2,2,,57,Skagit,0,10,,1,1,2,1,0,4,4,,,,12,0,1,46.1,3,0,3,3,1,1,3,0,0,0,0,SR-20,TIBBLES LN,-122.5956611,48.448277778,0,2,21,53,3,50,34,0,0,1,5,12,1,2,2,1,5,1,2,53,0,12,481,1999,0,,12,12.0,,,,,1,1,55,1,0.0,,0,0,3,0,11,0,,,,,0.0,0.0,0.0,3.0,1,0,,,,96,,,,,,98,,,,,,98221,53,76.0,190.0,6.0,1.0,0.0,0.0,0.0,0.0,,0,,,,,,0,,,20,0,0,0,8.0,9,8,,,0,,,8,8,0.0,0.0,,,0.0,,,0,0,996.0,,,,,,,,,,,,,,,,,,,,,,,,,,,,,,0,0,0,1,0,0,1,1,1,0,0,0,0,0,0,0,0,0,0,0,0,0,0,1,1,1,0,0,0,1,1,0,0,0,0,,0,0,0,0,0,0,0,0,0,0,0,0,0,0,0,0,,,,,,51-55,46-55,State route,R,Tuesday,Belt Used,PV,Not Fatal,1,0,0,0,State Route,State Patrol,Washington State Patrol,0,1,0,0,0,,,,,,0.0,0.0,0.0,,,,,,,,,,,0.0,0.0,0.0,0.0,,,,,20.0,,,,,,,,,1.0,0.0,,,,,,,98221,Anacortes,Anacortes
3156,3228,3228,2021,33,EB04026,2.0,2021-02-02,16:12,2,2,,57,Skagit,0,10,,1,1,2,1,0,4,4,,,,12,0,1,46.1,3,0,3,3,1,1,3,0,0,0,0,SR-20,TIBBLES LN,-122.5956611,48.448277778,0,3,98,98,7,50,3,0,0,1,2,12,1,2,2,1,5,1,1,53,0,67,32,2012,0,,12,,,,,,1,1,24,1,0.0,,0,0,3,0,11,0,,,,,0.0,0.0,9.0,3.0,1,0,,,,96,,,,,,98,,,,,,66109,20,68.0,120.0,6.0,1.0,0.0,0.0,0.0,0.0,,0,,,,,,0,,,8,0,0,0,8.0,9,8,,,0,,,8,8,0.0,0.0,,,0.0,,,0,0,996.0,,,,,,,,,,,,,,,,,,,,,,,,,,,,,,0,0,0,1,0,0,1,1,1,0,0,0,0,0,0,0,0,0,0,0,0,0,0,1,1,1,0,0,0,1,1,0,0,0,0,,0,0,0,0,0,0,0,0,0,0,0,0,0,0,0,0,,,,,,21-25,16-25,State route,R,Tuesday,Belt Used,PV,Not Fatal,1,0,0,0,State Route,State Patrol,Washington State Patrol,0,1,0,0,0,,,,,,0.0,0.0,0.0,,,,,,,,,,,98.0,98.0,98.0,0.0,,,,,20.0,,,,,,,,,1.0,0.0,,,,,,,98221,Kansas City,Anacortes
3157,3229,3229,2021,33,EB04026,2.0,2021-02-02,16:12,2,2,,57,Skagit,0,10,,1,1,2,1,0,4,4,,,,12,0,1,46.1,3,0,3,3,1,1,3,0,0,0,0,SR-20,TIBBLES LN,-122.5956611,48.448277778,0,4,98,62,4,50,63,0,0,1,2,12,1,2,2,1,1,1,3,53,0,84,881,2021,0,,12,,,,,,1,1,68,1,0.0,,0,0,3,0,11,0,,,,,6.0,1.0,0.0,3.0,1,0,,,,96,,,,,,98,,,,,,98230,53,68.0,220.0,6.0,1.0,0.0,0.0,0.0,1.0,,0,,,,,,0,02/15/2020,02/15/2020,20,0,0,0,8.0,9,8,,,0,,,8,8,0.0,0.0,,,0.0,,,0,0,996.0,,,,,,,,,,,,,,,,,,,,,,,,,,,,,,0,0,0,1,0,0,1,1,1,0,0,0,0,0,0,0,0,0,0,0,0,0,0,1,1,1,0,0,0,1,1,0,0,0,0,,0,0,0,0,0,0,0,0,0,0,0,0,0,0,0,0,,,,,,66-70,66-75,State route,R,Tuesday,,MHTRUCK,Not Fatal,1,0,0,0,State Route,State Patrol,Washington State Patrol,0,1,0,0,0,,,,,,0.0,0.0,0.0,,,,,,,,,,,98.0,98.0,98.0,0.0,,,,,20.0,,,,,,,,,1.0,0.0,,,,,,,98221,Blaine,Anacortes
3158,3230,3230,2021,34,EB04462,11.0,2021-01-21,17:05,21,1,,5,Benton,0,1,,5,1,2,1,0,2,2,,,,12,0,2,17.0,1,0,1,6,1,2,4,0,0,0,0,CR-ROUTE 4 S,,-119.4286028,46.504841667,0,1,50,12,2,60,2,0,0,1,2,12,1,2,2,2,1,1,2,53,0,20,36,2002,0,,64,65.0,12.0,,,,1,1,43,1,7.0,,4,7,3,0,11,0,01/21/2021,17:05,53003621.0,3621.0,0.0,0.0,0.0,3.0,1,28,,,,0,,,,,,2,,,,,,99337,53,71.0,283.0,6.0,1.0,0.0,0.0,1.0,2.0,,0,,,,,,0,12/15/2017,06/15/2020,8,0,0,0,0.0,9,8,,,0,,,9,9,2.0,401.0,417.0,,1.0,1.0,,2,1,0.0,,,,,,,,,,,,,,,,,,,,,,,,,,,,,,0,0,0,0,0,0,1,1,0,0,0,0,0,0,0,1,0,0,0,0,0,0,0,0,0,0,0,0,0,1,0,0,0,0,0,,1,0,0,0,0,0,1,1,0,0,0,0,0,0,1,0,,,,,,41-45,36-45,County road,R,Thursday,Belt Used,PV,White,0,1,1,0,Other,County Sheriff,Benton County Sheriff's Office,0,0,0,0,1,,,,,,0.0,0.0,1.0,,,,,,,,,,,98.0,98.0,98.0,1.0,,,,,20.0,,,,,,,,,1.0,0.0,,,,,,,99352,Kennewick,Richland
3159,3231,3231,2021,34,EB04462,11.0,2021-01-21,17:05,21,1,,5,Benton,0,1,,5,1,2,1,0,2,2,,,,12,0,2,17.0,1,0,1,6,1,2,4,0,0,0,0,CR-ROUTE 4 S,,-119.4286028,46.504841667,0,2,51,62,4,60,34,0,0,1,2,12,1,2,2,2,1,1,1,53,0,20,481,2009,0,,12,,,,,,1,1,39,1,0.0,,2,0,3,0,11,5,,,,,0.0,0.0,3.0,3.0,1,0,,,,0,,,,,,0,,,,,,99337,53,72.0,240.0,6.0,1.0,0.0,0.0,0.0,1.0,,0,,,,,,0,01/15/2018,01/15/2018,8,0,0,0,8.0,9,8,,,0,,,8,0,0.0,0.0,,,0.0,,,0,0,996.0,,,,,,,,,,,,,,,,,,,,,,,,,,,,,,0,0,0,0,0,0,1,1,0,0,0,0,0,0,0,1,0,0,0,0,0,0,0,0,0,0,0,0,0,1,0,0,0,0,0,,0,0,0,0,0,0,0,0,0,0,0,0,0,0,0,0,,,,,,36-40,36-45,County road,R,Thursday,Belt Used,PV,Not Fatal,0,1,1,0,Other,County Sheriff,Benton County Sheriff's Office,0,0,0,0,1,,,,,,0.0,0.0,0.0,,,,,,,,,,,98.0,98.0,98.0,0.0,,,,,20.0,,,,,,,,,1.0,0.0,,,,,,,99352,Kennewick,Richland
3160,3232,3232,2021,35,EB05287,39.0,2021-02-07,1:25,7,2,,61,Snohomish,0,10,,2,1,2,1,1,3,2,,,,9,0,0,,1,0,1,4,1,2,4,0,0,0,0,CR-84TH ST NE,,-122.0340417,48.072391667,0,1,13,83,5,50,34,0,0,1,2,9,1,2,2,1,1,1,2,53,0,12,481,2010,0,,9,,,,,,1,1,34,2,0.0,,0,0,3,0,11,0,,,,,0.0,0.0,0.0,3.0,1,10,,,,0,,,,,,98,,,,,,98258,53,63.0,145.0,6.0,1.0,0.0,2.0,4.0,2.0,,0,,,,,,0,06/15/2018,02/15/2020,1,0,0,0,8.0,9,8,,,0,,,8,8,0.0,0.0,,,0.0,,,0,0,996.0,,,,,,,,,,,,,,,,,,,,,,,,,,,,,,0,0,0,0,0,0,0,0,0,1,0,1,0,0,0,0,0,0,0,0,0,0,0,0,0,0,0,0,0,1,0,0,1,0,0,,0,0,0,0,0,0,0,0,0,0,0,0,0,0,0,0,,,,,,31-35,26-35,County road,R,Sunday,Belt Used,PV,Not Fatal,0,0,0,0,County Road,County Sheriff,Snohomish County Sheriff's Office,0,0,1,0,0,,,,,,0.0,0.0,0.0,,,,,,,,,,,98.0,98.0,98.0,0.0,,,,,20.0,,,,,,,,,1.0,0.0,,,84TH ST NE,3.585,,,98258,Lake Stevens,Lake Stevens
3161,3233,3233,2021,35,EB05287,39.0,2021-02-07,1:25,7,2,,61,Snohomish,0,10,,2,1,2,1,1,3,2,,,,9,0,0,,1,0,1,4,1,2,4,0,0,0,0,CR-84TH ST NE,,-122.0340417,48.072391667,0,2,98,98,7,50,20,0,0,1,5,9,1,2,2,1,1,2,2,53,0,37,441,2003,0,,9,,,,,,1,1,59,2,0.0,,0,0,3,0,11,0,,,,,0.0,0.0,3.0,3.0,1,10,,,,0,,,,,,98,,,,,,98252,53,67.0,200.0,6.0,1.0,0.0,0.0,0.0,0.0,,0,,,,,,0,,,20,0,0,0,8.0,9,8,,,0,,,8,8,0.0,0.0,,,0.0,,,0,0,996.0,,,,,,,,,,,,,,,,,,,,,,,,,,,,,,0,0,0,0,0,0,0,0,0,1,0,1,0,0,0,0,0,0,0,0,0,0,0,0,0,0,0,0,0,1,0,0,1,0,0,,0,0,0,0,0,0,0,0,0,0,0,0,0,0,0,0,,,,,,56-60,56-65,County road,R,Sunday,Belt Used,PV,Not Fatal,0,0,0,0,County Road,County Sheriff,Snohomish County Sheriff's Office,0,0,1,0,0,,,,,,0.0,0.0,0.0,,,,,,,,,,,98.0,98.0,98.0,0.0,,,,,20.0,,,,,,,,,1.0,0.0,,,84TH ST NE,3.585,,,98258,Granite Falls,Lake Stevens
3162,3234,3234,2021,36,EB05893,8.0,2021-02-07,19:22,7,2,,27,Grays Harbor,0,10,,2,2,2,1,0,2,2,,,,12,0,2,1.5,1,0,1,5,1,2,8,0,3,0,0,MOCLIPS HWY,,-124.1961722,47.258122222,0,1,50,10,2,50,4,0,0,1,2,12,2,2,2,1,14,1,2,53,0,20,34,2000,0,,68,12.0,,,,,1,1,74,1,7.0,,4,7,20,7,11,0,02/07/2021,19:22,53007694.0,7694.0,0.0,0.0,3.0,3.0,1,28,,,,96,,,,,,98,,,,,,98587,53,69.0,156.0,6.0,1.0,0.0,0.0,0.0,0.0,,0,,,,,,0,,,20,0,0,0,0.0,9,8,,,0,,,8,8,2.0,695.0,605.0,401.0,1.0,1.0,1.0,2,1,0.146,,,,,,,,,,,,,,,,,,,,,,,,,,,,,,0,0,0,0,1,1,1,1,1,0,0,0,0,0,0,0,0,0,0,1,0,0,0,0,0,1,1,0,0,1,0,0,0,1,0,,1,0,0,0,0,1,1,1,0,0,0,0,0,0,0,1,,,,,,71-75,66-75,Other,R,Sunday,Not Used,PV,White,0,1,1,0,Other,State Patrol,Washington State Patrol,0,0,0,0,1,thc,7.2,carboxy-thc,16.0,,0.0,0.0,0.0,1.0,,,,,417.0,,,,,98.0,98.0,98.0,1.0,,,,,20.0,,,,,,,,nms,1.0,0.0,,,,,,,98587,Taholah,Taholah
3163,3235,3235,2021,36,EB05893,8.0,2021-02-07,19:22,7,2,,27,Grays Harbor,0,10,,2,2,2,1,0,2,2,,,,12,0,2,1.5,1,0,1,5,1,2,8,0,3,0,0,MOCLIPS HWY,,-124.1961722,47.258122222,0,2,51,62,4,50,15,0,0,1,2,12,3,2,2,1,14,1,2,53,0,49,422,2016,0,,12,,,,,,1,1,40,1,0.0,,2,0,20,7,11,0,,,,,0.0,0.0,3.0,3.0,1,0,,,,96,,,,,,98,,,,,,98562,53,69.0,210.0,6.0,1.0,0.0,1.0,0.0,0.0,,0,,,,,,0,09/15/2017,09/15/2017,8,0,0,0,8.0,9,8,,,0,,,8,8,0.0,0.0,,,0.0,,,0,0,996.0,,,,,,,,,,,,,,,,,,,,,,,,,,,,,,0,0,0,0,1,1,1,1,1,0,0,0,0,0,0,0,0,0,0,1,0,0,0,0,0,1,1,0,0,1,0,0,0,0,0,,0,0,0,0,0,0,0,0,0,0,0,0,0,0,0,0,,,,,,36-40,36-45,Other,R,Sunday,Not Used,PV,Not Fatal,0,1,1,0,Other,State Patrol,Washington State Patrol,0,0,0,0,1,,,,,,0.0,0.0,0.0,,,,,,,,,,,98.0,98.0,98.0,0.0,,,,,20.0,,,,,,,,,1.0,0.0,,,,,,,98587,Moclips,Taholah
3164,3236,3236,2021,37,EB06299,40.0,2021-01-04,1:22,4,1,,63,Spokane,0,10,,6,4,2,1,0,1,1,,,,35,0,0,2.2,1,0,1,5,1,2,4,0,0,0,0,CR-S DISHMAN MICA RD,,-117.2523083,47.590505556,0,1,1,13,2,45,4,0,0,1,5,35,3,8,2,1,14,1,1,16,0,7,29,2015,0,,63,35.0,43.0,2.0,,,1,1,19,2,7.0,,4,0,99,7,11,4,01/05/2021,12:41,211053000334.0,334.0,0.0,0.0,0.0,3.0,1,0,,,,96,,,,,,99,,,,,,83851,16,64.0,130.0,6.0,1.0,0.0,1.0,0.0,1.0,,0,,,,,,4,09/15/2020,09/15/2020,99,0,0,0,0.0,9,8,,,0,,,9,9,2.0,1.0,,,1.0,,,2,1,0.108,,,,,,,,,,,,,,,,,,,,,,,,,,,,,,0,0,1,0,1,1,0,1,0,0,0,0,1,0,0,0,0,0,0,0,0,1,1,0,1,0,0,0,0,1,0,0,0,0,0,,1,0,0,0,0,1,0,1,0,1,0,0,0,1,0,1,,,,,,18-20,16-25,County road,R,Monday,Unknown,PV,AIAN,0,1,0,0,County Road,County Sheriff,Spokane County Sheriff's Office,1,0,1,0,0,,,,,,0.0,0.0,0.0,,,,,,,,,,,98.0,98.0,98.0,3.0,,,,,20.0,,,,,,,,,1.0,0.0,,,DISHMAN-MICA RD,2.18,,,99206,Plummer,Spokane
3165,3237,3237,2021,38,EB06398,5.0,2021-01-31,9:49,31,1,,11,Clark,0,10,,1,2,2,1,0,2,1,,,,5,1,0,17.7,1,0,1,1,1,1,1,0,0,0,0,I-5,,-122.7066861,45.863955556,0,1,0,98,7,70,14,0,0,1,5,5,1,2,3,3,1,2,2,53,0,49,401,2021,0,,5,,,,,,1,1,30,1,0.0,,0,0,3,0,11,0,,,,,0.0,0.0,0.0,2.0,1,0,,,,96,,,,,,98,,,,,,97204,41,68.0,140.0,1.0,1.0,0.0,0.0,0.0,0.0,,97,,,,,,0,01/15/2016,09/15/2017,20,0,0,0,8.0,9,8,,,0,,,9,9,0.0,0.0,,,0.0,,,0,0,996.0,,,,,,,,,,,,,,,,,,,,,,,,,,,,,,0,0,0,0,0,0,0,0,0,0,0,0,0,1,0,0,0,0,0,1,0,0,0,0,0,0,0,0,0,1,0,0,0,0,0,,0,0,0,0,0,0,0,0,0,0,0,1,0,0,0,0,,,,,,26-30,26-35,Interstate,R,Sunday,Belt Used,PV,Not Fatal,0,0,0,0,State Route,State Patrol,WASHINGTON STATE PATROL,0,1,0,0,0,,,,,,0.0,0.0,2.0,,,,,,,,,,,98.0,98.0,98.0,0.0,,,,,20.0,,,,,,,,,1.0,0.0,,,,,,,98642,Portland,Ridgefield
3166,3238,3238,2021,39,EB06443,5.0,2021-02-12,10:23,12,2,,11,Clark,0,4,,1,4,2,1,0,2,2,,,,12,0,6,11.1,1,0,1,4,1,1,3,0,0,0,0,SR-500,,-122.4857556,45.670655556,0,1,66,6,1,50,4,0,0,1,2,12,1,4,2,1,1,1,1,53,0,35,47,2019,0,,68,12.0,,,,,1,1,52,2,1.0,,4,7,3,0,11,0,02/12/2021,10:23,53008093.0,8093.0,0.0,0.0,0.0,3.0,1,58,87.0,,,96,,,,,,98,,,,,,98661,53,62.0,150.0,6.0,1.0,0.0,1.0,1.0,1.0,,0,,,,,,4,06/15/2019,05/15/2019,2,0,0,0,0.0,9,8,,,0,,,8,8,2.0,996.0,404.0,,1.0,1.0,,2,1,0.0,,,,,,,,,,,,,,,,,,,,,,,,,,,,,,0,0,0,0,0,0,1,1,0,0,0,0,1,0,0,0,0,0,0,0,0,0,0,0,0,0,0,0,0,1,1,0,0,0,0,,1,0,0,0,0,0,1,1,0,1,0,0,0,0,1,0,,,,,,51-55,46-55,State route,R,Friday,Belt Used,PV,Hispanic,0,1,1,0,State Route,State Patrol,WASHINGTON STATE PATROL,0,1,0,0,0,,,,,,0.0,0.0,0.0,,,,,,,,,,,98.0,98.0,98.0,98.0,,,,,20.0,,,,,,,,,1.0,0.0,,,,,,,98682,Vancouver,Vancouver