,index,Unnamed: 0,year,case,par,repjur,crash_dt,crash_tm,accday,accmon,holiday,county,co_char,city,weather,weather2,lightcond,surfcond,surftype,numfatal,nmforms,pforms,vforms,not_tm,arr_tm,hosp_tm,fhevent,hitrun,manncol,milepnt,reljunc,reljuncinter,intersectiontype,funcsystem,landuse,ownership,route,schlbus,spejur,contdev,devfunc,trafid1,trafid2,lon,lat,wk_zone,vnumber,crashtype,criticalevent,criticaleventcat,spdlim,body,trailer,emerg,hazcargo,leave,mhevent,roadalgn,roadprof,traflane,trafflow,vehmanvr,numoccs,regowner,regstate,spuse,make,model,modelyr,vrf1,vrf2,seqevent1,seqevent2,seqevent3,seqevent4,seqevent5,seqevent6,pnumber,ptype,age,sex,hispanic,race,injury,diedscene,restraint,restraintmisuse,seatpos,takehosp,death_dt,death_tm,cert,cernum_wa,commlic,licendor,licrestrict,liccomp,drivpres,drf1,drf2,drf3,drf4,distract1,distract2,distract3,distract4,distract5,distract6,dricond1,dricond2,dricond3,dricond4,dricond5,dricond6,dzip,licstate,drhgt_in,weight,noncdl,noncdltype,prevdwi,prevoth,prevacc,prevspd,prevsus,driviol1,driviol2,driviol3,driviol4,driviol5,driviol6,spdrel,first_dt,last_dt,airbag,ejection,ejectpath,extricat,injurwrk,methalc,methdrug,nmlocat,strikveh,prf1,prf2,prf3,druginv,alcinvol,drugsts,drugres1,drugres2,drugres3,drugtst1,drugtst2,drugtst3,alcsts,alctst,alcres,nmact1,nmact2,nmact3,nmact4,nmact5,nmact6,nmprior1,nmprior2,nmprior3,nmprior4,nmprior5,nmprior6,nmcond1,nmcond2,nmcond3,nmcond4,nmcond5,nmcond6,nmsafe_helmet,nmsafe_pads,nmsafe_oth,nmprev_ref,nmprev_lgt,nmprev_oth,crashlocation,nmcrashtype,crosswalk,schoolzone,sidewalk,train_inv,wildlife_inv,rotr_fars,intersect_fars,dd_inv,aid_inv,dpd_inv,id_inv,mj_inv,impnm_inv,ainm_inv,dpnm_inv,speed_inv,unlic_inv,unendmc_inv,drowsy_inv,drdist_inv,nmdist_inv,fty_inv,unrestfat_inv,dr1617_inv,dr1820_inv,dr1620_inv,dr2125_inv,dr1625_inv,dr65_inv,dr70_inv,dr75_inv,mc_inv,pv_inv,ht_inv,ped_inv,bike_inv,unrest_fat,mc_fat,unhelmet_mc,pv_fat,ht_fat,ped_fat,bike_fat,dr_alc7,dr_alc8,dr_drug,dr_imp,dr_dist,dr_spd,dr_fty,dr_unlic,dr_alc7only,dr_alc8only,dr_drugonly,dr_drink,nm_imp,nm_alc7,nm_alc8,nm_drug,nm_dist,agegrp1,agegrp2,roadclass,urbrur,dayweek,restuse,vehtype,race_me,intersect,lanedep,oppdir,wrongway,rep_typ,investag,repag_long,rotr,st_rd,cty_rd,city_rd,oth_rd,drug_thc,thc_res,drug_cthc,cthc_res,drug_cann,prevpersemin,prevperse,prevsusoth,drugtst4,drugtst5,drugtst6,drugtst7,drugtst8,drugres4,drugres5,drugres6,drugres7,drugres8,adspresent,adsengaged,adslevel,race1,race2,race3,race4,race5,helmet,helmetmisuse,nmdistract1,nmdistract2,nmdistract3,nmdistract4,nmdistract5,nmdistract6,lab,isedtcase,crf1,crf2,crf3,CoRoadName,CoMP,IntCoRoadName,IntCoMP,crashzip,dcity,crashcity
3167,3239,3239,2021,39,EB06443,5.0,2021-02-12,10:23,12,2,,11,Clark,0,4,,1,4,2,1,0,2,2,,,,12,0,6,11.1,1,0,1,4,1,1,3,0,0,0,0,SR-500,,-122.4857556,45.670655556,0,2,66,62,4,50,67,0,0,1,2,12,1,4,2,1,1,1,3,53,0,7,880,2019,0,,12,,,,,,1,1,28,1,0.0,,0,0,3,0,11,0,,,,,0.0,0.0,0.0,3.0,1,0,,,,0,,,,,,98,,,,,,98682,53,68.0,228.0,6.0,1.0,0.0,1.0,0.0,1.0,,0,,,,,,0,04/15/2017,11/15/2018,20,0,0,0,8.0,9,8,,,0,,,8,8,8.0,95.0,,,96.0,,,8,95,995.0,,,,,,,,,,,,,,,,,,,,,,,,,,,,,,0,0,0,0,0,0,1,1,0,0,0,0,1,0,0,0,0,0,0,0,0,0,0,0,0,0,0,0,0,1,1,0,0,0,0,,0,0,0,0,0,0,0,0,0,0,0,0,0,0,0,0,,,,,,26-30,26-35,State route,R,Friday,,MHTRUCK,Not Fatal,0,1,1,0,State Route,State Patrol,WASHINGTON STATE PATROL,0,1,0,0,0,,,,,,0.0,0.0,0.0,,,,,,,,,,,98.0,98.0,98.0,0.0,,,,,20.0,,,,,,,,,1.0,0.0,,,,,,,98682,Vancouver,Vancouver
3168,3240,3240,2021,40,EB06654,5.0,2021-02-10,22:35,10,2,,11,Clark,2370,1,,3,1,1,1,1,5,1,,,,8,0,0,1.9,1,0,1,1,2,1,1,0,0,0,0,I-205,,-122.5590889,45.623769444,0,1,13,80,5,60,4,0,0,1,2,8,1,8,3,3,1,5,2,53,0,6,51,2011,0,,8,,,,,,1,1,42,1,0.0,,0,0,20,7,11,0,,,,,0.0,0.0,0.0,3.0,1,0,,,,96,,,,,,98,,,,,,98606,53,72.0,185.0,6.0,1.0,0.0,0.0,0.0,0.0,,0,,,,,,0,,,20,0,0,0,8.0,9,8,,,0,,,8,8,0.0,0.0,,,0.0,,,0,0,996.0,,,,,,,,,,,,,,,,,,,,,,,,,,,,,,0,0,0,0,0,0,0,0,0,1,0,1,0,0,0,0,0,0,0,0,0,0,0,0,0,0,0,0,0,1,0,1,0,0,0,,0,0,0,0,0,0,0,0,0,0,0,0,0,0,0,0,,,,,,41-45,36-45,Interstate,U,Wednesday,Not Used,PV,Not Fatal,0,0,0,0,State Route,State Patrol,Washington State Patrol,0,1,0,0,0,,,,,,0.0,0.0,0.0,,,,,,,,,,,98.0,98.0,98.0,0.0,,,,,20.0,,,,,,,,,1.0,0.0,,,,,,,98684,Brush Prairie,Vancouver
3169,3241,3241,2021,41,EB06747,6.0,2021-02-13,1:05,13,2,,47,Okanogan,0,10,,2,1,2,1,0,3,1,,,,1,0,0,66.8,1,0,1,4,1,1,3,0,3,0,0,SR-155,,-119.2915556,48.366819444,0,1,98,11,2,60,34,0,0,1,2,1,1,2,2,1,1,3,2,53,0,12,481,1998,0,,63,69.0,68.0,68.0,1.0,,1,1,20,1,0.0,,1,0,3,0,11,5,,,,,0.0,0.0,0.0,0.0,1,58,,,,96,,,,,,9,,,,,,98841,53,67.0,155.0,0.0,0.0,0.0,0.0,0.0,0.0,,12,79.0,,,,,0,,,8,0,0,0,8.0,9,8,,,0,,,1,1,2.0,695.0,605.0,,1.0,1.0,,2,1,0.072,,,,,,,,,,,,,,,,,,,,,,,,,,,,,,0,0,0,0,1,0,1,1,1,0,0,0,0,1,0,0,0,0,0,1,0,1,1,0,1,0,0,0,0,1,0,0,0,0,0,,0,0,0,0,1,0,1,1,0,0,0,1,0,0,0,1,,,,,,18-20,16-25,State route,R,Saturday,Belt Used,PV,Not Fatal,0,0,0,0,State Route,State Patrol,Washington State Patrol,0,1,0,0,0,thc,3.8,carboxy-thc,44.0,,0.0,0.0,0.0,,,,,,,,,,,0.0,0.0,0.0,0.0,,,,,20.0,,,,,,,,,1.0,0.0,,,,,,,98841,Omak,Omak
3170,3242,3242,2021,42,EB07082,315.0,2021-02-11,18:26,11,2,,7,Chelan,2460,1,,3,1,2,2,2,3,2,,,,12,0,7,0.8,1,0,1,3,2,1,3,0,0,0,0,SR-285,,-120.3177167,47.428402778,0,1,46,8,1,30,14,0,0,1,2,8,1,1,3,4,98,2,1,53,0,49,403,2017,0,,64,69.0,12.0,63.0,19.0,8.0,1,1,63,1,0.0,,2,0,3,0,11,5,,,,,0.0,0.0,0.0,3.0,1,0,,,,0,,,,,,1,,,,,,98802,53,73.0,220.0,6.0,1.0,0.0,0.0,0.0,0.0,,97,,,,,,0,,,1,0,0,0,8.0,9,8,,,0,,,0,0,0.0,0.0,,,0.0,,,0,0,996.0,,,,,,,,,,,,,,,,,,,,,,,,,,,,,,0,0,0,0,0,0,0,0,0,0,0,0,0,0,0,0,0,0,0,0,0,1,1,0,1,0,0,0,0,1,0,0,0,0,0,,0,0,0,0,0,0,0,0,0,0,0,0,0,0,0,0,,,,,,61-65,56-65,State route,U,Thursday,Belt Used,PV,Not Fatal,0,0,0,0,State Route,Municipal/City Police,Wenatchee Police Department,0,1,0,0,0,,,,,,0.0,0.0,0.0,,,,,,,,,,,98.0,98.0,98.0,0.0,,,,,20.0,,,,,,,,,1.0,0.0,,,,,,,98801,East Wenatchee,Wenatchee
3171,3243,3243,2021,42,EB07082,315.0,2021-02-11,18:26,11,2,,7,Chelan,2460,1,,3,1,2,2,2,3,2,,,,12,0,7,0.8,1,0,1,3,2,1,3,0,0,0,0,SR-285,,-120.3177167,47.428402778,0,2,45,61,4,30,4,0,0,1,5,12,1,1,3,4,1,1,2,53,0,49,32,2010,0,,12,,,,,,1,1,20,2,0.0,,0,0,3,0,11,0,,,,,0.0,0.0,0.0,3.0,1,0,,,,96,,,,,,98,,,,,,98858,53,60.0,140.0,6.0,1.0,0.0,0.0,0.0,0.0,,0,,,,,,0,,,20,0,0,0,8.0,9,8,,,0,,,8,8,0.0,0.0,,,0.0,,,0,0,996.0,,,,,,,,,,,,,,,,,,,,,,,,,,,,,,0,0,0,0,0,0,0,0,0,0,0,0,0,0,0,0,0,0,0,0,0,1,1,0,1,0,0,0,0,1,0,0,0,0,0,,0,0,0,0,0,0,0,0,0,0,0,0,0,0,0,0,,,,,,18-20,16-25,State route,U,Thursday,Belt Used,PV,Not Fatal,0,0,0,0,State Route,Municipal/City Police,Wenatchee Police Department,0,1,0,0,0,,,,,,0.0,0.0,0.0,,,,,,,,,,,98.0,98.0,98.0,0.0,,,,,20.0,,,,,,,,,1.0,0.0,,,,,,,98801,Waterville,Wenatchee
3172,3244,3244,2021,43,EB07085,25.0,2021-02-13,20:56,13,2,,33,King,0,10,,2,1,2,1,0,2,1,,,,1,0,0,2.7,1,0,1,7,1,2,4,0,0,0,0,CR-236TH AVE SE,,-122.0269056,47.217402778,0,1,1,9,1,35,96,0,0,1,2,1,1,1,2,1,1,2,1,53,0,98,734,2019,0,,63,1.0,,,,,1,1,51,1,7.0,,4,7,20,7,11,0,02/13/2021,20:56,53008152.0,8152.0,0.0,0.0,0.0,1.0,1,87,,,,96,,,,,,9,,,,,,98022,53,65.0,180.0,6.0,1.0,0.0,0.0,0.0,0.0,,0,,,,,,4,,,20,1,9,0,0.0,9,8,,,0,,,0,1,2.0,1.0,,,1.0,,,2,1,0.254,,,,,,,,,,,,,,,,,,,,,,,,,,,,,,0,0,1,0,1,1,0,1,0,0,0,0,1,0,0,0,0,0,0,0,0,0,0,0,0,0,0,0,0,0,0,0,0,0,0,,0,0,0,0,0,1,0,1,0,1,0,0,0,1,0,1,,,,,,51-55,46-55,County road,R,Saturday,,OTHVT,White,0,1,0,0,County Road,County Sheriff,King County Police,1,0,1,0,0,,,,,,0.0,0.0,0.0,,,,,,,,,,,0.0,0.0,0.0,1.0,,,,,17.0,,,,,,,,,1.0,0.0,,,236 AVE SE,2.7,,,98022,Enumclaw,Enumclaw
3173,3245,3245,2021,44,3881326,263.0,2021-01-24,2:30,24,1,,33,King,1960,10,,3,2,2,1,0,2,1,,,,20,0,0,0.0,19,1,1,3,2,4,6,0,0,0,0,4TH AVE S,,-122.3290028,47.588791667,0,1,6,60,4,30,34,0,0,1,2,20,1,1,2,3,1,2,3,4,0,7,482,2020,0,,64,20.0,,,,,1,1,29,1,0.0,,1,0,99,7,11,0,,,,,0.0,0.0,0.0,2.0,1,58,,,,96,,,,,,0,,,,,,98023,53,68.0,147.0,1.0,1.0,0.0,3.0,1.0,4.0,,97,,,,,,0,01/15/2017,01/15/2020,8,0,0,0,8.0,5,3,,,0,,,0,0,0.0,0.0,,,0.0,,,0,0,996.0,,,,,,,,,,,,,,,,,,,,,,,,,,,,,,0,0,1,0,0,0,0,0,0,0,0,0,0,1,0,0,0,0,0,0,0,0,0,0,0,0,0,0,0,1,0,0,0,0,0,,0,0,0,0,0,0,0,0,0,0,0,1,0,0,0,0,,,,,,26-30,26-35,City street,U,Sunday,Unknown,PV,Not Fatal,0,1,0,0,State Route,Municipal/City Police,Seattle Police Department,1,1,0,0,0,,,,,,0.0,0.0,2.0,,,,,,,,,,,98.0,98.0,98.0,0.0,,,,,20.0,,,,,,,,,1.0,0.0,,,,,,,98134,Federal Way,Seattle
3174,3246,3246,2021,45,EB07892,29.0,2021-02-01,0:00,1,2,,41,Lewis,0,2,,2,2,2,1,0,1,1,,,,24,0,0,0.6,1,0,1,5,1,2,4,0,0,0,0,CR-CENTRALIA ALPHA RD,,-122.9293056,46.693266667,0,1,6,12,2,35,83,0,0,1,2,24,3,2,2,1,14,1,2,53,0,37,704,2005,0,,68,64.0,24.0,,,,1,1,37,1,7.0,,4,7,20,7,11,0,02/01/2021,0:00,53007458.0,7458.0,0.0,0.0,3.0,2.0,1,23,,,,96,,,,,,98,,,,,,98585,53,72.0,220.0,6.0,1.0,2.0,1.0,1.0,0.0,,0,,,,,,4,07/15/2017,08/15/2020,20,8,0,0,0.0,9,8,,,0,,,9,9,2.0,1.0,,,1.0,,,2,1,0.245,,,,,,,,,,,,,,,,,,,,,,,,,,,,,,0,0,1,0,1,1,0,1,0,0,0,0,1,0,1,0,0,0,0,0,0,0,0,0,0,0,0,0,1,0,0,0,0,0,1,0.0,0,0,0,0,0,1,0,1,0,1,0,0,0,1,0,1,,,,,,36-40,36-45,County road,R,Monday,,MC,White,0,1,0,0,County Road,County Sheriff,Lewis County Sheriff's Office,1,0,1,0,0,,,,,,0.0,2.0,0.0,,,,,,,,,,,0.0,0.0,0.0,1.0,,,,,5.0,,,,,,,,,1.0,0.0,,,CENTRALIA ALPHA RD,0.6,,,98531,Silver Creek,Centralia
3175,3247,3247,2021,46,EB10266,1.0,2021-02-26,10:44,26,2,,77,Yakima,0,1,,1,1,2,1,0,2,2,,,,12,0,7,0.2,20,1,1,1,2,1,1,0,0,0,0,I-82 RAMP,,-120.4753694,46.540455556,0,1,98,21,2,35,6,0,0,1,2,12,1,1,1,6,12,1,1,53,0,2,1,2007,0,,12,,,,,,1,1,22,2,0.0,,2,0,3,0,11,5,,,,,0.0,0.0,0.0,0.0,1,48,,,,96,,,,,,0,,,,,,98908,53,63.0,140.0,0.0,0.0,0.0,1.0,1.0,1.0,,97,,,,,,0,02/15/2020,09/15/2021,20,0,0,0,8.0,9,8,,,0,,,0,8,0.0,0.0,,,0.0,,,0,0,996.0,,,,,,,,,,,,,,,,,,,,,,,,,,,,,,0,0,0,0,1,0,1,1,0,0,0,0,0,1,0,0,0,0,0,0,0,0,0,1,1,0,0,0,0,1,0,0,0,0,0,,0,0,0,0,0,0,0,0,0,0,0,1,0,0,0,0,,,,,,21-25,16-25,Interstate,U,Friday,Belt Used,PV,Not Fatal,0,0,0,0,State Route,State Patrol,Washington State Patrol,0,1,0,0,0,,,,,,0.0,0.0,0.0,,,,,,,,,,,98.0,98.0,98.0,0.0,,,,,20.0,,,,,,,,,1.0,0.0,,,,,,,98903,Yakima,Yakima
3176,3248,3248,2021,46,EB10266,1.0,2021-02-26,10:44,26,2,,77,Yakima,0,1,,1,1,2,1,0,2,2,,,,12,0,7,0.2,20,1,1,1,2,1,1,0,0,0,0,I-82 RAMP,,-120.4753694,46.540455556,0,2,98,98,7,35,6,0,0,1,2,3,1,1,1,6,1,1,1,53,0,48,45,2012,0,,12,68.0,64.0,1.0,3.0,,1,1,60,1,7.0,,4,0,3,0,11,5,02/27/2021,20:08,259053010220.0,10220.0,0.0,0.0,3.0,3.0,1,0,,,,0,,,,,,98,,,,,,98953,53,74.0,200.0,6.0,1.0,0.0,0.0,1.0,0.0,,0,,,,,,0,10/15/2017,10/15/2017,8,0,0,0,0.0,1,8,,,0,,,9,1,2.0,348.0,996.0,151.0,1.0,1.0,1.0,2,1,0.036,,,,,,,,,,,,,,,,,,,,,,,,,,,,,,0,0,0,0,1,0,1,1,0,0,0,0,0,1,0,0,0,0,0,0,0,0,0,1,1,0,0,0,0,1,0,0,0,0,0,,1,0,0,0,1,0,1,1,0,0,0,0,0,0,0,1,,,,,,56-60,56-65,Interstate,U,Friday,Belt Used,PV,White,0,0,0,0,State Route,State Patrol,Washington State Patrol,0,1,0,0,0,,,,,,0.0,0.0,0.0,1.0,,,,,996.0,,,,,98.0,98.0,98.0,1.0,,,,,20.0,,,,,,,,,1.0,0.0,,,,,,,98903,Zillah,Yakima
3177,3249,3249,2021,47,EB10644,8.0,2021-02-19,18:05,19,2,,35,Kitsap,0,10,,2,2,2,1,1,2,3,,,,12,0,6,3.2,8,0,1,4,1,1,3,0,0,0,0,SR-160,,-122.5814528,47.505086111,0,2,98,50,3,45,6,0,0,1,2,12,1,1,2,1,1,1,1,53,0,55,35,2009,0,,12,8.0,68.0,12.0,,,1,1,74,1,0.0,,1,0,3,0,11,5,,,,,0.0,0.0,3.0,3.0,1,0,,,,0,,,,,,98,,,,,,98366,53,69.0,180.0,6.0,1.0,0.0,0.0,0.0,0.0,,0,,,,,,0,,,1,0,0,0,8.0,9,8,,,0,,,8,8,8.0,95.0,,,96.0,,,8,95,995.0,,,,,,,,,,,,,,,,,,,,,,,,,,,,,,0,0,0,0,0,0,0,0,0,0,0,0,0,0,0,0,0,0,0,0,0,0,0,0,0,1,1,0,0,1,0,1,0,0,0,,0,0,0,0,0,0,0,0,0,0,0,0,0,0,0,0,,,,,,71-75,66-75,State route,R,Friday,Belt Used,PV,Not Fatal,0,1,1,0,State Route,State Patrol,Washington State Patrol,0,1,0,0,0,,,,,,0.0,0.0,0.0,,,,,,,,,,,98.0,98.0,98.0,0.0,,,,,20.0,,,,,,,,,1.0,0.0,,,,,,,98366,Port Orchard,Port Orchard
3178,3250,3250,2021,47,EB10644,8.0,2021-02-19,18:05,19,2,,35,Kitsap,0,10,,2,2,2,1,1,2,3,,,,12,0,6,3.2,8,0,1,4,1,1,3,0,0,0,0,SR-160,,-122.5814528,47.505086111,0,3,98,62,4,45,4,0,0,1,2,12,1,1,2,1,5,1,3,53,0,12,17,2009,0,,12,,,,,,1,1,29,1,0.0,,0,0,3,0,11,0,,,,,0.0,0.0,3.0,3.0,1,0,,,,0,,,,,,98,,,,,,98367,53,68.0,136.0,6.0,1.0,0.0,0.0,0.0,0.0,,0,,,,,,0,,,1,0,0,0,8.0,9,8,,,0,,,8,8,8.0,95.0,,,96.0,,,8,95,995.0,,,,,,,,,,,,,,,,,,,,,,,,,,,,,,0,0,0,0,0,0,0,0,0,0,0,0,0,0,0,0,0,0,0,0,0,0,0,0,0,1,1,0,0,1,0,1,0,0,0,,0,0,0,0,0,0,0,0,0,0,0,0,0,0,0,0,,,,,,26-30,26-35,State route,R,Friday,Belt Used,PV,Not Fatal,0,1,1,0,State Route,State Patrol,Washington State Patrol,0,1,0,0,0,,,,,,0.0,0.0,0.0,,,,,,,,,,,98.0,98.0,98.0,0.0,,,,,20.0,,,,,,,,,1.0,0.0,,,,,,,98366,Port Orchard,Port Orchard
3179,3251,3251,2021,48,EB10945,5.0,2021-02-23,3:08,23,2,,11,Clark,0,10,,2,1,2,1,1,5,4,,,,8,0,0,9.1,1,0,1,1,2,1,1,0,0,0,0,I-5,,-122.6611306,45.744991667,0,1,13,80,5,60,66,1,0,1,2,8,1,1,4,3,1,1,3,18,0,85,881,2013,0,,8,,,,,,1,1,42,1,0.0,,0,0,3,0,11,0,,,,,6.0,0.0,0.0,3.0,1,0,,,,96,,,,,,98,,,,,,98374,53,68.0,178.0,6.0,1.0,0.0,0.0,2.0,0.0,,0,,,,,,0,12/15/2017,06/15/2018,20,0,0,0,8.0,9,8,,,0,,,8,8,0.0,0.0,,,0.0,,,0,0,996.0,,,,,,,,,,,,,,,,,,,,,,,,,,,,,,0,0,0,0,0,0,0,0,0,1,0,1,0,0,0,0,0,0,0,0,0,0,0,0,0,0,0,0,0,1,1,1,0,0,0,,0,0,0,0,0,0,0,0,0,0,0,0,0,0,0,0,,,,,,41-45,36-45,Interstate,U,Tuesday,,MHTRUCK,Not Fatal,0,0,0,0,State Route,State Patrol,Washington State Patrol,0,1,0,0,0,,,,,,0.0,0.0,0.0,,,,,,,,,,,98.0,98.0,98.0,0.0,,,,,20.0,,,,,,,,,1.0,0.0,,,,,,,98642,Puyallup,Ridgefield
3180,3252,3252,2021,48,EB10945,5.0,2021-02-23,3:08,23,2,,11,Clark,0,10,,2,1,2,1,1,5,4,,,,8,0,0,9.1,1,0,1,1,2,1,1,0,0,0,0,I-5,,-122.6611306,45.744991667,0,2,98,80,5,60,4,0,0,1,2,8,1,1,4,3,1,1,9,13,0,34,34,2017,0,,8,,,,,,1,1,37,1,0.0,,0,0,3,0,11,0,,,,,0.0,0.0,0.0,3.0,1,0,,,,96,,,,,,98,,,,,,97267,41,70.0,170.0,6.0,1.0,0.0,1.0,1.0,1.0,,0,,,,,,0,01/15/2019,12/15/2020,20,0,0,0,8.0,9,8,,,0,,,8,8,0.0,0.0,,,0.0,,,0,0,996.0,,,,,,,,,,,,,,,,,,,,,,,,,,,,,,0,0,0,0,0,0,0,0,0,1,0,1,0,0,0,0,0,0,0,0,0,0,0,0,0,0,0,0,0,1,1,1,0,0,0,,0,0,0,0,0,0,0,0,0,0,0,0,0,0,0,0,,,,,,36-40,36-45,Interstate,U,Tuesday,Belt Used,PV,Not Fatal,0,0,0,0,State Route,State Patrol,Washington State Patrol,0,1,0,0,0,,,,,,0.0,0.0,0.0,,,,,,,,,,,98.0,98.0,98.0,0.0,,,,,20.0,,,,,,,,,1.0,0.0,,,,,,,98642,Portland,Ridgefield
3181,3253,3253,2021,48,EB10945,5.0,2021-02-23,3:08,23,2,,11,Clark,0,10,,2,1,2,1,1,5,4,,,,8,0,0,9.1,1,0,1,1,2,1,1,0,0,0,0,I-5,,-122.6611306,45.744991667,0,3,98,80,5,60,66,1,0,1,2,8,1,1,4,3,1,1,3,18,0,82,881,2020,0,,8,,,,,,1,1,31,2,0.0,,0,0,3,0,11,0,,,,,6.0,1.0,3.0,3.0,1,0,,,,96,,,,,,98,,,,,,97322,41,61.0,215.0,6.0,1.0,0.0,2.0,1.0,0.0,,0,,,,,,0,06/15/2018,05/15/2019,20,0,0,0,8.0,9,8,,,0,,,0,8,0.0,0.0,,,0.0,,,0,0,996.0,,,,,,,,,,,,,,,,,,,,,,,,,,,,,,0,0,0,0,0,0,0,0,0,1,0,1,0,0,0,0,0,0,0,0,0,0,0,0,0,0,0,0,0,1,1,1,0,0,0,,0,0,0,0,0,0,0,0,0,0,0,0,0,0,0,0,,,,,,31-35,26-35,Interstate,U,Tuesday,,MHTRUCK,Not Fatal,0,0,0,0,State Route,State Patrol,Washington State Patrol,0,1,0,0,0,,,,,,0.0,0.0,0.0,,,,,,,,,,,98.0,98.0,98.0,0.0,,,,,20.0,,,,,,,,,1.0,0.0,,,,,,,98642,Albany,Ridgefield
3182,3254,3254,2021,48,EB10945,5.0,2021-02-23,3:08,23,2,,11,Clark,0,10,,2,1,2,1,1,5,4,,,,8,0,0,9.1,1,0,1,1,2,1,1,0,0,0,0,I-5,,-122.6611306,45.744991667,0,4,98,80,5,60,4,0,0,1,5,8,1,1,4,3,1,2,1,53,0,37,31,2008,0,,8,,,,,,1,1,47,2,0.0,,0,0,99,7,11,0,,,,,0.0,0.0,0.0,3.0,1,0,,,,96,,,,,,98,,,,,,98665,53,61.0,210.0,6.0,1.0,0.0,0.0,0.0,0.0,,0,,,,,,0,08/15/2016,02/15/2017,20,0,0,0,8.0,9,8,,,0,,,8,8,0.0,0.0,,,0.0,,,0,0,996.0,,,,,,,,,,,,,,,,,,,,,,,,,,,,,,0,0,0,0,0,0,0,0,0,1,0,1,0,0,0,0,0,0,0,0,0,0,0,0,0,0,0,0,0,1,1,1,0,0,0,,0,0,0,0,0,0,0,0,0,0,0,0,0,0,0,0,,,,,,46-50,46-55,Interstate,U,Tuesday,Unknown,PV,Not Fatal,0,0,0,0,State Route,State Patrol,Washington State Patrol,0,1,0,0,0,,,,,,0.0,0.0,3.0,,,,,,,,,,,98.0,98.0,98.0,0.0,,,,,20.0,,,,,,,,,1.0,0.0,,,,,,,98642,Vancouver,Ridgefield
3183,3255,3255,2021,49,EB11024,38.0,2021-02-21,11:30,21,2,,59,Skamania,0,2,,1,2,2,1,0,1,1,,,,1,0,0,11.2,1,0,1,5,1,2,4,0,0,0,0,CR-COOK UNDERWOOD RD,,-121.5576306,45.732180556,0,1,1,13,2,40,15,0,0,1,2,1,3,2,2,1,14,1,1,53,0,37,421,2012,0,,63,67.0,1.0,,,,1,1,67,1,7.0,,4,7,20,7,11,0,02/21/2021,11:30,53010560.0,10560.0,0.0,0.0,3.0,3.0,1,0,,,,0,,,,,,2,,,,,,98605,53,72.0,240.0,6.0,1.0,0.0,0.0,0.0,0.0,,0,,,,,,0,,,1,0,0,0,0.0,9,8,,,0,,,9,9,2.0,1.0,,,1.0,,,2,1,0.0,,,,,,,,,,,,,,,,,,,,,,,,,,,,,,0,0,1,0,0,0,0,0,0,0,0,0,0,0,0,1,0,0,0,1,0,0,0,0,0,1,0,0,0,1,0,0,0,1,0,,1,0,0,0,0,0,0,0,0,0,0,0,0,0,0,0,,,,,,66-70,66-75,County road,R,Sunday,Not Used,PV,White,0,1,0,0,County Road,County Sheriff,Skamania County Sheriff's Office,1,0,1,0,0,,,,,,0.0,0.0,0.0,,,,,,,,,,,98.0,98.0,98.0,1.0,,,,,20.0,,,,,,,,,1.0,0.0,,,COOK-UNDERWOOD ROAD,11.2,,,98651,Bingen,Underwood
3184,3256,3256,2021,51,EB11532,7.0,2021-02-25,19:25,25,2,,33,King,100,10,,3,1,1,1,0,2,2,,,,12,0,2,6.8,1,0,1,2,2,1,3,0,0,0,0,SR-18,,-122.1838972,47.298605556,0,1,52,54,3,60,14,0,0,1,2,12,4,1,2,3,14,1,1,53,0,20,403,2005,0,,12,,,,,,1,1,39,1,0.0,,3,0,99,7,11,5,,,,,0.0,0.0,0.0,2.0,1,6,51.0,,,96,,,,,,9,,,,,,98349,53,68.0,175.0,1.0,1.0,0.0,4.0,0.0,1.0,,97,,,,,,0,01/15/2017,04/15/2021,1,0,0,0,8.0,9,8,,,0,,,1,0,2.0,401.0,417.0,695.0,1.0,1.0,1.0,2,1,0.0,,,,,,,,,,,,,,,,,,,,,,,,,,,,,,0,0,0,0,0,0,1,1,1,0,0,0,0,1,0,0,0,0,0,0,0,0,0,0,0,0,0,0,0,1,0,0,0,0,0,,0,0,0,0,0,0,1,1,0,0,0,1,0,0,1,0,,,,,,36-40,36-45,State route,U,Thursday,Unknown,PV,Not Fatal,0,0,0,1,State Route,State Patrol,Washington State Patrol,0,1,0,0,0,thc,4.7,carboxy-thc,63.0,,0.0,0.0,1.0,1.0,1.0,1.0,,,605.0,321.0,351.0,,,98.0,98.0,98.0,0.0,,,,,20.0,,,,,,,,,1.0,0.0,,,,,,,98092,Lakebay,Auburn