,index,Unnamed: 0,year,case,par,repjur,crash_dt,crash_tm,accday,accmon,holiday,county,co_char,city,weather,weather2,lightcond,surfcond,surftype,numfatal,nmforms,pforms,vforms,not_tm,arr_tm,hosp_tm,fhevent,hitrun,manncol,milepnt,reljunc,reljuncinter,intersectiontype,funcsystem,landuse,ownership,route,schlbus,spejur,contdev,devfunc,trafid1,trafid2,lon,lat,wk_zone,vnumber,crashtype,criticalevent,criticaleventcat,spdlim,body,trailer,emerg,hazcargo,leave,mhevent,roadalgn,roadprof,traflane,trafflow,vehmanvr,numoccs,regowner,regstate,spuse,make,model,modelyr,vrf1,vrf2,seqevent1,seqevent2,seqevent3,seqevent4,seqevent5,seqevent6,pnumber,ptype,age,sex,hispanic,race,injury,diedscene,restraint,restraintmisuse,seatpos,takehosp,death_dt,death_tm,cert,cernum_wa,commlic,licendor,licrestrict,liccomp,drivpres,drf1,drf2,drf3,drf4,distract1,distract2,distract3,distract4,distract5,distract6,dricond1,dricond2,dricond3,dricond4,dricond5,dricond6,dzip,licstate,drhgt_in,weight,noncdl,noncdltype,prevdwi,prevoth,prevacc,prevspd,prevsus,driviol1,driviol2,driviol3,driviol4,driviol5,driviol6,spdrel,first_dt,last_dt,airbag,ejection,ejectpath,extricat,injurwrk,methalc,methdrug,nmlocat,strikveh,prf1,prf2,prf3,druginv,alcinvol,drugsts,drugres1,drugres2,drugres3,drugtst1,drugtst2,drugtst3,alcsts,alctst,alcres,nmact1,nmact2,nmact3,nmact4,nmact5,nmact6,nmprior1,nmprior2,nmprior3,nmprior4,nmprior5,nmprior6,nmcond1,nmcond2,nmcond3,nmcond4,nmcond5,nmcond6,nmsafe_helmet,nmsafe_pads,nmsafe_oth,nmprev_ref,nmprev_lgt,nmprev_oth,crashlocation,nmcrashtype,crosswalk,schoolzone,sidewalk,train_inv,wildlife_inv,rotr_fars,intersect_fars,dd_inv,aid_inv,dpd_inv,id_inv,mj_inv,impnm_inv,ainm_inv,dpnm_inv,speed_inv,unlic_inv,unendmc_inv,drowsy_inv,drdist_inv,nmdist_inv,fty_inv,unrestfat_inv,dr1617_inv,dr1820_inv,dr1620_inv,dr2125_inv,dr1625_inv,dr65_inv,dr70_inv,dr75_inv,mc_inv,pv_inv,ht_inv,ped_inv,bike_inv,unrest_fat,mc_fat,unhelmet_mc,pv_fat,ht_fat,ped_fat,bike_fat,dr_alc7,dr_alc8,dr_drug,dr_imp,dr_dist,dr_spd,dr_fty,dr_unlic,dr_alc7only,dr_alc8only,dr_drugonly,dr_drink,nm_imp,nm_alc7,nm_alc8,nm_drug,nm_dist,agegrp1,agegrp2,roadclass,urbrur,dayweek,restuse,vehtype,race_me,intersect,lanedep,oppdir,wrongway,rep_typ,investag,repag_long,rotr,st_rd,cty_rd,city_rd,oth_rd,drug_thc,thc_res,drug_cthc,cthc_res,drug_cann,prevpersemin,prevperse,prevsusoth,drugtst4,drugtst5,drugtst6,drugtst7,drugtst8,drugres4,drugres5,drugres6,drugres7,drugres8,adspresent,adsengaged,adslevel,race1,race2,race3,race4,race5,helmet,helmetmisuse,nmdistract1,nmdistract2,nmdistract3,nmdistract4,nmdistract5,nmdistract6,lab,isedtcase,crf1,crf2,crf3,CoRoadName,CoMP,IntCoRoadName,IntCoMP,crashzip,dcity,crashcity
3223,3295,3295,2021,73,EB15826,40.0,2021-03-06,3:03,6,3,,63,Spokane,0,1,,2,1,2,1,0,2,1,,,,42,0,0,,1,0,1,4,1,2,4,0,0,0,0,CR-N GOVERNMENT WAY,,-117.4689639,47.665397222,0,1,1,13,2,35,16,0,0,1,2,42,1,1,2,1,1,2,2,53,0,23,431,2000,0,,63,42.0,,,,,1,1,39,1,0.0,,2,0,99,7,11,0,,,,,0.0,0.0,0.0,2.0,1,0,,,,96,,,,,,9,,,,,,99001,53,69.0,180.0,1.0,1.0,1.0,0.0,1.0,0.0,,1,71.0,,,,,0,04/15/2020,04/15/2020,20,9,0,0,8.0,9,8,,,0,,,1,8,2.0,695.0,605.0,401.0,1.0,1.0,1.0,2,1,0.0,,,,,,,,,,,,,,,,,,,,,,,,,,,,,,0,0,1,0,0,0,1,1,1,0,0,0,0,1,0,0,0,0,0,0,0,0,0,0,0,0,0,0,0,1,0,0,0,0,0,,0,0,0,0,0,0,1,1,0,0,0,1,0,0,1,0,,,,,,36-40,36-45,County road,R,Saturday,Unknown,PV,Not Fatal,0,1,0,0,County Road,County Sheriff,Spokane County Sheriff's Office,1,0,1,0,0,thc,3.3,carboxy-thc,53.0,,0.0,1.0,1.0,1.0,,,,,417.0,,,,,98.0,98.0,98.0,0.0,,,,,20.0,,,,,,,,,1.0,0.0,,,GOVERNMENT WY,2.02,,,99224,Airway Heights,Spokane
3224,3296,3296,2021,74,EB16509,35.0,2021-03-24,21:19,24,3,,53,Pierce,0,2,,2,2,2,1,0,1,1,,,,42,0,0,9.0,1,0,1,4,1,2,4,0,0,0,0,CR-ORVILLE RD E,,-122.2004028,47.005280556,0,1,2,9,1,45,34,0,0,1,2,42,2,1,2,1,14,1,1,53,0,12,481,2015,0,,63,42.0,1.0,,,,1,1,43,1,7.0,,4,0,20,7,11,0,03/24/2021,21:48,53014621.0,14621.0,6.0,0.0,0.0,3.0,1,0,,,,96,,,,,,98,,,,,,98338,53,72.0,270.0,6.0,1.0,0.0,1.0,0.0,1.0,,0,,,,,,3,11/15/2017,11/15/2018,8,0,0,0,0.0,9,8,,,0,,,8,8,2.0,1.0,,,1.0,,,2,1,0.17,,,,,,,,,,,,,,,,,,,,,,,,,,,,,,0,0,0,0,1,1,0,1,0,0,0,0,1,0,0,0,0,0,0,1,0,0,0,0,0,0,0,0,0,1,0,0,0,1,0,,1,0,0,0,0,1,0,1,0,1,0,0,0,1,0,1,,,,,,41-45,36-45,County road,R,Wednesday,Not Used,PV,White,0,1,0,0,County Road,County Sheriff,Law Enforcement Support Agency,1,0,1,0,0,,,,,,0.0,0.0,1.0,,,,,,,,,,,98.0,98.0,98.0,1.0,,,,,20.0,,,,,,,,,1.0,0.0,,,ORVILLE RD E,9.3,,,98360,Graham,Orting
3225,3297,3297,2021,75,EB17222,303.0,2021-03-27,19:40,27,3,,53,Pierce,2337,1,,5,1,2,1,0,2,2,,,,12,0,6,0.0,2,0,3,3,2,4,6,0,0,3,3,BRIDGEPORT WAY W,67th Ave W,-122.5274889,47.199333333,0,1,69,17,2,35,80,0,0,1,2,12,1,2,4,1,1,1,1,53,0,73,705,2006,0,,12,,,,,,1,1,26,1,7.0,,4,8,20,7,11,5,03/27/2021,20:11,223053015210.0,15210.0,6.0,0.0,0.0,2.0,1,0,,,,96,,,,,,98,,,,,,98466,53,68.0,180.0,6.0,1.0,0.0,0.0,0.0,1.0,,0,,,,,,3,02/15/2017,02/15/2017,20,8,0,0,0.0,9,8,,,0,,,8,8,8.0,95.0,,,96.0,,,8,95,995.0,,,,,,,,,,,,,,,,,,,,,,,,,,,,,,0,0,0,1,0,0,0,0,0,0,0,0,1,0,1,0,0,0,0,0,0,0,0,0,0,0,0,0,1,1,0,0,0,0,1,0.0,0,0,0,0,0,0,0,0,0,1,0,0,0,0,0,0,,,,,,26-30,26-35,City street,U,Saturday,,MC,White,1,0,0,0,City Street,Municipal/City Police,University Place Police Department,0,0,0,1,0,,,,,,0.0,0.0,0.0,,,,,,,,,,,0.0,0.0,0.0,1.0,,,,,98.0,,,,,,,,,1.0,0.0,,,,,,,98467,Tacoma,University Place
3226,3298,3298,2021,75,EB17222,303.0,2021-03-27,19:40,27,3,,53,Pierce,2337,1,,5,1,2,1,0,2,2,,,,12,0,6,0.0,2,0,3,3,2,4,6,0,0,3,3,BRIDGEPORT WAY W,67th Ave W,-122.5274889,47.199333333,0,2,68,15,2,35,14,0,0,1,2,12,1,2,5,5,11,1,1,53,0,13,401,2005,0,,12,,,,,,1,1,54,2,0.0,,0,0,3,0,11,0,,,,,0.0,0.0,3.0,3.0,1,0,,,,96,,,,,,98,,,,,,98023,53,61.0,200.0,6.0,1.0,0.0,0.0,1.0,0.0,,0,,,,,,0,11/15/2017,11/15/2017,1,0,0,0,8.0,9,8,,,0,,,8,8,8.0,95.0,,,96.0,,,8,95,995.0,,,,,,,,,,,,,,,,,,,,,,,,,,,,,,0,0,0,1,0,0,0,0,0,0,0,0,1,0,1,0,0,0,0,0,0,0,0,0,0,0,0,0,1,1,0,0,0,0,0,,0,0,0,0,0,0,0,0,0,0,0,0,0,0,0,0,,,,,,51-55,46-55,City street,U,Saturday,Belt Used,PV,Not Fatal,1,0,0,0,City Street,Municipal/City Police,University Place Police Department,0,0,0,1,0,,,,,,0.0,0.0,0.0,,,,,,,,,,,98.0,98.0,98.0,0.0,,,,,20.0,,,,,,,,,1.0,0.0,,,,,,,98467,Federal Way,University Place
3227,3299,3299,2021,76,EB17427,2.0,2021-03-16,12:53,16,3,,57,Skagit,0,1,,1,1,2,1,0,2,2,,,,12,0,2,,1,0,1,4,1,2,4,0,0,0,0,CR-HIGGINS AIRPORT WAY,,-122.4135583,48.454708333,0,1,50,10,2,50,14,0,0,1,2,12,1,1,2,1,1,1,1,53,0,38,402,1997,0,,68,12.0,,,,,1,1,25,1,7.0,,4,7,3,0,11,0,03/16/2021,12:53,53013205.0,13205.0,0.0,0.0,0.0,3.0,1,28,,,,92,,,,,,98,,,,,,98225,53,75.0,170.0,6.0,1.0,0.0,1.0,0.0,0.0,,0,,,,,,0,08/15/2017,08/15/2017,1,0,0,0,0.0,9,8,,,0,,,8,8,2.0,695.0,605.0,,1.0,1.0,,2,1,0.0,,,,,,,,,,,,,,,,,,,,,,,,,,,,,,0,0,0,0,0,0,1,1,1,0,0,0,0,0,0,0,1,0,0,0,0,0,0,1,1,1,0,0,0,1,1,0,0,0,0,,1,0,0,0,0,0,1,1,1,0,0,0,0,0,1,0,,,,,,21-25,16-25,County road,R,Tuesday,Belt Used,PV,White,0,1,1,0,County Road,State Patrol,Washington State Patrol,0,0,1,0,0,thc,13.0,carboxy-thc,58.0,,0.0,0.0,0.0,,,,,,,,,,,0.0,0.0,0.0,1.0,,,,,20.0,,,,,,,,nms,1.0,0.0,,,HIGGINS AIRPORT WAY,0.28,,,98273,Bellingham,Mount Vernon
3228,3300,3300,2021,76,EB17427,2.0,2021-03-16,12:53,16,3,,57,Skagit,0,1,,1,1,2,1,0,2,2,,,,12,0,2,,1,0,1,4,1,2,4,0,0,0,0,CR-HIGGINS AIRPORT WAY,,-122.4135583,48.454708333,0,2,51,62,4,50,61,0,0,1,2,12,1,1,2,1,1,1,3,53,0,38,882,2020,0,,12,,,,,,1,1,69,1,0.0,,2,0,3,0,11,5,,,,,0.0,0.0,3.0,3.0,1,0,,,,96,,,,,,98,,,,,,98284,53,72.0,220.0,6.0,1.0,0.0,0.0,2.0,2.0,,0,,,,,,0,05/15/2017,02/15/2020,20,0,0,0,8.0,9,8,,,0,,,8,8,2.0,1.0,,,1.0,,,2,1,0.0,,,,,,,,,,,,,,,,,,,,,,,,,,,,,,0,0,0,0,0,0,1,1,1,0,0,0,0,0,0,0,1,0,0,0,0,0,0,1,1,1,0,0,0,1,1,0,0,0,0,,0,0,0,0,0,0,0,0,0,0,0,0,0,0,0,0,,,,,,66-70,66-75,County road,R,Tuesday,,MHTRUCK,Not Fatal,0,1,1,0,County Road,State Patrol,Washington State Patrol,0,0,1,0,0,,,,,,0.0,0.0,0.0,,,,,,,,,,,98.0,98.0,98.0,0.0,,,,,20.0,,,,,,,,,1.0,0.0,,,HIGGINS AIRPORT WAY,0.28,,,98273,Sedro Woolley,Mount Vernon
3229,3301,3301,2021,77,EB18085,247.0,2021-03-23,23:59,23,3,,33,King,1820,1,,3,1,2,1,0,1,1,,,,39,0,0,4.3,3,0,2,4,2,1,3,0,0,3,3,SR-202,NE 124TH ST,-122.1318444,47.711158333,0,1,6,12,2,40,14,0,0,1,5,39,1,1,5,1,1,1,1,53,0,35,402,2005,0,,64,39.0,1.0,,,,1,1,22,1,7.0,,4,7,20,7,11,0,03/23/2021,23:59,182053014836.0,14836.0,0.0,0.0,0.0,3.0,1,0,,,,96,,,,,,98,,,,,,98052,53,68.0,190.0,6.0,1.0,0.0,0.0,1.0,0.0,,0,,,,,,4,12/15/2017,12/15/2017,8,2,9,0,0.0,9,8,,,0,,,8,8,2.0,996.0,695.0,605.0,1.0,1.0,1.0,2,1,0.0,,,,,,,,,,,,,,,,,,,,,,,,,,,,,,0,0,1,1,0,0,1,1,1,0,0,0,1,0,0,0,0,0,0,1,0,0,0,1,1,0,0,0,0,1,0,0,0,1,0,,1,0,0,0,0,0,1,1,0,1,0,0,0,0,1,0,,,,,,21-25,16-25,State route,U,Tuesday,Not Used,PV,Multiracial,0,1,0,0,State Route,Municipal/City Police,Redmond Police Department,1,1,0,0,0,thc,50.0,carboxy-thc,330.0,,0.0,0.0,0.0,1.0,1.0,1.0,,,124.0,996.0,996.0,996.0,334.0,98.0,98.0,98.0,268.0,201.0,228.0,,,20.0,,,,,,,,nms,1.0,0.0,,,,,,,98052,Redmond,Redmond
3230,3302,3302,2021,78,EB18166,1.0,2021-03-24,2:58,24,3,,77,Yakima,0,10,,2,1,2,4,0,5,2,,,,12,0,2,8.2,1,0,1,5,1,1,3,0,3,0,0,SR-22,,-120.2405611,46.325591667,0,1,50,10,2,60,20,0,0,1,2,12,1,1,2,1,1,4,2,53,0,6,441,2002,0,,68,12.0,,,,,1,1,29,1,7.0,,4,7,3,0,11,0,03/24/2021,2:58,53014304.0,14304.0,0.0,0.0,3.0,2.0,1,28,,,,92,,,,,,98,,,,,,98952,53,71.0,220.0,1.0,1.0,0.0,0.0,0.0,0.0,,0,,,,,,0,,,1,0,0,0,0.0,9,8,,,0,,,8,8,2.0,1.0,,,1.0,,,2,1,0.341,,,,,,,,,,,,,,,,,,,,,,,,,,,,,,0,0,0,0,1,1,0,1,0,0,0,0,0,1,0,0,1,0,0,1,0,1,1,0,1,0,0,0,0,1,0,0,0,0,0,,1,0,0,0,0,1,0,1,1,0,0,1,0,1,0,1,,,,,,26-30,26-35,State route,R,Wednesday,Belt Used,PV,AIAN,0,1,1,0,State Route,State Patrol,Washington State Patrol,0,1,0,0,0,,,,,,0.0,0.0,0.0,,,,,,,,,,,98.0,98.0,98.0,3.0,,,,,20.0,,,,,,,,,1.0,0.0,,,,,,,98948,White Swan,Toppenish
3231,3303,3303,2021,78,EB18166,1.0,2021-03-24,2:58,24,3,,77,Yakima,0,10,,2,1,2,4,0,5,2,,,,12,0,2,8.2,1,0,1,5,1,1,3,0,3,0,0,SR-22,,-120.2405611,46.325591667,0,2,51,62,4,60,14,0,0,1,2,12,1,1,2,1,1,1,2,53,0,2,404,1997,0,,12,1.0,,,,,1,1,19,2,7.0,,4,7,3,0,11,0,03/24/2021,2:58,53014370.0,14370.0,0.0,0.0,0.0,2.0,1,0,,,,96,,,,,,98,,,,,,98948,53,62.0,114.0,3.0,7.0,0.0,0.0,1.0,0.0,,0,,,,,,0,02/15/2020,02/15/2020,1,2,9,0,0.0,9,8,,,0,,,8,8,2.0,1.0,,,1.0,,,2,1,0.0,,,,,,,,,,,,,,,,,,,,,,,,,,,,,,0,0,0,0,1,1,0,1,0,0,0,0,0,1,0,0,1,0,0,1,0,1,1,0,1,0,0,0,0,1,0,0,0,0,0,,1,0,0,0,0,0,0,0,0,0,0,1,0,0,0,0,,,,,,18-20,16-25,State route,R,Wednesday,Belt Used,PV,AIAN,0,1,1,0,State Route,State Patrol,Washington State Patrol,0,1,0,0,0,,,,,,0.0,0.0,0.0,,,,,,,,,,,0.0,0.0,0.0,3.0,,,,,20.0,,,,,,,,,1.0,0.0,,,,,,,98948,Toppenish,Toppenish
3232,3304,3304,2021,79,EB18517,35.0,2021-03-31,13:49,31,3,,53,Pierce,0,1,,1,1,2,1,0,4,1,,,,30,0,0,0.5,3,0,3,4,2,2,4,0,3,0,0,CR-PIONEER WAY E,STEWART AVE E,-122.3518667,47.201461111,0,1,7,8,1,40,4,0,0,1,2,30,1,1,2,1,6,4,3,94,0,37,32,2002,0,,68,64.0,30.0,,,,1,1,17,1,0.0,,3,0,3,0,11,5,,,,,0.0,0.0,3.0,3.0,1,33,,,,96,,,,,,98,,,,,,98338,53,63.0,170.0,6.0,2.0,0.0,0.0,0.0,0.0,,97,,,,,,3,,,1,0,0,0,8.0,9,8,,,0,,,8,8,8.0,95.0,,,96.0,,,8,95,995.0,,,,,,,,,,,,,,,,,,,,,,,,,,,,,,0,0,0,1,0,0,0,0,0,0,0,0,1,0,0,0,0,0,0,0,1,0,1,0,1,0,0,0,0,1,0,0,0,0,0,,0,0,0,0,0,0,0,0,0,1,0,0,0,0,0,0,,,,,,16-17,16-25,County road,U,Wednesday,Belt Used,PV,Not Fatal,1,0,0,0,County Road,County Sheriff,Law Enforcement Support Agency,0,0,1,0,0,,,,,,0.0,0.0,0.0,,,,,,,,,,,98.0,98.0,98.0,0.0,,,,,20.0,,,,,,,,,1.0,0.0,,,PIONEER WAY E,0.45,STEWART AVE E,0.0,98371,Graham,Puyallup
3233,3305,3305,2021,80,EB18553,7.0,2021-03-19,3:23,19,3,,33,King,0,10,,6,1,1,1,1,1,1,,,,8,0,0,10.8,1,0,1,2,2,1,3,0,0,0,0,SR-018,,-122.1395194,47.347708333,0,1,13,80,5,60,66,1,0,1,2,8,1,2,2,3,1,1,3,18,0,82,881,2018,0,,8,,,,,,1,1,64,1,0.0,,0,0,3,0,11,0,,,,,6.0,1.0,3.0,3.0,1,0,,,,96,,,,,,98,,,,,,98335,53,71.0,190.0,6.0,1.0,0.0,0.0,0.0,0.0,,0,,,,,,0,,,20,0,0,0,8.0,9,8,,,0,,,8,8,8.0,95.0,,,96.0,,,8,95,995.0,,,,,,,,,,,,,,,,,,,,,,,,,,,,,,0,0,0,0,0,0,0,0,0,0,0,0,0,0,0,0,0,0,0,0,0,0,0,0,0,0,0,0,0,0,1,1,0,0,0,,0,0,0,0,0,0,0,0,0,0,0,0,0,0,0,0,,,,,,61-65,56-65,State route,U,Friday,,MHTRUCK,Not Fatal,0,0,0,0,State Route,State Patrol,Washington State Patrol,0,1,0,0,0,,,,,,0.0,0.0,0.0,,,,,,,,,,,98.0,98.0,98.0,0.0,,,,,20.0,,,,,,,,,1.0,0.0,,,,,,,98042,Gig Harbor,Kent
3234,3306,3306,2021,81,EB18722,2.0,2021-03-31,11:20,31,3,,29,Island,0,1,,1,1,2,1,0,4,2,,,,12,0,6,23.2,1,0,1,3,1,1,3,0,0,0,0,SR-20,,-122.7225194,48.210022222,0,1,66,8,1,55,14,0,0,1,2,12,3,1,4,1,6,2,1,53,0,63,402,2008,0,,68,12.0,,,,,1,1,44,2,7.0,,4,0,3,0,11,0,03/31/2021,13:29,53016673.0,16673.0,0.0,0.0,0.0,3.0,1,33,58.0,,,96,,,,,,98,,,,,,98277,53,66.0,125.0,6.0,1.0,0.0,0.0,0.0,0.0,,0,,,,,,3,,,1,0,0,0,0.0,9,8,,,0,,,8,8,2.0,316.0,996.0,996.0,1.0,1.0,1.0,2,1,0.0,,,,,,,,,,,,,,,,,,,,,,,,,,,,,,0,0,0,0,0,0,1,1,1,0,0,0,1,0,0,0,0,0,0,0,1,0,1,0,1,0,0,0,0,1,0,0,0,0,0,,1,0,0,0,0,0,1,1,0,1,0,0,0,0,1,0,,,,,,41-45,36-45,State route,R,Wednesday,Belt Used,PV,White,0,1,1,0,State Route,State Patrol,Washington State Patrol,0,1,0,0,0,thc,36.0,,,,0.0,0.0,0.0,1.0,1.0,1.0,,,695.0,605.0,996.0,996.0,,98.0,98.0,98.0,1.0,,,,,20.0,,,,,,,,nms,1.0,0.0,,,,,,,98239,Oak Harbor,Coupeville
3235,3307,3307,2021,81,EB18722,2.0,2021-03-31,11:20,31,3,,29,Island,0,1,,1,1,2,1,0,4,2,,,,12,0,6,23.2,1,0,1,3,1,1,3,0,0,0,0,SR-20,,-122.7225194,48.210022222,0,2,66,62,4,55,34,0,0,1,2,12,2,1,4,1,14,2,2,53,0,20,481,2009,0,,12,,,,,,1,1,16,1,0.0,,2,0,3,0,11,0,,,,,0.0,0.0,1.0,3.0,1,0,,,,96,,,,,,98,,,,,,98382,53,68.0,140.0,6.0,2.0,0.0,0.0,0.0,0.0,,0,,,,,,0,,,1,0,0,0,8.0,9,8,,,0,,,8,8,0.0,0.0,,,0.0,,,0,0,996.0,,,,,,,,,,,,,,,,,,,,,,,,,,,,,,0,0,0,0,0,0,1,1,1,0,0,0,1,0,0,0,0,0,0,0,1,0,1,0,1,0,0,0,0,1,0,0,0,0,0,,0,0,0,0,0,0,0,0,0,0,0,0,0,0,0,0,,,,,,16-17,16-25,State route,R,Wednesday,Belt Used,PV,Not Fatal,0,1,1,0,State Route,State Patrol,Washington State Patrol,0,1,0,0,0,,,,,,0.0,0.0,0.0,,,,,,,,,,,98.0,98.0,98.0,0.0,,,,,20.0,,,,,,,,,1.0,0.0,,,,,,,98239,Sequim,Coupeville
3236,3308,3308,2021,82,EB18684,197.0,2021-04-01,16:35,1,4,,61,Snohomish,1338,1,,1,1,2,1,0,2,2,,,,12,0,6,3.4,1,0,1,3,2,1,3,0,0,0,0,SR-527,,-122.2154833,47.840827778,0,1,66,9,1,40,10,0,0,1,2,12,1,1,5,5,1,1,1,53,0,48,44,2005,0,,68,12.0,,,,,1,1,22,1,7.0,,4,7,3,0,11,0,04/01/2021,16:35,133853016381.0,16381.0,0.0,0.0,0.0,3.0,1,28,,,,96,,,,,,98,,,,,,98208,53,69.0,138.0,6.0,1.0,0.0,0.0,0.0,0.0,,0,,,,,,0,,,1,0,0,0,0.0,9,8,,,0,,,8,8,2.0,996.0,695.0,605.0,1.0,1.0,1.0,2,1,0.0,,,,,,,,,,,,,,,,,,,,,,,,,,,,,,0,0,0,0,0,0,1,1,1,0,0,0,0,1,0,0,0,0,0,0,0,0,0,1,1,0,0,0,0,1,0,0,0,0,0,,1,0,0,0,0,0,1,1,0,0,0,0,0,0,1,0,,,,,,21-25,16-25,State route,U,Thursday,Belt Used,PV,White,0,1,1,0,State Route,Municipal/City Police,Mill Creek Police Department,0,1,0,0,0,thc,17.0,carboxy-thc,44.0,,0.0,0.0,0.0,,,,,,,,,,,98.0,98.0,98.0,1.0,,,,,20.0,,,,,,,,nms,1.0,0.0,,,,,,,98012,Everett,Bothell
3237,3309,3309,2021,82,EB18684,197.0,2021-04-01,16:35,1,4,,61,Snohomish,1338,1,,1,1,2,1,0,2,2,,,,12,0,6,3.4,1,0,1,3,2,1,3,0,0,0,0,SR-527,,-122.2154833,47.840827778,0,2,66,62,4,40,14,0,0,1,2,12,1,1,5,5,1,1,1,53,0,12,401,2003,0,,12,,,,,,1,1,41,1,0.0,,3,0,3,0,11,0,,,,,0.0,0.0,0.0,0.0,1,0,,,,96,,,,,,98,,,,,,98204,53,67.0,150.0,0.0,0.0,0.0,1.0,0.0,0.0,,0,,,,,,0,08/15/2019,08/15/2019,8,0,0,0,8.0,9,8,,,0,,,8,8,8.0,95.0,,,96.0,,,8,95,995.0,,,,,,,,,,,,,,,,,,,,,,,,,,,,,,0,0,0,0,0,0,1,1,1,0,0,0,0,1,0,0,0,0,0,0,0,0,0,1,1,0,0,0,0,1,0,0,0,0,0,,0,0,0,0,0,0,0,0,0,0,0,1,0,0,0,0,,,,,,41-45,36-45,State route,U,Thursday,Belt Used,PV,Not Fatal,0,1,1,0,State Route,Municipal/City Police,Mill Creek Police Department,0,1,0,0,0,,,,,,0.0,0.0,0.0,,,,,,,,,,,98.0,98.0,98.0,0.0,,,,,20.0,,,,,,,,,1.0,0.0,,,,,,,98012,Everett,Bothell
3238,3310,3310,2021,83,EB18792,14.0,2021-04-02,13:00,2,4,,11,Clark,0,1,,1,1,2,1,0,2,2,,,,12,0,6,0.2,2,0,3,5,2,2,4,0,0,0,0,CR-NE 25TH AVE,NE 81ST ST,-122.6462639,45.680936111,0,1,68,15,2,30,4,0,0,1,2,12,1,2,3,5,11,1,2,53,0,35,47,2010,0,,12,,,,,,1,1,18,2,0.0,,0,0,3,0,11,0,,,,,0.0,0.0,1.0,3.0,1,48,,,,96,,,,,,98,,,,,,98604,53,66.0,145.0,6.0,2.0,0.0,0.0,0.0,1.0,,97,,,,,,0,09/15/2019,09/15/2019,20,0,0,0,8.0,9,8,,,0,,,8,8,0.0,0.0,,,0.0,,,2,98,997.0,,,,,,,,,,,,,,,,,,,,,,,,,,,,,,0,0,0,1,0,0,1,1,0,0,0,0,0,1,1,0,0,0,0,0,0,1,1,0,1,0,0,0,1,1,0,0,0,0,0,,0,0,0,0,0,0,0,0,0,0,0,0,0,0,0,0,,,,,,18-20,16-25,County road,U,Friday,Belt Used,PV,Not Fatal,0,0,0,0,County Road,County Sheriff,Clark County Sheriff's Office,0,0,1,0,0,,,,,,0.0,0.0,0.0,,,,,,,,,,,98.0,98.0,98.0,0.0,,,,,20.0,,,,,,,,,1.0,0.0,,,NE 25TH AVE,0.15,NE 81ST ST,0.0,98665,Battle Ground,Vancouver
3239,3311,3311,2021,83,EB18792,14.0,2021-04-02,13:00,2,4,,11,Clark,0,1,,1,1,2,1,0,2,2,,,,12,0,6,0.2,2,0,3,5,2,2,4,0,0,0,0,CR-NE 25TH AVE,NE 81ST ST,-122.6462639,45.680936111,0,2,69,62,4,30,80,0,0,1,2,12,1,2,3,3,1,1,9,99,0,73,705,2008,0,,12,,,,,,1,1,47,1,7.0,,4,7,20,7,11,0,04/02/2021,13:00,53017129.0,17129.0,0.0,0.0,0.0,2.0,1,0,,,,96,,,,,,98,,,,,,99998,41,67.0,175.0,1.0,1.0,0.0,4.0,0.0,3.0,,0,,,,,,0,03/15/2017,06/15/2021,20,8,0,0,0.0,9,8,,,0,,,8,8,2.0,401.0,417.0,,1.0,1.0,,2,1,0.0,,,,,,,,,,,,,,,,,,,,,,,,,,,,,,0,0,0,1,0,0,1,1,0,0,0,0,0,1,1,0,0,0,0,0,0,1,1,0,1,0,0,0,1,1,0,0,0,0,1,0.0,0,0,0,0,0,0,1,1,0,0,0,1,0,0,1,0,,,,,,46-50,46-55,County road,U,Friday,,MC,White,0,0,0,0,County Road,County Sheriff,Clark County Sheriff's Office,0,0,1,0,0,,,,,,0.0,0.0,8.0,,,,,,,,,,,0.0,0.0,0.0,1.0,,,,,5.0,,,,,,,,,1.0,0.0,,,NE 25TH AVE,0.15,NE 81ST ST,0.0,98665,00,Vancouver
3240,3312,3312,2021,84,EB18960,1.0,2021-03-31,12:20,31,3,,21,Franklin,0,1,,1,1,1,1,0,1,1,,,,1,0,0,59.9,1,0,1,2,1,1,2,0,0,0,0,US-395,,-118.8773333,46.632819444,0,1,2,12,2,70,34,0,0,1,2,1,2,1,2,2,14,1,1,53,0,12,481,2001,0,,64,69.0,63.0,1.0,,,1,1,54,1,7.0,,4,7,3,0,11,0,03/31/2021,12:20,53016454.0,16454.0,0.0,0.0,3.0,3.0,1,58,,,,96,,,,,,98,,,,,,99336,53,58.0,165.0,6.0,1.0,0.0,4.0,1.0,4.0,,0,,,,,,0,06/15/2016,10/15/2020,8,0,0,0,0.0,9,8,,,0,,,8,8,0.0,0.0,,,0.0,,,0,0,996.0,,,,,,,,,,,,,,,,,,,,,,,,,,,,,,0,0,0,0,0,0,0,0,0,0,0,0,0,0,0,0,0,0,0,0,0,0,0,0,0,0,0,0,0,1,0,0,0,0,0,,1,0,0,0,0,0,0,0,0,0,0,0,0,0,0,0,,,,,,51-55,46-55,US highway,R,Wednesday,Belt Used,PV,White,0,1,0,0,State Route,State Patrol,Washington State Patrol,1,1,0,0,0,,,,,,0.0,0.0,4.0,,,,,,,,,,,98.0,98.0,98.0,1.0,,,,,20.0,,,,,,,,,1.0,0.0,,,,,,,99343,Kennewick,Mesa