,index,Unnamed: 0,year,case,par,repjur,crash_dt,crash_tm,accday,accmon,holiday,county,co_char,city,weather,weather2,lightcond,surfcond,surftype,numfatal,nmforms,pforms,vforms,not_tm,arr_tm,hosp_tm,fhevent,hitrun,manncol,milepnt,reljunc,reljuncinter,intersectiontype,funcsystem,landuse,ownership,route,schlbus,spejur,contdev,devfunc,trafid1,trafid2,lon,lat,wk_zone,vnumber,crashtype,criticalevent,criticaleventcat,spdlim,body,trailer,emerg,hazcargo,leave,mhevent,roadalgn,roadprof,traflane,trafflow,vehmanvr,numoccs,regowner,regstate,spuse,make,model,modelyr,vrf1,vrf2,seqevent1,seqevent2,seqevent3,seqevent4,seqevent5,seqevent6,pnumber,ptype,age,sex,hispanic,race,injury,diedscene,restraint,restraintmisuse,seatpos,takehosp,death_dt,death_tm,cert,cernum_wa,commlic,licendor,licrestrict,liccomp,drivpres,drf1,drf2,drf3,drf4,distract1,distract2,distract3,distract4,distract5,distract6,dricond1,dricond2,dricond3,dricond4,dricond5,dricond6,dzip,licstate,drhgt_in,weight,noncdl,noncdltype,prevdwi,prevoth,prevacc,prevspd,prevsus,driviol1,driviol2,driviol3,driviol4,driviol5,driviol6,spdrel,first_dt,last_dt,airbag,ejection,ejectpath,extricat,injurwrk,methalc,methdrug,nmlocat,strikveh,prf1,prf2,prf3,druginv,alcinvol,drugsts,drugres1,drugres2,drugres3,drugtst1,drugtst2,drugtst3,alcsts,alctst,alcres,nmact1,nmact2,nmact3,nmact4,nmact5,nmact6,nmprior1,nmprior2,nmprior3,nmprior4,nmprior5,nmprior6,nmcond1,nmcond2,nmcond3,nmcond4,nmcond5,nmcond6,nmsafe_helmet,nmsafe_pads,nmsafe_oth,nmprev_ref,nmprev_lgt,nmprev_oth,crashlocation,nmcrashtype,crosswalk,schoolzone,sidewalk,train_inv,wildlife_inv,rotr_fars,intersect_fars,dd_inv,aid_inv,dpd_inv,id_inv,mj_inv,impnm_inv,ainm_inv,dpnm_inv,speed_inv,unlic_inv,unendmc_inv,drowsy_inv,drdist_inv,nmdist_inv,fty_inv,unrestfat_inv,dr1617_inv,dr1820_inv,dr1620_inv,dr2125_inv,dr1625_inv,dr65_inv,dr70_inv,dr75_inv,mc_inv,pv_inv,ht_inv,ped_inv,bike_inv,unrest_fat,mc_fat,unhelmet_mc,pv_fat,ht_fat,ped_fat,bike_fat,dr_alc7,dr_alc8,dr_drug,dr_imp,dr_dist,dr_spd,dr_fty,dr_unlic,dr_alc7only,dr_alc8only,dr_drugonly,dr_drink,nm_imp,nm_alc7,nm_alc8,nm_drug,nm_dist,agegrp1,agegrp2,roadclass,urbrur,dayweek,restuse,vehtype,race_me,intersect,lanedep,oppdir,wrongway,rep_typ,investag,repag_long,rotr,st_rd,cty_rd,city_rd,oth_rd,drug_thc,thc_res,drug_cthc,cthc_res,drug_cann,prevpersemin,prevperse,prevsusoth,drugtst4,drugtst5,drugtst6,drugtst7,drugtst8,drugres4,drugres5,drugres6,drugres7,drugres8,adspresent,adsengaged,adslevel,race1,race2,race3,race4,race5,helmet,helmetmisuse,nmdistract1,nmdistract2,nmdistract3,nmdistract4,nmdistract5,nmdistract6,lab,isedtcase,crf1,crf2,crf3,CoRoadName,CoMP,IntCoRoadName,IntCoMP,crashzip,dcity,crashcity
3241,3313,3313,2021,85,EB19556,6.0,2021-04-01,13:35,1,4,,17,Douglas,0,1,,1,0,0,1,0,3,2,,,,12,0,6,205.1,8,0,1,3,1,1,2,0,0,0,0,US-97,,-120.2017833,47.714991667,0,1,80,10,2,0,90,0,0,1,5,12,0,0,0,0,10,1,0,0,0,37,733,2013,0,,12,1.0,,,,,1,1,30,1,1.0,,4,7,20,7,11,0,04/01/2021,13:35,53015983.0,15983.0,0.0,0.0,0.0,1.0,1,38,,,,96,,,,,,98,,,,,,98843,53,66.0,170.0,6.0,1.0,0.0,0.0,0.0,1.0,,0,,,,,,0,11/15/2020,11/15/2020,20,1,9,0,0.0,9,8,,,0,,,8,8,8.0,95.0,,,96.0,,,2,98,997.0,,,,,,,,,,,,,,,,,,,,,,,,,,,,,,0,0,0,0,0,0,0,0,0,0,0,0,0,0,0,0,0,0,1,0,0,0,0,0,0,0,0,0,0,1,0,0,0,0,0,,0,0,0,0,0,0,0,0,0,0,1,0,0,0,0,0,,,,,,26-30,26-35,US highway,R,Thursday,,OTHVT,Hispanic,0,0,0,0,State Route,State Patrol,Washington State Patrol,0,1,0,0,0,,,,,,0.0,0.0,0.0,,,,,,,,,,,0.0,0.0,0.0,98.0,,,,,17.0,,,,,,,,,1.0,0.0,,,,,,,98843,Orondo,Orondo
3242,3314,3314,2021,85,EB19556,6.0,2021-04-01,13:35,1,4,,17,Douglas,0,1,,1,1,2,1,0,3,2,,,,12,0,6,205.1,8,0,1,3,1,1,2,0,0,0,0,US-97,,-120.2017833,47.714991667,0,2,81,72,4,60,34,1,0,1,5,12,2,2,2,1,14,2,3,53,0,7,482,2003,0,,12,,,,,,1,1,36,1,0.0,,0,0,3,0,11,0,,,,,0.0,0.0,0.0,3.0,1,0,,,,96,,,,,,98,,,,,,98814,53,72.0,185.0,6.0,1.0,0.0,0.0,1.0,0.0,,0,,,,,,0,08/15/2019,08/15/2019,20,0,0,0,8.0,9,8,,,0,,,8,8,2.0,1.0,,,1.0,,,2,1,0.0,,,,,,,,,,,,,,,,,,,,,,,,,,,,,,0,0,0,0,0,0,0,0,0,0,0,0,0,0,0,0,0,0,1,0,0,0,0,0,0,0,0,0,0,1,0,0,0,0,0,,0,0,0,0,0,0,0,0,0,0,0,0,0,0,0,0,,,,,,36-40,36-45,US highway,R,Thursday,Belt Used,PV,Not Fatal,0,0,0,0,State Route,State Patrol,Washington State Patrol,0,1,0,0,0,,,,,,0.0,0.0,0.0,,,,,,,,,,,98.0,98.0,98.0,0.0,,,,,20.0,,,,,,,,,1.0,0.0,,,,,,,98843,Carlton,Orondo
3243,3315,3315,2021,87,EB19641,248.0,2021-04-05,11:24,5,4,,33,King,1830,1,,1,1,2,1,1,1,1,,,,8,0,0,0.0,1,0,1,7,2,4,6,0,0,0,0,OLYMPIC CT SE,,-122.1736222,47.462291667,0,1,92,80,5,25,63,0,0,1,5,8,1,1,2,1,13,1,3,53,0,87,881,2021,0,,8,,,,,,1,1,30,1,0.0,,0,0,3,0,11,0,,,,,6.0,1.0,3.0,3.0,1,31,,,,96,,,,,,98,,,,,,98012,53,70.0,225.0,6.0,1.0,0.0,0.0,0.0,0.0,,0,,,,,,0,,,20,0,0,0,8.0,9,8,,,0,,,8,8,0.0,0.0,,,0.0,,,0,0,996.0,,,,,,,,,,,,,,,,,,,,,,,,,,,,,,0,0,0,0,0,0,0,0,0,0,0,0,0,0,0,0,0,0,0,0,0,0,0,0,0,0,0,0,0,0,1,1,0,0,0,,0,0,0,0,0,0,0,0,0,0,0,0,0,0,0,0,,,,,,26-30,26-35,City street,U,Monday,,MHTRUCK,Not Fatal,0,0,0,0,City Street,Municipal/City Police,Renton Police Department,0,0,0,1,0,,,,,,0.0,0.0,0.0,,,,,,,,,,,98.0,98.0,98.0,0.0,,,,,20.0,,,,,,,,,1.0,0.0,,,,,,,98058,Bothell,Renton
3244,3316,3316,2021,88,EB19651,35.0,2021-04-05,7:29,5,4,,53,Pierce,0,1,,1,1,1,1,0,1,1,,,,1,0,0,0.8,3,0,2,4,2,2,4,0,3,3,3,CR-WALLER RD E,PIONEER WAY E,-122.3891056,47.228091667,0,1,98,9,1,35,66,1,0,1,2,1,3,2,3,1,2,1,3,53,0,86,884,1978,0,,1,79.0,18.0,18.0,18.0,19.0,1,1,45,1,7.0,,4,7,99,7,11,0,04/05/2021,7:29,53016848.0,16848.0,6.0,1.0,0.0,3.0,1,0,,,,96,,,,,,98,,,,,,98374,53,76.0,330.0,6.0,1.0,0.0,1.0,4.0,0.0,,0,,,,,,0,08/15/2016,08/15/2020,99,0,0,1,1.0,9,8,,,0,,,8,8,2.0,401.0,,,1.0,,,2,1,0.0,,,,,,,,,,,,,,,,,,,,,,,,,,,,,,0,0,0,1,0,0,1,1,0,0,0,0,0,0,0,0,0,0,0,0,0,0,0,0,0,0,0,0,0,0,1,0,0,0,0,,0,1,0,0,0,0,1,1,0,0,0,0,0,0,1,0,,,,,,41-45,36-45,County road,U,Monday,,MHTRUCK,White,0,1,0,0,County Road,County Sheriff,Law Enforcement Support Agency,1,0,1,0,0,,,,,,0.0,0.0,0.0,,,,,,,,,,,0.0,0.0,0.0,1.0,,,,,20.0,,,,,,,,,1.0,0.0,,,WALLER RD E,0.07,,,98443,Puyallup,Tacoma
3245,3317,3317,2021,89,EB19893,6.0,2021-03-26,4:42,26,3,,25,Grant,0,1,,2,1,2,1,0,3,3,,,,12,0,1,35.7,3,0,3,2,1,1,3,0,0,0,0,SR-17,RD5 SE,-119.1427222,47.013541667,0,1,28,52,3,60,66,1,0,1,5,12,1,1,2,1,2,1,3,53,0,87,881,2005,0,,12,68.0,12.0,,,,1,1,30,1,0.0,,0,0,3,0,11,0,,,,,6.0,1.0,0.0,3.0,1,26,,,,96,,,,,,98,,,,,,99326,53,68.0,200.0,6.0,1.0,0.0,1.0,0.0,2.0,,58,,,,,,0,03/15/2016,05/15/2019,20,0,0,0,8.0,9,8,,,0,,,8,8,2.0,996.0,996.0,,1.0,1.0,,2,1,0.0,,,,,,,,,,,,,,,,,,,,,,,,,,,,,,0,0,0,1,0,0,1,1,0,0,0,0,0,0,0,0,0,0,0,0,0,0,0,0,0,0,0,0,0,1,1,0,0,0,0,,0,0,0,0,0,0,1,1,0,0,0,0,0,0,1,0,,,,,,26-30,26-35,State route,R,Friday,,MHTRUCK,Not Fatal,1,0,0,0,State Route,State Patrol,Washington State Patrol,0,1,0,0,0,,,,,,0.0,0.0,0.0,,,,,,,,,,,98.0,98.0,98.0,0.0,,,,,20.0,,,,,,,,,1.0,0.0,,,,,,,98837,Connell,Moses Lake
3246,3318,3318,2021,89,EB19893,6.0,2021-03-26,4:42,26,3,,25,Grant,0,1,,2,1,2,1,0,3,3,,,,12,0,1,35.7,3,0,3,2,1,1,3,0,0,0,0,SR-17,RD5 SE,-119.1427222,47.013541667,0,2,29,53,3,60,34,0,0,1,2,12,1,1,2,1,2,1,3,53,0,20,471,2000,0,,12,,,,,,1,1,57,1,7.0,,4,7,3,0,11,0,03/26/2021,4:42,53015310.0,15310.0,0.0,0.0,1.0,3.0,1,0,,,,96,,,,,,98,,,,,,99326,53,69.0,180.0,6.0,1.0,0.0,0.0,1.0,1.0,,0,,,,,,0,12/15/2016,12/15/2016,20,0,0,0,1.0,9,8,,,0,,,8,8,2.0,996.0,996.0,,1.0,1.0,,2,1,0.0,,,,,,,,,,,,,,,,,,,,,,,,,,,,,,0,0,0,1,0,0,1,1,0,0,0,0,0,0,0,0,0,0,0,0,0,0,0,0,0,0,0,0,0,1,1,0,0,0,0,,1,0,0,0,0,0,1,1,0,0,0,0,0,0,1,0,,,,,,56-60,56-65,State route,R,Friday,Belt Used,PV,White,1,0,0,0,State Route,State Patrol,Washington State Patrol,0,1,0,0,0,,,,,,0.0,0.0,0.0,,,,,,,,,,,98.0,98.0,98.0,1.0,,,,,20.0,,,,,,,,,1.0,0.0,,,,,,,98837,Connell,Moses Lake
3247,3319,3319,2021,89,EB19893,6.0,2021-03-26,4:42,26,3,,25,Grant,0,1,,2,1,2,1,0,3,3,,,,12,0,1,35.7,3,0,3,2,1,1,3,0,0,0,0,SR-17,RD5 SE,-119.1427222,47.013541667,0,3,98,62,4,60,67,0,0,1,2,12,1,1,2,1,1,1,3,53,0,12,880,2017,0,,12,,,,,,1,1,26,1,0.0,,3,0,3,0,11,5,,,,,6.0,0.0,0.0,3.0,1,0,,,,96,,,,,,98,,,,,,98823,53,73.0,280.0,6.0,1.0,0.0,2.0,0.0,1.0,,0,,,,,,0,11/15/2016,11/15/2017,8,0,0,0,8.0,9,8,,,0,,,8,8,0.0,0.0,,,0.0,,,0,0,996.0,,,,,,,,,,,,,,,,,,,,,,,,,,,,,,0,0,0,1,0,0,1,1,0,0,0,0,0,0,0,0,0,0,0,0,0,0,0,0,0,0,0,0,0,1,1,0,0,0,0,,0,0,0,0,0,0,0,0,0,0,0,0,0,0,0,0,,,,,,26-30,26-35,State route,R,Friday,,MHTRUCK,Not Fatal,1,0,0,0,State Route,State Patrol,Washington State Patrol,0,1,0,0,0,,,,,,0.0,0.0,0.0,,,,,,,,,,,98.0,98.0,98.0,0.0,,,,,20.0,,,,,,,,,1.0,0.0,,,,,,,98837,Ephrata,Moses Lake
3248,3320,3320,2021,90,EB20162,248.0,2021-01-29,19:33,29,1,,33,King,1830,1,,3,1,2,1,0,7,4,,,,12,0,7,5.9,1,0,1,4,2,1,3,0,0,0,0,SR-515,,-122.2048222,47.454458333,0,1,45,61,4,40,6,0,0,1,2,12,1,1,4,1,6,3,2,53,0,12,24,2014,0,,12,12.0,2.0,12.0,,,1,1,23,1,0.0,,3,0,20,7,11,8,,,,,0.0,0.0,0.0,3.0,1,8,,,,96,,,,,,98,,,,,,98118,53,67.0,155.0,6.0,1.0,0.0,1.0,0.0,0.0,,97,,,,,,2,02/15/2020,02/15/2020,1,0,0,0,8.0,9,8,,,0,,,8,8,0.0,0.0,,,0.0,,,0,0,996.0,,,,,,,,,,,,,,,,,,,,,,,,,,,,,,0,0,0,0,0,0,0,0,0,0,0,0,1,0,0,0,0,0,0,1,0,0,0,1,1,1,0,0,0,1,1,0,0,0,0,,0,0,0,0,0,0,0,0,0,1,0,0,0,0,0,0,,,,,,21-25,16-25,State route,U,Friday,Not Used,PV,Not Fatal,0,0,0,0,State Route,Municipal/City Police,Renton Police Department,0,1,0,0,0,,,,,,0.0,0.0,0.0,,,,,,,,,,,98.0,98.0,98.0,0.0,,,,,20.0,,,,,,,,,1.0,0.0,,,,,,,98055,Seattle,Renton
3249,3321,3321,2021,90,EB20162,248.0,2021-01-29,19:33,29,1,,33,King,1830,1,,3,1,2,1,0,7,4,,,,12,0,7,5.9,1,0,1,4,2,1,3,0,0,0,0,SR-515,,-122.2048222,47.454458333,0,2,46,11,2,40,4,0,0,1,2,12,1,1,4,1,6,2,2,53,0,59,35,2018,0,,12,68.0,,,,,1,1,23,1,0.0,,0,0,20,7,11,0,,,,,0.0,0.0,0.0,3.0,1,8,,,,96,,,,,,98,,,,,,98118,53,72.0,160.0,6.0,1.0,0.0,0.0,1.0,0.0,,97,,,,,,2,03/15/2017,03/15/2017,20,0,0,0,8.0,9,8,,,0,,,8,8,9.0,999.0,,,99.0,,,9,99,999.0,,,,,,,,,,,,,,,,,,,,,,,,,,,,,,0,0,0,0,0,0,0,0,0,0,0,0,1,0,0,0,0,0,0,1,0,0,0,1,1,1,0,0,0,1,1,0,0,0,0,,0,0,0,0,0,0,0,0,0,1,0,0,0,0,0,0,,,,,,21-25,16-25,State route,U,Friday,Not Used,PV,Not Fatal,0,0,0,0,State Route,Municipal/City Police,Renton Police Department,0,1,0,0,0,,,,,,0.0,0.0,0.0,,,,,,,,,,,98.0,98.0,98.0,0.0,,,,,20.0,,,,,,,,,1.0,0.0,,,,,,,98055,Seattle,Renton
3250,3322,3322,2021,90,EB20162,248.0,2021-01-29,19:33,29,1,,33,King,1830,1,,3,1,2,1,0,7,4,,,,12,0,7,5.9,1,0,1,4,2,1,3,0,0,0,0,SR-515,,-122.2048222,47.454458333,0,3,98,62,4,40,6,0,0,1,2,12,1,1,4,1,1,1,1,53,0,35,49,2005,0,,12,2.0,63.0,30.0,,,1,1,68,2,0.0,,3,0,3,0,11,8,,,,,0.0,0.0,3.0,3.0,1,0,,,,96,,,,,,98,,,,,,98057,53,69.0,155.0,6.0,1.0,0.0,0.0,0.0,0.0,,0,,,,,,0,,,8,0,0,0,8.0,9,8,,,0,,,0,0,0.0,0.0,,,0.0,,,0,0,996.0,,,,,,,,,,,,,,,,,,,,,,,,,,,,,,0,0,0,0,0,0,0,0,0,0,0,0,1,0,0,0,0,0,0,1,0,0,0,1,1,1,0,0,0,1,1,0,0,0,0,,0,0,0,0,0,0,0,0,0,0,0,0,0,0,0,0,,,,,,66-70,66-75,State route,U,Friday,Belt Used,PV,Not Fatal,0,0,0,0,State Route,Municipal/City Police,Renton Police Department,0,1,0,0,0,,,,,,0.0,0.0,0.0,,,,,,,,,,,98.0,98.0,98.0,0.0,,,,,20.0,,,,,,,,,1.0,0.0,,,,,,,98055,Renton,Renton
3251,3323,3323,2021,90,EB20162,248.0,2021-01-29,19:33,29,1,,33,King,1830,1,,3,1,2,1,0,7,4,,,,12,0,7,5.9,1,0,1,4,2,1,3,0,0,0,0,SR-515,,-122.2048222,47.454458333,0,4,98,98,7,40,61,0,0,1,5,12,1,1,4,1,1,1,3,53,0,38,882,2014,0,,12,,,,,,1,1,23,1,0.0,,2,0,3,0,11,8,,,,,0.0,0.0,0.0,3.0,1,0,,,,96,,,,,,98,,,,,,98087,53,66.0,160.0,6.0,1.0,0.0,0.0,0.0,0.0,,0,,,,,,0,,,20,0,0,0,8.0,9,8,,,0,,,8,8,8.0,95.0,,,96.0,,,8,95,995.0,,,,,,,,,,,,,,,,,,,,,,,,,,,,,,0,0,0,0,0,0,0,0,0,0,0,0,1,0,0,0,0,0,0,1,0,0,0,1,1,1,0,0,0,1,1,0,0,0,0,,0,0,0,0,0,0,0,0,0,0,0,0,0,0,0,0,,,,,,21-25,16-25,State route,U,Friday,,MHTRUCK,Not Fatal,0,0,0,0,State Route,Municipal/City Police,Renton Police Department,0,1,0,0,0,,,,,,0.0,0.0,0.0,,,,,,,,,,,98.0,98.0,98.0,0.0,,,,,20.0,,,,,,,,,1.0,0.0,,,,,,,98055,Lynnwood,Renton
3252,3324,3324,2021,91,EB20373,31.0,2021-04-06,20:20,6,4,,45,Mason,0,1,,2,1,2,1,0,2,1,,,,53,0,0,3.0,1,0,1,5,2,2,4,0,0,0,0,CR-E JOHNS PRAIRIE RD,,-123.0657194,47.247652778,0,1,1,6,1,40,20,0,0,1,2,1,3,1,2,1,14,2,1,53,0,6,441,1999,0,,63,53.0,1.0,,,,1,1,24,1,2.0,,4,7,20,7,11,0,04/06/2021,20:20,53016911.0,16911.0,0.0,0.0,0.0,2.0,1,0,,,,92,,,,,,98,,,,,,34689,12,73.0,999.0,2.0,1.0,1.0,0.0,0.0,1.0,,0,,,,,,0,09/15/2018,12/15/2020,20,2,9,0,0.0,9,8,,,0,,,8,8,2.0,300.0,996.0,695.0,1.0,1.0,1.0,2,1,0.0,,,,,,,,,,,,,,,,,,,,,,,,,,,,,,0,0,1,0,0,0,1,1,1,0,0,0,0,1,0,0,1,0,0,1,0,0,0,1,1,0,0,0,0,1,0,0,0,1,0,,1,0,0,0,0,0,1,1,1,0,0,1,0,0,1,0,,,,,,21-25,16-25,County road,U,Tuesday,Not Used,PV,Hispanic,0,1,0,0,County Road,County Sheriff,Mason County Sheriff's Office,1,0,1,0,0,thc,28.0,carboxy-thc,110.0,,0.0,0.0,1.0,1.0,1.0,1.0,,,605.0,405.0,229.0,996.0,,0.0,0.0,0.0,2.0,,,,,20.0,,,,,,,,nms,1.0,0.0,,,JOHNS PRAIRIE RD,2.964,,,98584,Tarpon Springs,Shelton
3253,3325,3325,2021,92,EB20502,73.0,2021-04-06,15:16,6,4,,33,King,229,1,,1,1,2,2,0,6,4,,,,12,1,7,0.0,1,0,1,3,2,4,6,0,0,0,0,AMBAUM BLVD SW,,-122.3510056,47.495936111,0,1,46,11,2,35,4,0,0,1,2,12,3,2,4,1,15,1,1,53,0,49,40,2011,0,,12,12.0,,,,,1,1,25,2,0.0,,0,0,3,0,11,0,,,,,0.0,0.0,0.0,3.0,1,28,,,,96,,,,,,9,,,,,,98146,53,59.0,135.0,6.0,1.0,0.0,1.0,0.0,0.0,,1,,,,,,3,10/15/2017,10/15/2017,1,0,0,0,8.0,9,8,,,0,,,8,1,8.0,95.0,,,96.0,,,2,98,997.0,,,,,,,,,,,,,,,,,,,,,,,,,,,,,,0,0,0,0,1,0,0,0,0,0,0,0,1,0,0,0,0,0,0,0,1,0,1,1,1,0,0,0,0,1,0,0,0,0,0,,0,0,0,0,0,0,0,0,0,1,0,0,0,0,0,1,,,,,,21-25,16-25,City street,U,Tuesday,Belt Used,PV,Not Fatal,0,0,0,0,City Street,Municipal/City Police,Burien Police Department,0,0,0,1,0,,,,,,0.0,0.0,0.0,,,,,,,,,,,98.0,98.0,98.0,0.0,,,,,20.0,,,,,,,,,1.0,0.0,,,,,,,98146,Seattle,Seattle
3254,3326,3326,2021,92,EB20502,73.0,2021-04-06,15:16,6,4,,33,King,229,1,,1,1,2,2,0,6,4,,,,12,0,7,0.0,1,0,1,3,2,4,6,0,0,0,0,AMBAUM BLVD SW,,-122.3510056,47.495936111,0,2,98,53,3,35,5,0,0,1,2,12,1,2,4,1,1,2,2,53,0,49,51,2012,0,,12,68.0,12.0,,,,1,1,35,1,7.0,,4,7,3,0,11,0,04/06/2021,15:16,22953017087.0,17087.0,0.0,0.0,3.0,3.0,1,0,,,,96,,,,,,98,,,,,,98146,53,66.0,145.0,6.0,1.0,0.0,0.0,0.0,0.0,,0,,,,,,0,,,20,0,0,0,0.0,9,8,,,0,,,8,8,2.0,1.0,,,1.0,,,2,1,0.0,,,,,,,,,,,,,,,,,,,,,,,,,,,,,,0,0,0,0,1,0,0,0,0,0,0,0,1,0,0,0,0,0,0,0,1,0,1,1,1,0,0,0,0,1,0,0,0,0,0,,1,0,0,0,0,0,0,0,0,0,0,0,0,0,0,0,,,,,,31-35,26-35,City street,U,Tuesday,Belt Used,PV,White,0,0,0,0,City Street,Municipal/City Police,Burien Police Department,0,0,0,1,0,,,,,,0.0,0.0,0.0,,,,,,,,,,,98.0,98.0,98.0,1.0,,,,,20.0,,,,,,,,,1.0,0.0,,,,,,,98146,Seattle,Seattle
3255,3327,3327,2021,92,EB20502,73.0,2021-04-06,15:16,6,4,,33,King,229,1,,1,1,2,2,0,6,4,,,,12,0,7,0.0,1,0,1,3,2,4,6,0,0,0,0,AMBAUM BLVD SW,,-122.3510056,47.495936111,0,3,98,62,4,35,34,0,0,1,2,12,3,2,4,1,14,1,2,53,0,7,482,2004,0,,12,,,,,,1,1,35,2,0.0,,2,0,3,0,11,0,,,,,0.0,0.0,0.0,3.0,1,0,,,,96,,,,,,98,,,,,,98146,53,60.0,148.0,6.0,1.0,0.0,0.0,0.0,0.0,,0,,,,,,0,,,1,0,0,0,8.0,9,8,,,0,,,8,8,0.0,0.0,,,0.0,,,0,0,996.0,,,,,,,,,,,,,,,,,,,,,,,,,,,,,,0,0,0,0,1,0,0,0,0,0,0,0,1,0,0,0,0,0,0,0,1,0,1,1,1,0,0,0,0,1,0,0,0,0,0,,0,0,0,0,0,0,0,0,0,0,0,0,0,0,0,0,,,,,,31-35,26-35,City street,U,Tuesday,Belt Used,PV,Not Fatal,0,0,0,0,City Street,Municipal/City Police,Burien Police Department,0,0,0,1,0,,,,,,0.0,0.0,0.0,,,,,,,,,,,98.0,98.0,98.0,0.0,,,,,20.0,,,,,,,,,1.0,0.0,,,,,,,98146,Seattle,Seattle
3256,3328,3328,2021,92,EB20502,73.0,2021-04-06,15:16,6,4,,33,King,229,1,,1,1,2,2,0,6,4,,,,12,0,7,0.0,1,0,1,3,2,4,6,0,0,0,0,AMBAUM BLVD SW,,-122.3510056,47.495936111,0,4,45,61,4,35,4,0,0,1,2,12,3,2,4,1,14,2,2,53,0,37,31,2010,0,,12,,,,,,1,1,16,2,0.0,,2,0,3,0,11,0,,,,,0.0,0.0,1.0,3.0,1,0,,,,96,,,,,,98,,,,,,98146,53,61.0,160.0,6.0,2.0,0.0,0.0,0.0,0.0,,0,,,,,,0,,,1,0,0,0,8.0,9,8,,,0,,,8,8,0.0,0.0,,,0.0,,,0,0,996.0,,,,,,,,,,,,,,,,,,,,,,,,,,,,,,0,0,0,0,1,0,0,0,0,0,0,0,1,0,0,0,0,0,0,0,1,0,1,1,1,0,0,0,0,1,0,0,0,0,0,,0,0,0,0,0,0,0,0,0,0,0,0,0,0,0,0,,,,,,16-17,16-25,City street,U,Tuesday,Belt Used,PV,Not Fatal,0,0,0,0,City Street,Municipal/City Police,Burien Police Department,0,0,0,1,0,,,,,,0.0,0.0,0.0,,,,,,,,,,,98.0,98.0,98.0,0.0,,,,,20.0,,,,,,,,,1.0,0.0,,,,,,,98146,Seattle,Seattle
3257,3329,3329,2021,93,EB20896,26.0,2021-04-06,17:11,6,4,,35,Kitsap,0,10,,1,1,2,1,2,1,1,,,,8,0,0,1.5,3,0,4,4,2,2,4,0,3,0,0,CR-SUQUAMISH WAY NE,NE SOUTH ST,-122.5531694,47.729691667,0,1,13,80,5,20,20,0,0,1,5,8,1,2,2,1,1,1,1,53,0,6,441,2003,0,,8,8.0,,,,,1,1,81,1,0.0,,0,0,3,0,11,0,,,,,0.0,0.0,3.0,3.0,1,10,,,,0,,,,,,98,,,,,,98370,53,70.0,221.0,6.0,1.0,0.0,1.0,0.0,0.0,,0,,,,,,0,01/15/2017,01/15/2017,20,0,0,0,8.0,3,2,,,0,,,8,8,2.0,1.0,,,1.0,,,2,1,0.0,,,,,,,,,,,,,,,,,,,,,,,,,,,,,,0,0,0,1,0,0,0,0,0,0,0,0,0,0,0,0,0,0,0,0,0,0,0,0,0,1,1,1,0,1,0,1,0,0,0,,0,0,0,0,0,0,0,0,0,0,0,0,0,0,0,0,,,,,,81+,76+,County road,U,Tuesday,Belt Used,PV,Not Fatal,1,0,0,0,County Road,County Sheriff,Kitsap County Sheriff's Office,0,0,1,0,0,,,,,,0.0,0.0,0.0,,,,,,,,,,,98.0,98.0,98.0,0.0,,,,,20.0,,,,,,,,,1.0,0.0,,,SUQUAMISH WAY NE,1.538,,,98392,Poulsbo,Suquamish
3258,3330,3330,2021,94,EB21078,39.0,2021-04-02,19:44,2,4,,61,Snohomish,0,1,,1,1,2,1,0,5,3,,,,12,0,2,0.9,1,0,1,5,2,2,4,0,0,0,0,CR-NORTH RD,,-122.2368556,47.837575,0,1,50,10,2,35,4,0,0,1,2,12,2,2,3,3,6,3,1,53,0,30,40,2013,0,,68,12.0,54.0,,,,1,1,34,1,0.0,,3,0,99,7,11,5,,,,,0.0,0.0,3.0,3.0,1,33,,,,96,,,,,,98,,,,,,98208,53,71.0,195.0,6.0,7.0,0.0,0.0,0.0,0.0,,97,,,,,,3,,,8,0,0,0,8.0,9,8,,,0,,,8,8,2.0,401.0,151.0,417.0,1.0,1.0,1.0,2,1,0.0,,,,,,,,,,,,,,,,,,,,,,,,,,,,,,0,0,0,0,0,0,1,1,0,0,0,0,1,0,0,0,0,0,0,0,0,0,0,0,0,0,0,0,0,1,0,0,0,0,0,,0,0,0,0,0,0,1,1,0,1,0,0,0,0,1,0,,,,,,31-35,26-35,County road,U,Friday,Unknown,PV,Not Fatal,0,1,1,0,County Road,County Sheriff,Snohomish County Sheriff's Office,0,0,1,0,0,,,,,,0.0,0.0,0.0,1.0,,,,,996.0,,,,,98.0,98.0,98.0,0.0,,,,,20.0,,,,,,,,,1.0,14.0,,,NORTH RD,0.931,,,98012,Everett,Bothell