,index,Unnamed: 0,year,case,par,repjur,crash_dt,crash_tm,accday,accmon,holiday,county,co_char,city,weather,weather2,lightcond,surfcond,surftype,numfatal,nmforms,pforms,vforms,not_tm,arr_tm,hosp_tm,fhevent,hitrun,manncol,milepnt,reljunc,reljuncinter,intersectiontype,funcsystem,landuse,ownership,route,schlbus,spejur,contdev,devfunc,trafid1,trafid2,lon,lat,wk_zone,vnumber,crashtype,criticalevent,criticaleventcat,spdlim,body,trailer,emerg,hazcargo,leave,mhevent,roadalgn,roadprof,traflane,trafflow,vehmanvr,numoccs,regowner,regstate,spuse,make,model,modelyr,vrf1,vrf2,seqevent1,seqevent2,seqevent3,seqevent4,seqevent5,seqevent6,pnumber,ptype,age,sex,hispanic,race,injury,diedscene,restraint,restraintmisuse,seatpos,takehosp,death_dt,death_tm,cert,cernum_wa,commlic,licendor,licrestrict,liccomp,drivpres,drf1,drf2,drf3,drf4,distract1,distract2,distract3,distract4,distract5,distract6,dricond1,dricond2,dricond3,dricond4,dricond5,dricond6,dzip,licstate,drhgt_in,weight,noncdl,noncdltype,prevdwi,prevoth,prevacc,prevspd,prevsus,driviol1,driviol2,driviol3,driviol4,driviol5,driviol6,spdrel,first_dt,last_dt,airbag,ejection,ejectpath,extricat,injurwrk,methalc,methdrug,nmlocat,strikveh,prf1,prf2,prf3,druginv,alcinvol,drugsts,drugres1,drugres2,drugres3,drugtst1,drugtst2,drugtst3,alcsts,alctst,alcres,nmact1,nmact2,nmact3,nmact4,nmact5,nmact6,nmprior1,nmprior2,nmprior3,nmprior4,nmprior5,nmprior6,nmcond1,nmcond2,nmcond3,nmcond4,nmcond5,nmcond6,nmsafe_helmet,nmsafe_pads,nmsafe_oth,nmprev_ref,nmprev_lgt,nmprev_oth,crashlocation,nmcrashtype,crosswalk,schoolzone,sidewalk,train_inv,wildlife_inv,rotr_fars,intersect_fars,dd_inv,aid_inv,dpd_inv,id_inv,mj_inv,impnm_inv,ainm_inv,dpnm_inv,speed_inv,unlic_inv,unendmc_inv,drowsy_inv,drdist_inv,nmdist_inv,fty_inv,unrestfat_inv,dr1617_inv,dr1820_inv,dr1620_inv,dr2125_inv,dr1625_inv,dr65_inv,dr70_inv,dr75_inv,mc_inv,pv_inv,ht_inv,ped_inv,bike_inv,unrest_fat,mc_fat,unhelmet_mc,pv_fat,ht_fat,ped_fat,bike_fat,dr_alc7,dr_alc8,dr_drug,dr_imp,dr_dist,dr_spd,dr_fty,dr_unlic,dr_alc7only,dr_alc8only,dr_drugonly,dr_drink,nm_imp,nm_alc7,nm_alc8,nm_drug,nm_dist,agegrp1,agegrp2,roadclass,urbrur,dayweek,restuse,vehtype,race_me,intersect,lanedep,oppdir,wrongway,rep_typ,investag,repag_long,rotr,st_rd,cty_rd,city_rd,oth_rd,drug_thc,thc_res,drug_cthc,cthc_res,drug_cann,prevpersemin,prevperse,prevsusoth,drugtst4,drugtst5,drugtst6,drugtst7,drugtst8,drugres4,drugres5,drugres6,drugres7,drugres8,adspresent,adsengaged,adslevel,race1,race2,race3,race4,race5,helmet,helmetmisuse,nmdistract1,nmdistract2,nmdistract3,nmdistract4,nmdistract5,nmdistract6,lab,isedtcase,crf1,crf2,crf3,CoRoadName,CoMP,IntCoRoadName,IntCoMP,crashzip,dcity,crashcity
3259,3331,3331,2021,94,EB21078,39.0,2021-04-02,19:44,2,4,,61,Snohomish,0,1,,1,1,2,1,0,5,3,,,,12,0,2,0.9,1,0,1,5,2,2,4,0,0,0,0,CR-NORTH RD,,-122.2368556,47.837575,0,2,51,62,4,35,34,0,0,1,2,12,3,2,3,3,14,1,1,53,0,20,481,2020,0,,12,,,,,,1,1,42,1,0.0,,2,0,3,0,11,5,,,,,0.0,0.0,3.0,3.0,1,0,,,,96,,,,,,98,,,,,,98036,53,74.0,220.0,6.0,1.0,0.0,0.0,0.0,1.0,,0,,,,,,0,09/15/2020,09/15/2020,8,0,0,0,8.0,9,8,,,0,,,8,8,2.0,1.0,,,1.0,,,2,1,0.0,,,,,,,,,,,,,,,,,,,,,,,,,,,,,,0,0,0,0,0,0,1,1,0,0,0,0,1,0,0,0,0,0,0,0,0,0,0,0,0,0,0,0,0,1,0,0,0,0,0,,0,0,0,0,0,0,0,0,0,0,0,0,0,0,0,0,,,,,,41-45,36-45,County road,U,Friday,Belt Used,PV,Not Fatal,0,1,1,0,County Road,County Sheriff,Snohomish County Sheriff's Office,0,0,1,0,0,,,,,,0.0,0.0,0.0,,,,,,,,,,,98.0,98.0,98.0,0.0,,,,,20.0,,,,,,,,,1.0,14.0,,,NORTH RD,0.931,,,98012,Lynnwood,Bothell
3260,3332,3332,2021,94,EB21078,39.0,2021-04-02,19:44,2,4,,61,Snohomish,0,1,,1,1,2,1,0,5,3,,,,12,0,2,0.9,1,0,1,5,2,2,4,0,0,0,0,CR-NORTH RD,,-122.2368556,47.837575,0,3,98,98,7,35,14,0,0,1,5,54,3,2,3,3,14,1,1,53,0,30,402,2019,0,,54,,,,,,1,1,60,2,0.0,,0,0,3,0,11,0,,,,,0.0,0.0,0.0,3.0,1,0,,,,96,,,,,,98,,,,,,98012,53,61.0,150.0,6.0,1.0,0.0,0.0,0.0,0.0,,0,,,,,,0,,,20,0,0,0,8.0,9,8,,,0,,,8,8,8.0,95.0,,,96.0,,,8,95,995.0,,,,,,,,,,,,,,,,,,,,,,,,,,,,,,0,0,0,0,0,0,1,1,0,0,0,0,1,0,0,0,0,0,0,0,0,0,0,0,0,0,0,0,0,1,0,0,0,0,0,,0,0,0,0,0,0,0,0,0,0,0,0,0,0,0,0,,,,,,56-60,56-65,County road,U,Friday,Belt Used,PV,Not Fatal,0,1,1,0,County Road,County Sheriff,Snohomish County Sheriff's Office,0,0,1,0,0,,,,,,0.0,0.0,0.0,,,,,,,,,,,98.0,98.0,98.0,0.0,,,,,20.0,,,,,,,,,1.0,14.0,,,NORTH RD,0.931,,,98012,Bothell,Bothell
3261,3333,3333,2021,96,3881451,263.0,2021-03-24,16:49,24,3,,33,King,1960,2,,1,2,2,1,1,1,1,,,,9,0,0,0.0,2,0,2,7,2,4,6,0,0,3,3,CORSON AVE S,S Michigan St,-122.3214806,47.547505556,0,1,13,83,5,25,66,1,0,1,5,9,1,1,4,1,10,1,3,53,0,84,881,2020,0,,9,,,,,,1,1,64,1,0.0,,0,0,3,0,11,0,,,,,6.0,1.0,3.0,3.0,1,0,,,,96,,,,,,98,,,,,,98292,53,68.0,170.0,6.0,1.0,0.0,1.0,0.0,1.0,,0,,,,,,0,10/15/2019,05/15/2019,20,0,0,0,8.0,9,8,,,0,,,8,8,0.0,0.0,,,0.0,,,0,0,996.0,,,,,,,,,,,,,,,,,,,,,,,,,,,,,,0,0,0,1,0,0,0,0,0,1,0,1,0,0,0,0,0,1,0,0,0,0,0,0,0,0,0,0,0,0,1,0,1,0,0,,0,0,0,0,0,0,0,0,0,0,0,0,0,0,0,0,,,,,,61-65,56-65,City street,U,Wednesday,,MHTRUCK,Not Fatal,1,0,0,0,City Street,Municipal/City Police,Seattle Police Department,0,0,0,1,0,,,,,,0.0,0.0,0.0,,,,,,,,,,,98.0,98.0,98.0,0.0,,,,,20.0,,,,,,,,,1.0,0.0,,,,,,,98108,Stanwood,Seattle
3262,3334,3334,2021,97,EB18345,3.0,2021-03-24,12:47,24,3,,53,Pierce,0,10,,1,2,2,1,0,2,2,,,,12,0,2,19.9,3,0,3,3,2,1,3,0,0,0,0,SR-161,196TH ST E,-122.2940528,47.077633333,0,1,68,15,2,45,34,0,0,1,2,12,1,2,5,5,11,1,2,53,0,49,472,2006,0,,68,12.0,,,,,1,1,47,2,0.0,,2,0,3,0,11,5,,,,,0.0,0.0,0.0,3.0,1,38,,,,96,,,,,,98,,,,,,98338,53,64.0,115.0,6.0,1.0,0.0,0.0,0.0,1.0,,49,,,,,,0,04/15/2016,09/15/2018,1,0,0,0,8.0,9,8,,,0,,,8,8,8.0,95.0,,,96.0,,,8,95,995.0,,,,,,,,,,,,,,,,,,,,,,,,,,,,,,0,0,0,1,0,0,0,0,0,0,0,0,0,0,0,0,0,0,1,0,0,0,0,0,0,1,1,0,0,1,0,0,0,0,0,,0,0,0,0,0,0,0,0,0,0,1,0,0,0,0,0,,,,,,46-50,46-55,State route,U,Wednesday,Belt Used,PV,Not Fatal,0,0,0,0,State Route,State Patrol,Washington State Patrol,0,1,0,0,0,,,,,,0.0,0.0,1.0,,,,,,,,,,,98.0,98.0,98.0,0.0,,,,,20.0,,,,,,,,,1.0,0.0,,,,,,,98338,Graham,Graham
3263,3335,3335,2021,97,EB18345,3.0,2021-03-24,12:47,24,3,,53,Pierce,0,10,,1,2,2,1,0,2,2,,,,12,0,2,19.9,3,0,3,3,2,1,3,0,0,0,0,SR-161,196TH ST E,-122.2940528,47.077633333,0,2,69,62,4,45,20,0,0,1,2,12,1,2,5,5,1,1,1,53,0,20,444,2006,0,,12,,,,,,1,1,70,2,7.0,,4,0,3,0,11,5,04/11/2021,17:13,223053017341.0,17341.0,0.0,0.0,0.0,3.0,1,0,,,,96,,,,,,98,,,,,,98338,53,63.0,143.0,6.0,1.0,0.0,0.0,0.0,0.0,,0,,,,,,0,,,8,0,0,0,0.0,9,8,,,0,,,8,8,8.0,95.0,,,96.0,,,8,95,995.0,,,,,,,,,,,,,,,,,,,,,,,,,,,,,,0,0,0,1,0,0,0,0,0,0,0,0,0,0,0,0,0,0,1,0,0,0,0,0,0,1,1,0,0,1,0,0,0,0,0,,1,0,0,0,0,0,0,0,0,0,0,0,0,0,0,0,,,,,,66-70,66-75,State route,U,Wednesday,Belt Used,PV,White,0,0,0,0,State Route,State Patrol,Washington State Patrol,0,1,0,0,0,,,,,,0.0,0.0,0.0,,,,,,,,,,,98.0,98.0,98.0,1.0,,,,,20.0,,,,,,,,,1.0,0.0,,,,,,,98338,Graham,Graham
3264,3336,3336,2021,98,EB21496,36.0,2021-04-12,2:29,12,4,,55,San Juan,0,1,,2,1,7,1,0,1,1,,,,1,0,0,,1,0,1,6,1,2,4,0,0,0,0,CR-CROW VALLEY RD,,-122.9443444,48.673519444,0,1,98,13,2,35,80,0,0,1,2,1,3,2,2,1,14,1,2,53,0,53,705,2008,0,,63,69.0,1.0,,,,1,1,39,1,7.0,,4,7,20,7,11,0,04/12/2021,2:29,53018167.0,18167.0,0.0,0.0,0.0,2.0,1,0,,,,96,,,,,,98,,,,,,94520,6,70.0,195.0,1.0,1.0,0.0,0.0,0.0,0.0,,0,,,,,,4,,,20,8,0,0,0.0,9,8,,,0,,,8,8,2.0,605.0,,,1.0,,,2,1,0.219,,,,,,,,,,,,,,,,,,,,,,,,,,,,,,0,0,0,0,1,1,1,1,1,0,0,0,1,1,1,0,0,0,0,0,0,0,0,0,0,0,0,0,1,0,0,0,0,0,1,0.0,0,0,0,0,0,1,1,1,0,1,0,1,0,0,0,1,,,,,,36-40,36-45,County road,R,Monday,,MC,Black,0,0,0,0,County Road,County Sheriff,San Juan County Sheriff's Office,0,0,1,0,0,thc,3.3,,,,0.0,0.0,0.0,,,,,,,,,,,0.0,0.0,0.0,2.0,,,,,5.0,,,,,,,,nms,1.0,0.0,,,CROW VALLEY RD,3.21,,,98245,Concord,Eastsound
3265,3337,3337,2021,99,EB21651,197.0,2021-04-10,6:00,10,4,,61,Snohomish,1338,10,,4,2,2,1,0,2,2,,,,12,0,2,0.0,1,0,1,4,2,4,6,0,0,0,0,35TH AVE SE,,-122.1855083,47.864983333,0,1,50,10,2,35,4,0,0,1,2,12,1,1,3,3,1,1,1,53,0,49,32,2004,0,,68,12.0,,,,,1,1,31,1,7.0,,4,0,20,7,11,5,04/10/2021,7:10,69053018070.0,18070.0,0.0,0.0,3.0,3.0,1,28,,,,96,,,,,,98,,,,,,98012,53,69.0,165.0,6.0,1.0,0.0,0.0,1.0,1.0,,0,,,,,,0,11/15/2017,09/15/2020,8,0,0,0,0.0,9,8,,,0,,,8,8,2.0,695.0,605.0,996.0,1.0,1.0,1.0,2,1,0.255,,,,,,,,,,,,,,,,,,,,,,,,,,,,,,0,0,0,0,1,1,1,1,1,0,0,0,0,0,0,0,0,0,0,1,0,0,0,1,1,0,0,0,0,1,0,0,0,1,0,,1,0,0,0,0,1,1,1,0,0,0,0,0,0,0,1,,,,,,31-35,26-35,City street,U,Saturday,Not Used,PV,White,0,1,1,0,City Street,Municipal/City Police,Mill Creek Police Department,0,0,0,1,0,thc,1.1,carboxy-thc,25.0,,0.0,0.0,0.0,,,,,,,,,,,98.0,98.0,98.0,1.0,,,,,20.0,,,,,,,,nms,1.0,0.0,,,,,,,98012,Bothell,Bothell
3266,3338,3338,2021,99,EB21651,197.0,2021-04-10,6:00,10,4,,61,Snohomish,1338,10,,4,2,2,1,0,2,2,,,,12,0,2,0.0,1,0,1,4,2,4,6,0,0,0,0,35TH AVE SE,,-122.1855083,47.864983333,0,2,51,62,4,35,4,0,0,1,2,12,1,1,3,3,1,1,1,53,0,30,40,2009,0,,12,,,,,,1,1,22,2,0.0,,1,0,3,0,11,5,,,,,0.0,0.0,1.0,3.0,1,0,,,,96,,,,,,98,,,,,,98296,53,65.0,130.0,6.0,2.0,0.0,0.0,0.0,0.0,,0,,,,,,0,,,8,0,0,0,8.0,9,8,,,0,,,8,8,8.0,95.0,,,96.0,,,8,95,995.0,,,,,,,,,,,,,,,,,,,,,,,,,,,,,,0,0,0,0,1,1,1,1,1,0,0,0,0,0,0,0,0,0,0,1,0,0,0,1,1,0,0,0,0,1,0,0,0,0,0,,0,0,0,0,0,0,0,0,0,0,0,0,0,0,0,0,,,,,,21-25,16-25,City street,U,Saturday,Belt Used,PV,Not Fatal,0,1,1,0,City Street,Municipal/City Police,Mill Creek Police Department,0,0,0,1,0,,,,,,0.0,0.0,0.0,,,,,,,,,,,98.0,98.0,98.0,0.0,,,,,20.0,,,,,,,,,1.0,0.0,,,,,,,98012,Snohomish,Bothell
3267,3339,3339,2021,100,EB21855,35.0,2021-04-08,12:15,8,4,,53,Pierce,0,1,,1,1,2,1,0,2,2,,,,12,0,2,7.4,1,0,1,3,2,2,4,0,0,0,0,CR-CANYON RD E,,-122.3573667,47.146341667,0,1,52,54,3,45,4,0,0,1,2,12,1,1,6,1,1,1,2,53,0,14,21,2007,0,,12,,,,,,1,1,42,2,7.0,,4,7,3,0,11,0,04/08/2021,12:15,53017480.0,17480.0,0.0,0.0,3.0,2.0,1,51,,,,96,,,,,,9,,,,,,98507,53,69.0,230.0,1.0,1.0,0.0,0.0,4.0,3.0,,0,,,,,,0,01/15/2016,08/15/2021,1,0,0,0,0.0,9,8,,,0,,,1,8,2.0,996.0,418.0,996.0,1.0,1.0,1.0,2,1,0.0,,,,,,,,,,,,,,,,,,,,,,,,,,,,,,0,0,0,0,0,0,1,1,0,0,0,0,0,1,0,0,0,0,0,0,0,0,0,0,0,0,0,0,0,1,1,0,0,0,0,,1,0,0,0,0,0,1,1,0,0,0,1,0,0,1,0,,,,,,41-45,36-45,County road,U,Thursday,Belt Used,PV,White,0,1,1,0,County Road,County Sheriff,Law Enforcement Support Agency,0,0,1,0,0,,,,,,0.0,0.0,1.0,1.0,1.0,1.0,,,996.0,996.0,996.0,,,98.0,98.0,98.0,1.0,,,,,20.0,,,,,,,,,1.0,0.0,,,CANYON RD E,7.37,,,98373,Olympia,Puyallup
3268,3340,3340,2021,100,EB21855,35.0,2021-04-08,12:15,8,4,,53,Pierce,0,1,,1,1,2,1,0,2,2,,,,12,0,2,7.4,1,0,1,3,2,2,4,0,0,0,0,CR-CANYON RD E,,-122.3573667,47.146341667,0,2,52,54,3,45,66,1,0,1,2,12,1,1,6,1,1,1,3,53,0,82,881,2001,0,,12,,,,,,1,1,58,1,0.0,,0,0,3,0,11,0,,,,,6.0,1.0,3.0,3.0,1,0,,,,96,,,,,,98,,,,,,98408,53,73.0,200.0,6.0,1.0,0.0,0.0,0.0,0.0,,0,,,,,,0,,,20,0,0,0,8.0,9,8,,,0,,,8,8,8.0,95.0,,,96.0,,,8,95,995.0,,,,,,,,,,,,,,,,,,,,,,,,,,,,,,0,0,0,0,0,0,1,1,0,0,0,0,0,1,0,0,0,0,0,0,0,0,0,0,0,0,0,0,0,1,1,0,0,0,0,,0,0,0,0,0,0,0,0,0,0,0,0,0,0,0,0,,,,,,56-60,56-65,County road,U,Thursday,,MHTRUCK,Not Fatal,0,1,1,0,County Road,County Sheriff,Law Enforcement Support Agency,0,0,1,0,0,,,,,,0.0,0.0,0.0,,,,,,,,,,,98.0,98.0,98.0,0.0,,,,,20.0,,,,,,,,,1.0,0.0,,,CANYON RD E,7.37,,,98373,Tacoma,Puyallup
3269,3341,3341,2021,101,EB21889,122.0,2021-03-26,23:02,26,3,,61,Snohomish,690,10,,2,1,2,1,0,1,1,,,,24,0,0,0.0,1,0,1,7,2,4,6,0,0,0,0,LOWELL SNOHOMISH RIVER RD,,-122.1778806,47.946205556,0,1,1,13,2,30,80,0,0,1,2,24,3,1,2,1,14,1,2,53,0,72,706,2017,0,,63,24.0,,,,,1,1,38,1,7.0,,4,7,20,7,11,0,03/26/2021,23:02,69053014765.0,14765.0,0.0,0.0,0.0,3.0,1,0,,,,96,,,,,,98,,,,,,98201,53,68.0,265.0,6.0,1.0,0.0,0.0,0.0,3.0,,0,,,,,,4,02/15/2017,02/15/2020,20,8,0,0,0.0,9,8,,,0,,,8,8,2.0,402.0,401.0,,1.0,1.0,,2,1,0.179,,,,,,,,,,,,,,,,,,,,,,,,,,,,,,0,0,1,0,1,1,1,1,0,0,0,0,1,0,0,0,0,0,0,0,0,0,0,0,0,0,0,0,1,0,0,0,0,0,1,0.0,0,0,0,0,0,1,1,1,0,1,0,0,0,0,0,1,,,,,,36-40,36-45,City street,U,Friday,,MC,White,0,1,0,0,City Street,Municipal/City Police,Everett Police Department,1,0,0,1,0,,,,,,0.0,0.0,3.0,,,,,,,,,,,0.0,0.0,0.0,1.0,,,,,5.0,,,,,,,,,1.0,0.0,,,,,,,98296,Everett,Snohomish
3270,3342,3342,2021,102,EB22729,7.0,2021-03-30,2:13,30,3,,33,King,2005,1,,3,1,1,1,0,1,1,,,,42,0,0,175.7,1,0,1,1,2,1,1,0,0,0,0,I-5,,-122.3295139,47.75,0,1,1,6,1,60,4,0,0,1,2,42,2,1,4,3,14,1,1,53,0,30,40,2013,0,,63,42.0,,,,,1,1,19,1,7.0,,4,7,3,0,11,0,03/30/2021,2:13,200553015960.0,15960.0,0.0,0.0,3.0,2.0,1,0,,,,96,,,,,,9,,,,,,98043,53,72.0,140.0,1.0,1.0,0.0,1.0,0.0,4.0,,0,,,,,,4,11/15/2019,08/15/2020,20,0,0,0,0.0,9,8,,,0,,,8,1,2.0,1.0,,,1.0,,,2,1,0.0,,,,,,,,,,,,,,,,,,,,,,,,,,,,,,0,0,1,0,1,0,0,0,0,0,0,0,1,1,0,0,0,0,0,0,0,1,1,0,1,0,0,0,0,1,0,0,0,0,0,,1,0,0,0,0,0,0,0,0,1,0,1,0,0,0,1,,,,,,18-20,16-25,Interstate,U,Tuesday,Belt Used,PV,Multiracial,0,1,0,0,State Route,State Patrol,Washington State Patrol,1,1,0,0,0,,,,,,0.0,0.0,1.0,,,,,,,,,,,98.0,98.0,98.0,201.0,218.0,,,,20.0,,,,,,,,,1.0,0.0,,,,,,,98133,Mountlake Terrace,Seattle
3271,3343,3343,2021,103,EB22784,2.0,2021-03-21,21:02,21,3,,61,Snohomish,0,2,,2,2,2,1,0,4,2,,,,24,0,0,187.1,1,0,1,1,2,1,1,0,0,0,0,I-5,,-122.224175,47.889694444,0,1,6,9,1,60,2,0,0,1,2,24,1,1,4,3,15,2,2,53,0,49,45,2001,0,,64,24.0,1.0,54.0,,,1,1,39,1,7.0,,4,7,3,0,11,0,03/21/2021,21:02,53014395.0,14395.0,0.0,0.0,3.0,2.0,1,0,,,,96,,,,,,98,,,,,,98223,53,70.0,173.0,1.0,1.0,2.0,4.0,2.0,2.0,,0,,,,,,4,02/15/2018,09/15/2020,20,0,0,0,0.0,9,8,,,0,,,8,8,2.0,695.0,605.0,996.0,1.0,1.0,1.0,2,1,0.069,,,,,,,,,,,,,,,,,,,,,,,,,,,,,,0,0,1,0,1,0,1,1,1,0,0,0,1,1,0,0,0,0,0,0,0,0,0,0,0,0,0,0,0,1,0,0,0,0,0,,1,0,0,0,1,0,1,1,0,1,0,1,0,0,0,1,,,,,,36-40,36-45,Interstate,U,Sunday,Belt Used,PV,White,0,1,0,0,State Route,State Patrol,Washington State Patrol,1,1,0,0,0,thc,1.4,carboxy-thc,6.1,,0.0,0.0,5.0,1.0,1.0,,,,401.0,417.0,,,,98.0,98.0,98.0,1.0,,,,,20.0,,,,,,,,nms,1.0,14.0,,,,,,,98208,Arlington,Everett
3272,3344,3344,2021,103,EB22784,2.0,2021-03-21,21:02,21,3,,61,Snohomish,0,2,,2,2,2,1,0,4,2,,,,24,0,0,187.1,1,0,1,1,2,1,1,0,0,0,0,I-5,,-122.224175,47.889694444,0,2,98,98,7,60,15,0,0,1,5,54,1,1,4,3,1,2,3,53,0,7,422,2017,0,,54,,,,,,1,1,61,1,0.0,,0,0,3,0,11,0,,,,,0.0,0.0,3.0,3.0,1,0,,,,96,,,,,,96,,,,,,98003,53,70.0,180.0,6.0,1.0,0.0,0.0,0.0,0.0,,0,,,,,,0,,,20,0,0,0,8.0,9,8,,,0,,,8,8,0.0,0.0,,,0.0,,,0,0,996.0,,,,,,,,,,,,,,,,,,,,,,,,,,,,,,0,0,1,0,1,0,1,1,1,0,0,0,1,1,0,0,0,0,0,0,0,0,0,0,0,0,0,0,0,1,0,0,0,0,0,,0,0,0,0,0,0,0,0,0,0,0,0,0,0,0,0,,,,,,61-65,56-65,Interstate,U,Sunday,Belt Used,PV,Not Fatal,0,1,0,0,State Route,State Patrol,Washington State Patrol,1,1,0,0,0,,,,,,0.0,0.0,0.0,,,,,,,,,,,98.0,98.0,98.0,0.0,,,,,20.0,,,,,,,,,1.0,14.0,,,,,,,98208,Federal Way,Everett
3273,3345,3345,2021,104,EB23200,35.0,2021-04-17,20:09,17,4,,53,Pierce,0,1,,2,1,2,2,0,2,1,,,,31,0,0,1.5,1,0,1,4,2,2,4,0,0,0,0,CR-40TH ST NW,,-122.64875,47.293655556,0,1,7,9,1,35,6,0,0,1,2,31,1,1,2,1,1,2,2,53,0,49,46,2017,0,,63,69.0,68.0,64.0,31.0,30.0,1,1,26,2,4.0,,4,7,3,0,11,0,04/17/2021,20:09,53018646.0,18646.0,0.0,0.0,0.0,0.0,1,0,,,,96,,,,,,98,,,,,,98664,53,,999.0,0.0,0.0,99.0,99.0,99.0,99.0,,0,,,,,,0,,,1,0,0,0,0.0,9,8,,,0,,,8,8,8.0,95.0,,,96.0,,,8,95,995.0,,,,,,,,,,,,,,,,,,,,,,,,,,,,,,0,0,0,0,0,0,0,0,0,0,0,0,0,1,0,0,0,0,0,0,0,0,0,0,0,0,0,0,0,1,0,0,0,0,0,,1,0,0,0,0,0,0,0,0,0,0,1,0,0,0,0,,,,,,26-30,26-35,County road,U,Saturday,Belt Used,PV,Hispanic,0,1,0,0,County Road,County Sheriff,Law Enforcement Support Agency,1,0,1,0,0,,,,,,99.0,99.0,99.0,,,,,,,,,,,98.0,98.0,98.0,1.0,,,,,20.0,,,,,,,,,1.0,0.0,,,040 ST NW,1.49,,,98335,Vancouver,Gig Harbor
3274,3347,3347,2021,106,EB23228,5.0,2021-04-18,0:17,18,4,,11,Clark,0,1,,3,1,2,1,0,1,1,,,,33,0,0,1.6,3,0,2,3,2,1,3,0,0,3,3,SR-502,NE 29TH AVE,-122.6410667,45.779686111,0,1,1,13,2,50,4,0,0,1,2,33,1,1,3,1,1,1,1,53,0,32,43,2006,0,,63,33.0,30.0,42.0,17.0,31.0,1,1,41,2,7.0,,4,0,20,7,11,5,04/18/2021,6:44,237053022471.0,22471.0,0.0,0.0,0.0,3.0,1,8,,,,96,,,,,,98,,,,,,98606,53,63.0,135.0,6.0,1.0,0.0,0.0,1.0,0.0,,0,,,,,,4,04/15/2018,04/15/2018,8,1,9,0,0.0,9,8,,,0,,,9,9,2.0,996.0,996.0,996.0,1.0,1.0,1.0,2,1,0.0,,,,,,,,,,,,,,,,,,,,,,,,,,,,,,0,0,1,1,0,0,1,1,0,0,0,0,1,0,0,0,0,0,0,1,0,0,0,0,0,0,0,0,0,1,0,0,0,1,0,,1,0,0,0,0,0,1,1,0,1,0,0,0,0,1,0,,,,,,41-45,36-45,State route,U,Sunday,Not Used,PV,White,0,1,0,0,State Route,State Patrol,WASHINGTON STATE PATROL,1,1,0,0,0,,,,,,0.0,0.0,0.0,1.0,1.0,1.0,,,177.0,996.0,401.0,417.0,,98.0,98.0,98.0,1.0,,,,,20.0,,,,,,,,,1.0,0.0,,,,,,,98642,Brush Prairie,Ridgefield
3275,3348,3348,2021,107,EB23232,6.0,2021-04-16,14:40,16,4,,37,Kittitas,0,1,,1,1,1,1,0,2,1,,,,1,0,0,75.5,1,0,1,1,1,1,1,0,0,0,0,I-90,,-121.0691139,47.200102778,0,1,2,1,1,70,34,0,0,1,2,1,1,1,2,3,1,2,2,53,0,7,481,1985,0,,61,63.0,1.0,38.0,42.0,,1,1,51,1,7.0,,4,7,20,7,11,0,04/16/2021,14:40,53019870.0,19870.0,0.0,0.0,0.0,2.0,1,80,,,,96,,,,,,98,,,,,,98409,53,70.0,190.0,1.0,1.0,0.0,3.0,1.0,0.0,,0,,,,,,0,04/15/2017,06/15/2021,20,1,9,0,0.0,9,8,,,0,,,1,8,8.0,95.0,,,96.0,,,8,95,995.0,,,,,,,,,,,,,,,,,,,,,,,,,,,,,,0,0,0,0,0,0,0,0,0,0,0,0,0,1,0,0,0,0,0,1,0,0,0,0,0,0,0,0,0,1,0,0,0,1,0,,1,0,0,0,0,0,0,0,0,0,0,1,0,0,0,0,,,,,,51-55,46-55,Interstate,R,Friday,Not Used,PV,White,0,1,0,0,State Route,State Patrol,Washington State Patrol,1,1,0,0,0,,,,,,0.0,0.0,3.0,,,,,,,,,,,0.0,0.0,0.0,1.0,,,,,20.0,,,,,,,,,1.0,0.0,,,,,,,98922,Tacoma,Cle Elum
3276,3349,3349,2021,109,EB23704,330.0,2021-04-18,14:04,18,4,,77,Yakima,2590,1,,1,0,0,1,0,3,1,,,,5,0,0,0.0,1,0,1,7,2,4,6,0,0,0,0,E SPRUCE ST,,-120.4867778,46.602016667,0,1,0,98,7,0,34,0,0,1,5,5,0,0,0,0,11,3,1,53,0,7,482,2017,0,,5,,,,,,1,1,27,1,0.0,,0,0,99,7,11,0,,,,,0.0,0.0,0.0,3.0,1,0,,,,96,,,,,,98,,,,,,98902,53,64.0,150.0,6.0,1.0,0.0,1.0,1.0,3.0,,0,,,,,,0,11/15/2016,10/15/2020,20,0,0,0,8.0,9,8,,,0,,,8,8,8.0,95.0,,,96.0,,,2,98,997.0,,,,,,,,,,,,,,,,,,,,,,,,,,,,,,0,0,0,0,0,0,0,0,0,0,0,0,0,0,0,0,0,0,0,1,0,0,0,0,0,0,0,0,0,1,0,0,0,0,0,,0,0,0,0,0,0,0,0,0,0,0,0,0,0,0,0,,,,,,26-30,26-35,City street,U,Sunday,Unknown,PV,Not Fatal,0,0,0,0,City Street,Municipal/City Police,Yakima Police Department,0,0,0,1,0,,,,,,0.0,0.0,0.0,,,,,,,,,,,98.0,98.0,98.0,0.0,,,,,20.0,,,,,,,,,1.0,0.0,,,,,,,98901,Yakima,Yakima