,index,Unnamed: 0,year,case,par,repjur,crash_dt,crash_tm,accday,accmon,holiday,county,co_char,city,weather,weather2,lightcond,surfcond,surftype,numfatal,nmforms,pforms,vforms,not_tm,arr_tm,hosp_tm,fhevent,hitrun,manncol,milepnt,reljunc,reljuncinter,intersectiontype,funcsystem,landuse,ownership,route,schlbus,spejur,contdev,devfunc,trafid1,trafid2,lon,lat,wk_zone,vnumber,crashtype,criticalevent,criticaleventcat,spdlim,body,trailer,emerg,hazcargo,leave,mhevent,roadalgn,roadprof,traflane,trafflow,vehmanvr,numoccs,regowner,regstate,spuse,make,model,modelyr,vrf1,vrf2,seqevent1,seqevent2,seqevent3,seqevent4,seqevent5,seqevent6,pnumber,ptype,age,sex,hispanic,race,injury,diedscene,restraint,restraintmisuse,seatpos,takehosp,death_dt,death_tm,cert,cernum_wa,commlic,licendor,licrestrict,liccomp,drivpres,drf1,drf2,drf3,drf4,distract1,distract2,distract3,distract4,distract5,distract6,dricond1,dricond2,dricond3,dricond4,dricond5,dricond6,dzip,licstate,drhgt_in,weight,noncdl,noncdltype,prevdwi,prevoth,prevacc,prevspd,prevsus,driviol1,driviol2,driviol3,driviol4,driviol5,driviol6,spdrel,first_dt,last_dt,airbag,ejection,ejectpath,extricat,injurwrk,methalc,methdrug,nmlocat,strikveh,prf1,prf2,prf3,druginv,alcinvol,drugsts,drugres1,drugres2,drugres3,drugtst1,drugtst2,drugtst3,alcsts,alctst,alcres,nmact1,nmact2,nmact3,nmact4,nmact5,nmact6,nmprior1,nmprior2,nmprior3,nmprior4,nmprior5,nmprior6,nmcond1,nmcond2,nmcond3,nmcond4,nmcond5,nmcond6,nmsafe_helmet,nmsafe_pads,nmsafe_oth,nmprev_ref,nmprev_lgt,nmprev_oth,crashlocation,nmcrashtype,crosswalk,schoolzone,sidewalk,train_inv,wildlife_inv,rotr_fars,intersect_fars,dd_inv,aid_inv,dpd_inv,id_inv,mj_inv,impnm_inv,ainm_inv,dpnm_inv,speed_inv,unlic_inv,unendmc_inv,drowsy_inv,drdist_inv,nmdist_inv,fty_inv,unrestfat_inv,dr1617_inv,dr1820_inv,dr1620_inv,dr2125_inv,dr1625_inv,dr65_inv,dr70_inv,dr75_inv,mc_inv,pv_inv,ht_inv,ped_inv,bike_inv,unrest_fat,mc_fat,unhelmet_mc,pv_fat,ht_fat,ped_fat,bike_fat,dr_alc7,dr_alc8,dr_drug,dr_imp,dr_dist,dr_spd,dr_fty,dr_unlic,dr_alc7only,dr_alc8only,dr_drugonly,dr_drink,nm_imp,nm_alc7,nm_alc8,nm_drug,nm_dist,agegrp1,agegrp2,roadclass,urbrur,dayweek,restuse,vehtype,race_me,intersect,lanedep,oppdir,wrongway,rep_typ,investag,repag_long,rotr,st_rd,cty_rd,city_rd,oth_rd,drug_thc,thc_res,drug_cthc,cthc_res,drug_cann,prevpersemin,prevperse,prevsusoth,drugtst4,drugtst5,drugtst6,drugtst7,drugtst8,drugres4,drugres5,drugres6,drugres7,drugres8,adspresent,adsengaged,adslevel,race1,race2,race3,race4,race5,helmet,helmetmisuse,nmdistract1,nmdistract2,nmdistract3,nmdistract4,nmdistract5,nmdistract6,lab,isedtcase,crf1,crf2,crf3,CoRoadName,CoMP,IntCoRoadName,IntCoMP,crashzip,dcity,crashcity
3369,3446,3446,2021,180,EB39743,71.0,2021-06-10,0:01,10,6,,53,Pierce,210,1,,3,1,2,1,0,2,1,,,,59,0,0,11.9,3,0,3,3,2,1,3,0,0,3,3,SR-410,SR-165,-122.0363639,47.158061111,0,1,7,9,1,35,2,0,0,1,2,59,3,2,2,1,14,2,2,53,0,37,32,1995,0,,68,64.0,59.0,,,,1,1,26,2,0.0,,1,0,20,7,11,0,,,,,0.0,0.0,0.0,0.0,1,0,,,,96,,,,,,9,,,,,,98038,53,63.0,127.0,0.0,0.0,1.0,0.0,0.0,1.0,,0,,,,,,0,06/15/2020,04/15/2021,1,0,0,0,8.0,9,8,,,0,,,1,8,2.0,401.0,417.0,,1.0,1.0,,2,1,0.0,,,,,,,,,,,,,,,,,,,,,,,,,,,,,,0,0,0,1,0,0,1,1,0,0,0,0,0,1,0,0,0,0,0,1,0,0,0,0,0,0,0,0,0,1,0,0,0,0,0,,0,0,0,0,0,0,1,1,0,0,0,1,0,0,1,0,,,,,,26-30,26-35,State route,U,Thursday,Not Used,PV,Not Fatal,0,1,0,0,State Route,Municipal/City Police,Buckley Police Department,1,1,0,0,0,,,,,,0.0,0.0,1.0,,,,,,,,,,,0.0,0.0,0.0,0.0,,,,,20.0,,,,,,,,,1.0,0.0,,,,,,,98321,Maple Valley,Buckley
3370,3447,3447,2021,181,EB38096,1.0,2021-06-06,4:08,6,6,,71,Walla Walla,2390,10,,2,1,2,1,0,1,1,,,,1,0,0,0.0,1,0,1,7,2,4,6,0,0,0,0,S HOWARD ST,,-118.3251194,46.065375,0,1,98,9,1,25,84,0,0,1,5,1,1,1,2,1,1,1,1,53,0,98,701,2014,0,,1,,,,,,1,1,65,1,7.0,,4,7,20,7,11,0,06/06/2021,4:08,239053027905.0,27905.0,0.0,0.0,0.0,3.0,1,0,,,,96,,,,,,98,,,,,,99362,53,67.0,135.0,6.0,1.0,0.0,1.0,0.0,0.0,,0,,,,,,0,05/15/2020,05/15/2020,20,8,0,0,0.0,9,8,,,0,,,8,8,8.0,95.0,,,96.0,,,8,95,995.0,,,,,,,,,,,,,,,,,,,,,,,,,,,,,,0,0,0,0,0,0,0,0,0,0,0,0,0,0,0,0,0,0,0,0,0,0,0,0,0,1,0,0,1,0,0,0,0,0,1,1.0,0,0,0,0,0,0,0,0,0,0,0,0,0,0,0,0,,,,,,61-65,56-65,City street,U,Sunday,,OTHMC,White,0,0,0,0,City Street,Municipal/City Police,Walla Walla Police Department,0,0,0,1,0,,,,,,0.0,0.0,0.0,,,,,,,,,,,0.0,0.0,0.0,1.0,,,,,17.0,,,,,,,,,1.0,0.0,,,,,,,99362,Walla Walla,Walla Walla
3371,3448,3448,2021,183,EB41199,5.0,2021-06-18,15:45,18,6,,41,Lewis,0,1,,1,1,2,1,0,2,2,,,,12,0,1,117.1,2,0,2,3,1,1,2,0,0,0,0,US-12,YOUNG RD,-121.9078,46.534072222,0,1,24,51,3,45,80,0,0,1,5,12,1,1,2,1,6,1,1,53,0,72,706,2003,0,,12,,,,,,1,1,67,1,7.0,,4,0,20,7,11,1,06/18/2021,21:10,196053031044.0,31044.0,0.0,0.0,0.0,3.0,1,33,,,,96,,,,,,98,,,,,,98146,53,75.0,205.0,6.0,1.0,0.0,0.0,0.0,1.0,,0,,,,,,0,07/15/2017,07/15/2017,20,8,0,0,0.0,9,8,,,0,,,8,8,2.0,522.0,124.0,996.0,1.0,1.0,1.0,2,1,0.0,,,,,,,,,,,,,,,,,,,,,,,,,,,,,,0,0,0,1,0,0,1,1,0,0,0,0,0,0,0,0,0,0,0,0,0,0,0,0,0,1,0,0,1,1,0,0,0,0,1,1.0,0,0,0,0,0,0,1,1,0,0,0,0,0,0,1,0,,,,,,66-70,66-75,US highway,R,Friday,,MC,White,1,0,0,0,State Route,State Patrol,Washington State Patrol,0,1,0,0,0,,,,,,0.0,0.0,0.0,,,,,,,,,,,0.0,0.0,0.0,1.0,,,,,16.0,,,,,,,,,1.0,0.0,,,,,,,98377,Seattle,Randle
3372,3449,3449,2021,183,EB41199,5.0,2021-06-18,15:45,18,6,,41,Lewis,0,1,,1,1,2,1,0,2,2,,,,12,0,1,117.1,2,0,2,3,1,1,2,0,0,0,0,US-12,YOUNG RD,-121.9078,46.534072222,0,2,25,53,3,45,14,0,0,1,5,12,1,1,2,1,11,1,1,53,0,35,401,2006,0,,12,,,,,,1,1,27,2,0.0,,0,0,3,0,11,0,,,,,0.0,0.0,0.0,3.0,1,0,,,,96,,,,,,98,,,,,,98499,53,61.0,170.0,6.0,1.0,0.0,0.0,1.0,1.0,,0,,,,,,0,08/15/2017,06/15/2020,20,0,0,0,8.0,9,8,,,0,,,8,8,0.0,0.0,,,0.0,,,0,0,996.0,,,,,,,,,,,,,,,,,,,,,,,,,,,,,,0,0,0,1,0,0,1,1,0,0,0,0,0,0,0,0,0,0,0,0,0,0,0,0,0,1,0,0,1,1,0,0,0,0,0,,0,0,0,0,0,0,0,0,0,0,0,0,0,0,0,0,,,,,,26-30,26-35,US highway,R,Friday,Belt Used,PV,Not Fatal,1,0,0,0,State Route,State Patrol,Washington State Patrol,0,1,0,0,0,,,,,,0.0,0.0,0.0,,,,,,,,,,,98.0,98.0,98.0,0.0,,,,,20.0,,,,,,,,,1.0,0.0,,,,,,,98377,Lakewood,Randle
3373,3450,3450,2021,184,EB41231,5.0,2021-06-14,13:28,14,6,,11,Clark,0,2,,1,2,2,3,0,5,2,,,,12,0,2,14.6,1,0,1,4,1,1,3,0,0,0,0,SR-503,,-122.516425,45.871461111,0,1,50,10,2,50,34,0,0,1,2,12,2,2,2,1,14,1,1,53,0,12,481,2011,0,,68,12.0,,,,,1,1,46,1,0.0,,1,0,3,0,11,5,,,,,0.0,0.0,3.0,3.0,1,28,,,,96,,,,,,9,,,,,,98601,53,76.0,235.0,6.0,1.0,0.0,0.0,0.0,1.0,,1,,,,,,0,11/15/2018,11/15/2018,8,0,0,0,8.0,9,8,,,0,,,8,1,2.0,695.0,605.0,,1.0,1.0,,2,1,0.23,,,,,,,,,,,,,,,,,,,,,,,,,,,,,,0,0,0,0,1,1,1,1,1,0,0,0,0,0,0,0,0,0,0,0,0,0,0,0,0,0,0,0,0,1,0,0,0,0,0,,0,0,0,0,0,1,1,1,0,0,0,0,0,0,0,1,,,,,,46-50,46-55,State route,R,Monday,Belt Used,PV,Not Fatal,0,1,1,0,State Route,State Patrol,Washington State Patrol,0,1,0,0,0,thc,13.0,carboxy-thc,170.0,,0.0,0.0,0.0,,,,,,,,,,,98.0,98.0,98.0,0.0,,,,,20.0,,,,,,,,,1.0,0.0,,,,,,,98675,Amboy,Yacolt
3374,3451,3451,2021,184,EB41231,5.0,2021-06-14,13:28,14,6,,11,Clark,0,2,,1,2,2,3,0,5,2,,,,12,0,2,14.6,1,0,1,4,1,1,3,0,0,0,0,SR-503,,-122.516425,45.871461111,0,2,51,62,4,50,5,0,0,1,2,12,3,2,2,1,14,4,2,53,0,41,51,2015,0,,12,,,,,,1,1,15,2,99.0,,4,0,3,0,11,0,06/20/2021,10:45,999953090693.0,90693.0,0.0,0.0,3.0,3.0,1,0,,,,96,,,,,,98,,,,,,98675,53,63.0,125.0,6.0,7.0,0.0,0.0,0.0,0.0,,0,,,,,,0,,,8,0,0,0,0.0,9,8,,,0,,,8,8,8.0,95.0,,,96.0,,,8,95,995.0,,,,,,,,,,,,,,,,,,,,,,,,,,,,,,0,0,0,0,1,1,1,1,1,0,0,0,0,0,0,0,0,0,0,0,0,0,0,0,0,0,0,0,0,1,0,0,0,0,0,,1,0,0,0,0,0,0,0,0,0,0,0,0,0,0,0,,,,,,10-15,0-15,State route,R,Monday,Belt Used,PV,Multiracial,0,1,1,0,State Route,State Patrol,Washington State Patrol,0,1,0,0,0,,,,,,0.0,0.0,0.0,,,,,,,,,,,98.0,98.0,98.0,201.0,205.0,,,,20.0,,,,,,,,,1.0,0.0,,,,,,,98675,Yacolt,Yacolt
3375,3452,3452,2021,185,3906102,263.0,2021-05-28,12:46,28,5,,33,King,1960,1,,1,1,2,1,0,1,1,,,,41,0,0,0.0,1,0,1,5,2,4,6,0,0,0,0,MILITARY RD S,,-122.2949,47.5346,0,1,7,6,1,98,80,0,0,1,2,24,2,2,2,1,6,1,5,53,0,53,705,2006,0,,64,41.0,24.0,,,,1,1,30,1,7.0,,4,0,20,7,11,5,05/28/2021,14:23,196053027380.0,27380.0,0.0,0.0,3.0,2.0,1,33,,,,96,,,,,,98,,,,,,98118,53,71.0,170.0,1.0,1.0,1.0,0.0,0.0,0.0,,0,,,,,,0,05/15/2017,09/15/2018,20,8,0,0,0.0,9,8,,,0,,,8,8,2.0,695.0,605.0,401.0,1.0,1.0,1.0,2,1,0.0,,,,,,,,,,,,,,,,,,,,,,,,,,,,,,0,0,0,0,0,0,1,1,1,0,0,0,0,1,1,0,0,0,0,0,0,0,0,0,0,0,0,0,1,0,0,0,0,0,1,0.0,0,0,0,0,0,0,1,1,0,0,0,1,0,0,1,0,,,,,,26-30,26-35,City street,U,Friday,,MC,White,0,1,0,0,City Street,Municipal/City Police,Seattle Police Department,1,0,0,1,0,thc,1.4,carboxy-thc,7.9,,0.0,0.0,4.0,1.0,,,,,417.0,,,,,0.0,0.0,0.0,1.0,,,,,19.0,,,,,,,,nms,1.0,0.0,,,,,,,98108,Seattle,Seattle
3376,3453,3453,2021,186,EB41625,127.0,2021-06-15,19:08,15,6,,33,King,735,1,,5,1,2,2,0,5,2,,,,12,0,6,2.7,3,0,3,3,2,1,3,0,0,0,0,SR-99,374TH ST,-122.3347333,47.266116667,0,1,66,8,1,98,4,0,0,1,2,12,8,8,4,1,1,3,2,53,0,12,17,2003,0,,68,12.0,,,,,1,1,33,2,0.0,,3,0,20,7,11,5,,,,,0.0,0.0,0.0,2.0,1,0,,,,96,,,,,,98,,,,,,98258,53,64.0,150.0,1.0,1.0,0.0,0.0,0.0,1.0,,97,,,,,,3,10/15/2016,09/15/2016,20,1,9,0,8.0,9,8,,,0,,,8,8,8.0,95.0,,,96.0,,,8,95,995.0,,,,,,,,,,,,,,,,,,,,,,,,,,,,,,0,0,0,1,0,0,0,0,0,0,0,0,1,1,0,0,0,0,0,1,0,0,0,0,0,1,1,1,0,1,0,0,0,0,0,,0,0,0,0,0,0,0,0,0,1,0,1,0,0,0,0,,,,,,31-35,26-35,State route,U,Tuesday,Not Used,PV,Not Fatal,1,0,0,0,State Route,Municipal/City Police,Federal Way Dept of Public Safety,0,1,0,0,0,,,,,,0.0,0.0,2.0,,,,,,,,,,,98.0,98.0,98.0,0.0,,,,,20.0,,,,,,,,,1.0,0.0,,,,,,,98003,Lake Stevens,Federal Way
3377,3454,3454,2021,186,EB41625,127.0,2021-06-15,19:08,15,6,,33,King,735,1,,5,1,2,2,0,5,2,,,,12,0,6,2.7,3,0,3,3,2,1,3,0,0,0,0,SR-99,374TH ST,-122.3347333,47.266116667,0,2,66,62,4,98,21,0,0,1,2,12,8,8,4,1,1,2,1,53,0,7,463,2019,0,,12,,,,,,1,1,79,1,0.0,,3,0,3,0,11,5,,,,,0.0,0.0,3.0,3.0,1,0,,,,96,,,,,,98,,,,,,98424,53,68.0,165.0,6.0,1.0,0.0,0.0,0.0,0.0,,0,,,,,,0,,,1,0,0,0,8.0,9,8,,,0,,,8,8,8.0,95.0,,,96.0,,,8,95,995.0,,,,,,,,,,,,,,,,,,,,,,,,,,,,,,0,0,0,1,0,0,0,0,0,0,0,0,1,1,0,0,0,0,0,1,0,0,0,0,0,1,1,1,0,1,0,0,0,0,0,,0,0,0,0,0,0,0,0,0,0,0,0,0,0,0,0,,,,,,76-80,76+,State route,U,Tuesday,Belt Used,PV,Not Fatal,1,0,0,0,State Route,Municipal/City Police,Federal Way Dept of Public Safety,0,1,0,0,0,,,,,,0.0,0.0,0.0,,,,,,,,,,,98.0,98.0,98.0,0.0,,,,,20.0,,,,,,,,,1.0,0.0,,,,,,,98003,Fife,Federal Way
3378,3455,3455,2021,187,3835781,263.0,2021-05-28,21:07,28,5,,33,King,1960,1,,3,1,1,1,0,1,1,,,,25,0,0,0.0,5,0,1,2,2,4,6,0,0,0,0,W SEATTLE BRG E,,-122.3279028,47.570786111,0,1,6,12,2,60,80,0,0,1,2,25,2,2,2,6,14,1,2,53,0,73,706,2015,0,,64,25.0,69.0,25.0,,,1,1,31,1,7.0,,4,7,20,7,11,0,05/28/2021,21:07,196053026085.0,26085.0,3.0,0.0,0.0,2.0,1,48,,,,96,,,,,,98,,,,,,98444,53,74.0,230.0,6.0,1.0,0.0,3.0,1.0,0.0,,0,,,,,,0,02/15/2016,08/15/2021,20,8,0,0,0.0,9,8,,,0,,,8,8,2.0,695.0,605.0,,1.0,1.0,,2,1,0.079,,,,,,,,,,,,,,,,,,,,,,,,,,,,,,0,0,1,0,1,0,1,1,1,0,0,0,0,0,1,0,0,0,0,0,0,0,0,0,0,0,0,0,1,0,0,0,0,0,1,0.0,0,0,0,0,1,0,1,1,0,0,0,0,0,0,0,1,,,,,,31-35,26-35,City street,U,Friday,,MC,White,0,1,0,0,City Street,Municipal/City Police,Seattle Police Department,1,0,0,1,0,thc,50.0,carboxy-thc,320.0,,0.0,0.0,4.0,,,,,,,,,,,0.0,0.0,0.0,1.0,,,,,5.0,,,,,,,,nms,1.0,0.0,,,,,,,98134,Tacoma,Seattle
3379,3456,3456,2021,188,EB00988,8.0,2021-01-25,7:59,25,1,,35,Kitsap,0,1,,1,1,2,1,0,2,2,,,,12,0,6,54.8,2,0,2,3,1,1,3,0,0,20,3,SR-3,PIONEER HILL RD NW,-122.6512417,47.783955556,0,1,87,17,2,35,20,0,0,1,5,12,1,1,3,1,1,1,2,53,0,37,441,2003,0,,12,,,,,,1,1,23,2,7.0,,4,0,99,7,11,5,01/26/2021,15:04,173053004213.0,4213.0,0.0,0.0,0.0,2.0,1,39,,,,96,,,,,,98,,,,,,98370,53,69.0,165.0,1.0,1.0,0.0,3.0,1.0,1.0,,0,,,,,,0,07/15/2018,10/15/2020,1,0,0,0,0.0,9,8,,,0,,,8,8,2.0,151.0,695.0,996.0,1.0,1.0,1.0,2,1,0.0,,,,,,,,,,,,,,,,,,,,,,,,,,,,,,0,0,0,1,0,0,1,1,1,0,0,0,0,1,0,0,0,0,0,0,0,0,0,1,1,0,0,0,0,1,0,0,0,0,0,,1,0,0,0,0,0,1,1,0,0,0,1,0,0,1,0,,,,,,21-25,16-25,State route,R,Monday,Unknown,PV,White,1,0,0,0,State Route,State Patrol,Washington State Patrol,0,1,0,0,0,thc,2.0,carboxy-thc,46.0,,0.0,0.0,1.0,1.0,1.0,1.0,,,605.0,522.0,996.0,401.0,417.0,98.0,98.0,98.0,1.0,,,,,20.0,,,,,,,,nms,0.0,0.0,,,,,,,98370,Poulsbo,Poulsbo
3380,3457,3457,2021,188,EB00988,8.0,2021-01-25,7:59,25,1,,35,Kitsap,0,1,,1,1,2,1,0,2,2,,,,12,0,6,54.8,2,0,2,3,1,1,3,0,0,0,0,SR-3,PIONEER HILL RD NW,-122.6512417,47.783955556,0,2,86,66,4,50,34,0,0,1,2,12,1,1,3,1,1,1,2,53,0,12,481,2001,0,,12,,,,,,1,1,23,1,0.0,,2,0,3,0,11,0,,,,,0.0,0.0,0.0,3.0,1,0,,,,96,,,,,,98,,,,,,98528,53,61.0,180.0,6.0,1.0,0.0,0.0,0.0,0.0,,0,,,,,,0,,,1,0,0,0,8.0,9,8,,,0,,,8,8,8.0,95.0,,,96.0,,,8,95,995.0,,,,,,,,,,,,,,,,,,,,,,,,,,,,,,0,0,0,1,0,0,1,1,1,0,0,0,0,1,0,0,0,0,0,0,0,0,0,1,1,0,0,0,0,1,0,0,0,0,0,,0,0,0,0,0,0,0,0,0,0,0,0,0,0,0,0,,,,,,21-25,16-25,State route,R,Monday,Belt Used,PV,Not Fatal,1,0,0,0,State Route,State Patrol,Washington State Patrol,0,1,0,0,0,,,,,,0.0,0.0,0.0,,,,,,,,,,,98.0,98.0,98.0,0.0,,,,,20.0,,,,,,,,,0.0,0.0,,,,,,,98370,Belfair,Poulsbo
3381,3458,3458,2021,189,EB41754,278.0,2021-06-22,2:54,22,6,,63,Spokane,2110,1,,3,1,2,1,0,2,1,,,,40,0,0,1.6,1,0,1,3,2,1,3,0,0,0,0,SR-290,,-117.3759306,47.662286111,0,1,6,12,2,98,4,0,0,1,2,40,3,1,2,1,14,2,1,53,0,49,32,2009,0,,68,64.0,40.0,10.0,,,1,1,28,2,0.0,,2,0,3,0,11,5,,,,,0.0,0.0,0.0,3.0,1,0,,,,96,,,,,,9,,,,,,99216,53,62.0,155.0,6.0,1.0,0.0,3.0,0.0,4.0,,97,,,,,,0,09/15/2017,08/15/2020,8,0,0,0,8.0,9,8,,,0,,,8,1,2.0,695.0,402.0,,1.0,1.0,,2,1,0.1,,,,,,,,,,,,,,,,,,,,,,,,,,,,,,0,0,1,0,1,1,1,1,1,0,0,0,0,0,0,0,0,0,0,1,0,0,0,0,0,0,0,0,0,1,0,0,0,0,0,,0,0,0,0,0,1,1,1,0,0,0,0,0,0,0,1,,,,,,26-30,26-35,State route,U,Tuesday,Belt Used,PV,Not Fatal,0,1,0,0,State Route,Municipal/City Police,Spokane Police Department,1,1,0,0,0,,,carboxy-thc,13.0,,0.0,0.0,2.0,,,,,,,,,,,98.0,98.0,98.0,0.0,,,,,20.0,,,,,,,,,1.0,0.0,,,,,,,99202,Spokane,Spokane
3382,3459,3459,2021,190,EB41940,21.0,2021-06-13,15:37,13,6,,25,Grant,0,10,,1,1,7,1,0,8,2,,,,12,0,6,,2,0,2,5,1,2,4,0,0,0,0,CR-DODSON RD N,RD 4 NW,-119.5554361,47.147941667,0,1,68,15,2,60,4,0,0,1,2,12,1,1,2,1,11,4,1,53,0,35,47,2019,0,,12,,,,,,1,1,22,1,0.0,,9,0,3,0,11,0,,,,,0.0,0.0,0.0,3.0,1,48,,,,12,,,,,,98,,,,,,98857,53,68.0,135.0,6.0,1.0,0.0,0.0,0.0,0.0,,97,,,,,,0,,,8,0,0,0,8.0,9,8,,,0,,,8,8,8.0,95.0,,,96.0,,,8,95,995.0,,,,,,,,,,,,,,,,,,,,,,,,,,,,,,0,0,0,1,0,0,0,0,0,0,0,0,0,0,0,0,1,0,0,0,0,0,0,1,1,0,0,0,0,1,0,0,0,0,0,,0,0,0,0,0,0,0,0,1,0,0,0,0,0,0,0,,,,,,21-25,16-25,County road,R,Sunday,Belt Used,PV,Not Fatal,1,0,0,0,County Road,County Sheriff,Grant County Sheriff's Office,0,0,1,0,0,,,,,,0.0,0.0,0.0,,,,,,,,,,,98.0,98.0,98.0,0.0,,,,,20.0,,,,,,,,,1.0,0.0,,,DODSON RD,18.7,4 NW,0.0,98823,Warden,Ephrata
3383,3460,3460,2021,190,EB41940,21.0,2021-06-13,15:37,13,6,,25,Grant,0,10,,1,1,7,1,0,8,2,,,,12,0,6,,2,0,2,5,1,2,4,0,0,0,0,CR-DODSON RD N,RD 4 NW,-119.5554361,47.147941667,0,2,69,62,4,60,14,0,0,1,2,12,1,1,2,1,1,4,1,53,0,51,401,2018,0,,12,1.0,,,,,1,1,34,1,0.0,,2,0,3,0,11,0,,,,,6.0,0.0,0.0,3.0,1,0,,,,96,,,,,,98,,,,,,98038,53,74.0,250.0,6.0,1.0,0.0,1.0,1.0,0.0,,0,,,,,,0,04/15/2018,11/15/2019,8,0,0,0,8.0,9,8,,,0,,,8,8,8.0,95.0,,,96.0,,,8,95,995.0,,,,,,,,,,,,,,,,,,,,,,,,,,,,,,0,0,0,1,0,0,0,0,0,0,0,0,0,0,0,0,1,0,0,0,0,0,0,1,1,0,0,0,0,1,0,0,0,0,0,,0,0,0,0,0,0,0,0,0,0,0,0,0,0,0,0,,,,,,31-35,26-35,County road,R,Sunday,Belt Used,PV,Not Fatal,1,0,0,0,County Road,County Sheriff,Grant County Sheriff's Office,0,0,1,0,0,,,,,,0.0,0.0,0.0,,,,,,,,,,,98.0,98.0,98.0,0.0,,,,,20.0,,,,,,,,,1.0,0.0,,,DODSON RD,18.7,4 NW,0.0,98823,Maple Valley,Ephrata
3384,3461,3461,2021,191,EB42078,5.0,2021-06-22,20:45,22,6,,15,Cowlitz,0,1,,1,1,2,1,1,1,1,,,,8,0,0,24.3,1,0,1,1,1,1,1,0,0,0,0,I-5,,-122.7786028,45.944161111,0,1,13,80,5,70,14,0,0,1,2,8,1,1,3,3,1,1,1,53,0,59,403,2019,0,,8,,,,,,1,1,69,1,0.0,,0,0,3,0,11,0,,,,,0.0,0.0,3.0,3.0,1,0,,,,96,,,,,,98,,,,,,98506,53,73.0,152.0,6.0,1.0,0.0,0.0,0.0,1.0,,0,,,,,,0,11/15/2017,11/15/2017,20,0,0,0,8.0,9,2,,,0,,,8,8,0.0,0.0,,,0.0,,,0,0,996.0,,,,,,,,,,,,,,,,,,,,,,,,,,,,,,0,0,0,0,0,0,0,0,0,0,0,0,0,0,0,0,0,0,0,0,0,0,0,0,0,1,0,0,0,1,0,1,0,0,0,,0,0,0,0,0,0,0,0,0,0,0,0,0,0,0,0,,,,,,66-70,66-75,Interstate,R,Tuesday,Belt Used,PV,Not Fatal,0,0,0,0,State Route,State Patrol,WASHINGTON STATE PATROL,0,1,0,0,0,,,,,,0.0,0.0,0.0,,,,,,,,,,,98.0,98.0,98.0,0.0,,,,,20.0,,,,,,,,,1.0,0.0,,,,,,,98625,Olympia,Kalama
3385,3462,3462,2021,192,EB42084,2.0,2021-06-12,18:20,12,6,,29,Island,0,1,,1,1,2,1,0,2,2,,,,42,0,0,,1,0,1,6,1,2,4,0,0,0,0,CR-RACE RD,,-122.5908972,48.181202778,0,1,1,13,2,35,80,0,0,1,2,42,3,4,2,1,14,1,1,53,0,34,706,2015,0,,63,42.0,69.0,12.0,,,1,1,41,1,7.0,,4,0,20,7,11,5,06/12/2021,18:20,47053029060.0,29060.0,0.0,0.0,0.0,3.0,1,0,,,,96,,,,,,9,,,,,,98239,53,71.0,180.0,6.0,1.0,0.0,2.0,1.0,0.0,,0,,,,,,4,11/15/2017,11/15/2019,20,8,0,0,0.0,1,1,,,0,,,1,1,2.0,695.0,605.0,,1.0,1.0,,2,1,0.171,,,,,,,,,,,,,,,,,,,,,,,,,,,,,,0,0,1,0,1,1,1,1,1,0,0,0,1,0,0,0,0,0,0,0,0,0,0,1,1,0,0,0,1,0,0,0,0,0,1,0.0,0,0,0,0,0,1,1,1,0,1,0,0,0,0,0,1,,,,,,41-45,36-45,County road,R,Saturday,,MC,White,0,1,0,0,County Road,State Patrol,Washington State Patrol,1,0,1,0,0,thc,50.0,carboxy-thc,82.0,,0.0,0.0,0.0,,,,,,,,,,,0.0,0.0,0.0,1.0,,,,,19.0,,,,,,,,nms,1.0,0.0,,,RACE RD,1.341,,,98239,Coupeville,Coupeville
3386,3463,3463,2021,192,EB42084,2.0,2021-06-12,18:20,12,6,,29,Island,0,1,,1,1,2,1,0,2,2,,,,42,0,0,,1,0,1,6,1,2,4,0,0,0,0,CR-RACE RD,,-122.5908972,48.181202778,0,2,98,98,7,35,80,0,0,1,5,12,3,4,2,1,14,1,2,53,0,72,706,2018,0,,12,,,,,,1,1,25,1,0.0,,2,0,20,7,11,0,,,,,0.0,0.0,0.0,3.0,1,0,,,,96,,,,,,98,,,,,,98273,53,79.0,280.0,6.0,1.0,0.0,0.0,0.0,0.0,,0,,,,,,0,,,20,8,0,0,8.0,9,8,,,0,,,8,8,0.0,0.0,,,0.0,,,0,0,996.0,,,,,,,,,,,,,,,,,,,,,,,,,,,,,,0,0,1,0,1,1,1,1,1,0,0,0,1,0,0,0,0,0,0,0,0,0,0,1,1,0,0,0,1,0,0,0,0,0,0,0.0,0,0,0,0,0,0,0,0,0,0,0,0,0,0,0,0,,,,,,21-25,16-25,County road,R,Saturday,,MC,Not Fatal,0,1,0,0,County Road,State Patrol,Washington State Patrol,1,0,1,0,0,,,,,,0.0,0.0,0.0,,,,,,,,,,,0.0,0.0,0.0,0.0,,,,,5.0,,,,,,,,,1.0,0.0,,,RACE RD,1.341,,,98239,Mount Vernon,Coupeville