,index,Unnamed: 0,year,case,par,repjur,crash_dt,crash_tm,accday,accmon,holiday,county,co_char,city,weather,weather2,lightcond,surfcond,surftype,numfatal,nmforms,pforms,vforms,not_tm,arr_tm,hosp_tm,fhevent,hitrun,manncol,milepnt,reljunc,reljuncinter,intersectiontype,funcsystem,landuse,ownership,route,schlbus,spejur,contdev,devfunc,trafid1,trafid2,lon,lat,wk_zone,vnumber,crashtype,criticalevent,criticaleventcat,spdlim,body,trailer,emerg,hazcargo,leave,mhevent,roadalgn,roadprof,traflane,trafflow,vehmanvr,numoccs,regowner,regstate,spuse,make,model,modelyr,vrf1,vrf2,seqevent1,seqevent2,seqevent3,seqevent4,seqevent5,seqevent6,pnumber,ptype,age,sex,hispanic,race,injury,diedscene,restraint,restraintmisuse,seatpos,takehosp,death_dt,death_tm,cert,cernum_wa,commlic,licendor,licrestrict,liccomp,drivpres,drf1,drf2,drf3,drf4,distract1,distract2,distract3,distract4,distract5,distract6,dricond1,dricond2,dricond3,dricond4,dricond5,dricond6,dzip,licstate,drhgt_in,weight,noncdl,noncdltype,prevdwi,prevoth,prevacc,prevspd,prevsus,driviol1,driviol2,driviol3,driviol4,driviol5,driviol6,spdrel,first_dt,last_dt,airbag,ejection,ejectpath,extricat,injurwrk,methalc,methdrug,nmlocat,strikveh,prf1,prf2,prf3,druginv,alcinvol,drugsts,drugres1,drugres2,drugres3,drugtst1,drugtst2,drugtst3,alcsts,alctst,alcres,nmact1,nmact2,nmact3,nmact4,nmact5,nmact6,nmprior1,nmprior2,nmprior3,nmprior4,nmprior5,nmprior6,nmcond1,nmcond2,nmcond3,nmcond4,nmcond5,nmcond6,nmsafe_helmet,nmsafe_pads,nmsafe_oth,nmprev_ref,nmprev_lgt,nmprev_oth,crashlocation,nmcrashtype,crosswalk,schoolzone,sidewalk,train_inv,wildlife_inv,rotr_fars,intersect_fars,dd_inv,aid_inv,dpd_inv,id_inv,mj_inv,impnm_inv,ainm_inv,dpnm_inv,speed_inv,unlic_inv,unendmc_inv,drowsy_inv,drdist_inv,nmdist_inv,fty_inv,unrestfat_inv,dr1617_inv,dr1820_inv,dr1620_inv,dr2125_inv,dr1625_inv,dr65_inv,dr70_inv,dr75_inv,mc_inv,pv_inv,ht_inv,ped_inv,bike_inv,unrest_fat,mc_fat,unhelmet_mc,pv_fat,ht_fat,ped_fat,bike_fat,dr_alc7,dr_alc8,dr_drug,dr_imp,dr_dist,dr_spd,dr_fty,dr_unlic,dr_alc7only,dr_alc8only,dr_drugonly,dr_drink,nm_imp,nm_alc7,nm_alc8,nm_drug,nm_dist,agegrp1,agegrp2,roadclass,urbrur,dayweek,restuse,vehtype,race_me,intersect,lanedep,oppdir,wrongway,rep_typ,investag,repag_long,rotr,st_rd,cty_rd,city_rd,oth_rd,drug_thc,thc_res,drug_cthc,cthc_res,drug_cann,prevpersemin,prevperse,prevsusoth,drugtst4,drugtst5,drugtst6,drugtst7,drugtst8,drugres4,drugres5,drugres6,drugres7,drugres8,adspresent,adsengaged,adslevel,race1,race2,race3,race4,race5,helmet,helmetmisuse,nmdistract1,nmdistract2,nmdistract3,nmdistract4,nmdistract5,nmdistract6,lab,isedtcase,crf1,crf2,crf3,CoRoadName,CoMP,IntCoRoadName,IntCoMP,crashzip,dcity,crashcity
3387,3464,3464,2021,193,EB42524,2.0,2021-06-22,18:40,22,6,,57,Skagit,0,1,,1,1,2,1,0,1,1,,,,42,0,0,,1,0,1,6,1,2,4,0,0,0,0,CR-CONCRETE SAUK VALLEY,,-121.7471083,48.518213889,0,1,6,12,2,50,4,0,0,1,2,42,1,2,2,1,1,1,2,53,0,55,35,2005,0,,68,64.0,42.0,,,,1,1,56,1,7.0,,4,7,3,0,11,0,06/22/2021,18:40,53033261.0,33261.0,0.0,0.0,0.0,0.0,1,0,,,,0,,,,,,2,,,,,,98237,53,73.0,200.0,0.0,0.0,0.0,0.0,0.0,1.0,,0,,,,,,0,02/15/2021,02/15/2021,1,0,0,0,0.0,9,8,,,0,,,8,8,2.0,167.0,996.0,128.0,1.0,1.0,1.0,2,1,0.0,,,,,,,,,,,,,,,,,,,,,,,,,,,,,,0,0,1,0,0,0,1,1,0,0,0,0,0,1,0,1,0,0,0,0,0,0,0,0,0,0,0,0,0,1,0,0,0,0,0,,1,0,0,0,0,0,1,1,0,0,0,1,0,0,1,0,,,,,,56-60,56-65,County road,R,Tuesday,Belt Used,PV,White,0,1,0,0,County Road,State Patrol,Washington State Patrol,1,0,1,0,0,,,,,,0.0,0.0,0.0,1.0,1.0,1.0,,,177.0,996.0,996.0,401.0,417.0,98.0,98.0,98.0,1.0,,,,,20.0,,,,,,,,,1.0,0.0,,,CONCRETE SAUK VALLEY ROAD,2.63,,,98237,Concrete,Concrete
3388,3465,3465,2021,194,EB42907,7.0,2021-06-18,19:32,18,6,,33,King,1960,1,,1,1,2,1,1,1,1,,,,8,0,0,34.3,1,0,1,2,2,1,3,0,0,0,0,SR-509,,-122.3334889,47.524880556,0,1,13,80,5,60,4,0,0,1,5,8,1,1,3,3,1,1,1,53,0,37,32,2010,0,,8,,,,,,1,1,33,1,0.0,,0,0,3,0,11,0,,,,,6.0,0.0,3.0,3.0,1,0,,,,96,,,,,,98,,,,,,98390,53,71.0,230.0,6.0,1.0,0.0,1.0,1.0,0.0,,0,,,,,,0,12/15/2019,12/15/2019,20,0,0,0,8.0,9,8,,,0,,,8,8,0.0,0.0,,,0.0,,,0,0,996.0,,,,,,,,,,,,,,,,,,,,,,,,,,,,,,0,0,0,0,0,0,0,0,0,1,0,1,0,0,0,0,0,0,0,0,0,0,0,0,0,0,0,0,0,1,0,1,0,0,0,,0,0,0,0,0,0,0,0,0,0,0,0,0,0,0,0,,,,,,31-35,26-35,State route,U,Friday,Belt Used,PV,Not Fatal,0,0,0,0,State Route,State Patrol,Washington State Patrol,0,1,0,0,0,,,,,,0.0,0.0,0.0,,,,,,,,,,,98.0,98.0,98.0,0.0,,,,,20.0,,,,,,,,,1.0,23.0,,,,,,,98108,Sumner,Seattle
3389,3466,3466,2021,195,EB43349,339.0,2021-06-22,10:45,22,6,,63,Spokane,2113,1,,1,1,2,1,0,2,2,,,,12,0,2,0.0,3,0,3,3,2,4,6,0,0,0,0,E SPRAGUE AVE,N Gillis Rd,-117.2572111,47.657141667,0,1,50,10,2,98,14,0,0,1,2,12,1,1,6,1,1,1,2,53,0,48,401,2009,0,,68,12.0,,,,,1,1,38,2,0.0,,1,0,3,0,11,5,,,,,0.0,0.0,3.0,3.0,1,28,,,,0,,,,,,2,,,,,,99216,53,66.0,400.0,6.0,1.0,0.0,0.0,0.0,0.0,,97,,,,,,0,,,1,0,0,0,8.0,9,8,,,0,,,8,8,0.0,0.0,,,0.0,,,0,0,996.0,,,,,,,,,,,,,,,,,,,,,,,,,,,,,,0,0,0,1,0,0,0,0,0,0,0,0,0,0,0,1,0,0,0,0,0,0,0,0,0,0,0,0,1,1,0,0,0,0,0,,0,0,0,0,0,0,0,0,0,0,0,0,0,0,0,0,,,,,,36-40,36-45,City street,U,Tuesday,Belt Used,PV,Not Fatal,0,1,1,0,City Street,Municipal/City Police,Spokane Valley Police Department,0,0,0,1,0,,,,,,0.0,0.0,0.0,,,,,,,,,,,98.0,98.0,98.0,0.0,,,,,20.0,,,,,,,,,1.0,0.0,,,,,,,99206,Spokane,Spokane
3390,3467,3467,2021,195,EB43349,339.0,2021-06-22,10:45,22,6,,63,Spokane,2113,1,,1,1,2,1,0,2,2,,,,12,0,2,0.0,3,0,3,3,2,4,6,0,0,0,0,E SPRAGUE AVE,N Gillis Rd,-117.2572111,47.657141667,0,2,51,62,4,98,80,0,0,1,2,12,1,1,6,2,1,1,0,53,0,98,706,2019,0,,12,,,,,,1,1,49,1,7.0,,4,0,20,7,11,5,06/22/2021,11:28,211053030980.0,30980.0,0.0,0.0,3.0,3.0,1,0,,,,96,,,,,,98,,,,,,99206,53,66.0,190.0,6.0,1.0,0.0,0.0,0.0,0.0,,0,,,,,,0,,,20,8,0,0,0.0,9,8,,,0,,,8,8,0.0,0.0,,,0.0,,,0,0,996.0,,,,,,,,,,,,,,,,,,,,,,,,,,,,,,0,0,0,1,0,0,0,0,0,0,0,0,0,0,0,1,0,0,0,0,0,0,0,0,0,0,0,0,1,1,0,0,0,0,1,0.0,0,0,0,0,0,0,0,0,0,0,0,0,0,0,0,0,,,,,,46-50,46-55,City street,U,Tuesday,,MC,White,0,1,1,0,City Street,Municipal/City Police,Spokane Valley Police Department,0,0,0,1,0,,,,,,0.0,0.0,0.0,,,,,,,,,,,0.0,0.0,0.0,1.0,,,,,5.0,,,,,,,,,1.0,0.0,,,,,,,99206,Spokane,Spokane
3391,3468,3468,2021,196,EB43365,40.0,2021-06-26,20:38,26,6,,63,Spokane,0,1,,1,1,2,1,0,1,1,,,,42,0,0,,1,0,1,5,1,2,4,0,0,0,0,CR-W CHARLES RD,,-117.5873861,47.791827778,0,1,1,13,2,98,6,0,0,1,2,42,1,1,2,1,1,1,1,53,0,14,36,1999,0,,63,42.0,,,,,1,1,31,1,7.0,,4,0,20,7,11,5,06/26/2021,22:11,211053032620.0,32620.0,0.0,0.0,0.0,3.0,1,0,,,,96,,,,,,98,,,,,,99026,53,75.0,200.0,6.0,1.0,0.0,0.0,0.0,0.0,,0,,,,,,0,,,1,0,0,0,0.0,9,8,,,0,,,8,8,2.0,695.0,605.0,,1.0,1.0,,2,1,0.178,,,,,,,,,,,,,,,,,,,,,,,,,,,,,,0,0,1,0,1,1,1,1,1,0,0,0,0,0,0,0,0,0,0,1,0,0,0,0,0,0,0,0,0,1,0,0,0,1,0,,1,0,0,0,0,1,1,1,0,0,0,0,0,0,0,1,,,,,,31-35,26-35,County road,R,Saturday,Not Used,PV,Black,0,1,0,0,County Road,County Sheriff,Spokane County Sheriff's Office,1,0,1,0,0,thc,50.0,carboxy-thc,53.0,,0.0,0.0,0.0,,,,,,,,,,,0.0,0.0,0.0,2.0,,,,,20.0,,,,,,,,nms,1.0,0.0,,,CHARLES RD,7.72,,,99026,Nine Mile Falls,Nine Mile Falls
3392,3469,3469,2021,197,EB43467,2.0,2021-06-14,22:19,14,6,,61,Snohomish,0,10,,3,1,2,2,0,3,2,,,,12,0,2,44.3,1,0,1,3,2,1,3,0,0,0,0,SR-99,,-122.2763056,47.870144444,0,1,50,10,2,45,4,0,0,1,2,12,1,2,4,2,1,2,1,53,0,49,32,1990,0,,64,65.0,12.0,,,,1,1,31,1,7.0,,4,0,3,0,11,0,06/17/2021,16:38,196053029958.0,29958.0,0.0,0.0,0.0,0.0,1,28,58.0,,,96,,,,,,9,,,,,,98258,53,74.0,150.0,0.0,0.0,2.0,1.0,0.0,1.0,,0,,,,,,3,08/15/2017,08/15/2020,20,0,0,0,0.0,9,8,,,0,,,1,8,2.0,996.0,348.0,401.0,1.0,1.0,1.0,2,1,0.0,,,,,,,,,,,,,,,,,,,,,,,,,,,,,,0,0,0,0,0,0,1,1,0,0,0,0,1,1,0,0,0,0,0,0,0,0,0,0,0,0,0,0,0,1,0,0,0,0,0,,1,0,0,0,0,0,1,1,0,1,0,1,0,0,1,0,,,,,,31-35,26-35,State route,U,Monday,Belt Used,PV,White,0,1,1,0,State Route,State Patrol,Washington State Patrol,0,1,0,0,0,,,,,,0.0,0.0,3.0,1.0,1.0,1.0,,,417.0,151.0,996.0,,,0.0,0.0,0.0,1.0,,,,,20.0,,,,,,,,,1.0,0.0,,,,,,,98087,Lake Stevens,Lynnwood
3393,3470,3470,2021,197,EB43467,2.0,2021-06-14,22:19,14,6,,61,Snohomish,0,10,,3,1,2,2,0,3,2,,,,12,0,2,44.3,1,0,1,3,2,1,3,0,0,0,0,SR-99,,-122.2763056,47.870144444,0,2,51,62,4,45,14,0,0,1,2,12,1,2,3,2,1,1,2,53,0,49,402,2017,0,,12,,,,,,1,1,36,1,0.0,,2,0,3,0,11,0,,,,,0.0,0.0,0.0,3.0,1,0,,,,96,,,,,,98,,,,,,98204,53,61.0,130.0,6.0,1.0,0.0,0.0,0.0,1.0,,0,,,,,,0,11/15/2018,11/15/2018,8,0,0,0,8.0,9,8,,,0,,,8,8,0.0,0.0,,,0.0,,,0,0,996.0,,,,,,,,,,,,,,,,,,,,,,,,,,,,,,0,0,0,0,0,0,1,1,0,0,0,0,1,1,0,0,0,0,0,0,0,0,0,0,0,0,0,0,0,1,0,0,0,0,0,,0,0,0,0,0,0,0,0,0,0,0,0,0,0,0,0,,,,,,36-40,36-45,State route,U,Monday,Belt Used,PV,Not Fatal,0,1,1,0,State Route,State Patrol,Washington State Patrol,0,1,0,0,0,,,,,,0.0,0.0,0.0,,,,,,,,,,,98.0,98.0,98.0,0.0,,,,,20.0,,,,,,,,,1.0,0.0,,,,,,,98087,Everett,Lynnwood
3394,3471,3471,2021,198,EB43551,35.0,2021-06-28,21:14,28,6,,53,Pierce,0,1,,5,1,2,1,0,5,1,,,,42,0,0,0.6,1,0,1,5,1,2,4,0,0,0,0,CR-BLISS COCHRANE ROAD,,-122.7799528,47.362441667,0,1,6,12,2,35,34,0,0,1,2,1,1,2,2,1,1,5,2,53,0,12,471,2003,0,,68,64.0,42.0,1.0,,,1,1,17,1,0.0,,1,0,3,0,11,0,,,,,0.0,0.0,2.0,3.0,1,73,,,,96,,,,,,98,,,,,,98332,53,73.0,275.0,6.0,2.0,0.0,0.0,0.0,0.0,,97,,,,,,0,,,8,0,0,0,8.0,9,8,,,0,,,8,8,8.0,95.0,,,96.0,,,8,95,995.0,,,,,,,,,,,,,,,,,,,,,,,,,,,,,,0,0,1,0,0,0,0,0,0,0,0,0,0,0,0,0,0,0,0,1,1,0,1,0,1,0,0,0,0,1,0,0,0,0,0,,0,0,0,0,0,0,0,0,0,0,0,0,0,0,0,0,,,,,,16-17,16-25,County road,R,Monday,Belt Used,PV,Not Fatal,0,1,0,0,County Road,County Sheriff,Law Enforcement Support Agency,1,0,1,0,0,,,,,,0.0,0.0,0.0,,,,,,,,,,,98.0,98.0,98.0,0.0,,,,,20.0,,,,,,,,,1.0,0.0,,,BLISS COCHRANE RD NW,0.61,,,98329,Gig Harbor,Gig Harbor
3395,3472,3472,2021,199,EB43845,2.0,2021-06-26,19:55,26,6,,57,Skagit,0,1,,1,11,4,1,0,2,1,,,,35,0,0,,1,0,1,7,1,2,4,0,0,0,0,CR-CONCRETE SAUK VALLEY,,-121.5639639,48.398380556,0,1,7,9,1,98,15,0,0,1,2,1,1,2,8,1,1,2,2,53,0,20,421,2001,0,,68,64.0,35.0,1.0,,,1,1,24,2,7.0,,4,7,20,7,11,0,06/26/2021,19:55,53031064.0,31064.0,0.0,0.0,0.0,3.0,1,0,,,,96,,,,,,9,,,,,,98241,53,70.0,160.0,6.0,1.0,0.0,0.0,0.0,0.0,,0,,,,,,4,,,20,2,9,0,0.0,1,8,,,0,,,8,1,2.0,1.0,,,1.0,,,2,1,0.066,,,,,,,,,,,,,,,,,,,,,,,,,,,,,,0,0,0,0,1,0,0,0,0,0,0,0,1,0,0,0,0,0,0,1,0,0,0,1,1,0,0,0,0,1,0,0,0,1,0,,1,0,0,0,1,0,0,0,0,1,0,0,1,0,0,1,,,,,,21-25,16-25,County road,R,Saturday,Not Used,PV,White,0,1,0,0,County Road,State Patrol,Washington State Patrol,1,0,1,0,0,,,,,,0.0,0.0,0.0,,,,,,,,,,,98.0,98.0,98.0,1.0,,,,,20.0,,,,,,,,,1.0,0.0,,,OLD CONCRETE SAUK VALLEY ROAD,0.55,,,98237,Darrington,Concrete
3396,3473,3473,2021,200,EB43874,5.0,2021-06-15,9:39,15,6,,11,Clark,0,10,,1,1,1,1,0,3,2,,,,12,0,6,6.7,2,0,2,3,2,1,3,0,0,3,3,SR-503,NE 76TH ST,-122.5525444,45.677825,0,1,68,15,2,40,34,0,0,1,2,12,1,2,6,1,11,2,1,53,0,12,481,1973,0,,12,,,,,,1,1,62,1,0.0,,2,0,3,0,11,0,,,,,0.0,0.0,0.0,3.0,1,38,,,,96,,,,,,98,,,,,,98582,53,65.0,185.0,6.0,1.0,0.0,0.0,0.0,0.0,,97,,,,,,0,,,20,0,0,0,8.0,9,2,,,0,,,8,0,0.0,0.0,,,0.0,,,2,98,0.0,,,,,,,,,,,,,,,,,,,,,,,,,,,,,,0,0,0,1,0,0,0,0,0,0,0,0,0,0,0,0,0,0,1,0,0,0,0,0,0,0,0,0,0,1,1,0,0,0,0,,0,0,0,0,0,0,0,0,0,0,1,0,0,0,0,0,,,,,,61-65,56-65,State route,U,Tuesday,Belt Used,PV,Not Fatal,1,0,0,0,State Route,State Patrol,Washington State Patrol,0,1,0,0,0,,,,,,0.0,0.0,0.0,,,,,,,,,,,0.0,0.0,0.0,0.0,,,,,20.0,,,,,,,,,1.0,0.0,,,,,,,98682,Salkum,Vancouver
3397,3474,3474,2021,200,EB43874,5.0,2021-06-15,9:39,15,6,,11,Clark,0,10,,1,1,1,1,0,3,2,,,,12,0,6,6.7,2,0,2,3,2,1,3,0,0,3,3,SR-503,NE 76TH ST,-122.5525444,45.677825,0,2,69,62,4,40,66,0,0,1,2,12,1,2,5,1,1,1,3,41,0,51,881,2009,0,,12,,,,,,1,1,48,1,0.0,,0,0,3,0,11,0,,,,,6.0,1.0,0.0,3.0,1,0,,,,96,,,,,,98,,,,,,98682,53,68.0,255.0,6.0,1.0,0.0,1.0,0.0,0.0,,0,,,,,,0,12/15/2016,12/15/2016,20,0,0,0,8.0,9,2,,,0,,,8,0,0.0,0.0,,,0.0,,,2,98,0.0,,,,,,,,,,,,,,,,,,,,,,,,,,,,,,0,0,0,1,0,0,0,0,0,0,0,0,0,0,0,0,0,0,1,0,0,0,0,0,0,0,0,0,0,1,1,0,0,0,0,,0,0,0,0,0,0,0,0,0,0,0,0,0,0,0,0,,,,,,46-50,46-55,State route,U,Tuesday,,MHTRUCK,Not Fatal,1,0,0,0,State Route,State Patrol,Washington State Patrol,0,1,0,0,0,,,,,,0.0,0.0,0.0,,,,,,,,,,,98.0,98.0,98.0,0.0,,,,,20.0,,,,,,,,,1.0,0.0,,,,,,,98682,Vancouver,Vancouver
3398,3475,3475,2021,201,EB43920,7.0,2021-06-07,3:54,7,6,,33,King,0,2,,2,2,2,1,0,3,2,,,,12,0,2,11.0,1,0,1,3,1,1,3,0,0,0,0,SR-900,,-122.0771333,47.513919444,0,1,50,10,2,40,4,0,0,1,2,12,2,2,2,1,14,2,2,53,0,12,37,2013,0,,68,12.0,,,,,1,1,36,1,7.0,,4,7,3,0,11,0,06/07/2021,3:54,53028880.0,28880.0,0.0,0.0,0.0,3.0,1,28,,,,96,,,,,,98,,,,,,98006,53,73.0,260.0,6.0,1.0,0.0,0.0,0.0,1.0,,0,,,,,,4,05/15/2017,06/15/2018,1,0,0,0,0.0,9,8,,,0,,,8,8,2.0,996.0,128.0,157.0,1.0,1.0,1.0,2,1,0.0,,,,,,,,,,,,,,,,,,,,,,,,,,,,,,0,0,0,0,0,0,1,1,0,0,0,0,1,0,0,0,0,0,0,0,0,0,0,0,0,0,0,0,0,1,1,0,0,0,0,,1,0,0,0,0,0,1,1,0,1,0,0,0,0,1,0,,,,,,36-40,36-45,State route,R,Monday,Belt Used,PV,White,0,1,1,0,State Route,State Patrol,Washington State Patrol,0,1,0,0,0,,,,,,0.0,0.0,1.0,1.0,1.0,,,,401.0,417.0,,,,98.0,98.0,98.0,1.0,,,,,20.0,,,,,,,,,1.0,0.0,,,,,,,98027,Bellevue,Issaquah
3399,3476,3476,2021,201,EB43920,7.0,2021-06-07,3:54,7,6,,33,King,0,2,,2,2,2,1,0,3,2,,,,12,0,2,11.0,1,0,1,3,1,1,3,0,0,0,0,SR-900,,-122.0771333,47.513919444,0,2,51,62,4,40,63,0,0,1,2,12,3,2,2,1,14,1,3,53,0,82,898,2021,0,,12,,,,,,1,1,48,1,0.0,,0,0,3,0,11,0,,,,,6.0,1.0,3.0,3.0,1,0,,,,96,,,,,,98,,,,,,98391,53,70.0,169.0,6.0,1.0,0.0,0.0,0.0,0.0,,0,,,,,,0,,,20,0,0,0,8.0,9,8,,,0,,,8,8,0.0,0.0,,,0.0,,,0,0,996.0,,,,,,,,,,,,,,,,,,,,,,,,,,,,,,0,0,0,0,0,0,1,1,0,0,0,0,1,0,0,0,0,0,0,0,0,0,0,0,0,0,0,0,0,1,1,0,0,0,0,,0,0,0,0,0,0,0,0,0,0,0,0,0,0,0,0,,,,,,46-50,46-55,State route,R,Monday,,MHTRUCK,Not Fatal,0,1,1,0,State Route,State Patrol,Washington State Patrol,0,1,0,0,0,,,,,,0.0,0.0,0.0,,,,,,,,,,,98.0,98.0,98.0,0.0,,,,,20.0,,,,,,,,,1.0,0.0,,,,,,,98027,Bonney Lake,Issaquah
3400,3477,3477,2021,202,EB43981,3.0,2021-06-18,13:32,18,6,,53,Pierce,0,1,,1,1,2,1,0,3,3,,,,12,0,1,8.2,1,0,1,2,2,1,3,0,0,0,0,SR-167,,-122.2579111,47.202244444,0,1,20,50,3,60,67,0,0,1,2,12,1,1,2,2,1,1,1,53,0,12,880,2012,0,,12,12.0,,,,,1,1,81,2,7.0,,4,7,3,0,11,0,06/18/2021,13:32,53029902.0,29902.0,0.0,0.0,0.0,3.0,1,26,,,,96,,,,,,98,,,,,,98274,53,67.0,190.0,6.0,1.0,0.0,0.0,2.0,0.0,,0,,,,,,4,01/15/2017,12/15/2018,8,0,0,0,0.0,9,8,,,0,,,8,8,2.0,1.0,,,1.0,,,2,1,0.0,,,,,,,,,,,,,,,,,,,,,,,,,,,,,,0,0,0,0,0,0,0,0,0,0,0,0,1,0,0,0,0,0,0,0,0,0,0,0,0,1,1,1,0,1,1,0,0,0,0,,0,1,0,0,0,0,0,0,0,1,0,0,0,0,0,0,,,,,,81+,76+,State route,U,Friday,,MHTRUCK,White,0,0,0,0,State Route,State Patrol,Washington State Patrol,0,1,0,0,0,,,,,,0.0,0.0,0.0,,,,,,,,,,,98.0,98.0,98.0,1.0,,,,,20.0,,,,,,,,,1.0,0.0,,,,,,,98390,Mount Vernon,Sumner
3401,3478,3478,2021,202,EB43981,3.0,2021-06-18,13:32,18,6,,53,Pierce,0,1,,1,1,2,1,0,3,3,,,,12,0,1,8.2,1,0,1,2,2,1,3,0,0,0,0,SR-167,,-122.2579111,47.202244444,0,2,21,53,3,60,14,0,0,1,2,12,1,1,2,2,5,1,1,53,0,41,403,2020,0,,12,63.0,1.0,,,,1,1,55,1,0.0,,0,0,3,0,11,0,,,,,0.0,0.0,3.0,3.0,1,0,,,,0,,,,,,98,,,,,,98443,53,67.0,165.0,6.0,1.0,0.0,0.0,0.0,0.0,,0,,,,,,0,,,8,0,0,0,8.0,9,8,,,0,,,8,8,8.0,95.0,,,96.0,,,2,1,997.0,,,,,,,,,,,,,,,,,,,,,,,,,,,,,,0,0,0,0,0,0,0,0,0,0,0,0,1,0,0,0,0,0,0,0,0,0,0,0,0,1,1,1,0,1,1,0,0,0,0,,0,0,0,0,0,0,0,0,0,0,0,0,0,0,0,0,,,,,,51-55,46-55,State route,U,Friday,Belt Used,PV,Not Fatal,0,0,0,0,State Route,State Patrol,Washington State Patrol,0,1,0,0,0,,,,,,0.0,0.0,0.0,,,,,,,,,,,98.0,98.0,98.0,0.0,,,,,20.0,,,,,,,,,1.0,0.0,,,,,,,98390,Tacoma,Sumner
3402,3479,3479,2021,202,EB43981,3.0,2021-06-18,13:32,18,6,,53,Pierce,0,1,,1,1,2,1,0,3,3,,,,12,0,1,8.2,1,0,1,2,2,1,3,0,0,0,0,SR-167,,-122.2579111,47.202244444,0,3,98,53,3,60,66,1,0,1,2,12,1,1,2,2,5,1,3,18,0,82,881,2019,0,,12,,,,,,1,1,51,1,0.0,,0,0,3,0,11,0,,,,,6.0,3.0,0.0,3.0,1,0,,,,0,,,,,,98,,,,,,98377,53,73.0,220.0,6.0,1.0,0.0,0.0,0.0,0.0,,0,,,,,,0,,,20,0,0,0,8.0,9,8,,,0,,,8,8,2.0,1.0,,,1.0,,,2,1,0.0,,,,,,,,,,,,,,,,,,,,,,,,,,,,,,0,0,0,0,0,0,0,0,0,0,0,0,1,0,0,0,0,0,0,0,0,0,0,0,0,1,1,1,0,1,1,0,0,0,0,,0,0,0,0,0,0,0,0,0,0,0,0,0,0,0,0,,,,,,51-55,46-55,State route,U,Friday,,MHTRUCK,Not Fatal,0,0,0,0,State Route,State Patrol,Washington State Patrol,0,1,0,0,0,,,,,,0.0,0.0,0.0,,,,,,,,,,,98.0,98.0,98.0,0.0,,,,,20.0,,,,,,,,,1.0,0.0,,,,,,,98390,Randle,Sumner
3403,3480,3480,2021,204,EB44679,1.0,2021-07-01,5:00,1,7,,5,Benton,0,10,,9,1,2,2,0,2,1,,,,24,0,0,121.2,1,0,1,1,1,1,1,0,0,0,0,I-82,,-119.2245417,46.046811111,0,1,1,12,2,70,14,0,0,1,2,24,1,1,2,2,1,2,1,41,0,14,401,2004,0,,64,69.0,63.0,24.0,1.0,,1,1,63,2,1.0,,4,7,3,0,11,0,07/01/2021,5:00,53032371.0,32371.0,0.0,0.0,0.0,3.0,1,58,,,,96,,,,,,9,,,,,,97882,41,61.0,175.0,6.0,1.0,0.0,0.0,1.0,0.0,,0,,,,,,0,07/15/2020,07/15/2020,20,0,0,0,0.0,1,8,,,0,,,8,1,2.0,1.0,,,1.0,,,2,1,0.071,,,,,,,,,,,,,,,,,,,,,,,,,,,,,,0,0,1,0,1,0,0,0,0,0,0,0,0,0,0,0,0,0,0,0,0,0,0,0,0,0,0,0,0,1,0,0,0,0,0,,1,0,0,0,1,0,0,0,0,0,0,0,1,0,0,1,,,,,,61-65,56-65,Interstate,R,Thursday,Belt Used,PV,Hispanic,0,1,0,0,State Route,State Patrol,Washington State Patrol,1,1,0,0,0,,,,,,0.0,0.0,0.0,,,,,,,,,,,98.0,98.0,98.0,1.0,,,,,20.0,,,,,,,,,1.0,0.0,,,,,,,99338,Umatilla,Kennewick
3404,3481,3481,2021,205,3889576,344.0,2021-04-29,15:58,29,4,,77,Yakima,0,1,,1,1,2,1,0,4,2,,,,12,0,2,50.9,1,0,1,3,1,1,2,0,3,97,8,US-97,,-120.4096056,46.256638889,0,1,50,10,2,65,6,0,0,1,2,12,1,2,3,1,1,1,1,53,0,6,52,2001,0,,68,12.0,,,,,1,1,20,1,7.0,,4,7,99,7,11,0,04/29/2021,15:58,53021651.0,21651.0,0.0,0.0,0.0,3.0,1,28,,,,92,,,,,,98,,,,,,98673,53,71.0,179.0,6.0,2.0,0.0,0.0,0.0,0.0,,0,,,,,,0,,,20,0,0,0,0.0,9,8,,,0,,,8,8,2.0,1.0,,,1.0,,,2,1,0.0,,,,,,,,,,,,,,,,,,,,,,,,,,,,,,0,0,0,0,0,0,0,0,0,0,0,0,0,1,0,0,1,0,0,0,0,1,1,0,1,0,0,0,0,1,0,0,0,0,0,,1,0,0,0,0,0,0,0,1,0,0,0,0,0,0,0,,,,,,18-20,16-25,US highway,R,Thursday,Unknown,PV,AIAN,0,1,1,0,State Route,Other Law Enforcement,Yakama Tribal Police Department,0,1,0,0,0,,,,,,0.0,0.0,0.0,,,,,,,,,,,98.0,98.0,98.0,3.0,,,,,20.0,,,,,,,,,1.0,0.0,,,,,,,98948,Wishram,Toppenish