,index,Unnamed: 0,year,case,par,repjur,crash_dt,crash_tm,accday,accmon,holiday,county,co_char,city,weather,weather2,lightcond,surfcond,surftype,numfatal,nmforms,pforms,vforms,not_tm,arr_tm,hosp_tm,fhevent,hitrun,manncol,milepnt,reljunc,reljuncinter,intersectiontype,funcsystem,landuse,ownership,route,schlbus,spejur,contdev,devfunc,trafid1,trafid2,lon,lat,wk_zone,vnumber,crashtype,criticalevent,criticaleventcat,spdlim,body,trailer,emerg,hazcargo,leave,mhevent,roadalgn,roadprof,traflane,trafflow,vehmanvr,numoccs,regowner,regstate,spuse,make,model,modelyr,vrf1,vrf2,seqevent1,seqevent2,seqevent3,seqevent4,seqevent5,seqevent6,pnumber,ptype,age,sex,hispanic,race,injury,diedscene,restraint,restraintmisuse,seatpos,takehosp,death_dt,death_tm,cert,cernum_wa,commlic,licendor,licrestrict,liccomp,drivpres,drf1,drf2,drf3,drf4,distract1,distract2,distract3,distract4,distract5,distract6,dricond1,dricond2,dricond3,dricond4,dricond5,dricond6,dzip,licstate,drhgt_in,weight,noncdl,noncdltype,prevdwi,prevoth,prevacc,prevspd,prevsus,driviol1,driviol2,driviol3,driviol4,driviol5,driviol6,spdrel,first_dt,last_dt,airbag,ejection,ejectpath,extricat,injurwrk,methalc,methdrug,nmlocat,strikveh,prf1,prf2,prf3,druginv,alcinvol,drugsts,drugres1,drugres2,drugres3,drugtst1,drugtst2,drugtst3,alcsts,alctst,alcres,nmact1,nmact2,nmact3,nmact4,nmact5,nmact6,nmprior1,nmprior2,nmprior3,nmprior4,nmprior5,nmprior6,nmcond1,nmcond2,nmcond3,nmcond4,nmcond5,nmcond6,nmsafe_helmet,nmsafe_pads,nmsafe_oth,nmprev_ref,nmprev_lgt,nmprev_oth,crashlocation,nmcrashtype,crosswalk,schoolzone,sidewalk,train_inv,wildlife_inv,rotr_fars,intersect_fars,dd_inv,aid_inv,dpd_inv,id_inv,mj_inv,impnm_inv,ainm_inv,dpnm_inv,speed_inv,unlic_inv,unendmc_inv,drowsy_inv,drdist_inv,nmdist_inv,fty_inv,unrestfat_inv,dr1617_inv,dr1820_inv,dr1620_inv,dr2125_inv,dr1625_inv,dr65_inv,dr70_inv,dr75_inv,mc_inv,pv_inv,ht_inv,ped_inv,bike_inv,unrest_fat,mc_fat,unhelmet_mc,pv_fat,ht_fat,ped_fat,bike_fat,dr_alc7,dr_alc8,dr_drug,dr_imp,dr_dist,dr_spd,dr_fty,dr_unlic,dr_alc7only,dr_alc8only,dr_drugonly,dr_drink,nm_imp,nm_alc7,nm_alc8,nm_drug,nm_dist,agegrp1,agegrp2,roadclass,urbrur,dayweek,restuse,vehtype,race_me,intersect,lanedep,oppdir,wrongway,rep_typ,investag,repag_long,rotr,st_rd,cty_rd,city_rd,oth_rd,drug_thc,thc_res,drug_cthc,cthc_res,drug_cann,prevpersemin,prevperse,prevsusoth,drugtst4,drugtst5,drugtst6,drugtst7,drugtst8,drugres4,drugres5,drugres6,drugres7,drugres8,adspresent,adsengaged,adslevel,race1,race2,race3,race4,race5,helmet,helmetmisuse,nmdistract1,nmdistract2,nmdistract3,nmdistract4,nmdistract5,nmdistract6,lab,isedtcase,crf1,crf2,crf3,CoRoadName,CoMP,IntCoRoadName,IntCoMP,crashzip,dcity,crashcity
3405,3482,3482,2021,205,3889576,344.0,2021-04-29,15:58,29,4,,77,Yakima,0,1,,1,1,2,1,0,4,2,,,,12,0,2,50.9,1,0,1,3,1,1,2,0,3,97,8,US-97,,-120.4096056,46.256638889,0,2,51,62,4,65,14,0,0,1,2,12,1,2,3,1,1,3,1,53,0,2,404,2011,0,,12,,,,,,1,1,29,2,0.0,,3,0,3,0,11,5,,,,,0.0,0.0,0.0,0.0,1,0,,,,96,,,,,,98,,,,,,98951,53,66.0,175.0,0.0,0.0,0.0,0.0,0.0,0.0,,97,,,,,,0,,,1,7,0,0,8.0,9,8,,,0,,,8,8,8.0,95.0,,,96.0,,,8,95,995.0,,,,,,,,,,,,,,,,,,,,,,,,,,,,,,0,0,0,0,0,0,0,0,0,0,0,0,0,1,0,0,1,0,0,0,0,1,1,0,1,0,0,0,0,1,0,0,0,0,0,,0,0,0,0,0,0,0,0,0,0,0,1,0,0,0,0,,,,,,26-30,26-35,US highway,R,Thursday,Belt Used,PV,Not Fatal,0,1,1,0,State Route,Other Law Enforcement,Yakama Tribal Police Department,0,1,0,0,0,,,,,,0.0,0.0,0.0,,,,,,,,,,,98.0,98.0,98.0,0.0,,,,,20.0,,,,,,,,,1.0,0.0,,,,,,,98948,Wapato,Toppenish
3406,3483,3483,2021,206,EB44992,7.0,2021-06-29,4:36,29,6,,33,King,1830,1,,4,1,1,1,1,1,1,,,,8,0,0,25.9,1,0,1,2,2,1,3,0,0,0,0,SR-167,,-122.2167139,47.443894444,0,1,13,80,5,60,4,0,0,1,5,8,1,1,3,3,1,1,1,49,0,55,35,2008,0,,8,,,,,,1,1,58,1,0.0,,0,0,3,0,11,0,,,,,6.0,0.0,0.0,3.0,1,0,,,,96,,,,,,98,,,,,,84003,49,71.0,208.0,6.0,1.0,0.0,0.0,98.0,3.0,,0,,,,,,0,10/15/2016,11/15/2019,20,0,0,0,8.0,9,8,,,0,,,8,8,0.0,0.0,,,0.0,,,0,0,996.0,,,,,,,,,,,,,,,,,,,,,,,,,,,,,,0,0,0,0,0,0,0,0,0,0,0,0,0,0,0,0,0,0,0,0,0,0,0,0,0,0,0,0,0,1,0,1,0,0,0,,0,0,0,0,0,0,0,0,0,0,0,0,0,0,0,0,,,,,,56-60,56-65,State route,U,Tuesday,Belt Used,PV,Not Fatal,0,0,0,0,State Route,State Patrol,Washington State Patrol,0,1,0,0,0,,,,,,0.0,0.0,0.0,,,,,,,,,,,98.0,98.0,98.0,0.0,,,,,20.0,,,,,,,,,1.0,0.0,,,,,,,98055,American Fork,Renton
3407,3484,3484,2021,207,EB45515,290.0,2021-07-04,13:48,4,7,,53,Pierce,2230,1,,1,1,2,1,0,2,2,,,,12,0,6,0.0,2,0,3,3,2,1,6,0,0,20,3,S HOSMER,S 82ND ST,-122.4632111,47.182852778,0,1,82,15,2,35,14,0,0,1,5,12,1,1,2,1,11,1,2,53,0,23,402,2012,0,,12,,,,,,1,1,36,1,0.0,,0,0,3,0,11,0,,,,,0.0,0.0,0.0,0.0,1,0,,,,96,,,,,,98,,,,,,98444,53,66.0,170.0,0.0,0.0,0.0,1.0,0.0,0.0,,97,,,,,,0,01/15/2018,01/15/2018,8,0,0,0,8.0,9,8,,,0,,,8,8,8.0,95.0,,,96.0,,,8,95,995.0,,,,,,,,,,,,,,,,,,,,,,,,,,,,,,0,0,0,1,0,0,1,1,1,0,0,0,0,1,1,0,0,0,0,0,0,0,0,0,0,0,0,0,1,1,0,0,0,0,0,,0,0,0,0,0,0,0,0,0,0,0,1,0,0,0,0,,,,,,36-40,36-45,City street,U,Sunday,Belt Used,PV,Not Fatal,1,0,0,0,State Route,Municipal/City Police,Tacoma Police Department,0,1,0,0,0,,,,,,0.0,0.0,0.0,,,,,,,,,,,98.0,98.0,98.0,0.0,,,,,20.0,,,,,,,,,1.0,0.0,,,,,,,98409,Tacoma,Tacoma
3408,3485,3485,2021,207,EB45515,290.0,2021-07-04,13:48,4,7,,53,Pierce,2230,1,,1,1,2,1,0,2,2,,,,12,0,6,0.0,2,0,3,3,2,1,6,0,0,0,0,S HOSMER,S 82ND ST,-122.4632111,47.182852778,0,2,83,67,4,35,80,0,0,1,5,12,1,1,5,5,1,1,1,53,0,53,706,2020,0,,12,,,,,,1,1,42,1,7.0,,4,7,20,7,11,0,07/04/2021,13:48,223053032296.0,32296.0,0.0,0.0,0.0,2.0,1,0,,,,96,,,,,,98,,,,,,98498,53,68.0,163.0,1.0,1.0,1.0,2.0,0.0,1.0,,0,,,,,,0,06/15/2017,12/15/2021,20,8,0,0,0.0,9,8,,,0,,,8,8,2.0,695.0,605.0,,1.0,1.0,,2,1,0.0,,,,,,,,,,,,,,,,,,,,,,,,,,,,,,0,0,0,1,0,0,1,1,1,0,0,0,0,1,1,0,0,0,0,0,0,0,0,0,0,0,0,0,1,1,0,0,0,0,1,0.0,0,0,0,0,0,0,1,1,0,0,0,1,0,0,1,0,,,,,,41-45,36-45,City street,U,Sunday,,MC,Black,1,0,0,0,State Route,Municipal/City Police,Tacoma Police Department,0,1,0,0,0,thc,8.4,carboxy-thc,12.0,,0.0,1.0,0.0,,,,,,,,,,,0.0,0.0,0.0,2.0,,,,,5.0,,,,,,,,nms,1.0,0.0,,,,,,,98409,Lakewood,Tacoma
3409,3487,3487,2021,208,3857337,263.0,2021-06-06,22:39,6,6,,33,King,1960,2,,3,2,2,1,1,2,2,,,,8,0,0,0.0,3,0,2,3,2,4,6,0,0,3,3,MARTIN LUTHER KING JR WAY S,S Edmunds St,-122.2918694,47.558677778,0,2,13,80,5,25,5,0,0,1,5,8,1,1,2,3,1,1,2,53,0,49,46,2015,0,,8,,,,,,1,1,49,2,0.0,,0,0,3,0,11,0,,,,,0.0,0.0,0.0,3.0,1,0,,,,96,,,,,,98,,,,,,98105,53,62.0,155.0,6.0,1.0,0.0,0.0,0.0,0.0,,0,,,,,,0,05/15/2019,05/15/2019,20,0,0,0,8.0,9,8,,,0,,,8,8,8.0,95.0,,,96.0,,,8,95,995.0,,,,,,,,,,,,,,,,,,,,,,,,,,,,,,0,0,0,1,0,0,0,0,0,1,0,1,0,0,0,0,1,0,0,0,0,0,0,0,0,0,0,0,0,1,0,1,0,0,0,,0,0,0,0,0,0,0,0,0,0,0,0,0,0,0,0,,,,,,46-50,46-55,City street,U,Sunday,Belt Used,PV,Not Fatal,1,0,0,0,City Street,Municipal/City Police,Seattle Police Department,0,0,0,1,0,,,,,,0.0,0.0,1.0,,,,,,,,,,,98.0,98.0,98.0,0.0,,,,,20.0,,,,,,,,,1.0,0.0,,,,,,,98108,Seattle,Seattle
3410,3488,3488,2021,209,EB45224,5.0,2021-07-04,3:11,4,7,,15,Cowlitz,0,10,,2,1,2,1,0,5,3,,,,12,0,2,33.7,1,0,1,1,1,1,1,0,0,0,0,I-5,,-122.8666611,46.061055556,0,1,50,54,3,70,14,0,0,1,2,12,4,1,3,3,14,1,9,99,0,20,404,2006,0,,12,,,,,,1,1,25,1,7.0,,4,7,20,7,11,0,07/04/2021,3:11,53031708.0,31708.0,0.0,0.0,0.0,0.0,1,8,51.0,,,96,,,,,,98,,,,,,97380,41,71.0,180.0,0.0,0.0,0.0,7.0,1.0,1.0,,0,,,,,,0,10/15/2017,04/15/2020,8,0,0,0,0.0,9,8,,,0,,,8,8,2.0,695.0,605.0,,1.0,1.0,,2,1,0.123,,,,,,,,,,,,,,,,,,,,,,,,,,,,,,0,0,0,0,1,1,1,1,1,0,0,0,0,1,0,0,0,0,0,1,0,0,0,1,1,0,0,0,0,1,0,0,0,1,0,,1,0,0,0,0,1,1,1,0,0,0,1,0,0,0,1,,,,,,21-25,16-25,Interstate,R,Sunday,Not Used,PV,AIAN,0,0,0,1,State Route,State Patrol,Washington State Patrol,0,1,0,0,0,thc,3.9,carboxy-thc,8.1,,0.0,0.0,11.0,,,,,,,,,,,98.0,98.0,98.0,3.0,,,,,20.0,,,,,,,,nms,1.0,0.0,,,,,,,98626,Siletz,Kelso
3411,3489,3489,2021,209,EB45224,5.0,2021-07-04,3:11,4,7,,15,Cowlitz,0,10,,2,1,2,1,0,5,3,,,,12,0,2,33.7,1,0,1,1,1,1,1,0,0,0,0,I-5,,-122.8666611,46.061055556,0,2,51,54,3,70,34,0,0,1,2,12,4,1,3,2,14,2,1,53,0,7,482,2016,0,,12,1.0,,,,,1,1,32,1,0.0,,2,0,3,0,11,0,,,,,0.0,0.0,0.0,3.0,1,0,,,,96,,,,,,98,,,,,,98632,53,68.0,195.0,6.0,1.0,0.0,0.0,0.0,1.0,,0,,,,,,0,07/15/2017,07/15/2017,8,0,0,0,8.0,9,8,,,0,,,8,8,0.0,0.0,,,0.0,,,0,0,996.0,,,,,,,,,,,,,,,,,,,,,,,,,,,,,,0,0,0,0,1,1,1,1,1,0,0,0,0,1,0,0,0,0,0,1,0,0,0,1,1,0,0,0,0,1,0,0,0,0,0,,0,0,0,0,0,0,0,0,0,0,0,0,0,0,0,0,,,,,,31-35,26-35,Interstate,R,Sunday,Belt Used,PV,Not Fatal,0,0,0,1,State Route,State Patrol,Washington State Patrol,0,1,0,0,0,,,,,,0.0,0.0,0.0,,,,,,,,,,,98.0,98.0,98.0,0.0,,,,,20.0,,,,,,,,,1.0,0.0,,,,,,,98626,Longview,Kelso
3412,3490,3490,2021,209,EB45224,5.0,2021-07-04,3:11,4,7,,15,Cowlitz,0,10,,2,1,2,1,0,5,3,,,,12,0,2,33.7,1,0,1,1,1,1,1,0,0,0,0,I-5,,-122.8666611,46.061055556,0,3,98,90,6,70,34,0,0,1,2,18,4,1,3,2,14,2,3,41,0,12,481,2015,0,,18,,,,,,1,1,27,8,0.0,,1,0,2,0,11,0,,,,,0.0,0.0,0.0,2.0,1,0,,,,96,,,,,,98,,,,,,45219,39,73.0,230.0,3.0,1.0,0.0,0.0,0.0,0.0,,0,,,,,,0,,,20,0,0,0,8.0,9,8,,,0,,,8,8,0.0,0.0,,,0.0,,,0,0,996.0,,,,,,,,,,,,,,,,,,,,,,,,,,,,,,0,0,0,0,1,1,1,1,1,0,0,0,0,1,0,0,0,0,0,1,0,0,0,1,1,0,0,0,0,1,0,0,0,0,0,,0,0,0,0,0,0,0,0,0,0,0,1,0,0,0,0,,,,,,26-30,26-35,Interstate,R,Sunday,Belt Used,PV,Not Fatal,0,0,0,1,State Route,State Patrol,Washington State Patrol,0,1,0,0,0,,,,,,0.0,0.0,0.0,,,,,,,,,,,98.0,98.0,98.0,0.0,,,,,20.0,,,,,,,,,1.0,0.0,,,,,,,98626,Cincinnati,Kelso
3413,3491,3491,2021,210,EB45560,339.0,2021-06-30,21:53,30,6,,63,Spokane,2113,1,,3,1,2,1,1,3,2,,,,8,0,0,0.0,1,0,1,3,2,4,6,0,0,0,0,N SULLIVAN RD,,-117.1967083,47.666455556,0,1,13,80,5,35,14,0,0,1,2,8,1,8,2,2,1,2,1,53,0,49,403,2011,0,,8,,,,,,1,1,32,2,0.0,,0,0,3,0,11,0,,,,,0.0,0.0,0.0,3.0,1,0,,,,92,,,,,,98,,,,,,99206,53,65.0,190.0,6.0,1.0,0.0,1.0,0.0,0.0,,0,,,,,,0,03/15/2019,03/15/2019,20,0,0,0,8.0,9,2,,,0,,,8,8,0.0,0.0,,,0.0,,,0,0,996.0,,,,,,,,,,,,,,,,,,,,,,,,,,,,,,0,0,0,0,0,0,0,0,0,1,1,1,0,0,0,0,1,0,0,0,0,0,0,1,1,0,0,0,0,1,0,1,0,0,0,,0,0,0,0,0,0,0,0,1,0,0,0,0,0,0,0,,,,,,31-35,26-35,City street,U,Wednesday,Belt Used,PV,Not Fatal,0,0,0,0,City Street,Municipal/City Police,Spokane Valley Police Department,0,0,0,1,0,,,,,,0.0,0.0,0.0,,,,,,,,,,,98.0,98.0,98.0,0.0,,,,,20.0,,,,,,,,,1.0,0.0,,,,,,,99037,Spokane,Veradale
3414,3492,3492,2021,210,EB45560,339.0,2021-06-30,21:53,30,6,,63,Spokane,2113,1,,3,1,2,1,1,3,2,,,,8,0,0,0.0,1,0,1,3,2,4,6,0,0,0,0,N SULLIVAN RD,,-117.1967083,47.666455556,0,2,98,80,5,35,5,0,0,1,2,8,1,8,2,2,1,1,1,53,0,49,46,2010,0,,8,,,,,,1,1,23,2,0.0,,0,0,3,0,11,0,,,,,0.0,0.0,0.0,3.0,1,0,,,,92,,,,,,98,,,,,,99026,53,64.0,115.0,6.0,1.0,0.0,0.0,0.0,1.0,,0,,,,,,0,03/15/2020,03/15/2020,20,0,0,0,8.0,9,2,,,0,,,8,8,0.0,0.0,,,0.0,,,0,0,996.0,,,,,,,,,,,,,,,,,,,,,,,,,,,,,,0,0,0,0,0,0,0,0,0,1,1,1,0,0,0,0,1,0,0,0,0,0,0,1,1,0,0,0,0,1,0,1,0,0,0,,0,0,0,0,0,0,0,0,1,0,0,0,0,0,0,0,,,,,,21-25,16-25,City street,U,Wednesday,Belt Used,PV,Not Fatal,0,0,0,0,City Street,Municipal/City Police,Spokane Valley Police Department,0,0,0,1,0,,,,,,0.0,0.0,0.0,,,,,,,,,,,98.0,98.0,98.0,0.0,,,,,20.0,,,,,,,,,1.0,0.0,,,,,,,99037,Nine Mile Falls,Veradale
3415,3493,3493,2021,211,EB45576,40.0,2021-07-01,14:37,1,7,,63,Spokane,0,1,,1,1,2,1,0,1,1,,,,24,0,0,0.8,1,0,1,6,1,2,4,0,0,0,0,CR-S MALLOY PRAIRIE RD,,-117.7794194,47.444569444,0,1,1,13,2,45,80,0,0,1,5,24,3,1,2,1,14,1,1,53,0,72,706,2019,0,,63,24.0,,,,,1,1,27,1,7.0,,4,7,20,7,11,0,07/01/2021,14:37,53032023.0,32023.0,0.0,0.0,0.0,0.0,1,0,,,,92,,,,,,98,,,,,,99004,53,67.0,120.0,0.0,0.0,0.0,0.0,0.0,0.0,,0,,,,,,0,,,20,8,0,0,0.0,9,8,,,0,,,8,8,2.0,1.0,,,1.0,,,2,1,0.0,,,,,,,,,,,,,,,,,,,,,,,,,,,,,,0,0,1,0,0,0,0,0,0,0,0,0,0,1,1,0,1,0,0,0,0,0,0,0,0,0,0,0,1,0,0,0,0,0,1,0.0,0,0,0,0,0,0,0,0,1,0,0,1,0,0,0,0,,,,,,26-30,26-35,County road,R,Thursday,,MC,White,0,1,0,0,County Road,County Sheriff,Spokane County Sheriff's Office,1,0,1,0,0,,,,,,0.0,0.0,0.0,,,,,,,,,,,0.0,0.0,0.0,1.0,,,,,5.0,,,,,,,,,1.0,0.0,,,MALLOY PRAIRIE RD,0.8,,,99004,Cheney,Cheney
3416,3494,3494,2021,212,EB45852,129.0,2021-07-04,13:56,4,7,,53,Pierce,747,1,,1,1,2,1,0,3,2,,,,12,0,6,0.0,2,0,3,3,2,4,6,0,3,20,3,PACIFIC HWY E,46th Ave E,-122.3673861,47.243088889,0,1,89,17,2,20,4,0,0,1,2,12,1,1,2,1,1,1,1,53,0,49,40,2001,0,,12,,,,,,1,1,84,2,7.0,,4,7,99,7,11,0,07/04/2021,13:56,74753033178.0,33178.0,0.0,0.0,0.0,3.0,1,38,,,,96,,,,,,98,,,,,,98354,53,66.0,130.0,6.0,1.0,0.0,0.0,0.0,0.0,,0,,,,,,0,,,1,0,0,0,0.0,9,8,,,0,,,8,8,2.0,996.0,,,1.0,,,2,1,0.0,,,,,,,,,,,,,,,,,,,,,,,,,,,,,,0,0,0,1,0,0,1,1,0,0,0,0,0,1,0,0,0,0,1,0,0,0,0,0,0,1,1,1,0,1,0,0,0,0,0,,1,0,0,0,0,0,1,1,0,0,1,0,0,0,1,0,,,,,,81+,76+,City street,U,Sunday,Unknown,PV,API,1,0,0,0,City Street,Municipal/City Police,Fife Police Department,0,0,0,1,0,,,,,,0.0,0.0,0.0,,,,,,,,,,,98.0,98.0,98.0,28.0,,,,,20.0,,,,,,,,,1.0,0.0,,,,,,,98424,Milton,Fife
3417,3495,3495,2021,212,EB45852,129.0,2021-07-04,13:56,4,7,,53,Pierce,747,1,,1,1,2,1,0,3,2,,,,12,0,6,0.0,2,0,3,3,2,4,6,0,3,0,0,PACIFIC HWY E,46th Ave E,-122.3673861,47.243088889,0,2,88,66,4,35,14,0,0,1,2,12,1,1,5,5,1,2,2,53,0,7,403,2008,0,,12,,,,,,1,1,36,2,0.0,,0,0,20,7,11,0,,,,,0.0,0.0,0.0,2.0,1,0,,,,96,,,,,,98,,,,,,98424,53,60.0,124.0,1.0,1.0,0.0,1.0,0.0,0.0,,0,,,,,,0,01/15/2017,01/15/2017,8,0,0,0,8.0,9,8,,,0,,,8,8,0.0,0.0,,,0.0,,,0,0,996.0,,,,,,,,,,,,,,,,,,,,,,,,,,,,,,0,0,0,1,0,0,1,1,0,0,0,0,0,1,0,0,0,0,1,0,0,0,0,0,0,1,1,1,0,1,0,0,0,0,0,,0,0,0,0,0,0,0,0,0,0,0,1,0,0,0,0,,,,,,36-40,36-45,City street,U,Sunday,Not Used,PV,Not Fatal,1,0,0,0,City Street,Municipal/City Police,Fife Police Department,0,0,0,1,0,,,,,,0.0,0.0,0.0,,,,,,,,,,,98.0,98.0,98.0,0.0,,,,,20.0,,,,,,,,,1.0,0.0,,,,,,,98424,Fife,Fife
3418,3496,3496,2021,213,EB45897,5.0,2021-07-02,8:29,2,7,,15,Cowlitz,0,10,,1,1,2,1,0,2,1,,,,30,0,0,55.2,3,0,2,3,2,1,3,0,0,3,3,SR-4,COAL CREEK RD,-123.0258028,46.176680556,0,1,6,12,2,50,34,0,0,1,2,30,1,1,5,1,1,2,2,53,0,20,481,2011,0,,64,30.0,,,,,1,1,54,1,0.0,,3,0,20,7,11,8,,,,,0.0,0.0,0.0,2.0,1,0,,,,96,,,,,,98,,,,,,97222,41,70.0,170.0,3.0,1.0,0.0,1.0,0.0,0.0,,0,,,,,,0,08/15/2018,08/15/2018,8,0,0,0,8.0,9,2,,,0,,,8,8,8.0,95.0,,,96.0,,,2,1,997.0,,,,,,,,,,,,,,,,,,,,,,,,,,,,,,0,0,1,1,0,0,0,0,0,0,0,0,0,1,0,0,0,0,0,1,0,0,0,0,0,0,0,0,0,1,0,0,0,0,0,,0,0,0,0,0,0,0,0,0,0,0,1,0,0,0,0,,,,,,51-55,46-55,State route,U,Friday,Not Used,PV,Not Fatal,0,1,0,0,State Route,State Patrol,Washington State Patrol,1,1,0,0,0,,,,,,0.0,0.0,0.0,,,,,,,,,,,98.0,98.0,98.0,0.0,,,,,20.0,,,,,,,,,1.0,0.0,,,,,,,98632,Portland,Longview
3419,3497,3497,2021,214,EB46040,2.0,2021-06-23,11:21,23,6,,73,Whatcom,0,1,,1,0,0,1,0,3,2,,,,12,0,6,86.4,8,0,1,5,1,1,3,0,0,0,0,SR-9,,-122.3095472,48.876775,0,1,82,15,2,0,5,0,0,1,2,12,0,0,0,0,11,2,1,53,0,63,33,2007,0,,12,,,,,,1,1,26,2,0.0,,3,0,3,0,11,5,,,,,0.0,0.0,3.0,2.0,1,38,,,,96,,,,,,9,,,,,,98226,53,65.0,165.0,1.0,1.0,2.0,2.0,0.0,3.0,,1,12.0,,,,,0,02/15/2019,11/15/2021,20,0,0,0,8.0,9,8,,,0,,,8,8,8.0,95.0,,,96.0,,,2,1,997.0,,,,,,,,,,,,,,,,,,,,,,,,,,,,,,0,0,0,0,0,0,0,0,0,0,0,0,0,1,0,0,0,0,1,0,0,0,0,0,0,0,0,0,0,1,1,0,0,0,0,,0,0,0,0,0,0,0,0,0,0,1,1,0,0,0,0,,,,,,26-30,26-35,State route,R,Wednesday,Belt Used,PV,Not Fatal,0,0,0,0,State Route,State Patrol,Washington State Patrol,0,1,0,0,0,,,,,,0.0,2.0,2.0,,,,,,,,,,,98.0,98.0,98.0,0.0,,,,,20.0,,,,,,,,,1.0,0.0,,,,,,,98247,Bellingham,Everson
3420,3498,3498,2021,214,EB46040,2.0,2021-06-23,11:21,23,6,,73,Whatcom,0,1,,1,1,2,1,0,3,2,,,,12,0,6,86.4,8,0,1,5,1,1,3,0,0,0,0,SR-9,,-122.3095472,48.876775,0,2,83,67,4,50,66,1,0,1,5,12,1,1,2,1,1,1,3,95,0,84,881,2019,0,,12,,,,,,1,1,43,1,0.0,,0,0,3,0,11,0,,,,,99.0,9.0,9.0,9.0,1,0,,,,96,,,,,,98,,,,,,0,95,,999.0,9.0,9.0,99.0,99.0,99.0,99.0,,0,,,,,,0,,,20,0,0,0,8.0,9,8,,,0,,,8,8,2.0,1.0,,,1.0,,,2,1,0.0,,,,,,,,,,,,,,,,,,,,,,,,,,,,,,0,0,0,0,0,0,0,0,0,0,0,0,0,1,0,0,0,0,1,0,0,0,0,0,0,0,0,0,0,1,1,0,0,0,0,,0,0,0,0,0,0,0,0,0,0,0,0,0,0,0,0,,,,,,41-45,36-45,State route,R,Wednesday,,MHTRUCK,Not Fatal,0,0,0,0,State Route,State Patrol,Washington State Patrol,0,1,0,0,0,,,,,,99.0,99.0,99.0,,,,,,,,,,,98.0,98.0,98.0,0.0,,,,,20.0,,,,,,,,,1.0,0.0,,,,,,,98247,Canada,Everson
3421,3499,3499,2021,215,EB46187,7.0,2021-06-25,0:50,25,6,,33,King,100,1,,2,1,2,1,0,1,1,,,,25,0,0,3.0,1,0,1,2,2,1,3,0,0,0,0,SR-18,,-122.2621917,47.303825,0,1,1,13,2,60,2,0,0,1,2,25,2,4,2,3,14,1,2,53,0,35,47,2011,0,,63,25.0,69.0,64.0,25.0,,1,1,51,2,7.0,,4,0,20,7,11,0,06/27/2021,14:16,196053032451.0,32451.0,0.0,0.0,0.0,3.0,1,0,,,,96,,,,,,9,,,,,,98584,53,65.0,145.0,6.0,1.0,0.0,0.0,1.0,3.0,,0,,,,,,0,06/15/2021,05/15/2021,20,0,0,0,0.0,9,8,,,0,,,1,8,2.0,1.0,,,1.0,,,2,1,0.0,,,,,,,,,,,,,,,,,,,,,,,,,,,,,,0,0,1,0,0,0,0,0,0,0,0,0,0,0,0,0,0,0,0,1,0,0,0,0,0,0,0,0,0,1,0,0,0,1,0,,1,0,0,0,0,0,0,0,0,0,0,0,0,0,0,0,,,,,,51-55,46-55,State route,U,Friday,Not Used,PV,White,0,1,0,0,State Route,State Patrol,Washington State Patrol,1,1,0,0,0,,,,,,0.0,0.0,0.0,,,,,,,,,,,98.0,98.0,98.0,1.0,,,,,20.0,,,,,,,,,1.0,0.0,,,,,,,98001,Shelton,Auburn
3422,3500,3500,2021,216,EB46414,1.0,2021-06-30,11:12,30,6,,77,Yakima,0,1,,1,1,2,1,0,2,1,,,,25,0,0,63.1,1,0,1,4,2,1,2,0,3,0,0,US-97,,-120.3545306,46.387619444,0,1,6,11,2,55,4,0,0,1,2,25,1,1,2,3,1,2,2,53,0,20,37,1999,0,,63,69.0,64.0,25.0,1.0,,1,1,30,1,0.0,,1,0,3,0,11,5,,,,,0.0,0.0,0.0,0.0,1,58,,,,96,,,,,,9,,,,,,98901,53,63.0,120.0,0.0,0.0,0.0,0.0,0.0,0.0,,1,,,,,,0,,,20,0,0,0,8.0,9,2,,,0,,,8,1,2.0,695.0,605.0,,1.0,1.0,,2,1,0.12,,,,,,,,,,,,,,,,,,,,,,,,,,,,,,0,0,1,0,1,1,1,1,1,0,0,0,0,1,0,0,0,0,0,0,0,0,0,0,0,0,0,0,0,1,0,0,0,0,0,,0,0,0,0,0,1,1,1,0,0,0,1,0,0,0,1,,,,,,26-30,26-35,US highway,U,Wednesday,Belt Used,PV,Not Fatal,0,1,0,0,State Route,State Patrol,Washington State Patrol,1,1,0,0,0,thc,8.1,carboxy-thc,100.0,,0.0,0.0,0.0,,,,,,,,,,,0.0,0.0,0.0,0.0,,,,,20.0,,,,,,,,,1.0,0.0,,,,,,,98948,Yakima,Toppenish
3423,3501,3501,2021,217,EB46741,4.0,2021-07-06,19:00,6,7,,65,Stevens,0,1,,1,1,2,1,0,2,2,,,,12,0,6,232.7,2,0,3,3,1,1,2,0,0,20,3,US-395,MANTZ-RICKY RD,-117.9030139,48.521847222,0,1,82,15,2,35,34,0,0,1,5,12,1,1,2,1,11,1,1,53,0,7,481,1990,0,,12,,,,,,1,1,82,2,7.0,,4,0,20,7,11,5,07/06/2021,19:44,41053033623.0,33623.0,0.0,0.0,0.0,3.0,1,38,,,,96,,,,,,98,,,,,,99114,53,66.0,125.0,6.0,1.0,0.0,0.0,0.0,0.0,,0,,,,,,0,,,20,1,9,0,0.0,9,8,,,0,,,8,8,2.0,1.0,,,1.0,,,2,1,0.0,,,,,,,,,,,,,,,,,,,,,,,,,,,,,,0,0,0,1,0,0,0,0,0,0,0,0,0,0,0,0,0,0,1,1,0,0,0,0,0,1,1,1,0,1,0,0,0,1,0,,1,0,0,0,0,0,0,0,0,0,1,0,0,0,0,0,,,,,,81+,76+,US highway,R,Tuesday,Not Used,PV,White,1,0,0,0,State Route,State Patrol,Washington State Patrol,0,1,0,0,0,,,,,,0.0,0.0,0.0,,,,,,,,,,,0.0,0.0,0.0,1.0,,,,,20.0,,,,,,,,,1.0,0.0,,,,,,,99114,Colville,Colville