,index,Unnamed: 0,year,case,par,repjur,crash_dt,crash_tm,accday,accmon,holiday,county,co_char,city,weather,weather2,lightcond,surfcond,surftype,numfatal,nmforms,pforms,vforms,not_tm,arr_tm,hosp_tm,fhevent,hitrun,manncol,milepnt,reljunc,reljuncinter,intersectiontype,funcsystem,landuse,ownership,route,schlbus,spejur,contdev,devfunc,trafid1,trafid2,lon,lat,wk_zone,vnumber,crashtype,criticalevent,criticaleventcat,spdlim,body,trailer,emerg,hazcargo,leave,mhevent,roadalgn,roadprof,traflane,trafflow,vehmanvr,numoccs,regowner,regstate,spuse,make,model,modelyr,vrf1,vrf2,seqevent1,seqevent2,seqevent3,seqevent4,seqevent5,seqevent6,pnumber,ptype,age,sex,hispanic,race,injury,diedscene,restraint,restraintmisuse,seatpos,takehosp,death_dt,death_tm,cert,cernum_wa,commlic,licendor,licrestrict,liccomp,drivpres,drf1,drf2,drf3,drf4,distract1,distract2,distract3,distract4,distract5,distract6,dricond1,dricond2,dricond3,dricond4,dricond5,dricond6,dzip,licstate,drhgt_in,weight,noncdl,noncdltype,prevdwi,prevoth,prevacc,prevspd,prevsus,driviol1,driviol2,driviol3,driviol4,driviol5,driviol6,spdrel,first_dt,last_dt,airbag,ejection,ejectpath,extricat,injurwrk,methalc,methdrug,nmlocat,strikveh,prf1,prf2,prf3,druginv,alcinvol,drugsts,drugres1,drugres2,drugres3,drugtst1,drugtst2,drugtst3,alcsts,alctst,alcres,nmact1,nmact2,nmact3,nmact4,nmact5,nmact6,nmprior1,nmprior2,nmprior3,nmprior4,nmprior5,nmprior6,nmcond1,nmcond2,nmcond3,nmcond4,nmcond5,nmcond6,nmsafe_helmet,nmsafe_pads,nmsafe_oth,nmprev_ref,nmprev_lgt,nmprev_oth,crashlocation,nmcrashtype,crosswalk,schoolzone,sidewalk,train_inv,wildlife_inv,rotr_fars,intersect_fars,dd_inv,aid_inv,dpd_inv,id_inv,mj_inv,impnm_inv,ainm_inv,dpnm_inv,speed_inv,unlic_inv,unendmc_inv,drowsy_inv,drdist_inv,nmdist_inv,fty_inv,unrestfat_inv,dr1617_inv,dr1820_inv,dr1620_inv,dr2125_inv,dr1625_inv,dr65_inv,dr70_inv,dr75_inv,mc_inv,pv_inv,ht_inv,ped_inv,bike_inv,unrest_fat,mc_fat,unhelmet_mc,pv_fat,ht_fat,ped_fat,bike_fat,dr_alc7,dr_alc8,dr_drug,dr_imp,dr_dist,dr_spd,dr_fty,dr_unlic,dr_alc7only,dr_alc8only,dr_drugonly,dr_drink,nm_imp,nm_alc7,nm_alc8,nm_drug,nm_dist,agegrp1,agegrp2,roadclass,urbrur,dayweek,restuse,vehtype,race_me,intersect,lanedep,oppdir,wrongway,rep_typ,investag,repag_long,rotr,st_rd,cty_rd,city_rd,oth_rd,drug_thc,thc_res,drug_cthc,cthc_res,drug_cann,prevpersemin,prevperse,prevsusoth,drugtst4,drugtst5,drugtst6,drugtst7,drugtst8,drugres4,drugres5,drugres6,drugres7,drugres8,adspresent,adsengaged,adslevel,race1,race2,race3,race4,race5,helmet,helmetmisuse,nmdistract1,nmdistract2,nmdistract3,nmdistract4,nmdistract5,nmdistract6,lab,isedtcase,crf1,crf2,crf3,CoRoadName,CoMP,IntCoRoadName,IntCoMP,crashzip,dcity,crashcity
3424,3502,3502,2021,217,EB46741,4.0,2021-07-06,19:00,6,7,,65,Stevens,0,1,,1,1,2,1,0,2,2,,,,12,0,6,232.7,2,0,3,3,1,1,2,0,0,0,0,US-395,MANTZ-RICKY RD,-117.9030139,48.521847222,0,2,83,67,4,60,14,0,0,1,2,12,1,1,2,1,1,1,1,53,0,20,403,2006,0,,12,,,,,,1,1,34,1,0.0,,0,0,3,0,11,0,,,,,0.0,0.0,0.0,3.0,1,0,,,,96,,,,,,98,,,,,,99208,53,68.0,310.0,6.0,1.0,0.0,0.0,2.0,3.0,,0,,,,,,0,01/15/2017,12/15/2019,8,0,0,0,8.0,9,2,,,0,,,8,8,0.0,0.0,,,0.0,,,0,0,996.0,,,,,,,,,,,,,,,,,,,,,,,,,,,,,,0,0,0,1,0,0,0,0,0,0,0,0,0,0,0,0,0,0,1,1,0,0,0,0,0,1,1,1,0,1,0,0,0,0,0,,0,0,0,0,0,0,0,0,0,0,0,0,0,0,0,0,,,,,,31-35,26-35,US highway,R,Tuesday,Belt Used,PV,Not Fatal,1,0,0,0,State Route,State Patrol,Washington State Patrol,0,1,0,0,0,,,,,,0.0,0.0,2.0,,,,,,,,,,,98.0,98.0,98.0,0.0,,,,,20.0,,,,,,,,,1.0,0.0,,,,,,,99114,Spokane,Colville
3425,3503,3503,2021,218,EB46971,5.0,2021-07-09,11:59,9,7,,11,Clark,2370,1,,1,1,1,2,0,5,3,,,,12,0,1,3.2,1,0,1,1,2,1,1,0,0,0,0,I-205,,-122.5634167,45.641169444,0,1,20,50,3,60,80,0,0,1,2,12,1,1,4,3,1,2,1,53,0,72,706,2006,0,,12,12.0,,,,,1,1,61,1,7.0,,4,0,20,7,11,5,07/09/2021,16:40,237053033566.0,33566.0,0.0,0.0,0.0,3.0,1,0,,,,3,,,,,,98,,,,,,98662,53,70.0,240.0,6.0,1.0,0.0,0.0,0.0,0.0,,0,,,,,,0,,,20,8,0,0,0.0,9,8,,,0,,,8,8,2.0,996.0,,,1.0,,,2,1,0.0,,,,,,,,,,,,,,,,,,,,,,,,,,,,,,0,0,0,0,0,0,1,1,0,0,0,0,0,0,0,0,1,0,0,0,0,0,0,0,0,1,0,0,1,1,0,0,0,0,1,0.0,0,0,0,0,0,0,1,1,1,0,0,0,0,0,1,0,,,,,,61-65,56-65,Interstate,U,Friday,,MC,White,0,0,0,0,State Route,State Patrol,WASHINGTON STATE PATROL,0,1,0,0,0,,,,,,0.0,0.0,0.0,,,,,,,,,,,0.0,0.0,0.0,1.0,,,,,5.0,,,,,,,,,1.0,0.0,,,,,,,98664,Vancouver,Vancouver
3426,3504,3504,2021,218,EB46971,5.0,2021-07-09,11:59,9,7,,11,Clark,2370,1,,1,1,1,2,0,5,3,,,,12,0,1,3.2,1,0,1,1,2,1,1,0,0,0,0,I-205,,-122.5634167,45.641169444,0,2,21,53,3,60,34,0,0,1,2,12,1,1,4,3,5,2,1,53,0,12,481,2015,0,,12,,,,,,1,1,68,1,0.0,,0,0,3,0,11,0,,,,,0.0,0.0,0.0,3.0,1,0,,,,96,,,,,,98,,,,,,98682,53,68.0,280.0,6.0,1.0,0.0,0.0,0.0,0.0,,0,,,,,,0,,,20,0,0,0,8.0,9,8,,,0,,,8,8,0.0,0.0,,,0.0,,,0,0,996.0,,,,,,,,,,,,,,,,,,,,,,,,,,,,,,0,0,0,0,0,0,1,1,0,0,0,0,0,0,0,0,1,0,0,0,0,0,0,0,0,1,0,0,1,1,0,0,0,0,0,,0,0,0,0,0,0,0,0,0,0,0,0,0,0,0,0,,,,,,66-70,66-75,Interstate,U,Friday,Belt Used,PV,Not Fatal,0,0,0,0,State Route,State Patrol,WASHINGTON STATE PATROL,0,1,0,0,0,,,,,,0.0,0.0,0.0,,,,,,,,,,,98.0,98.0,98.0,0.0,,,,,20.0,,,,,,,,,1.0,0.0,,,,,,,98664,Vancouver,Vancouver
3427,3505,3505,2021,218,EB46971,5.0,2021-07-09,11:59,9,7,,11,Clark,2370,1,,1,1,1,2,0,5,3,,,,12,0,1,3.2,1,0,1,1,2,1,1,0,0,0,0,I-205,,-122.5634167,45.641169444,0,3,98,98,7,60,4,0,0,1,2,12,1,1,4,3,1,1,2,53,0,35,43,2018,0,,12,,,,,,1,1,42,2,0.0,,0,0,3,0,11,0,,,,,0.0,0.0,0.0,3.0,1,0,,,,96,,,,,,98,,,,,,98682,53,61.0,189.0,6.0,1.0,0.0,0.0,0.0,0.0,,0,,,,,,0,,,20,0,0,0,8.0,9,8,,,0,,,8,8,0.0,0.0,,,0.0,,,0,0,996.0,,,,,,,,,,,,,,,,,,,,,,,,,,,,,,0,0,0,0,0,0,1,1,0,0,0,0,0,0,0,0,1,0,0,0,0,0,0,0,0,1,0,0,1,1,0,0,0,0,0,,0,0,0,0,0,0,0,0,0,0,0,0,0,0,0,0,,,,,,41-45,36-45,Interstate,U,Friday,Belt Used,PV,Not Fatal,0,0,0,0,State Route,State Patrol,WASHINGTON STATE PATROL,0,1,0,0,0,,,,,,0.0,0.0,0.0,,,,,,,,,,,98.0,98.0,98.0,0.0,,,,,20.0,,,,,,,,,1.0,0.0,,,,,,,98664,Vancouver,Vancouver
3428,3506,3506,2021,219,EB47300,4.0,2021-06-25,13:28,25,6,,1,Adams,0,1,,1,1,2,1,0,3,3,,,,12,0,1,24.9,3,0,2,2,1,1,3,0,0,0,0,SR-17,SUTTON RD,-119.1329639,46.870055556,0,1,20,50,3,60,66,1,0,1,2,12,1,1,2,1,1,1,3,53,0,85,881,2014,0,,12,63.0,38.0,,,,1,1,29,1,0.0,,0,0,3,0,11,0,,,,,6.0,3.0,3.0,3.0,1,0,,,,96,,,,,,98,,,,,,98539,53,65.0,160.0,6.0,1.0,0.0,1.0,0.0,1.0,,23,,,,,,4,12/15/2020,07/15/2020,20,0,0,0,8.0,9,8,,,0,,,8,8,0.0,0.0,,,0.0,,,0,0,996.0,,,,,,,,,,,,,,,,,,,,,,,,,,,,,,0,0,0,1,0,0,1,1,0,0,0,0,1,1,0,0,0,0,0,1,0,0,0,1,1,0,0,0,0,1,1,0,0,0,0,,0,0,0,0,0,0,0,0,0,1,0,0,0,0,0,0,,,,,,26-30,26-35,State route,R,Friday,,MHTRUCK,Not Fatal,1,0,0,0,State Route,State Patrol,Washington State Patrol,0,1,0,0,0,,,,,,0.0,0.0,0.0,,,,,,,,,,,98.0,98.0,98.0,0.0,,,,,20.0,,,,,,,,,1.0,0.0,,,,,,,99344,Doty,Othello
3429,3507,3507,2021,219,EB47300,4.0,2021-06-25,13:28,25,6,,1,Adams,0,1,,1,1,2,1,0,3,3,,,,12,0,1,24.9,3,0,2,2,1,1,3,0,0,0,0,SR-17,SUTTON RD,-119.1329639,46.870055556,0,2,21,53,3,60,4,0,0,1,2,12,1,1,2,1,5,1,2,53,0,37,32,1997,0,,12,68.0,12.0,,,,1,1,21,1,1.0,,4,7,20,7,11,0,06/25/2021,13:28,53033995.0,33995.0,0.0,0.0,3.0,2.0,1,0,,,,96,,,,,,98,,,,,,99344,53,65.0,170.0,1.0,1.0,2.0,0.0,2.0,0.0,,0,,,,,,0,02/15/2018,10/15/2019,8,0,0,0,9.0,9,8,,,0,,,8,8,2.0,996.0,996.0,,1.0,1.0,,2,1,0.0,,,,,,,,,,,,,,,,,,,,,,,,,,,,,,0,0,0,1,0,0,1,1,0,0,0,0,1,1,0,0,0,0,0,1,0,0,0,1,1,0,0,0,0,1,1,0,0,1,0,,1,0,0,0,0,0,1,1,0,0,0,1,0,0,1,0,,,,,,21-25,16-25,State route,R,Friday,Not Used,PV,Hispanic,1,0,0,0,State Route,State Patrol,Washington State Patrol,0,1,0,0,0,,,,,,1.0,0.0,1.0,,,,,,,,,,,0.0,0.0,0.0,98.0,,,,,20.0,,,,,,,,,1.0,0.0,,,,,,,99344,Othello,Othello
3430,3508,3508,2021,219,EB47300,4.0,2021-06-25,13:28,25,6,,1,Adams,0,1,,1,1,2,1,0,3,3,,,,12,0,1,24.9,3,0,2,2,1,1,3,0,0,0,0,SR-17,SUTTON RD,-119.1329639,46.870055556,0,3,98,62,4,60,66,1,0,1,2,12,1,1,2,1,1,1,3,55,0,82,881,2019,0,,12,,,,,,1,1,58,1,0.0,,0,0,3,0,11,0,,,,,6.0,3.0,0.0,3.0,1,0,,,,96,,,,,,98,,,,,,97478,41,70.0,160.0,6.0,1.0,0.0,1.0,0.0,0.0,,0,,,,,,0,01/15/2019,01/15/2019,20,0,0,0,8.0,9,8,,,0,,,8,8,0.0,0.0,,,0.0,,,0,0,996.0,,,,,,,,,,,,,,,,,,,,,,,,,,,,,,0,0,0,1,0,0,1,1,0,0,0,0,1,1,0,0,0,0,0,1,0,0,0,1,1,0,0,0,0,1,1,0,0,0,0,,0,0,0,0,0,0,0,0,0,0,0,0,0,0,0,0,,,,,,56-60,56-65,State route,R,Friday,,MHTRUCK,Not Fatal,1,0,0,0,State Route,State Patrol,Washington State Patrol,0,1,0,0,0,,,,,,0.0,0.0,0.0,,,,,,,,,,,98.0,98.0,98.0,0.0,,,,,20.0,,,,,,,,,1.0,0.0,,,,,,,99344,Springfield,Othello
3431,3509,3509,2021,220,EB47732,2.0,2021-07-08,15:45,8,7,,61,Snohomish,690,1,,1,1,2,1,0,1,1,,,,24,0,0,192.0,1,0,1,1,2,1,1,0,0,0,0,I-5,,-122.2000667,47.954902778,0,1,6,1,1,60,80,0,0,1,2,24,1,2,6,3,1,1,1,53,0,37,706,1985,0,,61,64.0,24.0,69.0,63.0,24.0,1,1,73,1,7.0,,4,0,20,7,11,5,07/08/2021,19:08,69053032951.0,32951.0,0.0,0.0,3.0,3.0,1,80,,,,96,,,,,,98,,,,,,98270,53,70.0,210.0,6.0,1.0,0.0,1.0,0.0,0.0,,0,,,,,,0,10/15/2016,10/15/2016,20,8,0,0,0.0,9,8,,,0,,,8,8,2.0,151.0,,,1.0,,,2,1,0.0,,,,,,,,,,,,,,,,,,,,,,,,,,,,,,0,0,1,0,0,0,1,1,0,0,0,0,0,0,0,0,0,0,0,0,0,0,0,0,0,1,1,0,1,0,0,0,0,0,1,0.0,0,0,0,0,0,0,1,1,0,0,0,0,0,0,1,0,,,,,,71-75,66-75,Interstate,U,Thursday,,MC,White,0,1,0,0,State Route,State Patrol,Washington State Patrol,1,1,0,0,0,,,,,,0.0,0.0,0.0,,,,,,,,,,,0.0,0.0,0.0,1.0,,,,,5.0,,,,,,,,,1.0,0.0,,,,,,,98203,Marysville,Everett
3432,3510,3510,2021,221,EB47880,6.0,2021-07-09,15:22,9,7,,7,Chelan,0,1,,1,1,2,1,0,6,4,,,,24,0,0,88.2,1,0,1,3,1,1,2,0,0,0,0,US-2,,-120.7423639,47.709083333,0,1,1,13,2,60,15,0,0,1,2,12,1,2,3,1,1,1,1,53,0,35,421,2004,0,,63,24.0,69.0,68.0,12.0,64.0,1,1,50,1,7.0,,4,0,20,7,11,5,07/09/2021,17:51,116053034771.0,34771.0,0.0,0.0,0.0,3.0,1,0,,,,92,,,,,,98,,,,,,98203,53,71.0,315.0,6.0,1.0,0.0,1.0,1.0,0.0,,0,,,,,,0,03/15/2018,03/15/2018,8,0,0,0,0.0,9,8,,,0,,,8,8,2.0,1.0,,,1.0,,,2,1,0.0,,,,,,,,,,,,,,,,,,,,,,,,,,,,,,0,0,1,0,0,0,0,0,0,0,0,0,0,0,0,0,1,0,0,1,0,1,1,0,1,0,0,0,0,1,0,0,0,1,0,,1,0,0,0,0,0,0,0,1,0,0,0,0,0,0,0,,,,,,46-50,46-55,US highway,R,Friday,Not Used,PV,White,0,1,0,0,State Route,State Patrol,Washington State Patrol,1,1,0,0,0,,,,,,0.0,0.0,0.0,,,,,,,,,,,98.0,98.0,98.0,1.0,,,,,20.0,,,,,,,,,1.0,0.0,,,,,,,98826,Everett,Leavenworth
3433,3511,3511,2021,221,EB47880,6.0,2021-07-09,15:22,9,7,,7,Chelan,0,1,,1,1,2,1,0,6,4,,,,24,0,0,88.2,1,0,1,3,1,1,2,0,0,0,0,US-2,,-120.7423639,47.709083333,0,2,98,62,4,60,2,0,0,1,2,12,1,2,3,1,1,1,2,53,0,37,31,2017,0,,12,12.0,,,,,1,1,63,2,0.0,,3,0,3,0,11,5,,,,,0.0,0.0,0.0,3.0,1,0,,,,96,,,,,,98,,,,,,98201,53,64.0,110.0,6.0,1.0,0.0,0.0,0.0,0.0,,0,,,,,,0,,,1,0,0,0,8.0,9,8,,,0,,,8,8,0.0,0.0,,,0.0,,,0,0,996.0,,,,,,,,,,,,,,,,,,,,,,,,,,,,,,0,0,1,0,0,0,0,0,0,0,0,0,0,0,0,0,1,0,0,1,0,1,1,0,1,0,0,0,0,1,0,0,0,0,0,,0,0,0,0,0,0,0,0,0,0,0,0,0,0,0,0,,,,,,61-65,56-65,US highway,R,Friday,Belt Used,PV,Not Fatal,0,1,0,0,State Route,State Patrol,Washington State Patrol,1,1,0,0,0,,,,,,0.0,0.0,0.0,,,,,,,,,,,98.0,98.0,98.0,0.0,,,,,20.0,,,,,,,,,1.0,0.0,,,,,,,98826,Everett,Leavenworth
3434,3512,3512,2021,221,EB47880,6.0,2021-07-09,15:22,9,7,,7,Chelan,0,1,,1,1,2,1,0,6,4,,,,24,0,0,88.2,1,0,1,3,1,1,2,0,0,0,0,US-2,,-120.7423639,47.709083333,0,3,98,98,7,60,14,0,0,1,2,12,1,2,2,1,1,3,1,53,0,12,401,2017,0,,12,12.0,,,,,1,1,18,2,0.0,,0,0,3,0,11,0,,,,,0.0,0.0,0.0,3.0,1,0,,,,96,,,,,,98,,,,,,98012,53,67.0,134.0,6.0,2.0,0.0,0.0,0.0,0.0,,0,,,,,,0,,,20,0,0,0,8.0,9,8,,,0,,,8,8,0.0,0.0,,,0.0,,,0,0,996.0,,,,,,,,,,,,,,,,,,,,,,,,,,,,,,0,0,1,0,0,0,0,0,0,0,0,0,0,0,0,0,1,0,0,1,0,1,1,0,1,0,0,0,0,1,0,0,0,0,0,,0,0,0,0,0,0,0,0,0,0,0,0,0,0,0,0,,,,,,18-20,16-25,US highway,R,Friday,Belt Used,PV,Not Fatal,0,1,0,0,State Route,State Patrol,Washington State Patrol,1,1,0,0,0,,,,,,0.0,0.0,0.0,,,,,,,,,,,98.0,98.0,98.0,0.0,,,,,20.0,,,,,,,,,1.0,0.0,,,,,,,98826,Bothell,Leavenworth
3435,3513,3513,2021,221,EB47880,6.0,2021-07-09,15:22,9,7,,7,Chelan,0,1,,1,1,2,1,0,6,4,,,,24,0,0,88.2,1,0,1,3,1,1,2,0,0,0,0,US-2,,-120.7423639,47.709083333,0,4,98,98,7,60,14,0,0,1,2,12,1,2,3,1,1,1,1,53,0,49,401,2020,0,,12,,,,,,1,1,27,2,0.0,,1,0,3,0,11,5,,,,,0.0,0.0,3.0,3.0,1,0,,,,96,,,,,,98,,,,,,98901,53,62.0,180.0,6.0,1.0,0.0,0.0,0.0,1.0,,0,,,,,,0,01/15/2021,01/15/2021,8,0,0,0,8.0,9,8,,,0,,,8,8,0.0,0.0,,,0.0,,,0,0,996.0,,,,,,,,,,,,,,,,,,,,,,,,,,,,,,0,0,1,0,0,0,0,0,0,0,0,0,0,0,0,0,1,0,0,1,0,1,1,0,1,0,0,0,0,1,0,0,0,0,0,,0,0,0,0,0,0,0,0,0,0,0,0,0,0,0,0,,,,,,26-30,26-35,US highway,R,Friday,Belt Used,PV,Not Fatal,0,1,0,0,State Route,State Patrol,Washington State Patrol,1,1,0,0,0,,,,,,0.0,0.0,0.0,,,,,,,,,,,98.0,98.0,98.0,0.0,,,,,20.0,,,,,,,,,1.0,0.0,,,,,,,98826,Yakima,Leavenworth
3436,3514,3514,2021,222,EB48095,169.0,2021-07-12,0:11,12,7,,67,Thurston,1102,1,,3,1,2,1,0,1,1,,,,42,0,0,0.0,1,0,1,4,2,4,6,0,0,0,0,CARPENTER RD SE,,-122.7965833,47.047711111,0,1,1,13,2,35,80,0,0,1,2,42,3,1,2,1,14,1,1,53,0,73,705,2007,0,,63,42.0,,,,,1,1,21,1,7.0,,4,0,20,7,11,5,07/12/2021,0:56,110253034815.0,34815.0,0.0,0.0,0.0,2.0,1,8,,,,96,,,,,,98,,,,,,98502,53,72.0,165.0,6.0,1.0,0.0,0.0,1.0,1.0,,0,,,,,,3,12/15/2019,06/15/2020,20,8,0,0,0.0,9,8,,,0,,,8,8,2.0,695.0,605.0,401.0,1.0,1.0,1.0,2,1,0.15,,,,,,,,,,,,,,,,,,,,,,,,,,,,,,0,0,1,0,1,1,1,1,1,0,0,0,1,0,1,0,0,0,0,0,0,0,0,1,1,0,0,0,1,0,0,0,0,0,1,0.0,0,0,0,0,0,1,1,1,0,1,0,0,0,0,0,1,,,,,,21-25,16-25,City street,U,Monday,,MC,Multiracial,0,1,0,0,City Street,Municipal/City Police,Lacey Police Department,1,0,0,1,0,thc,8.8,carboxy-thc,63.0,,0.0,0.0,2.0,,,,,,,,,,,0.0,0.0,0.0,202.0,201.0,,,,19.0,,,,,,,,,1.0,0.0,,,,,,,98503,Olympia,Lacey
3437,3515,3515,2021,223,EB44623,146.0,2021-06-25,4:55,25,6,,77,Yakima,0,1,,2,1,2,1,0,2,2,,,,12,0,1,0.7,1,0,1,5,1,2,4,0,3,0,0,CR-W WAPATO RD,,-120.4445806,46.448005556,0,1,24,51,3,50,14,0,0,1,2,12,1,1,2,1,1,1,1,53,0,7,403,2007,0,,12,,,,,,1,1,26,1,0.0,,0,0,3,0,11,0,,,,,0.0,0.0,0.0,3.0,1,0,,,,15,,,,,,98,,,,,,98951,53,65.0,150.0,6.0,1.0,0.0,1.0,1.0,5.0,,97,,,,,,3,05/15/2018,06/15/2021,1,0,0,0,8.0,9,8,,,0,,,8,8,0.0,0.0,,,0.0,,,0,0,996.0,,,,,,,,,,,,,,,,,,,,,,,,,,,,,,0,0,0,0,0,0,0,0,0,0,0,0,1,0,0,0,1,0,0,0,0,0,0,0,0,1,1,1,0,1,0,0,0,0,0,,0,0,0,0,0,0,0,0,1,1,0,0,0,0,0,0,,,,,,26-30,26-35,County road,R,Friday,Belt Used,PV,Not Fatal,0,0,0,0,County Road,County Sheriff,Yakima County Sheriff's Office,0,0,1,0,0,,,,,,0.0,0.0,0.0,,,,,,,,,,,98.0,98.0,98.0,0.0,,,,,20.0,,,,,,,,,1.0,0.0,,,WAPATO RD. W.,0.69,,,98951,Wapato,Wapato
3438,3516,3516,2021,223,EB44623,146.0,2021-06-25,4:55,25,6,,77,Yakima,0,1,,2,1,2,1,0,2,2,,,,12,0,1,0.7,1,0,1,5,1,2,4,0,3,0,0,CR-W WAPATO RD,,-120.4445806,46.448005556,0,2,25,53,3,50,34,0,0,1,2,12,1,1,2,1,1,1,1,53,0,23,481,1996,0,,12,63.0,30.0,,,,1,1,75,1,1.0,,4,0,99,7,11,0,07/14/2021,18:24,196053034938.0,34938.0,0.0,0.0,0.0,3.0,1,0,,,,96,,,,,,98,,,,,,98952,53,69.0,228.0,6.0,1.0,0.0,1.0,2.0,0.0,,0,,,,,,0,05/15/2019,04/15/2019,20,0,0,0,0.0,9,8,,,0,,,8,8,0.0,0.0,,,0.0,,,0,0,996.0,,,,,,,,,,,,,,,,,,,,,,,,,,,,,,0,0,0,0,0,0,0,0,0,0,0,0,1,0,0,0,1,0,0,0,0,0,0,0,0,1,1,1,0,1,0,0,0,0,0,,1,0,0,0,0,0,0,0,0,0,0,0,0,0,0,0,,,,,,71-75,66-75,County road,R,Friday,Unknown,PV,Hispanic,0,0,0,0,County Road,County Sheriff,Yakima County Sheriff's Office,0,0,1,0,0,,,,,,0.0,0.0,0.0,,,,,,,,,,,0.0,0.0,0.0,98.0,,,,,20.0,,,,,,,,,1.0,0.0,,,WAPATO RD. W.,0.69,,,98951,White Swan,Wapato
3439,3517,3517,2021,224,EB48197,21.0,2021-06-13,8:18,13,6,,25,Grant,0,1,,1,1,2,1,0,4,2,,,,12,0,2,17.3,1,0,1,6,1,1,4,0,0,0,0,CR-N FRONTAGE RD,,-119.4087,47.104533333,0,1,50,10,2,55,6,0,0,1,2,12,1,1,2,1,1,3,2,53,0,13,14,2010,0,,68,12.0,1.0,,,,1,1,43,1,0.0,,1,0,3,0,11,0,,,,,0.0,0.0,0.0,2.0,1,28,,,,96,,,,,,9,,,,,,98850,53,70.0,260.0,1.0,1.0,0.0,1.0,1.0,1.0,,97,,,,,,0,02/15/2019,06/15/2021,20,0,0,0,8.0,9,8,,,0,,,1,8,2.0,401.0,417.0,,1.0,1.0,,2,1,0.0,,,,,,,,,,,,,,,,,,,,,,,,,,,,,,0,0,0,0,0,0,1,1,0,0,0,0,0,1,0,0,0,0,0,0,0,0,0,0,0,1,1,0,0,1,0,0,0,0,0,,0,0,0,0,0,0,1,1,0,0,0,1,0,0,1,0,,,,,,41-45,36-45,County road,R,Sunday,Belt Used,PV,Not Fatal,0,1,1,0,State Route,County Sheriff,Grant County Sheriff's Office,0,1,0,0,0,,,,,,0.0,0.0,1.0,,,,,,,,,,,98.0,98.0,98.0,0.0,,,,,20.0,,,,,,,,,1.0,0.0,,,,,,,98837,Rock Island,Moses Lake
3440,3518,3518,2021,224,EB48197,21.0,2021-06-13,8:18,13,6,,25,Grant,0,1,,1,1,2,1,0,4,2,,,,12,0,2,17.3,1,0,1,6,1,1,4,0,0,0,0,CR-N FRONTAGE RD,,-119.4087,47.104533333,0,2,51,62,4,55,5,0,0,1,2,12,1,1,2,1,1,1,1,53,0,35,50,2011,0,,12,,,,,,1,1,74,1,7.0,,4,0,3,0,11,0,06/13/2021,9:30,139053028605.0,28605.0,0.0,0.0,0.0,3.0,1,0,,,,96,,,,,,98,,,,,,99344,53,72.0,204.0,6.0,1.0,0.0,2.0,1.0,0.0,,0,,,,,,0,04/15/2019,09/15/2020,20,0,0,0,0.0,9,8,,,0,,,8,8,2.0,402.0,407.0,996.0,1.0,1.0,1.0,2,1,0.0,,,,,,,,,,,,,,,,,,,,,,,,,,,,,,0,0,0,0,0,0,1,1,0,0,0,0,0,1,0,0,0,0,0,0,0,0,0,0,0,1,1,0,0,1,0,0,0,0,0,,1,0,0,0,0,0,1,1,0,0,0,0,0,0,1,0,,,,,,71-75,66-75,County road,R,Sunday,Belt Used,PV,White,0,1,1,0,State Route,County Sheriff,Grant County Sheriff's Office,0,1,0,0,0,,,,,,0.0,0.0,0.0,1.0,,,,,522.0,,,,,98.0,98.0,98.0,1.0,,,,,20.0,,,,,,,,,1.0,0.0,,,,,,,98837,Othello,Moses Lake
3441,3519,3519,2021,225,EB48287,8.0,2021-06-20,19:44,20,6,,35,Kitsap,0,1,,1,1,2,1,0,1,1,,,,24,0,0,27.0,1,0,1,2,1,1,3,0,0,0,0,SR-16,,-122.7001194,47.527388889,0,1,1,13,2,40,80,0,0,1,2,24,3,1,7,5,14,1,2,53,0,72,706,2008,0,,63,24.0,,,,,1,1,59,1,7.0,,4,7,20,7,11,0,06/20/2021,19:44,53031032.0,31032.0,0.0,0.0,0.0,3.0,1,0,,,,96,,,,,,9,,,,,,98329,53,68.0,130.0,6.0,1.0,0.0,0.0,0.0,0.0,,0,,,,,,4,,,20,8,0,0,0.0,1,8,,,0,,,8,1,2.0,1.0,,,1.0,,,2,1,0.15,,,,,,,,,,,,,,,,,,,,,,,,,,,,,,0,0,1,0,1,1,0,1,0,0,0,0,1,0,0,0,0,0,0,0,0,0,0,0,0,0,0,0,1,0,0,0,0,0,1,0.0,0,0,0,0,0,1,0,1,0,1,0,0,0,1,0,1,,,,,,56-60,56-65,State route,R,Sunday,,MC,API,0,1,0,0,State Route,State Patrol,Washington State Patrol,1,1,0,0,0,,,,,,0.0,0.0,0.0,,,,,,,,,,,0.0,0.0,0.0,5.0,,,,,5.0,,,,,,,,,1.0,0.0,,,,,,,98367,Gig Harbor,Port Orchard