,index,Unnamed: 0,year,case,par,repjur,crash_dt,crash_tm,accday,accmon,holiday,county,co_char,city,weather,weather2,lightcond,surfcond,surftype,numfatal,nmforms,pforms,vforms,not_tm,arr_tm,hosp_tm,fhevent,hitrun,manncol,milepnt,reljunc,reljuncinter,intersectiontype,funcsystem,landuse,ownership,route,schlbus,spejur,contdev,devfunc,trafid1,trafid2,lon,lat,wk_zone,vnumber,crashtype,criticalevent,criticaleventcat,spdlim,body,trailer,emerg,hazcargo,leave,mhevent,roadalgn,roadprof,traflane,trafflow,vehmanvr,numoccs,regowner,regstate,spuse,make,model,modelyr,vrf1,vrf2,seqevent1,seqevent2,seqevent3,seqevent4,seqevent5,seqevent6,pnumber,ptype,age,sex,hispanic,race,injury,diedscene,restraint,restraintmisuse,seatpos,takehosp,death_dt,death_tm,cert,cernum_wa,commlic,licendor,licrestrict,liccomp,drivpres,drf1,drf2,drf3,drf4,distract1,distract2,distract3,distract4,distract5,distract6,dricond1,dricond2,dricond3,dricond4,dricond5,dricond6,dzip,licstate,drhgt_in,weight,noncdl,noncdltype,prevdwi,prevoth,prevacc,prevspd,prevsus,driviol1,driviol2,driviol3,driviol4,driviol5,driviol6,spdrel,first_dt,last_dt,airbag,ejection,ejectpath,extricat,injurwrk,methalc,methdrug,nmlocat,strikveh,prf1,prf2,prf3,druginv,alcinvol,drugsts,drugres1,drugres2,drugres3,drugtst1,drugtst2,drugtst3,alcsts,alctst,alcres,nmact1,nmact2,nmact3,nmact4,nmact5,nmact6,nmprior1,nmprior2,nmprior3,nmprior4,nmprior5,nmprior6,nmcond1,nmcond2,nmcond3,nmcond4,nmcond5,nmcond6,nmsafe_helmet,nmsafe_pads,nmsafe_oth,nmprev_ref,nmprev_lgt,nmprev_oth,crashlocation,nmcrashtype,crosswalk,schoolzone,sidewalk,train_inv,wildlife_inv,rotr_fars,intersect_fars,dd_inv,aid_inv,dpd_inv,id_inv,mj_inv,impnm_inv,ainm_inv,dpnm_inv,speed_inv,unlic_inv,unendmc_inv,drowsy_inv,drdist_inv,nmdist_inv,fty_inv,unrestfat_inv,dr1617_inv,dr1820_inv,dr1620_inv,dr2125_inv,dr1625_inv,dr65_inv,dr70_inv,dr75_inv,mc_inv,pv_inv,ht_inv,ped_inv,bike_inv,unrest_fat,mc_fat,unhelmet_mc,pv_fat,ht_fat,ped_fat,bike_fat,dr_alc7,dr_alc8,dr_drug,dr_imp,dr_dist,dr_spd,dr_fty,dr_unlic,dr_alc7only,dr_alc8only,dr_drugonly,dr_drink,nm_imp,nm_alc7,nm_alc8,nm_drug,nm_dist,agegrp1,agegrp2,roadclass,urbrur,dayweek,restuse,vehtype,race_me,intersect,lanedep,oppdir,wrongway,rep_typ,investag,repag_long,rotr,st_rd,cty_rd,city_rd,oth_rd,drug_thc,thc_res,drug_cthc,cthc_res,drug_cann,prevpersemin,prevperse,prevsusoth,drugtst4,drugtst5,drugtst6,drugtst7,drugtst8,drugres4,drugres5,drugres6,drugres7,drugres8,adspresent,adsengaged,adslevel,race1,race2,race3,race4,race5,helmet,helmetmisuse,nmdistract1,nmdistract2,nmdistract3,nmdistract4,nmdistract5,nmdistract6,lab,isedtcase,crf1,crf2,crf3,CoRoadName,CoMP,IntCoRoadName,IntCoMP,crashzip,dcity,crashcity
3442,3520,3520,2021,226,EB48319,26.0,2021-07-10,21:45,10,7,,35,Kitsap,0,1,,1,1,2,1,0,1,1,,,,42,0,0,,1,0,1,5,1,2,4,0,0,0,0,CR-BETHEL BURLEY RD SE,,-122.6312167,47.42445,0,1,6,12,2,45,34,0,0,1,2,42,1,1,2,1,1,1,1,53,0,20,481,2000,0,,68,64.0,42.0,,,,1,1,62,1,7.0,,4,7,3,0,11,0,07/10/2021,21:45,53033885.0,33885.0,0.0,0.0,0.0,2.0,1,0,,,,96,,,,,,98,,,,,,98332,53,70.0,190.0,1.0,1.0,1.0,0.0,0.0,0.0,,0,,,,,,0,03/15/2021,03/15/2021,20,0,0,0,0.0,9,8,,,0,,,8,8,2.0,996.0,996.0,,1.0,1.0,,2,1,0.169,,,,,,,,,,,,,,,,,,,,,,,,,,,,,,0,0,1,0,1,1,1,1,0,0,0,0,0,1,0,0,0,0,0,0,0,0,0,0,0,0,0,0,0,1,0,0,0,0,0,,1,0,0,0,0,1,1,1,0,0,0,1,0,0,0,1,,,,,,61-65,56-65,County road,R,Saturday,Belt Used,PV,White,0,1,0,0,County Road,County Sheriff,Kitsap County Sheriff's Office,1,0,1,0,0,,,,,,0.0,1.0,0.0,,,,,,,,,,,98.0,98.0,98.0,1.0,,,,,20.0,,,,,,,,,1.0,0.0,,,BETHEL BURLEY RD SE,1.496,,,98367,Gig Harbor,Port Orchard
3443,3521,3521,2021,227,EB48537,25.0,2021-07-12,19:22,12,7,,33,King,0,1,,1,1,2,1,0,1,1,,,,42,0,0,3.9,1,0,1,5,2,2,4,0,0,0,0,CR-LANDSBURG RD SE,,-121.9738778,47.362213889,0,1,1,13,2,40,6,0,0,1,2,42,3,2,2,1,14,1,2,53,0,48,34,1998,0,,63,42.0,,,,,1,1,23,1,7.0,,4,7,3,0,11,0,07/12/2021,19:22,53034979.0,34979.0,0.0,0.0,0.0,3.0,1,0,,,,92,,,,,,98,,,,,,98375,53,70.0,190.0,6.0,1.0,0.0,0.0,0.0,0.0,,0,,,,,,0,,,20,0,0,0,0.0,9,8,,,0,,,8,8,2.0,695.0,605.0,,1.0,1.0,,2,1,0.231,,,,,,,,,,,,,,,,,,,,,,,,,,,,,,0,0,1,0,1,1,1,1,1,0,0,0,0,0,0,0,1,0,0,0,0,0,0,1,1,0,0,0,0,1,0,0,0,0,0,,1,0,0,0,0,1,1,1,1,0,0,0,0,0,0,1,,,,,,21-25,16-25,County road,U,Monday,Belt Used,PV,White,0,1,0,0,County Road,County Sheriff,King County Police,1,0,1,0,0,thc,42.0,carboxy-thc,888.0,,0.0,0.0,0.0,,,,,,,,,,,0.0,0.0,0.0,1.0,,,,,20.0,,,,,,,,nms,1.0,0.0,,,276 AVE SE,3.869,,,98051,Puyallup,Ravensdale
3444,3522,3522,2021,228,EB48690,13.0,2021-07-05,2:30,5,7,,9,Clallam,0,2,,2,2,2,1,0,2,1,,,,42,0,0,,1,0,1,5,1,2,4,0,0,0,0,CR-HOKO OZETTE RD,,-124.5735944,48.151058333,0,1,6,13,2,35,14,0,0,1,2,42,3,1,2,1,14,2,1,53,0,41,402,2002,0,,63,69.0,68.0,64.0,42.0,,1,1,54,2,7.0,,4,7,20,7,11,0,07/05/2021,2:30,53033233.0,33233.0,0.0,0.0,0.0,3.0,1,58,,,,96,,,,,,9,,,,,,98326,53,68.0,160.0,6.0,1.0,0.0,0.0,0.0,2.0,,0,,,,,,0,01/15/2017,03/15/2019,1,0,0,0,0.0,9,8,,,0,,,1,8,2.0,177.0,124.0,996.0,1.0,1.0,1.0,2,1,0.0,,,,,,,,,,,,,,,,,,,,,,,,,,,,,,0,0,1,0,0,0,1,1,1,0,0,0,0,0,0,0,0,0,0,1,0,0,0,0,0,0,0,0,0,1,0,0,0,1,0,,1,0,0,0,0,0,1,1,0,0,0,0,0,0,1,0,,,,,,51-55,46-55,County road,R,Monday,Not Used,PV,AIAN,0,1,0,0,County Road,County Sheriff,Clallam County Sheriff's Office,1,0,1,0,0,thc,1.8,,,,0.0,0.0,1.0,1.0,1.0,1.0,,,605.0,151.0,996.0,,,98.0,98.0,98.0,3.0,,,,,20.0,,,,,,,,nms,1.0,0.0,,,HOKO OZETTE RD.,15.32,,,98326,Clallam Bay,Clallam Bay
3445,3523,3523,2021,229,EB48935,4.0,2021-06-07,16:22,7,6,,65,Stevens,0,1,,1,1,2,3,0,5,2,,,,12,0,2,192.3,1,0,1,2,2,1,2,0,0,0,0,US-395,,-117.5915611,48.021041667,0,1,50,10,2,60,4,0,0,1,2,12,2,2,3,1,14,3,2,53,0,52,34,2003,0,,68,12.0,,,,,1,1,17,1,7.0,,4,7,3,0,11,0,06/07/2021,16:22,53027830.0,27830.0,0.0,0.0,0.0,2.0,1,28,,,,92,,,,,,98,,,,,,99167,53,,999.0,1.0,2.0,0.0,2.0,1.0,0.0,,0,,,,,,0,07/15/2020,06/15/2020,99,0,0,0,0.0,9,8,,,0,,,8,8,0.0,0.0,,,0.0,,,0,0,996.0,,,,,,,,,,,,,,,,,,,,,,,,,,,,,,0,0,0,0,0,0,0,0,0,0,0,0,0,1,0,0,1,0,0,1,1,0,1,0,1,0,0,0,0,1,1,0,0,0,0,,1,0,0,0,0,0,0,0,1,0,0,1,0,0,0,0,,,,,,16-17,16-25,US highway,U,Monday,Belt Used,PV,White,0,1,1,0,State Route,State Patrol,Washington State Patrol,0,1,0,0,0,,,,,,0.0,0.0,2.0,,,,,,,,,,,98.0,98.0,98.0,1.0,,,,,20.0,,,,,,,,,1.0,0.0,,,,,,,99110,Rice,Clayton
3446,3524,3524,2021,229,EB48935,4.0,2021-06-07,16:22,7,6,,65,Stevens,0,1,,1,1,2,3,0,5,2,,,,12,0,2,192.3,1,0,1,2,2,1,2,0,0,0,0,US-395,,-117.5915611,48.021041667,0,2,51,62,4,60,63,0,0,1,2,12,3,2,3,1,14,2,3,94,0,82,881,2007,0,,68,12.0,,,,,1,1,38,1,0.0,,2,0,3,0,11,0,,,,,0.0,0.0,0.0,3.0,1,95,,,,96,,,,,,98,,,,,,99016,53,73.0,280.0,6.0,1.0,0.0,0.0,0.0,0.0,,0,,,,,,0,,,20,0,0,0,8.0,9,8,,,0,,,8,8,0.0,0.0,,,0.0,,,0,0,996.0,,,,,,,,,,,,,,,,,,,,,,,,,,,,,,0,0,0,0,0,0,0,0,0,0,0,0,0,1,0,0,1,0,0,1,1,0,1,0,1,0,0,0,0,1,1,0,0,0,0,,0,0,0,0,0,0,0,0,0,0,0,0,0,0,0,0,,,,,,36-40,36-45,US highway,U,Monday,,MHTRUCK,Not Fatal,0,1,1,0,State Route,State Patrol,Washington State Patrol,0,1,0,0,0,,,,,,0.0,0.0,0.0,,,,,,,,,,,98.0,98.0,98.0,0.0,,,,,20.0,,,,,,,,,1.0,0.0,,,,,,,99110,Greenacres,Clayton
3447,3525,3525,2021,230,EB49167,7.0,2021-07-04,18:34,4,7,,33,King,1830,1,,1,1,2,1,0,3,2,,,,1,0,0,0.1,5,1,1,1,2,1,1,0,0,0,0,I-405 RAMP,,-122.1972111,47.531563889,0,1,98,6,1,98,80,0,0,1,2,1,2,8,1,6,14,1,1,53,0,73,706,2007,0,,64,1.0,12.0,,,,1,1,51,1,7.0,,4,7,20,7,11,0,07/04/2021,18:34,183053036259.0,36259.0,0.0,0.0,0.0,3.0,1,0,,,,96,,,,,,9,,,,,,98011,53,70.0,175.0,6.0,1.0,0.0,2.0,1.0,0.0,,0,,,,,,4,04/15/2016,10/15/2018,20,8,0,0,0.0,1,8,,,0,,,8,1,2.0,1.0,,,1.0,,,2,1,0.168,,,,,,,,,,,,,,,,,,,,,,,,,,,,,,0,0,0,0,1,1,0,1,0,0,0,0,1,0,0,0,0,0,0,0,0,0,0,0,0,0,0,0,1,1,0,0,0,0,1,0.0,0,0,0,0,0,1,0,1,0,1,0,0,0,1,0,1,,,,,,51-55,46-55,Interstate,U,Sunday,,MC,White,0,1,0,0,State Route,State Patrol,Washington State Patrol,1,1,0,0,0,,,,,,0.0,0.0,0.0,,,,,,,,,,,0.0,0.0,0.0,1.0,,,,,5.0,,,,,,,,,1.0,0.0,,,,,,,98056,Bothell,Renton
3448,3526,3526,2021,230,EB49167,7.0,2021-07-04,18:34,4,7,,33,King,1830,1,,1,1,2,1,0,3,2,,,,1,0,0,0.1,5,1,1,1,2,1,1,0,0,0,0,I-405 RAMP,,-122.1972111,47.531563889,0,2,98,78,4,60,34,1,0,1,5,12,1,1,3,3,1,2,1,53,0,20,481,2005,0,,12,,,,,,1,1,51,1,0.0,,0,0,3,0,11,0,,,,,0.0,0.0,3.0,3.0,1,0,,,,96,,,,,,98,,,,,,98034,53,73.0,185.0,6.0,1.0,0.0,0.0,0.0,0.0,,0,,,,,,0,,,20,0,0,0,8.0,9,8,,,0,,,8,8,2.0,1.0,,,1.0,,,2,1,0.0,,,,,,,,,,,,,,,,,,,,,,,,,,,,,,0,0,0,0,1,1,0,1,0,0,0,0,1,0,0,0,0,0,0,0,0,0,0,0,0,0,0,0,1,1,0,0,0,0,0,,0,0,0,0,0,0,0,0,0,0,0,0,0,0,0,0,,,,,,51-55,46-55,Interstate,U,Sunday,Belt Used,PV,Not Fatal,0,1,0,0,State Route,State Patrol,Washington State Patrol,1,1,0,0,0,,,,,,0.0,0.0,0.0,,,,,,,,,,,98.0,98.0,98.0,0.0,,,,,20.0,,,,,,,,,1.0,0.0,,,,,,,98056,Kirkland,Renton
3449,3527,3527,2021,231,EB49255,47.0,2021-07-10,1:22,10,7,,27,Grays Harbor,10,1,,3,1,2,1,0,5,1,,,,25,0,0,2.9,3,0,4,3,2,1,2,0,0,0,0,US-101,SIMPSON AVE,-123.831375,46.974861111,0,1,6,12,2,30,14,0,0,1,5,25,2,1,2,4,14,5,2,53,0,49,401,2015,0,,68,64.0,25.0,1.0,,,1,1,24,2,0.0,,0,0,3,0,11,0,,,,,0.0,0.0,0.0,3.0,1,0,,,,96,,,,,,98,,,,,,98520,53,62.0,165.0,6.0,1.0,0.0,0.0,1.0,2.0,,97,,,,,,2,06/15/2016,09/15/2020,1,0,0,0,8.0,9,8,,,0,,,8,8,2.0,1.0,,,1.0,,,2,1,0.16,,,,,,,,,,,,,,,,,,,,,,,,,,,,,,0,0,1,1,1,1,0,1,0,0,0,0,1,0,0,0,0,0,0,0,0,0,0,1,1,0,0,0,0,1,0,0,0,0,0,,0,0,0,0,0,1,0,1,0,1,0,0,0,1,0,1,,,,,,21-25,16-25,US highway,U,Saturday,Belt Used,PV,Not Fatal,0,1,0,0,State Route,Municipal/City Police,Aberdeen Police Department,1,1,0,0,0,,,,,,0.0,0.0,0.0,,,,,,,,,,,98.0,98.0,98.0,0.0,,,,,20.0,,,,,,,,,1.0,0.0,,,,,,,98520,Aberdeen,Aberdeen
3450,3528,3528,2021,232,EB49284,3.0,2021-06-21,7:01,21,6,,53,Pierce,0,1,,1,1,2,1,0,2,2,,,,12,0,1,39.1,3,0,2,4,1,1,3,0,0,0,0,SR-7,304TH ST E,-122.3579167,46.980216667,0,1,20,10,2,55,14,0,0,1,2,12,1,1,3,1,1,1,1,53,0,41,402,2004,0,,12,,,,,,1,1,56,1,7.0,,4,0,20,7,11,5,06/21/2021,9:11,58053030562.0,30562.0,6.0,0.0,0.0,3.0,1,0,,,,92,,,,,,98,,,,,,98508,53,72.0,205.0,6.0,1.0,0.0,0.0,0.0,0.0,,0,,,,,,0,,,8,0,0,0,0.0,9,8,,,0,,,8,8,2.0,522.0,401.0,417.0,1.0,1.0,1.0,2,1,0.0,,,,,,,,,,,,,,,,,,,,,,,,,,,,,,0,0,0,1,0,0,1,1,0,0,0,0,0,0,0,0,1,0,0,1,0,0,0,0,0,0,0,0,0,1,1,0,0,1,0,,1,0,0,0,0,0,1,1,1,0,0,0,0,0,1,0,,,,,,56-60,56-65,State route,R,Monday,Not Used,PV,White,1,0,0,0,State Route,State Patrol,Washington State Patrol,0,1,0,0,0,,,,,,0.0,0.0,0.0,,,,,,,,,,,98.0,98.0,98.0,1.0,,,,,20.0,,,,,,,,,1.0,0.0,,,,,,,98338,Olympia,Graham
3451,3529,3529,2021,232,EB49284,3.0,2021-06-21,7:01,21,6,,53,Pierce,0,1,,1,1,2,1,0,2,2,,,,12,0,1,39.1,3,0,2,4,1,1,3,0,0,3,3,SR-7,304TH ST E,-122.3579167,46.980216667,0,2,21,60,4,98,66,1,0,1,5,12,1,1,3,1,5,1,3,53,0,85,881,2015,0,,12,,,,,,1,1,64,1,0.0,,0,0,3,0,11,0,,,,,6.0,1.0,3.0,3.0,1,0,,,,0,,,,,,98,,,,,,98295,53,70.0,200.0,6.0,1.0,0.0,1.0,1.0,0.0,,0,,,,,,0,04/15/2020,11/15/2021,20,0,0,0,8.0,9,8,,,0,,,8,8,8.0,95.0,,,96.0,,,8,95,995.0,,,,,,,,,,,,,,,,,,,,,,,,,,,,,,0,0,0,1,0,0,1,1,0,0,0,0,0,0,0,0,1,0,0,1,0,0,0,0,0,0,0,0,0,1,1,0,0,0,0,,0,0,0,0,0,0,0,0,0,0,0,0,0,0,0,0,,,,,,61-65,56-65,State route,R,Monday,,MHTRUCK,Not Fatal,1,0,0,0,State Route,State Patrol,Washington State Patrol,0,1,0,0,0,,,,,,0.0,0.0,0.0,,,,,,,,,,,98.0,98.0,98.0,0.0,,,,,20.0,,,,,,,,,1.0,0.0,,,,,,,98338,Sumas,Graham
3452,3530,3530,2021,233,EB50022,1.0,2021-07-19,14:00,19,7,,21,Franklin,1660,10,,1,1,1,1,0,1,1,,,,1,0,0,0.4,5,1,1,1,2,1,1,0,0,0,0,I-182 RAMP,,-119.1806111,46.267161111,0,1,1,13,2,98,4,0,0,1,2,1,3,1,1,6,14,1,2,53,0,48,38,2004,0,,63,1.0,,,,,1,1,18,1,1.0,,4,7,20,7,11,0,07/19/2021,14:00,166053035187.0,35187.0,0.0,0.0,3.0,3.0,1,0,,,,96,,,,,,9,,,,,,99301,53,68.0,170.0,6.0,2.0,0.0,0.0,0.0,0.0,,0,,,,,,4,,,20,1,9,0,0.0,9,8,,,0,,,1,8,2.0,695.0,605.0,,1.0,1.0,,2,1,0.0,,,,,,,,,,,,,,,,,,,,,,,,,,,,,,0,0,1,0,0,0,1,1,1,0,0,0,1,0,0,0,0,0,0,1,0,1,1,0,1,0,0,0,0,1,0,0,0,1,0,,1,0,0,0,0,0,1,1,0,1,0,0,0,0,1,0,,,,,,18-20,16-25,Interstate,U,Monday,Not Used,PV,Hispanic,0,1,0,0,State Route,State Patrol,Washington State Patrol,1,1,0,0,0,thc,50.0,carboxy-thc,120.0,,0.0,0.0,0.0,,,,,,,,,,,98.0,98.0,98.0,1.0,,,,,20.0,,,,,,,,nms,1.0,0.0,,,,,,,99301,Pasco,Pasco
3453,3531,3531,2021,234,EB50231,173.0,2021-07-15,15:09,15,7,,53,Pierce,1124,1,,1,1,2,1,0,3,1,,,,33,0,0,0.0,3,0,2,4,2,4,6,0,0,0,0,84TH ST S,Pine St S,-122.4738611,47.181161111,0,1,1,13,2,35,14,0,0,1,2,1,1,1,5,5,1,3,1,53,0,49,401,1998,0,,63,33.0,38.0,1.0,,,1,1,26,1,1.0,,4,0,20,7,11,5,07/15/2021,15:54,76353037616.0,37616.0,0.0,0.0,0.0,3.0,1,0,,,,92,,,,,,98,,,,,,98499,53,67.0,160.0,6.0,1.0,0.0,0.0,0.0,3.0,,0,,,,,,0,01/15/2016,12/15/2018,20,1,9,0,0.0,9,8,,,0,,,8,8,2.0,522.0,,,1.0,,,2,1,0.0,,,,,,,,,,,,,,,,,,,,,,,,,,,,,,0,0,1,1,0,0,1,1,0,0,0,0,0,0,0,0,1,0,0,1,0,0,0,0,0,0,0,0,0,1,0,0,0,1,0,,1,0,0,0,0,0,1,1,1,0,0,0,0,0,1,0,,,,,,26-30,26-35,City street,U,Thursday,Not Used,PV,Hispanic,0,1,0,0,City Street,Municipal/City Police,Lakewood Police Department,1,0,0,1,0,,,,,,0.0,0.0,0.0,,,,,,,,,,,0.0,0.0,0.0,1.0,,,,,20.0,,,,,,,,,1.0,0.0,,,,,,,98499,Lakewood,Lakewood
3454,3532,3532,2021,236,EB50476,14.0,2021-07-11,22:08,11,7,,11,Clark,0,1,,2,1,2,1,0,2,2,,,,12,0,1,2.3,3,0,3,4,1,2,4,0,0,0,0,CR-NE 159TH ST,NE 172ND AVE,-122.4957889,45.737694444,0,1,24,51,3,35,6,0,0,1,2,12,1,1,2,1,1,1,2,53,0,20,23,2009,0,,12,,,,,,1,1,20,1,0.0,,3,0,3,0,11,5,,,,,0.0,0.0,3.0,2.0,1,0,,,,96,,,,,,9,,,,,,98604,53,69.0,130.0,1.0,1.0,2.0,1.0,0.0,2.0,,1,,,,,,3,10/15/2017,11/15/2020,1,0,0,0,8.0,9,2,,,0,,,8,1,2.0,1.0,,,1.0,,,2,1,0.15,,,,,,,,,,,,,,,,,,,,,,,,,,,,,,0,0,0,1,1,1,1,1,1,0,0,0,1,1,0,0,0,0,0,0,0,1,1,0,1,0,0,0,0,1,0,0,0,0,0,,0,0,0,0,0,1,0,1,0,1,0,1,0,1,0,1,,,,,,18-20,16-25,County road,R,Sunday,Belt Used,PV,Not Fatal,1,0,0,0,County Road,County Sheriff,Clark County Sheriff's Office,0,0,1,0,0,,,,,,0.0,1.0,6.0,,,,,,,,,,,98.0,98.0,98.0,0.0,,,,,20.0,,,,,,,,,1.0,0.0,,,NE 159TH ST,2.31,NE 172ND AVE,0.0,98606,Battle Ground,Brush Prairie
3455,3533,3533,2021,236,EB50476,14.0,2021-07-11,22:08,11,7,,11,Clark,0,1,,2,1,2,1,0,2,2,,,,12,0,1,2.3,3,0,3,4,1,2,4,0,0,20,3,CR-NE 159TH ST,NE 172ND AVE,-122.4957889,45.737694444,0,2,25,53,3,50,4,0,0,1,2,12,1,1,2,1,10,1,1,53,0,49,40,1995,0,,12,,,,,,1,1,35,1,7.0,,4,0,3,0,11,5,07/12/2021,14:01,237053035032.0,35032.0,0.0,0.0,0.0,3.0,1,0,,,,96,,,,,,98,,,,,,98606,53,70.0,135.0,6.0,1.0,0.0,0.0,0.0,0.0,,0,,,,,,0,,,20,2,9,0,0.0,9,8,,,0,,,8,8,2.0,695.0,605.0,,1.0,1.0,,2,1,0.0,,,,,,,,,,,,,,,,,,,,,,,,,,,,,,0,0,0,1,1,1,1,1,1,0,0,0,1,1,0,0,0,0,0,0,0,1,1,0,1,0,0,0,0,1,0,0,0,0,0,,1,0,0,0,0,0,1,1,0,0,0,0,0,0,1,0,,,,,,31-35,26-35,County road,R,Sunday,Belt Used,PV,White,1,0,0,0,County Road,County Sheriff,Clark County Sheriff's Office,0,0,1,0,0,thc,1.6,carboxy-thc,12.0,,0.0,0.0,0.0,,,,,,,,,,,0.0,0.0,0.0,1.0,,,,,20.0,,,,,,,,nms,1.0,0.0,,,NE 159TH ST,2.31,NE 172ND AVE,0.0,98606,Brush Prairie,Brush Prairie
3456,3534,3534,2021,238,EB50828,36.0,2021-07-17,7:36,17,7,,55,San Juan,0,1,,2,1,2,1,0,1,1,,,,35,0,0,,1,0,1,5,1,2,4,0,0,0,0,CR-TERRILL BEACH RD,,-122.8847111,48.702797222,0,1,1,13,2,35,4,0,0,1,2,3,3,8,2,1,14,1,1,53,0,59,32,1991,0,,63,35.0,67.0,1.0,3.0,,1,1,21,2,7.0,,4,7,20,7,11,0,07/17/2021,7:36,53035261.0,35261.0,0.0,0.0,0.0,3.0,1,0,,,,96,,,,,,98,,,,,,98245,53,71.0,165.0,6.0,1.0,0.0,0.0,0.0,0.0,,0,,,,,,3,,,1,9,0,0,0.0,9,8,,,0,,,8,8,2.0,695.0,605.0,,1.0,1.0,,2,1,0.223,,,,,,,,,,,,,,,,,,,,,,,,,,,,,,0,0,1,0,1,1,1,1,1,0,0,0,1,0,0,0,0,0,0,1,0,0,0,1,1,0,0,0,0,1,0,0,0,1,0,,1,0,0,0,0,1,1,1,0,1,0,0,0,0,0,1,,,,,,21-25,16-25,County road,R,Saturday,Not Used,PV,White,0,1,0,0,County Road,County Sheriff,San Juan County Sheriff's Office,1,0,1,0,0,thc,4.8,carboxy-thc,9.7,,0.0,0.0,0.0,,,,,,,,,,,0.0,0.0,0.0,1.0,,,,,20.0,,,,,,,,nms,1.0,0.0,,,TERRILL BEACH RD,0.48,MT BAKER RD,0.0,98245,Eastsound,Eastsound
3457,3535,3535,2021,239,EB50859,146.0,2021-07-13,20:08,13,7,,77,Yakima,0,1,,1,1,2,1,0,3,2,,,,12,0,2,0.9,1,0,1,6,1,2,4,0,0,0,0,CR-BUENA RD,,-120.3124694,46.4283,0,1,50,10,2,35,4,0,0,1,2,12,1,1,2,1,1,2,2,53,0,20,37,2004,0,,68,12.0,,,,,1,1,40,1,0.0,,0,0,3,0,11,0,,,,,0.0,0.0,0.0,3.0,1,28,,,,92,,,,,,9,,,,,,98948,53,64.0,180.0,6.0,1.0,0.0,1.0,0.0,2.0,,97,,,,,,0,02/15/2019,04/15/2020,1,0,0,0,8.0,9,8,,,0,,,8,1,2.0,402.0,996.0,,1.0,1.0,,2,1,0.179,,,,,,,,,,,,,,,,,,,,,,,,,,,,,,0,0,0,0,1,1,1,1,0,0,0,0,0,0,0,0,1,0,0,0,0,0,0,0,0,0,0,0,0,1,0,0,0,0,0,,0,0,0,0,0,1,1,1,1,0,0,0,0,0,0,1,,,,,,36-40,36-45,County road,R,Tuesday,Belt Used,PV,Not Fatal,0,1,1,0,County Road,County Sheriff,Yakima County Sheriff's Office,0,0,1,0,0,,,,,,0.0,0.0,0.0,,,,,,,,,,,98.0,98.0,98.0,0.0,,,,,20.0,,,,,,,,,1.0,0.0,,,BUENA RD.,0.94,,,98921,Toppenish,Buena
3458,3536,3536,2021,239,EB50859,146.0,2021-07-13,20:08,13,7,,77,Yakima,0,1,,1,1,2,1,0,3,2,,,,12,0,2,0.9,1,0,1,6,1,2,4,0,0,0,0,CR-BUENA RD,,-120.3124694,46.4283,0,2,51,62,4,35,92,0,0,1,5,12,1,1,2,1,1,1,0,53,0,98,998,1995,0,,12,,,,,,1,1,63,1,0.0,,0,0,20,7,11,0,,,,,0.0,0.0,0.0,3.0,1,0,,,,96,,,,,,98,,,,,,98921,53,64.0,154.0,6.0,1.0,0.0,0.0,0.0,0.0,,0,,,,,,0,,,20,0,0,0,8.0,9,8,,,0,,,8,8,0.0,0.0,,,0.0,,,0,0,996.0,,,,,,,,,,,,,,,,,,,,,,,,,,,,,,0,0,0,0,1,1,1,1,0,0,0,0,0,0,0,0,1,0,0,0,0,0,0,0,0,0,0,0,0,1,0,0,0,0,0,,0,0,0,0,0,0,0,0,0,0,0,0,0,0,0,0,,,,,,61-65,56-65,County road,R,Tuesday,,OTHVT,Not Fatal,0,1,1,0,County Road,County Sheriff,Yakima County Sheriff's Office,0,0,1,0,0,,,,,,0.0,0.0,0.0,,,,,,,,,,,0.0,0.0,0.0,0.0,,,,,20.0,,,,,,,,,1.0,0.0,,,BUENA RD.,0.94,,,98921,Buena,Buena
3459,3537,3537,2021,240,EB51169,3.0,2021-07-08,14:25,8,7,,53,Pierce,0,1,,1,1,2,1,0,3,1,,,,42,0,0,9.4,1,0,1,4,1,1,3,0,0,0,0,SR-123,,-121.5554194,46.808747222,0,1,15,98,7,35,14,0,0,1,2,42,1,2,2,1,1,3,1,53,0,55,404,2020,0,,42,63.0,34.0,,,,1,1,77,2,0.0,,2,0,3,0,11,0,,,,,0.0,0.0,3.0,3.0,1,0,,,,96,,,,,,98,,,,,,98146,53,64.0,135.0,6.0,1.0,0.0,0.0,0.0,0.0,,0,,,,,,0,,,1,0,0,0,8.0,9,8,,,0,,,8,8,0.0,0.0,,,0.0,,,0,0,996.0,,,,,,,,,,,,,,,,,,,,,,,,,,,,,,0,0,0,0,0,0,0,0,0,0,0,0,0,0,0,0,0,0,0,0,0,0,0,0,0,1,1,1,0,1,0,0,0,0,0,,0,0,0,0,0,0,0,0,0,0,0,0,0,0,0,0,,,,,,76-80,76+,State route,R,Thursday,Belt Used,PV,Not Fatal,0,0,0,0,State Route,State Patrol,Washington State Patrol,0,1,0,0,0,,,,,,0.0,0.0,0.0,,,,,,,,,,,98.0,98.0,98.0,0.0,,,,,20.0,,,,,,,,,1.0,0.0,,,,,,,98398,Seattle,Paradise Inn