,index,Unnamed: 0,year,case,par,repjur,crash_dt,crash_tm,accday,accmon,holiday,county,co_char,city,weather,weather2,lightcond,surfcond,surftype,numfatal,nmforms,pforms,vforms,not_tm,arr_tm,hosp_tm,fhevent,hitrun,manncol,milepnt,reljunc,reljuncinter,intersectiontype,funcsystem,landuse,ownership,route,schlbus,spejur,contdev,devfunc,trafid1,trafid2,lon,lat,wk_zone,vnumber,crashtype,criticalevent,criticaleventcat,spdlim,body,trailer,emerg,hazcargo,leave,mhevent,roadalgn,roadprof,traflane,trafflow,vehmanvr,numoccs,regowner,regstate,spuse,make,model,modelyr,vrf1,vrf2,seqevent1,seqevent2,seqevent3,seqevent4,seqevent5,seqevent6,pnumber,ptype,age,sex,hispanic,race,injury,diedscene,restraint,restraintmisuse,seatpos,takehosp,death_dt,death_tm,cert,cernum_wa,commlic,licendor,licrestrict,liccomp,drivpres,drf1,drf2,drf3,drf4,distract1,distract2,distract3,distract4,distract5,distract6,dricond1,dricond2,dricond3,dricond4,dricond5,dricond6,dzip,licstate,drhgt_in,weight,noncdl,noncdltype,prevdwi,prevoth,prevacc,prevspd,prevsus,driviol1,driviol2,driviol3,driviol4,driviol5,driviol6,spdrel,first_dt,last_dt,airbag,ejection,ejectpath,extricat,injurwrk,methalc,methdrug,nmlocat,strikveh,prf1,prf2,prf3,druginv,alcinvol,drugsts,drugres1,drugres2,drugres3,drugtst1,drugtst2,drugtst3,alcsts,alctst,alcres,nmact1,nmact2,nmact3,nmact4,nmact5,nmact6,nmprior1,nmprior2,nmprior3,nmprior4,nmprior5,nmprior6,nmcond1,nmcond2,nmcond3,nmcond4,nmcond5,nmcond6,nmsafe_helmet,nmsafe_pads,nmsafe_oth,nmprev_ref,nmprev_lgt,nmprev_oth,crashlocation,nmcrashtype,crosswalk,schoolzone,sidewalk,train_inv,wildlife_inv,rotr_fars,intersect_fars,dd_inv,aid_inv,dpd_inv,id_inv,mj_inv,impnm_inv,ainm_inv,dpnm_inv,speed_inv,unlic_inv,unendmc_inv,drowsy_inv,drdist_inv,nmdist_inv,fty_inv,unrestfat_inv,dr1617_inv,dr1820_inv,dr1620_inv,dr2125_inv,dr1625_inv,dr65_inv,dr70_inv,dr75_inv,mc_inv,pv_inv,ht_inv,ped_inv,bike_inv,unrest_fat,mc_fat,unhelmet_mc,pv_fat,ht_fat,ped_fat,bike_fat,dr_alc7,dr_alc8,dr_drug,dr_imp,dr_dist,dr_spd,dr_fty,dr_unlic,dr_alc7only,dr_alc8only,dr_drugonly,dr_drink,nm_imp,nm_alc7,nm_alc8,nm_drug,nm_dist,agegrp1,agegrp2,roadclass,urbrur,dayweek,restuse,vehtype,race_me,intersect,lanedep,oppdir,wrongway,rep_typ,investag,repag_long,rotr,st_rd,cty_rd,city_rd,oth_rd,drug_thc,thc_res,drug_cthc,cthc_res,drug_cann,prevpersemin,prevperse,prevsusoth,drugtst4,drugtst5,drugtst6,drugtst7,drugtst8,drugres4,drugres5,drugres6,drugres7,drugres8,adspresent,adsengaged,adslevel,race1,race2,race3,race4,race5,helmet,helmetmisuse,nmdistract1,nmdistract2,nmdistract3,nmdistract4,nmdistract5,nmdistract6,lab,isedtcase,crf1,crf2,crf3,CoRoadName,CoMP,IntCoRoadName,IntCoMP,crashzip,dcity,crashcity
3460,3538,3538,2021,241,EB50837,5.0,2021-07-21,22:57,21,7,,41,Lewis,0,1,,2,1,2,1,0,1,1,,,,52,0,0,81.3,1,0,1,1,2,1,1,0,0,0,0,I-5,,-122.9735194,46.705761111,0,1,7,10,2,60,4,0,0,1,2,52,1,1,2,3,1,1,1,53,0,49,43,2002,0,,64,69.0,63.0,52.0,,,1,1,34,1,7.0,,4,0,20,7,11,5,07/21/2021,23:57,30053037253.0,37253.0,0.0,0.0,0.0,0.0,1,58,,,,96,,,,,,98,,,,,,98596,53,71.0,175.0,0.0,0.0,0.0,0.0,0.0,2.0,,0,,,,,,0,03/15/2017,08/15/2021,20,0,0,0,0.0,9,8,,,0,,,8,8,2.0,996.0,401.0,417.0,1.0,1.0,1.0,2,1,0.0,,,,,,,,,,,,,,,,,,,,,,,,,,,,,,0,0,0,0,0,0,1,1,0,0,0,0,0,1,0,0,0,0,0,1,0,0,0,0,0,0,0,0,0,1,0,0,0,1,0,,1,0,0,0,0,0,1,1,0,0,0,1,0,0,1,0,,,,,,31-35,26-35,Interstate,U,Wednesday,Not Used,PV,White,0,1,0,0,State Route,State Patrol,Washington State Patrol,1,1,0,0,0,,,,,,0.0,0.0,3.0,,,,,,,,,,,98.0,98.0,98.0,1.0,,,,,20.0,,,,,,,,,1.0,0.0,,,,,,,98531,Winlock,Centralia
3461,3539,3539,2021,242,EB51229,8.0,2021-07-19,13:01,19,7,,31,Jefferson,0,1,,1,1,2,1,2,1,1,,,,32,0,0,153.1,1,0,1,3,1,1,2,0,3,0,0,US-101,,-124.3567722,47.555244444,0,1,1,8,1,60,14,0,0,1,2,8,1,1,2,1,1,1,1,53,0,49,402,2003,0,,63,32.0,8.0,8.0,,,1,1,67,2,0.0,,2,0,3,0,11,0,,,,,6.0,0.0,0.0,3.0,1,0,,,,0,,,,,,1,,,,,,98258,53,69.0,270.0,6.0,1.0,0.0,0.0,0.0,0.0,,0,,,,,,0,,,1,0,0,0,8.0,9,2,,,0,,,8,8,2.0,996.0,996.0,189.0,1.0,1.0,1.0,2,1,0.0,,,,,,,,,,,,,,,,,,,,,,,,,,,,,,0,0,1,0,0,0,1,1,0,0,0,0,0,0,0,0,0,0,0,0,0,0,0,0,0,1,0,0,0,1,0,1,0,0,0,,0,0,0,0,0,0,1,1,0,0,0,0,0,0,1,0,,,,,,66-70,66-75,US highway,R,Monday,Belt Used,PV,Not Fatal,0,1,0,0,State Route,State Patrol,Washington State Patrol,1,1,0,0,0,,,,,,0.0,0.0,0.0,,,,,,,,,,,98.0,98.0,98.0,0.0,,,,,20.0,,,,,,,,,1.0,15.0,,,,,,,98331,Lake Stevens,Forks
3462,3540,3540,2021,243,EB51414,26.0,2021-07-22,15:20,22,7,,35,Kitsap,0,1,,1,1,2,1,0,3,2,,,,1,0,0,0.7,8,0,1,4,2,2,4,0,0,0,0,CR-BETHEL BURLEY RD SE,,-122.6277778,47.413044444,0,1,98,15,2,45,14,0,0,1,5,12,3,1,2,1,11,2,1,53,0,2,403,2014,0,,12,,,,,,1,1,72,2,0.0,,0,0,3,0,11,0,,,,,0.0,0.0,0.0,3.0,1,38,,,,96,,,,,,98,,,,,,98366,53,61.0,152.0,6.0,1.0,0.0,0.0,0.0,0.0,,97,,,,,,0,,,20,0,0,0,8.0,9,8,,,0,,,8,8,2.0,1.0,,,1.0,,,2,1,0.0,,,,,,,,,,,,,,,,,,,,,,,,,,,,,,0,0,0,0,0,0,0,0,0,0,0,0,0,0,0,0,0,0,1,0,0,0,0,0,0,1,1,0,1,1,0,0,0,0,0,,0,0,0,0,0,0,0,0,0,0,1,0,0,0,0,0,,,,,,71-75,66-75,County road,U,Thursday,Belt Used,PV,Not Fatal,1,0,0,0,County Road,County Sheriff,Kitsap County Sheriff's Office,0,0,1,0,0,,,,,,0.0,0.0,0.0,,,,,,,,,,,98.0,98.0,98.0,0.0,,,,,20.0,,,,,,,,,1.0,0.0,,,BETHEL BURLEY RD SE,0.67,OLYMPIC DR SE,0.0,98367,Port Orchard,Port Orchard
3463,3541,3541,2021,243,EB51414,26.0,2021-07-22,15:20,22,7,,35,Kitsap,0,1,,1,1,2,1,0,3,2,,,,1,0,0,0.7,8,0,1,4,2,2,4,0,0,0,0,CR-BETHEL BURLEY RD SE,,-122.6277778,47.413044444,0,2,98,8,1,45,80,0,0,1,2,12,2,1,2,1,14,1,1,53,0,72,706,2003,0,,1,12.0,,,,,1,1,52,1,7.0,,4,0,20,7,11,4,07/22/2021,16:26,223053036601.0,36601.0,0.0,0.0,0.0,3.0,1,0,,,,96,,,,,,98,,,,,,98332,53,71.0,290.0,6.0,1.0,0.0,0.0,0.0,0.0,,0,,,,,,0,,,20,8,0,0,0.0,9,8,,,0,,,8,8,8.0,95.0,,,96.0,,,8,95,995.0,,,,,,,,,,,,,,,,,,,,,,,,,,,,,,0,0,0,0,0,0,0,0,0,0,0,0,0,0,0,0,0,0,1,0,0,0,0,0,0,1,1,0,1,1,0,0,0,0,1,0.0,0,0,0,0,0,0,0,0,0,0,0,0,0,0,0,0,,,,,,51-55,46-55,County road,U,Thursday,,MC,White,1,0,0,0,County Road,County Sheriff,Kitsap County Sheriff's Office,0,0,1,0,0,,,,,,0.0,0.0,0.0,,,,,,,,,,,0.0,0.0,0.0,1.0,,,,,19.0,,,,,,,,,1.0,0.0,,,BETHEL BURLEY RD SE,0.67,OLYMPIC DR SE,0.0,98367,Gig Harbor,Port Orchard
3464,3542,3542,2021,244,EB51688,3.0,2021-07-25,16:57,25,7,,67,Thurston,0,1,,1,1,2,1,0,2,2,,,,12,0,6,40.6,2,0,2,3,1,1,2,0,0,20,3,US-12,FORSTROM ST SW,-123.1181194,46.824055556,0,1,87,17,2,35,1,0,0,1,2,12,1,1,2,1,1,1,1,53,0,20,4,2008,0,,12,,,,,,1,1,65,1,0.0,,2,0,3,0,11,0,,,,,0.0,0.0,0.0,3.0,1,38,,,,96,,,,,,98,,,,,,98532,53,70.0,250.0,6.0,1.0,0.0,1.0,1.0,0.0,,97,,,,,,0,04/15/2017,04/15/2017,20,0,0,0,8.0,9,2,,,0,,,8,8,0.0,0.0,,,0.0,,,0,0,996.0,,,,,,,,,,,,,,,,,,,,,,,,,,,,,,0,0,0,1,0,0,0,0,0,0,0,0,0,0,0,0,0,0,1,0,0,0,0,0,0,1,0,0,1,1,0,0,0,0,0,,0,0,0,0,0,0,0,0,0,0,1,0,0,0,0,0,,,,,,61-65,56-65,US highway,R,Sunday,Belt Used,PV,Not Fatal,1,0,0,0,State Route,State Patrol,Washington State Patrol,0,1,0,0,0,,,,,,0.0,0.0,0.0,,,,,,,,,,,98.0,98.0,98.0,0.0,,,,,20.0,,,,,,,,,1.0,0.0,,,,,,,98579,Chehalis,Rochester
3465,3543,3543,2021,244,EB51688,3.0,2021-07-25,16:57,25,7,,67,Thurston,0,1,,1,1,2,1,0,2,2,,,,12,0,6,40.6,2,0,2,3,1,1,2,0,0,0,0,US-12,FORSTROM ST SW,-123.1181194,46.824055556,0,2,86,66,4,55,80,0,0,1,2,12,1,1,2,1,1,1,1,53,0,73,705,2007,0,,12,,,,,,1,1,62,1,7.0,,4,7,20,7,11,0,07/25/2021,17:20,53035962.0,35962.0,6.0,0.0,0.0,3.0,1,0,,,,96,,,,,,98,,,,,,98531,53,72.0,220.0,6.0,1.0,0.0,0.0,0.0,0.0,,0,,,,,,0,,,20,8,0,0,0.0,9,8,,,0,,,8,8,2.0,1.0,,,1.0,,,2,1,0.0,,,,,,,,,,,,,,,,,,,,,,,,,,,,,,0,0,0,1,0,0,0,0,0,0,0,0,0,0,0,0,0,0,1,0,0,0,0,0,0,1,0,0,1,1,0,0,0,0,1,0.0,0,0,0,0,0,0,0,0,0,0,0,0,0,0,0,0,,,,,,61-65,56-65,US highway,R,Sunday,,MC,White,1,0,0,0,State Route,State Patrol,Washington State Patrol,0,1,0,0,0,,,,,,0.0,0.0,0.0,,,,,,,,,,,0.0,0.0,0.0,1.0,,,,,5.0,,,,,,,,,1.0,0.0,,,,,,,98579,Centralia,Rochester
3466,3544,3544,2021,245,EB51784,1.0,2021-07-23,11:29,23,7,,77,Yakima,0,1,,1,1,2,1,0,3,2,,,,12,0,6,2.5,8,0,1,5,1,1,3,0,0,0,0,SR-821,,-120.4671694,46.709469444,0,1,98,98,7,45,80,0,0,1,5,12,1,1,2,1,6,1,1,53,0,72,706,2009,0,,12,,,,,,1,1,56,1,7.0,,4,7,20,7,11,0,07/23/2021,11:29,53036239.0,36239.0,0.0,0.0,0.0,3.0,1,38,,,,96,,,,,,98,,,,,,98277,53,71.0,260.0,6.0,1.0,0.0,0.0,0.0,0.0,,0,,,,,,0,,,20,8,0,0,0.0,9,8,,,0,,,8,8,2.0,1.0,,,1.0,,,2,1,0.0,,,,,,,,,,,,,,,,,,,,,,,,,,,,,,0,0,0,0,0,0,0,0,0,0,0,0,0,0,0,0,0,0,1,0,0,1,1,0,1,0,0,0,1,1,0,0,0,0,1,0.0,0,0,0,0,0,0,0,0,0,0,1,0,0,0,0,0,,,,,,56-60,56-65,State route,R,Friday,,MC,White,0,0,0,0,State Route,State Patrol,Washington State Patrol,0,1,0,0,0,,,,,,0.0,0.0,0.0,,,,,,,,,,,0.0,0.0,0.0,1.0,,,,,5.0,,,,,,,,,1.0,0.0,,,,,,,98901,Oak Harbor,Yakima
3467,3545,3545,2021,245,EB51784,1.0,2021-07-23,11:29,23,7,,77,Yakima,0,1,,1,1,2,1,0,3,2,,,,12,0,6,2.5,8,0,1,5,1,1,3,0,0,0,0,SR-821,,-120.4671694,46.709469444,0,2,98,98,7,45,34,1,0,1,5,12,1,1,2,1,11,2,3,53,0,12,481,2017,0,,12,,,,,,1,1,19,1,0.0,,0,0,3,0,11,0,,,,,0.0,0.0,0.0,3.0,1,0,,,,96,,,,,,98,,,,,,98903,53,74.0,175.0,6.0,1.0,0.0,0.0,0.0,0.0,,0,,,,,,0,,,20,0,0,0,8.0,9,2,,,0,,,8,8,0.0,0.0,,,0.0,,,0,0,996.0,,,,,,,,,,,,,,,,,,,,,,,,,,,,,,0,0,0,0,0,0,0,0,0,0,0,0,0,0,0,0,0,0,1,0,0,1,1,0,1,0,0,0,1,1,0,0,0,0,0,,0,0,0,0,0,0,0,0,0,0,0,0,0,0,0,0,,,,,,18-20,16-25,State route,R,Friday,Belt Used,PV,Not Fatal,0,0,0,0,State Route,State Patrol,Washington State Patrol,0,1,0,0,0,,,,,,0.0,0.0,0.0,,,,,,,,,,,98.0,98.0,98.0,0.0,,,,,20.0,,,,,,,,,1.0,0.0,,,,,,,98901,Yakima,Yakima
3468,3546,3546,2021,246,EB52007,3.0,2021-07-18,18:07,18,7,,53,Pierce,2230,1,,1,1,1,2,0,2,1,,,,25,0,0,0.2,5,1,1,1,2,1,1,0,0,0,0,I-705 RAMP,,-122.4322139,47.23595,0,1,6,12,2,98,80,0,0,1,2,25,2,1,2,6,14,2,1,53,0,72,706,2007,0,,64,25.0,,,,,1,1,56,1,7.0,,4,7,20,7,11,0,07/18/2021,18:07,223053034882.0,34882.0,0.0,0.0,3.0,2.0,1,0,,,,96,,,,,,9,,,,,,98391,53,68.0,160.0,1.0,1.0,0.0,1.0,1.0,1.0,,0,,,,,,0,02/15/2018,10/15/2020,20,8,0,0,0.0,9,8,,,0,,,8,1,2.0,996.0,401.0,417.0,1.0,1.0,1.0,2,1,0.176,,,,,,,,,,,,,,,,,,,,,,,,,,,,,,0,0,1,0,1,1,1,1,0,0,0,0,0,1,1,0,0,0,0,0,0,0,0,0,0,0,0,0,1,0,0,0,0,0,1,0.0,0,0,0,0,0,1,1,1,0,0,0,1,0,0,0,1,,,,,,56-60,56-65,Interstate,U,Sunday,,MC,White,0,1,0,0,State Route,State Patrol,Washington State Patrol,1,1,0,0,0,,,,,,0.0,1.0,1.0,,,,,,,,,,,0.0,0.0,0.0,1.0,,,,,5.0,,,,,,,,,1.0,0.0,,,,,,,98402,Bonney Lake,Tacoma
3469,3547,3547,2021,247,EB52010,35.0,2021-07-21,16:40,21,7,,53,Pierce,0,1,,1,1,2,1,0,3,2,,,,12,0,6,5.5,2,0,2,3,2,2,4,0,0,3,3,CR-STEELE ST S,SALES RD S,-122.4672167,47.162594444,0,1,86,17,2,35,4,0,0,1,2,12,1,1,5,5,1,2,2,53,0,54,31,1990,0,,12,,,,,,1,1,20,1,0.0,,0,0,3,0,11,0,,,,,0.0,0.0,0.0,0.0,1,38,39.0,,,96,,,,,,98,,,,,,98444,53,71.0,135.0,0.0,0.0,1.0,5.0,0.0,0.0,,2,,,,,,0,04/15/2019,06/15/2021,20,0,0,0,8.0,9,8,,,0,,,8,8,8.0,95.0,,,96.0,,,8,95,995.0,,,,,,,,,,,,,,,,,,,,,,,,,,,,,,0,0,0,1,0,0,0,0,0,0,0,0,0,1,0,0,0,0,1,0,0,1,1,0,1,0,0,0,0,1,0,0,0,0,0,,0,0,0,0,0,0,0,0,0,0,1,1,0,0,0,0,,,,,,18-20,16-25,County road,U,Wednesday,Belt Used,PV,Not Fatal,1,0,0,0,County Road,County Sheriff,Law Enforcement Support Agency,0,0,1,0,0,,,,,,0.0,0.0,0.0,,,,,,,,,,,0.0,0.0,0.0,0.0,,,,,20.0,,,,,,,,,1.0,0.0,,,STEELE ST S,5.51,SALES RD S,1.14,98499,Tacoma,Lakewood
3470,3548,3548,2021,247,EB52010,35.0,2021-07-21,16:40,21,7,,53,Pierce,0,1,,1,1,2,1,0,3,2,,,,12,0,6,5.5,2,0,2,3,2,2,4,0,0,3,3,CR-STEELE ST S,SALES RD S,-122.4672167,47.162594444,0,2,87,66,4,35,34,0,0,1,2,12,1,1,3,5,1,1,1,53,0,7,482,2014,0,,12,,,,,,1,1,60,1,0.0,,0,0,3,0,11,0,,,,,6.0,0.0,0.0,3.0,1,0,,,,96,,,,,,98,,,,,,98444,53,73.0,185.0,6.0,1.0,0.0,3.0,0.0,1.0,,0,,,,,,0,06/15/2019,03/15/2021,20,0,0,0,8.0,9,8,,,0,,,8,8,8.0,95.0,,,96.0,,,8,95,995.0,,,,,,,,,,,,,,,,,,,,,,,,,,,,,,0,0,0,1,0,0,0,0,0,0,0,0,0,1,0,0,0,0,1,0,0,1,1,0,1,0,0,0,0,1,0,0,0,0,0,,0,0,0,0,0,0,0,0,0,0,0,0,0,0,0,0,,,,,,56-60,56-65,County road,U,Wednesday,Belt Used,PV,Not Fatal,1,0,0,0,County Road,County Sheriff,Law Enforcement Support Agency,0,0,1,0,0,,,,,,0.0,0.0,0.0,,,,,,,,,,,98.0,98.0,98.0,0.0,,,,,20.0,,,,,,,,,1.0,0.0,,,STEELE ST S,5.51,SALES RD S,1.14,98499,Tacoma,Lakewood
3471,3549,3549,2021,248,EB52131,6.0,2021-07-15,6:22,15,7,,25,Grant,0,1,,4,1,2,1,0,2,2,,,,12,0,6,18.2,2,0,2,2,1,1,3,0,0,20,3,SR-26,RD F SW,-119.6184694,46.893922222,0,1,89,17,2,50,15,0,0,1,2,12,1,1,2,1,1,1,2,53,0,12,422,1998,0,,12,,,,,,1,1,27,1,7.0,,4,7,20,7,11,0,07/15/2021,6:22,53034343.0,34343.0,0.0,0.0,0.0,0.0,1,38,,,,96,,,,,,98,,,,,,99301,53,65.0,106.0,0.0,0.0,0.0,3.0,0.0,0.0,,0,,,,,,0,07/15/2017,07/15/2017,8,0,0,0,0.0,9,8,,,0,,,8,8,2.0,1.0,,,1.0,,,2,1,0.0,,,,,,,,,,,,,,,,,,,,,,,,,,,,,,0,0,0,1,0,0,0,0,0,0,0,0,0,1,0,0,0,0,1,1,0,0,0,0,0,0,0,0,0,1,1,0,0,1,0,,1,0,0,0,0,0,0,0,0,0,1,1,0,0,0,0,,,,,,26-30,26-35,State route,R,Thursday,Not Used,PV,White,1,0,0,0,State Route,State Patrol,Washington State Patrol,0,1,0,0,0,,,,,,0.0,0.0,0.0,,,,,,,,,,,0.0,0.0,0.0,1.0,,,,,20.0,,,,,,,,,1.0,0.0,,,,,,,99357,Pasco,Royal City
3472,3550,3550,2021,248,EB52131,6.0,2021-07-15,6:22,15,7,,25,Grant,0,1,,4,1,2,1,0,2,2,,,,12,0,6,18.2,2,0,2,2,1,1,3,0,0,0,0,SR-26,RD F SW,-119.6184694,46.893922222,0,2,88,66,4,60,66,2,0,1,2,12,1,1,3,1,1,1,3,53,0,82,881,1999,0,,12,,,,,,1,1,33,1,0.0,,0,0,3,0,11,0,,,,,0.0,2.0,0.0,2.0,1,0,,,,96,,,,,,98,,,,,,99326,53,63.0,180.0,6.0,1.0,1.0,0.0,0.0,0.0,,0,,,,,,0,09/15/2020,09/15/2020,20,0,0,0,8.0,9,8,,,0,,,8,8,8.0,95.0,,,96.0,,,8,95,995.0,,,,,,,,,,,,,,,,,,,,,,,,,,,,,,0,0,0,1,0,0,0,0,0,0,0,0,0,1,0,0,0,0,1,1,0,0,0,0,0,0,0,0,0,1,1,0,0,0,0,,0,0,0,0,0,0,0,0,0,0,0,0,0,0,0,0,,,,,,31-35,26-35,State route,R,Thursday,,MHTRUCK,Not Fatal,1,0,0,0,State Route,State Patrol,Washington State Patrol,0,1,0,0,0,,,,,,0.0,0.0,0.0,,,,,,,,,,,0.0,0.0,0.0,0.0,,,,,20.0,,,,,,,,,1.0,0.0,,,,,,,99357,Connell,Royal City
3473,3551,3551,2021,249,EB52140,25.0,2021-07-18,6:20,18,7,,33,King,0,1,,1,1,2,1,1,1,1,,,,8,1,0,0.8,1,0,1,5,2,2,4,0,0,0,0,CR-SE 216TH WAY,,-122.0228667,47.408333333,0,1,13,11,2,35,4,0,0,1,5,8,1,2,2,1,1,99,2,53,0,49,40,2004,0,,63,8.0,,,,,1,1,15,2,0.0,,9,0,99,7,11,0,,,,,0.0,0.0,0.0,0.0,1,0,,,,96,,,,,,98,,,,,,98188,53,,999.0,0.0,0.0,0.0,0.0,0.0,0.0,,97,,,,,,0,,,99,9,0,0,8.0,9,8,,,0,,,8,8,0.0,0.0,,,0.0,,,0,0,996.0,,,,,,,,,,,,,,,,,,,,,,,,,,,,,,0,0,0,0,0,0,0,0,0,1,0,1,0,1,0,0,0,0,0,0,0,0,0,0,0,0,0,0,0,1,0,1,0,0,0,,0,0,0,0,0,0,0,0,0,0,0,1,0,0,0,0,,,,,,10-15,0-15,County road,U,Sunday,Unknown,PV,Not Fatal,0,0,0,0,County Road,County Sheriff,King County Police,0,0,1,0,0,,,,,,0.0,0.0,0.0,,,,,,,,,,,98.0,98.0,98.0,0.0,,,,,20.0,,,,,,,,,1.0,0.0,,,SE 216 WAY,0.815,,,98038,Seattle,Maple Valley
3474,3552,3552,2021,250,EB52141,25.0,2021-07-17,19:34,17,7,,33,King,0,1,,1,1,2,2,0,3,1,,,,38,0,0,5.8,1,0,1,5,1,2,4,0,0,0,0,CR-LANDSBURD RD SE,,-121.9731056,47.383786111,0,1,2,8,1,40,15,0,0,1,2,1,1,1,2,1,6,3,1,53,0,7,422,2005,0,,63,38.0,1.0,,,,1,1,22,2,7.0,,4,7,20,7,11,0,07/17/2021,19:34,53035158.0,35158.0,0.0,0.0,0.0,0.0,1,33,58.0,,,3,,,,,,8,,,,,,98092,53,62.0,200.0,3.0,7.0,1.0,4.0,1.0,4.0,,0,,,,,,4,11/15/2016,10/15/2019,8,1,9,0,0.0,9,8,,,0,,,8,8,2.0,695.0,605.0,,1.0,1.0,,2,1,0.205,,,,,,,,,,,,,,,,,,,,,,,,,,,,,,0,0,0,0,1,1,1,1,1,0,0,0,1,1,0,0,1,0,0,1,0,0,0,1,1,0,0,0,0,1,0,0,0,1,0,,1,0,0,0,0,1,1,1,1,1,0,1,0,0,0,1,,,,,,21-25,16-25,County road,R,Saturday,Not Used,PV,AIAN,0,1,0,0,County Road,County Sheriff,King County Police,1,0,1,0,0,thc,7.6,carboxy-thc,41.0,,0.0,1.0,2.0,,,,,,,,,,,98.0,98.0,98.0,3.0,,,,,20.0,,,,,,,,nms,1.0,0.0,,,LANDSBURG RD,5.793,,,98038,Auburn,Maple Valley
3475,3553,3553,2021,251,EB52144,1.0,2021-07-26,0:05,26,7,,5,Benton,0,1,,2,1,2,1,0,1,1,,,,1,0,0,163.9,1,0,1,4,1,1,3,0,0,0,0,SR-14,,-119.6607889,45.914208333,0,1,98,13,2,65,66,1,0,1,2,1,1,1,2,1,1,1,1,6,0,82,881,2018,0,,63,69.0,1.0,,,,1,1,36,1,7.0,,4,7,20,7,11,0,07/26/2021,0:05,53036155.0,36155.0,6.0,1.0,0.0,3.0,1,0,,,,96,,,,,,98,,,,,,95991,6,68.0,210.0,6.0,1.0,0.0,1.0,0.0,1.0,,0,,,,,,4,12/15/2019,09/15/2019,20,1,2,0,1.0,9,8,,,0,,,8,8,2.0,401.0,417.0,,1.0,1.0,,2,1,0.111,,,,,,,,,,,,,,,,,,,,,,,,,,,,,,0,0,0,0,1,1,1,1,0,0,0,0,1,0,0,0,0,0,0,0,0,0,0,0,0,0,0,0,0,0,1,0,0,0,0,,0,1,0,0,0,1,1,1,0,1,0,0,0,0,0,1,,,,,,36-40,36-45,State route,R,Monday,,MHTRUCK,API,0,0,0,0,State Route,State Patrol,Washington State Patrol,0,1,0,0,0,,,,,,0.0,0.0,0.0,,,,,,,,,,,98.0,98.0,98.0,18.0,,,,,20.0,,,,,,,,,1.0,0.0,,,,,,,99350,Yuba City,Prosser
3476,3554,3554,2021,252,EB52161,262.0,2021-06-23,22:10,23,6,,33,King,1958,1,,3,1,2,3,0,3,2,,,,12,0,2,,2,0,3,4,2,4,6,0,0,0,0,MILITARY RD S,S 209th St,-122.2881778,47.414552778,0,1,50,10,2,35,15,0,0,1,2,12,1,2,2,1,1,1,2,53,0,23,421,1995,0,,68,12.0,,,,,1,1,42,1,7.0,,4,7,20,7,11,0,06/23/2021,22:10,195853031023.0,31023.0,0.0,0.0,3.0,2.0,1,28,,,,96,,,,,,98,,,,,,98032,53,71.0,222.0,1.0,1.0,0.0,1.0,2.0,0.0,,0,,,,,,0,08/15/2017,10/15/2020,1,0,0,0,0.0,9,8,,,0,,,8,8,2.0,702.0,605.0,401.0,1.0,1.0,1.0,2,1,0.0,,,,,,,,,,,,,,,,,,,,,,,,,,,,,,0,0,0,1,0,0,1,1,1,0,0,0,0,1,0,0,0,0,0,1,0,0,0,1,1,0,0,0,0,1,0,0,0,1,0,,1,0,0,0,0,0,1,1,0,0,0,1,0,0,1,0,,,,,,41-45,36-45,City street,U,Wednesday,Not Used,PV,Multiracial,0,1,1,0,City Street,Municipal/City Police,SeaTac Police Department,0,0,0,1,0,thc,888.0,carboxy-thc,46.0,,0.0,0.0,3.0,1.0,,,,,417.0,,,,,0.0,0.0,0.0,201.0,202.0,,,,20.0,,,,,,,,nms,1.0,0.0,,,,,,,98198,Kent,Seattle
3477,3555,3555,2021,252,EB52161,262.0,2021-06-23,22:10,23,6,,33,King,1958,1,,3,1,2,3,0,3,2,,,,12,0,2,,2,0,3,4,2,4,6,0,0,0,0,MILITARY RD S,S 209th St,-122.2881778,47.414552778,0,1,50,10,2,35,15,0,0,1,2,12,1,2,2,1,1,1,2,53,0,23,421,1995,0,,68,12.0,,,,,1,1,42,1,7.0,,4,7,20,7,11,0,06/23/2021,22:10,195853031023.0,31023.0,0.0,0.0,3.0,2.0,1,28,,,,96,,,,,,98,,,,,,98032,53,71.0,222.0,1.0,1.0,0.0,1.0,2.0,0.0,,0,,,,,,0,08/15/2017,10/15/2020,1,0,0,0,0.0,9,8,,,0,,,8,8,2.0,702.0,605.0,401.0,1.0,1.0,1.0,2,1,0.0,,,,,,,,,,,,,,,,,,,,,,,,,,,,,,0,0,0,1,0,0,1,1,1,0,0,0,0,1,0,0,0,0,0,1,0,0,0,1,1,0,0,0,0,1,0,0,0,1,0,,1,0,0,0,0,0,1,1,0,0,0,1,0,0,1,0,,,,,,41-45,36-45,City street,U,Wednesday,Not Used,PV,Multiracial,0,1,1,0,City Street,Municipal/City Police,SeaTac Police Department,0,0,0,1,0,thc,14.0,carboxy-thc,46.0,,0.0,0.0,3.0,1.0,,,,,417.0,,,,,0.0,0.0,0.0,201.0,202.0,,,,20.0,,,,,,,,nms,1.0,0.0,,,,,,,98198,Kent,Seattle