,index,Unnamed: 0,year,case,par,repjur,crash_dt,crash_tm,accday,accmon,holiday,county,co_char,city,weather,weather2,lightcond,surfcond,surftype,numfatal,nmforms,pforms,vforms,not_tm,arr_tm,hosp_tm,fhevent,hitrun,manncol,milepnt,reljunc,reljuncinter,intersectiontype,funcsystem,landuse,ownership,route,schlbus,spejur,contdev,devfunc,trafid1,trafid2,lon,lat,wk_zone,vnumber,crashtype,criticalevent,criticaleventcat,spdlim,body,trailer,emerg,hazcargo,leave,mhevent,roadalgn,roadprof,traflane,trafflow,vehmanvr,numoccs,regowner,regstate,spuse,make,model,modelyr,vrf1,vrf2,seqevent1,seqevent2,seqevent3,seqevent4,seqevent5,seqevent6,pnumber,ptype,age,sex,hispanic,race,injury,diedscene,restraint,restraintmisuse,seatpos,takehosp,death_dt,death_tm,cert,cernum_wa,commlic,licendor,licrestrict,liccomp,drivpres,drf1,drf2,drf3,drf4,distract1,distract2,distract3,distract4,distract5,distract6,dricond1,dricond2,dricond3,dricond4,dricond5,dricond6,dzip,licstate,drhgt_in,weight,noncdl,noncdltype,prevdwi,prevoth,prevacc,prevspd,prevsus,driviol1,driviol2,driviol3,driviol4,driviol5,driviol6,spdrel,first_dt,last_dt,airbag,ejection,ejectpath,extricat,injurwrk,methalc,methdrug,nmlocat,strikveh,prf1,prf2,prf3,druginv,alcinvol,drugsts,drugres1,drugres2,drugres3,drugtst1,drugtst2,drugtst3,alcsts,alctst,alcres,nmact1,nmact2,nmact3,nmact4,nmact5,nmact6,nmprior1,nmprior2,nmprior3,nmprior4,nmprior5,nmprior6,nmcond1,nmcond2,nmcond3,nmcond4,nmcond5,nmcond6,nmsafe_helmet,nmsafe_pads,nmsafe_oth,nmprev_ref,nmprev_lgt,nmprev_oth,crashlocation,nmcrashtype,crosswalk,schoolzone,sidewalk,train_inv,wildlife_inv,rotr_fars,intersect_fars,dd_inv,aid_inv,dpd_inv,id_inv,mj_inv,impnm_inv,ainm_inv,dpnm_inv,speed_inv,unlic_inv,unendmc_inv,drowsy_inv,drdist_inv,nmdist_inv,fty_inv,unrestfat_inv,dr1617_inv,dr1820_inv,dr1620_inv,dr2125_inv,dr1625_inv,dr65_inv,dr70_inv,dr75_inv,mc_inv,pv_inv,ht_inv,ped_inv,bike_inv,unrest_fat,mc_fat,unhelmet_mc,pv_fat,ht_fat,ped_fat,bike_fat,dr_alc7,dr_alc8,dr_drug,dr_imp,dr_dist,dr_spd,dr_fty,dr_unlic,dr_alc7only,dr_alc8only,dr_drugonly,dr_drink,nm_imp,nm_alc7,nm_alc8,nm_drug,nm_dist,agegrp1,agegrp2,roadclass,urbrur,dayweek,restuse,vehtype,race_me,intersect,lanedep,oppdir,wrongway,rep_typ,investag,repag_long,rotr,st_rd,cty_rd,city_rd,oth_rd,drug_thc,thc_res,drug_cthc,cthc_res,drug_cann,prevpersemin,prevperse,prevsusoth,drugtst4,drugtst5,drugtst6,drugtst7,drugtst8,drugres4,drugres5,drugres6,drugres7,drugres8,adspresent,adsengaged,adslevel,race1,race2,race3,race4,race5,helmet,helmetmisuse,nmdistract1,nmdistract2,nmdistract3,nmdistract4,nmdistract5,nmdistract6,lab,isedtcase,crf1,crf2,crf3,CoRoadName,CoMP,IntCoRoadName,IntCoMP,crashzip,dcity,crashcity
3515,3593,3593,2021,280,EB55776,146.0,2021-08-05,10:05,5,8,,77,Yakima,0,10,,1,1,5,3,0,7,1,,,,59,0,0,0.2,1,0,1,7,1,2,4,0,3,0,0,CR-SHIELDS RD,,-120.5654611,46.422558333,0,1,6,6,1,50,34,0,0,1,2,1,1,4,2,1,1,7,2,53,0,12,473,2003,0,,67,63.0,69.0,68.0,64.0,59.0,1,1,17,1,0.0,,2,0,3,0,11,5,,,,,0.0,0.0,0.0,0.0,1,58,,,,96,,,,,,98,,,,,,98944,53,,999.0,0.0,0.0,99.0,99.0,99.0,99.0,,97,,,,,,4,,,20,0,0,0,8.0,3,2,,,0,,,8,8,0.0,0.0,,,0.0,,,0,0,996.0,,,,,,,,,,,,,,,,,,,,,,,,,,,,,,0,0,1,0,0,0,0,0,0,0,0,0,1,1,0,0,0,0,0,1,1,0,1,0,1,0,0,0,0,1,0,0,0,0,0,,0,0,0,0,0,0,0,0,0,1,0,1,0,0,0,0,,,,,,16-17,16-25,County road,R,Thursday,Belt Used,PV,Not Fatal,0,1,0,0,County Road,County Sheriff,Yakima County Sheriff's Office,1,0,1,0,0,,,,,,99.0,99.0,99.0,,,,,,,,,,,98.0,98.0,98.0,0.0,,,,,20.0,,,,,,,,,1.0,0.0,,,SHIELDS RD.,0.23,,,98951,Sunnyside,Wapato
3516,3594,3594,2021,281,EB55845,35.0,2021-08-06,1:31,6,8,,53,Pierce,0,8,,2,2,2,2,0,2,1,,,,21,0,0,4.9,1,0,1,4,2,2,4,0,0,0,0,CR-WALLER RD E,,-122.3888861,47.158347222,0,1,6,6,1,35,2,0,0,1,2,21,1,1,2,1,1,2,2,53,0,12,3,2006,0,,68,64.0,21.0,,,,1,1,46,1,7.0,,4,7,20,7,11,0,08/06/2021,1:31,53038512.0,38512.0,0.0,0.0,3.0,2.0,1,0,,,,96,,,,,,98,,,,,,98404,53,70.0,194.0,1.0,1.0,0.0,1.0,3.0,2.0,,0,,,,,,4,05/15/2016,08/15/2021,8,0,0,0,0.0,9,8,,,0,,,8,8,2.0,996.0,996.0,401.0,1.0,1.0,1.0,2,1,0.0,,,,,,,,,,,,,,,,,,,,,,,,,,,,,,0,0,1,0,0,0,1,1,0,0,0,0,1,1,0,0,0,0,0,1,0,0,0,0,0,0,0,0,0,1,0,0,0,1,0,,1,0,0,0,0,0,1,1,0,1,0,1,0,0,1,0,,,,,,46-50,46-55,County road,U,Friday,Not Used,PV,White,0,1,0,0,County Road,County Sheriff,Law Enforcement Support Agency,1,0,1,0,0,,,,,,0.0,0.0,4.0,1.0,,,,,417.0,,,,,98.0,98.0,98.0,1.0,,,,,20.0,,,,,,,,,1.0,0.0,,,WALLER RD E,4.87,,,98446,Tacoma,Tacoma
3517,3595,3595,2021,282,EB55878,4.0,2021-07-24,19:52,24,7,,63,Spokane,2113,1,,1,1,2,1,0,3,2,,,,12,0,2,9.8,1,0,1,3,2,1,3,0,0,0,0,SR-290,,-117.2103111,47.694891667,0,1,50,10,2,50,15,0,0,1,2,12,1,1,5,5,1,1,2,16,0,37,421,2003,0,,68,12.0,,,,,1,1,26,1,7.0,,4,0,20,7,11,5,07/24/2021,21:39,211053037164.0,37164.0,0.0,0.0,3.0,2.0,1,28,,,,92,,,,,,9,,,,,,83854,16,70.0,190.0,1.0,1.0,0.0,0.0,0.0,3.0,,0,,,,,,0,06/15/2020,10/15/2021,1,1,9,0,0.0,9,2,,,0,,,1,8,2.0,695.0,605.0,401.0,1.0,1.0,1.0,2,1,0.0,,,,,,,,,,,,,,,,,,,,,,,,,,,,,,0,0,0,0,0,0,1,1,1,0,0,0,0,1,0,0,1,0,0,1,0,1,1,0,1,0,0,0,0,1,0,0,0,1,0,,1,0,0,0,0,0,1,1,1,0,0,1,0,0,1,0,,,,,,26-30,26-35,State route,U,Saturday,Not Used,PV,White,0,1,1,0,State Route,State Patrol,Washington State Patrol,0,1,0,0,0,thc,2.5,carboxy-thc,32.0,,0.0,1.0,0.0,1.0,,,,,417.0,,,,,98.0,98.0,98.0,1.0,,,,,20.0,,,,,,,,nms,1.0,0.0,,,,,,,99216,Post Falls,Spokane
3518,3596,3596,2021,282,EB55878,4.0,2021-07-24,19:52,24,7,,63,Spokane,2113,1,,1,1,2,1,0,3,2,,,,12,0,2,9.8,1,0,1,3,2,1,3,0,0,0,0,SR-290,,-117.2103111,47.694891667,0,2,51,62,4,50,6,0,0,1,2,12,1,1,5,5,1,2,2,53,0,49,49,2006,0,,12,63.0,59.0,,,,1,1,18,2,0.0,,3,0,3,0,11,5,,,,,0.0,0.0,0.0,3.0,1,0,,,,96,,,,,,98,,,,,,99206,53,62.0,102.0,6.0,2.0,0.0,0.0,2.0,2.0,,0,,,,,,0,02/15/2020,01/15/2021,1,0,0,0,8.0,9,8,,,0,,,8,8,0.0,0.0,,,0.0,,,0,0,996.0,,,,,,,,,,,,,,,,,,,,,,,,,,,,,,0,0,0,0,0,0,1,1,1,0,0,0,0,1,0,0,1,0,0,1,0,1,1,0,1,0,0,0,0,1,0,0,0,0,0,,0,0,0,0,0,0,0,0,0,0,0,0,0,0,0,0,,,,,,18-20,16-25,State route,U,Saturday,Belt Used,PV,Not Fatal,0,1,1,0,State Route,State Patrol,Washington State Patrol,0,1,0,0,0,,,,,,0.0,0.0,0.0,,,,,,,,,,,98.0,98.0,98.0,0.0,,,,,20.0,,,,,,,,,1.0,0.0,,,,,,,99216,Spokane,Spokane
3519,3597,3597,2021,283,EB55904,57.0,2021-07-27,16:52,27,7,,11,Clark,107,1,,1,1,2,1,0,4,2,,,,12,0,2,0.0,1,0,1,4,2,4,6,0,0,0,0,SE EATON BLVD,,-122.5114528,45.766636111,0,1,50,10,2,50,14,0,0,1,2,12,1,1,2,1,1,2,2,53,0,2,404,1997,0,,68,12.0,,,,,1,1,17,1,7.0,,4,7,3,0,11,0,07/27/2021,16:52,10753038881.0,38881.0,0.0,0.0,2.0,3.0,1,73,,,,92,,,,,,98,,,,,,98606,53,72.0,140.0,6.0,2.0,0.0,0.0,0.0,0.0,,0,,,,,,0,,,1,0,0,0,0.0,9,8,,,0,,,8,8,2.0,1.0,,,1.0,,,2,1,0.0,,,,,,,,,,,,,,,,,,,,,,,,,,,,,,0,0,0,0,0,0,0,0,0,0,0,0,0,0,0,0,1,0,0,0,1,0,1,1,1,0,0,0,0,1,0,0,0,0,0,,1,0,0,0,0,0,0,0,1,0,0,0,0,0,0,0,,,,,,16-17,16-25,City street,U,Tuesday,Belt Used,PV,White,0,1,1,0,City Street,Municipal/City Police,Battleground Police Department,0,0,0,1,0,,,,,,0.0,0.0,0.0,,,,,,,,,,,0.0,0.0,0.0,1.0,,,,,20.0,,,,,,,,,1.0,0.0,,,,,,,98604,Brush Prairie,Battle Ground
3520,3598,3598,2021,283,EB55904,57.0,2021-07-27,16:52,27,7,,11,Clark,107,1,,1,1,2,1,0,4,2,,,,12,0,2,0.0,1,0,1,4,2,4,6,0,0,0,0,SE EATON BLVD,,-122.5114528,45.766636111,0,2,51,62,4,50,34,0,0,1,2,12,1,1,2,1,1,2,1,53,0,23,481,2016,0,,12,,,,,,1,1,23,1,0.0,,3,0,3,0,11,5,,,,,0.0,0.0,0.0,3.0,1,0,,,,96,,,,,,98,,,,,,98604,53,70.0,175.0,6.0,1.0,0.0,0.0,0.0,1.0,,0,,,,,,0,05/15/2017,05/15/2017,1,0,0,0,8.0,9,8,,,0,,,8,8,8.0,95.0,,,96.0,,,8,95,995.0,,,,,,,,,,,,,,,,,,,,,,,,,,,,,,0,0,0,0,0,0,0,0,0,0,0,0,0,0,0,0,1,0,0,0,1,0,1,1,1,0,0,0,0,1,0,0,0,0,0,,0,0,0,0,0,0,0,0,0,0,0,0,0,0,0,0,,,,,,21-25,16-25,City street,U,Tuesday,Belt Used,PV,Not Fatal,0,1,1,0,City Street,Municipal/City Police,Battleground Police Department,0,0,0,1,0,,,,,,0.0,0.0,0.0,,,,,,,,,,,98.0,98.0,98.0,0.0,,,,,20.0,,,,,,,,,1.0,0.0,,,,,,,98604,Battle Ground,Battle Ground
3521,3599,3599,2021,284,EB55918,290.0,2021-08-07,23:32,7,8,,53,Pierce,2230,1,,3,1,2,2,0,5,2,,,,12,0,6,0.0,2,0,2,3,2,4,6,0,0,3,3,S 72ND ST,S Yakima Ave,-122.4432528,47.191905556,0,1,86,17,2,35,4,0,0,1,2,12,1,2,5,1,1,3,1,53,0,35,47,2017,0,,12,63.0,38.0,,,,1,1,21,1,0.0,,1,0,3,0,11,5,,,,,0.0,0.0,0.0,0.0,1,38,,,,96,,,,,,9,,,,,,98498,53,,999.0,0.0,0.0,0.0,0.0,0.0,0.0,,1,12.0,,,,,0,,,1,0,0,0,8.0,9,8,,,0,,,8,1,2.0,695.0,605.0,,1.0,1.0,,2,1,0.0,,,,,,,,,,,,,,,,,,,,,,,,,,,,,,0,0,0,1,1,0,1,1,1,0,0,0,0,1,0,0,0,0,1,0,0,0,0,1,1,0,0,0,0,1,0,0,0,0,0,,0,0,0,0,0,0,1,1,0,0,1,1,0,0,1,1,,,,,,21-25,16-25,City street,U,Saturday,Belt Used,PV,Not Fatal,1,0,0,0,City Street,Municipal/City Police,Tacoma Police Department,0,0,0,1,0,thc,11.0,carboxy-thc,54.0,,0.0,0.0,0.0,,,,,,,,,,,98.0,98.0,98.0,0.0,,,,,20.0,,,,,,,,,1.0,0.0,,,,,,,98408,Lakewood,Tacoma
3522,3600,3600,2021,284,EB55918,290.0,2021-08-07,23:32,7,8,,53,Pierce,2230,1,,3,1,2,2,0,5,2,,,,12,0,6,0.0,2,0,2,3,2,4,6,0,0,3,3,S 72ND ST,S Yakima Ave,-122.4432528,47.191905556,0,2,87,66,4,30,4,0,0,1,2,12,1,2,3,1,1,2,2,53,0,9,20,2001,0,,12,63.0,38.0,,,,1,1,63,1,7.0,,4,7,3,0,11,0,08/07/2021,23:32,223053038442.0,38442.0,0.0,0.0,0.0,3.0,1,0,,,,96,,,,,,98,,,,,,98408,53,72.0,175.0,6.0,1.0,0.0,0.0,0.0,0.0,,0,,,,,,0,,,1,0,0,0,0.0,9,8,,,0,,,8,8,8.0,95.0,,,96.0,,,8,95,995.0,,,,,,,,,,,,,,,,,,,,,,,,,,,,,,0,0,0,1,1,0,1,1,1,0,0,0,0,1,0,0,0,0,1,0,0,0,0,1,1,0,0,0,0,1,0,0,0,0,0,,1,0,0,0,0,0,0,0,0,0,0,0,0,0,0,0,,,,,,61-65,56-65,City street,U,Saturday,Belt Used,PV,White,1,0,0,0,City Street,Municipal/City Police,Tacoma Police Department,0,0,0,1,0,,,,,,0.0,0.0,0.0,,,,,,,,,,,98.0,98.0,98.0,1.0,,,,,20.0,,,,,,,,,1.0,0.0,,,,,,,98408,Tacoma,Tacoma
3523,3601,3601,2021,285,EB56262,2.0,2021-08-09,4:00,9,8,,73,Whatcom,0,10,,2,1,2,1,0,1,1,,,,38,0,0,4.0,1,0,1,5,1,1,3,0,0,0,0,SR-547,,-122.1639167,48.968719444,0,1,1,13,2,45,4,0,0,1,2,30,3,2,2,1,14,1,3,53,0,49,40,2021,0,,63,38.0,30.0,59.0,1.0,,1,1,32,1,7.0,,4,7,20,7,11,0,08/09/2021,4:00,53039331.0,39331.0,0.0,0.0,0.0,3.0,1,0,,,,96,,,,,,98,,,,,,98225,53,74.0,215.0,6.0,1.0,0.0,1.0,0.0,0.0,,0,,,,,,4,09/15/2016,09/15/2016,8,0,0,0,0.0,9,8,,,0,,,1,8,2.0,695.0,605.0,996.0,1.0,1.0,1.0,2,1,0.0,,,,,,,,,,,,,,,,,,,,,,,,,,,,,,0,0,1,0,0,0,1,1,1,0,0,0,1,0,0,0,0,0,0,1,0,0,0,0,0,0,0,0,0,1,0,0,0,1,0,,1,0,0,0,0,0,1,1,0,1,0,0,0,0,1,0,,,,,,31-35,26-35,State route,R,Monday,Not Used,PV,White,0,1,0,0,State Route,State Patrol,Washington State Patrol,1,1,0,0,0,thc,0.69,carboxy-thc,5.6,,0.0,0.0,1.0,1.0,1.0,,,,401.0,417.0,,,,98.0,98.0,98.0,1.0,,,,,20.0,,,,,,,,nms,1.0,0.0,,,,,,,98295,Bellingham,Sumas
3524,3602,3602,2021,286,EB56433,6.0,2021-08-08,0:35,8,8,,25,Grant,0,1,,2,1,2,1,0,5,3,,,,12,0,2,10.6,1,0,1,4,1,1,3,0,0,0,0,SR-243,,-119.9138194,46.689861111,0,1,50,10,2,60,34,0,0,1,2,12,1,1,2,1,6,1,1,53,0,23,481,2015,0,,68,12.0,54.0,,,,1,1,21,1,0.0,,3,0,20,7,11,5,,,,,0.0,0.0,0.0,3.0,1,33,,,,96,,,,,,9,,,,,,99349,53,73.0,225.0,6.0,1.0,0.0,0.0,0.0,0.0,,1,12.0,,,,,0,,,8,0,0,0,8.0,9,8,,,0,,,8,1,2.0,1.0,,,1.0,,,2,1,0.1,,,,,,,,,,,,,,,,,,,,,,,,,,,,,,0,0,0,0,1,1,0,1,0,0,0,0,0,0,0,0,0,0,0,0,0,0,0,1,1,0,0,0,0,1,0,0,0,0,0,,0,0,0,0,0,1,0,1,0,0,0,0,0,1,0,1,,,,,,21-25,16-25,State route,R,Sunday,Not Used,PV,Not Fatal,0,1,1,0,State Route,State Patrol,Washington State Patrol,0,1,0,0,0,,,,,,0.0,0.0,0.0,,,,,,,,,,,98.0,98.0,98.0,0.0,,,,,20.0,,,,,,,,,1.0,14.0,,,,,,,99349,Mattawa,Mattawa
3525,3603,3603,2021,286,EB56433,6.0,2021-08-08,0:35,8,8,,25,Grant,0,1,,2,1,2,1,0,5,3,,,,12,0,2,10.6,1,0,1,4,1,1,3,0,0,0,0,SR-243,,-119.9138194,46.689861111,0,2,98,98,7,60,15,0,0,1,5,54,1,1,2,1,1,3,1,53,0,20,423,2017,0,,54,,,,,,1,1,45,1,0.0,,0,0,3,0,11,0,,,,,0.0,0.0,3.0,3.0,1,0,,,,96,,,,,,98,,,,,,99301,53,64.0,150.0,6.0,1.0,0.0,0.0,0.0,0.0,,0,,,,,,0,,,20,0,0,0,8.0,9,8,,,0,,,8,8,0.0,0.0,,,0.0,,,0,0,996.0,,,,,,,,,,,,,,,,,,,,,,,,,,,,,,0,0,0,0,1,1,0,1,0,0,0,0,0,0,0,0,0,0,0,0,0,0,0,1,1,0,0,0,0,1,0,0,0,0,0,,0,0,0,0,0,0,0,0,0,0,0,0,0,0,0,0,,,,,,41-45,36-45,State route,R,Sunday,Belt Used,PV,Not Fatal,0,1,1,0,State Route,State Patrol,Washington State Patrol,0,1,0,0,0,,,,,,0.0,0.0,0.0,,,,,,,,,,,98.0,98.0,98.0,0.0,,,,,20.0,,,,,,,,,1.0,14.0,,,,,,,99349,Pasco,Mattawa
3526,3604,3604,2021,286,EB56433,6.0,2021-08-08,0:35,8,8,,25,Grant,0,1,,2,1,2,1,0,5,3,,,,12,0,2,10.6,1,0,1,4,1,1,3,0,0,0,0,SR-243,,-119.9138194,46.689861111,0,3,51,62,4,60,15,0,0,1,5,12,1,1,2,1,1,1,2,41,0,19,421,2007,0,,12,,,,,,1,1,45,1,1.0,,4,7,3,0,11,0,08/08/2021,0:35,53038785.0,38785.0,0.0,0.0,0.0,3.0,1,0,,,,96,,,,,,98,,,,,,99341,53,72.0,188.0,6.0,1.0,0.0,3.0,0.0,3.0,,0,,,,,,0,06/15/2017,07/15/2020,20,0,0,0,0.0,9,8,,,0,,,8,8,2.0,1.0,,,1.0,,,2,1,0.0,,,,,,,,,,,,,,,,,,,,,,,,,,,,,,0,0,0,0,1,1,0,1,0,0,0,0,0,0,0,0,0,0,0,0,0,0,0,1,1,0,0,0,0,1,0,0,0,0,0,,1,0,0,0,0,0,0,0,0,0,0,0,0,0,0,0,,,,,,41-45,36-45,State route,R,Sunday,Belt Used,PV,Hispanic,0,1,1,0,State Route,State Patrol,Washington State Patrol,0,1,0,0,0,,,,,,0.0,0.0,0.0,,,,,,,,,,,98.0,98.0,98.0,298.0,,,,,20.0,,,,,,,,,1.0,14.0,,,,,,,99349,Lind,Mattawa
3527,3605,3605,2021,287,EB36830,2.0,2021-06-01,21:25,1,6,,73,Whatcom,0,1,,1,1,2,1,0,1,1,,,,39,0,0,,3,0,10,6,1,2,4,0,0,28,3,CR-ROOSEVELT WAY,BAY VIEW RD,-123.0354667,49.002033333,0,1,6,12,2,30,4,0,0,1,2,39,2,1,2,1,14,1,9,95,0,29,5,2019,0,,68,64.0,39.0,2.0,,,1,1,18,1,7.0,,4,0,2,0,11,0,06/02/2021,4:40,11053027262.0,27262.0,0.0,0.0,0.0,3.0,1,8,,,,96,,,,,,98,,,,,,98584,53,63.0,95.0,6.0,2.0,0.0,0.0,0.0,0.0,,0,,,,,,3,,,8,0,0,0,0.0,9,8,,,0,,,8,1,2.0,1.0,,,1.0,,,2,1,0.07,,,,,,,,,,,,,,,,,,,,,,,,,,,,,,0,0,1,1,1,0,0,0,0,0,0,0,1,0,0,0,0,0,0,0,0,1,1,0,1,0,0,0,0,1,0,0,0,0,0,,1,0,0,0,1,0,0,0,0,1,0,0,1,0,0,1,,,,,,18-20,16-25,County road,R,Tuesday,Belt Used,PV,White,0,1,0,0,County Road,State Patrol,Washington State Patrol,1,0,1,0,0,,,,,,0.0,0.0,0.0,,,,,,,,,,,98.0,98.0,98.0,1.0,,,,,20.0,,,,,,,,,0.0,0.0,,,ROOSEVELT WY,2.42,BAY VIEW DR,0.41,V4L,Shelton,Seattle
3528,3606,3606,2021,288,EB36670,4.0,2021-06-02,13:20,2,6,,75,Whitman,0,1,,1,1,2,2,0,2,1,,,,59,0,0,,1,0,1,3,1,1,3,0,0,0,0,SR-26,,-117.6138083,46.812377778,0,1,2,13,2,65,4,0,0,1,2,1,3,1,2,1,14,2,2,53,0,20,20,1992,0,,63,59.0,1.0,,,,1,1,21,1,1.0,,4,0,20,7,11,5,06/02/2021,15:32,211053027149.0,27149.0,0.0,0.0,0.0,0.0,1,0,,,,96,,,,,,9,,,,,,99354,53,71.0,155.0,3.0,7.0,0.0,0.0,0.0,1.0,,0,,,,,,0,06/15/2021,06/15/2021,20,1,9,0,0.0,1,8,,,0,,,8,1,8.0,95.0,,,96.0,,,2,1,0.101,,,,,,,,,,,,,,,,,,,,,,,,,,,,,,0,0,0,0,1,1,0,1,0,0,0,0,0,1,0,0,0,0,0,1,0,0,0,1,1,0,0,0,0,1,0,0,0,1,0,,1,0,0,0,0,1,0,1,0,0,0,1,0,1,0,1,,,,,,21-25,16-25,State route,R,Wednesday,Not Used,PV,Hispanic,0,1,0,0,State Route,State Patrol,Washington State Patrol,1,1,0,0,0,,,,,,0.0,0.0,1.0,,,,,,,,,,,0.0,0.0,0.0,201.0,298.0,,,,20.0,,,,,,,,,0.0,0.0,,,,,,,99143,Richland,Lacrosse
3529,3608,3608,2021,290,EB57248,1.0,2021-08-10,17:40,10,8,,23,Garfield,0,1,,1,1,2,1,0,1,1,,,,34,0,0,408.0,1,0,1,3,1,1,2,0,0,0,0,US-12,,-117.45935,46.446244444,0,1,1,13,2,60,80,0,0,1,2,34,3,2,3,1,14,1,1,53,0,72,706,2006,0,,63,34.0,,,,,1,1,64,1,7.0,,4,0,20,7,11,5,08/10/2021,18:51,169053039423.0,39423.0,0.0,0.0,0.0,3.0,1,0,,,,92,,,,,,98,,,,,,98671,53,72.0,220.0,6.0,1.0,0.0,0.0,0.0,0.0,,0,,,,,,0,,,20,8,0,0,0.0,9,8,,,0,,,8,8,2.0,1.0,,,1.0,,,2,1,0.032,,,,,,,,,,,,,,,,,,,,,,,,,,,,,,0,0,1,0,1,0,0,0,0,0,0,0,0,0,0,0,1,0,0,0,0,0,0,0,0,0,0,0,1,0,0,0,0,0,1,0.0,0,0,0,0,1,0,0,0,1,0,0,0,1,0,0,1,,,,,,61-65,56-65,US highway,R,Tuesday,,MC,White,0,1,0,0,State Route,State Patrol,Washington State Patrol,1,1,0,0,0,,,,,,0.0,0.0,0.0,,,,,,,,,,,0.0,0.0,0.0,1.0,,,,,5.0,,,,,,,,,1.0,0.0,,,,,,,99347,Washougal,Pomeroy
3530,3609,3609,2021,291,EB57277,5.0,2021-08-12,0:00,12,8,,11,Clark,0,1,,2,1,1,2,0,5,2,,,,12,0,1,8.2,1,0,1,1,2,1,1,0,0,4,3,I-5,,-122.6571056,45.731980556,1,1,32,51,3,60,4,0,0,1,2,12,1,1,4,3,15,4,1,53,0,41,51,2005,0,,12,,,,,,1,1,35,2,7.0,,4,7,3,0,11,0,08/12/2021,0:00,53039491.0,39491.0,0.0,0.0,3.0,2.0,1,0,,,,92,,,,,,98,,,,,,98632,53,70.0,130.0,1.0,1.0,0.0,0.0,1.0,0.0,,0,,,,,,0,10/15/2017,10/15/2017,8,0,0,0,0.0,9,8,,,0,,,8,8,2.0,695.0,605.0,401.0,1.0,1.0,1.0,2,1,0.0,,,,,,,,,,,,,,,,,,,,,,,,,,,,,,0,0,0,0,0,0,1,1,1,0,0,0,0,1,0,0,1,0,0,1,0,0,0,0,0,0,0,0,0,1,1,0,0,0,0,,1,0,0,0,0,0,1,1,1,0,0,1,0,0,1,0,,,,,,31-35,26-35,Interstate,U,Thursday,Belt Used,PV,Multiracial,0,0,0,0,State Route,State Patrol,Washington State Patrol,0,1,0,0,0,thc,4.3,carboxy-thc,10.0,,0.0,0.0,3.0,1.0,,,,,417.0,,,,,98.0,98.0,98.0,201.0,202.0,,,,20.0,,,,,,,,nms,1.0,0.0,,,,,,,98642,Longview,Ridgefield
3531,3610,3610,2021,291,EB57277,5.0,2021-08-12,0:00,12,8,,11,Clark,0,1,,2,1,1,2,0,5,2,,,,12,0,1,8.2,1,0,1,1,2,1,1,0,0,4,3,I-5,,-122.6571056,45.731980556,1,2,32,53,3,60,63,0,0,1,2,12,1,1,4,3,4,1,3,53,0,84,881,2007,0,,12,,,,,,1,1,54,2,0.0,,0,0,3,0,11,0,,,,,6.0,0.0,0.0,3.0,1,0,,,,96,,,,,,98,,,,,,98683,53,62.0,185.0,6.0,1.0,0.0,0.0,0.0,0.0,,0,,,,,,0,,,20,0,0,0,8.0,9,8,,,0,,,8,8,0.0,0.0,,,0.0,,,0,0,996.0,,,,,,,,,,,,,,,,,,,,,,,,,,,,,,0,0,0,0,0,0,1,1,1,0,0,0,0,1,0,0,1,0,0,1,0,0,0,0,0,0,0,0,0,1,1,0,0,0,0,,0,0,0,0,0,0,0,0,0,0,0,0,0,0,0,0,,,,,,51-55,46-55,Interstate,U,Thursday,,MHTRUCK,Not Fatal,0,0,0,0,State Route,State Patrol,Washington State Patrol,0,1,0,0,0,,,,,,0.0,0.0,0.0,,,,,,,,,,,98.0,98.0,98.0,0.0,,,,,20.0,,,,,,,,,1.0,0.0,,,,,,,98642,Vancouver,Ridgefield
3532,3611,3611,2021,292,EB57524,1.0,2021-08-06,5:08,6,8,,71,Walla Walla,0,1,,2,1,2,1,0,2,2,,,,12,0,2,9.1,1,0,1,4,1,1,3,0,0,0,0,SR-124,,-118.8362278,46.236563889,0,1,50,10,2,65,4,0,0,1,2,12,1,2,2,1,6,1,2,53,0,37,31,2001,0,,68,12.0,,,,,1,1,30,1,1.0,,4,7,3,0,11,0,08/06/2021,5:08,53038738.0,38738.0,99.0,9.0,9.0,9.0,1,33,,,,96,,,,,,98,,,,,,99336,99,,999.0,9.0,9.0,99.0,99.0,99.0,99.0,,0,,,,,,0,,,8,0,0,0,0.0,9,8,,,0,,,8,8,0.0,0.0,,,0.0,,,0,0,996.0,,,,,,,,,,,,,,,,,,,,,,,,,,,,,,0,0,0,0,0,0,0,0,0,0,0,0,0,0,0,0,0,0,0,0,0,0,0,0,0,0,0,0,0,1,0,0,0,0,0,,1,0,0,0,0,0,0,0,0,0,0,0,0,0,0,0,,,,,,26-30,26-35,State route,R,Friday,Belt Used,PV,Hispanic,0,1,1,0,State Route,State Patrol,Washington State Patrol,0,1,0,0,0,,,,,,99.0,99.0,99.0,,,,,,,,,,,98.0,98.0,98.0,298.0,,,,,20.0,,,,,,,,,1.0,0.0,,,,,,,99323,Kennewick,Burbank