,index,Unnamed: 0,year,case,par,repjur,crash_dt,crash_tm,accday,accmon,holiday,county,co_char,city,weather,weather2,lightcond,surfcond,surftype,numfatal,nmforms,pforms,vforms,not_tm,arr_tm,hosp_tm,fhevent,hitrun,manncol,milepnt,reljunc,reljuncinter,intersectiontype,funcsystem,landuse,ownership,route,schlbus,spejur,contdev,devfunc,trafid1,trafid2,lon,lat,wk_zone,vnumber,crashtype,criticalevent,criticaleventcat,spdlim,body,trailer,emerg,hazcargo,leave,mhevent,roadalgn,roadprof,traflane,trafflow,vehmanvr,numoccs,regowner,regstate,spuse,make,model,modelyr,vrf1,vrf2,seqevent1,seqevent2,seqevent3,seqevent4,seqevent5,seqevent6,pnumber,ptype,age,sex,hispanic,race,injury,diedscene,restraint,restraintmisuse,seatpos,takehosp,death_dt,death_tm,cert,cernum_wa,commlic,licendor,licrestrict,liccomp,drivpres,drf1,drf2,drf3,drf4,distract1,distract2,distract3,distract4,distract5,distract6,dricond1,dricond2,dricond3,dricond4,dricond5,dricond6,dzip,licstate,drhgt_in,weight,noncdl,noncdltype,prevdwi,prevoth,prevacc,prevspd,prevsus,driviol1,driviol2,driviol3,driviol4,driviol5,driviol6,spdrel,first_dt,last_dt,airbag,ejection,ejectpath,extricat,injurwrk,methalc,methdrug,nmlocat,strikveh,prf1,prf2,prf3,druginv,alcinvol,drugsts,drugres1,drugres2,drugres3,drugtst1,drugtst2,drugtst3,alcsts,alctst,alcres,nmact1,nmact2,nmact3,nmact4,nmact5,nmact6,nmprior1,nmprior2,nmprior3,nmprior4,nmprior5,nmprior6,nmcond1,nmcond2,nmcond3,nmcond4,nmcond5,nmcond6,nmsafe_helmet,nmsafe_pads,nmsafe_oth,nmprev_ref,nmprev_lgt,nmprev_oth,crashlocation,nmcrashtype,crosswalk,schoolzone,sidewalk,train_inv,wildlife_inv,rotr_fars,intersect_fars,dd_inv,aid_inv,dpd_inv,id_inv,mj_inv,impnm_inv,ainm_inv,dpnm_inv,speed_inv,unlic_inv,unendmc_inv,drowsy_inv,drdist_inv,nmdist_inv,fty_inv,unrestfat_inv,dr1617_inv,dr1820_inv,dr1620_inv,dr2125_inv,dr1625_inv,dr65_inv,dr70_inv,dr75_inv,mc_inv,pv_inv,ht_inv,ped_inv,bike_inv,unrest_fat,mc_fat,unhelmet_mc,pv_fat,ht_fat,ped_fat,bike_fat,dr_alc7,dr_alc8,dr_drug,dr_imp,dr_dist,dr_spd,dr_fty,dr_unlic,dr_alc7only,dr_alc8only,dr_drugonly,dr_drink,nm_imp,nm_alc7,nm_alc8,nm_drug,nm_dist,agegrp1,agegrp2,roadclass,urbrur,dayweek,restuse,vehtype,race_me,intersect,lanedep,oppdir,wrongway,rep_typ,investag,repag_long,rotr,st_rd,cty_rd,city_rd,oth_rd,drug_thc,thc_res,drug_cthc,cthc_res,drug_cann,prevpersemin,prevperse,prevsusoth,drugtst4,drugtst5,drugtst6,drugtst7,drugtst8,drugres4,drugres5,drugres6,drugres7,drugres8,adspresent,adsengaged,adslevel,race1,race2,race3,race4,race5,helmet,helmetmisuse,nmdistract1,nmdistract2,nmdistract3,nmdistract4,nmdistract5,nmdistract6,lab,isedtcase,crf1,crf2,crf3,CoRoadName,CoMP,IntCoRoadName,IntCoMP,crashzip,dcity,crashcity
3533,3612,3612,2021,292,EB57524,1.0,2021-08-06,5:08,6,8,,71,Walla Walla,0,1,,2,1,2,1,0,2,2,,,,12,0,2,9.1,1,0,1,4,1,1,3,0,0,0,0,SR-124,,-118.8362278,46.236563889,0,2,51,62,4,65,14,0,0,1,2,12,1,2,2,1,1,1,1,53,0,49,402,2000,0,,12,,,,,,1,1,44,1,0.0,,3,0,3,0,11,5,,,,,99.0,9.0,9.0,9.0,1,0,,,,96,,,,,,98,,,,,,99301,99,,999.0,9.0,9.0,99.0,99.0,99.0,99.0,,0,,,,,,0,,,8,0,0,0,8.0,9,2,,,0,,,8,8,8.0,95.0,,,96.0,,,0,0,996.0,,,,,,,,,,,,,,,,,,,,,,,,,,,,,,0,0,0,0,0,0,0,0,0,0,0,0,0,0,0,0,0,0,0,0,0,0,0,0,0,0,0,0,0,1,0,0,0,0,0,,0,0,0,0,0,0,0,0,0,0,0,0,0,0,0,0,,,,,,41-45,36-45,State route,R,Friday,Belt Used,PV,Not Fatal,0,1,1,0,State Route,State Patrol,Washington State Patrol,0,1,0,0,0,,,,,,99.0,99.0,99.0,,,,,,,,,,,98.0,98.0,98.0,0.0,,,,,20.0,,,,,,,,,1.0,0.0,,,,,,,99323,Pasco,Burbank
3534,3613,3613,2021,293,EB57697,169.0,2021-08-07,3:18,7,8,,67,Thurston,1102,1,,3,1,2,1,0,1,1,,,,1,0,0,0.0,2,0,6,3,2,4,6,0,0,21,3,COLLEGE ST SE,22nd Ave SE,-122.8233194,47.027511111,0,1,98,9,1,35,80,0,0,1,2,1,1,1,3,1,1,1,2,53,0,76,705,2004,0,,1,,,,,,1,1,23,1,7.0,,4,0,20,7,11,5,08/07/2021,5:04,159053038607.0,38607.0,0.0,0.0,0.0,2.0,1,0,,,,96,,,,,,98,,,,,,99338,53,71.0,160.0,6.0,1.0,1.0,1.0,1.0,3.0,,0,,,,,,3,10/15/2017,07/15/2020,20,8,0,0,0.0,9,8,,,0,,,8,8,2.0,695.0,605.0,,1.0,1.0,,2,1,0.13,,,,,,,,,,,,,,,,,,,,,,,,,,,,,,0,0,0,1,1,1,1,1,1,0,0,0,1,0,1,0,0,0,0,0,0,0,0,1,1,0,0,0,1,0,0,0,0,0,1,0.0,0,0,0,0,0,1,1,1,0,1,0,0,0,0,0,1,,,,,,21-25,16-25,City street,U,Saturday,,MC,Black,1,0,0,0,City Street,Municipal/City Police,Lacey Police Department,0,0,0,1,0,thc,3.0,carboxy-thc,33.0,,0.0,0.0,1.0,,,,,,,,,,,0.0,0.0,0.0,2.0,,,,,5.0,,,,,,,,nms,1.0,0.0,,,,,,,98503,Kennewick,Lacey
3535,3614,3614,2021,294,EB57764,8.0,2021-08-02,23:16,2,8,,27,Grays Harbor,0,1,,2,1,2,1,0,2,1,,,,42,0,0,24.3,1,0,1,5,1,1,3,0,0,0,0,SR-109,,-124.1829528,47.155055556,0,1,1,13,2,55,34,0,0,1,2,42,3,1,2,1,14,2,1,53,0,35,471,1995,0,,63,42.0,,,,,1,1,37,2,0.0,,3,0,3,0,11,5,,,,,0.0,0.0,0.0,2.0,1,0,,,,96,,,,,,98,,,,,,98569,53,66.0,275.0,1.0,1.0,0.0,1.0,1.0,0.0,,97,,,,,,4,05/15/2017,10/15/2020,20,0,0,0,8.0,9,8,,,0,,,8,8,0.0,0.0,,,0.0,,,0,0,996.0,,,,,,,,,,,,,,,,,,,,,,,,,,,,,,0,0,1,0,0,0,0,0,0,0,0,0,1,1,0,0,0,0,0,0,0,0,0,0,0,0,0,0,0,1,0,0,0,0,0,,0,0,0,0,0,0,0,0,0,1,0,1,0,0,0,0,,,,,,36-40,36-45,State route,R,Monday,Belt Used,PV,Not Fatal,0,1,0,0,State Route,State Patrol,Washington State Patrol,1,1,0,0,0,,,,,,0.0,0.0,0.0,,,,,,,,,,,0.0,0.0,0.0,0.0,,,,,20.0,,,,,,,,,1.0,0.0,,,,,,,98536,Ocean Shores,Copalis Crossing
3536,3615,3615,2021,296,3835736,263.0,2021-03-31,11:59,31,3,,33,King,1960,1,,1,1,1,1,1,1,1,,,,9,0,0,0.0,2,0,2,5,2,4,6,0,0,20,3,WABASH AVE S,S Cloverdale Pl,-122.2675861,47.527713889,0,1,13,83,5,20,4,0,0,1,5,9,1,1,2,1,4,1,1,53,0,49,40,1996,0,,9,,,,,,1,1,24,1,0.0,,0,0,99,7,11,0,,,,,0.0,0.0,0.0,3.0,1,10,38.0,39.0,,0,,,,,,98,,,,,,98118,53,67.0,123.0,6.0,1.0,0.0,0.0,0.0,0.0,,37,,,,,,0,,,20,0,0,0,8.0,9,8,,,0,,,8,8,0.0,0.0,,,0.0,,,0,0,996.0,,,,,,,,,,,,,,,,,,,,,,,,,,,,,,0,0,0,1,0,0,0,0,0,0,0,0,0,0,0,0,0,0,1,0,0,0,0,1,1,0,0,0,0,1,0,0,1,0,0,,0,0,0,0,0,0,0,0,0,0,1,0,0,0,0,0,,,,,,21-25,16-25,City street,U,Wednesday,Unknown,PV,Not Fatal,1,0,0,0,City Street,Municipal/City Police,Seattle Police Department,0,0,0,1,0,,,,,,0.0,0.0,0.0,,,,,,,,,,,0.0,0.0,0.0,0.0,,,,,20.0,,,,,,,,,1.0,0.0,,,,,,,98118,Seattle,Seattle
3537,3616,3616,2021,297,EB43891,3.0,2021-06-25,16:06,25,6,,53,Pierce,0,1,,1,1,2,1,0,2,2,,,,1,0,0,22.5,3,0,2,3,2,1,3,0,0,3,3,SR-161,156TH ST,-122.2933139,47.114686111,0,1,98,8,1,45,80,0,0,1,2,1,1,1,6,1,1,1,1,53,0,72,706,2005,0,,1,12.0,,,,,1,1,56,1,7.0,,4,0,20,7,11,5,07/02/2021,13:20,196053034372.0,34372.0,0.0,0.0,0.0,3.0,1,0,,,,96,,,,,,98,,,,,,98375,53,72.0,208.0,6.0,1.0,0.0,0.0,1.0,1.0,,0,,,,,,4,12/15/2017,12/15/2017,20,8,0,0,0.0,9,8,,,0,,,8,8,9.0,999.0,,,99.0,,,9,99,999.0,,,,,,,,,,,,,,,,,,,,,,,,,,,,,,0,0,0,1,0,0,0,0,0,0,0,0,1,0,0,0,0,0,0,0,0,0,0,0,0,0,0,0,1,1,0,0,0,0,1,0.0,0,0,0,0,0,0,0,0,0,1,0,0,0,0,0,0,,,,,,56-60,56-65,State route,U,Friday,,MC,White,1,0,0,0,State Route,State Patrol,Washington State Patrol,0,1,0,0,0,,,,,,0.0,0.0,0.0,,,,,,,,,,,0.0,0.0,0.0,1.0,,,,,5.0,,,,,,,,,1.0,0.0,,,,,,,98375,Puyallup,Puyallup
3538,3617,3617,2021,297,EB43891,3.0,2021-06-25,16:06,25,6,,53,Pierce,0,1,,1,1,2,1,0,2,2,,,,1,0,0,22.5,3,0,2,3,2,1,3,0,0,3,3,SR-161,156TH ST,-122.2933139,47.114686111,0,2,98,53,3,45,6,0,0,1,5,12,1,1,6,1,5,1,1,53,0,12,24,2011,0,,12,,,,,,1,1,32,1,0.0,,0,0,3,0,11,0,,,,,0.0,0.0,0.0,3.0,1,0,,,,96,,,,,,98,,,,,,98103,53,68.0,176.0,6.0,1.0,0.0,0.0,0.0,0.0,,0,,,,,,0,,,20,0,0,0,8.0,9,8,,,0,,,8,8,8.0,95.0,,,96.0,,,8,95,995.0,,,,,,,,,,,,,,,,,,,,,,,,,,,,,,0,0,0,1,0,0,0,0,0,0,0,0,1,0,0,0,0,0,0,0,0,0,0,0,0,0,0,0,1,1,0,0,0,0,0,,0,0,0,0,0,0,0,0,0,0,0,0,0,0,0,0,,,,,,31-35,26-35,State route,U,Friday,Belt Used,PV,Not Fatal,1,0,0,0,State Route,State Patrol,Washington State Patrol,0,1,0,0,0,,,,,,0.0,0.0,0.0,,,,,,,,,,,98.0,98.0,98.0,0.0,,,,,20.0,,,,,,,,,1.0,0.0,,,,,,,98375,Seattle,Puyallup
3539,3618,3618,2021,298,EB57701,6.0,2021-08-11,15:34,11,8,,25,Grant,0,1,,1,1,2,2,0,3,2,,,,12,0,6,4.0,2,0,2,4,1,1,3,0,0,20,3,SR-283,ADAMS RD,-119.7688361,47.142788889,0,1,88,17,2,60,62,0,0,1,2,12,1,1,2,1,1,1,3,53,0,98,806,2016,0,,12,,,,,,1,1,37,1,0.0,,0,0,3,0,11,0,,,,,0.0,0.0,3.0,2.0,1,39,,,,96,,,,,,9,,,,,,98024,53,72.0,190.0,1.0,1.0,0.0,2.0,0.0,0.0,,1,12.0,,,,,0,10/15/2016,08/15/2020,20,0,0,0,8.0,9,2,,,0,,,8,1,2.0,1.0,,,1.0,,,2,1,0.25,,,,,,,,,,,,,,,,,,,,,,,,,,,,,,0,0,0,1,1,1,0,1,0,0,0,0,0,1,0,0,0,0,0,0,0,0,0,0,0,0,0,0,0,1,1,0,0,0,0,,0,0,0,0,0,1,0,1,0,0,0,1,0,1,0,1,,,,,,36-40,36-45,State route,R,Wednesday,,MHTRUCK,Not Fatal,1,0,0,0,State Route,State Patrol,Washington State Patrol,0,1,0,0,0,,,,,,0.0,0.0,2.0,,,,,,,,,,,98.0,98.0,98.0,0.0,,,,,20.0,,,,,,,,,1.0,0.0,,,,,,,98848,Fall City,Quincy
3540,3619,3619,2021,298,EB57701,6.0,2021-08-11,15:34,11,8,,25,Grant,0,1,,1,1,2,2,0,3,2,,,,12,0,6,4.0,2,0,2,4,1,1,3,0,0,0,0,SR-283,ADAMS RD,-119.7688361,47.142788889,0,2,89,66,4,60,34,0,0,1,2,12,1,1,4,1,1,2,2,53,0,20,481,2005,0,,12,,,,,,1,1,31,1,1.0,,4,7,3,0,11,0,08/11/2021,15:34,53041253.0,41253.0,0.0,0.0,0.0,3.0,1,0,,,,96,,,,,,98,,,,,,99357,53,70.0,175.0,6.0,1.0,0.0,0.0,0.0,2.0,,0,,,,,,0,05/15/2019,03/15/2019,8,0,0,0,0.0,9,8,,,0,,,8,8,2.0,1.0,,,1.0,,,2,1,0.0,,,,,,,,,,,,,,,,,,,,,,,,,,,,,,0,0,0,1,1,1,0,1,0,0,0,0,0,1,0,0,0,0,0,0,0,0,0,0,0,0,0,0,0,1,1,0,0,0,0,,1,0,0,0,0,0,0,0,0,0,0,0,0,0,0,0,,,,,,31-35,26-35,State route,R,Wednesday,Belt Used,PV,Hispanic,1,0,0,0,State Route,State Patrol,Washington State Patrol,0,1,0,0,0,,,,,,0.0,0.0,0.0,,,,,,,,,,,98.0,98.0,98.0,298.0,,,,,20.0,,,,,,,,,1.0,0.0,,,,,,,98848,Royal City,Quincy
3541,3620,3620,2021,299,EB57796,2.0,2021-08-12,0:30,12,8,,61,Snohomish,690,1,,2,1,2,1,0,1,1,,,,24,0,0,194.1,5,1,1,1,2,1,1,0,0,0,0,I-5 RAMP,,-122.1853028,47.982180556,0,1,1,9,1,98,80,0,0,1,5,24,2,1,2,6,14,1,1,53,0,72,706,2017,0,,63,24.0,,,,,1,1,35,1,7.0,,4,7,20,7,11,0,08/12/2021,0:30,69053039738.0,39738.0,0.0,0.0,0.0,3.0,1,0,,,,96,,,,,,9,,,,,,98282,53,72.0,195.0,6.0,1.0,0.0,0.0,0.0,0.0,,0,,,,,,4,,,20,8,0,0,0.0,9,8,,,0,,,8,1,2.0,605.0,124.0,996.0,1.0,1.0,1.0,2,1,0.14,,,,,,,,,,,,,,,,,,,,,,,,,,,,,,0,0,1,0,1,1,1,1,1,0,0,0,1,0,0,0,0,0,0,0,0,0,0,0,0,0,0,0,1,0,0,0,0,0,1,0.0,0,0,0,0,0,1,1,1,0,1,0,0,0,0,0,1,,,,,,31-35,26-35,Interstate,U,Thursday,,MC,White,0,1,0,0,State Route,State Patrol,Washington State Patrol,1,1,0,0,0,thc,0.69,,,,0.0,0.0,0.0,,,,,,,,,,,0.0,0.0,0.0,1.0,,,,,5.0,,,,,,,,nms,1.0,0.0,,,,,,,98201,Camano Island,Everett
3542,3621,3621,2021,300,EB58029,35.0,2021-08-14,0:01,14,8,,53,Pierce,0,1,,3,1,2,1,1,1,1,,,,8,0,0,6.0,1,0,1,3,2,2,4,0,0,0,0,CR-CANYON RD E,,-122.3571028,47.165930556,0,1,13,80,5,45,15,0,0,1,5,8,1,1,4,1,1,1,2,53,0,37,421,2003,0,,8,,,,,,1,1,22,2,0.0,,0,0,3,0,11,0,,,,,0.0,0.0,0.0,3.0,1,0,,,,96,,,,,,98,,,,,,98371,53,68.0,125.0,6.0,1.0,0.0,0.0,0.0,0.0,,0,,,,,,0,,,20,0,0,0,8.0,9,8,,,0,,,8,8,8.0,95.0,,,96.0,,,8,95,995.0,,,,,,,,,,,,,,,,,,,,,,,,,,,,,,0,0,0,0,0,0,0,0,0,1,0,1,0,0,0,0,0,0,0,0,0,0,0,1,1,0,0,0,0,1,0,1,0,0,0,,0,0,0,0,0,0,0,0,0,0,0,0,0,0,0,0,,,,,,21-25,16-25,County road,U,Saturday,Belt Used,PV,Not Fatal,0,0,0,0,County Road,County Sheriff,Law Enforcement Support Agency,0,0,1,0,0,,,,,,0.0,0.0,0.0,,,,,,,,,,,98.0,98.0,98.0,0.0,,,,,20.0,,,,,,,,,1.0,0.0,,,CANYON RD E,5.97,,,98373,Puyallup,Puyallup
3543,3623,3623,2021,303,EB58673,2.0,2021-08-08,15:50,8,8,,61,Snohomish,0,1,,1,1,2,1,0,2,2,,,,12,0,1,196.4,1,0,1,1,2,1,1,0,0,0,0,I-5,,-122.1747583,48.013263889,0,1,24,51,3,60,4,0,0,1,2,1,1,1,3,3,1,1,2,53,0,20,37,2006,0,,12,63.0,1.0,38.0,18.0,18.0,1,1,56,1,7.0,,4,7,20,7,11,0,08/08/2021,15:50,53038893.0,38893.0,0.0,0.0,0.0,0.0,1,0,,,,96,,,,,,98,,,,,,98270,53,70.0,200.0,2.0,1.0,0.0,1.0,0.0,0.0,,0,,,,,,0,06/15/2019,06/15/2019,1,1,9,0,0.0,9,8,,,0,,,8,8,2.0,401.0,417.0,,1.0,1.0,,2,1,0.0,,,,,,,,,,,,,,,,,,,,,,,,,,,,,,0,0,0,0,0,0,1,1,0,0,0,0,0,1,0,0,0,0,0,1,0,0,0,0,0,0,0,0,1,1,0,0,0,1,0,,1,0,0,0,0,0,1,1,0,0,0,1,0,0,1,0,,,,,,56-60,56-65,Interstate,U,Sunday,Not Used,PV,White,0,0,0,0,State Route,State Patrol,Washington State Patrol,0,1,0,0,0,,,,,,0.0,0.0,0.0,,,,,,,,,,,98.0,98.0,98.0,1.0,,,,,20.0,,,,,,,,,1.0,0.0,,,,,,,98201,Marysville,Everett
3544,3624,3624,2021,303,EB58673,2.0,2021-08-08,15:50,8,8,,61,Snohomish,0,1,,1,1,2,1,0,2,2,,,,12,0,1,196.4,1,0,1,1,2,1,1,0,0,0,0,I-5,,-122.1747583,48.013263889,0,2,25,53,3,60,80,0,0,1,2,12,1,1,3,3,1,1,1,53,0,76,706,2014,0,,12,,,,,,1,1,64,1,0.0,,3,0,20,7,11,5,,,,,0.0,0.0,3.0,3.0,1,0,,,,96,,,,,,98,,,,,,98271,53,75.0,180.0,6.0,1.0,0.0,0.0,0.0,0.0,,0,,,,,,0,,,20,8,0,0,8.0,9,8,,,0,,,8,8,0.0,0.0,,,0.0,,,0,0,996.0,,,,,,,,,,,,,,,,,,,,,,,,,,,,,,0,0,0,0,0,0,1,1,0,0,0,0,0,1,0,0,0,0,0,1,0,0,0,0,0,0,0,0,1,1,0,0,0,0,0,0.0,0,0,0,0,0,0,0,0,0,0,0,0,0,0,0,0,,,,,,61-65,56-65,Interstate,U,Sunday,,MC,Not Fatal,0,0,0,0,State Route,State Patrol,Washington State Patrol,0,1,0,0,0,,,,,,0.0,0.0,0.0,,,,,,,,,,,0.0,0.0,0.0,0.0,,,,,5.0,,,,,,,,,1.0,0.0,,,,,,,98201,Marysville,Everett
3545,3625,3625,2021,304,EB58675,4.0,2021-08-15,16:03,15,8,,1,Adams,0,1,,1,1,2,1,0,4,1,,,,1,0,0,210.4,1,0,1,1,1,1,1,0,0,0,0,I-90,,-118.5603861,47.111211111,0,1,6,12,2,70,20,0,0,1,2,1,1,2,2,2,1,4,1,53,0,12,442,2001,0,,64,1.0,,,,,1,1,36,1,0.0,,0,0,3,0,11,0,,,,,0.0,0.0,0.0,2.0,1,6,,,,96,,,,,,9,,,,,,98837,53,69.0,165.0,1.0,1.0,0.0,0.0,0.0,0.0,,1,2.0,,,,,0,,,20,0,0,0,8.0,9,2,,,0,,,1,8,2.0,695.0,605.0,401.0,1.0,1.0,1.0,2,1,0.0,,,,,,,,,,,,,,,,,,,,,,,,,,,,,,0,0,1,0,0,0,1,1,1,0,0,0,0,1,0,0,0,0,0,0,0,0,0,0,0,0,0,0,0,1,0,0,0,0,0,,0,0,0,0,0,0,1,1,0,0,0,1,0,0,1,0,,,,,,36-40,36-45,Interstate,R,Sunday,Belt Used,PV,Not Fatal,0,1,0,0,State Route,State Patrol,Washington State Patrol,1,1,0,0,0,thc,3.6,carboxy-thc,51.0,,0.0,0.0,0.0,1.0,,,,,417.0,,,,,98.0,98.0,98.0,0.0,,,,,20.0,,,,,,,,,1.0,0.0,,,,,,,99169,Moses Lake,Ritzville
3546,3626,3626,2021,305,EB58842,248.0,2021-08-16,17:01,16,8,,33,King,1830,1,,1,1,1,1,0,6,4,,,,12,0,6,0.0,2,0,2,4,2,4,6,0,0,3,3,LIND AVE SW,SW 16th St,-122.2233417,47.466080556,0,1,87,17,2,35,21,0,0,1,2,12,1,1,5,1,1,1,3,53,0,23,461,2014,0,,12,68.0,12.0,12.0,,,1,1,32,1,0.0,,0,0,3,0,11,0,,,,,0.0,0.0,0.0,3.0,1,0,,,,96,,,,,,98,,,,,,98033,53,72.0,170.0,6.0,1.0,0.0,1.0,0.0,0.0,,0,,,,,,0,01/15/2019,01/15/2019,20,0,0,0,8.0,9,8,,,0,,,8,8,8.0,95.0,,,96.0,,,8,95,995.0,,,,,,,,,,,,,,,,,,,,,,,,,,,,,,0,0,0,1,0,0,0,0,0,0,0,0,0,0,0,0,0,0,0,0,0,0,0,0,0,1,0,0,0,1,1,0,0,0,0,,0,0,0,0,0,0,0,0,0,0,0,0,0,0,0,0,,,,,,31-35,26-35,City street,U,Monday,Belt Used,PV,Not Fatal,1,0,0,0,City Street,Municipal/City Police,Renton Police Department,0,0,0,1,0,,,,,,0.0,0.0,0.0,,,,,,,,,,,98.0,98.0,98.0,0.0,,,,,20.0,,,,,,,,,1.0,10.0,,,,,,,98057,Kirkland,Renton
3547,3627,3627,2021,305,EB58842,248.0,2021-08-16,17:01,16,8,,33,King,1830,1,,1,1,1,1,0,6,4,,,,12,0,6,0.0,2,0,2,4,2,4,6,0,0,3,3,LIND AVE SW,SW 16th St,-122.2233417,47.466080556,0,2,86,66,4,35,63,0,5,1,2,12,1,1,4,1,1,3,3,94,7,98,898,2015,0,,12,,,,,,1,1,55,1,0.0,,0,0,3,0,11,0,,,,,6.0,3.0,0.0,3.0,1,95,,,,96,,,,,,98,,,,,,98391,53,69.0,200.0,6.0,1.0,0.0,0.0,0.0,0.0,,0,,,,,,0,,,20,0,0,0,8.0,9,8,,,0,,,8,8,8.0,95.0,,,96.0,,,8,95,995.0,,,,,,,,,,,,,,,,,,,,,,,,,,,,,,0,0,0,1,0,0,0,0,0,0,0,0,0,0,0,0,0,0,0,0,0,0,0,0,0,1,0,0,0,1,1,0,0,0,0,,0,0,0,0,0,0,0,0,0,0,0,0,0,0,0,0,,,,,,51-55,46-55,City street,U,Monday,,MHTRUCK,Not Fatal,1,0,0,0,City Street,Municipal/City Police,Renton Police Department,0,0,0,1,0,,,,,,0.0,0.0,0.0,,,,,,,,,,,98.0,98.0,98.0,0.0,,,,,20.0,,,,,,,,,1.0,10.0,,,,,,,98057,Bonney Lake,Renton
3548,3628,3628,2021,305,EB58842,248.0,2021-08-16,17:01,16,8,,33,King,1830,1,,1,1,1,1,0,6,4,,,,12,0,6,0.0,2,0,2,4,2,4,6,0,0,3,3,LIND AVE SW,SW 16th St,-122.2233417,47.466080556,0,3,98,62,4,35,14,0,0,1,2,12,1,1,5,1,5,1,1,53,0,49,403,2002,0,,12,,,,,,1,1,69,1,7.0,,4,0,3,0,11,4,08/16/2021,18:12,196053040952.0,40952.0,0.0,0.0,3.0,3.0,1,0,,,,0,,,,,,98,,,,,,98008,53,64.0,120.0,6.0,1.0,0.0,0.0,0.0,0.0,,0,,,,,,0,,,20,0,0,0,0.0,9,8,,,0,,,8,8,2.0,1.0,,,1.0,,,2,1,0.0,,,,,,,,,,,,,,,,,,,,,,,,,,,,,,0,0,0,1,0,0,0,0,0,0,0,0,0,0,0,0,0,0,0,0,0,0,0,0,0,1,0,0,0,1,1,0,0,0,0,,1,0,0,0,0,0,0,0,0,0,0,0,0,0,0,0,,,,,,66-70,66-75,City street,U,Monday,Belt Used,PV,API,1,0,0,0,City Street,Municipal/City Police,Renton Police Department,0,0,0,1,0,,,,,,0.0,0.0,0.0,,,,,,,,,,,98.0,98.0,98.0,48.0,,,,,20.0,,,,,,,,,1.0,10.0,,,,,,,98057,Bellevue,Renton
3549,3629,3629,2021,305,EB58842,248.0,2021-08-16,17:01,16,8,,33,King,1830,1,,1,1,1,1,0,6,4,,,,12,0,6,0.0,2,0,2,4,2,4,6,0,0,3,3,LIND AVE SW,SW 16th St,-122.2233417,47.466080556,0,4,98,62,4,35,14,0,0,1,5,12,1,1,5,1,5,1,2,53,0,37,402,2012,0,,12,,,,,,1,1,29,1,0.0,,0,0,3,0,11,0,,,,,0.0,0.0,0.0,3.0,1,0,,,,0,,,,,,0,,,,,,14424,36,71.0,999.0,6.0,1.0,0.0,0.0,0.0,0.0,,0,,,,,,0,,,20,0,0,0,8.0,9,8,,,0,,,8,8,8.0,95.0,,,96.0,,,8,95,995.0,,,,,,,,,,,,,,,,,,,,,,,,,,,,,,0,0,0,1,0,0,0,0,0,0,0,0,0,0,0,0,0,0,0,0,0,0,0,0,0,1,0,0,0,1,1,0,0,0,0,,0,0,0,0,0,0,0,0,0,0,0,0,0,0,0,0,,,,,,26-30,26-35,City street,U,Monday,Belt Used,PV,Not Fatal,1,0,0,0,City Street,Municipal/City Police,Renton Police Department,0,0,0,1,0,,,,,,0.0,0.0,0.0,,,,,,,,,,,98.0,98.0,98.0,0.0,,,,,20.0,,,,,,,,,1.0,10.0,,,,,,,98057,Canandaigua,Renton
3550,3630,3630,2021,306,EB58947,278.0,2021-08-16,20:53,16,8,,63,Spokane,2110,1,,3,1,2,1,0,2,2,,,,12,0,6,0.0,8,0,1,7,2,4,6,0,0,0,0,W HOLYOKE AVE,,-117.4619611,47.718052778,0,1,83,72,4,35,14,0,0,1,5,12,1,1,4,1,1,1,2,53,0,20,403,2007,0,,12,,,,,,1,1,21,1,0.0,,3,0,3,0,11,5,,,,,0.0,0.0,0.0,3.0,1,38,,,,96,,,,,,98,,,,,,99205,53,72.0,230.0,6.0,1.0,0.0,0.0,0.0,0.0,,97,,,,,,3,,,1,9,0,0,8.0,9,8,,,0,,,8,8,2.0,695.0,605.0,,1.0,1.0,,2,1,0.17,,,,,,,,,,,,,,,,,,,,,,,,,,,,,,0,0,0,0,1,1,1,1,1,0,0,0,1,0,0,0,0,0,1,0,0,0,0,1,1,0,0,0,0,1,0,0,0,0,0,,0,0,0,0,0,1,1,1,0,1,1,0,0,0,0,1,,,,,,21-25,16-25,City street,U,Monday,Belt Used,PV,Not Fatal,0,0,0,0,City Street,Municipal/City Police,Spokane Police Department,0,0,0,1,0,thc,1.3,carboxy-thc,7.8,,0.0,0.0,0.0,,,,,,,,,,,98.0,98.0,98.0,0.0,,,,,20.0,,,,,,,,,1.0,0.0,,,,,,,99208,Spokane,Spokane
3551,3631,3631,2021,306,EB58947,278.0,2021-08-16,20:53,16,8,,63,Spokane,2110,1,,3,0,0,1,0,2,2,,,,12,0,6,0.0,8,0,1,7,2,4,6,0,0,0,0,W HOLYOKE AVE,,-117.4619611,47.718052778,0,2,82,66,4,0,34,0,0,1,5,12,0,0,0,0,11,1,1,53,0,20,481,2009,0,,12,,,,,,1,1,59,1,7.0,,4,7,3,0,11,0,08/16/2021,20:53,211053042274.0,42274.0,0.0,0.0,3.0,3.0,1,0,,,,96,,,,,,98,,,,,,99208,53,73.0,250.0,6.0,1.0,0.0,0.0,0.0,0.0,,0,,,,,,0,,,1,0,0,0,0.0,9,8,,,0,,,8,8,2.0,996.0,,,1.0,,,2,1,0.046,,,,,,,,,,,,,,,,,,,,,,,,,,,,,,0,0,0,0,1,1,1,1,1,0,0,0,1,0,0,0,0,0,1,0,0,0,0,1,1,0,0,0,0,1,0,0,0,0,0,,1,0,0,0,1,0,1,1,0,0,0,0,0,0,0,1,,,,,,56-60,56-65,City street,U,Monday,Belt Used,PV,White,0,0,0,0,City Street,Municipal/City Police,Spokane Police Department,0,0,0,1,0,,,,,,0.0,0.0,0.0,,,,,,,,,,,98.0,98.0,98.0,1.0,,,,,20.0,,,,,,,,,1.0,0.0,,,,,,,99208,Spokane,Spokane