,index,Unnamed: 0,year,case,par,repjur,crash_dt,crash_tm,accday,accmon,holiday,county,co_char,city,weather,weather2,lightcond,surfcond,surftype,numfatal,nmforms,pforms,vforms,not_tm,arr_tm,hosp_tm,fhevent,hitrun,manncol,milepnt,reljunc,reljuncinter,intersectiontype,funcsystem,landuse,ownership,route,schlbus,spejur,contdev,devfunc,trafid1,trafid2,lon,lat,wk_zone,vnumber,crashtype,criticalevent,criticaleventcat,spdlim,body,trailer,emerg,hazcargo,leave,mhevent,roadalgn,roadprof,traflane,trafflow,vehmanvr,numoccs,regowner,regstate,spuse,make,model,modelyr,vrf1,vrf2,seqevent1,seqevent2,seqevent3,seqevent4,seqevent5,seqevent6,pnumber,ptype,age,sex,hispanic,race,injury,diedscene,restraint,restraintmisuse,seatpos,takehosp,death_dt,death_tm,cert,cernum_wa,commlic,licendor,licrestrict,liccomp,drivpres,drf1,drf2,drf3,drf4,distract1,distract2,distract3,distract4,distract5,distract6,dricond1,dricond2,dricond3,dricond4,dricond5,dricond6,dzip,licstate,drhgt_in,weight,noncdl,noncdltype,prevdwi,prevoth,prevacc,prevspd,prevsus,driviol1,driviol2,driviol3,driviol4,driviol5,driviol6,spdrel,first_dt,last_dt,airbag,ejection,ejectpath,extricat,injurwrk,methalc,methdrug,nmlocat,strikveh,prf1,prf2,prf3,druginv,alcinvol,drugsts,drugres1,drugres2,drugres3,drugtst1,drugtst2,drugtst3,alcsts,alctst,alcres,nmact1,nmact2,nmact3,nmact4,nmact5,nmact6,nmprior1,nmprior2,nmprior3,nmprior4,nmprior5,nmprior6,nmcond1,nmcond2,nmcond3,nmcond4,nmcond5,nmcond6,nmsafe_helmet,nmsafe_pads,nmsafe_oth,nmprev_ref,nmprev_lgt,nmprev_oth,crashlocation,nmcrashtype,crosswalk,schoolzone,sidewalk,train_inv,wildlife_inv,rotr_fars,intersect_fars,dd_inv,aid_inv,dpd_inv,id_inv,mj_inv,impnm_inv,ainm_inv,dpnm_inv,speed_inv,unlic_inv,unendmc_inv,drowsy_inv,drdist_inv,nmdist_inv,fty_inv,unrestfat_inv,dr1617_inv,dr1820_inv,dr1620_inv,dr2125_inv,dr1625_inv,dr65_inv,dr70_inv,dr75_inv,mc_inv,pv_inv,ht_inv,ped_inv,bike_inv,unrest_fat,mc_fat,unhelmet_mc,pv_fat,ht_fat,ped_fat,bike_fat,dr_alc7,dr_alc8,dr_drug,dr_imp,dr_dist,dr_spd,dr_fty,dr_unlic,dr_alc7only,dr_alc8only,dr_drugonly,dr_drink,nm_imp,nm_alc7,nm_alc8,nm_drug,nm_dist,agegrp1,agegrp2,roadclass,urbrur,dayweek,restuse,vehtype,race_me,intersect,lanedep,oppdir,wrongway,rep_typ,investag,repag_long,rotr,st_rd,cty_rd,city_rd,oth_rd,drug_thc,thc_res,drug_cthc,cthc_res,drug_cann,prevpersemin,prevperse,prevsusoth,drugtst4,drugtst5,drugtst6,drugtst7,drugtst8,drugres4,drugres5,drugres6,drugres7,drugres8,adspresent,adsengaged,adslevel,race1,race2,race3,race4,race5,helmet,helmetmisuse,nmdistract1,nmdistract2,nmdistract3,nmdistract4,nmdistract5,nmdistract6,lab,isedtcase,crf1,crf2,crf3,CoRoadName,CoMP,IntCoRoadName,IntCoMP,crashzip,dcity,crashcity
3552,3632,3632,2021,307,EB59087,1.0,2021-08-08,20:15,8,8,,5,Benton,0,1,,5,1,2,2,0,2,2,,,,12,0,6,13.4,2,0,2,4,1,1,3,0,0,20,3,SR-221,SELLARDS RD,-119.6016083,46.131077778,0,1,86,66,4,50,34,0,0,1,2,12,1,1,2,1,1,1,1,53,0,23,471,2003,0,,12,,,,,,1,1,71,1,7.0,,4,7,3,0,11,0,08/08/2021,20:15,53038493.0,38493.0,0.0,0.0,0.0,3.0,1,39,,,,96,,,,,,9,,,,,,98236,53,68.0,125.0,6.0,1.0,0.0,0.0,0.0,0.0,,0,,,,,,0,,,8,0,0,0,0.0,9,8,,,0,,,1,8,2.0,996.0,401.0,417.0,1.0,1.0,1.0,2,1,0.0,,,,,,,,,,,,,,,,,,,,,,,,,,,,,,0,0,0,1,0,0,1,1,0,0,0,0,0,0,0,0,0,0,0,0,0,0,0,0,0,1,1,0,0,1,0,0,0,0,0,,1,0,0,0,0,0,1,1,0,0,0,0,0,0,1,0,,,,,,71-75,66-75,State route,R,Sunday,Belt Used,PV,White,1,0,0,0,State Route,State Patrol,Washington State Patrol,0,1,0,0,0,,,,,,0.0,0.0,0.0,,,,,,,,,,,98.0,98.0,98.0,1.0,,,,,20.0,,,,,,,,,1.0,0.0,,,,,,,99350,Clinton,Prosser
3553,3633,3633,2021,307,EB59087,1.0,2021-08-08,20:15,8,8,,5,Benton,0,1,,5,1,2,2,0,2,2,,,,12,0,6,13.4,2,0,2,4,1,1,3,0,0,0,0,SR-221,SELLARDS RD,-119.6016083,46.131077778,0,2,87,66,4,65,4,0,0,1,2,12,1,1,2,1,1,1,2,53,0,37,32,1996,0,,12,,,,,,1,1,47,1,1.0,,4,7,3,0,11,0,08/08/2021,20:15,53040163.0,40163.0,99.0,9.0,9.0,9.0,1,0,,,,96,,,,,,98,,,,,,99350,99,,999.0,9.0,9.0,99.0,99.0,99.0,99.0,,0,,,,,,0,,,8,0,0,0,0.0,9,8,,,0,,,8,8,2.0,1.0,,,1.0,,,2,1,0.0,,,,,,,,,,,,,,,,,,,,,,,,,,,,,,0,0,0,1,0,0,1,1,0,0,0,0,0,0,0,0,0,0,0,0,0,0,0,0,0,1,1,0,0,1,0,0,0,0,0,,1,0,0,0,0,0,0,0,0,0,0,0,0,0,0,0,,,,,,46-50,46-55,State route,R,Sunday,Belt Used,PV,Hispanic,1,0,0,0,State Route,State Patrol,Washington State Patrol,0,1,0,0,0,,,,,,99.0,99.0,99.0,,,,,,,,,,,0.0,0.0,0.0,298.0,,,,,20.0,,,,,,,,,1.0,0.0,,,,,,,99350,Prosser,Prosser
3554,3634,3634,2021,308,EB59940,5.0,2021-08-10,20:31,10,8,,15,Cowlitz,0,1,,1,1,2,1,1,1,1,,,,8,0,0,23.3,1,0,1,1,1,1,1,0,0,0,0,I-5,,-122.7638389,45.933808333,0,1,13,80,5,60,66,1,0,1,5,8,1,1,3,3,1,1,3,18,0,82,881,2020,0,,8,,,,,,1,1,51,1,0.0,,0,0,3,0,11,0,,,,,6.0,1.0,0.0,3.0,1,0,,,,96,,,,,,98,,,,,,98465,53,76.0,300.0,6.0,1.0,0.0,0.0,0.0,0.0,,0,,,,,,0,,,20,0,0,0,8.0,9,2,,,0,,,8,8,8.0,95.0,,,96.0,,,8,95,995.0,,,,,,,,,,,,,,,,,,,,,,,,,,,,,,0,0,0,0,0,0,0,0,0,0,0,0,0,0,0,0,0,0,0,0,0,0,0,0,0,0,0,0,0,0,1,1,0,0,0,,0,0,0,0,0,0,0,0,0,0,0,0,0,0,0,0,,,,,,51-55,46-55,Interstate,R,Tuesday,,MHTRUCK,Not Fatal,0,0,0,0,State Route,State Patrol,Washington State Patrol,0,1,0,0,0,,,,,,0.0,0.0,0.0,,,,,,,,,,,98.0,98.0,98.0,0.0,,,,,20.0,,,,,,,,,1.0,0.0,,,,,,,98625,Tacoma,Kalama
3555,3635,3635,2021,309,EB59977,3.0,2021-08-15,0:00,15,8,,67,Thurston,0,1,,2,1,2,1,0,1,1,,,,1,0,0,9.2,1,0,1,4,1,1,3,0,0,0,0,SR-510,,-122.6503917,46.985583333,0,1,1,9,1,50,80,0,0,1,2,1,1,1,2,1,6,1,1,53,0,73,706,2004,0,,68,68.0,63.0,1.0,,,1,1,65,1,7.0,,4,7,20,7,11,0,08/15/2021,0:00,53039861.0,39861.0,0.0,0.0,3.0,3.0,1,8,33.0,,,96,,,,,,98,,,,,,98597,53,70.0,190.0,6.0,1.0,1.0,0.0,0.0,0.0,,0,,,,,,4,03/15/2020,03/15/2020,20,8,0,0,0.0,9,8,,,0,,,8,8,2.0,996.0,996.0,,1.0,1.0,,2,1,0.134,,,,,,,,,,,,,,,,,,,,,,,,,,,,,,0,0,1,0,1,1,1,1,0,0,0,0,1,0,0,0,0,0,0,0,0,0,0,0,0,1,0,0,1,0,0,0,0,0,1,0.0,0,0,0,0,0,1,1,1,0,1,0,0,0,0,0,1,,,,,,61-65,56-65,State route,R,Sunday,,MC,White,0,1,0,0,State Route,State Patrol,Washington State Patrol,1,1,0,0,0,,,,,,0.0,1.0,0.0,,,,,,,,,,,0.0,0.0,0.0,1.0,,,,,5.0,,,,,,,,,1.0,0.0,,,,,,,98597,Yelm,Yelm
3556,3636,3636,2021,310,EB60039,290.0,2021-08-19,19:56,19,8,,53,Pierce,2230,1,,1,1,2,2,0,10,4,,,,12,0,6,0.0,2,0,3,1,2,1,1,0,0,3,3,I-5 RAMP,S HOSMER ST,-122.4631722,47.179244444,0,1,83,17,2,35,4,0,0,1,2,12,1,1,5,5,6,2,2,53,0,37,31,1999,0,,12,12.0,12.0,,,,1,1,44,1,7.0,,4,7,99,7,11,0,08/19/2021,19:56,223053042392.0,42392.0,0.0,0.0,0.0,2.0,1,38,,,,96,,,,,,98,,,,,,98466,53,72.0,190.0,1.0,1.0,0.0,0.0,0.0,0.0,,0,,,,,,4,,,1,0,0,0,0.0,9,8,,,0,,,8,8,2.0,177.0,401.0,417.0,1.0,1.0,1.0,2,1,0.0,,,,,,,,,,,,,,,,,,,,,,,,,,,,,,0,0,0,1,0,0,1,1,0,0,0,0,1,1,0,0,0,0,1,0,0,0,0,0,0,0,0,0,0,1,0,0,0,0,0,,1,0,0,0,0,0,1,1,0,1,1,1,0,0,1,0,,,,,,41-45,36-45,Interstate,U,Thursday,Unknown,PV,White,1,0,0,0,State Route,Municipal/City Police,Tacoma Police Department,0,1,0,0,0,,,,,,0.0,0.0,0.0,1.0,1.0,,,,151.0,996.0,,,,0.0,0.0,0.0,1.0,,,,,20.0,,,,,,,,,1.0,0.0,,,,,,,98444,Tacoma,Tacoma
3557,3637,3637,2021,310,EB60039,290.0,2021-08-19,19:56,19,8,,53,Pierce,2230,1,,1,1,2,2,0,10,4,,,,12,0,6,0.0,2,0,3,1,2,1,1,0,0,3,3,I-5 RAMP,S HOSMER ST,-122.4631722,47.179244444,0,2,82,66,4,30,4,0,0,1,2,12,1,1,2,6,11,4,2,53,0,32,42,2014,0,,12,,,,,,1,1,35,1,0.0,,1,0,3,0,11,0,,,,,0.0,0.0,0.0,2.0,1,0,,,,96,,,,,,98,,,,,,98466,53,73.0,150.0,4.0,1.0,0.0,0.0,0.0,0.0,,0,,,,,,0,,,1,0,0,0,8.0,9,8,,,0,,,8,8,8.0,95.0,,,96.0,,,8,95,995.0,,,,,,,,,,,,,,,,,,,,,,,,,,,,,,0,0,0,1,0,0,1,1,0,0,0,0,1,1,0,0,0,0,1,0,0,0,0,0,0,0,0,0,0,1,0,0,0,0,0,,0,0,0,0,0,0,0,0,0,0,0,1,0,0,0,0,,,,,,31-35,26-35,Interstate,U,Thursday,Belt Used,PV,Not Fatal,1,0,0,0,State Route,Municipal/City Police,Tacoma Police Department,0,1,0,0,0,,,,,,0.0,0.0,0.0,,,,,,,,,,,98.0,98.0,98.0,0.0,,,,,20.0,,,,,,,,,1.0,0.0,,,,,,,98444,Tacoma,Tacoma
3558,3638,3638,2021,310,EB60039,290.0,2021-08-19,19:56,19,8,,53,Pierce,2230,1,,1,1,2,2,0,10,4,,,,12,0,6,0.0,2,0,3,1,2,1,1,0,0,3,3,I-5 RAMP,S HOSMER ST,-122.4631722,47.179244444,0,3,98,62,4,35,4,0,0,1,2,12,1,1,5,5,5,3,1,53,0,49,40,1997,0,,12,,,,,,1,1,30,1,0.0,,0,0,3,0,11,0,,,,,0.0,0.0,3.0,3.0,1,0,,,,96,,,,,,98,,,,,,98465,53,67.0,148.0,6.0,1.0,0.0,0.0,0.0,0.0,,0,,,,,,0,,,20,0,0,0,8.0,9,8,,,0,,,8,8,8.0,95.0,,,96.0,,,8,95,995.0,,,,,,,,,,,,,,,,,,,,,,,,,,,,,,0,0,0,1,0,0,1,1,0,0,0,0,1,1,0,0,0,0,1,0,0,0,0,0,0,0,0,0,0,1,0,0,0,0,0,,0,0,0,0,0,0,0,0,0,0,0,0,0,0,0,0,,,,,,26-30,26-35,Interstate,U,Thursday,Belt Used,PV,Not Fatal,1,0,0,0,State Route,Municipal/City Police,Tacoma Police Department,0,1,0,0,0,,,,,,0.0,0.0,0.0,,,,,,,,,,,0.0,0.0,0.0,0.0,,,,,20.0,,,,,,,,,1.0,0.0,,,,,,,98444,Tacoma,Tacoma
3559,3639,3639,2021,310,EB60039,290.0,2021-08-19,19:56,19,8,,53,Pierce,2230,1,,1,1,2,2,0,10,4,,,,12,0,6,0.0,2,0,3,1,2,1,1,0,0,3,3,I-5 RAMP,S HOSMER ST,-122.4631722,47.179244444,0,4,98,62,4,35,34,0,0,1,2,12,1,1,5,5,2,1,2,53,0,7,482,2010,0,,12,,,,,,1,1,46,1,0.0,,1,0,3,0,11,5,,,,,0.0,0.0,0.0,3.0,1,0,,,,96,,,,,,98,,,,,,98408,53,68.0,225.0,6.0,1.0,0.0,0.0,0.0,0.0,,0,,,,,,0,,,1,0,0,0,8.0,9,8,,,0,,,8,8,8.0,95.0,,,96.0,,,8,95,995.0,,,,,,,,,,,,,,,,,,,,,,,,,,,,,,0,0,0,1,0,0,1,1,0,0,0,0,1,1,0,0,0,0,1,0,0,0,0,0,0,0,0,0,0,1,0,0,0,0,0,,0,0,0,0,0,0,0,0,0,0,0,0,0,0,0,0,,,,,,46-50,46-55,Interstate,U,Thursday,Belt Used,PV,Not Fatal,1,0,0,0,State Route,Municipal/City Police,Tacoma Police Department,0,1,0,0,0,,,,,,0.0,0.0,0.0,,,,,,,,,,,98.0,98.0,98.0,0.0,,,,,20.0,,,,,,,,,1.0,0.0,,,,,,,98444,Tacoma,Tacoma
3560,3640,3640,2021,311,EB60320,1.0,2021-08-11,9:09,11,8,,77,Yakima,2220,1,,1,1,2,1,0,3,2,,,,12,0,6,69.7,1,0,1,1,2,1,1,0,0,0,0,I-82,,-119.9648361,46.300858333,0,1,47,53,3,70,14,0,0,1,2,12,1,1,2,2,15,2,1,53,0,18,405,2018,0,,12,,,,,,1,1,83,1,7.0,,4,7,3,0,11,0,08/11/2021,9:09,222053039357.0,39357.0,0.0,0.0,3.0,3.0,1,27,,,,96,,,,,,98,,,,,,98938,53,69.0,200.0,6.0,1.0,0.0,0.0,0.0,0.0,,0,,,,,,0,,,8,0,0,0,0.0,9,8,,,0,,,8,8,2.0,996.0,,,1.0,,,2,1,0.0,,,,,,,,,,,,,,,,,,,,,,,,,,,,,,0,0,0,0,0,0,1,1,0,0,0,0,0,0,0,0,0,0,0,0,0,0,0,0,0,1,1,1,0,1,1,0,0,0,0,,1,0,0,0,0,0,1,1,0,0,0,0,0,0,1,0,,,,,,81+,76+,Interstate,U,Wednesday,Belt Used,PV,White,0,0,0,0,State Route,State Patrol,Washington State Patrol,0,1,0,0,0,,,,,,0.0,0.0,0.0,,,,,,,,,,,98.0,98.0,98.0,1.0,,,,,20.0,,,,,,,,,1.0,0.0,,,,,,,98930,Outlook,Grandview
3561,3641,3641,2021,311,EB60320,1.0,2021-08-11,9:09,11,8,,77,Yakima,2220,1,,1,1,2,1,0,3,2,,,,12,0,6,69.7,1,0,1,1,2,1,1,0,0,0,0,I-82,,-119.9648361,46.300858333,0,2,45,61,4,60,66,1,0,1,2,12,1,1,2,2,1,1,3,18,0,82,881,2019,0,,12,,,,,,1,1,46,2,0.0,,0,0,3,0,11,0,,,,,6.0,1.0,0.0,3.0,1,0,,,,96,,,,,,98,,,,,,98539,53,61.0,140.0,6.0,1.0,0.0,0.0,0.0,0.0,,0,,,,,,0,,,20,0,0,0,8.0,9,2,,,0,,,8,8,0.0,0.0,,,0.0,,,0,0,996.0,,,,,,,,,,,,,,,,,,,,,,,,,,,,,,0,0,0,0,0,0,1,1,0,0,0,0,0,0,0,0,0,0,0,0,0,0,0,0,0,1,1,1,0,1,1,0,0,0,0,,0,0,0,0,0,0,0,0,0,0,0,0,0,0,0,0,,,,,,46-50,46-55,Interstate,U,Wednesday,,MHTRUCK,Not Fatal,0,0,0,0,State Route,State Patrol,Washington State Patrol,0,1,0,0,0,,,,,,0.0,0.0,0.0,,,,,,,,,,,98.0,98.0,98.0,0.0,,,,,20.0,,,,,,,,,1.0,0.0,,,,,,,98930,Doty,Grandview
3562,3642,3642,2021,312,EB60816,7.0,2021-08-19,23:39,19,8,,33,King,0,1,,2,1,2,1,0,3,2,,,,12,0,1,25.8,1,0,1,2,2,1,3,0,0,0,0,SR-18,,-121.8979861,47.473933333,0,1,24,51,3,55,80,0,0,1,2,12,1,2,2,3,1,2,1,53,0,72,706,2003,0,,12,,,,,,1,1,39,1,0.0,,1,0,20,7,11,8,,,,,0.0,0.0,0.0,3.0,1,0,,,,96,,,,,,9,,,,,,98022,53,75.0,230.0,6.0,1.0,0.0,0.0,0.0,1.0,,1,,,,,,4,11/15/2019,11/15/2019,20,8,0,0,8.0,9,8,,,0,,,8,1,2.0,695.0,605.0,,1.0,1.0,,2,1,0.13,,,,,,,,,,,,,,,,,,,,,,,,,,,,,,0,0,0,0,1,1,1,1,1,0,0,0,1,0,0,0,0,0,0,0,0,0,0,0,0,0,0,0,1,1,0,0,0,0,0,0.0,0,0,0,0,0,1,1,1,0,1,0,0,0,0,0,1,,,,,,36-40,36-45,State route,U,Thursday,,MC,Not Fatal,0,0,0,0,State Route,State Patrol,Washington State Patrol,0,1,0,0,0,thc,2.1,carboxy-thc,6.8,,0.0,0.0,0.0,,,,,,,,,,,0.0,0.0,0.0,0.0,,,,,5.0,,,,,,,,,1.0,0.0,,,,,,,98027,Enumclaw,Issaquah
3563,3643,3643,2021,312,EB60816,7.0,2021-08-19,23:39,19,8,,33,King,0,1,,2,1,2,1,0,3,2,,,,12,0,1,25.8,1,0,1,2,2,1,3,0,0,0,0,SR-18,,-121.8979861,47.473933333,0,2,25,53,3,55,14,1,0,1,5,12,1,2,2,3,1,1,1,53,0,2,407,2016,0,,12,,,,,,1,1,37,1,0.0,,0,0,3,0,11,0,,,,,0.0,0.0,0.0,3.0,1,0,,,,96,,,,,,98,,,,,,98346,53,70.0,180.0,6.0,1.0,0.0,0.0,0.0,0.0,,0,,,,,,0,,,20,0,0,0,8.0,9,8,,,0,,,8,8,0.0,0.0,,,0.0,,,0,0,996.0,,,,,,,,,,,,,,,,,,,,,,,,,,,,,,0,0,0,0,1,1,1,1,1,0,0,0,1,0,0,0,0,0,0,0,0,0,0,0,0,0,0,0,1,1,0,0,0,0,0,,0,0,0,0,0,0,0,0,0,0,0,0,0,0,0,0,,,,,,36-40,36-45,State route,U,Thursday,Belt Used,PV,Not Fatal,0,0,0,0,State Route,State Patrol,Washington State Patrol,0,1,0,0,0,,,,,,0.0,0.0,0.0,,,,,,,,,,,98.0,98.0,98.0,0.0,,,,,20.0,,,,,,,,,1.0,0.0,,,,,,,98027,Kingston,Issaquah
3564,3644,3644,2021,314,3835802,263.0,2021-07-14,11:10,14,7,,33,King,1960,1,,1,1,1,1,1,1,1,,,,8,1,0,0.0,1,0,1,7,2,4,6,0,0,0,0,37TH AVE S,,-122.2859333,47.515286111,0,1,13,80,5,20,61,0,0,1,5,8,1,2,8,1,1,1,3,53,0,38,882,2012,0,,8,,,,,,1,1,45,1,0.0,,0,0,99,7,11,0,,,,,0.0,0.0,0.0,3.0,1,0,,,,96,,,,,,98,,,,,,98375,53,69.0,250.0,6.0,1.0,0.0,0.0,0.0,0.0,,0,,,,,,0,,,20,0,0,0,8.0,9,8,,,0,,,8,8,8.0,95.0,,,96.0,,,8,95,995.0,,,,,,,,,,,,,,,,,,,,,,,,,,,,,,0,0,0,0,0,0,0,0,0,0,0,0,0,0,0,0,0,1,0,0,0,0,0,0,0,0,0,0,0,0,1,1,0,0,0,,0,0,0,0,0,0,0,0,0,0,0,0,0,0,0,0,,,,,,41-45,36-45,City street,U,Wednesday,,MHTRUCK,Not Fatal,0,0,0,0,City Street,Municipal/City Police,Seattle Police Department,0,0,0,1,0,,,,,,0.0,0.0,0.0,,,,,,,,,,,98.0,98.0,98.0,0.0,,,,,20.0,,,,,,,,,1.0,0.0,,,,,,,98118,Puyallup,Seattle
3565,3645,3645,2021,315,EB60893,290.0,2021-08-22,13:28,22,8,,53,Pierce,2230,10,,1,1,2,1,0,2,2,,,,12,0,6,0.0,2,0,2,4,2,4,6,0,0,0,0,S 56TH ST,S I St,-122.4458611,47.206386111,0,1,68,15,2,30,4,0,0,1,2,12,1,1,2,1,11,1,2,53,0,42,48,2001,0,,12,,,,,,1,1,36,1,0.0,,0,0,3,0,11,0,,,,,0.0,0.0,3.0,3.0,1,38,,,,96,,,,,,98,,,,,,98404,53,71.0,165.0,6.0,1.0,0.0,1.0,0.0,3.0,,97,,,,,,0,08/15/2017,09/15/2021,20,0,0,0,8.0,2,8,,,0,,,8,0,8.0,95.0,,,96.0,,,2,10,0.0,,,,,,,,,,,,,,,,,,,,,,,,,,,,,,0,0,0,1,0,0,0,0,0,0,0,0,0,0,0,0,0,0,1,0,0,0,0,0,0,0,0,0,1,1,0,0,0,0,0,,0,0,0,0,0,0,0,0,0,0,1,0,0,0,0,0,,,,,,36-40,36-45,City street,U,Sunday,Belt Used,PV,Not Fatal,1,0,0,0,City Street,Municipal/City Police,Tacoma Police Department,0,0,0,1,0,,,,,,0.0,0.0,0.0,,,,,,,,,,,98.0,98.0,98.0,0.0,,,,,20.0,,,,,,,,,1.0,0.0,,,,,,,98408,Tacoma,Tacoma
3566,3646,3646,2021,315,EB60893,290.0,2021-08-22,13:28,22,8,,53,Pierce,2230,10,,1,1,2,1,0,2,2,,,,12,0,6,0.0,2,0,2,4,2,4,6,0,0,0,0,S 56TH ST,S I St,-122.4458611,47.206386111,0,2,69,62,4,30,80,0,0,1,2,12,1,1,2,1,1,1,1,53,0,37,705,1989,0,,12,,,,,,1,1,40,1,7.0,,4,7,20,7,11,0,08/22/2021,13:28,223053041925.0,41925.0,0.0,0.0,0.0,3.0,1,0,,,,96,,,,,,98,,,,,,98403,53,71.0,200.0,6.0,1.0,0.0,0.0,0.0,0.0,,0,,,,,,0,,,20,8,0,0,0.0,9,8,,,0,,,8,8,2.0,1.0,,,1.0,,,2,1,0.0,,,,,,,,,,,,,,,,,,,,,,,,,,,,,,0,0,0,1,0,0,0,0,0,0,0,0,0,0,0,0,0,0,1,0,0,0,0,0,0,0,0,0,1,1,0,0,0,0,1,0.0,0,0,0,0,0,0,0,0,0,0,0,0,0,0,0,0,,,,,,36-40,36-45,City street,U,Sunday,,MC,White,1,0,0,0,City Street,Municipal/City Police,Tacoma Police Department,0,0,0,1,0,,,,,,0.0,0.0,0.0,,,,,,,,,,,0.0,0.0,0.0,1.0,,,,,5.0,,,,,,,,,1.0,0.0,,,,,,,98408,Tacoma,Tacoma
3567,3647,3647,2021,317,EB61224,3.0,2021-08-02,16:14,2,8,,53,Pierce,2230,1,,1,1,2,1,0,1,1,,,,25,0,0,0.3,5,1,1,1,2,1,1,0,0,0,0,I-5 RAMP,,-122.4632194,47.229113889,0,1,1,12,2,98,4,0,0,1,2,25,2,2,2,6,14,1,1,53,0,37,32,2005,0,,64,69.0,63.0,25.0,1.0,,1,1,34,1,7.0,,4,7,99,7,11,0,08/02/2021,16:14,223053037451.0,37451.0,0.0,0.0,3.0,3.0,1,0,,,,92,,,,,,98,,,,,,98405,53,68.0,200.0,6.0,1.0,0.0,4.0,0.0,4.0,,0,,,,,,0,06/15/2017,11/15/2021,8,1,9,0,0.0,9,8,,,0,,,8,8,2.0,402.0,605.0,,1.0,1.0,,2,1,0.156,,,,,,,,,,,,,,,,,,,,,,,,,,,,,,0,0,1,0,1,1,1,1,1,0,0,0,0,0,0,0,1,0,0,0,0,0,0,0,0,0,0,0,0,1,0,0,0,0,0,,1,0,0,0,0,1,1,1,1,0,0,0,0,0,0,1,,,,,,31-35,26-35,Interstate,U,Monday,Unknown,PV,Black,0,1,0,0,State Route,State Patrol,Washington State Patrol,1,1,0,0,0,thc,8.1,,,,0.0,0.0,3.0,,,,,,,,,,,98.0,98.0,98.0,2.0,,,,,20.0,,,,,,,,nms,1.0,0.0,,,,,,,98409,Tacoma,Tacoma
3568,3648,3648,2021,318,EB61237,109.0,2021-08-23,5:27,23,8,,17,Douglas,570,1,,3,1,2,1,0,3,3,,,,12,0,2,3.1,1,0,1,2,2,1,3,0,0,0,0,SR-28,,-120.2975306,47.423113889,0,1,50,54,3,40,34,0,0,1,2,12,1,1,2,2,1,1,2,53,0,12,481,2012,0,,12,12.0,1.0,,,,1,1,18,1,1.0,,4,7,20,7,11,0,08/23/2021,5:27,57053041526.0,41526.0,6.0,0.0,0.0,3.0,1,51,,,,92,,,,,,98,,,,,,98812,53,74.0,250.0,6.0,1.0,0.0,1.0,0.0,4.0,,0,,,,,,0,07/15/2020,10/15/2021,8,2,9,0,0.0,9,8,,,0,,,8,8,2.0,1.0,,,1.0,,,2,1,0.02,,,,,,,,,,,,,,,,,,,,,,,,,,,,,,0,0,0,0,1,0,0,0,0,0,0,0,0,0,0,0,1,0,0,1,0,1,1,0,1,0,0,0,0,1,0,0,0,1,0,,1,0,0,0,1,0,0,0,1,0,0,0,1,0,0,1,,,,,,18-20,16-25,State route,U,Monday,Not Used,PV,Hispanic,0,1,1,0,State Route,Municipal/City Police,East Wenatchee Police Department,0,1,0,0,0,,,,,,0.0,0.0,0.0,,,,,,,,,,,98.0,98.0,98.0,1.0,,,,,20.0,,,,,,,,,1.0,0.0,,,,,,,98802,Brewster,East Wenatchee
3569,3649,3649,2021,318,EB61237,109.0,2021-08-23,5:27,23,8,,17,Douglas,570,1,,3,1,2,1,0,3,3,,,,12,0,2,3.1,1,0,1,2,2,1,3,0,0,0,0,SR-28,,-120.2975306,47.423113889,0,2,51,54,3,40,14,0,0,1,2,12,1,1,2,2,1,1,1,53,0,35,401,2014,0,,12,,,,,,1,1,48,2,0.0,,2,0,3,0,11,5,,,,,0.0,0.0,0.0,3.0,1,0,,,,92,,,,,,98,,,,,,98802,53,61.0,240.0,6.0,1.0,0.0,0.0,0.0,0.0,,0,,,,,,0,,,8,0,0,0,8.0,9,8,,,0,,,8,8,8.0,95.0,,,96.0,,,9,99,999.0,,,,,,,,,,,,,,,,,,,,,,,,,,,,,,0,0,0,0,1,0,0,0,0,0,0,0,0,0,0,0,1,0,0,1,0,1,1,0,1,0,0,0,0,1,0,0,0,0,0,,0,0,0,0,0,0,0,0,1,0,0,0,0,0,0,0,,,,,,46-50,46-55,State route,U,Monday,Belt Used,PV,Not Fatal,0,1,1,0,State Route,Municipal/City Police,East Wenatchee Police Department,0,1,0,0,0,,,,,,0.0,0.0,0.0,,,,,,,,,,,98.0,98.0,98.0,0.0,,,,,20.0,,,,,,,,,1.0,0.0,,,,,,,98802,East Wenatchee,East Wenatchee