,index,Unnamed: 0,year,case,par,repjur,crash_dt,crash_tm,accday,accmon,holiday,county,co_char,city,weather,weather2,lightcond,surfcond,surftype,numfatal,nmforms,pforms,vforms,not_tm,arr_tm,hosp_tm,fhevent,hitrun,manncol,milepnt,reljunc,reljuncinter,intersectiontype,funcsystem,landuse,ownership,route,schlbus,spejur,contdev,devfunc,trafid1,trafid2,lon,lat,wk_zone,vnumber,crashtype,criticalevent,criticaleventcat,spdlim,body,trailer,emerg,hazcargo,leave,mhevent,roadalgn,roadprof,traflane,trafflow,vehmanvr,numoccs,regowner,regstate,spuse,make,model,modelyr,vrf1,vrf2,seqevent1,seqevent2,seqevent3,seqevent4,seqevent5,seqevent6,pnumber,ptype,age,sex,hispanic,race,injury,diedscene,restraint,restraintmisuse,seatpos,takehosp,death_dt,death_tm,cert,cernum_wa,commlic,licendor,licrestrict,liccomp,drivpres,drf1,drf2,drf3,drf4,distract1,distract2,distract3,distract4,distract5,distract6,dricond1,dricond2,dricond3,dricond4,dricond5,dricond6,dzip,licstate,drhgt_in,weight,noncdl,noncdltype,prevdwi,prevoth,prevacc,prevspd,prevsus,driviol1,driviol2,driviol3,driviol4,driviol5,driviol6,spdrel,first_dt,last_dt,airbag,ejection,ejectpath,extricat,injurwrk,methalc,methdrug,nmlocat,strikveh,prf1,prf2,prf3,druginv,alcinvol,drugsts,drugres1,drugres2,drugres3,drugtst1,drugtst2,drugtst3,alcsts,alctst,alcres,nmact1,nmact2,nmact3,nmact4,nmact5,nmact6,nmprior1,nmprior2,nmprior3,nmprior4,nmprior5,nmprior6,nmcond1,nmcond2,nmcond3,nmcond4,nmcond5,nmcond6,nmsafe_helmet,nmsafe_pads,nmsafe_oth,nmprev_ref,nmprev_lgt,nmprev_oth,crashlocation,nmcrashtype,crosswalk,schoolzone,sidewalk,train_inv,wildlife_inv,rotr_fars,intersect_fars,dd_inv,aid_inv,dpd_inv,id_inv,mj_inv,impnm_inv,ainm_inv,dpnm_inv,speed_inv,unlic_inv,unendmc_inv,drowsy_inv,drdist_inv,nmdist_inv,fty_inv,unrestfat_inv,dr1617_inv,dr1820_inv,dr1620_inv,dr2125_inv,dr1625_inv,dr65_inv,dr70_inv,dr75_inv,mc_inv,pv_inv,ht_inv,ped_inv,bike_inv,unrest_fat,mc_fat,unhelmet_mc,pv_fat,ht_fat,ped_fat,bike_fat,dr_alc7,dr_alc8,dr_drug,dr_imp,dr_dist,dr_spd,dr_fty,dr_unlic,dr_alc7only,dr_alc8only,dr_drugonly,dr_drink,nm_imp,nm_alc7,nm_alc8,nm_drug,nm_dist,agegrp1,agegrp2,roadclass,urbrur,dayweek,restuse,vehtype,race_me,intersect,lanedep,oppdir,wrongway,rep_typ,investag,repag_long,rotr,st_rd,cty_rd,city_rd,oth_rd,drug_thc,thc_res,drug_cthc,cthc_res,drug_cann,prevpersemin,prevperse,prevsusoth,drugtst4,drugtst5,drugtst6,drugtst7,drugtst8,drugres4,drugres5,drugres6,drugres7,drugres8,adspresent,adsengaged,adslevel,race1,race2,race3,race4,race5,helmet,helmetmisuse,nmdistract1,nmdistract2,nmdistract3,nmdistract4,nmdistract5,nmdistract6,lab,isedtcase,crf1,crf2,crf3,CoRoadName,CoMP,IntCoRoadName,IntCoMP,crashzip,dcity,crashcity
3570,3650,3650,2021,318,EB61237,109.0,2021-08-23,5:27,23,8,,17,Douglas,570,1,,3,1,2,1,0,3,3,,,,12,0,2,3.1,1,0,1,2,2,1,3,0,0,0,0,SR-28,,-120.2975306,47.423113889,0,3,98,54,3,40,6,0,0,1,2,12,1,1,2,2,1,1,1,53,0,48,38,2001,0,,12,,,,,,1,1,38,1,0.0,,2,0,3,0,11,5,,,,,0.0,0.0,3.0,3.0,1,0,,,,96,,,,,,98,,,,,,98802,53,69.0,170.0,6.0,1.0,0.0,0.0,0.0,0.0,,0,,,,,,0,,,20,0,0,0,8.0,9,8,,,0,,,8,8,8.0,95.0,,,96.0,,,9,99,999.0,,,,,,,,,,,,,,,,,,,,,,,,,,,,,,0,0,0,0,1,0,0,0,0,0,0,0,0,0,0,0,1,0,0,1,0,1,1,0,1,0,0,0,0,1,0,0,0,0,0,,0,0,0,0,0,0,0,0,0,0,0,0,0,0,0,0,,,,,,36-40,36-45,State route,U,Monday,Belt Used,PV,Not Fatal,0,1,1,0,State Route,Municipal/City Police,East Wenatchee Police Department,0,1,0,0,0,,,,,,0.0,0.0,0.0,,,,,,,,,,,98.0,98.0,98.0,0.0,,,,,20.0,,,,,,,,,1.0,0.0,,,,,,,98802,East Wenatchee,East Wenatchee
3571,3651,3651,2021,319,EB61849,25.0,2021-08-24,13:01,24,8,,33,King,0,1,,1,1,1,1,0,2,2,,,,12,0,6,2.3,1,0,1,4,1,2,4,0,0,0,0,CR-SE AUBURN BLACK DIAM,,-122.1441278,47.316172222,0,1,66,10,2,40,80,0,0,1,2,12,1,2,2,1,6,1,2,53,0,73,705,2009,0,,12,,,,,,1,1,28,1,7.0,,4,7,20,7,11,0,08/24/2021,13:01,53042890.0,42890.0,0.0,0.0,0.0,3.0,1,33,,,,96,,,,,,98,,,,,,98002,53,73.0,180.0,6.0,1.0,0.0,1.0,0.0,1.0,,0,,,,,,4,04/15/2017,05/15/2018,20,8,0,0,0.0,9,8,,,0,,,8,8,2.0,605.0,,,1.0,,,2,1,0.0,,,,,,,,,,,,,,,,,,,,,,,,,,,,,,0,0,0,0,0,0,1,1,1,0,0,0,1,1,0,0,0,0,0,0,0,0,0,0,0,0,0,0,1,0,1,0,0,0,1,0.0,0,0,0,0,0,0,1,1,0,1,0,0,0,0,1,0,,,,,,26-30,26-35,County road,R,Tuesday,,MC,Black,0,1,1,0,County Road,County Sheriff,King County Police,0,0,1,0,0,thc,0.62,,,,0.0,0.0,3.0,,,,,,,,,,,0.0,0.0,0.0,2.0,,,,,5.0,,,,,,,,nms,1.0,0.0,,,AUBURN BLACK DIAMOND RD,2.28,,,98092,Auburn,Auburn
3572,3652,3652,2021,319,EB61849,25.0,2021-08-24,13:01,24,8,,33,King,0,1,,1,1,1,1,0,2,2,,,,12,0,6,2.3,1,0,1,4,1,2,4,0,0,0,0,CR-SE AUBURN BLACK DIAM,,-122.1441278,47.316172222,0,2,66,62,4,40,61,0,0,1,5,12,1,2,2,1,1,1,3,53,0,12,881,2012,0,,12,,,,,,1,1,40,1,0.0,,0,0,99,7,11,0,,,,,0.0,0.0,0.0,2.0,1,0,,,,96,,,,,,98,,,,,,98506,53,66.0,150.0,1.0,1.0,1.0,1.0,0.0,6.0,,0,,,,,,0,04/15/2017,03/15/2021,20,0,0,0,8.0,9,8,,,0,,,8,8,0.0,0.0,,,0.0,,,0,0,996.0,,,,,,,,,,,,,,,,,,,,,,,,,,,,,,0,0,0,0,0,0,1,1,1,0,0,0,1,1,0,0,0,0,0,0,0,0,0,0,0,0,0,0,1,0,1,0,0,0,0,,0,0,0,0,0,0,0,0,0,0,0,1,0,0,0,0,,,,,,36-40,36-45,County road,R,Tuesday,,MHTRUCK,Not Fatal,0,1,1,0,County Road,County Sheriff,King County Police,0,0,1,0,0,,,,,,0.0,1.0,2.0,,,,,,,,,,,98.0,98.0,98.0,0.0,,,,,20.0,,,,,,,,,1.0,0.0,,,AUBURN BLACK DIAMOND RD,2.28,,,98092,Olympia,Auburn
3573,3653,3653,2021,320,EB61883,305.0,2021-08-24,16:09,24,8,,11,Clark,2370,1,,1,1,2,1,1,5,3,,,,12,0,6,0.3,3,0,2,3,2,1,6,0,0,3,3,NE FOURTH PLAIN BLVD,NE VANCOUVER MALL DR,-122.5755528,45.657566667,0,1,98,8,1,35,14,0,0,1,2,8,1,1,5,5,1,1,4,41,0,30,403,2021,0,,63,69.0,12.0,68.0,8.0,,1,1,82,1,0.0,,0,0,3,0,11,0,,,,,0.0,0.0,3.0,3.0,1,0,,,,96,,,,,,98,,,,,,98661,53,76.0,236.0,6.0,1.0,0.0,0.0,0.0,0.0,,97,,,,,,0,,,20,0,0,0,8.0,9,2,,,0,,,8,8,0.0,0.0,,,0.0,,,0,0,996.0,,,,,,,,,,,,,,,,,,,,,,,,,,,,,,0,0,0,1,0,0,0,0,0,1,0,1,0,0,0,0,0,0,0,0,0,0,0,1,1,1,1,1,0,1,0,1,0,0,0,,0,0,0,0,0,0,0,0,0,0,0,0,0,0,0,0,,,,,,81+,76+,City street,U,Tuesday,Belt Used,PV,Not Fatal,1,0,0,0,State Route,Municipal/City Police,Vancouver Police Department,0,1,0,0,0,,,,,,0.0,0.0,0.0,,,,,,,,,,,98.0,98.0,98.0,0.0,,,,,20.0,,,,,,,,,1.0,0.0,,,,,,,98662,Vancouver,Vancouver
3574,3654,3654,2021,320,EB61883,305.0,2021-08-24,16:09,24,8,,11,Clark,2370,1,,1,1,2,1,1,5,3,,,,12,0,6,0.3,3,0,2,3,2,1,6,0,0,3,3,NE FOURTH PLAIN BLVD,NE VANCOUVER MALL DR,-122.5755528,45.657566667,0,2,98,98,7,35,6,0,0,1,5,12,1,1,5,1,10,2,1,53,0,48,34,2005,0,,12,68.0,12.0,,,,1,1,23,1,0.0,,0,0,3,0,11,0,,,,,0.0,0.0,0.0,3.0,1,0,,,,96,,,,,,98,,,,,,98626,53,66.0,120.0,6.0,1.0,0.0,0.0,0.0,0.0,,0,,,,,,0,,,20,0,0,0,8.0,9,8,,,0,,,8,8,8.0,95.0,,,96.0,,,8,95,995.0,,,,,,,,,,,,,,,,,,,,,,,,,,,,,,0,0,0,1,0,0,0,0,0,1,0,1,0,0,0,0,0,0,0,0,0,0,0,1,1,1,1,1,0,1,0,1,0,0,0,,0,0,0,0,0,0,0,0,0,0,0,0,0,0,0,0,,,,,,21-25,16-25,City street,U,Tuesday,Belt Used,PV,Not Fatal,1,0,0,0,State Route,Municipal/City Police,Vancouver Police Department,0,1,0,0,0,,,,,,0.0,0.0,0.0,,,,,,,,,,,98.0,98.0,98.0,0.0,,,,,20.0,,,,,,,,,1.0,0.0,,,,,,,98662,Kelso,Vancouver
3575,3655,3655,2021,320,EB61883,305.0,2021-08-24,16:09,24,8,,11,Clark,2370,1,,1,1,2,1,1,5,3,,,,12,0,6,0.3,3,0,2,3,2,1,6,0,0,3,3,NE FOURTH PLAIN BLVD,NE VANCOUVER MALL DR,-122.5755528,45.657566667,0,3,98,62,4,35,14,0,0,1,5,12,1,1,5,1,5,2,2,53,0,2,404,2016,0,,12,,,,,,1,1,27,8,0.0,,0,0,3,0,11,0,,,,,0.0,0.0,0.0,3.0,1,0,,,,96,,,,,,98,,,,,,98661,53,75.0,245.0,6.0,1.0,0.0,1.0,0.0,0.0,,0,,,,,,0,03/15/2018,10/15/2019,20,0,0,0,8.0,9,8,,,0,,,8,8,8.0,95.0,,,96.0,,,8,95,995.0,,,,,,,,,,,,,,,,,,,,,,,,,,,,,,0,0,0,1,0,0,0,0,0,1,0,1,0,0,0,0,0,0,0,0,0,0,0,1,1,1,1,1,0,1,0,1,0,0,0,,0,0,0,0,0,0,0,0,0,0,0,0,0,0,0,0,,,,,,26-30,26-35,City street,U,Tuesday,Belt Used,PV,Not Fatal,1,0,0,0,State Route,Municipal/City Police,Vancouver Police Department,0,1,0,0,0,,,,,,0.0,0.0,1.0,,,,,,,,,,,98.0,98.0,98.0,0.0,,,,,20.0,,,,,,,,,1.0,0.0,,,,,,,98662,Vancouver,Vancouver
3576,3656,3656,2021,321,3906392,263.0,2021-07-23,22:46,23,7,,33,King,1960,1,,3,1,1,1,0,2,2,,,,12,0,1,34.0,3,0,3,3,2,1,3,0,0,3,3,SR-99,ROOSEVELT WAY N,-122.3450861,47.733577778,0,1,20,50,3,35,4,0,0,1,2,12,1,1,5,5,1,1,1,53,0,37,32,1995,0,,12,,,,,,1,1,21,1,7.0,,4,7,3,0,11,0,07/23/2021,22:46,196053036246.0,36246.0,0.0,0.0,3.0,3.0,1,0,,,,96,,,,,,98,,,,,,98133,53,66.0,140.0,6.0,1.0,0.0,0.0,0.0,0.0,,0,,,,,,0,,,1,0,0,0,0.0,9,8,,,0,,,8,8,2.0,1.0,,,1.0,,,2,1,0.0,,,,,,,,,,,,,,,,,,,,,,,,,,,,,,0,0,0,1,0,0,1,1,1,0,0,0,0,0,0,0,0,0,0,0,0,0,0,1,1,0,0,0,0,1,1,0,0,0,0,,1,0,0,0,0,0,0,0,0,0,0,0,0,0,0,0,,,,,,21-25,16-25,State route,U,Friday,Belt Used,PV,White,1,0,0,0,State Route,Municipal/City Police,Seattle Police Department,0,1,0,0,0,,,,,,0.0,0.0,0.0,,,,,,,,,,,0.0,0.0,0.0,1.0,,,,,20.0,,,,,,,,,1.0,0.0,,,,,,,98133,Seattle,Seattle
3577,3657,3657,2021,321,3906392,263.0,2021-07-23,22:46,23,7,,33,King,1960,1,,3,1,1,1,0,2,2,,,,12,0,1,34.0,3,0,3,3,2,1,3,0,0,3,3,SR-99,ROOSEVELT WAY N,-122.3450861,47.733577778,0,2,21,53,3,35,66,2,0,1,5,12,1,1,5,5,5,1,3,41,0,82,881,2021,0,,12,,,,,,1,1,38,1,0.0,,0,0,3,0,11,0,,,,,6.0,3.0,0.0,3.0,1,0,,,,96,,,,,,98,,,,,,98372,53,75.0,215.0,6.0,1.0,0.0,0.0,0.0,0.0,,0,,,,,,0,,,20,0,0,0,8.0,9,8,,,0,,,8,8,2.0,605.0,,,1.0,,,2,1,0.0,,,,,,,,,,,,,,,,,,,,,,,,,,,,,,0,0,0,1,0,0,1,1,1,0,0,0,0,0,0,0,0,0,0,0,0,0,0,1,1,0,0,0,0,1,1,0,0,0,0,,0,0,0,0,0,0,1,1,0,0,0,0,0,0,1,0,,,,,,36-40,36-45,State route,U,Friday,,MHTRUCK,Not Fatal,1,0,0,0,State Route,Municipal/City Police,Seattle Police Department,0,1,0,0,0,,,,,,0.0,0.0,0.0,,,,,,,,,,,98.0,98.0,98.0,0.0,,,,,20.0,,,,,,,,,1.0,0.0,,,,,,,98133,Puyallup,Seattle
3578,3658,3658,2021,323,EB62133,21.0,2021-08-05,14:25,5,8,,25,Grant,0,1,,1,1,2,2,0,3,2,,,,12,0,6,12.1,2,0,2,6,1,2,4,0,0,20,3,CR-ROAD 11 SW,RD E SW,-119.6005694,46.928261111,0,1,89,17,2,55,6,0,0,1,2,12,1,1,2,1,4,2,2,53,0,35,49,2004,0,,12,63.0,1.0,,,,1,1,46,1,1.0,,4,7,3,0,11,0,08/05/2021,14:25,53039233.0,39233.0,0.0,0.0,0.0,2.0,1,38,,,,92,,,,,,98,,,,,,99344,53,65.0,165.0,1.0,1.0,0.0,0.0,0.0,0.0,,0,,,,,,0,,,8,0,0,0,0.0,9,8,,,0,,,8,8,2.0,1.0,,,1.0,,,2,1,0.0,,,,,,,,,,,,,,,,,,,,,,,,,,,,,,0,0,0,1,0,0,0,0,0,0,0,0,0,1,0,0,1,0,1,0,0,0,0,0,0,0,0,0,0,1,1,0,0,0,0,,1,0,0,0,0,0,0,0,1,0,1,1,0,0,0,0,,,,,,46-50,46-55,County road,R,Thursday,Belt Used,PV,Hispanic,1,0,0,0,County Road,County Sheriff,Grant County Sheriff's Office,0,0,1,0,0,,,,,,0.0,0.0,0.0,,,,,,,,,,,98.0,98.0,98.0,298.0,,,,,20.0,,,,,,,,,1.0,0.0,,,11 SW,12.07,E SW,1.0,99357,Othello,Royal City
3579,3659,3659,2021,323,EB62133,21.0,2021-08-05,14:25,5,8,,25,Grant,0,1,,1,1,2,2,0,3,2,,,,12,0,6,12.1,2,0,2,6,1,2,4,0,0,0,0,CR-ROAD 11 SW,RD E SW,-119.6005694,46.928261111,0,2,88,66,4,55,66,0,0,1,2,12,1,1,2,1,1,1,3,53,0,82,881,2006,0,,12,,,,,,1,1,57,1,0.0,,0,0,3,0,11,0,,,,,6.0,3.0,3.0,3.0,1,0,,,,96,,,,,,98,,,,,,98922,53,69.0,160.0,6.0,1.0,0.0,1.0,0.0,0.0,,0,,,,,,0,04/15/2019,04/15/2019,20,0,0,0,8.0,9,8,,,0,,,8,8,8.0,95.0,,,96.0,,,8,95,995.0,,,,,,,,,,,,,,,,,,,,,,,,,,,,,,0,0,0,1,0,0,0,0,0,0,0,0,0,1,0,0,1,0,1,0,0,0,0,0,0,0,0,0,0,1,1,0,0,0,0,,0,0,0,0,0,0,0,0,0,0,0,0,0,0,0,0,,,,,,56-60,56-65,County road,R,Thursday,,MHTRUCK,Not Fatal,1,0,0,0,County Road,County Sheriff,Grant County Sheriff's Office,0,0,1,0,0,,,,,,0.0,0.0,0.0,,,,,,,,,,,98.0,98.0,98.0,0.0,,,,,20.0,,,,,,,,,1.0,0.0,,,11 SW,12.07,E SW,1.0,99357,Cle Elum,Royal City
3580,3660,3660,2021,324,EB62134,21.0,2021-08-07,6:01,7,8,,25,Grant,0,1,,9,1,4,1,0,2,1,,,,58,0,0,9.5,1,0,1,7,1,2,4,0,0,0,0,CR-ROAD 9 NE,,-119.2617194,47.21915,0,1,6,12,2,50,4,0,0,1,2,58,1,2,8,1,1,2,2,53,0,49,32,2009,0,,64,67.0,58.0,1.0,,,1,1,19,2,1.0,,4,7,3,0,11,0,08/07/2021,6:01,53038978.0,38978.0,0.0,0.0,0.0,0.0,1,0,,,,92,,,,,,98,,,,,,99344,53,62.0,115.0,0.0,0.0,0.0,0.0,0.0,0.0,,0,,,,,,4,,,20,0,0,0,0.0,9,8,,,0,,,8,8,2.0,1.0,,,1.0,,,2,1,0.0,,,,,,,,,,,,,,,,,,,,,,,,,,,,,,0,0,1,0,0,0,0,0,0,0,0,0,1,1,0,0,1,0,0,0,0,1,1,0,1,0,0,0,0,1,0,0,0,0,0,,1,0,0,0,0,0,0,0,1,1,0,1,0,0,0,0,,,,,,18-20,16-25,County road,R,Saturday,Belt Used,PV,Hispanic,0,1,0,0,County Road,County Sheriff,Grant County Sheriff's Office,1,0,1,0,0,,,,,,0.0,0.0,0.0,,,,,,,,,,,98.0,98.0,98.0,1.0,,,,,20.0,,,,,,,,,1.0,0.0,,,,9.52,,,98837,Othello,Moses Lake
3581,3661,3661,2021,325,EB62668,7.0,2021-08-20,7:14,20,8,,33,King,1050,10,,1,1,1,1,0,3,2,,,,25,0,0,17.9,19,1,1,1,2,1,1,0,0,0,0,I-405,,-122.1848,47.676363889,0,1,6,8,1,60,4,0,0,1,2,25,1,1,7,3,1,1,1,53,0,37,31,2006,0,,64,25.0,69.0,12.0,63.0,39.0,1,1,51,2,7.0,,4,0,3,0,11,5,08/20/2021,9:01,196053041350.0,41350.0,0.0,0.0,0.0,3.0,1,0,,,,96,,,,,,1,,,,,,98028,53,65.0,135.0,6.0,1.0,0.0,1.0,0.0,0.0,,0,,,,,,0,08/15/2017,08/15/2017,8,0,0,0,0.0,9,8,,,0,,,8,8,2.0,348.0,401.0,,1.0,1.0,,2,1,0.0,,,,,,,,,,,,,,,,,,,,,,,,,,,,,,0,0,1,0,0,0,1,1,0,0,0,0,0,0,0,0,0,0,0,0,0,0,0,0,0,0,0,0,0,1,0,0,0,0,0,,1,0,0,0,0,0,1,1,0,0,0,0,0,0,1,0,,,,,,51-55,46-55,Interstate,U,Friday,Belt Used,PV,White,0,1,0,0,State Route,State Patrol,Washington State Patrol,1,1,0,0,0,,,,,,0.0,0.0,0.0,,,,,,,,,,,98.0,98.0,98.0,1.0,,,,,20.0,,,,,,,,,1.0,0.0,,,,,,,98033,Kenmore,Kirkland
3582,3662,3662,2021,325,EB62668,7.0,2021-08-20,7:14,20,8,,33,King,1050,10,,1,1,1,1,0,3,2,,,,25,0,0,17.9,19,1,1,1,2,1,1,0,0,0,0,I-405,,-122.1848,47.676363889,0,2,98,61,4,60,15,0,0,1,2,12,1,1,7,3,16,2,2,53,0,20,422,2011,0,,12,63.0,39.0,,,,1,1,44,2,0.0,,1,0,3,0,11,5,,,,,0.0,0.0,3.0,3.0,1,0,,,,96,,,,,,98,,,,,,98033,53,61.0,110.0,6.0,1.0,0.0,0.0,0.0,0.0,,0,,,,,,0,,,8,0,0,0,8.0,9,8,,,0,,,8,8,0.0,0.0,,,0.0,,,0,0,996.0,,,,,,,,,,,,,,,,,,,,,,,,,,,,,,0,0,1,0,0,0,1,1,0,0,0,0,0,0,0,0,0,0,0,0,0,0,0,0,0,0,0,0,0,1,0,0,0,0,0,,0,0,0,0,0,0,0,0,0,0,0,0,0,0,0,0,,,,,,41-45,36-45,Interstate,U,Friday,Belt Used,PV,Not Fatal,0,1,0,0,State Route,State Patrol,Washington State Patrol,1,1,0,0,0,,,,,,0.0,0.0,0.0,,,,,,,,,,,98.0,98.0,98.0,0.0,,,,,20.0,,,,,,,,,1.0,0.0,,,,,,,98033,Kirkland,Kirkland
3583,3663,3663,2021,326,EB62748,184.0,2021-08-27,12:37,27,8,,61,Snohomish,1215,2,,1,2,2,1,1,2,1,,,,8,0,0,42.1,3,0,3,3,2,1,3,0,0,20,3,SR-99,VALUE VILLAGE,-122.2973028,47.841738889,0,1,13,80,5,98,15,0,0,1,2,8,1,1,3,1,10,2,1,53,0,23,421,2006,0,,8,,,,,,1,1,45,1,0.0,,0,0,3,0,11,0,,,,,0.0,0.0,0.0,3.0,1,38,,,,96,,,,,,98,,,,,,98133,53,67.0,180.0,6.0,1.0,0.0,0.0,0.0,0.0,,2,,,,,,0,,,20,0,0,0,8.0,9,8,,,0,,,8,8,8.0,95.0,,,96.0,,,8,95,995.0,,,,,,,,,,,,,,,,,,,,,,,,,,,,,,0,0,0,1,0,0,0,0,0,0,0,0,0,0,0,0,0,0,1,0,0,0,0,0,0,0,0,0,0,1,0,1,0,0,0,,0,0,0,0,0,0,0,0,0,0,1,0,0,0,0,0,,,,,,41-45,36-45,State route,U,Friday,Belt Used,PV,Not Fatal,0,0,0,0,State Route,Municipal/City Police,Lynnwood Police Department,0,1,0,0,0,,,,,,0.0,0.0,0.0,,,,,,,,,,,98.0,98.0,98.0,0.0,,,,,20.0,,,,,,,,,1.0,0.0,,,,,,,98037,Seattle,Lynnwood
3584,3664,3664,2021,327,EB63072,1.0,2021-08-29,10:44,29,8,,77,Yakima,2590,1,,1,1,2,1,0,1,1,,,,21,0,0,31.4,1,0,1,1,2,1,1,0,0,0,0,I-82,,-120.5074,46.626369444,0,1,1,13,2,60,6,0,0,1,2,21,1,1,2,3,1,1,2,53,0,20,23,2008,0,,63,21.0,,,,,1,1,73,1,7.0,,4,7,20,7,11,0,08/29/2021,10:44,259053043686.0,43686.0,0.0,0.0,0.0,3.0,1,0,,,,96,,,,,,98,,,,,,98901,53,78.0,280.0,6.0,1.0,0.0,0.0,0.0,0.0,,0,,,,,,0,,,1,0,0,0,0.0,1,1,,,0,,,0,0,2.0,1.0,,,1.0,,,2,1,0.0,,,,,,,,,,,,,,,,,,,,,,,,,,,,,,0,0,1,0,0,0,0,0,0,0,0,0,0,0,0,0,0,0,0,1,0,0,0,0,0,1,1,0,0,1,0,0,0,1,0,,1,0,0,0,0,0,0,0,0,0,0,0,0,0,0,0,,,,,,71-75,66-75,Interstate,U,Sunday,Not Used,PV,White,0,1,0,0,State Route,State Patrol,Washington State Patrol,1,1,0,0,0,,,,,,0.0,0.0,0.0,,,,,,,,,,,98.0,98.0,98.0,1.0,,,,,20.0,,,,,,,,,1.0,0.0,,,,,,,98901,Yakima,Yakima
3585,3665,3665,2021,328,EB63125,222.0,2021-08-27,7:45,27,8,,67,Thurston,1590,1,,1,1,2,1,0,1,1,,,,42,0,0,0.0,1,0,1,5,2,4,6,0,0,0,0,WHEELER AVE SE,,-122.8816083,47.035038889,0,1,7,6,1,98,4,0,0,1,2,42,2,4,2,1,14,1,0,41,0,55,35,1999,0,,68,64.0,42.0,,,,1,1,25,1,7.0,,4,7,20,7,11,0,08/27/2021,7:45,159053043282.0,43282.0,0.0,0.0,0.0,0.0,1,0,,,,96,,,,,,98,,,,,,98501,53,70.0,145.0,0.0,0.0,0.0,0.0,0.0,0.0,,0,,,,,,4,,,1,0,0,0,0.0,9,8,,,0,,,8,8,2.0,177.0,401.0,417.0,1.0,1.0,1.0,2,1,0.0,,,,,,,,,,,,,,,,,,,,,,,,,,,,,,0,0,0,0,0,0,1,1,0,0,0,0,1,1,0,0,0,0,0,1,0,0,0,1,1,0,0,0,0,1,0,0,0,1,0,,1,0,0,0,0,0,1,1,0,1,0,1,0,0,1,0,,,,,,21-25,16-25,City street,U,Friday,Not Used,PV,AIAN,0,1,0,0,City Street,Municipal/City Police,Olympia Police Department,1,0,0,1,0,,,,,,0.0,0.0,0.0,,,,,,,,,,,0.0,0.0,0.0,3.0,,,,,20.0,,,,,,,,,1.0,0.0,,,,,,,98501,Olympia,Olympia
3586,3666,3666,2021,329,EB63186,3.0,2021-08-10,20:54,10,8,,53,Pierce,0,1,,3,1,2,1,0,2,2,,,,12,0,1,44.7,1,0,1,3,2,1,3,0,0,0,0,SR-7,,-122.3981333,47.053497222,0,1,24,51,3,50,4,0,0,1,2,12,1,1,5,5,1,1,1,53,0,20,2,2017,0,,12,63.0,38.0,30.0,1.0,,1,1,48,1,7.0,,4,0,3,0,11,0,08/10/2021,21:53,223053039691.0,39691.0,0.0,0.0,0.0,3.0,1,0,,,,96,,,,,,98,,,,,,39367,28,74.0,315.0,6.0,1.0,0.0,0.0,98.0,0.0,,0,,,,,,4,,,8,0,0,0,0.0,9,8,,,0,,,8,8,2.0,1.0,,,1.0,,,2,1,0.185,,,,,,,,,,,,,,,,,,,,,,,,,,,,,,0,0,0,0,1,1,0,1,0,0,0,0,1,1,0,0,0,0,0,0,0,0,0,0,0,0,0,0,0,1,0,0,0,0,0,,1,0,0,0,0,1,0,1,0,1,0,0,0,1,0,1,,,,,,46-50,46-55,State route,U,Tuesday,Belt Used,PV,Multiracial,0,0,0,0,State Route,State Patrol,Washington State Patrol,0,1,0,0,0,,,,,,0.0,0.0,0.0,,,,,,,,,,,98.0,98.0,98.0,201.0,202.0,,,,20.0,,,,,,,,,1.0,0.0,,,,,,,98387,Waynesboro,Spanaway
3587,3667,3667,2021,329,EB63186,3.0,2021-08-10,20:54,10,8,,53,Pierce,0,1,,3,1,2,1,0,2,2,,,,12,0,1,44.7,1,0,1,3,2,1,3,0,0,0,0,SR-7,,-122.3981333,47.053497222,0,2,25,53,3,50,4,0,0,1,5,12,1,1,5,5,1,1,9,99,0,41,49,2005,0,,12,,,,,,1,1,38,1,0.0,,0,0,3,0,11,0,,,,,0.0,0.0,0.0,2.0,1,0,,,,96,,,,,,98,,,,,,98445,53,72.0,180.0,1.0,1.0,0.0,3.0,0.0,3.0,,0,,,,,,0,12/15/2016,09/15/2017,20,0,0,0,8.0,9,8,,,0,,,8,8,8.0,95.0,,,96.0,,,8,95,995.0,,,,,,,,,,,,,,,,,,,,,,,,,,,,,,0,0,0,0,1,1,0,1,0,0,0,0,1,1,0,0,0,0,0,0,0,0,0,0,0,0,0,0,0,1,0,0,0,0,0,,0,0,0,0,0,0,0,0,0,0,0,1,0,0,0,0,,,,,,36-40,36-45,State route,U,Tuesday,Belt Used,PV,Not Fatal,0,0,0,0,State Route,State Patrol,Washington State Patrol,0,1,0,0,0,,,,,,0.0,0.0,5.0,,,,,,,,,,,98.0,98.0,98.0,0.0,,,,,20.0,,,,,,,,,1.0,0.0,,,,,,,98387,Tacoma,Spanaway
3588,3668,3668,2021,330,3889826,344.0,2021-08-20,20:27,20,8,,77,Yakima,0,1,,2,1,2,2,0,2,1,,,,1,0,0,57.7,1,0,1,3,1,1,2,0,3,0,0,US-97,,-120.3206333,46.321969444,0,1,2,13,2,60,4,0,0,1,2,1,3,1,2,1,14,2,2,41,0,20,22,2006,0,,63,1.0,,,,,1,1,73,1,7.0,,4,0,3,0,11,0,08/21/2021,3:37,259053040650.0,40650.0,0.0,0.0,0.0,0.0,1,58,,,,96,,,,,,9,,,,,,97761,41,69.0,160.0,0.0,0.0,0.0,0.0,0.0,0.0,,0,,,,,,0,06/15/2019,06/15/2020,20,0,0,0,0.0,9,8,,,0,,,8,1,2.0,695.0,605.0,,1.0,1.0,,2,1,0.231,,,,,,,,,,,,,,,,,,,,,,,,,,,,,,0,0,0,0,1,1,1,1,1,0,0,0,0,1,0,0,0,0,0,1,0,0,0,0,0,1,1,0,0,1,0,0,0,0,0,,1,0,0,0,0,1,1,1,0,0,0,1,0,0,0,1,,,,,,71-75,66-75,US highway,R,Friday,Belt Used,PV,AIAN,0,1,0,0,State Route,Other Law Enforcement,Yakama Tribal Police Department,1,1,0,0,0,thc,13.0,carboxy-thc,31.0,,0.0,1.0,5.0,,,,,,,,,,,98.0,98.0,98.0,3.0,,,,,20.0,,,,,,,,nms,1.0,0.0,,,,,,,98948,Warm Springs,Toppenish