,index,Unnamed: 0,year,case,par,repjur,crash_dt,crash_tm,accday,accmon,holiday,county,co_char,city,weather,weather2,lightcond,surfcond,surftype,numfatal,nmforms,pforms,vforms,not_tm,arr_tm,hosp_tm,fhevent,hitrun,manncol,milepnt,reljunc,reljuncinter,intersectiontype,funcsystem,landuse,ownership,route,schlbus,spejur,contdev,devfunc,trafid1,trafid2,lon,lat,wk_zone,vnumber,crashtype,criticalevent,criticaleventcat,spdlim,body,trailer,emerg,hazcargo,leave,mhevent,roadalgn,roadprof,traflane,trafflow,vehmanvr,numoccs,regowner,regstate,spuse,make,model,modelyr,vrf1,vrf2,seqevent1,seqevent2,seqevent3,seqevent4,seqevent5,seqevent6,pnumber,ptype,age,sex,hispanic,race,injury,diedscene,restraint,restraintmisuse,seatpos,takehosp,death_dt,death_tm,cert,cernum_wa,commlic,licendor,licrestrict,liccomp,drivpres,drf1,drf2,drf3,drf4,distract1,distract2,distract3,distract4,distract5,distract6,dricond1,dricond2,dricond3,dricond4,dricond5,dricond6,dzip,licstate,drhgt_in,weight,noncdl,noncdltype,prevdwi,prevoth,prevacc,prevspd,prevsus,driviol1,driviol2,driviol3,driviol4,driviol5,driviol6,spdrel,first_dt,last_dt,airbag,ejection,ejectpath,extricat,injurwrk,methalc,methdrug,nmlocat,strikveh,prf1,prf2,prf3,druginv,alcinvol,drugsts,drugres1,drugres2,drugres3,drugtst1,drugtst2,drugtst3,alcsts,alctst,alcres,nmact1,nmact2,nmact3,nmact4,nmact5,nmact6,nmprior1,nmprior2,nmprior3,nmprior4,nmprior5,nmprior6,nmcond1,nmcond2,nmcond3,nmcond4,nmcond5,nmcond6,nmsafe_helmet,nmsafe_pads,nmsafe_oth,nmprev_ref,nmprev_lgt,nmprev_oth,crashlocation,nmcrashtype,crosswalk,schoolzone,sidewalk,train_inv,wildlife_inv,rotr_fars,intersect_fars,dd_inv,aid_inv,dpd_inv,id_inv,mj_inv,impnm_inv,ainm_inv,dpnm_inv,speed_inv,unlic_inv,unendmc_inv,drowsy_inv,drdist_inv,nmdist_inv,fty_inv,unrestfat_inv,dr1617_inv,dr1820_inv,dr1620_inv,dr2125_inv,dr1625_inv,dr65_inv,dr70_inv,dr75_inv,mc_inv,pv_inv,ht_inv,ped_inv,bike_inv,unrest_fat,mc_fat,unhelmet_mc,pv_fat,ht_fat,ped_fat,bike_fat,dr_alc7,dr_alc8,dr_drug,dr_imp,dr_dist,dr_spd,dr_fty,dr_unlic,dr_alc7only,dr_alc8only,dr_drugonly,dr_drink,nm_imp,nm_alc7,nm_alc8,nm_drug,nm_dist,agegrp1,agegrp2,roadclass,urbrur,dayweek,restuse,vehtype,race_me,intersect,lanedep,oppdir,wrongway,rep_typ,investag,repag_long,rotr,st_rd,cty_rd,city_rd,oth_rd,drug_thc,thc_res,drug_cthc,cthc_res,drug_cann,prevpersemin,prevperse,prevsusoth,drugtst4,drugtst5,drugtst6,drugtst7,drugtst8,drugres4,drugres5,drugres6,drugres7,drugres8,adspresent,adsengaged,adslevel,race1,race2,race3,race4,race5,helmet,helmetmisuse,nmdistract1,nmdistract2,nmdistract3,nmdistract4,nmdistract5,nmdistract6,lab,isedtcase,crf1,crf2,crf3,CoRoadName,CoMP,IntCoRoadName,IntCoMP,crashzip,dcity,crashcity
3589,3669,3669,2021,331,EB63518,20.0,2021-08-07,18:30,7,8,,23,Garfield,0,1,,1,1,4,1,0,1,1,,,,30,0,0,,1,0,1,7,1,2,4,0,0,0,0,CR-KESSLER MILL RD,,-117.5132444,46.01025,0,1,1,13,2,50,90,0,0,1,5,30,4,1,8,8,14,1,0,0,0,37,734,2005,0,,63,30.0,,,,,1,1,65,1,7.0,,4,7,20,7,11,0,08/07/2021,18:30,53038429.0,38429.0,0.0,0.0,0.0,1.0,1,0,,,,96,,,,,,98,,,,,,99320,53,67.0,190.0,6.0,1.0,0.0,0.0,0.0,1.0,,0,,,,,,0,07/15/2017,07/15/2017,20,9,0,0,0.0,9,8,,,0,,,8,8,2.0,1.0,,,1.0,,,2,1,0.176,,,,,,,,,,,,,,,,,,,,,,,,,,,,,,0,0,1,0,1,1,0,1,0,0,0,0,0,0,0,0,0,0,0,0,0,0,0,0,0,1,0,0,0,0,0,0,0,0,0,,0,0,0,0,0,1,0,1,0,0,0,0,0,1,0,1,,,,,,61-65,56-65,County road,R,Saturday,,OTHVT,White,0,1,0,0,County Road,County Sheriff,Garfield County Sheriff's Office,1,0,1,0,0,,,,,,0.0,0.0,0.0,,,,,,,,,,,0.0,0.0,0.0,1.0,,,,,17.0,,,,,,,,,1.0,0.0,,,KESSLER MILL RD,0.5,,,97828,Benton City,Enterprise
3590,3670,3670,2021,332,EB63713,25.0,2021-08-26,21:49,26,8,,33,King,0,10,,2,2,2,1,0,1,1,,,,42,0,0,1.1,1,0,1,6,1,2,4,0,0,0,0,CR-244TH AVE SE,,-122.0157917,47.413502778,0,1,2,9,1,35,2,0,0,1,5,42,1,2,2,1,1,1,1,53,0,12,4,1996,0,,63,42.0,53.0,43.0,,,1,1,29,1,7.0,,4,7,20,7,11,0,08/26/2021,21:49,53044009.0,44009.0,0.0,0.0,0.0,3.0,1,0,,,,96,,,,,,98,,,,,,98038,53,64.0,110.0,6.0,1.0,0.0,0.0,0.0,0.0,,0,,,,,,4,,,20,0,0,0,0.0,9,8,,,0,,,8,8,2.0,695.0,605.0,,1.0,1.0,,2,1,0.183,,,,,,,,,,,,,,,,,,,,,,,,,,,,,,0,0,0,0,1,1,1,1,1,0,0,0,1,0,0,0,0,0,0,1,0,0,0,0,0,0,0,0,0,1,0,0,0,1,0,,1,0,0,0,0,1,1,1,0,1,0,0,0,0,0,1,,,,,,26-30,26-35,County road,R,Thursday,Not Used,PV,White,0,1,0,0,County Road,County Sheriff,King County Police,1,0,1,0,0,thc,30.0,carboxy-thc,37.0,,0.0,0.0,0.0,,,,,,,,,,,0.0,0.0,0.0,1.0,,,,,20.0,,,,,,,,nms,1.0,0.0,,,244 AVE SE,1.124,,,98038,Maple Valley,Maple Valley
3591,3671,3671,2021,333,EB63718,1.0,2021-08-28,6:43,28,8,,21,Franklin,0,1,,1,1,2,1,0,1,1,,,,1,0,0,37.4,1,0,1,2,1,1,2,0,0,0,0,US-395,,-119.0838611,46.364944444,0,1,1,13,2,70,4,0,0,1,2,1,3,1,2,2,14,1,2,53,0,12,37,2007,0,,63,1.0,,,,,1,1,19,1,1.0,,4,7,20,7,11,0,08/28/2021,6:43,53042820.0,42820.0,0.0,0.0,0.0,3.0,1,0,,,,92,,,,,,98,,,,,,99336,53,71.0,135.0,6.0,1.0,0.0,3.0,1.0,5.0,,0,,,,,,3,07/15/2019,05/15/2021,20,1,9,0,0.0,9,8,,,0,,,8,8,2.0,402.0,407.0,996.0,1.0,1.0,1.0,2,1,0.157,,,,,,,,,,,,,,,,,,,,,,,,,,,,,,0,0,1,0,1,1,1,1,1,0,0,0,1,0,0,0,1,0,0,1,0,1,1,0,1,0,0,0,0,1,0,0,0,1,0,,1,0,0,0,0,1,1,1,1,1,0,0,0,0,0,1,,,,,,18-20,16-25,US highway,R,Saturday,Not Used,PV,Hispanic,0,1,0,0,State Route,State Patrol,Washington State Patrol,1,1,0,0,0,thc,5.4,carboxy-thc,83.0,,0.0,0.0,2.0,1.0,1.0,,,,695.0,605.0,,,,98.0,98.0,98.0,1.0,,,,,20.0,,,,,,,,nms,1.0,0.0,,,,,,,99301,Kennewick,Pasco
3592,3672,3672,2021,335,EB64306,3.0,2021-08-14,12:05,14,8,,53,Pierce,0,10,,1,1,2,1,0,1,1,,,,1,0,0,9.8,3,0,2,3,2,1,3,0,0,0,0,SR-410,262ND ST E,-122.0803972,47.162205556,0,1,1,13,2,55,82,0,0,1,2,1,1,1,2,1,11,1,1,53,0,72,706,2010,0,,63,1.0,,,,,1,1,53,2,7.0,,4,7,20,7,11,0,08/14/2021,12:05,53040612.0,40612.0,0.0,0.0,0.0,2.0,1,48,,,,96,,,,,,98,,,,,,98391,53,64.0,155.0,6.0,1.0,1.0,1.0,0.0,0.0,,0,,,,,,0,01/15/2017,01/15/2017,20,8,0,0,0.0,9,8,,,0,,,8,8,2.0,1.0,,,1.0,,,2,1,0.127,,,,,,,,,,,,,,,,,,,,,,,,,,,,,,0,0,1,1,1,1,0,1,0,0,0,0,0,0,1,0,0,0,0,0,0,0,0,0,0,0,0,0,1,0,0,0,0,0,1,0.0,0,0,0,0,0,1,0,1,0,0,0,0,0,1,0,1,,,,,,51-55,46-55,State route,U,Saturday,,MC,White,1,0,0,0,State Route,State Patrol,Washington State Patrol,0,1,0,0,0,,,,,,0.0,1.0,1.0,,,,,,,,,,,0.0,0.0,0.0,1.0,,,,,5.0,,,,,,,,,1.0,0.0,,,,,,,98321,Bonney Lake,Buckley
3593,3673,3673,2021,336,EB64581,4.0,2021-08-29,20:25,29,8,,63,Spokane,0,1,,5,1,2,1,1,2,2,,,,9,0,0,170.1,2,0,2,3,2,1,2,0,0,3,3,US-395,HAWTHORNE,-117.4108889,47.751172222,0,1,13,83,5,45,14,0,0,1,2,9,1,1,5,1,1,1,1,53,0,37,404,2019,0,,9,,,,,,1,1,55,2,0.0,,0,0,3,0,11,0,,,,,0.0,0.0,0.0,3.0,1,0,,,,96,,,,,,9,,,,,,99218,53,64.0,250.0,6.0,1.0,0.0,0.0,0.0,0.0,,12,,,,,,0,,,20,0,0,0,8.0,9,1,,,0,,,1,8,2.0,695.0,605.0,,1.0,1.0,,2,1,0.0,,,,,,,,,,,,,,,,,,,,,,,,,,,,,,0,0,0,1,0,0,1,1,1,1,0,1,0,0,0,0,0,0,0,0,0,1,1,0,1,0,0,0,0,1,0,0,1,0,0,,0,0,0,0,0,0,1,1,0,0,0,0,0,0,1,0,,,,,,51-55,46-55,US highway,U,Sunday,Belt Used,PV,Not Fatal,1,0,0,0,State Route,State Patrol,Washington State Patrol,0,1,0,0,0,thc,1.8,carboxy-thc,29.0,,0.0,0.0,0.0,,,,,,,,,,,98.0,98.0,98.0,0.0,,,,,20.0,,,,,,,,,1.0,0.0,,,,,,,99218,Spokane,Spokane
3594,3674,3674,2021,336,EB64581,4.0,2021-08-29,20:25,29,8,,63,Spokane,0,1,,5,1,2,1,1,2,2,,,,9,0,0,170.1,2,0,2,3,2,1,2,0,0,3,3,US-395,HAWTHORNE,-117.4108889,47.751172222,0,2,98,83,5,45,4,0,0,1,5,9,1,1,5,1,1,1,2,53,0,37,31,2015,0,,9,,,,,,1,1,20,2,0.0,,0,0,3,0,11,0,,,,,0.0,0.0,3.0,3.0,1,0,,,,96,,,,,,98,,,,,,99208,53,63.0,105.0,6.0,2.0,0.0,0.0,0.0,0.0,,0,,,,,,0,,,20,0,0,0,8.0,9,8,,,0,,,8,8,0.0,0.0,,,0.0,,,0,0,996.0,,,,,,,,,,,,,,,,,,,,,,,,,,,,,,0,0,0,1,0,0,1,1,1,1,0,1,0,0,0,0,0,0,0,0,0,1,1,0,1,0,0,0,0,1,0,0,1,0,0,,0,0,0,0,0,0,0,0,0,0,0,0,0,0,0,0,,,,,,18-20,16-25,US highway,U,Sunday,Belt Used,PV,Not Fatal,1,0,0,0,State Route,State Patrol,Washington State Patrol,0,1,0,0,0,,,,,,0.0,0.0,0.0,,,,,,,,,,,98.0,98.0,98.0,0.0,,,,,20.0,,,,,,,,,1.0,0.0,,,,,,,99218,Spokane,Spokane
3595,3675,3675,2021,337,EB64590,127.0,2021-09-02,18:47,2,9,,33,King,735,1,,1,1,1,1,0,2,2,,,,12,0,6,0.0,2,0,3,4,2,4,6,0,0,0,0,SW 320TH ST,43rd Pl SW,-122.3882,47.315177778,0,1,68,15,2,35,61,0,0,1,5,12,1,1,5,5,11,1,3,53,0,7,881,2009,0,,12,,,,,,1,1,24,1,0.0,,1,0,3,0,11,0,,,,,0.0,0.0,0.0,2.0,1,48,,,,96,,,,,,98,,,,,,98023,53,71.0,230.0,1.0,1.0,0.0,2.0,1.0,5.0,,97,,,,,,0,11/15/2016,11/15/2020,20,0,0,0,8.0,9,8,,,0,,,8,8,0.0,0.0,,,0.0,,,0,0,996.0,,,,,,,,,,,,,,,,,,,,,,,,,,,,,,0,0,0,1,0,0,0,0,0,0,0,0,0,1,0,0,0,0,0,1,0,0,0,1,1,0,0,0,0,1,1,0,0,0,0,,0,0,0,0,0,0,0,0,0,0,0,1,0,0,0,0,,,,,,21-25,16-25,City street,U,Thursday,,MHTRUCK,Not Fatal,1,0,0,0,City Street,Municipal/City Police,Federal Way Dept of Public Safety,0,0,0,1,0,,,,,,0.0,0.0,2.0,,,,,,,,,,,98.0,98.0,98.0,0.0,,,,,20.0,,,,,,,,,1.0,0.0,,,,,,,98023,Federal Way,Federal Way
3596,3676,3676,2021,337,EB64590,127.0,2021-09-02,18:47,2,9,,33,King,735,1,,1,1,1,1,0,2,2,,,,12,0,6,0.0,2,0,3,4,2,4,6,0,0,0,0,SW 320TH ST,43rd Pl SW,-122.3882,47.315177778,0,2,69,62,4,35,2,0,0,1,2,12,1,1,5,5,1,1,1,53,0,37,31,1994,0,,12,,,,,,1,1,27,1,7.0,,4,7,20,7,11,0,09/02/2021,18:47,73553046545.0,46545.0,0.0,0.0,0.0,3.0,1,0,,,,96,,,,,,98,,,,,,98387,53,66.0,260.0,6.0,1.0,0.0,1.0,1.0,0.0,,0,,,,,,0,07/15/2017,09/15/2018,9,0,0,0,0.0,9,8,,,0,,,8,8,2.0,1.0,,,1.0,,,2,1,0.0,,,,,,,,,,,,,,,,,,,,,,,,,,,,,,0,0,0,1,0,0,0,0,0,0,0,0,0,1,0,0,0,0,0,1,0,0,0,1,1,0,0,0,0,1,1,0,0,1,0,,1,0,0,0,0,0,0,0,0,0,0,0,0,0,0,0,,,,,,26-30,26-35,City street,U,Thursday,Not Used,PV,API,1,0,0,0,City Street,Municipal/City Police,Federal Way Dept of Public Safety,0,0,0,1,0,,,,,,0.0,0.0,0.0,,,,,,,,,,,0.0,0.0,0.0,38.0,,,,,20.0,,,,,,,,,1.0,0.0,,,,,,,98023,Spanaway,Federal Way
3597,3677,3677,2021,338,EB64623,5.0,2021-08-29,17:07,29,8,,11,Clark,2370,1,,1,1,2,1,0,1,1,,,,25,0,0,1.0,5,1,1,1,2,1,1,0,0,0,0,I-205 RAMP,,-122.5687556,45.653469444,0,1,6,12,2,98,80,0,0,1,2,25,2,4,1,6,14,1,3,53,0,73,703,2013,0,,64,25.0,,,,,1,1,61,1,7.0,,4,0,20,7,11,5,08/31/2021,20:22,237053044154.0,44154.0,0.0,0.0,0.0,2.0,1,30,,,,96,,,,,,98,,,,,,91977,6,71.0,160.0,3.0,1.0,0.0,0.0,0.0,0.0,,0,,,,,,4,,,20,8,0,0,0.0,9,8,,,0,,,8,8,2.0,1.0,,,1.0,,,2,1,0.066,,,,,,,,,,,,,,,,,,,,,,,,,,,,,,0,0,1,0,1,0,0,0,0,0,0,0,1,1,1,0,0,0,0,0,0,0,0,0,0,0,0,0,1,0,0,0,0,0,1,0.0,0,0,0,0,1,0,0,0,0,1,0,1,1,0,0,1,,,,,,61-65,56-65,Interstate,U,Sunday,,MC,White,1,0,0,0,State Route,State Patrol,Washington State Patrol,0,1,0,0,0,,,,,,0.0,0.0,0.0,,,,,,,,,,,0.0,0.0,0.0,1.0,,,,,5.0,,,,,,,,,1.0,0.0,,,,,,,98662,Spring Valley,Vancouver
3598,3678,3678,2021,339,EB64828,330.0,2021-08-29,21:35,29,8,,77,Yakima,2590,1,,2,1,2,1,1,1,1,,,,8,0,0,0.0,1,0,1,3,2,4,6,0,0,0,0,N 16TH AVE,,-120.5303722,46.621119444,0,1,13,80,5,35,34,0,0,1,5,8,1,2,5,5,1,1,1,53,0,12,481,1998,0,,8,,,,,,1,1,79,1,0.0,,0,0,3,0,11,0,,,,,0.0,0.0,0.0,3.0,1,0,,,,96,,,,,,98,,,,,,98948,53,68.0,165.0,6.0,1.0,0.0,0.0,2.0,0.0,,0,,,,,,0,02/15/2019,10/15/2021,20,0,0,0,8.0,9,2,,,0,,,8,8,2.0,1.0,,,1.0,,,2,1,0.0,,,,,,,,,,,,,,,,,,,,,,,,,,,,,,0,0,0,0,0,0,0,0,0,1,0,1,0,0,0,0,0,0,0,0,0,0,0,0,0,1,1,1,0,1,0,1,0,0,0,,0,0,0,0,0,0,0,0,0,0,0,0,0,0,0,0,,,,,,76-80,76+,City street,U,Sunday,Belt Used,PV,Not Fatal,0,0,0,0,City Street,Municipal/City Police,Yakima Police Department,0,0,0,1,0,,,,,,0.0,0.0,0.0,,,,,,,,,,,0.0,0.0,0.0,0.0,,,,,20.0,,,,,,,,,1.0,0.0,,,,,,,98902,Toppenish,Yakima
3599,3679,3679,2021,340,EB64981,31.0,2021-09-03,18:30,3,9,,45,Mason,0,1,,1,1,2,1,0,1,1,,,,42,0,0,2.0,1,0,1,6,1,2,4,0,0,0,0,CR-SE KAMILCHE POINT RD,,-123.0630556,47.139572222,0,1,2,8,1,35,14,0,0,1,2,42,1,3,2,1,1,1,2,53,0,12,401,2002,0,,68,68.0,63.0,42.0,1.0,,1,1,19,1,7.0,,4,7,3,0,11,0,09/03/2021,18:30,53044297.0,44297.0,0.0,0.0,0.0,3.0,1,58,,,,92,,,,,,98,,,,,,98584,53,75.0,195.0,6.0,1.0,0.0,0.0,0.0,0.0,,0,,,,,,0,,,8,0,0,0,0.0,9,8,,,0,,,8,8,2.0,1.0,,,1.0,,,2,1,0.0,,,,,,,,,,,,,,,,,,,,,,,,,,,,,,0,0,0,0,0,0,0,0,0,0,0,0,0,0,0,0,1,0,0,0,0,1,1,0,1,0,0,0,0,1,0,0,0,0,0,,1,0,0,0,0,0,0,0,1,0,0,0,0,0,0,0,,,,,,18-20,16-25,County road,R,Friday,Belt Used,PV,White,0,1,0,0,County Road,County Sheriff,Mason County Sheriff's Office,1,0,1,0,0,,,,,,0.0,0.0,0.0,,,,,,,,,,,98.0,98.0,98.0,1.0,,,,,20.0,,,,,,,,,1.0,0.0,,,KAMILCHE POINT RD,1.977,,,98584,Shelton,Shelton
3600,3680,3680,2021,341,EB65144,7.0,2021-08-23,11:56,23,8,,33,King,2310,1,,1,1,1,1,0,2,2,,,,12,0,7,154.4,1,0,1,1,2,1,1,0,0,0,0,I-5 RAMP,,-122.2650667,47.461363889,0,1,48,10,2,60,14,0,0,1,2,12,1,1,5,3,16,1,1,53,0,34,402,2013,0,,12,,,,,,1,1,49,2,0.0,,1,0,3,0,11,0,,,,,0.0,0.0,3.0,3.0,1,38,,,,96,,,,,,98,,,,,,98052,53,67.0,135.0,6.0,1.0,0.0,0.0,0.0,0.0,,61,,,,,,0,,,20,0,0,0,8.0,9,8,,,0,,,8,8,0.0,0.0,,,0.0,,,0,0,996.0,,,,,,,,,,,,,,,,,,,,,,,,,,,,,,0,0,0,0,0,0,1,1,0,0,0,0,0,0,0,0,0,0,1,0,0,0,0,0,0,0,0,0,0,1,1,0,0,0,0,,0,0,0,0,0,0,0,0,0,0,1,0,0,0,0,0,,,,,,46-50,46-55,Interstate,U,Monday,Belt Used,PV,Not Fatal,1,0,0,0,State Route,State Patrol,Washington State Patrol,0,1,0,0,0,,,,,,0.0,0.0,0.0,,,,,,,,,,,98.0,98.0,98.0,0.0,,,,,20.0,,,,,,,,,1.0,0.0,,,,,,,98188,Redmond,Seattle
3601,3681,3681,2021,341,EB65144,7.0,2021-08-23,11:56,23,8,,33,King,2310,1,,1,1,1,1,0,2,2,,,,12,0,7,154.4,1,0,1,1,2,1,1,0,0,0,0,I-5 RAMP,,-122.2650667,47.461363889,0,2,48,61,4,60,66,1,0,1,2,12,1,1,5,3,1,1,3,53,0,85,881,2020,0,,12,63.0,24.0,,,,1,1,64,1,7.0,,4,7,3,0,11,0,08/23/2021,11:56,231053043028.0,43028.0,6.0,1.0,3.0,3.0,1,0,,,,96,,,,,,98,,,,,,98042,53,68.0,190.0,6.0,1.0,0.0,0.0,0.0,0.0,,0,,,,,,0,,,20,0,0,0,0.0,9,8,,,0,,,8,8,2.0,996.0,,,1.0,,,2,1,0.0,,,,,,,,,,,,,,,,,,,,,,,,,,,,,,0,0,0,0,0,0,1,1,0,0,0,0,0,0,0,0,0,0,1,0,0,0,0,0,0,0,0,0,0,1,1,0,0,0,0,,0,1,0,0,0,0,1,1,0,0,0,0,0,0,1,0,,,,,,61-65,56-65,Interstate,U,Monday,,MHTRUCK,White,1,0,0,0,State Route,State Patrol,Washington State Patrol,0,1,0,0,0,,,,,,0.0,0.0,0.0,,,,,,,,,,,98.0,98.0,98.0,1.0,,,,,20.0,,,,,,,,,1.0,0.0,,,,,,,98188,Kent,Seattle
3602,3683,3683,2021,343,EB66022,330.0,2021-08-31,22:16,31,8,,77,Yakima,2590,1,,3,1,2,3,0,6,2,,,,12,0,6,0.0,2,0,2,5,2,4,6,0,0,3,3,W NOB HILL BLVD,S 48th Ave,-120.5722722,46.585341667,0,1,86,17,2,35,3,0,0,1,2,12,1,1,3,1,1,2,2,53,0,12,13,1994,0,,12,,,,,,1,1,20,1,0.0,,3,0,3,0,11,5,,,,,0.0,0.0,0.0,3.0,1,39,,,,96,,,,,,9,,,,,,98908,53,67.0,155.0,6.0,1.0,0.0,1.0,1.0,0.0,,1,99.0,,,,,4,09/15/2017,09/15/2017,1,0,0,0,8.0,9,2,,,0,,,8,1,2.0,1.0,,,1.0,,,2,1,0.15,,,,,,,,,,,,,,,,,,,,,,,,,,,,,,0,0,0,1,1,1,0,1,0,0,0,0,1,1,0,0,0,0,0,1,0,1,1,1,1,0,0,0,0,1,0,0,0,0,0,,0,0,0,0,0,1,0,1,0,1,0,0,0,1,0,1,,,,,,18-20,16-25,City street,U,Tuesday,Belt Used,PV,Not Fatal,1,0,0,0,City Street,Municipal/City Police,Yakima Police Department,0,0,0,1,0,,,,,,0.0,0.0,0.0,,,,,,,,,,,0.0,0.0,0.0,0.0,,,,,20.0,,,,,,,,,1.0,0.0,,,,,,,98908,Yakima,Yakima
3603,3684,3684,2021,343,EB66022,330.0,2021-08-31,22:16,31,8,,77,Yakima,2590,1,,3,1,2,3,0,6,2,,,,12,0,6,0.0,2,0,2,5,2,4,6,0,0,3,3,W NOB HILL BLVD,S 48th Ave,-120.5722722,46.585341667,0,2,87,66,4,35,4,0,0,1,2,12,1,1,5,1,1,4,2,53,0,52,34,2007,0,,12,64.0,43.0,,,,1,1,23,2,0.0,,1,0,3,0,11,5,,,,,0.0,0.0,0.0,0.0,1,0,,,,96,,,,,,98,,,,,,98951,53,61.0,140.0,0.0,0.0,0.0,1.0,0.0,0.0,,97,,,,,,0,06/15/2020,06/15/2020,1,0,0,0,8.0,9,8,,,0,,,8,8,8.0,95.0,,,96.0,,,8,95,995.0,,,,,,,,,,,,,,,,,,,,,,,,,,,,,,0,0,0,1,1,1,0,1,0,0,0,0,1,1,0,0,0,0,0,1,0,1,1,1,1,0,0,0,0,1,0,0,0,0,0,,0,0,0,0,0,0,0,0,0,0,0,1,0,0,0,0,,,,,,21-25,16-25,City street,U,Tuesday,Belt Used,PV,Not Fatal,1,0,0,0,City Street,Municipal/City Police,Yakima Police Department,0,0,0,1,0,,,,,,0.0,0.0,0.0,,,,,,,,,,,98.0,98.0,98.0,0.0,,,,,20.0,,,,,,,,,1.0,0.0,,,,,,,98908,Wapato,Yakima
3604,3685,3685,2021,344,EB66210,48.0,2021-09-08,2:13,8,9,,63,Spokane,22,1,,6,1,2,1,0,1,1,,,,35,0,0,0.0,1,0,1,4,2,4,6,0,0,0,0,S HAYFORD RD,,-117.5607917,47.629369444,0,1,6,11,2,45,14,0,0,1,5,1,1,1,2,1,1,1,1,53,0,55,401,2006,0,,63,69.0,68.0,64.0,35.0,1.0,1,1,41,1,7.0,,4,7,20,7,11,0,09/08/2021,2:13,2253045123.0,45123.0,0.0,0.0,0.0,3.0,1,58,,,,96,,,,,,98,,,,,,99004,53,72.0,190.0,6.0,1.0,0.0,0.0,0.0,0.0,,0,,,,,,0,,,1,1,9,0,0.0,9,8,,,0,,,8,8,2.0,1.0,,,1.0,,,2,1,0.229,,,,,,,,,,,,,,,,,,,,,,,,,,,,,,0,0,1,0,1,1,0,1,0,0,0,0,0,0,0,0,0,0,0,1,0,0,0,0,0,0,0,0,0,1,0,0,0,1,0,,1,0,0,0,0,1,0,1,0,0,0,0,0,1,0,1,,,,,,41-45,36-45,City street,U,Wednesday,Not Used,PV,White,0,1,0,0,City Street,Municipal/City Police,Airway Heights Police Department,1,0,0,1,0,,,,,,0.0,0.0,0.0,,,,,,,,,,,98.0,98.0,98.0,1.0,,,,,20.0,,,,,,,,,1.0,0.0,,,,,,,99224,Cheney,Spokane
3605,3686,3686,2021,345,EB66223,146.0,2021-09-03,6:54,3,9,,77,Yakima,0,1,,1,1,2,1,0,4,1,,,,1,0,0,2.4,1,0,1,5,1,2,4,0,0,0,0,CR-GLADE RD,,-120.0006861,46.176247222,0,1,2,13,2,50,4,0,0,1,2,1,3,2,2,1,14,4,2,53,0,37,31,2008,0,,63,1.0,,,,,1,1,17,2,0.0,,3,0,3,0,11,5,,,,,0.0,0.0,3.0,3.0,1,58,,,,96,,,,,,98,,,,,,98935,53,72.0,195.0,6.0,2.0,0.0,0.0,0.0,0.0,,97,,,,,,3,,,9,0,0,1,8.0,9,8,,,0,,,8,8,2.0,1.0,,,1.0,,,2,1,0.0,,,,,,,,,,,,,,,,,,,,,,,,,,,,,,0,0,0,0,0,0,0,0,0,0,0,0,1,0,0,0,0,0,0,0,1,0,1,0,1,0,0,0,0,1,0,0,0,0,0,,0,0,0,0,0,0,0,0,0,1,0,0,0,0,0,0,,,,,,16-17,16-25,County road,R,Friday,Belt Used,PV,Not Fatal,0,1,0,0,County Road,County Sheriff,Yakima County Sheriff's Office,1,0,1,0,0,,,,,,0.0,0.0,0.0,,,,,,,,,,,98.0,98.0,98.0,0.0,,,,,20.0,,,,,,,,,1.0,0.0,,,GLADE RD.,2.39,,,98935,Mabton,Mabton
3606,3687,3687,2021,346,EB66232,6.0,2021-09-06,15:21,6,9,,37,Kittitas,0,5,,1,1,1,1,0,1,1,,,,35,0,0,15.7,1,0,1,1,1,1,1,0,0,0,0,I-82,,-120.359475,46.791363889,0,1,1,13,2,70,14,0,0,1,2,1,3,2,2,2,14,1,2,53,0,2,404,2001,0,,63,35.0,1.0,,,,1,1,43,1,7.0,,4,7,20,7,11,0,09/06/2021,15:21,53044159.0,44159.0,0.0,0.0,0.0,2.0,1,0,,,,96,,,,,,9,,,,,,98841,53,67.0,130.0,1.0,1.0,0.0,0.0,0.0,0.0,,0,,,,,,0,,,1,1,9,0,0.0,9,8,,,0,,,1,8,8.0,95.0,,,96.0,,,2,98,997.0,,,,,,,,,,,,,,,,,,,,,,,,,,,,,,0,0,1,0,0,0,0,0,0,0,0,0,0,1,0,0,0,0,0,1,0,0,0,0,0,0,0,0,0,1,0,0,0,1,0,,1,0,0,0,0,0,0,0,0,0,0,1,0,0,0,0,,,,,,41-45,36-45,Interstate,R,Monday,Not Used,PV,White,0,1,0,0,State Route,State Patrol,Washington State Patrol,1,1,0,0,0,,,,,,0.0,0.0,0.0,,,,,,,,,,,98.0,98.0,98.0,1.0,,,,,20.0,,,,,,,,,1.0,0.0,,,,,,,98926,Omak,Ellensburg