,index,Unnamed: 0,year,case,par,repjur,crash_dt,crash_tm,accday,accmon,holiday,county,co_char,city,weather,weather2,lightcond,surfcond,surftype,numfatal,nmforms,pforms,vforms,not_tm,arr_tm,hosp_tm,fhevent,hitrun,manncol,milepnt,reljunc,reljuncinter,intersectiontype,funcsystem,landuse,ownership,route,schlbus,spejur,contdev,devfunc,trafid1,trafid2,lon,lat,wk_zone,vnumber,crashtype,criticalevent,criticaleventcat,spdlim,body,trailer,emerg,hazcargo,leave,mhevent,roadalgn,roadprof,traflane,trafflow,vehmanvr,numoccs,regowner,regstate,spuse,make,model,modelyr,vrf1,vrf2,seqevent1,seqevent2,seqevent3,seqevent4,seqevent5,seqevent6,pnumber,ptype,age,sex,hispanic,race,injury,diedscene,restraint,restraintmisuse,seatpos,takehosp,death_dt,death_tm,cert,cernum_wa,commlic,licendor,licrestrict,liccomp,drivpres,drf1,drf2,drf3,drf4,distract1,distract2,distract3,distract4,distract5,distract6,dricond1,dricond2,dricond3,dricond4,dricond5,dricond6,dzip,licstate,drhgt_in,weight,noncdl,noncdltype,prevdwi,prevoth,prevacc,prevspd,prevsus,driviol1,driviol2,driviol3,driviol4,driviol5,driviol6,spdrel,first_dt,last_dt,airbag,ejection,ejectpath,extricat,injurwrk,methalc,methdrug,nmlocat,strikveh,prf1,prf2,prf3,druginv,alcinvol,drugsts,drugres1,drugres2,drugres3,drugtst1,drugtst2,drugtst3,alcsts,alctst,alcres,nmact1,nmact2,nmact3,nmact4,nmact5,nmact6,nmprior1,nmprior2,nmprior3,nmprior4,nmprior5,nmprior6,nmcond1,nmcond2,nmcond3,nmcond4,nmcond5,nmcond6,nmsafe_helmet,nmsafe_pads,nmsafe_oth,nmprev_ref,nmprev_lgt,nmprev_oth,crashlocation,nmcrashtype,crosswalk,schoolzone,sidewalk,train_inv,wildlife_inv,rotr_fars,intersect_fars,dd_inv,aid_inv,dpd_inv,id_inv,mj_inv,impnm_inv,ainm_inv,dpnm_inv,speed_inv,unlic_inv,unendmc_inv,drowsy_inv,drdist_inv,nmdist_inv,fty_inv,unrestfat_inv,dr1617_inv,dr1820_inv,dr1620_inv,dr2125_inv,dr1625_inv,dr65_inv,dr70_inv,dr75_inv,mc_inv,pv_inv,ht_inv,ped_inv,bike_inv,unrest_fat,mc_fat,unhelmet_mc,pv_fat,ht_fat,ped_fat,bike_fat,dr_alc7,dr_alc8,dr_drug,dr_imp,dr_dist,dr_spd,dr_fty,dr_unlic,dr_alc7only,dr_alc8only,dr_drugonly,dr_drink,nm_imp,nm_alc7,nm_alc8,nm_drug,nm_dist,agegrp1,agegrp2,roadclass,urbrur,dayweek,restuse,vehtype,race_me,intersect,lanedep,oppdir,wrongway,rep_typ,investag,repag_long,rotr,st_rd,cty_rd,city_rd,oth_rd,drug_thc,thc_res,drug_cthc,cthc_res,drug_cann,prevpersemin,prevperse,prevsusoth,drugtst4,drugtst5,drugtst6,drugtst7,drugtst8,drugres4,drugres5,drugres6,drugres7,drugres8,adspresent,adsengaged,adslevel,race1,race2,race3,race4,race5,helmet,helmetmisuse,nmdistract1,nmdistract2,nmdistract3,nmdistract4,nmdistract5,nmdistract6,lab,isedtcase,crf1,crf2,crf3,CoRoadName,CoMP,IntCoRoadName,IntCoMP,crashzip,dcity,crashcity
3625,3706,3706,2021,360,EB70397,59.0,2021-09-15,6:54,15,9,,33,King,109,2,,1,2,2,1,0,2,2,,,,12,0,6,0.0,1,0,1,3,2,4,6,0,0,0,0,SE COAL CREEK PKWY,,-122.1691083,47.559780556,0,1,98,10,2,40,4,0,0,1,2,12,2,2,4,1,14,1,1,53,0,49,40,2003,0,,68,12.0,,,,,1,1,50,1,7.0,,4,0,3,0,11,5,09/16/2021,17:18,196053046614.0,46614.0,0.0,0.0,0.0,3.0,1,58,,,,96,,,,,,98,,,,,,98059,53,68.0,160.0,6.0,1.0,0.0,1.0,1.0,1.0,,0,,,,,,0,11/15/2018,05/15/2020,1,0,0,1,0.0,9,8,,,0,,,8,8,2.0,1.0,,,1.0,,,2,1,0.0,,,,,,,,,,,,,,,,,,,,,,,,,,,,,,0,0,0,0,0,0,0,0,0,0,0,0,0,0,0,0,0,0,0,0,0,0,0,0,0,0,0,0,0,1,0,0,0,0,0,,1,0,0,0,0,0,0,0,0,0,0,0,0,0,0,0,,,,,,46-50,46-55,City street,U,Wednesday,Belt Used,PV,API,0,1,1,0,City Street,Municipal/City Police,Bellevue Police Department,0,0,0,1,0,,,,,,0.0,0.0,0.0,,,,,,,,,,,98.0,98.0,98.0,48.0,,,,,20.0,,,,,,,,,1.0,0.0,,,,,,,98006,Renton,Bellevue
3626,3707,3707,2021,360,EB70397,59.0,2021-09-15,6:54,15,9,,33,King,109,2,,1,2,2,1,0,2,2,,,,12,0,6,0.0,1,0,1,3,2,4,6,0,0,0,0,SE COAL CREEK PKWY,,-122.1691083,47.559780556,0,2,98,62,4,40,14,0,0,1,2,12,3,2,3,1,14,1,1,53,0,14,402,2006,0,,12,,,,,,1,1,51,1,0.0,,3,0,3,0,11,8,,,,,0.0,0.0,0.0,3.0,1,0,,,,96,,,,,,98,,,,,,98056,53,66.0,202.0,6.0,1.0,0.0,0.0,0.0,0.0,,0,,,,,,0,,,8,0,0,0,8.0,9,8,,,0,,,8,8,8.0,95.0,,,96.0,,,8,95,995.0,,,,,,,,,,,,,,,,,,,,,,,,,,,,,,0,0,0,0,0,0,0,0,0,0,0,0,0,0,0,0,0,0,0,0,0,0,0,0,0,0,0,0,0,1,0,0,0,0,0,,0,0,0,0,0,0,0,0,0,0,0,0,0,0,0,0,,,,,,51-55,46-55,City street,U,Wednesday,Belt Used,PV,Not Fatal,0,1,1,0,City Street,Municipal/City Police,Bellevue Police Department,0,0,0,1,0,,,,,,0.0,0.0,0.0,,,,,,,,,,,98.0,98.0,98.0,0.0,,,,,20.0,,,,,,,,,1.0,0.0,,,,,,,98006,Renton,Bellevue
3627,3708,3708,2021,361,EB70497,278.0,2021-09-22,17:05,22,9,,63,Spokane,2110,1,,1,1,1,1,0,3,2,,,,12,0,6,4.3,2,0,3,3,2,1,3,0,0,0,0,SR-291,W WIND RIVER RD,-117.4958194,47.726172222,0,1,69,17,2,98,80,0,0,1,5,12,8,8,2,1,1,1,1,53,0,72,706,2009,0,,12,,,,,,1,1,45,1,7.0,,4,0,20,7,11,0,09/22/2021,17:57,211053047934.0,47934.0,6.0,0.0,0.0,3.0,1,0,,,,96,,,,,,98,,,,,,99026,53,68.0,228.0,6.0,1.0,0.0,0.0,1.0,3.0,,0,,,,,,3,11/15/2017,05/15/2020,20,8,0,0,0.0,9,8,,,0,,,8,8,2.0,1.0,,,1.0,,,2,1,0.0,,,,,,,,,,,,,,,,,,,,,,,,,,,,,,0,0,0,1,0,0,0,0,0,0,0,0,1,0,0,0,0,0,0,0,0,0,0,0,0,1,0,0,1,1,0,0,0,0,1,0.0,0,0,0,0,0,0,0,0,0,1,0,0,0,0,0,0,,,,,,41-45,36-45,State route,U,Wednesday,,MC,Black,1,0,0,0,State Route,Municipal/City Police,Spokane Police Department,0,1,0,0,0,,,,,,0.0,0.0,0.0,,,,,,,,,,,0.0,0.0,0.0,2.0,,,,,5.0,,,,,,,,,1.0,0.0,,,,,,,99208,Nine Mile Falls,Spokane
3628,3709,3709,2021,361,EB70497,278.0,2021-09-22,17:05,22,9,,63,Spokane,2110,1,,1,1,1,1,0,3,2,,,,12,0,6,4.3,2,0,3,3,2,1,3,0,0,0,0,SR-291,W WIND RIVER RD,-117.4958194,47.726172222,0,2,68,15,2,98,14,0,0,1,5,12,8,8,5,1,11,2,1,53,0,55,401,2011,0,,12,,,,,,1,1,65,1,0.0,,0,0,3,0,11,0,,,,,0.0,0.0,0.0,3.0,1,0,,,,96,,,,,,98,,,,,,99208,53,65.0,115.0,6.0,1.0,0.0,0.0,0.0,0.0,,0,,,,,,0,,,8,0,0,0,8.0,9,8,,,0,,,8,8,0.0,0.0,,,0.0,,,0,0,996.0,,,,,,,,,,,,,,,,,,,,,,,,,,,,,,0,0,0,1,0,0,0,0,0,0,0,0,1,0,0,0,0,0,0,0,0,0,0,0,0,1,0,0,1,1,0,0,0,0,0,,0,0,0,0,0,0,0,0,0,0,0,0,0,0,0,0,,,,,,61-65,56-65,State route,U,Wednesday,Belt Used,PV,Not Fatal,1,0,0,0,State Route,Municipal/City Police,Spokane Police Department,0,1,0,0,0,,,,,,0.0,0.0,0.0,,,,,,,,,,,98.0,98.0,98.0,0.0,,,,,20.0,,,,,,,,,1.0,0.0,,,,,,,99208,Spokane,Spokane
3629,3710,3710,2021,362,EB70533,4.0,2021-09-21,16:30,21,9,,65,Stevens,0,1,,1,1,2,2,0,2,1,,,,21,0,0,4.5,1,0,1,5,1,1,3,0,0,0,0,SR-292,,-117.6500333,48.065197222,0,1,1,3,1,55,34,0,0,1,2,21,1,2,2,1,1,2,1,53,0,12,481,1983,0,,61,63.0,21.0,,,,1,1,52,1,7.0,,4,7,3,0,11,0,09/21/2021,16:30,53047718.0,47718.0,0.0,0.0,0.0,2.0,1,4,,,,96,,,,,,98,,,,,,99006,53,66.0,170.0,1.0,1.0,0.0,0.0,1.0,0.0,,0,,,,,,0,09/15/2017,03/15/2019,20,0,0,0,0.0,9,8,,,0,,,8,0,0.0,0.0,,,0.0,,,2,98,0.0,,,,,,,,,,,,,,,,,,,,,,,,,,,,,,0,0,1,0,0,0,0,0,0,0,0,0,0,1,0,0,0,0,0,0,0,0,0,0,0,0,0,0,0,1,0,0,0,0,0,,1,0,0,0,0,0,0,0,0,0,0,1,0,0,0,0,,,,,,51-55,46-55,State route,R,Tuesday,Belt Used,PV,White,0,0,0,0,State Route,State Patrol,Washington State Patrol,0,1,0,0,0,,,,,,0.0,0.0,3.0,,,,,,,,,,,0.0,0.0,0.0,1.0,,,,,20.0,,,,,,,,,1.0,0.0,,,,,,,99148,Deer Park,Loon Lake
3630,3711,3711,2021,363,EB70595,39.0,2021-09-21,20:54,21,9,,61,Snohomish,0,1,,2,1,2,1,0,1,1,,,,1,0,0,0.1,1,0,1,4,2,2,4,0,0,0,0,CR-OK MILL RD,,-122.0347833,47.987188889,0,1,1,9,1,35,80,0,0,1,5,1,3,1,2,1,14,1,1,53,0,72,706,2008,0,,63,1.0,,,,,1,1,30,1,1.0,,4,7,20,7,11,0,09/21/2021,20:54,53048283.0,48283.0,0.0,0.0,0.0,2.0,1,0,,,,92,,,,,,98,,,,,,98290,53,72.0,175.0,1.0,1.0,0.0,0.0,0.0,0.0,,0,,,,,,0,,,20,8,0,0,0.0,9,8,,,0,,,8,8,2.0,695.0,605.0,,1.0,1.0,,2,1,0.16,,,,,,,,,,,,,,,,,,,,,,,,,,,,,,0,0,1,0,1,1,1,1,1,0,0,0,0,1,1,0,1,0,0,0,0,0,0,0,0,0,0,0,1,0,0,0,0,0,1,0.0,0,0,0,0,0,1,1,1,1,0,0,1,0,0,0,1,,,,,,26-30,26-35,County road,U,Tuesday,,MC,Hispanic,0,1,0,0,County Road,County Sheriff,Snohomish County Sheriff's Office,1,0,1,0,0,thc,50.0,carboxy-thc,26.0,,0.0,0.0,0.0,,,,,,,,,,,0.0,0.0,0.0,1.0,,,,,5.0,,,,,,,,nms,1.0,0.0,,,OK MILL RD,0.133,145TH AVE SE,0.0,98290,Snohomish,Snohomish
3631,3712,3712,2021,364,EB70652,40.0,2021-09-22,21:55,22,9,,63,Spokane,0,1,,3,1,2,1,1,1,1,,,,8,0,0,0.1,1,0,1,3,2,2,4,0,0,0,0,CR-N ARGONNE RD,,-117.2827306,47.690961111,0,1,13,80,5,35,6,0,0,1,2,8,1,2,5,1,1,1,2,35,0,48,34,1999,0,,8,,,,,,1,1,42,1,0.0,,0,0,3,0,11,0,,,,,0.0,0.0,0.0,0.0,1,0,,,,96,,,,,,9,,,,,,99212,53,65.0,145.0,0.0,0.0,0.0,1.0,0.0,1.0,,1,,,,,,0,03/15/2021,03/15/2021,20,0,0,0,8.0,9,2,,,0,,,1,8,0.0,0.0,,,0.0,,,0,0,996.0,,,,,,,,,,,,,,,,,,,,,,,,,,,,,,0,0,0,0,0,0,0,0,0,1,1,1,0,1,0,0,0,0,0,0,0,0,0,0,0,0,0,0,0,1,0,1,0,0,0,,0,0,0,0,0,0,0,0,0,0,0,1,0,0,0,0,,,,,,41-45,36-45,County road,U,Wednesday,Belt Used,PV,Not Fatal,0,0,0,0,County Road,County Sheriff,Spokane County Sheriff's Office,0,0,1,0,0,,,,,,0.0,0.0,0.0,,,,,,,,,,,0.0,0.0,0.0,0.0,,,,,20.0,,,,,,,,,1.0,0.0,,,ARGONNE RD,0.14,,1.01,99212,Spokane,Spokane
3632,3713,3713,2021,365,EB27480,278.0,2021-05-04,18:33,4,5,,63,Spokane,2110,1,,1,1,1,1,0,2,3,,,,12,1,6,0.0,2,0,2,7,2,4,6,0,0,0,0,N MADISON ST,W Lacrosse Ave,-117.4271694,47.695463889,0,1,86,17,2,98,4,0,0,1,5,12,1,2,2,1,1,1,2,53,0,20,37,2008,0,,12,,,,,,1,1,27,2,0.0,,9,0,99,7,11,0,,,,,0.0,0.0,0.0,0.0,1,38,,,,96,,,,,,98,,,,,,99207,53,62.0,135.0,0.0,0.0,0.0,1.0,0.0,1.0,,97,,,,,,0,10/15/2020,02/15/2020,1,9,0,0,8.0,9,8,,,0,,,8,8,9.0,999.0,,,99.0,,,9,99,999.0,,,,,,,,,,,,,,,,,,,,,,,,,,,,,,0,0,0,1,0,0,0,0,0,0,0,0,0,1,0,0,0,0,1,0,0,0,0,0,0,0,0,0,1,1,0,0,0,0,0,,0,0,0,0,0,0,0,0,0,0,1,1,0,0,0,0,,,,,,26-30,26-35,City street,U,Tuesday,Unknown,PV,Not Fatal,1,0,0,0,City Street,Municipal/City Police,Spokane Police Department,0,0,0,1,0,,,,,,0.0,0.0,1.0,,,,,,,,,,,98.0,98.0,98.0,0.0,,,,,20.0,,,,,,,,,1.0,0.0,,,,,,,99205,Spokane,Spokane
3633,3714,3714,2021,365,EB27480,278.0,2021-05-04,18:33,4,5,,63,Spokane,2110,1,,1,1,1,1,0,2,3,,,,12,0,6,0.0,2,0,2,7,2,4,6,0,0,0,0,N MADISON ST,W Lacrosse Ave,-117.4271694,47.695463889,0,2,87,66,4,98,80,0,0,1,5,12,1,2,2,1,1,1,2,53,0,37,705,1983,0,,12,14.0,,,,,1,1,34,1,7.0,,4,0,20,7,11,0,05/17/2021,5:28,211053023720.0,23720.0,0.0,0.0,0.0,3.0,1,0,,,,96,,,,,,98,,,,,,99205,53,64.0,155.0,6.0,1.0,0.0,0.0,2.0,0.0,,0,,,,,,0,07/15/2017,05/15/2020,20,8,0,0,0.0,9,8,,,0,,,8,8,8.0,95.0,,,96.0,,,8,95,995.0,,,,,,,,,,,,,,,,,,,,,,,,,,,,,,0,0,0,1,0,0,0,0,0,0,0,0,0,1,0,0,0,0,1,0,0,0,0,0,0,0,0,0,1,1,0,0,0,0,1,0.0,0,0,0,0,0,0,0,0,0,0,0,0,0,0,0,0,,,,,,31-35,26-35,City street,U,Tuesday,,MC,White,1,0,0,0,City Street,Municipal/City Police,Spokane Police Department,0,0,0,1,0,,,,,,0.0,0.0,0.0,,,,,,,,,,,0.0,0.0,0.0,1.0,,,,,5.0,,,,,,,,,1.0,0.0,,,,,,,99205,Spokane,Spokane
3634,3715,3715,2021,366,EB64509,122.0,2021-09-03,15:26,3,9,,61,Snohomish,690,1,,1,1,2,1,1,1,1,,,,8,0,0,0.0,1,0,1,3,2,4,6,0,0,0,0,EVERGREEN WAY,,-122.22895,47.920986111,0,1,13,80,5,35,14,0,0,1,2,8,1,1,7,5,1,1,1,53,0,2,405,2007,0,,8,,,,,,1,1,67,1,0.0,,0,0,3,0,11,0,,,,,0.0,0.0,0.0,3.0,1,0,,,,96,,,,,,98,,,,,,98204,53,68.0,220.0,6.0,1.0,0.0,0.0,0.0,0.0,,0,,,,,,0,,,20,0,0,0,8.0,9,8,,,0,,,8,8,8.0,95.0,,,96.0,,,8,95,995.0,,,,,,,,,,,,,,,,,,,,,,,,,,,,,,0,0,0,0,0,0,0,0,0,0,0,0,0,0,0,0,0,0,0,0,0,0,0,0,0,1,0,0,0,1,0,1,0,0,0,,0,0,0,0,0,0,0,0,0,0,0,0,0,0,0,0,,,,,,66-70,66-75,City street,U,Friday,Belt Used,PV,Not Fatal,0,0,0,0,City Street,Municipal/City Police,Everett Police Department,0,0,0,1,0,,,,,,0.0,0.0,0.0,,,,,,,,,,,98.0,98.0,98.0,0.0,,,,,20.0,,,,,,,,,1.0,0.0,,,,,,,98208,Everett,Everett
3635,3716,3716,2021,367,EB70644,26.0,2021-09-22,2:52,22,9,,35,Kitsap,0,1,,2,1,2,1,0,1,1,,,,43,0,0,7.7,1,0,1,5,1,2,4,0,0,0,0,CR-SEABECK HWY NW,,-122.7968056,47.653266667,0,1,7,12,2,35,14,0,0,1,2,1,2,2,2,1,14,1,2,4,0,20,404,2020,0,,68,64.0,43.0,1.0,,,1,1,24,1,7.0,,4,0,99,7,11,5,09/26/2021,14:19,196053050048.0,50048.0,0.0,0.0,3.0,3.0,1,0,,,,96,,,,,,9,,,,,,85201,4,66.0,165.0,6.0,1.0,0.0,1.0,0.0,0.0,,0,,,,,,3,10/15/2019,10/15/2019,8,0,0,1,0.0,9,8,,,0,,,8,1,0.0,0.0,,,0.0,,,0,0,996.0,,,,,,,,,,,,,,,,,,,,,,,,,,,,,,0,0,0,0,1,0,0,0,0,0,0,0,1,0,0,0,0,0,0,0,0,0,0,1,1,0,0,0,0,1,0,0,0,0,0,,1,0,0,0,0,0,0,0,0,1,0,0,0,0,0,1,,,,,,21-25,16-25,County road,R,Wednesday,Unknown,PV,AIAN,0,1,0,0,County Road,County Sheriff,Kitsap County Sheriff's Office,1,0,1,0,0,,,,,,0.0,0.0,0.0,,,,,,,,,,,98.0,98.0,98.0,3.0,,,,,20.0,,,,,,,,,1.0,0.0,,,SEABECK HIGHWAY NW,7.749,,,98380,Mesa,Seabeck
3636,3717,3717,2021,368,EB70747,6.0,2021-09-18,13:09,18,9,,25,Grant,0,1,,1,1,2,1,0,1,1,,,,1,0,0,20.2,1,0,1,4,1,1,3,0,0,0,0,SR-155,,-119.0876917,47.885241667,0,1,6,12,2,60,14,0,0,1,2,1,3,2,2,1,14,1,3,53,0,20,401,1997,0,,63,69.0,68.0,64.0,1.0,,1,1,27,2,7.0,,4,0,20,7,11,5,09/18/2021,13:53,83053047131.0,47131.0,0.0,0.0,0.0,3.0,1,58,,,,92,,,,,,98,,,,,,99133,53,63.0,160.0,6.0,1.0,0.0,1.0,0.0,0.0,,0,,,,,,0,08/15/2019,08/15/2019,20,1,9,0,0.0,9,8,,,0,,,8,8,2.0,1.0,,,1.0,,,2,1,0.192,,,,,,,,,,,,,,,,,,,,,,,,,,,,,,0,0,1,0,1,1,0,1,0,0,0,0,0,0,0,0,1,0,0,1,0,0,0,0,0,0,0,0,0,1,0,0,0,1,0,,1,0,0,0,0,1,0,1,1,0,0,0,0,1,0,1,,,,,,26-30,26-35,State route,R,Saturday,Not Used,PV,White,0,1,0,0,State Route,State Patrol,Washington State Patrol,1,1,0,0,0,,,,,,0.0,0.0,0.0,,,,,,,,,,,0.0,0.0,0.0,1.0,,,,,20.0,,,,,,,,,1.0,0.0,,,,,,,99123,Grand Coulee,Electric City
3637,3718,3718,2021,369,EB70995,8.0,2021-09-20,9:43,20,9,,9,Clallam,0,10,,1,1,2,1,0,2,2,,,,12,0,1,196.5,2,0,3,3,1,1,2,0,0,20,3,US-101,MAXFIELD ROAD,-124.3904028,48.021080556,0,1,76,53,3,60,4,0,0,1,2,12,8,2,8,1,11,1,2,53,0,24,1,2000,0,,12,,,,,,1,1,70,2,7.0,,4,7,3,0,11,0,09/20/2021,9:43,53048267.0,48267.0,0.0,0.0,3.0,3.0,1,38,,,,96,,,,,,98,,,,,,98331,53,62.0,220.0,6.0,1.0,0.0,0.0,0.0,0.0,,0,,,,,,0,,,20,0,0,0,0.0,9,8,,,0,,,8,0,2.0,1.0,,,1.0,,,2,1,0.0,,,,,,,,,,,,,,,,,,,,,,,,,,,,,,0,0,0,1,0,0,0,0,0,0,0,0,0,0,0,0,0,0,1,0,0,0,0,1,1,1,1,0,0,1,1,0,0,0,0,,1,0,0,0,0,0,0,0,0,0,1,0,0,0,0,0,,,,,,66-70,66-75,US highway,R,Monday,Belt Used,PV,White,1,0,0,0,State Route,State Patrol,Washington State Patrol,0,1,0,0,0,,,,,,0.0,0.0,0.0,,,,,,,,,,,98.0,98.0,98.0,1.0,,,,,20.0,,,,,,,,,1.0,0.0,,,,,,,98331,Forks,Forks
3638,3719,3719,2021,369,EB70995,8.0,2021-09-20,9:43,20,9,,9,Clallam,0,10,,1,1,2,1,0,2,2,,,,12,0,1,196.5,2,0,3,3,1,1,2,0,0,0,0,US-101,MAXFIELD ROAD,-124.3904028,48.021080556,0,2,77,65,4,60,63,0,0,1,5,12,3,2,2,1,14,1,3,53,0,85,881,1989,0,,12,,,,,,1,1,21,1,0.0,,0,0,20,7,11,0,,,,,6.0,3.0,0.0,3.0,1,0,,,,96,,,,,,98,,,,,,98331,53,75.0,285.0,6.0,1.0,0.0,0.0,0.0,0.0,,0,,,,,,0,,,20,0,0,0,8.0,9,2,,,0,,,8,8,8.0,95.0,,,96.0,,,2,1,997.0,,,,,,,,,,,,,,,,,,,,,,,,,,,,,,0,0,0,1,0,0,0,0,0,0,0,0,0,0,0,0,0,0,1,0,0,0,0,1,1,1,1,0,0,1,1,0,0,0,0,,0,0,0,0,0,0,0,0,0,0,0,0,0,0,0,0,,,,,,21-25,16-25,US highway,R,Monday,,MHTRUCK,Not Fatal,1,0,0,0,State Route,State Patrol,Washington State Patrol,0,1,0,0,0,,,,,,0.0,0.0,0.0,,,,,,,,,,,0.0,0.0,0.0,0.0,,,,,20.0,,,,,,,,,1.0,0.0,,,,,,,98331,Forks,Forks
3639,3720,3720,2021,370,EB71298,7.0,2021-09-18,15:45,18,9,,33,King,0,2,,1,2,1,3,0,3,2,,,,12,0,6,21.3,1,0,1,1,1,1,1,0,0,0,0,I-90,,-121.9285444,47.520138889,0,1,98,9,1,70,4,0,0,1,2,12,1,2,4,2,1,2,1,53,0,13,13,2016,0,,64,65.0,12.0,,,,1,1,42,1,1.0,,4,7,3,0,11,0,09/18/2021,15:45,53047466.0,47466.0,0.0,0.0,0.0,3.0,1,28,58.0,,,96,,,,,,98,,,,,,98407,53,68.0,210.0,6.0,1.0,0.0,0.0,0.0,0.0,,0,,,,,,4,,,99,0,0,0,0.0,9,8,,,0,,,8,8,2.0,124.0,996.0,695.0,1.0,1.0,1.0,2,1,0.0,,,,,,,,,,,,,,,,,,,,,,,,,,,,,,0,0,0,0,0,0,1,1,1,0,0,0,1,0,0,0,0,0,0,0,0,0,0,0,0,0,0,0,0,1,0,0,0,0,0,,1,0,0,0,0,0,1,1,0,1,0,0,0,0,1,0,,,,,,41-45,36-45,Interstate,R,Saturday,Belt Used,PV,Hispanic,0,1,0,0,State Route,State Patrol,Washington State Patrol,1,1,0,0,0,thc,14.0,carboxy-thc,24.0,,0.0,0.0,0.0,1.0,,,,,605.0,,,,,98.0,98.0,98.0,1.0,,,,,20.0,,,,,,,,nms,1.0,0.0,,,,,,,98027,Tacoma,Issaquah
3640,3721,3721,2021,370,EB71298,7.0,2021-09-18,15:45,18,9,,33,King,0,2,,1,2,1,3,0,3,2,,,,12,0,6,21.3,1,0,1,1,1,1,1,0,0,0,0,I-90,,-121.9285444,47.520138889,0,2,98,62,4,60,14,0,0,1,2,12,1,2,4,2,1,1,1,53,0,37,402,2008,0,,12,,,,,,1,1,64,1,7.0,,4,0,3,0,11,4,09/19/2021,2:17,196053047057.0,47057.0,0.0,0.0,0.0,3.0,1,0,,,,96,,,,,,98,,,,,,98058,53,72.0,185.0,6.0,1.0,0.0,0.0,0.0,0.0,,0,,,,,,0,,,99,0,0,0,0.0,9,8,,,0,,,8,8,2.0,348.0,155.0,,1.0,1.0,,2,1,0.0,,,,,,,,,,,,,,,,,,,,,,,,,,,,,,0,0,0,0,0,0,1,1,1,0,0,0,1,0,0,0,0,0,0,0,0,0,0,0,0,0,0,0,0,1,0,0,0,0,0,,1,0,0,0,0,0,1,1,0,0,0,0,0,0,1,0,,,,,,61-65,56-65,Interstate,R,Saturday,Belt Used,PV,White,0,1,0,0,State Route,State Patrol,Washington State Patrol,1,1,0,0,0,,,,,,0.0,0.0,0.0,,,,,,,,,,,98.0,98.0,98.0,1.0,,,,,20.0,,,,,,,,,1.0,0.0,,,,,,,98027,Renton,Issaquah
3641,3722,3722,2021,371,EB71805,1.0,2021-09-05,9:44,5,9,,77,Yakima,0,1,,1,1,2,1,0,3,2,,,,12,0,6,11.3,2,0,2,5,1,1,3,0,0,20,3,SR-241,ARROWSMITH RD,-119.9790806,46.360722222,0,1,88,17,2,50,3,0,0,1,2,12,1,2,2,1,1,1,1,53,0,36,38,2013,0,,12,2.0,,,,,1,1,38,1,6.0,,4,7,99,7,11,0,09/05/2021,9:44,53046368.0,46368.0,0.0,0.0,0.0,3.0,1,39,,,,96,,,,,,9,,,,,,98930,53,65.0,187.0,6.0,1.0,0.0,0.0,0.0,0.0,,0,,,,,,0,,,99,0,0,0,0.0,1,8,,,0,,,8,1,2.0,695.0,605.0,,1.0,1.0,,2,1,0.135,,,,,,,,,,,,,,,,,,,,,,,,,,,,,,0,0,0,1,1,1,1,1,1,0,0,0,0,1,0,0,0,0,0,0,0,0,0,0,0,0,0,0,0,1,1,0,0,0,0,,1,0,0,0,0,1,1,1,0,0,0,0,0,0,0,1,,,,,,36-40,36-45,State route,R,Sunday,Unknown,PV,Hispanic,1,0,0,0,State Route,State Patrol,Washington State Patrol,0,1,0,0,0,thc,18.0,carboxy-thc,110.0,,0.0,0.0,0.0,,,,,,,,,,,98.0,98.0,98.0,298.0,,,,,20.0,,,,,,,,nms,1.0,0.0,,,,,,,98944,Grandview,Sunnyside
3642,3723,3723,2021,371,EB71805,1.0,2021-09-05,9:44,5,9,,77,Yakima,0,1,,1,1,3,1,0,3,2,,,,12,0,6,11.3,2,0,2,5,1,1,3,0,0,0,0,SR-241,ARROWSMITH RD,-119.9790806,46.360722222,0,2,89,66,4,50,66,2,0,1,2,12,1,2,2,1,1,2,3,53,0,85,881,1998,0,,12,1.0,2.0,,,,1,1,59,1,0.0,,0,0,3,0,11,0,,,,,0.0,0.0,0.0,0.0,1,0,,,,96,,,,,,98,,,,,,98932,53,69.0,170.0,0.0,0.0,99.0,99.0,99.0,99.0,,97,,,,,,0,,,99,0,0,0,8.0,9,8,,,0,,,8,8,0.0,0.0,,,0.0,,,0,0,996.0,,,,,,,,,,,,,,,,,,,,,,,,,,,,,,0,0,0,1,1,1,1,1,1,0,0,0,0,1,0,0,0,0,0,0,0,0,0,0,0,0,0,0,0,1,1,0,0,0,0,,0,0,0,0,0,0,0,0,0,0,0,1,0,0,0,0,,,,,,56-60,56-65,State route,R,Sunday,,MHTRUCK,Not Fatal,1,0,0,0,State Route,State Patrol,Washington State Patrol,0,1,0,0,0,,,,,,99.0,99.0,99.0,,,,,,,,,,,0.0,0.0,0.0,0.0,,,,,20.0,,,,,,,,,1.0,0.0,,,,,,,98944,Granger,Sunnyside