,index,Unnamed: 0,year,case,par,repjur,crash_dt,crash_tm,accday,accmon,holiday,county,co_char,city,weather,weather2,lightcond,surfcond,surftype,numfatal,nmforms,pforms,vforms,not_tm,arr_tm,hosp_tm,fhevent,hitrun,manncol,milepnt,reljunc,reljuncinter,intersectiontype,funcsystem,landuse,ownership,route,schlbus,spejur,contdev,devfunc,trafid1,trafid2,lon,lat,wk_zone,vnumber,crashtype,criticalevent,criticaleventcat,spdlim,body,trailer,emerg,hazcargo,leave,mhevent,roadalgn,roadprof,traflane,trafflow,vehmanvr,numoccs,regowner,regstate,spuse,make,model,modelyr,vrf1,vrf2,seqevent1,seqevent2,seqevent3,seqevent4,seqevent5,seqevent6,pnumber,ptype,age,sex,hispanic,race,injury,diedscene,restraint,restraintmisuse,seatpos,takehosp,death_dt,death_tm,cert,cernum_wa,commlic,licendor,licrestrict,liccomp,drivpres,drf1,drf2,drf3,drf4,distract1,distract2,distract3,distract4,distract5,distract6,dricond1,dricond2,dricond3,dricond4,dricond5,dricond6,dzip,licstate,drhgt_in,weight,noncdl,noncdltype,prevdwi,prevoth,prevacc,prevspd,prevsus,driviol1,driviol2,driviol3,driviol4,driviol5,driviol6,spdrel,first_dt,last_dt,airbag,ejection,ejectpath,extricat,injurwrk,methalc,methdrug,nmlocat,strikveh,prf1,prf2,prf3,druginv,alcinvol,drugsts,drugres1,drugres2,drugres3,drugtst1,drugtst2,drugtst3,alcsts,alctst,alcres,nmact1,nmact2,nmact3,nmact4,nmact5,nmact6,nmprior1,nmprior2,nmprior3,nmprior4,nmprior5,nmprior6,nmcond1,nmcond2,nmcond3,nmcond4,nmcond5,nmcond6,nmsafe_helmet,nmsafe_pads,nmsafe_oth,nmprev_ref,nmprev_lgt,nmprev_oth,crashlocation,nmcrashtype,crosswalk,schoolzone,sidewalk,train_inv,wildlife_inv,rotr_fars,intersect_fars,dd_inv,aid_inv,dpd_inv,id_inv,mj_inv,impnm_inv,ainm_inv,dpnm_inv,speed_inv,unlic_inv,unendmc_inv,drowsy_inv,drdist_inv,nmdist_inv,fty_inv,unrestfat_inv,dr1617_inv,dr1820_inv,dr1620_inv,dr2125_inv,dr1625_inv,dr65_inv,dr70_inv,dr75_inv,mc_inv,pv_inv,ht_inv,ped_inv,bike_inv,unrest_fat,mc_fat,unhelmet_mc,pv_fat,ht_fat,ped_fat,bike_fat,dr_alc7,dr_alc8,dr_drug,dr_imp,dr_dist,dr_spd,dr_fty,dr_unlic,dr_alc7only,dr_alc8only,dr_drugonly,dr_drink,nm_imp,nm_alc7,nm_alc8,nm_drug,nm_dist,agegrp1,agegrp2,roadclass,urbrur,dayweek,restuse,vehtype,race_me,intersect,lanedep,oppdir,wrongway,rep_typ,investag,repag_long,rotr,st_rd,cty_rd,city_rd,oth_rd,drug_thc,thc_res,drug_cthc,cthc_res,drug_cann,prevpersemin,prevperse,prevsusoth,drugtst4,drugtst5,drugtst6,drugtst7,drugtst8,drugres4,drugres5,drugres6,drugres7,drugres8,adspresent,adsengaged,adslevel,race1,race2,race3,race4,race5,helmet,helmetmisuse,nmdistract1,nmdistract2,nmdistract3,nmdistract4,nmdistract5,nmdistract6,lab,isedtcase,crf1,crf2,crf3,CoRoadName,CoMP,IntCoRoadName,IntCoMP,crashzip,dcity,crashcity
3643,3724,3724,2021,372,EB72079,184.0,2021-09-26,0:30,26,9,,61,Snohomish,1215,1,,3,1,2,1,1,1,1,,,,8,0,0,39.8,1,0,1,3,2,1,3,0,0,0,0,SR-99,,-122.3215028,47.813733333,0,1,13,80,5,45,20,0,0,1,2,8,1,1,7,1,1,1,1,53,0,7,442,2017,0,,8,,,,,,1,1,80,1,0.0,,0,0,3,0,11,0,,,,,6.0,0.0,0.0,3.0,1,0,,,,96,,,,,,98,,,,,,98107,53,72.0,175.0,6.0,1.0,0.0,0.0,0.0,0.0,,0,,,,,,0,,,20,0,0,0,8.0,9,8,,,0,,,8,8,8.0,95.0,,,96.0,,,8,95,995.0,,,,,,,,,,,,,,,,,,,,,,,,,,,,,,0,0,0,0,0,0,0,0,0,1,0,1,0,0,0,0,0,0,0,0,0,0,0,0,0,1,1,1,0,1,0,1,0,0,0,,0,0,0,0,0,0,0,0,0,0,0,0,0,0,0,0,,,,,,76-80,76+,State route,U,Sunday,Belt Used,PV,Not Fatal,0,0,0,0,State Route,Municipal/City Police,Lynnwood Police Department,0,1,0,0,0,,,,,,0.0,0.0,0.0,,,,,,,,,,,98.0,98.0,98.0,0.0,,,,,20.0,,,,,,,,,1.0,0.0,,,,,,,98036,Seattle,Lynnwood
3644,3725,3725,2021,373,EB72174,290.0,2021-09-27,19:54,27,9,,53,Pierce,2230,2,,3,2,2,1,0,1,1,,,,30,0,0,0.0,3,0,2,3,2,4,6,0,0,3,3,S 72ND ST,S SHERIDAN AVE,-122.4528417,47.192066667,0,1,2,9,1,35,34,0,0,1,2,30,1,2,5,1,1,1,1,53,0,7,482,2005,0,,63,30.0,,,,,1,1,57,2,7.0,,4,7,20,7,11,0,09/27/2021,19:54,223053058896.0,58896.0,0.0,0.0,0.0,3.0,1,39,,,,96,,,,,,98,,,,,,76401,48,,999.0,6.0,1.0,0.0,0.0,0.0,0.0,,0,,,,,,0,,,1,0,0,0,0.0,9,8,,,0,,,8,8,2.0,401.0,417.0,,1.0,1.0,,2,1,0.0,,,,,,,,,,,,,,,,,,,,,,,,,,,,,,0,0,0,1,0,0,1,1,0,0,0,0,0,0,0,0,0,0,0,1,0,0,0,0,0,0,0,0,0,1,0,0,0,1,0,,1,0,0,0,0,0,1,1,0,0,0,0,0,0,1,0,,,,,,56-60,56-65,City street,U,Monday,Not Used,PV,White,0,1,0,0,City Street,Municipal/City Police,Tacoma Police Department,1,0,0,1,0,,,,,,0.0,0.0,0.0,,,,,,,,,,,98.0,98.0,98.0,1.0,,,,,20.0,,,,,,,,,1.0,0.0,,,,,,,98408,Stephenville,Tacoma
3645,3726,3726,2021,374,EB72403,122.0,2021-09-20,1:25,20,9,,61,Snohomish,690,10,,2,2,2,1,0,4,2,,,,12,0,1,5.3,1,0,1,2,2,1,3,0,0,4,3,SR-529,,-122.1877972,48.015719444,0,1,28,52,3,55,80,0,0,1,2,3,1,1,2,3,1,1,2,53,0,37,705,2014,0,,12,63.0,3.0,,,,1,1,24,1,7.0,,4,0,20,7,11,0,09/20/2021,2:42,69053047632.0,47632.0,0.0,0.0,0.0,2.0,1,0,,,,96,,,,,,98,,,,,,98271,53,75.0,196.0,6.0,1.0,0.0,0.0,0.0,0.0,,0,,,,,,3,,,20,8,0,0,0.0,9,8,,,0,,,8,8,2.0,605.0,,,1.0,,,2,1,0.261,,,,,,,,,,,,,,,,,,,,,,,,,,,,,,0,0,0,0,1,1,1,1,1,0,0,0,1,0,1,0,0,0,0,0,0,0,0,1,1,0,0,0,1,1,0,0,0,0,1,0.0,0,0,0,0,0,1,1,1,0,1,0,0,0,0,0,1,,,,,,21-25,16-25,State route,U,Monday,,MC,White,0,0,0,0,State Route,Municipal/City Police,Everett Police Department,0,1,0,0,0,thc,1.2,,,,0.0,0.0,0.0,,,,,,,,,,,0.0,0.0,0.0,1.0,,,,,19.0,,,,,,,,nms,1.0,0.0,,,,,,,98201,Marysville,Everett
3646,3727,3727,2021,374,EB72403,122.0,2021-09-20,1:25,20,9,,61,Snohomish,690,10,,2,2,2,1,0,4,2,,,,12,0,1,5.3,1,0,1,2,2,1,3,0,0,4,3,SR-529,,-122.1877972,48.015719444,0,2,29,53,3,55,14,0,0,1,2,12,1,1,2,3,2,3,1,53,0,35,402,2000,0,,12,,,,,,1,1,21,2,0.0,,0,0,3,0,11,0,,,,,0.0,0.0,0.0,3.0,1,0,,,,96,,,,,,98,,,,,,98290,53,64.0,140.0,6.0,2.0,0.0,0.0,2.0,0.0,,0,,,,,,0,08/15/2017,02/15/2019,20,0,0,0,8.0,9,8,,,0,,,8,8,0.0,0.0,,,0.0,,,0,0,996.0,,,,,,,,,,,,,,,,,,,,,,,,,,,,,,0,0,0,0,1,1,1,1,1,0,0,0,1,0,1,0,0,0,0,0,0,0,0,1,1,0,0,0,1,1,0,0,0,0,0,,0,0,0,0,0,0,0,0,0,0,0,0,0,0,0,0,,,,,,21-25,16-25,State route,U,Monday,Belt Used,PV,Not Fatal,0,0,0,0,State Route,Municipal/City Police,Everett Police Department,0,1,0,0,0,,,,,,0.0,0.0,0.0,,,,,,,,,,,98.0,98.0,98.0,0.0,,,,,20.0,,,,,,,,,1.0,0.0,,,,,,,98201,Snohomish,Everett
3647,3728,3728,2021,375,EB72441,39.0,2021-08-31,22:00,31,8,,61,Snohomish,0,1,,3,1,2,1,0,7,2,,,,12,0,6,1.1,2,0,2,5,2,2,4,0,0,20,3,CR-204TH ST SW,28TH AVE,-122.2709667,47.813586111,0,1,86,17,2,35,1,0,0,1,2,12,1,1,2,1,1,3,1,53,0,20,9,2012,0,,12,63.0,30.0,38.0,18.0,,1,1,58,1,7.0,,4,7,20,7,11,0,08/31/2021,22:00,53043093.0,43093.0,0.0,0.0,0.0,3.0,1,8,38.0,39.0,,96,,,,,,98,,,,,,98208,53,75.0,225.0,6.0,1.0,0.0,0.0,1.0,0.0,,0,,,,,,4,07/15/2021,07/15/2021,20,0,0,0,0.0,9,8,,,0,,,8,8,2.0,177.0,401.0,417.0,1.0,1.0,1.0,2,1,0.0,,,,,,,,,,,,,,,,,,,,,,,,,,,,,,0,0,0,1,0,0,1,1,0,0,0,0,1,0,0,0,0,0,1,1,0,0,0,0,0,0,0,0,0,1,0,0,0,1,0,,1,0,0,0,0,0,1,1,0,1,1,0,0,0,1,0,,,,,,56-60,56-65,County road,U,Tuesday,Not Used,PV,White,1,0,0,0,County Road,County Sheriff,Snohomish County Sheriff's Office,0,0,1,0,0,,,,,,0.0,0.0,0.0,1.0,1.0,1.0,,,151.0,996.0,996.0,,,98.0,98.0,98.0,1.0,,,,,20.0,,,,,,,,,1.0,0.0,,,204TH ST SW,1.075,28TH AVE W,0.51,98036,Everett,Lynnwood
3648,3729,3729,2021,375,EB72441,39.0,2021-08-31,22:00,31,8,,61,Snohomish,0,1,,3,1,2,1,0,7,2,,,,12,0,6,1.1,2,0,2,5,2,2,4,0,0,20,3,CR-204TH ST SW,28TH AVE,-122.2709667,47.813586111,0,2,87,66,4,25,15,0,0,1,2,12,1,1,2,1,4,4,1,53,0,42,421,2013,0,,12,,,,,,1,1,50,1,0.0,,1,0,3,0,11,5,,,,,0.0,0.0,0.0,3.0,1,0,,,,96,,,,,,98,,,,,,98002,53,71.0,160.0,6.0,1.0,0.0,0.0,0.0,0.0,,0,,,,,,0,,,8,0,0,0,8.0,9,8,,,0,,,8,8,0.0,0.0,,,0.0,,,0,0,996.0,,,,,,,,,,,,,,,,,,,,,,,,,,,,,,0,0,0,1,0,0,1,1,0,0,0,0,1,0,0,0,0,0,1,1,0,0,0,0,0,0,0,0,0,1,0,0,0,0,0,,0,0,0,0,0,0,0,0,0,0,0,0,0,0,0,0,,,,,,46-50,46-55,County road,U,Tuesday,Belt Used,PV,Not Fatal,1,0,0,0,County Road,County Sheriff,Snohomish County Sheriff's Office,0,0,1,0,0,,,,,,0.0,0.0,0.0,,,,,,,,,,,98.0,98.0,98.0,0.0,,,,,20.0,,,,,,,,,1.0,0.0,,,204TH ST SW,1.075,28TH AVE W,0.51,98036,Auburn,Lynnwood
3649,3730,3730,2021,376,EB72444,39.0,2021-09-06,22:24,6,9,,61,Snohomish,0,1,,3,1,2,1,0,4,3,,,,12,0,6,0.7,2,0,2,3,2,2,4,0,0,3,3,CR-164TH ST SW,25TH AVE W,-122.2673333,47.849922222,0,1,69,17,2,40,4,0,0,1,2,12,1,2,5,5,1,2,2,53,0,34,34,2004,0,,12,,,,,,1,1,18,2,0.0,,1,0,3,0,11,5,,,,,0.0,0.0,0.0,2.0,1,0,,,,96,,,,,,98,,,,,,96701,15,62.0,127.0,4.0,1.0,0.0,0.0,0.0,0.0,,97,,,,,,2,,,8,0,0,0,8.0,9,8,,,0,,,8,8,0.0,0.0,,,0.0,,,0,0,996.0,,,,,,,,,,,,,,,,,,,,,,,,,,,,,,0,0,0,1,1,1,1,1,0,0,0,0,1,1,0,0,0,0,0,0,0,1,1,0,1,0,0,0,0,1,0,0,0,0,0,,0,0,0,0,0,0,0,0,0,1,0,1,0,0,0,0,,,,,,18-20,16-25,County road,U,Monday,Belt Used,PV,Not Fatal,1,0,0,0,County Road,County Sheriff,Snohomish County Sheriff's Office,0,0,1,0,0,,,,,,0.0,0.0,0.0,,,,,,,,,,,98.0,98.0,98.0,0.0,,,,,20.0,,,,,,,,,1.0,0.0,,,164TH ST SW,0.677,,,98087,Aiea,Lynnwood
3650,3731,3731,2021,376,EB72444,39.0,2021-09-06,22:24,6,9,,61,Snohomish,0,1,,3,1,2,1,0,4,3,,,,12,0,6,0.7,2,0,2,3,2,2,4,0,0,3,3,CR-164TH ST SW,25TH AVE W,-122.2673333,47.849922222,0,2,68,63,4,40,9,0,0,1,2,12,1,2,5,1,11,1,1,53,0,55,42,2014,0,,12,12.0,,,,,1,1,34,2,7.0,,4,7,3,0,11,0,09/06/2021,22:24,53044635.0,44635.0,0.0,0.0,3.0,3.0,1,0,,,,96,,,,,,98,,,,,,98026,53,71.0,165.0,6.0,1.0,0.0,1.0,0.0,0.0,,0,,,,,,0,08/15/2018,08/15/2018,8,0,0,0,0.0,9,8,,,0,,,8,8,2.0,996.0,996.0,996.0,1.0,1.0,1.0,2,1,0.294,,,,,,,,,,,,,,,,,,,,,,,,,,,,,,0,0,0,1,1,1,1,1,0,0,0,0,1,1,0,0,0,0,0,0,0,1,1,0,1,0,0,0,0,1,0,0,0,0,0,,1,0,0,0,0,1,1,1,0,0,0,0,0,0,0,1,,,,,,31-35,26-35,County road,U,Monday,Belt Used,PV,White,1,0,0,0,County Road,County Sheriff,Snohomish County Sheriff's Office,0,0,1,0,0,,,,,,0.0,0.0,0.0,1.0,,,,,996.0,,,,,98.0,98.0,98.0,1.0,,,,,20.0,,,,,,,,,1.0,0.0,,,164TH ST SW,0.677,,,98087,Edmonds,Lynnwood
3651,3732,3732,2021,376,EB72444,39.0,2021-09-06,22:24,6,9,,61,Snohomish,0,1,,3,1,2,1,0,4,3,,,,12,0,6,0.7,2,0,2,3,2,2,4,0,0,3,3,CR-164TH ST SW,25TH AVE W,-122.2673333,47.849922222,0,3,98,98,7,40,34,0,0,1,2,12,1,2,5,5,1,1,2,53,0,12,471,1993,0,,12,,,,,,1,1,18,1,0.0,,0,0,3,0,11,0,,,,,0.0,0.0,0.0,3.0,1,0,,,,96,,,,,,98,,,,,,98037,53,68.0,150.0,6.0,2.0,0.0,0.0,0.0,0.0,,97,,,,,,2,,,20,0,0,0,8.0,9,8,,,0,,,8,8,0.0,0.0,,,0.0,,,0,0,996.0,,,,,,,,,,,,,,,,,,,,,,,,,,,,,,0,0,0,1,1,1,1,1,0,0,0,0,1,1,0,0,0,0,0,0,0,1,1,0,1,0,0,0,0,1,0,0,0,0,0,,0,0,0,0,0,0,0,0,0,1,0,0,0,0,0,0,,,,,,18-20,16-25,County road,U,Monday,Belt Used,PV,Not Fatal,1,0,0,0,County Road,County Sheriff,Snohomish County Sheriff's Office,0,0,1,0,0,,,,,,0.0,0.0,0.0,,,,,,,,,,,0.0,0.0,0.0,0.0,,,,,20.0,,,,,,,,,1.0,0.0,,,164TH ST SW,0.677,,,98087,Lynnwood,Lynnwood
3652,3733,3733,2021,377,EB69481,14.0,2021-09-18,22:00,18,9,,11,Clark,0,2,,2,2,2,1,0,3,1,,,,42,0,0,,1,0,1,6,1,2,4,0,0,0,0,CR-NE W H GARNER RD,,-122.4538417,45.882972222,0,1,6,6,1,50,4,0,0,1,2,42,3,2,2,1,14,3,2,53,0,37,32,2004,0,,68,64.0,42.0,,,,1,1,16,2,0.0,,0,0,3,0,11,0,,,,,0.0,0.0,2.0,3.0,1,58,73.0,,,96,,,,,,98,,,,,,98675,53,63.0,114.0,6.0,2.0,0.0,0.0,0.0,0.0,,97,,,,,,4,,,20,0,0,0,8.0,9,8,,,0,,,8,8,0.0,0.0,,,0.0,,,0,0,996.0,,,,,,,,,,,,,,,,,,,,,,,,,,,,,,0,0,1,0,0,0,0,0,0,0,0,0,1,0,0,0,0,0,0,1,1,0,1,0,1,0,0,0,0,1,0,0,0,0,0,,0,0,0,0,0,0,0,0,0,1,0,0,0,0,0,0,,,,,,16-17,16-25,County road,R,Saturday,Belt Used,PV,Not Fatal,0,1,0,0,County Road,County Sheriff,Clark County Sheriff's Office,1,0,1,0,0,,,,,,0.0,0.0,0.0,,,,,,,,,,,98.0,98.0,98.0,0.0,,,,,20.0,,,,,,,,,1.0,0.0,,,NE W H GARNER RD,3.09,,,98675,Yacolt,Yacolt
3653,3734,3734,2021,378,EB72915,40.0,2021-09-29,22:14,29,9,,63,Spokane,0,1,,3,1,2,1,1,1,1,,,,8,0,0,1.2,3,0,4,7,1,2,4,0,0,0,0,CR-W WESTBOW BLVD,S SPOTTED RD,-117.5187694,47.611575,0,1,13,80,5,35,4,0,0,1,5,8,8,8,2,1,1,1,1,53,0,48,34,2012,0,,8,,,,,,1,1,31,1,0.0,,0,0,3,0,11,0,,,,,0.0,0.0,3.0,3.0,1,0,,,,12,,,,,,98,,,,,,99224,53,69.0,190.0,6.0,1.0,0.0,0.0,0.0,1.0,,0,,,,,,0,03/15/2019,03/15/2019,20,0,0,0,8.0,9,8,,,0,,,8,8,8.0,95.0,,,96.0,,,2,1,997.0,,,,,,,,,,,,,,,,,,,,,,,,,,,,,,0,0,0,1,0,0,0,0,0,1,1,0,0,0,0,0,1,1,0,0,0,0,0,0,0,0,0,0,0,1,0,1,0,0,0,,0,0,0,0,0,0,0,0,1,0,0,0,0,0,0,0,,,,,,31-35,26-35,County road,R,Wednesday,Belt Used,PV,Not Fatal,1,0,0,0,County Road,County Sheriff,Spokane County Sheriff's Office,0,0,1,0,0,,,,,,0.0,0.0,0.0,,,,,,,,,,,98.0,98.0,98.0,0.0,,,,,20.0,,,,,,,,,1.0,0.0,,,WESTBOW BV,1.18,,,99224,Spokane,Spokane
3654,3737,3737,2021,380,EB73152,13.0,2021-09-18,3:00,18,9,,9,Clallam,0,2,,2,2,2,3,0,5,1,,,,42,0,0,9999.8,1,0,1,7,1,64,8,0,0,0,0,SITKUM SOLDUC RD,,-124.3017889,47.965913889,0,1,6,12,2,98,34,0,0,1,2,42,2,2,8,1,14,5,2,53,0,20,481,2016,0,,68,64.0,42.0,,,,1,1,18,1,7.0,,4,7,20,7,11,0,09/18/2021,3:00,53048820.0,48820.0,0.0,0.0,0.0,3.0,1,0,,,,96,,,,,,9,,,,,,98331,53,68.0,145.0,6.0,2.0,0.0,1.0,1.0,0.0,,0,,,,,,4,11/15/2019,09/15/2019,8,0,0,0,0.0,9,8,,,0,,,8,1,2.0,996.0,996.0,,1.0,1.0,,2,1,0.165,,,,,,,,,,,,,,,,,,,,,,,,,,,,,,0,0,1,0,1,1,1,1,0,0,0,0,1,0,0,0,0,0,0,1,0,1,1,0,1,0,0,0,0,1,0,0,0,1,0,,1,0,0,0,0,1,1,1,0,1,0,0,0,0,0,1,,,,,,18-20,16-25,Other,R,Saturday,Not Used,PV,White,0,1,0,0,Other,County Sheriff,Clallam County Sheriff's Office,1,0,0,0,1,,,,,,0.0,0.0,0.0,,,,,,,,,,,98.0,98.0,98.0,1.0,,,,,20.0,,,,,,,,,1.0,0.0,,,,,,,98331,Forks,Forks
3655,3738,3738,2021,381,3835994,263.0,2021-08-08,3:07,8,8,,33,King,1960,10,,3,2,2,1,0,1,1,,,,25,0,0,26.2,5,1,1,2,2,1,3,0,0,0,0,SR-99,,-122.3456944,47.622130556,0,1,7,12,2,98,3,0,0,1,2,25,2,2,1,6,14,1,2,53,0,10,37,1997,0,,64,25.0,,,,,1,1,34,1,7.0,,4,7,99,7,11,0,08/08/2021,3:07,196053039056.0,39056.0,6.0,0.0,0.0,3.0,1,0,,,,92,,,,,,98,,,,,,98109,53,70.0,170.0,6.0,1.0,0.0,0.0,1.0,1.0,,0,,,,,,0,07/15/2019,07/15/2019,1,0,0,0,0.0,9,8,,,0,,,8,8,0.0,0.0,,,0.0,,,0,0,996.0,,,,,,,,,,,,,,,,,,,,,,,,,,,,,,0,0,0,0,0,0,0,0,0,0,0,0,0,0,0,0,1,0,0,0,0,0,0,0,0,0,0,0,0,1,0,0,0,0,0,,1,0,0,0,0,0,0,0,1,0,0,0,0,0,0,0,,,,,,31-35,26-35,State route,U,Sunday,Unknown,PV,API,0,1,0,0,State Route,Municipal/City Police,Seattle Police Department,1,1,0,0,0,,,,,,0.0,0.0,0.0,,,,,,,,,,,0.0,0.0,0.0,7.0,,,,,20.0,,,,,,,,,1.0,0.0,,,,,,,98109,Seattle,Seattle
3656,3739,3739,2021,382,3888998,263.0,2021-08-10,13:44,10,8,,33,King,1960,1,,1,1,1,1,1,2,1,,,,8,0,0,0.0,1,0,1,5,2,4,6,0,0,0,0,CALIFORNIA AVE SW,,-122.3868639,47.559047222,0,1,13,80,5,25,34,0,0,1,5,8,1,1,3,1,15,2,1,53,0,12,481,2012,0,,8,,,,,,1,1,78,1,0.0,,0,0,3,0,11,0,,,,,0.0,0.0,0.0,3.0,1,0,,,,96,,,,,,98,,,,,,98312,53,73.0,250.0,6.0,1.0,0.0,0.0,1.0,0.0,,0,,,,,,0,07/15/2019,07/15/2019,20,0,0,0,8.0,9,8,,,0,,,8,8,8.0,95.0,,,96.0,,,8,95,995.0,,,,,,,,,,,,,,,,,,,,,,,,,,,,,,0,0,0,0,0,0,0,0,0,0,0,0,0,0,0,0,0,0,0,0,0,0,0,0,0,1,1,1,0,1,0,1,0,0,0,,0,0,0,0,0,0,0,0,0,0,0,0,0,0,0,0,,,,,,76-80,76+,City street,U,Tuesday,Belt Used,PV,Not Fatal,1,0,0,0,City Street,Municipal/City Police,Seattle Police Department,0,0,0,1,0,,,,,,0.0,0.0,0.0,,,,,,,,,,,98.0,98.0,98.0,0.0,,,,,20.0,,,,,,,,,1.0,0.0,,,,,,,98116,Bremerton,Seattle
3657,3740,3740,2021,383,EB73409,5.0,2021-09-22,9:47,22,9,,11,Clark,2420,1,,1,1,2,1,0,2,2,,,,12,0,2,16.1,2,0,6,2,2,1,3,0,0,28,3,SR-14,WASHOUGAL RIVER RD,-122.3561861,45.57665,0,1,52,17,2,55,4,0,0,1,2,12,2,1,2,1,1,1,1,53,0,37,32,2016,0,,68,64.0,69.0,12.0,,,1,1,60,1,7.0,,4,7,3,0,11,0,09/22/2021,9:47,242053048337.0,48337.0,0.0,0.0,3.0,3.0,1,51,,,,96,,,,,,98,,,,,,98671,53,72.0,220.0,6.0,1.0,0.0,0.0,0.0,1.0,,0,,,,,,0,08/15/2018,08/15/2018,20,0,0,0,0.0,9,8,,,0,,,8,8,2.0,996.0,996.0,996.0,1.0,1.0,1.0,2,1,0.0,,,,,,,,,,,,,,,,,,,,,,,,,,,,,,0,0,0,1,0,0,1,1,0,0,0,0,0,0,0,0,0,0,0,0,0,0,0,0,0,0,0,0,0,1,0,0,0,0,0,,1,0,0,0,0,0,1,1,0,0,0,0,0,0,1,0,,,,,,56-60,56-65,State route,U,Wednesday,Belt Used,PV,White,1,0,0,0,State Route,State Patrol,Washington State Patrol,0,1,0,0,0,,,,,,0.0,0.0,0.0,,,,,,,,,,,98.0,98.0,98.0,1.0,,,,,20.0,,,,,,,,,1.0,0.0,,,,,,,98671,Washougal,Washougal
3658,3741,3741,2021,383,EB73409,5.0,2021-09-22,9:47,22,9,,11,Clark,2420,1,,1,1,2,1,0,2,2,,,,12,0,2,16.1,2,0,6,2,2,1,3,0,0,21,3,SR-14,WASHOUGAL RIVER RD,-122.3561861,45.57665,0,2,52,54,3,55,21,1,0,1,2,12,2,1,1,2,16,1,1,41,0,7,461,1998,0,,12,63.0,24.0,59.0,,,1,1,64,1,0.0,,3,0,3,0,11,5,,,,,0.0,0.0,0.0,3.0,1,0,,,,96,,,,,,98,,,,,,97218,41,73.0,245.0,6.0,1.0,0.0,0.0,0.0,0.0,,0,,,,,,0,,,8,0,0,0,8.0,9,8,,,0,,,8,8,0.0,0.0,,,0.0,,,0,0,996.0,,,,,,,,,,,,,,,,,,,,,,,,,,,,,,0,0,0,1,0,0,1,1,0,0,0,0,0,0,0,0,0,0,0,0,0,0,0,0,0,0,0,0,0,1,0,0,0,0,0,,0,0,0,0,0,0,0,0,0,0,0,0,0,0,0,0,,,,,,61-65,56-65,State route,U,Wednesday,Belt Used,PV,Not Fatal,1,0,0,0,State Route,State Patrol,Washington State Patrol,0,1,0,0,0,,,,,,0.0,0.0,0.0,,,,,,,,,,,0.0,0.0,0.0,0.0,,,,,20.0,,,,,,,,,1.0,0.0,,,,,,,98671,Portland,Washougal
3659,3742,3742,2021,384,EB73468,6.0,2021-09-22,15:00,22,9,,7,Chelan,0,1,,1,1,2,2,0,3,2,,,,12,0,6,105.2,2,0,2,2,1,1,2,0,0,20,3,US-2,DEADMAN HILL RD,-120.5819861,47.552886111,0,1,89,17,2,25,2,0,0,1,2,12,1,1,2,1,4,2,1,53,0,20,9,1979,0,,12,,,,,,1,1,60,2,7.0,,4,7,3,0,11,0,09/22/2021,15:00,53048793.0,48793.0,0.0,0.0,0.0,2.0,1,38,,,,96,,,,,,9,,,,,,98847,53,62.0,135.0,1.0,1.0,0.0,0.0,0.0,0.0,,0,,,,,,0,,,20,0,0,0,0.0,9,8,,,0,,,1,8,2.0,401.0,417.0,,1.0,1.0,,2,1,0.0,,,,,,,,,,,,,,,,,,,,,,,,,,,,,,0,0,0,1,0,0,1,1,0,0,0,0,0,1,0,0,0,0,1,0,0,0,0,0,0,0,0,0,0,1,0,0,0,0,0,,1,0,0,0,0,0,1,1,0,0,1,1,0,0,1,0,,,,,,56-60,56-65,US highway,R,Wednesday,Belt Used,PV,White,1,0,0,0,State Route,State Patrol,Washington State Patrol,0,1,0,0,0,,,,,,0.0,0.0,0.0,,,,,,,,,,,0.0,0.0,0.0,1.0,,,,,20.0,,,,,,,,,1.0,0.0,,,,,,,98815,Peshastin,Cashmere
3660,3743,3743,2021,384,EB73468,6.0,2021-09-22,15:00,22,9,,7,Chelan,0,1,,1,1,2,2,0,3,2,,,,12,0,6,105.2,2,0,2,2,1,1,2,0,0,0,0,US-2,DEADMAN HILL RD,-120.5819861,47.552886111,0,2,88,66,4,60,34,0,0,1,2,12,1,1,5,1,1,1,1,53,0,23,481,2005,0,,12,,,,,,1,1,47,1,0.0,,0,0,3,0,11,0,,,,,0.0,0.0,0.0,3.0,1,0,,,,96,,,,,,98,,,,,,98801,53,74.0,220.0,6.0,1.0,0.0,0.0,0.0,2.0,,0,,,,,,0,10/15/2017,04/15/2018,20,0,0,0,8.0,9,2,,,0,,,8,8,8.0,95.0,,,96.0,,,2,1,997.0,,,,,,,,,,,,,,,,,,,,,,,,,,,,,,0,0,0,1,0,0,1,1,0,0,0,0,0,1,0,0,0,0,1,0,0,0,0,0,0,0,0,0,0,1,0,0,0,0,0,,0,0,0,0,0,0,0,0,0,0,0,0,0,0,0,0,,,,,,46-50,46-55,US highway,R,Wednesday,Belt Used,PV,Not Fatal,1,0,0,0,State Route,State Patrol,Washington State Patrol,0,1,0,0,0,,,,,,0.0,0.0,0.0,,,,,,,,,,,98.0,98.0,98.0,0.0,,,,,20.0,,,,,,,,,1.0,0.0,,,,,,,98815,Wenatchee,Cashmere
3661,3744,3744,2021,385,EB73636,29.0,2021-09-25,9:43,25,9,,41,Lewis,0,1,,1,1,2,1,0,2,2,,,,12,0,2,,1,0,1,5,1,2,4,0,0,0,0,CR-TUCKER RD,,-122.7658083,46.496125,0,1,50,10,2,40,80,0,0,1,5,12,2,2,2,1,14,1,1,53,0,73,705,2014,0,,68,12.0,,,,,1,1,26,1,7.0,,4,7,20,7,11,0,09/25/2021,9:43,53050042.0,50042.0,0.0,0.0,0.0,3.0,1,28,,,,96,,,,,,98,,,,,,98387,53,61.0,195.0,6.0,1.0,0.0,0.0,0.0,0.0,,0,,,,,,4,,,20,8,0,0,0.0,9,8,,,0,,,8,8,2.0,1.0,,,1.0,,,2,1,0.0,,,,,,,,,,,,,,,,,,,,,,,,,,,,,,0,0,0,0,0,0,0,0,0,0,0,0,1,0,0,0,0,0,0,0,0,0,0,0,0,0,0,0,1,1,0,0,0,0,1,0.0,0,0,0,0,0,0,0,0,0,1,0,0,0,0,0,0,,,,,,26-30,26-35,County road,R,Saturday,,MC,White,0,1,1,0,County Road,County Sheriff,Lewis County Sheriff's Office,0,0,1,0,0,,,,,,0.0,0.0,0.0,,,,,,,,,,,0.0,0.0,0.0,1.0,,,,,5.0,,,,,,,,,1.0,0.0,,,TUCKER RD,3.047,,,98591,Spanaway,Toledo