,index,Unnamed: 0,year,case,par,repjur,crash_dt,crash_tm,accday,accmon,holiday,county,co_char,city,weather,weather2,lightcond,surfcond,surftype,numfatal,nmforms,pforms,vforms,not_tm,arr_tm,hosp_tm,fhevent,hitrun,manncol,milepnt,reljunc,reljuncinter,intersectiontype,funcsystem,landuse,ownership,route,schlbus,spejur,contdev,devfunc,trafid1,trafid2,lon,lat,wk_zone,vnumber,crashtype,criticalevent,criticaleventcat,spdlim,body,trailer,emerg,hazcargo,leave,mhevent,roadalgn,roadprof,traflane,trafflow,vehmanvr,numoccs,regowner,regstate,spuse,make,model,modelyr,vrf1,vrf2,seqevent1,seqevent2,seqevent3,seqevent4,seqevent5,seqevent6,pnumber,ptype,age,sex,hispanic,race,injury,diedscene,restraint,restraintmisuse,seatpos,takehosp,death_dt,death_tm,cert,cernum_wa,commlic,licendor,licrestrict,liccomp,drivpres,drf1,drf2,drf3,drf4,distract1,distract2,distract3,distract4,distract5,distract6,dricond1,dricond2,dricond3,dricond4,dricond5,dricond6,dzip,licstate,drhgt_in,weight,noncdl,noncdltype,prevdwi,prevoth,prevacc,prevspd,prevsus,driviol1,driviol2,driviol3,driviol4,driviol5,driviol6,spdrel,first_dt,last_dt,airbag,ejection,ejectpath,extricat,injurwrk,methalc,methdrug,nmlocat,strikveh,prf1,prf2,prf3,druginv,alcinvol,drugsts,drugres1,drugres2,drugres3,drugtst1,drugtst2,drugtst3,alcsts,alctst,alcres,nmact1,nmact2,nmact3,nmact4,nmact5,nmact6,nmprior1,nmprior2,nmprior3,nmprior4,nmprior5,nmprior6,nmcond1,nmcond2,nmcond3,nmcond4,nmcond5,nmcond6,nmsafe_helmet,nmsafe_pads,nmsafe_oth,nmprev_ref,nmprev_lgt,nmprev_oth,crashlocation,nmcrashtype,crosswalk,schoolzone,sidewalk,train_inv,wildlife_inv,rotr_fars,intersect_fars,dd_inv,aid_inv,dpd_inv,id_inv,mj_inv,impnm_inv,ainm_inv,dpnm_inv,speed_inv,unlic_inv,unendmc_inv,drowsy_inv,drdist_inv,nmdist_inv,fty_inv,unrestfat_inv,dr1617_inv,dr1820_inv,dr1620_inv,dr2125_inv,dr1625_inv,dr65_inv,dr70_inv,dr75_inv,mc_inv,pv_inv,ht_inv,ped_inv,bike_inv,unrest_fat,mc_fat,unhelmet_mc,pv_fat,ht_fat,ped_fat,bike_fat,dr_alc7,dr_alc8,dr_drug,dr_imp,dr_dist,dr_spd,dr_fty,dr_unlic,dr_alc7only,dr_alc8only,dr_drugonly,dr_drink,nm_imp,nm_alc7,nm_alc8,nm_drug,nm_dist,agegrp1,agegrp2,roadclass,urbrur,dayweek,restuse,vehtype,race_me,intersect,lanedep,oppdir,wrongway,rep_typ,investag,repag_long,rotr,st_rd,cty_rd,city_rd,oth_rd,drug_thc,thc_res,drug_cthc,cthc_res,drug_cann,prevpersemin,prevperse,prevsusoth,drugtst4,drugtst5,drugtst6,drugtst7,drugtst8,drugres4,drugres5,drugres6,drugres7,drugres8,adspresent,adsengaged,adslevel,race1,race2,race3,race4,race5,helmet,helmetmisuse,nmdistract1,nmdistract2,nmdistract3,nmdistract4,nmdistract5,nmdistract6,lab,isedtcase,crf1,crf2,crf3,CoRoadName,CoMP,IntCoRoadName,IntCoMP,crashzip,dcity,crashcity
3662,3745,3745,2021,385,EB73636,29.0,2021-09-25,9:43,25,9,,41,Lewis,0,1,,1,1,2,1,0,2,2,,,,12,0,2,,1,0,1,5,1,2,4,0,0,0,0,CR-TUCKER RD,,-122.7658083,46.496125,0,2,51,62,4,40,34,0,0,1,2,12,3,2,2,1,14,1,3,41,0,12,481,2011,0,,12,,,,,,1,1,49,2,0.0,,0,0,3,0,11,0,,,,,0.0,0.0,0.0,3.0,1,0,,,,96,,,,,,98,,,,,,98649,53,64.0,190.0,6.0,1.0,0.0,0.0,0.0,0.0,,0,,,,,,0,,,8,0,0,0,8.0,9,8,,,0,,,8,8,0.0,0.0,,,0.0,,,0,0,996.0,,,,,,,,,,,,,,,,,,,,,,,,,,,,,,0,0,0,0,0,0,0,0,0,0,0,0,1,0,0,0,0,0,0,0,0,0,0,0,0,0,0,0,1,1,0,0,0,0,0,,0,0,0,0,0,0,0,0,0,0,0,0,0,0,0,0,,,,,,46-50,46-55,County road,R,Saturday,Belt Used,PV,Not Fatal,0,1,1,0,County Road,County Sheriff,Lewis County Sheriff's Office,0,0,1,0,0,,,,,,0.0,0.0,0.0,,,,,,,,,,,98.0,98.0,98.0,0.0,,,,,20.0,,,,,,,,,1.0,0.0,,,TUCKER RD,3.047,,,98591,Toutle,Toledo
3663,3746,3746,2021,386,EB73928,7.0,2021-10-01,14:13,1,10,,33,King,735,1,,1,1,1,1,0,2,2,,,,12,0,1,142.1,1,0,1,1,2,1,1,0,0,0,0,I-5,,-122.3060694,47.290438889,0,1,24,6,1,60,80,0,0,1,2,12,1,1,5,3,1,1,1,53,0,37,705,2009,0,,12,,,,,,1,1,47,1,7.0,,4,0,20,7,11,5,10/01/2021,15:37,73553054706.0,54706.0,0.0,0.0,0.0,3.0,1,0,,,,96,,,,,,98,,,,,,98408,53,66.0,145.0,6.0,1.0,0.0,0.0,0.0,3.0,,0,,,,,,4,02/15/2017,04/15/2020,20,8,0,0,0.0,9,8,,,0,,,8,8,2.0,996.0,348.0,996.0,1.0,1.0,1.0,2,1,0.0,,,,,,,,,,,,,,,,,,,,,,,,,,,,,,0,0,0,0,0,0,1,1,0,0,0,0,1,0,0,0,0,0,0,0,0,0,0,1,1,0,0,0,1,1,0,0,0,0,1,0.0,0,0,0,0,0,0,1,1,0,1,0,0,0,0,1,0,,,,,,46-50,46-55,Interstate,U,Friday,,MC,Multiracial,0,0,0,0,State Route,State Patrol,Washington State Patrol,0,1,0,0,0,,,,,,0.0,0.0,0.0,1.0,1.0,,,,996.0,151.0,,,,0.0,0.0,0.0,278.0,201.0,204.0,,,5.0,,,,,,,,,1.0,0.0,,,,,,,98003,Tacoma,Federal Way
3664,3747,3747,2021,386,EB73928,7.0,2021-10-01,14:13,1,10,,33,King,735,1,,1,1,1,1,0,2,2,,,,12,0,1,142.1,1,0,1,1,2,1,1,0,0,0,0,I-5,,-122.3060694,47.290438889,0,2,25,53,3,60,34,0,0,1,5,12,1,1,5,3,1,1,1,53,0,7,482,2016,0,,12,,,,,,1,1,22,1,0.0,,0,0,3,0,11,0,,,,,0.0,0.0,0.0,3.0,1,0,,,,96,,,,,,98,,,,,,98001,53,72.0,150.0,6.0,1.0,0.0,1.0,1.0,0.0,,0,,,,,,0,11/15/2017,02/15/2017,20,0,0,0,8.0,9,8,,,0,,,8,8,8.0,95.0,,,96.0,,,8,95,995.0,,,,,,,,,,,,,,,,,,,,,,,,,,,,,,0,0,0,0,0,0,1,1,0,0,0,0,1,0,0,0,0,0,0,0,0,0,0,1,1,0,0,0,1,1,0,0,0,0,0,,0,0,0,0,0,0,0,0,0,0,0,0,0,0,0,0,,,,,,21-25,16-25,Interstate,U,Friday,Belt Used,PV,Not Fatal,0,0,0,0,State Route,State Patrol,Washington State Patrol,0,1,0,0,0,,,,,,0.0,0.0,0.0,,,,,,,,,,,98.0,98.0,98.0,0.0,,,,,20.0,,,,,,,,,1.0,0.0,,,,,,,98003,Auburn,Federal Way
3665,3748,3748,2021,387,EB74003,8.0,2021-10-02,0:48,2,10,,27,Grays Harbor,0,5,,2,1,2,1,1,1,2,,,,8,0,0,14.9,1,0,1,2,2,1,2,0,0,0,0,US-12,,-123.51165,46.994102778,0,1,13,80,5,60,3,0,0,1,2,8,1,1,2,3,1,1,1,53,0,56,31,1987,0,,8,63.0,14.0,,,,1,1,32,1,0.0,,0,0,3,0,11,0,,,,,0.0,0.0,0.0,3.0,1,0,,,,96,,,,,,9,,,,,,98550,53,72.0,180.0,6.0,1.0,0.0,1.0,0.0,1.0,,1,,,,,,0,09/15/2018,09/15/2019,20,0,0,0,8.0,9,2,,,0,,,8,1,2.0,695.0,605.0,,1.0,1.0,,2,1,0.18,,,,,,,,,,,,,,,,,,,,,,,,,,,,,,0,0,0,0,1,1,1,1,1,1,0,1,0,0,0,0,0,0,0,0,0,0,0,0,0,0,0,0,0,1,0,1,0,0,0,,0,0,0,0,0,1,1,1,0,0,0,0,0,0,0,1,,,,,,31-35,26-35,US highway,U,Saturday,Belt Used,PV,Not Fatal,0,0,0,0,State Route,State Patrol,Washington State Patrol,0,1,0,0,0,thc,6.1,carboxy-thc,50.0,,0.0,0.0,0.0,,,,,,,,,,,0.0,0.0,0.0,0.0,,,,,20.0,,,,,,,,,1.0,23.0,,,,,,,98563,Hoquiam,Montesano
3666,3749,3749,2021,388,EB74033,229.0,2021-09-04,19:13,4,9,,21,Franklin,1660,1,,1,1,2,1,0,4,2,,,,12,0,6,0.0,2,0,2,4,2,4,6,0,0,20,3,W COURT ST,ROAD 88,-119.2063917,46.249352778,0,1,86,17,2,25,4,0,0,1,2,12,1,1,2,1,4,2,1,53,0,49,40,2004,0,,12,,,,,,1,1,23,2,0.0,,2,0,3,0,11,5,,,,,0.0,0.0,0.0,3.0,1,38,,,,92,,,,,,98,,,,,,99301,53,61.0,150.0,6.0,1.0,0.0,0.0,0.0,0.0,,46,75.0,,,,,0,,,8,0,0,0,8.0,1,1,,,0,,,0,0,2.0,1.0,,,1.0,,,2,98,0.0,,,,,,,,,,,,,,,,,,,,,,,,,,,,,,0,0,0,1,1,1,1,1,0,0,0,0,1,0,0,0,1,0,1,1,0,0,0,1,1,0,0,0,0,1,0,0,0,0,0,,0,0,0,0,0,0,0,0,1,0,1,0,0,0,0,0,,,,,,21-25,16-25,City street,U,Saturday,Belt Used,PV,Not Fatal,1,0,0,0,City Street,Municipal/City Police,Pasco Police Department,0,0,0,1,0,,,,,,0.0,0.0,0.0,,,,,,,,,,,98.0,98.0,98.0,0.0,,,,,20.0,,,,,,,,,1.0,0.0,,,,,,,99301,Pasco,Pasco
3667,3750,3750,2021,388,EB74033,229.0,2021-09-04,19:13,4,9,,21,Franklin,1660,1,,1,1,2,1,0,4,2,,,,12,0,6,0.0,2,0,2,4,2,4,6,0,0,0,0,W COURT ST,ROAD 88,-119.2063917,46.249352778,0,2,87,66,4,40,49,0,0,1,2,1,1,1,2,1,1,2,2,53,0,2,999,9999,0,,12,1.0,,,,,1,1,63,2,7.0,,4,7,20,7,11,0,09/04/2021,19:13,166053045218.0,45218.0,0.0,0.0,3.0,3.0,1,0,,,,96,,,,,,98,,,,,,99336,53,65.0,115.0,6.0,1.0,0.0,0.0,0.0,0.0,,0,,,,,,3,02/15/2019,02/15/2019,20,1,9,0,0.0,9,8,,,0,,,8,8,2.0,996.0,,,1.0,,,2,1,0.184,,,,,,,,,,,,,,,,,,,,,,,,,,,,,,0,0,0,1,1,1,1,1,0,0,0,0,1,0,0,0,1,0,1,1,0,0,0,1,1,0,0,0,0,1,0,0,0,1,0,,1,0,0,0,0,1,1,1,0,1,0,0,0,0,0,1,,,,,,61-65,56-65,City street,U,Saturday,Not Used,PV,White,1,0,0,0,City Street,Municipal/City Police,Pasco Police Department,0,0,0,1,0,,,,,,0.0,0.0,1.0,,,,,,,,,,,0.0,0.0,0.0,1.0,,,,,20.0,,,,,,,,,1.0,0.0,,,,,,,99301,Kennewick,Pasco
3668,3751,3751,2021,389,EB74082,4.0,2021-10-01,16:55,1,10,,63,Spokane,0,1,,1,1,2,1,0,2,2,,,,12,0,6,291.8,2,0,2,2,2,1,2,0,0,20,3,US-2,COLBERT RD,-117.3471972,47.824458333,0,1,89,17,2,60,15,0,0,1,2,12,8,8,2,1,4,1,1,53,0,20,423,2015,0,,12,,,,,,1,1,81,2,0.0,,2,0,3,0,11,5,,,,,0.0,0.0,3.0,3.0,1,38,,,,96,,,,,,98,,,,,,99005,53,65.0,168.0,6.0,1.0,0.0,1.0,1.0,0.0,,46,,,,,,0,12/15/2017,12/15/2017,20,0,0,0,8.0,9,8,,,0,,,8,8,0.0,0.0,,,0.0,,,0,0,996.0,,,,,,,,,,,,,,,,,,,,,,,,,,,,,,0,0,0,1,0,0,1,1,0,0,0,0,0,0,0,0,0,0,1,0,0,0,0,0,0,1,1,1,1,1,0,0,0,0,0,,0,0,0,0,0,0,0,0,0,0,1,0,0,0,0,0,,,,,,81+,76+,US highway,U,Friday,Belt Used,PV,Not Fatal,1,0,0,0,State Route,State Patrol,Washington State Patrol,0,1,0,0,0,,,,,,0.0,0.0,0.0,,,,,,,,,,,98.0,98.0,98.0,0.0,,,,,20.0,,,,,,,,,1.0,0.0,,,,,,,99021,Colbert,Mead
3669,3752,3752,2021,389,EB74082,4.0,2021-10-01,16:55,1,10,,63,Spokane,0,1,,1,1,2,1,0,2,2,,,,12,0,6,291.8,2,0,2,2,2,1,2,0,0,0,0,US-2,COLBERT RD,-117.3471972,47.824458333,0,2,88,66,4,60,80,0,0,1,2,12,3,1,3,2,14,1,1,53,0,72,706,2021,0,,12,,,,,,1,1,58,1,7.0,,4,7,20,7,11,0,10/01/2021,16:55,53050594.0,50594.0,0.0,0.0,0.0,3.0,1,0,,,,96,,,,,,98,,,,,,99003,53,72.0,199.0,6.0,1.0,0.0,0.0,0.0,0.0,,0,,,,,,0,,,20,8,0,0,0.0,9,8,,,0,,,8,8,2.0,996.0,996.0,,1.0,1.0,,2,1,0.0,,,,,,,,,,,,,,,,,,,,,,,,,,,,,,0,0,0,1,0,0,1,1,0,0,0,0,0,0,0,0,0,0,1,0,0,0,0,0,0,1,1,1,1,1,0,0,0,0,1,1.0,0,0,0,0,0,0,1,1,0,0,0,0,0,0,1,0,,,,,,56-60,56-65,US highway,U,Friday,,MC,White,1,0,0,0,State Route,State Patrol,Washington State Patrol,0,1,0,0,0,,,,,,0.0,0.0,0.0,,,,,,,,,,,98.0,98.0,98.0,1.0,,,,,16.0,,,,,,,,,1.0,0.0,,,,,,,99021,Chattaroy,Mead
3670,3753,3753,2021,390,EB74510,1.0,2021-09-11,1:14,11,9,,71,Walla Walla,0,1,,2,1,2,1,0,1,1,,,,35,0,0,349.0,1,0,1,3,1,1,2,0,0,0,0,US-12,,-118.1377639,46.194194444,0,1,1,13,2,60,34,0,0,1,2,1,3,1,2,1,14,1,2,16,0,12,481,1993,0,,63,35.0,1.0,,,,1,1,25,1,7.0,,4,7,20,7,11,0,09/11/2021,1:14,53045075.0,45075.0,6.0,0.0,0.0,3.0,1,0,,,,92,,,,,,98,,,,,,83318,16,67.0,130.0,6.0,1.0,0.0,0.0,0.0,0.0,,0,,,,,,0,,,20,1,9,0,1.0,9,8,,,0,,,8,8,0.0,0.0,,,0.0,,,0,0,996.0,,,,,,,,,,,,,,,,,,,,,,,,,,,,,,0,0,1,0,0,0,0,0,0,0,0,0,0,0,0,0,1,0,0,1,0,0,0,1,1,0,0,0,0,1,0,0,0,1,0,,1,0,0,0,0,0,0,0,1,0,0,0,0,0,0,0,,,,,,21-25,16-25,US highway,R,Saturday,Not Used,PV,White,0,1,0,0,State Route,State Patrol,Washington State Patrol,1,1,0,0,0,,,,,,0.0,0.0,0.0,,,,,,,,,,,0.0,0.0,0.0,1.0,,,,,20.0,,,,,,,,,1.0,0.0,,,,,,,99361,Burley,Waitsburg
3671,3754,3754,2021,391,EB74561,31.0,2021-10-03,8:57,3,10,,45,Mason,0,1,,1,2,2,1,0,1,1,,,,34,0,0,2.6,1,0,1,5,2,2,4,0,0,0,0,CR-E JOHNS PRAIRIE RD,,-123.0688694,47.247219444,0,1,6,6,1,45,4,0,0,1,2,1,3,2,2,1,14,1,2,53,0,54,35,2001,0,,64,34.0,67.0,59.0,1.0,,1,1,24,1,7.0,,4,7,3,0,11,0,10/03/2021,8:57,53050499.0,50499.0,0.0,0.0,0.0,3.0,1,0,,,,92,,,,,,98,,,,,,98584,53,69.0,150.0,6.0,1.0,1.0,1.0,2.0,3.0,,0,,,,,,0,05/15/2016,11/15/2020,8,1,9,0,0.0,9,8,,,0,,,8,8,2.0,695.0,605.0,,1.0,1.0,,2,1,0.119,,,,,,,,,,,,,,,,,,,,,,,,,,,,,,0,0,1,0,1,1,1,1,1,0,0,0,0,0,0,0,1,0,0,0,0,0,0,1,1,0,0,0,0,1,0,0,0,0,0,,1,0,0,0,0,1,1,1,1,0,0,0,0,0,0,1,,,,,,21-25,16-25,County road,U,Sunday,Belt Used,PV,White,0,1,0,0,County Road,County Sheriff,Mason County Sheriff's Office,1,0,1,0,0,thc,50.0,carboxy-thc,230.0,,0.0,0.0,5.0,,,,,,,,,,,98.0,98.0,98.0,1.0,,,,,20.0,,,,,,,,nms,1.0,0.0,,,JOHNS PRAIRIE RD,2.623,,,98584,Shelton,Shelton
3672,3755,3755,2021,392,EB74709,122.0,2021-09-21,7:22,21,9,,61,Snohomish,690,1,,1,1,2,1,0,2,4,,,,12,0,6,0.0,8,0,1,3,2,4,6,0,0,0,0,RUCKER AVE,,-122.2107556,47.962269444,0,1,69,62,4,35,14,0,0,1,2,12,1,1,7,5,1,1,1,53,0,35,401,1996,0,,12,63.0,30.0,30.0,14.0,14.0,1,1,35,1,0.0,,3,0,99,7,11,4,,,,,0.0,0.0,0.0,3.0,1,0,,,,96,,,,,,8,9.0,,,,,98012,53,70.0,200.0,6.0,1.0,0.0,0.0,0.0,1.0,,97,,,,,,4,03/15/2019,03/15/2019,8,0,0,0,8.0,9,2,,,0,,,1,0,8.0,95.0,,,96.0,,,0,0,996.0,,,,,,,,,,,,,,,,,,,,,,,,,,,,,,0,0,0,0,0,0,1,1,0,0,0,0,1,0,0,0,0,0,0,1,0,0,0,0,0,0,0,0,0,1,0,0,0,0,0,,0,0,0,0,0,0,0,0,0,1,0,0,0,0,0,0,,,,,,31-35,26-35,City street,U,Tuesday,Unknown,PV,Not Fatal,0,0,0,0,City Street,Municipal/City Police,Everett Police Department,0,0,0,1,0,,,,,,0.0,0.0,0.0,,,,,,,,,,,0.0,0.0,0.0,0.0,,,,,20.0,,,,,,,,,1.0,0.0,,,,,,,98203,Bothell,Everett
3673,3756,3756,2021,392,EB74709,122.0,2021-09-21,7:22,21,9,,61,Snohomish,690,1,,1,1,2,1,0,2,4,,,,12,0,6,0.0,8,0,1,3,2,4,6,0,0,0,0,RUCKER AVE,,-122.2107556,47.962269444,0,2,68,15,2,35,34,0,0,1,2,12,1,1,7,5,11,1,3,53,0,35,472,2018,0,,12,1.0,63.0,,,,1,1,43,1,7.0,,4,7,20,7,11,0,09/21/2021,7:22,69053049003.0,49003.0,0.0,0.0,0.0,3.0,1,0,,,,96,,,,,,98,,,,,,98201,53,72.0,270.0,6.0,1.0,0.0,0.0,1.0,1.0,,0,,,,,,0,04/15/2017,04/15/2019,8,0,0,0,0.0,9,8,,,0,,,8,8,2.0,189.0,188.0,996.0,1.0,1.0,1.0,2,1,0.0,,,,,,,,,,,,,,,,,,,,,,,,,,,,,,0,0,0,0,0,0,1,1,0,0,0,0,1,0,0,0,0,0,0,1,0,0,0,0,0,0,0,0,0,1,0,0,0,1,0,,1,0,0,0,0,0,1,1,0,0,0,0,0,0,1,0,,,,,,41-45,36-45,City street,U,Tuesday,Not Used,PV,White,0,0,0,0,City Street,Municipal/City Police,Everett Police Department,0,0,0,1,0,,,,,,0.0,0.0,0.0,,,,,,,,,,,98.0,98.0,98.0,1.0,,,,,20.0,,,,,,,,,1.0,0.0,,,,,,,98203,Everett,Everett
3674,3757,3757,2021,393,EB74821,3.0,2021-09-27,20:37,27,9,,53,Pierce,2230,2,,3,2,2,1,0,1,1,,,,35,0,0,2.9,1,0,1,2,2,1,3,0,0,0,0,SR-16,,-122.5077833,47.246252778,0,1,1,13,2,60,4,0,0,1,2,35,1,1,4,3,15,1,2,6,0,35,43,2019,0,,63,35.0,42.0,,,,1,1,33,1,1.0,,4,7,3,0,11,0,09/27/2021,20:37,223053051486.0,51486.0,0.0,0.0,0.0,0.0,1,0,,,,96,,,,,,98,,,,,,98406,53,,999.0,0.0,0.0,0.0,0.0,0.0,0.0,,0,,,,,,4,,,8,0,0,0,0.0,9,8,,,0,,,8,8,2.0,1.0,,,1.0,,,2,1,0.187,,,,,,,,,,,,,,,,,,,,,,,,,,,,,,0,0,1,0,1,1,0,1,0,0,0,0,1,1,0,0,0,0,0,0,0,0,0,0,0,0,0,0,0,1,0,0,0,0,0,,1,0,0,0,0,1,0,1,0,1,0,1,0,1,0,1,,,,,,31-35,26-35,State route,U,Monday,Belt Used,PV,Hispanic,0,1,0,0,State Route,State Patrol,Washington State Patrol,1,1,0,0,0,,,,,,0.0,0.0,0.0,,,,,,,,,,,98.0,98.0,98.0,98.0,,,,,20.0,,,,,,,,,1.0,0.0,,,,,,,98465,Tacoma,Tacoma
3675,3758,3758,2021,394,EB74825,7.0,2021-09-25,23:39,25,9,,33,King,1960,10,,3,1,1,1,1,1,1,,,,8,0,0,0.4,1,0,1,1,2,1,1,0,0,0,0,I-5 RAMP,,-122.3267222,47.603,0,1,13,80,5,60,4,0,0,1,2,8,3,2,2,3,15,1,1,53,0,30,46,2018,0,,8,,,,,,1,1,41,1,0.0,,0,0,3,0,11,0,,,,,0.0,0.0,3.0,3.0,1,0,,,,96,,,,,,9,,,,,,98144,53,70.0,175.0,6.0,1.0,0.0,0.0,0.0,0.0,,11,,,,,,0,,,20,0,0,0,8.0,9,8,,,0,,,8,1,8.0,95.0,,,96.0,,,2,1,0.08,,,,,,,,,,,,,,,,,,,,,,,,,,,,,,0,0,0,0,1,1,0,1,0,0,0,0,0,0,0,0,0,0,0,0,0,0,0,0,0,0,0,0,0,1,0,1,0,0,0,,0,0,0,0,0,1,0,1,0,0,0,0,0,1,0,1,,,,,,41-45,36-45,Interstate,U,Saturday,Belt Used,PV,Not Fatal,0,0,0,0,State Route,State Patrol,Washington State Patrol,0,1,0,0,0,,,,,,0.0,0.0,0.0,,,,,,,,,,,98.0,98.0,98.0,0.0,,,,,20.0,,,,,,,,,1.0,0.0,,,,,,,98104,Seattle,Seattle
3676,3759,3759,2021,395,EB74826,7.0,2021-10-02,3:43,2,10,,33,King,1960,10,,3,1,1,1,0,3,3,,,,12,0,1,170.8,1,0,1,1,2,1,1,0,0,0,0,I-5,,-122.3216472,47.682247222,0,1,25,53,3,60,84,0,0,1,2,12,2,2,3,3,15,1,0,41,0,98,703,2022,0,,12,12.0,,,,,1,1,36,1,7.0,,4,7,20,7,11,0,10/02/2021,3:43,196053049225.0,49225.0,0.0,0.0,0.0,0.0,1,38,,,,96,,,,,,98,,,,,,99692,2,72.0,178.0,0.0,0.0,0.0,0.0,0.0,0.0,,0,,,,,,0,,,20,8,0,0,0.0,9,8,,,0,,,8,8,2.0,1.0,,,1.0,,,2,1,0.0,,,,,,,,,,,,,,,,,,,,,,,,,,,,,,0,0,0,0,0,0,0,0,0,0,0,0,0,1,1,0,0,0,1,0,0,0,0,0,0,0,0,0,1,1,0,0,0,0,1,0.0,0,0,0,0,0,0,0,0,0,0,1,1,0,0,0,0,,,,,,36-40,36-45,Interstate,U,Saturday,,OTHMC,Black,0,0,0,0,State Route,State Patrol,Washington State Patrol,0,1,0,0,0,,,,,,0.0,0.0,0.0,,,,,,,,,,,0.0,0.0,0.0,2.0,,,,,5.0,,,,,,,,,1.0,19.0,,,,,,,98115,Dutch Harbor,Seattle
3677,3760,3760,2021,395,EB74826,7.0,2021-10-02,3:43,2,10,,33,King,1960,10,,3,1,1,1,0,3,3,,,,12,0,1,170.8,1,0,1,1,2,1,1,0,0,0,0,I-5,,-122.3216472,47.682247222,0,2,24,61,4,60,6,0,0,1,2,12,2,2,3,3,14,1,1,53,0,49,46,2016,0,,12,64.0,39.0,,,,1,1,27,1,0.0,,0,0,3,0,11,0,,,,,0.0,0.0,0.0,3.0,1,0,,,,96,,,,,,98,,,,,,98003,53,69.0,198.0,6.0,1.0,0.0,0.0,0.0,0.0,,0,,,,,,0,,,8,0,0,0,8.0,9,8,,,0,,,8,8,0.0,0.0,,,0.0,,,0,0,996.0,,,,,,,,,,,,,,,,,,,,,,,,,,,,,,0,0,0,0,0,0,0,0,0,0,0,0,0,1,1,0,0,0,1,0,0,0,0,0,0,0,0,0,1,1,0,0,0,0,0,,0,0,0,0,0,0,0,0,0,0,0,0,0,0,0,0,,,,,,26-30,26-35,Interstate,U,Saturday,Belt Used,PV,Not Fatal,0,0,0,0,State Route,State Patrol,Washington State Patrol,0,1,0,0,0,,,,,,0.0,0.0,0.0,,,,,,,,,,,98.0,98.0,98.0,0.0,,,,,20.0,,,,,,,,,1.0,19.0,,,,,,,98115,Federal Way,Seattle
3678,3762,3762,2021,396,EB74915,297.0,2021-09-16,4:35,16,9,,33,King,2310,1,,3,1,2,1,1,1,1,,,,8,0,0,4.4,2,0,2,3,2,1,3,0,0,3,3,SR-181,S 180TH ST,-122.245575,47.441216667,0,1,13,80,5,40,66,1,0,1,5,8,1,1,6,2,1,1,3,53,0,51,881,2000,0,,8,,,,,,1,1,41,1,0.0,,0,0,3,0,11,0,,,,,6.0,1.0,3.0,3.0,1,0,,,,96,,,,,,98,,,,,,98374,53,71.0,155.0,6.0,1.0,0.0,0.0,1.0,0.0,,0,,,,,,0,05/15/2019,05/15/2019,20,0,0,0,8.0,9,8,,,0,,,8,8,8.0,95.0,,,96.0,,,8,95,995.0,,,,,,,,,,,,,,,,,,,,,,,,,,,,,,0,0,0,1,0,0,0,0,0,1,0,1,0,0,0,0,0,0,0,0,0,0,0,0,0,0,0,0,0,0,1,1,0,0,0,,0,0,0,0,0,0,0,0,0,0,0,0,0,0,0,0,,,,,,41-45,36-45,State route,U,Thursday,,MHTRUCK,Not Fatal,1,0,0,0,State Route,Municipal/City Police,Tukwila Police Department,0,1,0,0,0,,,,,,0.0,0.0,0.0,,,,,,,,,,,98.0,98.0,98.0,0.0,,,,,20.0,,,,,,,,,1.0,0.0,,,,,,,98032,Puyallup,Kent
3679,3763,3763,2021,397,EB75190,7.0,2021-09-29,2:02,29,9,,33,King,100,1,,3,1,2,1,0,6,5,,,,12,0,2,3.9,1,0,1,2,2,1,3,0,0,0,0,SR-18,,-122.2434222,47.302769444,0,1,52,54,3,60,4,0,0,1,2,12,1,1,2,3,1,1,1,53,0,41,51,2007,0,,12,12.0,,,,,1,1,28,1,7.0,,4,7,20,7,11,0,09/29/2021,2:02,10053049445.0,49445.0,0.0,0.0,0.0,3.0,1,6,51.0,,,96,,,,,,98,,,,,,98038,53,71.0,205.0,6.0,1.0,0.0,2.0,3.0,0.0,,0,,,,,,0,10/15/2018,09/15/2019,8,1,9,0,0.0,9,8,,,0,,,8,8,2.0,996.0,401.0,,1.0,1.0,,2,1,0.253,,,,,,,,,,,,,,,,,,,,,,,,,,,,,,0,0,0,0,1,1,1,1,0,0,0,0,0,0,0,0,0,0,0,1,0,0,0,0,0,0,0,0,0,1,1,0,0,1,0,,1,0,0,0,0,1,1,1,0,0,0,0,0,0,0,1,,,,,,26-30,26-35,State route,U,Wednesday,Not Used,PV,Other,0,0,0,1,State Route,State Patrol,Washington State Patrol,0,1,0,0,0,,,,,,0.0,0.0,0.0,,,,,,,,,,,98.0,98.0,98.0,98.0,,,,,20.0,,,,,,,,,1.0,0.0,,,,,,,98001,Maple Valley,Auburn