,index,Unnamed: 0,year,case,par,repjur,crash_dt,crash_tm,accday,accmon,holiday,county,co_char,city,weather,weather2,lightcond,surfcond,surftype,numfatal,nmforms,pforms,vforms,not_tm,arr_tm,hosp_tm,fhevent,hitrun,manncol,milepnt,reljunc,reljuncinter,intersectiontype,funcsystem,landuse,ownership,route,schlbus,spejur,contdev,devfunc,trafid1,trafid2,lon,lat,wk_zone,vnumber,crashtype,criticalevent,criticaleventcat,spdlim,body,trailer,emerg,hazcargo,leave,mhevent,roadalgn,roadprof,traflane,trafflow,vehmanvr,numoccs,regowner,regstate,spuse,make,model,modelyr,vrf1,vrf2,seqevent1,seqevent2,seqevent3,seqevent4,seqevent5,seqevent6,pnumber,ptype,age,sex,hispanic,race,injury,diedscene,restraint,restraintmisuse,seatpos,takehosp,death_dt,death_tm,cert,cernum_wa,commlic,licendor,licrestrict,liccomp,drivpres,drf1,drf2,drf3,drf4,distract1,distract2,distract3,distract4,distract5,distract6,dricond1,dricond2,dricond3,dricond4,dricond5,dricond6,dzip,licstate,drhgt_in,weight,noncdl,noncdltype,prevdwi,prevoth,prevacc,prevspd,prevsus,driviol1,driviol2,driviol3,driviol4,driviol5,driviol6,spdrel,first_dt,last_dt,airbag,ejection,ejectpath,extricat,injurwrk,methalc,methdrug,nmlocat,strikveh,prf1,prf2,prf3,druginv,alcinvol,drugsts,drugres1,drugres2,drugres3,drugtst1,drugtst2,drugtst3,alcsts,alctst,alcres,nmact1,nmact2,nmact3,nmact4,nmact5,nmact6,nmprior1,nmprior2,nmprior3,nmprior4,nmprior5,nmprior6,nmcond1,nmcond2,nmcond3,nmcond4,nmcond5,nmcond6,nmsafe_helmet,nmsafe_pads,nmsafe_oth,nmprev_ref,nmprev_lgt,nmprev_oth,crashlocation,nmcrashtype,crosswalk,schoolzone,sidewalk,train_inv,wildlife_inv,rotr_fars,intersect_fars,dd_inv,aid_inv,dpd_inv,id_inv,mj_inv,impnm_inv,ainm_inv,dpnm_inv,speed_inv,unlic_inv,unendmc_inv,drowsy_inv,drdist_inv,nmdist_inv,fty_inv,unrestfat_inv,dr1617_inv,dr1820_inv,dr1620_inv,dr2125_inv,dr1625_inv,dr65_inv,dr70_inv,dr75_inv,mc_inv,pv_inv,ht_inv,ped_inv,bike_inv,unrest_fat,mc_fat,unhelmet_mc,pv_fat,ht_fat,ped_fat,bike_fat,dr_alc7,dr_alc8,dr_drug,dr_imp,dr_dist,dr_spd,dr_fty,dr_unlic,dr_alc7only,dr_alc8only,dr_drugonly,dr_drink,nm_imp,nm_alc7,nm_alc8,nm_drug,nm_dist,agegrp1,agegrp2,roadclass,urbrur,dayweek,restuse,vehtype,race_me,intersect,lanedep,oppdir,wrongway,rep_typ,investag,repag_long,rotr,st_rd,cty_rd,city_rd,oth_rd,drug_thc,thc_res,drug_cthc,cthc_res,drug_cann,prevpersemin,prevperse,prevsusoth,drugtst4,drugtst5,drugtst6,drugtst7,drugtst8,drugres4,drugres5,drugres6,drugres7,drugres8,adspresent,adsengaged,adslevel,race1,race2,race3,race4,race5,helmet,helmetmisuse,nmdistract1,nmdistract2,nmdistract3,nmdistract4,nmdistract5,nmdistract6,lab,isedtcase,crf1,crf2,crf3,CoRoadName,CoMP,IntCoRoadName,IntCoMP,crashzip,dcity,crashcity
3680,3764,3764,2021,397,EB75190,7.0,2021-09-29,2:02,29,9,,33,King,100,1,,3,1,2,1,0,6,5,,,,12,0,2,3.9,1,0,1,2,2,1,3,0,0,0,0,SR-18,,-122.2434222,47.302769444,0,2,52,54,3,60,66,1,0,1,2,12,1,1,2,3,1,2,3,53,0,51,881,2005,0,,12,64.0,25.0,,,,1,1,33,1,0.0,,0,0,3,0,11,0,,,,,6.0,3.0,0.0,3.0,1,0,,,,96,,,,,,98,,,,,,98374,53,73.0,258.0,6.0,1.0,0.0,0.0,0.0,0.0,,0,,,,,,0,,,20,0,0,0,8.0,9,8,,,0,,,8,8,0.0,0.0,,,0.0,,,0,0,996.0,,,,,,,,,,,,,,,,,,,,,,,,,,,,,,0,0,0,0,1,1,1,1,0,0,0,0,0,0,0,0,0,0,0,1,0,0,0,0,0,0,0,0,0,1,1,0,0,0,0,,0,0,0,0,0,0,0,0,0,0,0,0,0,0,0,0,,,,,,31-35,26-35,State route,U,Wednesday,,MHTRUCK,Not Fatal,0,0,0,1,State Route,State Patrol,Washington State Patrol,0,1,0,0,0,,,,,,0.0,0.0,0.0,,,,,,,,,,,98.0,98.0,98.0,0.0,,,,,20.0,,,,,,,,,1.0,0.0,,,,,,,98001,Puyallup,Auburn
3681,3765,3765,2021,397,EB75190,7.0,2021-09-29,2:02,29,9,,33,King,100,1,,3,1,2,1,0,6,5,,,,12,0,2,3.9,1,0,1,2,2,1,3,0,0,0,0,SR-18,,-122.2434222,47.302769444,0,3,98,54,3,60,66,1,0,1,2,12,1,1,2,3,1,1,3,17,0,82,881,2020,0,,12,,,,,,1,1,36,1,0.0,,0,0,3,0,11,0,,,,,6.0,3.0,0.0,3.0,1,0,,,,96,,,,,,98,,,,,,11368,36,72.0,999.0,6.0,1.0,0.0,0.0,0.0,0.0,,0,,,,,,0,,,20,0,0,0,8.0,9,8,,,0,,,8,8,0.0,0.0,,,0.0,,,0,0,996.0,,,,,,,,,,,,,,,,,,,,,,,,,,,,,,0,0,0,0,1,1,1,1,0,0,0,0,0,0,0,0,0,0,0,1,0,0,0,0,0,0,0,0,0,1,1,0,0,0,0,,0,0,0,0,0,0,0,0,0,0,0,0,0,0,0,0,,,,,,36-40,36-45,State route,U,Wednesday,,MHTRUCK,Not Fatal,0,0,0,1,State Route,State Patrol,Washington State Patrol,0,1,0,0,0,,,,,,0.0,0.0,0.0,,,,,,,,,,,98.0,98.0,98.0,0.0,,,,,20.0,,,,,,,,,1.0,0.0,,,,,,,98001,Corona,Auburn
3682,3766,3766,2021,397,EB75190,7.0,2021-09-29,2:02,29,9,,33,King,100,1,,3,1,2,1,0,6,5,,,,12,0,2,3.9,1,0,1,2,2,1,3,0,0,0,0,SR-18,,-122.2434222,47.302769444,0,4,98,90,6,60,66,1,0,1,5,18,1,1,2,3,1,1,3,17,0,51,881,2021,0,,18,,,,,,1,1,60,1,0.0,,0,0,3,0,11,0,,,,,6.0,1.0,3.0,3.0,1,0,,,,96,,,,,,98,,,,,,98580,53,69.0,180.0,6.0,1.0,0.0,0.0,0.0,0.0,,0,,,,,,0,,,20,0,0,0,8.0,9,8,,,0,,,8,8,0.0,0.0,,,0.0,,,0,0,996.0,,,,,,,,,,,,,,,,,,,,,,,,,,,,,,0,0,0,0,1,1,1,1,0,0,0,0,0,0,0,0,0,0,0,1,0,0,0,0,0,0,0,0,0,1,1,0,0,0,0,,0,0,0,0,0,0,0,0,0,0,0,0,0,0,0,0,,,,,,56-60,56-65,State route,U,Wednesday,,MHTRUCK,Not Fatal,0,0,0,1,State Route,State Patrol,Washington State Patrol,0,1,0,0,0,,,,,,0.0,0.0,0.0,,,,,,,,,,,98.0,98.0,98.0,0.0,,,,,20.0,,,,,,,,,1.0,0.0,,,,,,,98001,Roy,Auburn
3683,3767,3767,2021,397,EB75190,7.0,2021-09-29,2:02,29,9,,33,King,100,1,,3,1,2,1,0,6,5,,,,12,0,2,3.9,1,0,1,2,2,1,3,0,0,0,0,SR-18,,-122.2434222,47.302769444,0,5,98,90,6,60,5,0,0,1,2,18,1,1,2,3,1,1,1,53,0,32,48,2016,0,,18,,,,,,1,1,62,1,0.0,,1,0,3,0,11,0,,,,,0.0,0.0,3.0,3.0,1,0,,,,96,,,,,,98,,,,,,98118,53,67.0,140.0,6.0,1.0,0.0,0.0,0.0,0.0,,0,,,,,,0,,,8,0,0,0,8.0,9,8,,,0,,,8,8,0.0,0.0,,,0.0,,,0,0,996.0,,,,,,,,,,,,,,,,,,,,,,,,,,,,,,0,0,0,0,1,1,1,1,0,0,0,0,0,0,0,0,0,0,0,1,0,0,0,0,0,0,0,0,0,1,1,0,0,0,0,,0,0,0,0,0,0,0,0,0,0,0,0,0,0,0,0,,,,,,61-65,56-65,State route,U,Wednesday,Belt Used,PV,Not Fatal,0,0,0,1,State Route,State Patrol,Washington State Patrol,0,1,0,0,0,,,,,,0.0,0.0,0.0,,,,,,,,,,,98.0,98.0,98.0,0.0,,,,,20.0,,,,,,,,,1.0,0.0,,,,,,,98001,Seattle,Auburn
3684,3768,3768,2021,398,EB75545,337.0,2021-09-22,6:11,22,9,,73,Whatcom,110,10,,3,1,2,1,1,1,1,,,,9,0,0,0.0,1,0,1,3,2,4,6,0,0,0,0,MERIDIAN ST,,-122.4861306,48.779613889,0,1,13,83,5,35,4,0,0,1,2,9,1,1,5,5,1,1,1,53,0,24,7,2006,0,,9,,,,,,1,1,59,2,0.0,,0,0,3,0,11,0,,,,,0.0,0.0,0.0,3.0,1,0,,,,96,,,,,,98,,,,,,98532,53,63.0,130.0,6.0,1.0,0.0,0.0,0.0,0.0,,0,,,,,,0,,,20,0,0,0,8.0,9,8,,,0,,,8,8,8.0,95.0,,,96.0,,,8,95,995.0,,,,,,,,,,,,,,,,,,,,,,,,,,,,,,0,0,0,0,0,0,0,0,0,1,0,1,0,0,0,0,0,0,0,0,0,0,0,0,0,0,0,0,0,1,0,0,1,0,0,,0,0,0,0,0,0,0,0,0,0,0,0,0,0,0,0,,,,,,56-60,56-65,City street,U,Wednesday,Belt Used,PV,Not Fatal,0,0,0,0,City Street,Municipal/City Police,Bellingham Police Department,0,0,0,1,0,,,,,,0.0,0.0,0.0,,,,,,,,,,,98.0,98.0,98.0,0.0,,,,,20.0,,,,,,,,,1.0,0.0,,,,,,,98225,Chehalis,Bellingham
3685,3769,3769,2021,399,EB75553,337.0,2021-09-28,19:53,28,9,,73,Whatcom,110,1,,2,1,2,1,1,1,1,,,,9,0,0,2.4,1,0,1,4,2,1,3,0,0,0,0,SR-542,,-122.4210278,48.790244444,0,1,13,83,5,55,4,0,0,1,2,9,2,1,2,1,14,1,1,53,0,48,34,2001,0,,9,,,,,,1,1,23,2,0.0,,0,0,3,0,11,0,,,,,0.0,0.0,0.0,3.0,1,0,,,,96,,,,,,98,,,,,,98225,53,63.0,180.0,6.0,1.0,0.0,0.0,0.0,0.0,,0,,,,,,0,,,20,0,0,0,8.0,9,8,,,0,,,8,8,8.0,95.0,,,96.0,,,8,95,995.0,,,,,,,,,,,,,,,,,,,,,,,,,,,,,,0,0,0,0,0,0,0,0,0,1,1,1,0,0,0,0,0,0,0,0,0,0,0,1,1,0,0,0,0,1,0,0,1,0,0,,0,0,0,0,0,0,0,0,0,0,0,0,0,0,0,0,,,,,,21-25,16-25,State route,U,Tuesday,Belt Used,PV,Not Fatal,0,0,0,0,State Route,Municipal/City Police,Bellingham Police Department,0,1,0,0,0,,,,,,0.0,0.0,0.0,,,,,,,,,,,98.0,98.0,98.0,0.0,,,,,20.0,,,,,,,,,1.0,0.0,,,,,,,98226,Bellingham,Bellingham
3686,3770,3770,2021,400,EB75627,5.0,2021-09-22,10:35,22,9,,15,Cowlitz,0,2,,1,2,2,1,1,1,2,,,,8,0,0,29.0,1,0,1,1,1,1,1,0,0,0,0,I-5,,-122.8400639,45.995797222,0,1,13,6,1,60,63,1,0,1,2,8,1,1,3,3,15,1,3,53,0,85,881,2007,0,,63,8.0,14.0,,,,1,1,23,1,0.0,,0,0,3,0,11,0,,,,,6.0,1.0,3.0,3.0,1,26,58.0,,,96,,,,,,98,,,,,,98649,53,64.0,140.0,6.0,1.0,0.0,3.0,0.0,0.0,,97,,,,,,4,10/15/2020,10/15/2020,20,0,0,0,8.0,9,2,,,0,,,8,8,8.0,95.0,,,96.0,,,2,98,997.0,,,,,,,,,,,,,,,,,,,,,,,,,,,,,,0,0,0,0,0,0,0,0,0,0,0,0,1,0,0,0,0,0,0,0,0,0,0,1,1,0,0,0,0,0,1,1,0,0,0,,0,0,0,0,0,0,0,0,0,1,0,0,0,0,0,0,,,,,,21-25,16-25,Interstate,R,Wednesday,,MHTRUCK,Not Fatal,0,0,0,0,State Route,State Patrol,Washington State Patrol,0,1,0,0,0,,,,,,0.0,0.0,0.0,,,,,,,,,,,98.0,98.0,98.0,0.0,,,,,20.0,,,,,,,,,1.0,23.0,,,,,,,98625,Toutle,Kalama
3687,3771,3771,2021,401,EB75668,5.0,2021-10-07,21:20,7,10,,11,Clark,0,1,,3,1,2,1,0,1,1,,,,46,0,0,0.6,3,1,2,1,2,1,1,0,0,3,3,I-205 RAMP,NE 134TH ST,-122.6474083,45.717925,0,1,6,12,2,98,4,0,0,1,2,46,3,3,3,6,14,1,2,53,0,49,40,2012,0,,64,46.0,,,,,1,1,78,1,7.0,,4,7,3,0,11,0,10/07/2021,21:20,53051175.0,51175.0,0.0,0.0,0.0,3.0,1,0,,,,92,,,,,,98,,,,,,98685,53,74.0,180.0,6.0,1.0,0.0,0.0,0.0,0.0,,0,,,,,,0,,,8,2,9,0,0.0,9,8,,,0,,,8,8,2.0,1.0,,,1.0,,,2,1,0.094,,,,,,,,,,,,,,,,,,,,,,,,,,,,,,0,0,1,1,1,1,0,1,0,0,0,0,0,0,0,0,1,0,0,0,0,0,0,0,0,1,1,1,0,1,0,0,0,0,0,,1,0,0,0,0,1,0,1,1,0,0,0,0,1,0,1,,,,,,76-80,76+,Interstate,U,Thursday,Belt Used,PV,White,0,1,0,0,State Route,State Patrol,Washington State Patrol,1,1,0,0,0,,,,,,0.0,0.0,0.0,,,,,,,,,,,98.0,98.0,98.0,1.0,,,,,20.0,,,,,,,,,1.0,0.0,,,,,,,98686,Vancouver,Vancouver
3688,3772,3772,2021,402,EB76153,7.0,2021-10-03,20:50,3,10,,33,King,2310,1,,3,1,2,1,1,1,1,,,,8,0,0,158.1,1,0,1,1,2,1,1,0,0,0,0,I-5,,-122.2823944,47.508638889,0,1,13,80,5,60,4,0,0,1,2,8,1,1,5,3,1,1,1,48,0,12,37,2018,0,,8,,,,,,1,1,22,1,0.0,,2,0,3,0,11,0,,,,,0.0,0.0,0.0,3.0,1,0,,,,96,,,,,,98,,,,,,75028,48,,999.0,6.0,1.0,0.0,0.0,0.0,0.0,,0,,,,,,0,,,9,0,0,0,8.0,9,8,,,0,,,8,8,0.0,0.0,,,0.0,,,0,0,996.0,,,,,,,,,,,,,,,,,,,,,,,,,,,,,,0,0,0,0,0,0,0,0,0,1,1,1,0,0,0,0,0,0,0,0,0,0,0,1,1,0,0,0,0,1,0,1,0,0,0,,0,0,0,0,0,0,0,0,0,0,0,0,0,0,0,0,,,,,,21-25,16-25,Interstate,U,Sunday,Belt Used,PV,Not Fatal,0,0,0,0,State Route,State Patrol,Washington State Patrol,0,1,0,0,0,,,,,,0.0,0.0,0.0,,,,,,,,,,,98.0,98.0,98.0,0.0,,,,,20.0,,,,,,,,,1.0,23.0,,,,,,,98168,Flower Mound,Seattle
3689,3773,3773,2021,403,EB76274,112.0,2021-10-09,1:58,9,10,,53,Pierce,586,1,,2,1,2,1,1,1,1,,,,8,0,0,33.7,1,0,1,3,2,1,3,0,0,0,0,SR-161,,-122.2938611,47.255080556,0,1,13,80,5,35,4,0,0,1,2,8,1,2,5,5,1,1,2,53,0,59,35,2012,0,,8,,,,,,1,1,18,1,0.0,,0,0,3,0,11,0,,,,,0.0,0.0,0.0,3.0,1,0,,,,92,,,,,,98,,,,,,98003,53,69.0,148.0,6.0,1.0,0.0,0.0,0.0,0.0,,0,,,,,,0,,,20,0,0,0,8.0,9,8,,,0,,,8,8,8.0,95.0,,,96.0,,,8,95,995.0,,,,,,,,,,,,,,,,,,,,,,,,,,,,,,0,0,0,0,0,0,0,0,0,1,1,0,0,0,0,0,1,0,0,0,0,1,1,0,1,0,0,0,0,1,0,1,0,0,0,,0,0,0,0,0,0,0,0,1,0,0,0,0,0,0,0,,,,,,18-20,16-25,State route,U,Saturday,Belt Used,PV,Not Fatal,0,0,0,0,State Route,Municipal/City Police,Edgewood Police Department,0,1,0,0,0,,,,,,0.0,0.0,0.0,,,,,,,,,,,98.0,98.0,98.0,0.0,,,,,20.0,,,,,,,,,1.0,0.0,,,,,,,98354,Federal Way,Milton
3690,3774,3774,2021,404,EB76600,278.0,2021-10-03,22:52,3,10,,63,Spokane,2110,1,,2,1,2,1,0,1,1,,,,39,0,0,0.0,1,0,1,4,2,4,6,0,0,0,0,S GOVERNMENT WAY,,-117.4574583,47.652161111,0,1,1,13,2,98,80,0,0,1,5,39,3,8,2,1,14,1,2,53,0,71,705,2009,0,,63,39.0,,,,,1,1,34,1,7.0,,4,7,20,7,11,0,10/03/2021,22:52,211053053789.0,53789.0,0.0,0.0,0.0,2.0,1,0,,,,96,,,,,,98,,,,,,99037,53,69.0,205.0,6.0,1.0,0.0,1.0,0.0,0.0,,0,,,,,,3,09/15/2018,09/15/2018,20,8,0,0,0.0,9,8,,,0,,,8,8,2.0,155.0,401.0,417.0,1.0,1.0,1.0,2,1,0.0,,,,,,,,,,,,,,,,,,,,,,,,,,,,,,0,0,1,0,0,0,1,1,0,0,0,0,1,0,1,0,0,0,0,0,0,0,0,0,0,0,0,0,1,0,0,0,0,0,1,0.0,0,0,0,0,0,0,1,1,0,1,0,0,0,0,1,0,,,,,,31-35,26-35,City street,U,Sunday,,MC,Black,0,1,0,0,City Street,Municipal/City Police,Spokane Police Department,1,0,0,1,0,,,,,,0.0,0.0,0.0,,,,,,,,,,,0.0,0.0,0.0,2.0,,,,,5.0,,,,,,,,,1.0,0.0,,,,,,,99224,Veradale,Spokane
3691,3775,3775,2021,405,EB76827,146.0,2021-10-04,23:06,4,10,,77,Yakima,0,1,,2,1,2,1,0,1,1,,,,34,0,0,8.4,1,0,1,6,1,2,4,0,3,0,0,CR-N TRACK RD,,-120.3619611,46.411952778,0,1,6,11,2,50,34,0,0,1,2,1,1,1,2,1,1,1,1,53,0,20,481,2005,0,,63,69.0,68.0,64.0,34.0,1.0,1,1,24,2,1.0,,4,7,20,7,11,0,10/04/2021,23:06,53051195.0,51195.0,0.0,0.0,3.0,3.0,1,58,,,,96,,,,,,98,,,,,,98947,53,63.0,140.0,6.0,1.0,1.0,1.0,2.0,0.0,,0,,,,,,3,09/15/2017,09/15/2017,1,1,9,0,0.0,9,8,,,0,,,8,8,2.0,996.0,401.0,417.0,1.0,1.0,1.0,2,1,0.137,,,,,,,,,,,,,,,,,,,,,,,,,,,,,,0,0,1,0,1,1,1,1,0,0,0,0,1,0,0,0,0,0,0,1,0,0,0,1,1,0,0,0,0,1,0,0,0,1,0,,1,0,0,0,0,1,1,1,0,1,0,0,0,0,0,1,,,,,,21-25,16-25,County road,R,Monday,Not Used,PV,Hispanic,0,1,0,0,County Road,County Sheriff,Yakima County Sheriff's Office,1,0,1,0,0,,,,,,0.0,1.0,0.0,,,,,,,,,,,98.0,98.0,98.0,298.0,,,,,20.0,,,,,,,,,1.0,0.0,,,TRACK RD. N.,8.35,,,98948,Tieton,Toppenish
3692,3776,3776,2021,406,EB76902,2.0,2021-10-08,10:44,8,10,,57,Skagit,0,1,,1,1,1,1,0,2,2,,,,12,0,6,,2,0,2,5,1,2,4,0,0,20,3,CR-MINKLER RD,HOEN RD,-122.1398389,48.525227778,0,1,89,17,2,35,4,0,0,1,2,12,1,1,2,1,4,1,2,53,0,48,38,2012,0,,12,,,,,,1,1,69,2,7.0,,4,7,3,0,11,0,10/08/2021,10:44,53050961.0,50961.0,0.0,0.0,3.0,3.0,1,38,,,,96,,,,,,98,,,,,,98273,53,63.0,160.0,6.0,1.0,0.0,0.0,0.0,0.0,,0,,,,,,0,,,1,0,0,0,0.0,9,8,,,0,,,8,8,2.0,996.0,996.0,,1.0,1.0,,2,1,0.0,,,,,,,,,,,,,,,,,,,,,,,,,,,,,,0,0,0,1,0,0,1,1,0,0,0,0,0,0,0,0,0,0,1,0,0,1,1,0,1,1,0,0,0,1,0,0,0,0,0,,1,0,0,0,0,0,1,1,0,0,1,0,0,0,1,0,,,,,,66-70,66-75,County road,R,Friday,Belt Used,PV,White,1,0,0,0,County Road,State Patrol,Washington State Patrol,0,0,1,0,0,,,,,,0.0,0.0,0.0,,,,,,,,,,,98.0,98.0,98.0,1.0,,,,,20.0,,,,,,,,,1.0,0.0,,,MINKLER ROAD,3.64,HOEHN ROAD,4.553,98284,Mount Vernon,Sedro Woolley
3693,3777,3777,2021,406,EB76902,2.0,2021-10-08,10:44,8,10,,57,Skagit,0,1,,1,1,1,1,0,2,2,,,,12,0,6,,2,0,2,5,1,2,4,0,0,0,0,CR-MINKLER RD,HOEN RD,-122.1398389,48.525227778,0,2,88,66,4,50,34,0,0,1,2,12,1,1,2,1,1,1,2,53,0,49,482,2007,0,,12,68.0,64.0,31.0,,,1,1,20,2,0.0,,0,0,3,0,11,0,,,,,0.0,0.0,0.0,3.0,1,0,,,,96,,,,,,0,,,,,,98237,53,69.0,155.0,6.0,2.0,0.0,0.0,0.0,0.0,,0,,,,,,0,,,1,0,0,0,8.0,9,8,,,0,,,8,8,0.0,0.0,,,0.0,,,0,0,996.0,,,,,,,,,,,,,,,,,,,,,,,,,,,,,,0,0,0,1,0,0,1,1,0,0,0,0,0,0,0,0,0,0,1,0,0,1,1,0,1,1,0,0,0,1,0,0,0,0,0,,0,0,0,0,0,0,0,0,0,0,0,0,0,0,0,0,,,,,,18-20,16-25,County road,R,Friday,Belt Used,PV,Not Fatal,1,0,0,0,County Road,State Patrol,Washington State Patrol,0,0,1,0,0,,,,,,0.0,0.0,0.0,,,,,,,,,,,98.0,98.0,98.0,0.0,,,,,20.0,,,,,,,,,1.0,0.0,,,MINKLER ROAD,3.64,HOEHN ROAD,4.553,98284,Concrete,Sedro Woolley
3694,3778,3778,2021,407,EB77005,40.0,2021-10-11,21:06,11,10,,63,Spokane,0,1,,3,1,2,1,0,3,2,,,,12,0,8,1.2,8,0,1,3,2,2,4,0,0,0,0,CR-N MARKET ST,,-117.3648,47.732516667,0,1,65,62,4,35,15,0,0,1,5,12,1,1,3,5,5,2,1,53,0,37,421,2010,0,,12,,,,,,1,1,21,2,0.0,,1,0,3,0,11,0,,,,,0.0,0.0,0.0,3.0,1,0,,,,96,,,,,,98,,,,,,99217,53,70.0,280.0,6.0,1.0,0.0,0.0,1.0,1.0,,0,,,,,,0,03/15/2017,08/15/2020,8,0,0,0,8.0,9,2,,,0,,,8,8,0.0,0.0,,,0.0,,,0,0,996.0,,,,,,,,,,,,,,,,,,,,,,,,,,,,,,0,0,0,0,1,1,0,1,0,0,0,0,1,1,1,0,0,0,0,0,0,0,0,1,1,0,0,0,1,1,0,0,0,0,0,,0,0,0,0,0,0,0,0,0,0,0,0,0,0,0,0,,,,,,21-25,16-25,County road,U,Monday,Belt Used,PV,Not Fatal,0,0,0,0,County Road,County Sheriff,Spokane County Sheriff's Office,0,0,1,0,0,,,,,,0.0,0.0,0.0,,,,,,,,,,,98.0,98.0,98.0,0.0,,,,,20.0,,,,,,,,,1.0,0.0,,,MARKET ST,1.19,,,99217,Spokane,Spokane
3695,3779,3779,2021,407,EB77005,40.0,2021-10-11,21:06,11,10,,63,Spokane,0,1,,3,1,2,1,0,3,2,,,,12,0,8,1.2,8,0,1,3,2,2,4,0,0,0,0,CR-N MARKET ST,,-117.3648,47.732516667,0,2,64,9,1,35,80,0,0,1,5,12,1,1,3,5,1,1,2,53,0,53,705,2001,0,,68,12.0,,,,,1,1,48,1,7.0,,4,7,20,7,11,0,10/11/2021,21:06,53052034.0,52034.0,0.0,0.0,3.0,2.0,1,58,,,,96,,,,,,98,,,,,,99205,53,71.0,175.0,1.0,1.0,0.0,4.0,1.0,1.0,,0,,,,,,4,02/15/2017,03/15/2020,20,8,0,0,0.0,9,8,,,0,,,8,8,2.0,1.0,,,1.0,,,2,1,0.233,,,,,,,,,,,,,,,,,,,,,,,,,,,,,,0,0,0,0,1,1,0,1,0,0,0,0,1,1,1,0,0,0,0,0,0,0,0,1,1,0,0,0,1,1,0,0,0,0,1,0.0,0,0,0,0,0,1,0,1,0,1,0,1,0,1,0,1,,,,,,46-50,46-55,County road,U,Monday,,MC,White,0,0,0,0,County Road,County Sheriff,Spokane County Sheriff's Office,0,0,1,0,0,,,,,,0.0,0.0,1.0,,,,,,,,,,,0.0,0.0,0.0,1.0,,,,,19.0,,,,,,,,,1.0,0.0,,,MARKET ST,1.19,,,99217,Spokane,Spokane
3696,3781,3781,2021,410,EB77403,11.0,2021-09-18,6:56,18,9,,5,Benton,0,1,,4,1,2,1,0,2,2,,,,12,0,2,,1,0,1,5,1,2,4,0,0,0,0,CR-HANKS RD,,-119.8630611,46.272994444,0,1,50,10,2,50,4,0,0,1,2,12,1,4,2,1,1,1,2,53,0,37,31,1999,0,,68,12.0,,,,,1,1,33,1,1.0,,4,7,20,7,11,0,09/18/2021,6:56,53046470.0,46470.0,0.0,0.0,0.0,0.0,1,28,,,,0,,,,,,2,,,,,,98930,53,65.0,220.0,0.0,0.0,0.0,1.0,0.0,1.0,,0,,,,,,3,10/15/2018,06/15/2018,1,0,0,0,0.0,9,8,,,0,,,8,8,2.0,401.0,417.0,,1.0,1.0,,2,1,0.0,,,,,,,,,,,,,,,,,,,,,,,,,,,,,,0,0,0,0,0,0,1,1,0,0,0,0,1,1,0,1,0,0,0,1,0,0,0,0,0,0,0,0,0,1,1,0,0,1,0,,1,0,0,0,0,0,1,1,0,1,0,1,0,0,1,0,,,,,,31-35,26-35,County road,R,Saturday,Not Used,PV,Hispanic,0,1,1,0,County Road,County Sheriff,Benton County Sheriff's Office,0,0,1,0,0,,,,,,0.0,0.0,0.0,,,,,,,,,,,0.0,0.0,0.0,98.0,,,,,20.0,,,,,,,,,1.0,0.0,,,HANKS RD,0.5,,,98930,Grandview,Grandview
3697,3782,3782,2021,410,EB77403,11.0,2021-09-18,6:56,18,9,,5,Benton,0,1,,4,1,2,1,0,2,2,,,,12,0,2,,1,0,1,5,1,2,4,0,0,0,0,CR-HANKS RD,,-119.8630611,46.272994444,0,2,51,62,4,50,61,0,0,1,5,12,1,4,2,1,1,1,3,53,0,23,882,2004,0,,12,,,,,,1,1,54,2,0.0,,3,0,3,0,11,5,,,,,0.0,0.0,0.0,3.0,1,0,,,,96,,,,,,98,,,,,,99350,53,59.0,140.0,6.0,1.0,0.0,0.0,0.0,0.0,,0,,,,,,0,,,20,0,0,0,8.0,9,8,,,0,,,8,8,0.0,0.0,,,0.0,,,0,0,996.0,,,,,,,,,,,,,,,,,,,,,,,,,,,,,,0,0,0,0,0,0,1,1,0,0,0,0,1,1,0,1,0,0,0,1,0,0,0,0,0,0,0,0,0,1,1,0,0,0,0,,0,0,0,0,0,0,0,0,0,0,0,0,0,0,0,0,,,,,,51-55,46-55,County road,R,Saturday,,MHTRUCK,Not Fatal,0,1,1,0,County Road,County Sheriff,Benton County Sheriff's Office,0,0,1,0,0,,,,,,0.0,0.0,0.0,,,,,,,,,,,98.0,98.0,98.0,0.0,,,,,20.0,,,,,,,,,1.0,0.0,,,HANKS RD,0.5,,,98930,Prosser,Grandview
3698,3783,3783,2021,411,EB77458,7.0,2021-10-07,12:43,7,10,,33,King,2310,1,,1,1,2,1,0,2,2,,,,12,0,6,0.8,1,0,1,3,2,1,3,0,0,0,0,SR-900,,-122.2719944,47.498377778,0,1,98,10,2,98,34,0,0,1,2,12,1,2,2,2,12,1,1,53,0,12,471,1996,0,,12,,,,,,1,1,50,2,7.0,,4,7,20,7,11,0,10/07/2021,12:43,231053051253.0,51253.0,0.0,0.0,0.0,3.0,1,48,,,,96,,,,,,98,,,,,,98178,53,65.0,120.0,6.0,1.0,0.0,0.0,0.0,0.0,,0,,,,,,0,,,20,0,0,0,0.0,9,8,,,0,,,8,8,2.0,996.0,996.0,401.0,1.0,1.0,1.0,2,1,0.0,,,,,,,,,,,,,,,,,,,,,,,,,,,,,,0,0,0,0,0,0,1,1,0,0,0,0,0,0,0,0,0,0,0,1,0,0,0,0,0,0,0,0,0,1,0,0,0,1,0,,1,0,0,0,0,0,1,1,0,0,0,0,0,0,1,0,,,,,,46-50,46-55,State route,U,Thursday,Not Used,PV,White,0,0,0,0,State Route,State Patrol,Washington State Patrol,0,1,0,0,0,,,,,,0.0,0.0,0.0,1.0,,,,,417.0,,,,,0.0,0.0,0.0,1.0,,,,,20.0,,,,,,,,,1.0,0.0,,,,,,,98178,Seattle,Seattle