,index,Unnamed: 0,year,case,par,repjur,crash_dt,crash_tm,accday,accmon,holiday,county,co_char,city,weather,weather2,lightcond,surfcond,surftype,numfatal,nmforms,pforms,vforms,not_tm,arr_tm,hosp_tm,fhevent,hitrun,manncol,milepnt,reljunc,reljuncinter,intersectiontype,funcsystem,landuse,ownership,route,schlbus,spejur,contdev,devfunc,trafid1,trafid2,lon,lat,wk_zone,vnumber,crashtype,criticalevent,criticaleventcat,spdlim,body,trailer,emerg,hazcargo,leave,mhevent,roadalgn,roadprof,traflane,trafflow,vehmanvr,numoccs,regowner,regstate,spuse,make,model,modelyr,vrf1,vrf2,seqevent1,seqevent2,seqevent3,seqevent4,seqevent5,seqevent6,pnumber,ptype,age,sex,hispanic,race,injury,diedscene,restraint,restraintmisuse,seatpos,takehosp,death_dt,death_tm,cert,cernum_wa,commlic,licendor,licrestrict,liccomp,drivpres,drf1,drf2,drf3,drf4,distract1,distract2,distract3,distract4,distract5,distract6,dricond1,dricond2,dricond3,dricond4,dricond5,dricond6,dzip,licstate,drhgt_in,weight,noncdl,noncdltype,prevdwi,prevoth,prevacc,prevspd,prevsus,driviol1,driviol2,driviol3,driviol4,driviol5,driviol6,spdrel,first_dt,last_dt,airbag,ejection,ejectpath,extricat,injurwrk,methalc,methdrug,nmlocat,strikveh,prf1,prf2,prf3,druginv,alcinvol,drugsts,drugres1,drugres2,drugres3,drugtst1,drugtst2,drugtst3,alcsts,alctst,alcres,nmact1,nmact2,nmact3,nmact4,nmact5,nmact6,nmprior1,nmprior2,nmprior3,nmprior4,nmprior5,nmprior6,nmcond1,nmcond2,nmcond3,nmcond4,nmcond5,nmcond6,nmsafe_helmet,nmsafe_pads,nmsafe_oth,nmprev_ref,nmprev_lgt,nmprev_oth,crashlocation,nmcrashtype,crosswalk,schoolzone,sidewalk,train_inv,wildlife_inv,rotr_fars,intersect_fars,dd_inv,aid_inv,dpd_inv,id_inv,mj_inv,impnm_inv,ainm_inv,dpnm_inv,speed_inv,unlic_inv,unendmc_inv,drowsy_inv,drdist_inv,nmdist_inv,fty_inv,unrestfat_inv,dr1617_inv,dr1820_inv,dr1620_inv,dr2125_inv,dr1625_inv,dr65_inv,dr70_inv,dr75_inv,mc_inv,pv_inv,ht_inv,ped_inv,bike_inv,unrest_fat,mc_fat,unhelmet_mc,pv_fat,ht_fat,ped_fat,bike_fat,dr_alc7,dr_alc8,dr_drug,dr_imp,dr_dist,dr_spd,dr_fty,dr_unlic,dr_alc7only,dr_alc8only,dr_drugonly,dr_drink,nm_imp,nm_alc7,nm_alc8,nm_drug,nm_dist,agegrp1,agegrp2,roadclass,urbrur,dayweek,restuse,vehtype,race_me,intersect,lanedep,oppdir,wrongway,rep_typ,investag,repag_long,rotr,st_rd,cty_rd,city_rd,oth_rd,drug_thc,thc_res,drug_cthc,cthc_res,drug_cann,prevpersemin,prevperse,prevsusoth,drugtst4,drugtst5,drugtst6,drugtst7,drugtst8,drugres4,drugres5,drugres6,drugres7,drugres8,adspresent,adsengaged,adslevel,race1,race2,race3,race4,race5,helmet,helmetmisuse,nmdistract1,nmdistract2,nmdistract3,nmdistract4,nmdistract5,nmdistract6,lab,isedtcase,crf1,crf2,crf3,CoRoadName,CoMP,IntCoRoadName,IntCoMP,crashzip,dcity,crashcity
3717,3802,3802,2021,422,EB79303,7.0,2021-10-11,1:39,11,10,,33,King,1960,2,,3,2,1,1,0,2,2,,,,25,0,0,167.3,1,0,1,1,2,1,1,0,0,0,0,I-5,,-122.3249889,47.631925,0,1,98,98,7,60,4,0,0,1,2,12,1,1,5,3,1,1,2,53,0,48,38,2009,0,,12,,,,,,1,1,35,2,0.0,,2,0,20,7,11,0,,,,,0.0,0.0,0.0,3.0,1,0,,,,96,,,,,,98,,,,,,98133,53,76.0,180.0,6.0,1.0,0.0,2.0,0.0,0.0,,0,,,,,,0,04/15/2019,09/15/2021,8,0,0,0,8.0,9,8,,,0,,,8,8,2.0,1.0,,,1.0,,,2,1,0.018,,,,,,,,,,,,,,,,,,,,,,,,,,,,,,0,0,1,0,1,0,1,1,0,0,0,0,1,0,0,0,0,0,0,0,0,0,0,1,1,0,0,0,0,1,0,0,0,0,0,,0,0,0,0,1,0,0,0,0,0,0,0,1,0,0,1,,,,,,31-35,26-35,Interstate,U,Monday,Not Used,PV,Not Fatal,0,1,0,0,State Route,State Patrol,Washington State Patrol,1,1,0,0,0,,,,,,0.0,0.0,0.0,,,,,,,,,,,98.0,98.0,98.0,0.0,,,,,20.0,,,,,,,,,1.0,0.0,,,,,,,98102,Seattle,Seattle
3718,3803,3803,2021,422,EB79303,7.0,2021-10-11,1:39,11,10,,33,King,1960,2,,3,2,1,1,0,2,2,,,,25,0,0,167.3,1,0,1,1,2,1,1,0,0,0,0,I-5,,-122.3249889,47.631925,0,2,6,12,2,60,4,0,0,1,2,25,1,1,5,3,1,1,2,53,0,49,40,2005,0,,64,25.0,69.0,12.0,,,1,1,24,1,7.0,,4,7,3,0,11,0,10/11/2021,1:39,196053053542.0,53542.0,0.0,0.0,0.0,3.0,1,0,,,,96,,,,,,9,,,,,,98087,53,63.0,95.0,6.0,1.0,0.0,1.0,2.0,1.0,,0,,,,,,4,06/15/2021,04/15/2021,1,0,0,0,0.0,9,8,,,0,,,8,1,2.0,401.0,300.0,348.0,1.0,1.0,1.0,2,1,0.0,,,,,,,,,,,,,,,,,,,,,,,,,,,,,,0,0,1,0,1,0,1,1,0,0,0,0,1,0,0,0,0,0,0,0,0,0,0,1,1,0,0,0,0,1,0,0,0,0,0,,1,0,0,0,0,0,1,1,0,1,0,0,0,0,1,1,,,,,,21-25,16-25,Interstate,U,Monday,Belt Used,PV,White,0,1,0,0,State Route,State Patrol,Washington State Patrol,1,1,0,0,0,,,,,,0.0,0.0,0.0,1.0,,,,,151.0,,,,,98.0,98.0,98.0,1.0,,,,,20.0,,,,,,,,,1.0,0.0,,,,,,,98102,Lynnwood,Seattle
3719,3804,3804,2021,423,EB79313,33.0,2021-09-19,20:11,19,9,,49,Pacific,0,10,,5,2,2,1,0,1,1,,,,42,0,0,,1,0,1,6,1,2,4,0,0,0,0,CR-OLDANI RD,,-123.6880806,46.668505556,0,1,6,12,2,35,34,0,0,1,2,42,8,8,2,1,1,1,1,53,0,7,482,2009,0,,68,64.0,42.0,2.0,,,1,1,37,1,7.0,,4,7,99,7,11,0,09/19/2021,20:11,53046521.0,46521.0,6.0,0.0,3.0,3.0,1,0,,,,92,,,,,,98,,,,,,98577,53,70.0,250.0,6.0,1.0,0.0,0.0,0.0,0.0,,0,,,,,,3,,,99,2,9,0,0.0,9,8,,,0,,,8,8,2.0,1.0,,,1.0,,,2,1,0.167,,,,,,,,,,,,,,,,,,,,,,,,,,,,,,0,0,1,0,1,1,0,1,0,0,0,0,1,0,0,0,1,0,0,0,0,0,0,0,0,0,0,0,0,1,0,0,0,0,0,,1,0,0,0,0,1,0,1,1,1,0,0,0,1,0,1,,,,,,36-40,36-45,County road,R,Sunday,Unknown,PV,White,0,1,0,0,County Road,County Sheriff,Pacific County Sheriff's Office,1,0,1,0,0,,,,,,0.0,0.0,0.0,,,,,,,,,,,98.0,98.0,98.0,1.0,,,,,20.0,,,,,,,,,1.0,0.0,,,OLDANI RD,0.28,,,98577,Raymond,Raymond
3720,3805,3805,2021,424,EB79411,1.0,2021-10-15,7:06,15,10,,77,Yakima,0,1,,2,1,2,1,0,1,1,,,,1,0,0,18.5,1,0,1,5,1,1,3,0,0,0,0,SR-241,,-119.9383,46.457591667,0,1,2,13,2,55,34,0,0,1,2,1,3,2,2,1,14,1,3,53,0,20,481,1995,0,,63,1.0,38.0,,,,1,1,53,1,7.0,,4,7,20,7,11,0,10/15/2021,7:06,53053542.0,53542.0,0.0,0.0,3.0,3.0,1,0,,,,96,,,,,,98,,,,,,99301,53,70.0,230.0,6.0,1.0,0.0,1.0,0.0,2.0,,0,,,,,,4,04/15/2017,07/15/2020,20,1,9,0,0.0,9,8,,,0,,,8,8,2.0,1.0,,,1.0,,,2,1,0.219,,,,,,,,,,,,,,,,,,,,,,,,,,,,,,0,0,0,0,1,1,0,1,0,0,0,0,1,0,0,0,0,0,0,1,0,0,0,0,0,0,0,0,0,1,0,0,0,1,0,,1,0,0,0,0,1,0,1,0,1,0,0,0,1,0,1,,,,,,51-55,46-55,State route,R,Friday,Not Used,PV,White,0,1,0,0,State Route,State Patrol,Washington State Patrol,1,1,0,0,0,,,,,,0.0,0.0,1.0,,,,,,,,,,,0.0,0.0,0.0,1.0,,,,,20.0,,,,,,,,,1.0,0.0,,,,,,,98944,Pasco,Sunnyside
3721,3806,3806,2021,425,EB79550,1.0,2021-10-15,5:50,15,10,,77,Yakima,0,1,,2,1,2,1,0,4,3,,,,12,0,6,196.4,2,0,2,2,2,1,2,0,0,20,3,US-12,MCCORMICK RD,-120.6138833,46.654608333,0,1,82,15,2,60,34,0,0,1,2,12,1,1,2,1,11,1,1,53,0,7,482,2003,0,,12,,,,,,1,1,59,1,0.0,,1,0,3,0,11,0,,,,,6.0,0.0,0.0,3.0,1,38,,,,96,,,,,,98,,,,,,98937,53,70.0,190.0,6.0,1.0,0.0,0.0,0.0,0.0,,2,,,,,,0,,,20,0,0,0,8.0,9,8,,,0,,,8,8,0.0,0.0,,,0.0,,,0,0,996.0,,,,,,,,,,,,,,,,,,,,,,,,,,,,,,0,0,0,1,0,0,0,0,0,0,0,0,0,0,0,0,0,0,1,0,0,0,0,1,1,0,0,0,0,1,0,0,0,0,0,,0,0,0,0,0,0,0,0,0,0,1,0,0,0,0,0,,,,,,56-60,56-65,US highway,U,Friday,Belt Used,PV,Not Fatal,1,0,0,0,State Route,State Patrol,Washington State Patrol,0,1,0,0,0,,,,,,0.0,0.0,0.0,,,,,,,,,,,98.0,98.0,98.0,0.0,,,,,20.0,,,,,,,,,1.0,14.0,,,,,,,98908,Naches,Yakima
3722,3807,3807,2021,425,EB79550,1.0,2021-10-15,5:50,15,10,,77,Yakima,0,1,,2,1,2,1,0,4,3,,,,12,0,6,196.4,2,0,2,2,2,1,2,0,0,0,0,US-12,MCCORMICK RD,-120.6138833,46.654608333,0,2,83,66,4,60,4,0,0,1,2,12,1,1,3,3,1,2,1,53,0,49,40,2010,0,,12,64.0,1.0,59.0,57.0,54.0,1,1,22,1,0.0,,2,0,3,0,11,5,,,,,0.0,0.0,0.0,3.0,1,0,,,,96,,,,,,98,,,,,,98903,53,64.0,164.0,6.0,1.0,0.0,0.0,0.0,0.0,,0,,,,,,0,,,8,0,0,0,8.0,9,8,,,0,,,8,8,0.0,0.0,,,0.0,,,0,0,996.0,,,,,,,,,,,,,,,,,,,,,,,,,,,,,,0,0,0,1,0,0,0,0,0,0,0,0,0,0,0,0,0,0,1,0,0,0,0,1,1,0,0,0,0,1,0,0,0,0,0,,0,0,0,0,0,0,0,0,0,0,0,0,0,0,0,0,,,,,,21-25,16-25,US highway,U,Friday,Belt Used,PV,Not Fatal,1,0,0,0,State Route,State Patrol,Washington State Patrol,0,1,0,0,0,,,,,,0.0,0.0,0.0,,,,,,,,,,,98.0,98.0,98.0,0.0,,,,,20.0,,,,,,,,,1.0,14.0,,,,,,,98908,Yakima,Yakima
3723,3808,3808,2021,425,EB79550,1.0,2021-10-15,5:50,15,10,,77,Yakima,0,1,,2,1,2,1,0,4,3,,,,12,0,6,196.4,2,0,2,2,2,1,2,0,0,0,0,US-12,MCCORMICK RD,-120.6138833,46.654608333,0,3,98,98,7,60,6,0,0,1,2,54,1,1,2,3,1,1,2,53,0,12,24,2011,0,,54,,,,,,1,1,42,2,0.0,,1,0,3,0,11,0,,,,,0.0,0.0,0.0,3.0,1,0,,,,96,,,,,,98,,,,,,98947,53,63.0,275.0,6.0,1.0,0.0,0.0,0.0,1.0,,0,,,,,,0,02/15/2017,02/15/2017,1,0,0,0,8.0,9,8,,,0,,,8,8,0.0,0.0,,,0.0,,,0,0,996.0,,,,,,,,,,,,,,,,,,,,,,,,,,,,,,0,0,0,1,0,0,0,0,0,0,0,0,0,0,0,0,0,0,1,0,0,0,0,1,1,0,0,0,0,1,0,0,0,0,0,,0,0,0,0,0,0,0,0,0,0,0,0,0,0,0,0,,,,,,41-45,36-45,US highway,U,Friday,Belt Used,PV,Not Fatal,1,0,0,0,State Route,State Patrol,Washington State Patrol,0,1,0,0,0,,,,,,0.0,0.0,0.0,,,,,,,,,,,98.0,98.0,98.0,0.0,,,,,20.0,,,,,,,,,1.0,14.0,,,,,,,98908,Tieton,Yakima
3724,3809,3809,2021,426,EB79863,40.0,2021-10-19,16:59,19,10,,63,Spokane,0,1,,1,1,2,1,0,1,1,,,,30,0,0,,3,0,2,4,2,2,4,0,0,0,0,CR-E UPRIVER DR,N MARGUERITE RD,-117.2854917,47.69685,0,1,1,9,1,30,80,0,0,1,5,30,3,2,2,1,14,1,2,53,0,73,705,2021,0,,63,30.0,,,,,1,1,43,1,7.0,,4,7,20,7,11,0,10/19/2021,16:59,53053008.0,53008.0,6.0,0.0,0.0,3.0,1,0,,,,96,,,,,,98,,,,,,99223,53,69.0,175.0,6.0,1.0,0.0,0.0,0.0,1.0,,0,,,,,,4,04/15/2018,04/15/2018,20,8,0,0,0.0,9,8,,,0,,,8,8,0.0,0.0,,,0.0,,,0,0,996.0,,,,,,,,,,,,,,,,,,,,,,,,,,,,,,0,0,1,1,0,0,0,0,0,0,0,0,1,0,0,0,0,0,0,0,0,0,0,0,0,0,0,0,1,0,0,0,0,0,1,0.0,0,0,0,0,0,0,0,0,0,1,0,0,0,0,0,0,,,,,,41-45,36-45,County road,U,Tuesday,,MC,Black,0,1,0,0,County Road,County Sheriff,Spokane County Sheriff's Office,1,0,1,0,0,,,,,,0.0,0.0,0.0,,,,,,,,,,,98.0,98.0,98.0,2.0,,,,,5.0,,,,,,,,,1.0,0.0,,,UPRIVER DR,1.47,MARGUERITE RD,0.33,99212,Spokane,Spokane
3725,3811,3811,2021,428,EB80717,3.0,2021-10-18,18:43,18,10,,67,Thurston,0,1,,1,1,2,1,0,4,3,,,,12,0,1,43.7,3,0,3,3,2,1,2,0,0,0,0,US-12,HUNTINGTON ST,-123.0579389,46.811333333,0,1,20,50,3,50,2,0,0,1,2,12,1,1,2,1,1,1,2,53,0,20,22,2008,0,,12,,,,,,1,1,16,2,0.0,,0,0,3,0,11,0,,,,,0.0,0.0,1.0,3.0,1,0,,,,96,,,,,,98,,,,,,98579,53,66.0,135.0,6.0,2.0,0.0,0.0,0.0,0.0,,97,,,,,,0,,,1,0,0,0,8.0,9,8,,,0,,,8,8,8.0,95.0,,,96.0,,,8,95,995.0,,,,,,,,,,,,,,,,,,,,,,,,,,,,,,0,0,0,1,0,0,0,0,0,0,0,0,0,0,0,0,0,0,0,0,1,0,1,0,1,0,0,0,0,1,0,0,0,0,0,,0,0,0,0,0,0,0,0,0,0,0,0,0,0,0,0,,,,,,16-17,16-25,US highway,U,Monday,Belt Used,PV,Not Fatal,1,0,0,0,State Route,State Patrol,Washington State Patrol,0,1,0,0,0,,,,,,0.0,0.0,0.0,,,,,,,,,,,98.0,98.0,98.0,0.0,,,,,20.0,,,,,,,,,1.0,0.0,,,,,,,98579,Rochester,Rochester
3726,3812,3812,2021,428,EB80717,3.0,2021-10-18,18:43,18,10,,67,Thurston,0,1,,1,1,2,1,0,4,3,,,,12,0,1,43.7,3,0,3,3,2,1,2,0,0,0,0,US-12,HUNTINGTON ST,-123.0579389,46.811333333,0,2,21,53,3,50,4,0,0,1,2,12,1,1,2,1,5,1,1,53,0,49,32,1996,0,,12,68.0,12.0,,,,1,1,42,2,7.0,,4,0,3,0,11,5,10/18/2021,21:26,159053056392.0,56392.0,0.0,0.0,0.0,3.0,1,0,,,,96,,,,,,98,,,,,,98579,53,62.0,200.0,6.0,1.0,0.0,0.0,0.0,0.0,,0,,,,,,0,,,20,0,0,0,0.0,9,8,,,0,,,8,8,8.0,95.0,,,96.0,,,8,95,995.0,,,,,,,,,,,,,,,,,,,,,,,,,,,,,,0,0,0,1,0,0,0,0,0,0,0,0,0,0,0,0,0,0,0,0,1,0,1,0,1,0,0,0,0,1,0,0,0,0,0,,1,0,0,0,0,0,0,0,0,0,0,0,0,0,0,0,,,,,,41-45,36-45,US highway,U,Monday,Belt Used,PV,White,1,0,0,0,State Route,State Patrol,Washington State Patrol,0,1,0,0,0,,,,,,0.0,0.0,0.0,,,,,,,,,,,0.0,0.0,0.0,1.0,,,,,20.0,,,,,,,,,1.0,0.0,,,,,,,98579,Rochester,Rochester
3727,3813,3813,2021,428,EB80717,3.0,2021-10-18,18:43,18,10,,67,Thurston,0,1,,1,1,2,1,0,4,3,,,,12,0,1,43.7,3,0,3,3,2,1,2,0,0,0,0,US-12,HUNTINGTON ST,-123.0579389,46.811333333,0,3,98,62,4,50,14,0,0,1,2,12,1,1,2,1,1,2,2,53,0,37,402,2013,0,,12,,,,,,1,1,35,1,0.0,,2,0,3,0,11,0,,,,,0.0,0.0,0.0,3.0,1,0,,,,96,,,,,,98,,,,,,98579,53,67.0,165.0,6.0,1.0,0.0,0.0,0.0,1.0,,0,,,,,,0,02/15/2019,02/15/2019,1,0,0,0,8.0,9,8,,,0,,,8,8,8.0,95.0,,,96.0,,,8,95,995.0,,,,,,,,,,,,,,,,,,,,,,,,,,,,,,0,0,0,1,0,0,0,0,0,0,0,0,0,0,0,0,0,0,0,0,1,0,1,0,1,0,0,0,0,1,0,0,0,0,0,,0,0,0,0,0,0,0,0,0,0,0,0,0,0,0,0,,,,,,31-35,26-35,US highway,U,Monday,Belt Used,PV,Not Fatal,1,0,0,0,State Route,State Patrol,Washington State Patrol,0,1,0,0,0,,,,,,0.0,0.0,0.0,,,,,,,,,,,98.0,98.0,98.0,0.0,,,,,20.0,,,,,,,,,1.0,0.0,,,,,,,98579,Rochester,Rochester
3728,3814,3814,2021,429,EB81597,8.0,2021-10-20,7:20,20,10,,27,Grays Harbor,0,2,,4,2,2,3,0,4,2,,,,12,0,8,111.1,1,0,1,3,1,1,2,0,0,0,0,US-101,,-123.9261778,47.253094444,0,1,64,10,2,60,63,1,0,1,2,12,1,1,2,1,1,1,3,53,0,85,881,2022,0,,68,12.0,,,,,1,1,19,1,0.0,,2,0,3,0,11,0,,,,,6.0,1.0,1.0,3.0,1,28,,,,96,,,,,,98,,,,,,98331,53,76.0,280.0,6.0,1.0,0.0,0.0,0.0,0.0,,0,,,,,,0,,,20,0,0,0,8.0,9,2,,,0,,,8,8,0.0,0.0,,,0.0,,,0,0,996.0,,,,,,,,,,,,,,,,,,,,,,,,,,,,,,0,0,0,0,0,0,0,0,0,0,0,0,0,0,0,0,0,0,0,1,0,1,1,0,1,0,0,0,0,1,1,0,0,0,0,,0,0,0,0,0,0,0,0,0,0,0,0,0,0,0,0,,,,,,18-20,16-25,US highway,R,Wednesday,,MHTRUCK,Not Fatal,0,1,1,0,State Route,State Patrol,Washington State Patrol,0,1,0,0,0,,,,,,0.0,0.0,0.0,,,,,,,,,,,98.0,98.0,98.0,0.0,,,,,20.0,,,,,,,,,1.0,0.0,,,,,,,98552,Forks,Humptulips
3729,3815,3815,2021,429,EB81597,8.0,2021-10-20,7:20,20,10,,27,Grays Harbor,0,2,,4,2,2,3,0,4,2,,,,12,0,8,111.1,1,0,1,3,1,1,2,0,0,0,0,US-101,,-123.9261778,47.253094444,0,2,65,62,4,60,14,0,0,1,2,1,1,1,2,1,1,3,2,53,0,35,402,2000,0,,12,1.0,,,,,1,1,51,1,4.0,,4,7,20,7,11,0,10/20/2021,7:20,53056135.0,56135.0,0.0,0.0,0.0,3.0,1,0,,,,96,,,,,,98,,,,,,98520,53,65.0,170.0,6.0,1.0,0.0,1.0,0.0,0.0,,0,,,,,,0,05/15/2020,05/15/2020,20,1,9,0,0.0,9,8,,,0,,,8,8,2.0,1.0,,,1.0,,,2,1,0.0,,,,,,,,,,,,,,,,,,,,,,,,,,,,,,0,0,0,0,0,0,0,0,0,0,0,0,0,0,0,0,0,0,0,1,0,1,1,0,1,0,0,0,0,1,1,0,0,1,0,,1,0,0,0,0,0,0,0,0,0,0,0,0,0,0,0,,,,,,51-55,46-55,US highway,R,Wednesday,Not Used,PV,Hispanic,0,1,1,0,State Route,State Patrol,Washington State Patrol,0,1,0,0,0,,,,,,0.0,0.0,0.0,,,,,,,,,,,98.0,98.0,98.0,298.0,,,,,20.0,,,,,,,,,1.0,0.0,,,,,,,98552,Aberdeen,Humptulips
3730,3816,3816,2021,430,EB81819,290.0,2021-10-25,21:48,25,10,,53,Pierce,2230,2,,3,2,2,1,1,1,1,,,,8,0,0,53.7,1,0,1,3,2,1,3,0,0,0,0,SR-7,,-122.4340667,47.175791667,0,1,13,80,5,35,34,0,0,1,2,8,1,1,2,1,6,1,2,53,0,12,481,2001,0,,8,,,,,,1,1,53,1,0.0,,0,0,3,0,11,0,,,,,0.0,0.0,0.0,3.0,1,0,,,,92,,,,,,98,,,,,,98178,53,69.0,195.0,6.0,1.0,0.0,0.0,0.0,0.0,,0,,,,,,0,,,20,0,0,0,8.0,9,8,,,0,,,8,8,8.0,95.0,,,96.0,,,8,95,995.0,,,,,,,,,,,,,,,,,,,,,,,,,,,,,,0,0,0,0,0,0,0,0,0,1,0,1,0,0,0,0,1,0,0,0,0,0,0,0,0,0,0,0,0,1,0,1,0,0,0,,0,0,0,0,0,0,0,0,1,0,0,0,0,0,0,0,,,,,,51-55,46-55,State route,U,Monday,Belt Used,PV,Not Fatal,0,0,0,0,State Route,Municipal/City Police,Tacoma Police Department,0,1,0,0,0,,,,,,0.0,0.0,0.0,,,,,,,,,,,98.0,98.0,98.0,0.0,,,,,20.0,,,,,,,,,1.0,0.0,,,,,,,98444,Seattle,Tacoma
3731,3817,3817,2021,431,EB81853,26.0,2021-10-24,15:59,24,10,,35,Kitsap,0,10,,1,1,2,1,1,1,1,,,,8,0,0,,3,0,2,7,1,2,4,0,0,20,3,CR-ELWHA TER NE,GRANDVIEW BLVD,-122.6272889,47.704311111,0,1,13,80,5,25,6,0,0,1,5,8,4,2,2,1,10,1,1,53,0,52,47,2004,0,,8,,,,,,1,1,64,8,0.0,,0,0,3,0,11,0,,,,,0.0,0.0,0.0,3.0,1,0,,,,93,,,,,,98,,,,,,98345,53,66.0,190.0,6.0,1.0,0.0,1.0,1.0,1.0,,0,,,,,,0,12/15/2017,07/15/2019,20,0,0,0,8.0,9,2,,,0,,,8,8,8.0,95.0,,,96.0,,,8,95,995.0,,,,,,,,,,,,,,,,,,,,,,,,,,,,,,0,0,0,1,0,0,0,0,0,0,0,0,0,0,0,0,1,0,0,0,0,0,0,0,0,0,0,0,0,1,0,1,0,0,0,,0,0,0,0,0,0,0,0,1,0,0,0,0,0,0,0,,,,,,61-65,56-65,County road,R,Sunday,Belt Used,PV,Not Fatal,1,0,0,0,County Road,County Sheriff,Kitsap County Sheriff's Office,0,0,1,0,0,,,,,,0.0,0.0,0.0,,,,,,,,,,,98.0,98.0,98.0,0.0,,,,,20.0,,,,,,,,,1.0,0.0,,,GRANDVIEW BLVD (NE),0.038,,,98345,Keyport,Keyport
3732,3818,3818,2021,432,EB82027,35.0,2021-10-25,16:40,25,10,,53,Pierce,0,2,,1,2,2,1,0,2,2,,,,12,0,2,0.3,1,0,1,5,2,2,4,0,0,0,0,CR-240TH ST E,,-122.367325,47.038461111,0,1,50,6,1,35,4,0,0,1,2,12,1,1,2,1,3,1,1,53,0,59,35,2002,0,,68,12.0,,,,,1,1,27,1,7.0,,4,7,99,7,11,0,10/25/2021,16:40,53055108.0,55108.0,0.0,0.0,0.0,3.0,1,28,,,,96,,,,,,98,,,,,,98338,53,76.0,280.0,6.0,1.0,0.0,1.0,0.0,1.0,,0,,,,,,3,05/15/2017,02/15/2021,8,0,0,0,0.0,9,8,,,0,,,8,8,2.0,996.0,695.0,605.0,1.0,1.0,1.0,2,1,0.0,,,,,,,,,,,,,,,,,,,,,,,,,,,,,,0,0,0,0,0,0,1,1,1,0,0,0,1,0,0,0,0,0,0,0,0,0,0,0,0,0,0,0,0,1,1,0,0,0,0,,1,0,0,0,0,0,1,1,0,1,0,0,0,0,1,0,,,,,,26-30,26-35,County road,U,Monday,Unknown,PV,Multiracial,0,1,1,0,County Road,County Sheriff,Law Enforcement Support Agency,0,0,1,0,0,thc,50.0,,,,0.0,0.0,0.0,,,,,,,,,,,98.0,98.0,98.0,278.0,201.0,207.0,,,20.0,,,,,,,,nms,1.0,0.0,,,240 ST E,0.29,,,98338,Graham,Graham
3733,3819,3819,2021,432,EB82027,35.0,2021-10-25,16:40,25,10,,53,Pierce,0,2,,1,2,2,1,0,2,2,,,,12,0,2,0.3,1,0,1,5,2,2,4,0,0,0,0,CR-240TH ST E,,-122.367325,47.038461111,0,2,51,62,4,35,67,0,0,1,2,12,1,1,2,1,1,1,3,53,0,12,880,2019,0,,12,,,,,,1,1,34,1,0.0,,3,0,3,0,11,5,,,,,0.0,0.0,0.0,3.0,1,0,,,,96,,,,,,98,,,,,,98375,53,66.0,210.0,6.0,1.0,0.0,0.0,0.0,1.0,,0,,,,,,0,04/15/2017,04/15/2017,1,0,0,0,8.0,9,8,,,0,,,8,8,8.0,95.0,,,96.0,,,8,95,995.0,,,,,,,,,,,,,,,,,,,,,,,,,,,,,,0,0,0,0,0,0,1,1,1,0,0,0,1,0,0,0,0,0,0,0,0,0,0,0,0,0,0,0,0,1,1,0,0,0,0,,0,0,0,0,0,0,0,0,0,0,0,0,0,0,0,0,,,,,,31-35,26-35,County road,U,Monday,,MHTRUCK,Not Fatal,0,1,1,0,County Road,County Sheriff,Law Enforcement Support Agency,0,0,1,0,0,,,,,,0.0,0.0,0.0,,,,,,,,,,,98.0,98.0,98.0,0.0,,,,,20.0,,,,,,,,,1.0,0.0,,,240 ST E,0.29,,,98338,Puyallup,Graham
3734,3821,3821,2021,434,EB83027,180.0,2021-10-26,14:56,26,10,,15,Cowlitz,1190,1,,1,2,1,1,0,3,3,,,,12,0,2,0.0,1,0,1,5,2,4,6,0,0,0,0,32ND AVE,,-122.9665139,46.146816667,0,1,50,10,2,30,4,0,0,1,2,12,1,1,2,1,6,1,1,53,0,37,32,2008,0,,68,12.0,12.0,,,,1,1,19,2,7.0,,4,7,20,7,11,0,10/26/2021,14:56,119053055591.0,55591.0,0.0,0.0,3.0,3.0,1,0,,,,96,,,,,,9,,,,,,98632,53,71.0,160.0,6.0,2.0,0.0,2.0,1.0,0.0,,0,,,,,,4,12/15/2020,12/15/2020,8,2,9,0,0.0,9,8,,,0,,,1,8,,,,,,,,2,1,997.0,,,,,,,,,,,,,,,,,,,,,,,,,,,,,,0,0,0,0,0,0,0,0,0,0,0,0,1,0,0,0,0,0,0,1,0,1,1,0,1,1,1,1,0,1,0,0,0,1,0,,1,0,0,0,0,0,0,0,0,1,0,0,0,0,0,0,,,,,,18-20,16-25,City street,U,Tuesday,Not Used,PV,White,0,1,1,0,City Street,Municipal/City Police,Longview Police Department,0,0,0,1,0,,,,,,0.0,0.0,0.0,,,,,,,,,,,98.0,98.0,98.0,1.0,,,,,20.0,,,,,,,,,1.0,0.0,,,,,,,98632,Longview,Longview