,index,Unnamed: 0,year,case,par,repjur,crash_dt,crash_tm,accday,accmon,holiday,county,co_char,city,weather,weather2,lightcond,surfcond,surftype,numfatal,nmforms,pforms,vforms,not_tm,arr_tm,hosp_tm,fhevent,hitrun,manncol,milepnt,reljunc,reljuncinter,intersectiontype,funcsystem,landuse,ownership,route,schlbus,spejur,contdev,devfunc,trafid1,trafid2,lon,lat,wk_zone,vnumber,crashtype,criticalevent,criticaleventcat,spdlim,body,trailer,emerg,hazcargo,leave,mhevent,roadalgn,roadprof,traflane,trafflow,vehmanvr,numoccs,regowner,regstate,spuse,make,model,modelyr,vrf1,vrf2,seqevent1,seqevent2,seqevent3,seqevent4,seqevent5,seqevent6,pnumber,ptype,age,sex,hispanic,race,injury,diedscene,restraint,restraintmisuse,seatpos,takehosp,death_dt,death_tm,cert,cernum_wa,commlic,licendor,licrestrict,liccomp,drivpres,drf1,drf2,drf3,drf4,distract1,distract2,distract3,distract4,distract5,distract6,dricond1,dricond2,dricond3,dricond4,dricond5,dricond6,dzip,licstate,drhgt_in,weight,noncdl,noncdltype,prevdwi,prevoth,prevacc,prevspd,prevsus,driviol1,driviol2,driviol3,driviol4,driviol5,driviol6,spdrel,first_dt,last_dt,airbag,ejection,ejectpath,extricat,injurwrk,methalc,methdrug,nmlocat,strikveh,prf1,prf2,prf3,druginv,alcinvol,drugsts,drugres1,drugres2,drugres3,drugtst1,drugtst2,drugtst3,alcsts,alctst,alcres,nmact1,nmact2,nmact3,nmact4,nmact5,nmact6,nmprior1,nmprior2,nmprior3,nmprior4,nmprior5,nmprior6,nmcond1,nmcond2,nmcond3,nmcond4,nmcond5,nmcond6,nmsafe_helmet,nmsafe_pads,nmsafe_oth,nmprev_ref,nmprev_lgt,nmprev_oth,crashlocation,nmcrashtype,crosswalk,schoolzone,sidewalk,train_inv,wildlife_inv,rotr_fars,intersect_fars,dd_inv,aid_inv,dpd_inv,id_inv,mj_inv,impnm_inv,ainm_inv,dpnm_inv,speed_inv,unlic_inv,unendmc_inv,drowsy_inv,drdist_inv,nmdist_inv,fty_inv,unrestfat_inv,dr1617_inv,dr1820_inv,dr1620_inv,dr2125_inv,dr1625_inv,dr65_inv,dr70_inv,dr75_inv,mc_inv,pv_inv,ht_inv,ped_inv,bike_inv,unrest_fat,mc_fat,unhelmet_mc,pv_fat,ht_fat,ped_fat,bike_fat,dr_alc7,dr_alc8,dr_drug,dr_imp,dr_dist,dr_spd,dr_fty,dr_unlic,dr_alc7only,dr_alc8only,dr_drugonly,dr_drink,nm_imp,nm_alc7,nm_alc8,nm_drug,nm_dist,agegrp1,agegrp2,roadclass,urbrur,dayweek,restuse,vehtype,race_me,intersect,lanedep,oppdir,wrongway,rep_typ,investag,repag_long,rotr,st_rd,cty_rd,city_rd,oth_rd,drug_thc,thc_res,drug_cthc,cthc_res,drug_cann,prevpersemin,prevperse,prevsusoth,drugtst4,drugtst5,drugtst6,drugtst7,drugtst8,drugres4,drugres5,drugres6,drugres7,drugres8,adspresent,adsengaged,adslevel,race1,race2,race3,race4,race5,helmet,helmetmisuse,nmdistract1,nmdistract2,nmdistract3,nmdistract4,nmdistract5,nmdistract6,lab,isedtcase,crf1,crf2,crf3,CoRoadName,CoMP,IntCoRoadName,IntCoMP,crashzip,dcity,crashcity
3754,3842,3842,2021,444,EB78476,3.0,2021-10-11,5:41,11,10,,53,Pierce,0,10,,3,2,2,1,0,2,2,,,,12,0,2,51.9,3,0,3,3,2,1,3,0,0,0,0,SR-7,118TH ST S,-122.434325,47.149677778,0,1,50,10,2,35,4,0,0,1,2,12,1,2,5,5,1,1,1,53,0,12,23,2017,0,,68,12.0,,,,,1,1,56,1,7.0,,4,0,20,7,11,5,10/25/2021,13:10,223053054678.0,54678.0,0.0,0.0,0.0,3.0,1,28,,,,96,,,,,,9,,,,,,98338,53,70.0,220.0,6.0,1.0,0.0,1.0,0.0,1.0,,0,,,,,,0,07/15/2019,09/15/2021,8,0,0,0,0.0,9,8,,,0,,,8,1,8.0,95.0,,,96.0,,,2,98,0.34,,,,,,,,,,,,,,,,,,,,,,,,,,,,,,0,0,0,1,1,1,0,1,0,0,0,0,0,0,0,0,0,0,0,1,0,0,0,0,0,0,0,0,0,1,0,0,0,1,0,,1,0,0,0,0,1,0,1,0,0,0,0,0,1,0,1,,,,,,56-60,56-65,State route,U,Monday,Not Used,PV,White,0,1,1,0,State Route,State Patrol,Washington State Patrol,0,1,0,0,0,,,,,,0.0,0.0,0.0,,,,,,,,,,,98.0,98.0,98.0,1.0,,,,,20.0,,,,,,,,,1.0,0.0,,,,,,,98444,Graham,Tacoma
3755,3843,3843,2021,444,EB78476,3.0,2021-10-11,5:41,11,10,,53,Pierce,0,10,,3,2,2,1,0,2,2,,,,12,0,2,51.9,3,0,3,3,2,1,3,0,0,0,0,SR-7,118TH ST S,-122.434325,47.149677778,0,2,51,62,4,35,14,0,0,1,2,12,1,2,5,5,1,1,0,53,0,51,401,2020,0,,12,,,,,,1,1,55,2,0.0,,1,0,3,0,11,0,,,,,0.0,0.0,0.0,3.0,1,0,,,,96,,,,,,98,,,,,,98387,53,64.0,170.0,6.0,1.0,0.0,0.0,0.0,0.0,,0,,,,,,0,,,8,0,0,0,8.0,9,8,,,0,,,8,8,0.0,0.0,,,0.0,,,0,0,996.0,,,,,,,,,,,,,,,,,,,,,,,,,,,,,,0,0,0,1,1,1,0,1,0,0,0,0,0,0,0,0,0,0,0,1,0,0,0,0,0,0,0,0,0,1,0,0,0,0,0,,0,0,0,0,0,0,0,0,0,0,0,0,0,0,0,0,,,,,,51-55,46-55,State route,U,Monday,Belt Used,PV,Not Fatal,0,1,1,0,State Route,State Patrol,Washington State Patrol,0,1,0,0,0,,,,,,0.0,0.0,0.0,,,,,,,,,,,98.0,98.0,98.0,0.0,,,,,20.0,,,,,,,,,1.0,0.0,,,,,,,98444,Spanaway,Tacoma
3756,3844,3844,2021,445,EB84669,1.0,2021-10-30,3:40,30,10,,71,Walla Walla,0,1,,2,1,2,1,0,2,2,,,,12,0,2,1.0,1,0,1,4,1,1,3,0,0,0,0,SR-730,,-118.9622806,46.010691667,0,1,50,10,2,60,5,0,0,1,2,12,1,1,2,1,1,1,2,53,0,12,37,2015,0,,68,12.0,63.0,68.0,63.0,38.0,1,1,19,1,7.0,,4,7,3,0,11,0,10/30/2021,3:40,53056206.0,56206.0,0.0,0.0,0.0,3.0,1,28,,,,92,,,,,,98,,,,,,99362,53,76.0,125.0,6.0,1.0,0.0,0.0,0.0,2.0,,0,,,,,,0,10/15/2021,09/15/2021,8,0,0,0,0.0,9,8,,,0,,,8,8,8.0,95.0,,,96.0,,,9,99,999.0,,,,,,,,,,,,,,,,,,,,,,,,,,,,,,0,0,0,0,0,0,0,0,0,0,0,0,0,0,0,0,1,0,0,0,0,1,1,0,1,0,0,0,0,1,1,0,0,0,0,,1,0,0,0,0,0,0,0,1,0,0,0,0,0,0,0,,,,,,18-20,16-25,State route,R,Saturday,Belt Used,PV,Multiracial,0,1,1,0,State Route,State Patrol,Washington State Patrol,0,1,0,0,0,,,,,,0.0,0.0,0.0,,,,,,,,,,,98.0,98.0,98.0,202.0,201.0,,,,20.0,,,,,,,,,1.0,0.0,,,,,,,99360,Walla Walla,Touchet
3757,3845,3845,2021,445,EB84669,1.0,2021-10-30,3:40,30,10,,71,Walla Walla,0,1,,2,1,2,1,0,2,2,,,,12,0,2,1.0,1,0,1,4,1,1,3,0,0,0,0,SR-730,,-118.9622806,46.010691667,0,2,51,62,4,60,66,2,0,1,2,12,1,1,2,1,1,1,3,18,0,85,881,2019,0,,12,2.0,,,,,1,1,44,1,0.0,,0,0,3,0,11,0,,,,,6.0,3.0,0.0,3.0,1,0,,,,96,,,,,,98,,,,,,83854,16,70.0,175.0,6.0,1.0,0.0,0.0,0.0,0.0,,0,,,,,,0,,,20,0,0,0,8.0,9,8,,,0,,,8,8,0.0,0.0,,,0.0,,,0,0,996.0,,,,,,,,,,,,,,,,,,,,,,,,,,,,,,0,0,0,0,0,0,0,0,0,0,0,0,0,0,0,0,1,0,0,0,0,1,1,0,1,0,0,0,0,1,1,0,0,0,0,,0,0,0,0,0,0,0,0,0,0,0,0,0,0,0,0,,,,,,41-45,36-45,State route,R,Saturday,,MHTRUCK,Not Fatal,0,1,1,0,State Route,State Patrol,Washington State Patrol,0,1,0,0,0,,,,,,0.0,0.0,0.0,,,,,,,,,,,98.0,98.0,98.0,0.0,,,,,20.0,,,,,,,,,1.0,0.0,,,,,,,99360,Post Falls,Touchet
3758,3846,3846,2021,446,EB84744,3.0,2021-10-27,6:39,27,10,,53,Pierce,0,10,,3,2,2,1,0,3,3,,,,14,0,0,121.1,1,0,1,1,2,1,1,0,0,0,0,I-5,,-122.586425,47.104866667,0,1,11,13,2,60,34,0,0,1,2,14,1,1,4,3,15,1,1,41,0,12,481,1975,0,,63,14.0,69.0,12.0,,,1,1,61,1,7.0,,4,7,3,0,11,0,10/27/2021,6:39,53055848.0,55848.0,0.0,0.0,0.0,0.0,1,0,,,,96,,,,,,98,,,,,,99349,53,72.0,205.0,3.0,1.0,0.0,0.0,0.0,0.0,,0,,,,,,0,,,20,0,0,0,0.0,9,8,,,0,,,8,8,2.0,401.0,417.0,,1.0,1.0,,2,1,0.0,,,,,,,,,,,,,,,,,,,,,,,,,,,,,,0,0,0,0,0,0,1,1,0,0,0,0,0,1,0,0,0,0,0,0,0,0,0,1,1,0,0,0,0,1,1,0,0,0,0,,1,0,0,0,0,0,1,1,0,0,0,1,0,0,1,0,,,,,,61-65,56-65,Interstate,U,Wednesday,Belt Used,PV,White,0,1,0,0,State Route,State Patrol,Washington State Patrol,1,1,0,0,0,,,,,,0.0,0.0,0.0,,,,,,,,,,,0.0,0.0,0.0,1.0,,,,,20.0,,,,,,,,,1.0,0.0,,,,,,,98433,Mattawa,Tacoma
3759,3847,3847,2021,446,EB84744,3.0,2021-10-27,6:39,27,10,,53,Pierce,0,10,,3,2,2,1,0,3,3,,,,14,0,0,121.1,1,0,1,1,2,1,1,0,0,0,0,I-5,,-122.586425,47.104866667,0,3,98,64,4,60,14,0,0,1,5,12,1,1,4,3,1,1,1,53,0,38,402,1999,0,,12,,,,,,1,1,25,1,0.0,,0,0,3,0,11,0,,,,,0.0,0.0,0.0,3.0,1,0,,,,96,,,,,,98,,,,,,98396,53,71.0,150.0,6.0,1.0,0.0,0.0,0.0,1.0,,0,,,,,,0,09/15/2020,09/15/2020,20,0,0,0,8.0,9,8,,,0,,,8,8,0.0,0.0,,,0.0,,,0,0,996.0,,,,,,,,,,,,,,,,,,,,,,,,,,,,,,0,0,0,0,0,0,1,1,0,0,0,0,0,1,0,0,0,0,0,0,0,0,0,1,1,0,0,0,0,1,1,0,0,0,0,,0,0,0,0,0,0,0,0,0,0,0,0,0,0,0,0,,,,,,21-25,16-25,Interstate,U,Wednesday,Belt Used,PV,Not Fatal,0,1,0,0,State Route,State Patrol,Washington State Patrol,1,1,0,0,0,,,,,,0.0,0.0,0.0,,,,,,,,,,,0.0,0.0,0.0,0.0,,,,,20.0,,,,,,,,,1.0,0.0,,,,,,,98433,Wilkeson,Tacoma
3760,3848,3848,2021,447,EB85119,1.0,2021-10-23,18:29,23,10,,77,Yakima,0,10,,2,2,2,1,0,2,2,,,,12,0,6,4.9,2,0,2,5,1,1,3,0,3,20,3,SR-22,N MEYERS RD,-120.2938833,46.357047222,0,1,89,17,2,35,4,0,0,1,2,12,1,1,2,1,1,1,2,53,0,55,35,2012,0,,12,,,,,,1,1,26,1,1.0,,4,7,99,7,11,0,10/23/2021,18:29,53054583.0,54583.0,0.0,0.0,0.0,0.0,1,39,,,,96,,,,,,98,,,,,,98948,53,,999.0,0.0,0.0,99.0,99.0,99.0,99.0,,0,,,,,,4,,,8,0,0,0,0.0,9,8,,,0,,,8,8,2.0,402.0,996.0,,1.0,1.0,,2,1,0.199,,,,,,,,,,,,,,,,,,,,,,,,,,,,,,0,0,0,1,1,1,1,1,0,0,0,0,1,1,0,0,0,0,0,0,0,0,0,0,0,0,0,0,0,1,1,0,0,0,0,,1,0,0,0,0,1,1,1,0,1,0,1,0,0,0,1,,,,,,26-30,26-35,State route,R,Saturday,Unknown,PV,Hispanic,1,0,0,0,State Route,State Patrol,Washington State Patrol,0,1,0,0,0,,,,,,99.0,99.0,99.0,,,,,,,,,,,98.0,98.0,98.0,98.0,,,,,20.0,,,,,,,,,1.0,0.0,,,,,,,98948,Toppenish,Toppenish
3761,3849,3849,2021,447,EB85119,1.0,2021-10-23,18:29,23,10,,77,Yakima,0,10,,2,2,2,1,0,2,2,,,,12,0,6,4.9,2,0,2,5,1,1,3,0,3,0,0,SR-22,N MEYERS RD,-120.2938833,46.357047222,0,2,88,66,4,60,66,2,0,1,2,12,1,1,2,1,1,1,3,41,0,87,881,2019,0,,12,68.0,64.0,1.0,,,1,1,44,1,0.0,,0,0,3,0,11,0,,,,,6.0,3.0,0.0,3.0,1,0,,,,96,,,,,,98,,,,,,98908,53,73.0,205.0,6.0,1.0,0.0,0.0,0.0,0.0,,0,,,,,,0,,,20,0,0,0,8.0,9,8,,,0,,,8,8,0.0,0.0,,,0.0,,,0,0,996.0,,,,,,,,,,,,,,,,,,,,,,,,,,,,,,0,0,0,1,1,1,1,1,0,0,0,0,1,1,0,0,0,0,0,0,0,0,0,0,0,0,0,0,0,1,1,0,0,0,0,,0,0,0,0,0,0,0,0,0,0,0,0,0,0,0,0,,,,,,41-45,36-45,State route,R,Saturday,,MHTRUCK,Not Fatal,1,0,0,0,State Route,State Patrol,Washington State Patrol,0,1,0,0,0,,,,,,0.0,0.0,0.0,,,,,,,,,,,98.0,98.0,98.0,0.0,,,,,20.0,,,,,,,,,1.0,0.0,,,,,,,98948,Yakima,Toppenish
3762,3850,3850,2021,449,EB85980,14.0,2021-11-02,21:14,2,11,,11,Clark,0,10,,2,2,2,1,0,3,1,,,,30,0,0,0.0,3,0,3,5,1,2,4,0,0,0,0,CR-NE 152ND AVE,NE 319TH ST,-122.5166556,45.853277778,0,1,6,12,2,40,34,0,0,1,2,30,2,1,2,1,14,3,2,53,0,35,472,2005,0,,68,64.0,30.0,42.0,2.0,,1,1,16,1,0.0,,3,0,3,0,11,5,,,,,0.0,0.0,2.0,3.0,1,73,,,,96,,,,,,98,,,,,,98601,53,70.0,130.0,6.0,2.0,0.0,0.0,0.0,0.0,,0,,,,,,4,,,99,0,0,0,8.0,9,8,,,0,,,8,1,8.0,95.0,,,96.0,,,0,0,996.0,,,,,,,,,,,,,,,,,,,,,,,,,,,,,,0,0,1,1,1,0,0,0,0,0,0,0,1,0,0,0,0,0,0,0,1,0,1,0,1,0,0,0,0,1,0,0,0,0,0,,0,0,0,0,0,0,0,0,0,1,0,0,0,0,0,1,,,,,,16-17,16-25,County road,R,Tuesday,Belt Used,PV,Not Fatal,0,1,0,0,County Road,County Sheriff,Clark County Sheriff's Office,1,0,1,0,0,,,,,,0.0,0.0,0.0,,,,,,,,,,,98.0,98.0,98.0,0.0,,,,,20.0,,,,,,,,,1.0,0.0,,,NE 319TH ST,0.0,NE 152ND AVE,8.81,98604,Amboy,Battle Ground
3763,3851,3851,2021,450,EB86461,2.0,2021-11-02,22:50,2,11,,73,Whatcom,110,2,,2,2,2,1,1,4,3,,,,18,0,0,253.5,1,0,1,1,2,1,1,0,0,0,0,I-5,,-122.462875,48.752613889,0,1,98,80,5,60,4,0,0,1,5,8,1,2,2,3,1,2,2,53,0,12,17,1994,0,,8,,,,,,1,1,21,1,0.0,,0,0,3,0,11,0,,,,,0.0,0.0,0.0,3.0,1,0,,,,96,,,,,,98,,,,,,98363,53,64.0,225.0,6.0,1.0,0.0,0.0,0.0,0.0,,0,,,,,,0,,,20,0,0,0,8.0,9,8,,,0,,,8,8,8.0,95.0,,,96.0,,,0,0,996.0,,,,,,,,,,,,,,,,,,,,,,,,,,,,,,0,0,0,0,0,0,0,0,0,0,0,0,0,0,0,0,1,0,0,0,0,1,1,1,1,1,0,0,0,1,0,1,0,0,0,,0,0,0,0,0,0,0,0,0,0,0,0,0,0,0,0,,,,,,21-25,16-25,Interstate,U,Tuesday,Belt Used,PV,Not Fatal,0,1,0,0,State Route,State Patrol,Washington State Patrol,1,1,0,0,0,,,,,,0.0,0.0,0.0,,,,,,,,,,,0.0,0.0,0.0,0.0,,,,,20.0,,,,,,,,,1.0,19.0,,,,,,,98229,Port Angeles,Bellingham
3764,3852,3852,2021,450,EB86461,2.0,2021-11-02,22:50,2,11,,73,Whatcom,110,2,,2,2,2,1,1,4,3,,,,18,0,0,253.5,1,0,1,1,2,1,1,0,0,0,0,I-5,,-122.462875,48.752613889,0,2,98,80,5,60,4,0,0,1,5,8,1,2,2,3,1,1,1,53,0,42,54,2016,0,,8,,,,,,1,1,65,2,0.0,,0,0,3,0,11,0,,,,,0.0,0.0,3.0,3.0,1,0,,,,96,,,,,,98,,,,,,98229,53,71.0,178.0,6.0,1.0,0.0,0.0,0.0,0.0,,0,,,,,,0,,,20,0,0,0,8.0,9,8,,,0,,,8,8,8.0,95.0,,,96.0,,,0,0,996.0,,,,,,,,,,,,,,,,,,,,,,,,,,,,,,0,0,0,0,0,0,0,0,0,0,0,0,0,0,0,0,1,0,0,0,0,1,1,1,1,1,0,0,0,1,0,1,0,0,0,,0,0,0,0,0,0,0,0,0,0,0,0,0,0,0,0,,,,,,61-65,56-65,Interstate,U,Tuesday,Belt Used,PV,Not Fatal,0,1,0,0,State Route,State Patrol,Washington State Patrol,1,1,0,0,0,,,,,,0.0,0.0,0.0,,,,,,,,,,,98.0,98.0,98.0,0.0,,,,,20.0,,,,,,,,,1.0,19.0,,,,,,,98229,Bellingham,Bellingham
3765,3853,3853,2021,450,EB86461,2.0,2021-11-02,22:50,2,11,,73,Whatcom,110,2,,2,2,2,1,1,4,3,,,,18,0,0,253.5,1,0,1,1,2,1,1,0,0,0,0,I-5,,-122.462875,48.752613889,0,3,12,90,6,60,4,0,0,1,5,25,1,2,2,3,1,1,2,53,0,20,22,2005,0,,18,64.0,25.0,,,,1,1,20,1,0.0,,0,0,3,0,11,0,,,,,0.0,0.0,3.0,3.0,1,0,,,,92,,,,,,98,,,,,,98503,53,73.0,170.0,6.0,1.0,0.0,1.0,1.0,0.0,,0,,,,,,0,11/15/2019,03/15/2021,20,0,0,0,8.0,9,8,,,0,,,8,8,8.0,95.0,,,96.0,,,0,0,996.0,,,,,,,,,,,,,,,,,,,,,,,,,,,,,,0,0,0,0,0,0,0,0,0,0,0,0,0,0,0,0,1,0,0,0,0,1,1,1,1,1,0,0,0,1,0,1,0,0,0,,0,0,0,0,0,0,0,0,1,0,0,0,0,0,0,0,,,,,,18-20,16-25,Interstate,U,Tuesday,Belt Used,PV,Not Fatal,0,1,0,0,State Route,State Patrol,Washington State Patrol,1,1,0,0,0,,,,,,0.0,0.0,0.0,,,,,,,,,,,98.0,98.0,98.0,0.0,,,,,20.0,,,,,,,,,1.0,19.0,,,,,,,98229,Lacey,Bellingham
3766,3854,3854,2021,451,EB86625,1.0,2021-11-01,17:55,1,11,,5,Benton,0,2,,5,2,1,1,0,1,1,,,,1,0,0,128.4,1,0,1,1,1,1,1,0,0,0,0,I-82,,-119.3193528,45.983127778,0,1,7,11,2,70,4,0,0,1,2,1,4,2,2,2,14,1,3,41,0,20,2,2008,0,,63,69.0,64.0,1.0,,,1,1,35,2,7.0,,4,7,20,7,11,0,11/01/2021,17:55,102053057387.0,57387.0,0.0,0.0,0.0,0.0,1,58,,,,96,,,,,,9,,,,,,97756,41,67.0,140.0,0.0,0.0,0.0,6.0,0.0,0.0,,0,,,,,,0,09/15/2020,10/15/2021,8,1,9,0,0.0,9,8,,,0,,,1,1,2.0,605.0,401.0,417.0,1.0,1.0,1.0,2,1,0.179,,,,,,,,,,,,,,,,,,,,,,,,,,,,,,0,0,0,0,1,1,1,1,1,0,0,0,0,1,0,0,0,0,0,1,0,0,0,0,0,0,0,0,0,1,0,0,0,1,0,,1,0,0,0,0,1,1,1,0,0,0,1,0,0,0,1,,,,,,31-35,26-35,Interstate,R,Monday,Not Used,PV,White,0,1,0,0,State Route,State Patrol,Washington State Patrol,1,1,0,0,0,thc,2.0,,,,0.0,0.0,1.0,,,,,,,,,,,98.0,98.0,98.0,1.0,,,,,20.0,,,,,,,,nms,1.0,0.0,,,,,,,99338,Redmond,Kennewick
3767,3856,3856,2021,453,EB87207,1.0,2021-11-07,10:59,7,11,,21,Franklin,0,1,,1,1,1,1,1,1,1,,,,8,0,0,43.1,1,0,1,2,1,1,2,0,0,0,0,US-395,,-119.0240028,46.433930556,0,1,13,80,5,70,34,1,0,1,5,8,1,1,2,2,1,1,2,53,0,12,481,2017,0,,63,8.0,,,,,1,1,79,1,0.0,,0,0,3,0,11,0,,,,,0.0,0.0,3.0,3.0,1,0,,,,96,,,,,,98,,,,,,99301,32,68.0,180.0,6.0,1.0,0.0,0.0,0.0,0.0,,0,,,,,,0,,,20,0,0,0,8.0,9,8,,,0,,,8,8,8.0,95.0,,,96.0,,,0,0,996.0,,,,,,,,,,,,,,,,,,,,,,,,,,,,,,0,0,0,0,0,0,0,0,0,0,0,0,0,0,0,0,0,0,0,0,0,0,0,0,0,1,1,1,0,1,0,1,0,0,0,,0,0,0,0,0,0,0,0,0,0,0,0,0,0,0,0,,,,,,76-80,76+,US highway,R,Sunday,Belt Used,PV,Not Fatal,0,0,0,0,State Route,State Patrol,Washington State Patrol,0,1,0,0,0,,,,,,0.0,0.0,0.0,,,,,,,,,,,98.0,98.0,98.0,0.0,,,,,20.0,,,,,,,,,1.0,0.0,,,,,,,99330,Pasco,Eltopia
3768,3857,3857,2021,454,EB87247,4.0,2021-11-05,13:04,5,11,,1,Adams,0,10,,1,2,2,1,0,1,1,,,,35,0,0,208.3,1,0,1,1,1,1,1,0,0,0,0,I-90,,-118.6020444,47.101186111,0,1,6,12,2,70,34,0,0,1,2,35,1,1,2,3,1,1,2,53,0,23,481,2006,0,,64,67.0,35.0,,,,1,1,65,1,7.0,,4,7,3,0,11,0,11/05/2021,13:04,53057100.0,57100.0,0.0,0.0,9.0,3.0,1,0,,,,96,,,,,,98,,,,,,98922,53,70.0,185.0,6.0,1.0,0.0,0.0,0.0,0.0,,0,,,,,,0,,,8,0,0,9,0.0,9,8,,,0,,,8,8,8.0,95.0,,,96.0,,,8,95,995.0,,,,,,,,,,,,,,,,,,,,,,,,,,,,,,0,0,1,0,0,0,0,0,0,0,0,0,0,0,0,0,0,0,0,0,0,0,0,0,0,1,0,0,0,1,0,0,0,0,0,,1,0,0,0,0,0,0,0,0,0,0,0,0,0,0,0,,,,,,61-65,56-65,Interstate,R,Friday,Belt Used,PV,White,0,1,0,0,State Route,State Patrol,Washington State Patrol,1,1,0,0,0,,,,,,0.0,0.0,0.0,,,,,,,,,,,98.0,98.0,98.0,1.0,,,,,20.0,,,,,,,,,1.0,0.0,,,,,,,99169,Cle Elum,Ritzville
3769,3858,3858,2021,455,EB87134,3.0,2021-11-08,17:42,8,11,,53,Pierce,2210,1,,2,1,2,1,0,6,3,,,,12,0,1,8.9,1,0,1,2,2,1,3,0,0,0,0,SR-167,,-122.2476583,47.207458333,0,1,24,51,3,60,14,0,0,1,2,12,1,1,2,3,1,2,1,53,0,18,405,2020,0,,12,,,,,,1,1,69,2,0.0,,3,0,3,0,11,0,,,,,0.0,0.0,0.0,3.0,1,6,,,,96,,,,,,9,,,,,,98387,53,63.0,170.0,6.0,1.0,0.0,0.0,0.0,0.0,,9,,,,,,0,,,8,0,0,0,8.0,9,8,,,0,,,8,1,8.0,95.0,,,96.0,,,2,1,997.0,,,,,,,,,,,,,,,,,,,,,,,,,,,,,,0,0,0,0,1,0,0,0,0,0,0,0,0,0,0,0,0,0,0,0,0,0,0,1,1,1,0,0,0,1,0,0,0,0,0,,0,0,0,0,0,0,0,0,0,0,0,0,0,0,0,1,,,,,,66-70,66-75,State route,U,Monday,Belt Used,PV,Not Fatal,0,0,0,0,State Route,State Patrol,Washington State Patrol,0,1,0,0,0,,,,,,0.0,0.0,0.0,,,,,,,,,,,98.0,98.0,98.0,0.0,,,,,20.0,,,,,,,,,1.0,0.0,,,,,,,98390,Spanaway,Sumner
3770,3859,3859,2021,455,EB87134,3.0,2021-11-08,17:42,8,11,,53,Pierce,2210,1,,2,1,2,1,0,6,3,,,,12,0,1,8.9,1,0,1,2,2,1,3,0,0,0,0,SR-167,,-122.2476583,47.207458333,0,2,25,53,3,60,1,0,0,1,2,12,1,1,2,3,1,1,3,53,0,59,36,2002,0,,12,12.0,,,,,1,1,46,1,0.0,,2,0,3,0,11,0,,,,,0.0,0.0,0.0,3.0,1,0,,,,96,,,,,,0,,,,,,98444,53,72.0,175.0,6.0,1.0,0.0,0.0,0.0,0.0,,0,,,,,,0,,,8,0,0,0,8.0,9,8,,,0,,,8,8,8.0,95.0,,,96.0,,,8,95,995.0,,,,,,,,,,,,,,,,,,,,,,,,,,,,,,0,0,0,0,1,0,0,0,0,0,0,0,0,0,0,0,0,0,0,0,0,0,0,1,1,1,0,0,0,1,0,0,0,0,0,,0,0,0,0,0,0,0,0,0,0,0,0,0,0,0,0,,,,,,46-50,46-55,State route,U,Monday,Belt Used,PV,Not Fatal,0,0,0,0,State Route,State Patrol,Washington State Patrol,0,1,0,0,0,,,,,,0.0,0.0,0.0,,,,,,,,,,,98.0,98.0,98.0,0.0,,,,,20.0,,,,,,,,,1.0,0.0,,,,,,,98390,Tacoma,Sumner
3771,3860,3860,2021,455,EB87134,3.0,2021-11-08,17:42,8,11,,53,Pierce,2210,1,,2,1,2,1,0,6,3,,,,12,0,1,8.9,1,0,1,2,2,1,3,0,0,0,0,SR-167,,-122.2476583,47.207458333,0,3,98,53,3,60,14,0,0,1,2,12,1,1,2,3,1,3,2,53,0,63,402,2012,0,,12,,,,,,1,1,22,1,0.0,,0,0,3,0,11,0,,,,,0.0,0.0,0.0,3.0,1,0,,,,96,,,,,,0,,,,,,98042,53,71.0,180.0,6.0,1.0,0.0,2.0,1.0,2.0,,0,,,,,,0,07/15/2018,02/15/2019,20,0,0,0,8.0,9,8,,,0,,,8,8,8.0,95.0,,,96.0,,,8,95,995.0,,,,,,,,,,,,,,,,,,,,,,,,,,,,,,0,0,0,0,1,0,0,0,0,0,0,0,0,0,0,0,0,0,0,0,0,0,0,1,1,1,0,0,0,1,0,0,0,0,0,,0,0,0,0,0,0,0,0,0,0,0,0,0,0,0,0,,,,,,21-25,16-25,State route,U,Monday,Belt Used,PV,Not Fatal,0,0,0,0,State Route,State Patrol,Washington State Patrol,0,1,0,0,0,,,,,,0.0,0.0,1.0,,,,,,,,,,,98.0,98.0,98.0,0.0,,,,,20.0,,,,,,,,,1.0,0.0,,,,,,,98390,Kent,Sumner
3772,3861,3861,2021,456,EB84667,242.0,2021-10-30,23:02,30,10,,53,Pierce,1770,1,,3,1,2,1,1,1,1,,,,8,0,0,0.0,3,0,2,3,2,4,6,0,0,0,0,N MERIDIAN,E Main,-122.2937167,47.191813889,0,1,13,80,5,25,15,0,0,1,5,8,1,1,2,4,1,1,1,53,0,2,422,2020,0,,8,,,,,,1,1,62,2,0.0,,0,0,3,0,11,0,,,,,0.0,0.0,3.0,3.0,1,0,,,,96,,,,,,9,,,,,,98373,53,67.0,165.0,6.0,1.0,0.0,0.0,0.0,0.0,,2,,,,,,0,,,20,0,0,0,8.0,9,8,,,0,,,8,1,8.0,95.0,,,96.0,,,2,1,997.0,,,,,,,,,,,,,,,,,,,,,,,,,,,,,,0,0,0,1,1,0,0,0,0,0,0,0,0,0,0,0,0,1,0,0,0,0,0,0,0,0,0,0,0,1,0,1,0,0,0,,0,0,0,0,0,0,0,0,0,0,0,0,0,0,0,1,,,,,,61-65,56-65,City street,U,Saturday,Belt Used,PV,Not Fatal,1,0,0,0,City Street,Municipal/City Police,Puyallup Police Department,0,0,0,1,0,,,,,,0.0,0.0,0.0,,,,,,,,,,,98.0,98.0,98.0,0.0,,,,,20.0,,,,,,,,,1.0,0.0,,,,,,,98371,Puyallup,Puyallup