,index,Unnamed: 0,year,case,par,repjur,crash_dt,crash_tm,accday,accmon,holiday,county,co_char,city,weather,weather2,lightcond,surfcond,surftype,numfatal,nmforms,pforms,vforms,not_tm,arr_tm,hosp_tm,fhevent,hitrun,manncol,milepnt,reljunc,reljuncinter,intersectiontype,funcsystem,landuse,ownership,route,schlbus,spejur,contdev,devfunc,trafid1,trafid2,lon,lat,wk_zone,vnumber,crashtype,criticalevent,criticaleventcat,spdlim,body,trailer,emerg,hazcargo,leave,mhevent,roadalgn,roadprof,traflane,trafflow,vehmanvr,numoccs,regowner,regstate,spuse,make,model,modelyr,vrf1,vrf2,seqevent1,seqevent2,seqevent3,seqevent4,seqevent5,seqevent6,pnumber,ptype,age,sex,hispanic,race,injury,diedscene,restraint,restraintmisuse,seatpos,takehosp,death_dt,death_tm,cert,cernum_wa,commlic,licendor,licrestrict,liccomp,drivpres,drf1,drf2,drf3,drf4,distract1,distract2,distract3,distract4,distract5,distract6,dricond1,dricond2,dricond3,dricond4,dricond5,dricond6,dzip,licstate,drhgt_in,weight,noncdl,noncdltype,prevdwi,prevoth,prevacc,prevspd,prevsus,driviol1,driviol2,driviol3,driviol4,driviol5,driviol6,spdrel,first_dt,last_dt,airbag,ejection,ejectpath,extricat,injurwrk,methalc,methdrug,nmlocat,strikveh,prf1,prf2,prf3,druginv,alcinvol,drugsts,drugres1,drugres2,drugres3,drugtst1,drugtst2,drugtst3,alcsts,alctst,alcres,nmact1,nmact2,nmact3,nmact4,nmact5,nmact6,nmprior1,nmprior2,nmprior3,nmprior4,nmprior5,nmprior6,nmcond1,nmcond2,nmcond3,nmcond4,nmcond5,nmcond6,nmsafe_helmet,nmsafe_pads,nmsafe_oth,nmprev_ref,nmprev_lgt,nmprev_oth,crashlocation,nmcrashtype,crosswalk,schoolzone,sidewalk,train_inv,wildlife_inv,rotr_fars,intersect_fars,dd_inv,aid_inv,dpd_inv,id_inv,mj_inv,impnm_inv,ainm_inv,dpnm_inv,speed_inv,unlic_inv,unendmc_inv,drowsy_inv,drdist_inv,nmdist_inv,fty_inv,unrestfat_inv,dr1617_inv,dr1820_inv,dr1620_inv,dr2125_inv,dr1625_inv,dr65_inv,dr70_inv,dr75_inv,mc_inv,pv_inv,ht_inv,ped_inv,bike_inv,unrest_fat,mc_fat,unhelmet_mc,pv_fat,ht_fat,ped_fat,bike_fat,dr_alc7,dr_alc8,dr_drug,dr_imp,dr_dist,dr_spd,dr_fty,dr_unlic,dr_alc7only,dr_alc8only,dr_drugonly,dr_drink,nm_imp,nm_alc7,nm_alc8,nm_drug,nm_dist,agegrp1,agegrp2,roadclass,urbrur,dayweek,restuse,vehtype,race_me,intersect,lanedep,oppdir,wrongway,rep_typ,investag,repag_long,rotr,st_rd,cty_rd,city_rd,oth_rd,drug_thc,thc_res,drug_cthc,cthc_res,drug_cann,prevpersemin,prevperse,prevsusoth,drugtst4,drugtst5,drugtst6,drugtst7,drugtst8,drugres4,drugres5,drugres6,drugres7,drugres8,adspresent,adsengaged,adslevel,race1,race2,race3,race4,race5,helmet,helmetmisuse,nmdistract1,nmdistract2,nmdistract3,nmdistract4,nmdistract5,nmdistract6,lab,isedtcase,crf1,crf2,crf3,CoRoadName,CoMP,IntCoRoadName,IntCoMP,crashzip,dcity,crashcity
3810,3901,3901,2021,481,EB91198,8.0,2021-11-09,15:07,9,11,,45,Mason,2000,2,,1,2,2,2,0,8,3,,,,12,0,1,347.0,1,0,1,2,1,1,2,0,0,0,0,US-101,,-123.1179194,47.192691667,0,2,29,53,3,60,1,0,0,1,2,12,1,2,2,1,2,4,1,41,0,30,47,2013,0,,12,12.0,,,,,1,1,40,2,0.0,,2,0,3,0,11,5,,,,,0.0,0.0,0.0,0.0,1,0,,,,96,,,,,,0,,,,,,97138,41,,999.0,0.0,0.0,0.0,0.0,0.0,0.0,,0,,,,,,0,,,8,0,0,0,8.0,9,8,,,0,,,8,8,0.0,0.0,,,0.0,,,0,0,996.0,,,,,,,,,,,,,,,,,,,,,,,,,,,,,,0,0,0,0,0,0,1,1,0,0,0,0,1,1,0,0,0,0,0,1,0,0,0,0,0,0,0,0,0,1,0,0,0,0,0,,0,0,0,0,0,0,0,0,0,0,0,1,0,0,0,0,,,,,,36-40,36-45,US highway,R,Tuesday,Belt Used,PV,Not Fatal,0,0,0,0,State Route,State Patrol,Washington State Patrol,0,1,0,0,0,,,,,,0.0,0.0,0.0,,,,,,,,,,,98.0,98.0,98.0,0.0,,,,,20.0,,,,,,,,,1.0,0.0,,,,,,,98584,Seaside,Shelton
3811,3902,3902,2021,481,EB91198,8.0,2021-11-09,15:07,9,11,,45,Mason,2000,2,,1,2,2,2,0,8,3,,,,12,0,1,347.0,1,0,1,2,1,1,2,0,0,0,0,US-101,,-123.1179194,47.192691667,0,3,98,53,3,60,6,0,0,1,2,12,1,2,2,1,2,1,1,53,0,48,34,1998,0,,12,,,,,,1,1,60,1,0.0,,0,0,3,0,11,0,,,,,0.0,0.0,3.0,3.0,1,0,,,,96,,,,,,0,,,,,,98584,53,71.0,170.0,6.0,1.0,0.0,0.0,0.0,0.0,,0,,,,,,0,,,8,0,0,0,8.0,9,8,,,0,,,8,8,8.0,95.0,,,96.0,,,0,0,996.0,,,,,,,,,,,,,,,,,,,,,,,,,,,,,,0,0,0,0,0,0,1,1,0,0,0,0,1,1,0,0,0,0,0,1,0,0,0,0,0,0,0,0,0,1,0,0,0,0,0,,0,0,0,0,0,0,0,0,0,0,0,0,0,0,0,0,,,,,,56-60,56-65,US highway,R,Tuesday,Belt Used,PV,Not Fatal,0,0,0,0,State Route,State Patrol,Washington State Patrol,0,1,0,0,0,,,,,,0.0,0.0,0.0,,,,,,,,,,,0.0,0.0,0.0,0.0,,,,,20.0,,,,,,,,,1.0,0.0,,,,,,,98584,Shelton,Shelton
3812,3903,3903,2021,482,EB91747,2.0,2021-11-18,12:50,18,11,,61,Snohomish,0,10,,1,1,2,2,0,3,2,,,,12,0,2,17.9,1,0,1,3,2,1,3,0,0,0,0,SR-002,,-121.90815,47.85485,0,1,50,10,2,55,14,0,0,1,2,12,1,1,2,1,1,2,2,53,0,42,401,2011,0,,63,69.0,68.0,12.0,2.0,,1,1,23,2,7.0,,4,7,20,7,11,0,11/18/2021,12:50,53059776.0,59776.0,0.0,0.0,0.0,3.0,1,58,,,,92,,,,,,98,,,,,,98244,53,67.0,160.0,6.0,1.0,0.0,3.0,1.0,1.0,,0,,,,,,0,05/15/2017,04/15/2019,99,0,0,0,0.0,9,8,,,0,,,1,8,2.0,996.0,695.0,605.0,1.0,1.0,1.0,2,1,0.0,,,,,,,,,,,,,,,,,,,,,,,,,,,,,,0,0,0,0,0,0,1,1,1,0,0,0,0,0,0,0,1,0,0,1,0,0,0,1,1,0,0,0,0,1,1,0,0,1,0,,1,0,0,0,0,0,1,1,1,0,0,0,0,0,1,0,,,,,,21-25,16-25,State route,U,Thursday,Not Used,PV,White,0,1,1,0,State Route,State Patrol,Washington State Patrol,0,1,0,0,0,thc,4.3,carboxy-thc,21.0,,0.0,0.0,2.0,1.0,1.0,1.0,,,401.0,417.0,151.0,996.0,,98.0,98.0,98.0,1.0,,,,,20.0,,,,,,,,nms,1.0,0.0,,,,,,,98272,Deming,Monroe
3813,3904,3904,2021,482,EB91747,2.0,2021-11-18,12:50,18,11,,61,Snohomish,0,10,,1,1,2,2,0,3,2,,,,12,0,2,17.9,1,0,1,3,2,1,3,0,0,0,0,SR-002,,-121.90815,47.85485,0,2,51,62,4,55,63,1,0,1,2,12,1,1,2,1,1,1,3,53,0,87,881,2022,0,,12,,,,,,1,1,58,1,0.0,,2,0,3,0,11,5,,,,,6.0,1.0,0.0,3.0,1,0,,,,96,,,,,,0,,,,,,98258,53,74.0,270.0,6.0,1.0,0.0,0.0,0.0,0.0,,0,,,,,,0,,,20,0,0,0,8.0,9,8,,,0,,,8,8,8.0,95.0,,,96.0,,,2,98,997.0,,,,,,,,,,,,,,,,,,,,,,,,,,,,,,0,0,0,0,0,0,1,1,1,0,0,0,0,0,0,0,1,0,0,1,0,0,0,1,1,0,0,0,0,1,1,0,0,0,0,,0,0,0,0,0,0,0,0,0,0,0,0,0,0,0,0,,,,,,56-60,56-65,State route,U,Thursday,,MHTRUCK,Not Fatal,0,1,1,0,State Route,State Patrol,Washington State Patrol,0,1,0,0,0,,,,,,0.0,0.0,0.0,,,,,,,,,,,98.0,98.0,98.0,0.0,,,,,20.0,,,,,,,,,1.0,0.0,,,,,,,98272,Lake Stevens,Monroe
3814,3905,3905,2021,483,EB92106,6.0,2021-11-15,19:17,15,11,,25,Grant,0,6,,2,1,2,1,0,3,2,,,,12,0,1,140.3,1,0,1,1,1,1,1,0,0,50,3,I-90,,-119.9720694,47.004577778,0,1,24,51,3,70,34,0,0,1,2,12,3,2,2,3,14,1,1,53,0,7,482,2013,0,,12,,,,,,1,1,57,1,7.0,,4,7,3,0,11,0,11/15/2021,19:17,53058825.0,58825.0,0.0,0.0,0.0,3.0,1,0,,,,92,,,,,,98,,,,,,98007,53,73.0,225.0,6.0,1.0,0.0,0.0,0.0,1.0,,0,,,,,,0,09/15/2017,09/15/2017,1,0,0,0,0.0,9,8,,,0,,,8,8,0.0,0.0,,,0.0,,,0,0,996.0,,,,,,,,,,,,,,,,,,,,,,,,,,,,,,0,0,0,0,0,0,0,0,0,0,0,0,0,0,0,0,1,0,0,0,0,0,0,0,0,0,0,0,0,1,1,0,0,0,0,,1,0,0,0,0,0,0,0,1,0,0,0,0,0,0,0,,,,,,56-60,56-65,Interstate,R,Monday,Belt Used,PV,White,0,0,0,0,State Route,State Patrol,Washington State Patrol,0,1,0,0,0,,,,,,0.0,0.0,0.0,,,,,,,,,,,98.0,98.0,98.0,1.0,,,,,20.0,,,,,,,,,1.0,26.0,,,,,,,99357,Bellevue,Royal City
3815,3906,3906,2021,483,EB92106,6.0,2021-11-15,19:17,15,11,,25,Grant,0,6,,2,1,2,1,0,3,2,,,,12,0,1,140.3,1,0,1,1,1,1,1,0,0,50,3,I-90,,-119.9720694,47.004577778,0,2,25,53,3,60,66,1,0,1,2,12,3,2,2,3,14,2,3,53,0,85,881,2021,0,,12,,,,,,1,1,38,1,0.0,,0,0,3,0,11,0,,,,,6.0,1.0,3.0,3.0,1,0,,,,96,,,,,,0,,,,,,99122,53,67.0,135.0,6.0,1.0,0.0,0.0,1.0,0.0,,0,,,,,,0,08/15/2018,08/15/2018,20,0,0,0,8.0,9,8,,,0,,,8,8,8.0,95.0,,,96.0,,,0,0,996.0,,,,,,,,,,,,,,,,,,,,,,,,,,,,,,0,0,0,0,0,0,0,0,0,0,0,0,0,0,0,0,1,0,0,0,0,0,0,0,0,0,0,0,0,1,1,0,0,0,0,,0,0,0,0,0,0,0,0,0,0,0,0,0,0,0,0,,,,,,36-40,36-45,Interstate,R,Monday,,MHTRUCK,Not Fatal,0,0,0,0,State Route,State Patrol,Washington State Patrol,0,1,0,0,0,,,,,,0.0,0.0,0.0,,,,,,,,,,,98.0,98.0,98.0,0.0,,,,,20.0,,,,,,,,,1.0,26.0,,,,,,,99357,Davenport,Royal City
3816,3908,3908,2021,486,EB92278,7.0,2021-10-25,2:05,25,10,,33,King,1960,10,,3,2,2,1,0,1,1,,,,24,0,0,167.0,1,0,1,1,2,1,1,0,0,0,0,I-5,,-122.32785,47.627888889,0,1,6,12,2,60,3,0,0,1,2,24,1,1,4,3,1,1,1,53,0,49,50,2006,0,,64,24.0,,,,,1,1,37,2,7.0,,4,0,3,0,11,5,10/25/2021,3:45,196053056342.0,56342.0,0.0,0.0,0.0,3.0,1,0,,,,96,,,,,,98,,,,,,98037,53,63.0,130.0,6.0,1.0,0.0,1.0,1.0,0.0,,0,,,,,,0,02/15/2017,07/15/2018,8,1,9,0,0.0,9,8,,,0,,,8,8,2.0,605.0,,,1.0,,,2,1,0.13,,,,,,,,,,,,,,,,,,,,,,,,,,,,,,0,0,1,0,1,1,1,1,1,0,0,0,0,0,0,0,0,0,0,0,0,0,0,0,0,0,0,0,0,1,0,0,0,0,0,,1,0,0,0,0,1,1,1,0,0,0,0,0,0,0,1,,,,,,36-40,36-45,Interstate,U,Monday,Belt Used,PV,API,0,1,0,0,State Route,State Patrol,Washington State Patrol,1,1,0,0,0,thc,3.7,,,,0.0,0.0,0.0,,,,,,,,,,,98.0,98.0,98.0,7.0,,,,,20.0,,,,,,,,nms,1.0,0.0,,,,,,,98102,Lynnwood,Seattle
3817,3909,3909,2021,487,EB92927,160.0,2021-11-21,3:08,21,11,,33,King,1030,5,,3,1,2,1,0,2,2,,,,12,0,6,0.0,2,0,3,7,2,4,6,0,0,0,0,124TH AVE SE,SE 202nd Pl,-122.1759556,47.420875,0,1,68,15,2,35,4,0,0,1,2,12,8,8,2,1,11,1,1,53,0,7,24,2021,0,,12,,,,,,1,1,45,2,0.0,,0,0,99,7,11,0,,,,,0.0,0.0,0.0,3.0,1,38,,,,96,,,,,,9,,,,,,98031,53,66.0,160.0,6.0,1.0,0.0,0.0,0.0,1.0,,1,11.0,,,,,0,07/15/2019,07/15/2019,8,0,0,0,8.0,9,2,,,0,,,8,1,8.0,95.0,,,96.0,,,2,1,997.0,,,,,,,,,,,,,,,,,,,,,,,,,,,,,,0,0,0,1,1,0,1,1,0,0,0,0,0,1,1,0,0,0,1,0,0,0,0,0,0,0,0,0,1,1,0,0,0,0,0,,0,0,0,0,0,0,0,0,0,0,1,0,0,0,0,1,,,,,,41-45,36-45,City street,U,Sunday,Unknown,PV,Not Fatal,1,0,0,0,City Street,Municipal/City Police,Kent Police Department,0,0,0,1,0,,,,,,0.0,0.0,0.0,,,,,,,,,,,98.0,98.0,98.0,0.0,,,,,20.0,,,,,,,,,1.0,0.0,,,,,,,98031,Kent,Kent
3818,3910,3910,2021,487,EB92927,160.0,2021-11-21,3:08,21,11,,33,King,1030,5,,3,1,2,1,0,2,2,,,,12,0,6,0.0,2,0,3,7,2,4,6,0,0,0,0,124TH AVE SE,SE 202nd Pl,-122.1759556,47.420875,0,2,69,62,4,35,80,0,0,1,2,12,8,8,2,1,1,1,2,53,0,37,706,2008,0,,12,,,,,,1,1,33,1,7.0,,4,7,20,7,11,0,11/21/2021,3:08,103053060540.0,60540.0,0.0,0.0,0.0,2.0,1,0,,,,96,,,,,,0,,,,,,98042,53,72.0,200.0,3.0,1.0,0.0,0.0,0.0,0.0,,0,,,,,,0,10/15/2017,10/15/2017,20,8,0,0,0.0,9,8,,,0,,,8,8,2.0,401.0,417.0,,1.0,1.0,,2,1,0.0,,,,,,,,,,,,,,,,,,,,,,,,,,,,,,0,0,0,1,1,0,1,1,0,0,0,0,0,1,1,0,0,0,1,0,0,0,0,0,0,0,0,0,1,1,0,0,0,0,1,0.0,0,0,0,0,0,0,1,1,0,0,0,1,0,0,1,0,,,,,,31-35,26-35,City street,U,Sunday,,MC,White,1,0,0,0,City Street,Municipal/City Police,Kent Police Department,0,0,0,1,0,,,,,,0.0,0.0,1.0,,,,,,,,,,,0.0,0.0,0.0,1.0,,,,,5.0,,,,,,,,,1.0,0.0,,,,,,,98031,Kent,Kent
3819,3911,3911,2021,488,EB93013,337.0,2021-11-14,19:06,14,11,,73,Whatcom,110,2,,3,2,2,2,0,3,2,,,,12,0,6,0.0,1,0,1,3,2,4,6,0,0,0,0,LAKEWAY DR,,-122.4391722,48.747569444,0,1,64,9,1,35,2,0,0,1,2,12,2,1,3,1,14,2,2,53,0,35,47,2009,0,,68,12.0,,,,,1,1,26,1,1.0,,4,7,20,7,11,0,11/14/2021,19:06,11053059861.0,59861.0,0.0,0.0,0.0,0.0,1,0,,,,96,,,,,,98,,,,,,98225,6,67.0,180.0,0.0,0.0,0.0,0.0,0.0,0.0,,0,,,,,,4,,,8,0,0,0,0.0,9,8,,,0,,,8,8,2.0,605.0,695.0,401.0,1.0,1.0,1.0,2,1,0.0,,,,,,,,,,,,,,,,,,,,,,,,,,,,,,0,0,0,0,0,0,1,1,1,0,0,0,1,1,0,0,0,0,0,1,0,0,0,0,0,0,0,0,0,1,0,0,0,1,0,,1,0,0,0,0,0,1,1,0,1,0,1,0,0,1,0,,,,,,26-30,26-35,City street,U,Sunday,Not Used,PV,Hispanic,0,1,1,0,City Street,Municipal/City Police,Bellingham Police Department,0,0,0,1,0,thc,1.5,carboxy-thc,10.0,,0.0,0.0,0.0,1.0,,,,,417.0,,,,,98.0,98.0,98.0,1.0,,,,,20.0,,,,,,,,nms,1.0,0.0,,,,,,,98229,Bellingham,Bellingham
3820,3912,3912,2021,488,EB93013,337.0,2021-11-14,19:06,14,11,,73,Whatcom,110,2,,3,2,2,2,0,3,2,,,,12,0,6,0.0,1,0,1,3,2,4,6,0,0,0,0,LAKEWAY DR,,-122.4391722,48.747569444,0,2,65,62,4,35,15,0,0,1,2,12,3,1,3,1,14,1,1,53,0,20,422,2004,0,,12,,,,,,1,1,44,1,0.0,,1,0,3,0,11,8,,,,,0.0,0.0,0.0,3.0,1,0,,,,96,,,,,,0,,,,,,98226,53,69.0,220.0,6.0,1.0,0.0,0.0,0.0,0.0,,0,,,,,,0,,,1,0,0,0,8.0,9,8,,,0,,,8,8,8.0,95.0,,,96.0,,,8,95,995.0,,,,,,,,,,,,,,,,,,,,,,,,,,,,,,0,0,0,0,0,0,1,1,1,0,0,0,1,1,0,0,0,0,0,1,0,0,0,0,0,0,0,0,0,1,0,0,0,0,0,,0,0,0,0,0,0,0,0,0,0,0,0,0,0,0,0,,,,,,41-45,36-45,City street,U,Sunday,Belt Used,PV,Not Fatal,0,1,1,0,City Street,Municipal/City Police,Bellingham Police Department,0,0,0,1,0,,,,,,0.0,0.0,0.0,,,,,,,,,,,98.0,98.0,98.0,0.0,,,,,20.0,,,,,,,,,1.0,0.0,,,,,,,98229,Bellingham,Bellingham
3821,3913,3913,2021,489,EB93257,4.0,2021-11-21,3:30,21,11,,1,Adams,0,1,,3,4,2,1,0,1,1,,,,51,0,0,0.1,1,0,1,1,1,1,1,0,0,0,0,I-90,,-118.3736333,47.113530556,0,1,0,6,1,70,34,1,0,1,2,1,2,1,4,2,14,1,1,16,0,12,481,2002,0,,51,64.0,1.0,,,,1,1,37,1,7.0,,4,7,20,7,11,0,11/21/2021,3:30,53062112.0,62112.0,0.0,0.0,0.0,0.0,1,0,,,,96,,,,,,98,,,,,,98290,53,72.0,220.0,0.0,0.0,1.0,3.0,1.0,2.0,,0,,,,,,4,01/15/2018,06/15/2021,20,1,9,0,0.0,9,8,,,0,,,8,8,0.0,0.0,,,0.0,,,0,0,996.0,,,,,,,,,,,,,,,,,,,,,,,,,,,,,,0,0,0,0,0,0,0,0,0,0,0,0,1,1,0,0,0,0,0,1,0,0,0,0,0,0,0,0,0,1,0,0,0,1,0,,1,0,0,0,0,0,0,0,0,1,0,1,0,0,0,0,,,,,,36-40,36-45,Interstate,R,Sunday,Not Used,PV,White,0,0,0,0,State Route,State Patrol,Washington State Patrol,0,1,0,0,0,,,,,,0.0,1.0,1.0,,,,,,,,,,,98.0,98.0,98.0,1.0,,,,,20.0,,,,,,,,,1.0,0.0,,,,,,,99169,Snohomish,Ritzville
3822,3915,3915,2021,491,EB93812,2.0,2021-11-25,15:52,25,11,,61,Snohomish,0,2,,1,2,2,1,0,8,5,,,,12,0,1,7.6,1,0,1,4,1,1,3,0,0,0,0,SR-532,,-122.2942583,48.236391667,0,1,24,51,3,55,4,0,0,1,2,12,1,1,3,1,1,1,1,53,0,30,40,2017,0,,12,,,,,,1,1,48,2,0.0,,1,0,3,0,11,0,,,,,0.0,0.0,0.0,2.0,1,0,,,,96,,,,,,98,,,,,,98012,53,65.0,150.0,1.0,1.0,0.0,2.0,2.0,0.0,,0,,,,,,4,11/15/2019,02/15/2019,8,0,0,0,8.0,9,2,,,0,,,1,8,0.0,0.0,,,0.0,,,0,0,996.0,,,,,,,,,,,,,,,,,,,,,,,,,,,,,,0,0,0,0,0,0,0,0,0,0,0,0,1,1,0,0,0,0,0,0,0,0,0,0,0,0,0,0,0,1,0,0,0,0,0,,0,0,0,0,0,0,0,0,0,1,0,1,0,0,0,0,,,,,,46-50,46-55,State route,R,Thursday,Belt Used,PV,Not Fatal,0,0,0,0,State Route,State Patrol,Washington State Patrol,0,1,0,0,0,,,,,,0.0,0.0,1.0,,,,,,,,,,,98.0,98.0,98.0,0.0,,,,,20.0,,,,,,,,,1.0,0.0,,,,,,,98292,Bothell,Stanwood
3823,3916,3916,2021,491,EB93812,2.0,2021-11-25,15:52,25,11,,61,Snohomish,0,2,,1,2,2,1,0,8,5,,,,12,0,1,7.6,1,0,1,4,1,1,3,0,0,0,0,SR-532,,-122.2942583,48.236391667,0,2,25,53,3,55,14,0,0,1,2,12,1,1,3,1,1,2,2,53,0,12,402,2011,0,,12,68.0,12.0,12.0,,,1,1,28,1,0.0,,3,0,3,0,11,0,,,,,0.0,0.0,0.0,2.0,1,0,,,,96,,,,,,9,,,,,,98037,53,72.0,175.0,3.0,1.0,1.0,1.0,2.0,2.0,,0,,,,,,0,08/15/2019,01/15/2021,8,0,0,0,8.0,9,8,,,0,,,1,8,8.0,95.0,,,96.0,,,2,1,997.0,,,,,,,,,,,,,,,,,,,,,,,,,,,,,,0,0,0,0,0,0,0,0,0,0,0,0,1,1,0,0,0,0,0,0,0,0,0,0,0,0,0,0,0,1,0,0,0,0,0,,0,0,0,0,0,0,0,0,0,0,0,1,0,0,0,0,,,,,,26-30,26-35,State route,R,Thursday,Belt Used,PV,Not Fatal,0,0,0,0,State Route,State Patrol,Washington State Patrol,0,1,0,0,0,,,,,,0.0,1.0,2.0,,,,,,,,,,,98.0,98.0,98.0,0.0,,,,,20.0,,,,,,,,,1.0,0.0,,,,,,,98292,Lynnwood,Stanwood
3824,3917,3917,2021,491,EB93812,2.0,2021-11-25,15:52,25,11,,61,Snohomish,0,2,,1,2,2,1,0,8,5,,,,12,0,1,7.6,1,0,1,4,1,1,3,0,0,0,0,SR-532,,-122.2942583,48.236391667,0,3,98,62,4,55,4,0,0,1,2,12,1,1,3,1,1,1,1,53,0,49,43,2005,0,,12,12.0,,,,,1,1,46,1,0.0,,3,0,3,0,11,0,,,,,0.0,0.0,0.0,3.0,1,0,,,,96,,,,,,0,,,,,,98292,53,69.0,200.0,6.0,1.0,0.0,0.0,1.0,0.0,,0,,,,,,0,08/15/2017,08/15/2017,8,0,0,0,8.0,9,8,,,0,,,8,8,8.0,95.0,,,96.0,,,0,0,996.0,,,,,,,,,,,,,,,,,,,,,,,,,,,,,,0,0,0,0,0,0,0,0,0,0,0,0,1,1,0,0,0,0,0,0,0,0,0,0,0,0,0,0,0,1,0,0,0,0,0,,0,0,0,0,0,0,0,0,0,0,0,0,0,0,0,0,,,,,,46-50,46-55,State route,R,Thursday,Belt Used,PV,Not Fatal,0,0,0,0,State Route,State Patrol,Washington State Patrol,0,1,0,0,0,,,,,,0.0,0.0,0.0,,,,,,,,,,,98.0,98.0,98.0,0.0,,,,,20.0,,,,,,,,,1.0,0.0,,,,,,,98292,Stanwood,Stanwood
3825,3918,3918,2021,491,EB93812,2.0,2021-11-25,15:52,25,11,,61,Snohomish,0,2,,1,2,2,1,0,8,5,,,,12,0,1,7.6,1,0,1,4,1,1,3,0,0,0,0,SR-532,,-122.2942583,48.236391667,0,4,98,52,3,55,3,0,0,1,2,12,1,1,3,1,1,1,2,53,0,37,31,1991,0,,12,,,,,,1,1,39,1,0.0,,0,0,3,0,11,0,,,,,0.0,0.0,0.0,2.0,1,0,,,,96,,,,,,0,,,,,,98802,53,70.0,190.0,1.0,1.0,0.0,0.0,0.0,0.0,,0,,,,,,0,,,20,0,0,0,8.0,9,8,,,0,,,8,8,8.0,95.0,,,96.0,,,0,0,996.0,,,,,,,,,,,,,,,,,,,,,,,,,,,,,,0,0,0,0,0,0,0,0,0,0,0,0,1,1,0,0,0,0,0,0,0,0,0,0,0,0,0,0,0,1,0,0,0,0,0,,0,0,0,0,0,0,0,0,0,0,0,1,0,0,0,0,,,,,,36-40,36-45,State route,R,Thursday,Belt Used,PV,Not Fatal,0,0,0,0,State Route,State Patrol,Washington State Patrol,0,1,0,0,0,,,,,,0.0,0.0,0.0,,,,,,,,,,,0.0,0.0,0.0,0.0,,,,,20.0,,,,,,,,,1.0,0.0,,,,,,,98292,East Wenatchee,Stanwood
3826,3919,3919,2021,491,EB93812,2.0,2021-11-25,15:52,25,11,,61,Snohomish,0,2,,1,2,2,1,0,8,5,,,,12,0,1,7.6,1,0,1,4,1,1,3,0,0,0,0,SR-532,,-122.2942583,48.236391667,0,5,98,62,4,55,14,0,0,1,5,12,1,1,3,1,1,3,1,53,0,49,401,2001,0,,12,,,,,,1,1,31,1,0.0,,0,0,3,0,11,0,,,,,0.0,0.0,0.0,0.0,1,0,,,,96,,,,,,0,,,,,,98282,53,64.0,130.0,0.0,0.0,0.0,0.0,1.0,2.0,,0,,,,,,0,09/15/2019,01/15/2021,20,0,0,0,8.0,9,8,,,0,,,8,8,8.0,95.0,,,96.0,,,0,0,996.0,,,,,,,,,,,,,,,,,,,,,,,,,,,,,,0,0,0,0,0,0,0,0,0,0,0,0,1,1,0,0,0,0,0,0,0,0,0,0,0,0,0,0,0,1,0,0,0,0,0,,0,0,0,0,0,0,0,0,0,0,0,1,0,0,0,0,,,,,,31-35,26-35,State route,R,Thursday,Belt Used,PV,Not Fatal,0,0,0,0,State Route,State Patrol,Washington State Patrol,0,1,0,0,0,,,,,,0.0,0.0,0.0,,,,,,,,,,,98.0,98.0,98.0,0.0,,,,,20.0,,,,,,,,,1.0,0.0,,,,,,,98292,Camano Island,Stanwood
3827,3920,3920,2021,492,EB93792,290.0,2021-11-25,15:45,25,11,,53,Pierce,2230,2,,1,2,2,1,1,1,1,,,,8,0,0,0.0,1,0,1,7,2,4,6,0,0,0,0,E 56TH ST,,-122.4011667,47.206080556,0,1,13,80,5,98,6,0,0,1,5,8,1,1,8,1,1,1,1,53,0,12,24,2012,0,,8,,,,,,1,1,24,1,0.0,,0,0,99,7,11,0,,,,,0.0,0.0,0.0,3.0,1,0,,,,96,,,,,,0,,,,,,98404,53,72.0,195.0,6.0,1.0,0.0,0.0,0.0,1.0,,0,,,,,,0,04/15/2019,04/15/2019,20,0,0,0,8.0,9,8,,,0,,,8,8,2.0,1.0,,,1.0,,,8,95,995.0,,,,,,,,,,,,,,,,,,,,,,,,,,,,,,0,0,0,0,0,0,0,0,0,0,0,0,0,0,0,0,0,1,0,0,0,0,0,1,1,0,0,0,0,1,0,1,0,0,0,,0,0,0,0,0,0,0,0,0,0,0,0,0,0,0,0,,,,,,21-25,16-25,City street,U,Thursday,Unknown,PV,Not Fatal,0,0,0,0,City Street,Municipal/City Police,Tacoma Police Department,0,0,0,1,0,,,,,,0.0,0.0,0.0,,,,,,,,,,,98.0,98.0,98.0,0.0,,,,,20.0,,,,,,,,,1.0,0.0,,,,,,,98404,Tacoma,Tacoma