,index,Unnamed: 0,year,case,par,repjur,crash_dt,crash_tm,accday,accmon,holiday,county,co_char,city,weather,weather2,lightcond,surfcond,surftype,numfatal,nmforms,pforms,vforms,not_tm,arr_tm,hosp_tm,fhevent,hitrun,manncol,milepnt,reljunc,reljuncinter,intersectiontype,funcsystem,landuse,ownership,route,schlbus,spejur,contdev,devfunc,trafid1,trafid2,lon,lat,wk_zone,vnumber,crashtype,criticalevent,criticaleventcat,spdlim,body,trailer,emerg,hazcargo,leave,mhevent,roadalgn,roadprof,traflane,trafflow,vehmanvr,numoccs,regowner,regstate,spuse,make,model,modelyr,vrf1,vrf2,seqevent1,seqevent2,seqevent3,seqevent4,seqevent5,seqevent6,pnumber,ptype,age,sex,hispanic,race,injury,diedscene,restraint,restraintmisuse,seatpos,takehosp,death_dt,death_tm,cert,cernum_wa,commlic,licendor,licrestrict,liccomp,drivpres,drf1,drf2,drf3,drf4,distract1,distract2,distract3,distract4,distract5,distract6,dricond1,dricond2,dricond3,dricond4,dricond5,dricond6,dzip,licstate,drhgt_in,weight,noncdl,noncdltype,prevdwi,prevoth,prevacc,prevspd,prevsus,driviol1,driviol2,driviol3,driviol4,driviol5,driviol6,spdrel,first_dt,last_dt,airbag,ejection,ejectpath,extricat,injurwrk,methalc,methdrug,nmlocat,strikveh,prf1,prf2,prf3,druginv,alcinvol,drugsts,drugres1,drugres2,drugres3,drugtst1,drugtst2,drugtst3,alcsts,alctst,alcres,nmact1,nmact2,nmact3,nmact4,nmact5,nmact6,nmprior1,nmprior2,nmprior3,nmprior4,nmprior5,nmprior6,nmcond1,nmcond2,nmcond3,nmcond4,nmcond5,nmcond6,nmsafe_helmet,nmsafe_pads,nmsafe_oth,nmprev_ref,nmprev_lgt,nmprev_oth,crashlocation,nmcrashtype,crosswalk,schoolzone,sidewalk,train_inv,wildlife_inv,rotr_fars,intersect_fars,dd_inv,aid_inv,dpd_inv,id_inv,mj_inv,impnm_inv,ainm_inv,dpnm_inv,speed_inv,unlic_inv,unendmc_inv,drowsy_inv,drdist_inv,nmdist_inv,fty_inv,unrestfat_inv,dr1617_inv,dr1820_inv,dr1620_inv,dr2125_inv,dr1625_inv,dr65_inv,dr70_inv,dr75_inv,mc_inv,pv_inv,ht_inv,ped_inv,bike_inv,unrest_fat,mc_fat,unhelmet_mc,pv_fat,ht_fat,ped_fat,bike_fat,dr_alc7,dr_alc8,dr_drug,dr_imp,dr_dist,dr_spd,dr_fty,dr_unlic,dr_alc7only,dr_alc8only,dr_drugonly,dr_drink,nm_imp,nm_alc7,nm_alc8,nm_drug,nm_dist,agegrp1,agegrp2,roadclass,urbrur,dayweek,restuse,vehtype,race_me,intersect,lanedep,oppdir,wrongway,rep_typ,investag,repag_long,rotr,st_rd,cty_rd,city_rd,oth_rd,drug_thc,thc_res,drug_cthc,cthc_res,drug_cann,prevpersemin,prevperse,prevsusoth,drugtst4,drugtst5,drugtst6,drugtst7,drugtst8,drugres4,drugres5,drugres6,drugres7,drugres8,adspresent,adsengaged,adslevel,race1,race2,race3,race4,race5,helmet,helmetmisuse,nmdistract1,nmdistract2,nmdistract3,nmdistract4,nmdistract5,nmdistract6,lab,isedtcase,crf1,crf2,crf3,CoRoadName,CoMP,IntCoRoadName,IntCoMP,crashzip,dcity,crashcity
3828,3921,3921,2021,493,3876530,263.0,2021-09-09,23:51,9,9,,33,King,1960,1,,3,1,2,1,1,1,1,,,,8,1,0,29.1,2,0,3,2,2,1,3,0,0,0,0,SR-99,N 46TH ST,-122.3472583,47.662194444,0,1,13,80,5,40,34,0,0,1,2,8,1,8,2,3,1,1,2,53,0,7,472,2002,0,,8,,,,,,1,1,38,1,0.0,,0,0,99,7,11,0,,,,,0.0,0.0,3.0,2.0,1,0,,,,92,,,,,,9,,,,,,98133,53,68.0,190.0,2.0,1.0,0.0,2.0,0.0,1.0,,1,5.0,7.0,12.0,,,3,08/15/2021,07/15/2021,20,0,0,0,8.0,3,2,,,0,,,8,1,8.0,95.0,,,96.0,,,2,98,997.0,,,,,,,,,,,,,,,,,,,,,,,,,,,,,,0,0,0,1,1,0,0,0,0,1,1,1,1,1,0,0,1,0,0,0,0,0,0,0,0,0,0,0,0,1,0,1,0,0,0,,0,0,0,0,0,0,0,0,1,1,0,1,0,0,0,1,,,,,,36-40,36-45,State route,U,Thursday,Unknown,PV,Not Fatal,0,0,0,0,State Route,Municipal/City Police,Seattle Police Department,0,1,0,0,0,,,,,,0.0,0.0,1.0,,,,,,,,,,,98.0,98.0,98.0,0.0,,,,,20.0,,,,,,,,,1.0,0.0,,,,,,,98103,Seattle,Seattle
3829,3923,3923,2021,494,EB96130,5.0,2021-12-02,6:24,2,12,,15,Cowlitz,2570,10,,3,1,2,1,0,2,2,,,,12,0,7,20.8,1,0,1,1,2,1,1,0,0,0,0,I-5,,-122.7403722,45.901638889,0,2,45,60,4,70,4,0,0,1,2,3,1,1,3,3,1,1,1,53,0,49,32,2006,0,,12,64.0,38.0,24.0,67.0,35.0,1,1,44,1,4.0,,4,0,3,0,11,5,12/02/2021,17:38,237053063054.0,63054.0,0.0,0.0,0.0,3.0,1,58,,,,96,,,,,,98,,,,,,98625,53,60.0,140.0,6.0,1.0,0.0,0.0,0.0,0.0,,0,,,,,,0,,,1,0,0,0,0.0,9,8,,,0,,,8,8,2.0,1.0,,,1.0,,,2,1,0.0,,,,,,,,,,,,,,,,,,,,,,,,,,,,,,0,0,0,0,0,0,0,0,0,0,0,0,0,0,0,0,0,0,0,0,0,0,0,0,0,0,0,0,0,1,0,0,0,0,0,,1,0,0,0,0,0,0,0,0,0,0,0,0,0,0,0,,,,,,41-45,36-45,Interstate,U,Thursday,Belt Used,PV,Hispanic,0,0,0,0,State Route,State Patrol,Washington State Patrol,0,1,0,0,0,,,,,,0.0,0.0,0.0,,,,,,,,,,,98.0,98.0,98.0,298.0,,,,,20.0,,,,,,,,,1.0,0.0,,,,,,,98674,Kalama,Woodland
3830,3924,3924,2021,495,3895552,263.0,2021-09-15,0:16,15,9,,33,King,1960,10,,3,1,2,1,1,2,1,,,,8,0,0,0.0,1,0,1,3,2,4,6,0,0,0,0,4TH AVE S,,-122.3290944,47.580077778,0,1,13,80,5,30,3,0,0,1,2,8,1,1,2,2,1,2,2,53,0,30,47,2014,0,,8,,,,,,1,1,41,1,0.0,,0,0,1,0,11,0,,,,,0.0,0.0,0.0,3.0,1,0,,,,96,,,,,,9,,,,,,98178,53,67.0,150.0,6.0,1.0,0.0,0.0,0.0,0.0,,97,,,,,,0,,,20,0,0,0,8.0,9,8,,,0,,,8,1,8.0,95.0,,,96.0,,,2,98,997.0,,,,,,,,,,,,,,,,,,,,,,,,,,,,,,0,0,0,0,1,0,0,0,0,1,1,1,0,0,0,0,0,0,0,0,0,0,0,0,0,0,0,0,0,1,0,1,0,0,0,,0,0,0,0,0,0,0,0,0,0,0,0,0,0,0,1,,,,,,41-45,36-45,City street,U,Wednesday,Belt Used,PV,Not Fatal,0,0,0,0,City Street,Municipal/City Police,Seattle Police Department,0,0,0,1,0,,,,,,0.0,0.0,0.0,,,,,,,,,,,98.0,98.0,98.0,0.0,,,,,20.0,,,,,,,,,1.0,0.0,,,,,,,98134,Seattle,Seattle
3831,3925,3925,2021,497,EB77979,8.0,2021-10-14,3:04,14,10,,31,Jefferson,1720,10,,2,1,2,1,0,1,1,,,,42,0,0,298.6,1,0,1,3,1,1,2,0,0,0,0,US-101,,-122.9193194,47.774230556,0,1,7,13,2,55,14,0,0,1,2,42,3,1,2,1,14,1,2,41,0,12,402,2003,0,,63,69.0,68.0,64.0,42.0,,1,1,39,1,7.0,,4,0,20,7,11,0,10/21/2021,8:21,196053055422.0,55422.0,0.0,0.0,0.0,3.0,1,0,,,,96,,,,,,9,,,,,,97383,41,68.0,185.0,6.0,1.0,0.0,0.0,0.0,0.0,,0,,,,,,0,10/15/2019,10/15/2019,1,0,0,0,0.0,9,8,,,0,,,8,1,8.0,95.0,,,96.0,,,2,1,997.0,,,,,,,,,,,,,,,,,,,,,,,,,,,,,,0,0,0,0,1,0,0,0,0,0,0,0,0,0,0,0,0,0,0,1,0,0,0,0,0,0,0,0,0,1,0,0,0,1,0,,1,0,0,0,0,0,0,0,0,0,0,0,0,0,0,1,,,,,,36-40,36-45,US highway,R,Thursday,Not Used,PV,White,0,1,0,0,State Route,State Patrol,Washington State Patrol,1,1,0,0,0,,,,,,0.0,0.0,1.0,,,,,,,,,,,98.0,98.0,98.0,1.0,,,,,20.0,,,,,,,,,1.0,0.0,,,,,,,98320,Stayton,Brinnon
3832,3926,3926,2021,498,EB88818,278.0,2021-11-12,13:57,12,11,,63,Spokane,2110,2,,1,2,2,1,0,6,3,,,,12,0,2,,1,0,1,3,2,4,6,0,0,0,0,N NEVADA ST,,-117.3951556,47.686111111,0,1,50,10,2,30,34,0,0,1,5,12,1,2,4,1,1,2,2,53,0,12,471,1994,0,,68,12.0,12.0,,,,1,1,48,1,0.0,,3,0,99,7,11,0,,,,,0.0,0.0,0.0,0.0,1,26,,,,96,,,,,,98,,,,,,99208,53,77.0,225.0,0.0,0.0,0.0,1.0,0.0,3.0,,0,,,,,,0,08/15/2019,06/15/2020,20,0,0,0,8.0,9,8,,,0,,,8,8,8.0,95.0,,,96.0,,,0,0,996.0,,,,,,,,,,,,,,,,,,,,,,,,,,,,,,0,0,0,0,0,0,0,0,0,0,0,0,0,1,0,0,0,0,0,0,0,0,0,1,1,0,0,0,0,1,0,0,0,0,0,,0,0,0,0,0,0,0,0,0,0,0,1,0,0,0,0,,,,,,46-50,46-55,City street,U,Friday,Unknown,PV,Not Fatal,0,1,1,0,City Street,Municipal/City Police,Spokane Police Department,0,0,0,1,0,,,,,,0.0,0.0,0.0,,,,,,,,,,,0.0,0.0,0.0,0.0,,,,,20.0,,,,,,,,,1.0,0.0,,,,,,,99207,Spokane,Spokane
3833,3927,3927,2021,498,EB88818,278.0,2021-11-12,13:57,12,11,,63,Spokane,2110,2,,1,2,2,1,0,6,3,,,,12,0,2,,1,0,1,3,2,4,6,0,0,0,0,N NEVADA ST,,-117.3951556,47.686111111,0,2,98,53,3,30,4,0,0,1,5,12,1,2,4,1,2,2,2,53,0,37,31,2000,0,,12,,,,,,1,1,22,2,0.0,,0,0,3,0,11,0,,,,,0.0,0.0,0.0,3.0,1,0,,,,96,,,,,,0,,,,,,99202,53,66.0,130.0,6.0,1.0,0.0,0.0,0.0,0.0,,0,,,,,,0,,,20,0,0,0,8.0,9,8,,,0,,,8,8,8.0,95.0,,,96.0,,,0,0,996.0,,,,,,,,,,,,,,,,,,,,,,,,,,,,,,0,0,0,0,0,0,0,0,0,0,0,0,0,1,0,0,0,0,0,0,0,0,0,1,1,0,0,0,0,1,0,0,0,0,0,,0,0,0,0,0,0,0,0,0,0,0,0,0,0,0,0,,,,,,21-25,16-25,City street,U,Friday,Belt Used,PV,Not Fatal,0,1,1,0,City Street,Municipal/City Police,Spokane Police Department,0,0,0,1,0,,,,,,0.0,0.0,0.0,,,,,,,,,,,98.0,98.0,98.0,0.0,,,,,20.0,,,,,,,,,1.0,0.0,,,,,,,99207,Spokane,Spokane
3834,3928,3928,2021,498,EB88818,278.0,2021-11-12,13:57,12,11,,63,Spokane,2110,2,,1,2,2,1,0,6,3,,,,12,0,2,,1,0,1,3,2,4,6,0,0,0,0,N NEVADA ST,,-117.3951556,47.686111111,0,3,51,62,4,30,15,0,0,1,5,12,1,2,4,1,1,2,2,53,0,23,421,2003,0,,12,,,,,,1,1,26,1,0.0,,0,0,3,0,11,0,,,,,0.0,0.0,0.0,0.0,1,0,,,,96,,,,,,0,,,,,,99207,53,68.0,130.0,0.0,0.0,0.0,0.0,0.0,0.0,,0,,,,,,0,,,8,0,0,0,8.0,9,8,,,0,,,8,8,8.0,95.0,,,96.0,,,0,0,996.0,,,,,,,,,,,,,,,,,,,,,,,,,,,,,,0,0,0,0,0,0,0,0,0,0,0,0,0,1,0,0,0,0,0,0,0,0,0,1,1,0,0,0,0,1,0,0,0,0,0,,0,0,0,0,0,0,0,0,0,0,0,1,0,0,0,0,,,,,,26-30,26-35,City street,U,Friday,Belt Used,PV,Not Fatal,0,1,1,0,City Street,Municipal/City Police,Spokane Police Department,0,0,0,1,0,,,,,,0.0,0.0,0.0,,,,,,,,,,,98.0,98.0,98.0,0.0,,,,,20.0,,,,,,,,,1.0,0.0,,,,,,,99207,Spokane,Spokane
3835,3929,3929,2021,499,EB93692,55.0,2021-11-22,13:56,22,11,,33,King,100,10,,1,1,2,1,1,1,1,,,,8,0,0,,3,0,2,5,2,4,6,0,0,3,3,2ND ST SE,A St SE,-122.2286139,47.305586111,0,1,13,80,5,25,20,0,0,1,5,8,1,1,3,1,11,1,2,53,0,49,442,1999,0,,8,,,,,,1,1,41,1,0.0,,0,0,3,0,11,0,,,,,0.0,0.0,3.0,3.0,1,0,,,,97,,,,,,98,,,,,,98002,53,59.0,148.0,6.0,1.0,0.0,0.0,0.0,0.0,,0,,,,,,0,,,20,0,0,0,8.0,9,8,,,0,,,8,8,8.0,95.0,,,96.0,,,0,0,996.0,,,,,,,,,,,,,,,,,,,,,,,,,,,,,,0,0,0,1,0,0,0,0,0,0,0,0,0,0,0,0,1,0,0,0,0,0,0,0,0,0,0,0,0,1,0,1,0,0,0,,0,0,0,0,0,0,0,0,1,0,0,0,0,0,0,0,,,,,,41-45,36-45,City street,U,Monday,Belt Used,PV,Not Fatal,1,0,0,0,City Street,Municipal/City Police,Auburn Police Department,0,0,0,1,0,,,,,,0.0,0.0,0.0,,,,,,,,,,,0.0,0.0,0.0,0.0,,,,,20.0,,,,,,,,,1.0,0.0,,,,,,,98002,Auburn,Auburn
3836,3930,3930,2021,500,EB93943,250.0,2021-11-25,0:18,25,11,,5,Benton,1850,1,,3,1,2,1,0,3,2,,,,12,0,6,0.0,2,0,2,5,2,4,6,0,0,3,3,WILLIAMS BLVD,Stevens Dr,-119.2849667,46.285763889,0,1,98,98,7,30,80,0,0,1,2,12,1,1,4,1,1,1,1,53,0,37,706,2000,0,,12,,,,,,1,1,27,1,7.0,,4,0,20,7,11,5,11/25/2021,1:32,185053061041.0,61041.0,0.0,0.0,1.0,3.0,1,0,,,,96,,,,,,98,,,,,,99352,53,69.0,150.0,6.0,1.0,0.0,0.0,0.0,1.0,,0,,,,,,3,05/15/2018,05/15/2018,20,8,0,0,0.0,9,8,,,0,,,8,8,2.0,1.0,,,1.0,,,2,1,0.11,,,,,,,,,,,,,,,,,,,,,,,,,,,,,,0,0,0,1,1,1,0,1,0,0,0,0,1,0,0,0,1,0,0,0,0,0,0,0,0,0,0,0,1,1,0,0,0,0,1,0.0,0,0,0,0,0,1,0,1,0,1,0,0,0,1,0,1,,,,,,26-30,26-35,City street,U,Thursday,,MC,White,1,0,0,0,City Street,Municipal/City Police,Richland Police Department,0,0,0,1,0,,,,,,0.0,0.0,0.0,,,,,,,,,,,0.0,0.0,0.0,1.0,,,,,5.0,,,,,,,,,1.0,0.0,,,,,,,99354,Richland,Richland
3837,3931,3931,2021,500,EB93943,250.0,2021-11-25,0:18,25,11,,5,Benton,1850,1,,3,1,2,1,0,3,2,,,,12,0,6,0.0,2,0,2,5,2,4,6,0,0,3,3,WILLIAMS BLVD,Stevens Dr,-119.2849667,46.285763889,0,2,98,21,2,30,15,0,0,1,2,12,1,1,4,2,12,2,1,53,0,63,421,2009,0,,12,,,,,,1,1,26,2,0.0,,0,0,3,0,11,0,,,,,0.0,0.0,0.0,3.0,1,60,,,,92,,,,,,98,,,,,,99352,53,61.0,140.0,6.0,1.0,0.0,0.0,1.0,5.0,,0,,,,,,0,11/15/2019,04/15/2021,20,0,0,0,8.0,9,8,,,0,,,8,8,0.0,0.0,,,0.0,,,0,0,996.0,,,,,,,,,,,,,,,,,,,,,,,,,,,,,,0,0,0,1,1,1,0,1,0,0,0,0,1,0,0,0,1,0,0,0,0,0,0,0,0,0,0,0,1,1,0,0,0,0,0,,0,0,0,0,0,0,0,0,1,0,0,0,0,0,0,0,,,,,,26-30,26-35,City street,U,Thursday,Belt Used,PV,Not Fatal,1,0,0,0,City Street,Municipal/City Police,Richland Police Department,0,0,0,1,0,,,,,,0.0,0.0,0.0,,,,,,,,,,,98.0,98.0,98.0,0.0,,,,,20.0,,,,,,,,,1.0,0.0,,,,,,,99354,Richland,Richland
3838,3932,3932,2021,501,EB94286,7.0,2021-11-19,16:32,19,11,,33,King,109,10,,3,1,2,1,1,2,1,,,,8,1,0,9.3,19,1,1,1,2,1,1,0,0,0,0,I-405,,-122.1894056,47.558319444,0,1,98,98,7,60,4,0,0,1,5,8,1,1,3,3,1,2,2,53,0,59,35,2016,0,,63,8.0,,,,,1,1,19,1,0.0,,0,0,3,0,11,0,,,,,0.0,0.0,0.0,3.0,1,6,,,,96,,,,,,98,,,,,,98003,53,75.0,185.0,6.0,1.0,0.0,1.0,0.0,2.0,,97,,,,,,0,05/15/2020,09/15/2021,20,0,0,0,8.0,9,8,,,0,,,8,8,0.0,0.0,,,0.0,,,0,0,996.0,,,,,,,,,,,,,,,,,,,,,,,,,,,,,,0,0,0,0,0,0,0,0,0,0,0,0,0,0,0,0,0,0,0,0,0,1,1,0,1,0,0,0,0,1,0,1,0,0,0,,0,0,0,0,0,0,0,0,0,0,0,0,0,0,0,0,,,,,,18-20,16-25,Interstate,U,Friday,Belt Used,PV,Not Fatal,0,0,0,0,State Route,State Patrol,Washington State Patrol,0,1,0,0,0,,,,,,0.0,0.0,0.0,,,,,,,,,,,98.0,98.0,98.0,0.0,,,,,20.0,,,,,,,,,1.0,0.0,,,,,,,98006,Federal Way,Bellevue
3839,3933,3933,2021,502,EB94640,122.0,2021-11-26,15:55,26,11,,61,Snohomish,690,10,,5,1,2,2,0,3,2,,,,12,0,6,0.0,1,0,1,3,2,4,6,0,0,0,0,W MUKILTEO BLVD,,-122.2302556,47.956677778,0,1,68,15,2,35,4,0,0,1,2,12,3,2,2,1,11,2,1,53,0,37,31,2005,0,,68,12.0,,,,,1,1,85,1,7.0,,4,7,3,0,11,0,11/26/2021,15:55,69053061254.0,61254.0,0.0,0.0,3.0,3.0,1,28,,,,92,,,,,,98,,,,,,98201,53,66.0,180.0,6.0,1.0,0.0,0.0,1.0,0.0,,0,,,,,,0,08/15/2018,08/15/2018,20,0,0,0,0.0,9,8,,,0,,,8,8,2.0,996.0,996.0,,1.0,1.0,,2,1,0.0,,,,,,,,,,,,,,,,,,,,,,,,,,,,,,0,0,0,0,0,0,1,1,0,0,0,0,0,0,0,0,1,0,0,0,0,0,0,0,0,1,1,1,0,1,0,0,0,0,0,,1,0,0,0,0,0,1,1,1,0,0,0,0,0,1,0,,,,,,81+,76+,City street,U,Friday,Belt Used,PV,White,0,0,0,0,City Street,Municipal/City Police,Everett Police Department,0,0,0,1,0,,,,,,0.0,0.0,0.0,,,,,,,,,,,98.0,98.0,98.0,1.0,,,,,20.0,,,,,,,,,1.0,0.0,,,,,,,98203,Everett,Everett
3840,3934,3934,2021,502,EB94640,122.0,2021-11-26,15:55,26,11,,61,Snohomish,690,10,,5,1,2,2,0,3,2,,,,12,0,6,0.0,1,0,1,3,2,4,6,0,0,0,0,W MUKILTEO BLVD,,-122.2302556,47.956677778,0,2,69,62,4,35,15,0,0,1,2,12,2,2,2,1,14,1,1,53,0,20,421,2004,0,,12,,,,,,1,1,58,2,0.0,,3,0,3,0,11,0,,,,,0.0,0.0,3.0,3.0,1,0,,,,96,,,,,,0,,,,,,98201,53,68.0,340.0,6.0,1.0,0.0,0.0,0.0,0.0,,0,,,,,,0,,,1,0,0,0,8.0,9,8,,,0,,,8,8,8.0,95.0,,,96.0,,,8,95,995.0,,,,,,,,,,,,,,,,,,,,,,,,,,,,,,0,0,0,0,0,0,1,1,0,0,0,0,0,0,0,0,1,0,0,0,0,0,0,0,0,1,1,1,0,1,0,0,0,0,0,,0,0,0,0,0,0,0,0,0,0,0,0,0,0,0,0,,,,,,56-60,56-65,City street,U,Friday,Belt Used,PV,Not Fatal,0,0,0,0,City Street,Municipal/City Police,Everett Police Department,0,0,0,1,0,,,,,,0.0,0.0,0.0,,,,,,,,,,,98.0,98.0,98.0,0.0,,,,,20.0,,,,,,,,,1.0,0.0,,,,,,,98203,Everett,Everett
3841,3935,3935,2021,503,EB94672,290.0,2021-11-28,5:45,28,11,,53,Pierce,2230,10,,3,1,2,1,1,1,1,,,,8,1,0,,1,0,1,3,2,4,6,0,3,0,0,E PORTLAND AVE,,-122.4076722,47.216630556,0,1,13,80,5,35,34,0,0,1,5,8,1,2,5,5,1,99,1,53,0,12,481,2017,0,,8,,,,,,1,1,32,1,0.0,,9,0,99,7,11,0,,,,,0.0,0.0,3.0,2.0,1,0,,,,96,,,,,,9,,,,,,98445,53,71.0,200.0,1.0,1.0,0.0,1.0,0.0,0.0,,97,,,,,,0,04/15/2017,04/15/2017,99,9,0,0,8.0,9,8,,,0,,,8,1,2.0,1.0,,,1.0,,,2,1,0.18,,,,,,,,,,,,,,,,,,,,,,,,,,,,,,0,0,0,0,1,1,0,1,0,0,0,0,0,1,0,0,0,0,0,0,0,0,0,0,0,0,0,0,0,1,0,1,0,0,0,,0,0,0,0,0,1,0,1,0,0,0,1,0,1,0,1,,,,,,31-35,26-35,City street,U,Sunday,Unknown,PV,Not Fatal,0,0,0,0,City Street,Municipal/City Police,Tacoma Police Department,0,0,0,1,0,,,,,,0.0,0.0,0.0,,,,,,,,,,,98.0,98.0,98.0,0.0,,,,,20.0,,,,,,,,,1.0,0.0,,,,,,,98404,Tacoma,Tacoma
3842,3936,3936,2021,504,EB94814,122.0,2021-11-18,18:51,18,11,,61,Snohomish,690,2,,3,2,2,1,1,2,2,,,,8,0,0,,1,0,1,3,2,4,6,0,0,0,0,EVERGREEN WAY,,-122.2398,47.909369444,0,1,13,80,5,35,4,0,0,1,5,8,1,1,7,5,15,1,2,53,0,37,31,2003,0,,8,,,,,,1,1,50,1,0.0,,0,0,3,0,11,0,,,,,0.0,0.0,3.0,3.0,1,0,,,,96,,,,,,0,,,,,,98203,53,69.0,240.0,6.0,1.0,0.0,0.0,0.0,0.0,,0,,,,,,0,,,20,0,0,0,8.0,9,8,,,0,,,8,8,0.0,0.0,,,0.0,,,0,0,996.0,,,,,,,,,,,,,,,,,,,,,,,,,,,,,,0,0,0,0,0,0,0,0,0,1,0,1,0,0,0,0,0,0,0,0,0,0,0,0,0,0,0,0,0,1,0,1,0,0,0,,0,0,0,0,0,0,0,0,0,0,0,0,0,0,0,0,,,,,,46-50,46-55,City street,U,Thursday,Belt Used,PV,Not Fatal,0,0,0,0,City Street,Municipal/City Police,Everett Police Department,0,0,0,1,0,,,,,,0.0,0.0,0.0,,,,,,,,,,,98.0,98.0,98.0,0.0,,,,,20.0,,,,,,,,,1.0,0.0,,,,,,,98204,Everett,Everett
3843,3938,3938,2021,505,EB95002,40.0,2021-08-04,18:43,4,8,,63,Spokane,0,1,,1,1,2,1,0,3,1,,,,1,0,0,8.2,1,0,1,5,1,2,4,0,0,0,0,CR-S CHENEY SPOKANE RD,,-117.465875,47.575480556,0,1,7,9,1,45,4,0,0,1,2,1,3,1,2,1,14,3,1,53,0,59,35,2002,0,,68,64.0,1.0,35.0,38.0,42.0,1,1,19,1,0.0,,1,0,3,0,11,5,,,,,0.0,0.0,3.0,3.0,1,0,,,,96,,,,,,9,,,,,,99207,53,75.0,140.0,6.0,2.0,0.0,4.0,0.0,1.0,,0,,,,,,3,03/15/2018,06/15/2021,1,0,0,0,8.0,9,2,,,0,,,8,1,2.0,1.0,,,1.0,,,2,1,0.1,,,,,,,,,,,,,,,,,,,,,,,,,,,,,,0,0,0,0,1,1,0,1,0,0,0,0,1,0,0,0,0,0,0,0,0,1,1,0,1,0,0,0,0,1,0,0,0,0,0,,0,0,0,0,0,1,0,1,0,1,0,0,0,1,0,1,,,,,,18-20,16-25,County road,R,Wednesday,Belt Used,PV,Not Fatal,0,1,0,0,County Road,County Sheriff,Spokane County Sheriff's Office,1,0,1,0,0,,,,,,0.0,0.0,1.0,,,,,,,,,,,98.0,98.0,98.0,0.0,,,,,20.0,,,,,,,,,1.0,0.0,,,CHENEY-SPOKANE RD,8.2,,,99224,Spokane,Spokane
3844,3939,3939,2021,506,EB95293,269.0,2021-11-16,18:04,16,11,,33,King,2005,1,,3,2,2,1,0,6,3,,,,12,1,6,,2,0,2,5,2,4,6,0,0,3,3,LINDEN AVE N,N 185th St,-122.348525,47.763213889,0,1,88,17,2,25,14,0,0,1,2,12,1,1,3,5,1,1,2,53,0,55,404,2018,0,,12,,,,,,1,1,27,1,0.0,,0,0,99,7,11,0,,,,,0.0,0.0,0.0,3.0,1,38,,,,96,,,,,,9,,,,,,98203,53,68.0,135.0,6.0,1.0,0.0,1.0,1.0,0.0,,97,,,,,,3,10/15/2021,10/15/2021,8,0,0,0,8.0,9,2,,,0,,,1,8,2.0,401.0,151.0,417.0,1.0,1.0,1.0,2,1,0.0,,,,,,,,,,,,,,,,,,,,,,,,,,,,,,0,0,0,1,0,0,1,1,1,0,0,0,1,0,0,0,0,0,1,0,0,0,0,0,0,0,0,0,0,1,0,0,0,0,0,,0,0,0,0,0,0,1,1,0,1,1,0,0,0,1,0,,,,,,26-30,26-35,City street,U,Tuesday,Unknown,PV,Not Fatal,1,0,0,0,City Street,Municipal/City Police,Shoreline Police Department,0,0,0,1,0,,,carboxy-thc,12.0,,0.0,0.0,0.0,1.0,1.0,,,,996.0,695.0,,,,98.0,98.0,98.0,0.0,,,,,20.0,,,,,,,,,1.0,0.0,,,,,,,98133,Everett,Seattle
3845,3940,3940,2021,506,EB95293,269.0,2021-11-16,18:04,16,11,,33,King,2005,1,,3,2,2,1,0,6,3,,,,12,0,6,,2,0,2,5,2,4,6,0,0,3,3,LINDEN AVE N,N 185th St,-122.348525,47.763213889,0,2,89,66,4,30,5,0,0,1,2,12,1,1,5,5,1,3,1,53,0,20,39,2004,0,,12,12.0,,,,,1,1,45,2,7.0,,4,7,3,0,11,0,11/16/2021,18:04,200553058940.0,58940.0,0.0,0.0,0.0,3.0,1,0,,,,96,,,,,,0,,,,,,98177,53,63.0,150.0,6.0,1.0,0.0,0.0,0.0,0.0,,0,,,,,,0,,,1,0,0,0,0.0,9,8,,,0,,,8,8,2.0,1.0,,,1.0,,,2,1,0.0,,,,,,,,,,,,,,,,,,,,,,,,,,,,,,0,0,0,1,0,0,1,1,1,0,0,0,1,0,0,0,0,0,1,0,0,0,0,0,0,0,0,0,0,1,0,0,0,0,0,,1,0,0,0,0,0,0,0,0,0,0,0,0,0,0,0,,,,,,41-45,36-45,City street,U,Tuesday,Belt Used,PV,White,1,0,0,0,City Street,Municipal/City Police,Shoreline Police Department,0,0,0,1,0,,,,,,0.0,0.0,0.0,,,,,,,,,,,98.0,98.0,98.0,1.0,,,,,20.0,,,,,,,,,1.0,0.0,,,,,,,98133,Seattle,Seattle
3846,3941,3941,2021,506,EB95293,269.0,2021-11-16,18:04,16,11,,33,King,2005,1,,3,2,2,1,0,6,3,,,,12,0,6,,2,0,2,5,2,4,6,0,0,3,3,LINDEN AVE N,N 185th St,-122.348525,47.763213889,0,3,98,98,7,25,14,0,0,1,2,12,1,1,3,5,5,2,2,53,0,49,403,2010,0,,12,,,,,,1,1,51,2,0.0,,2,0,3,0,11,0,,,,,0.0,0.0,3.0,3.0,1,0,,,,96,,,,,,0,,,,,,98133,53,64.0,175.0,6.0,1.0,0.0,2.0,0.0,0.0,,0,,,,,,0,06/15/2018,07/15/2020,9,0,0,0,8.0,9,8,,,0,,,8,8,0.0,0.0,,,0.0,,,0,0,996.0,,,,,,,,,,,,,,,,,,,,,,,,,,,,,,0,0,0,1,0,0,1,1,1,0,0,0,1,0,0,0,0,0,1,0,0,0,0,0,0,0,0,0,0,1,0,0,0,0,0,,0,0,0,0,0,0,0,0,0,0,0,0,0,0,0,0,,,,,,51-55,46-55,City street,U,Tuesday,Belt Used,PV,Not Fatal,1,0,0,0,City Street,Municipal/City Police,Shoreline Police Department,0,0,0,1,0,,,,,,0.0,0.0,0.0,,,,,,,,,,,98.0,98.0,98.0,0.0,,,,,20.0,,,,,,,,,1.0,0.0,,,,,,,98133,Seattle,Seattle