,index,Unnamed: 0,year,case,par,repjur,crash_dt,crash_tm,accday,accmon,holiday,county,co_char,city,weather,weather2,lightcond,surfcond,surftype,numfatal,nmforms,pforms,vforms,not_tm,arr_tm,hosp_tm,fhevent,hitrun,manncol,milepnt,reljunc,reljuncinter,intersectiontype,funcsystem,landuse,ownership,route,schlbus,spejur,contdev,devfunc,trafid1,trafid2,lon,lat,wk_zone,vnumber,crashtype,criticalevent,criticaleventcat,spdlim,body,trailer,emerg,hazcargo,leave,mhevent,roadalgn,roadprof,traflane,trafflow,vehmanvr,numoccs,regowner,regstate,spuse,make,model,modelyr,vrf1,vrf2,seqevent1,seqevent2,seqevent3,seqevent4,seqevent5,seqevent6,pnumber,ptype,age,sex,hispanic,race,injury,diedscene,restraint,restraintmisuse,seatpos,takehosp,death_dt,death_tm,cert,cernum_wa,commlic,licendor,licrestrict,liccomp,drivpres,drf1,drf2,drf3,drf4,distract1,distract2,distract3,distract4,distract5,distract6,dricond1,dricond2,dricond3,dricond4,dricond5,dricond6,dzip,licstate,drhgt_in,weight,noncdl,noncdltype,prevdwi,prevoth,prevacc,prevspd,prevsus,driviol1,driviol2,driviol3,driviol4,driviol5,driviol6,spdrel,first_dt,last_dt,airbag,ejection,ejectpath,extricat,injurwrk,methalc,methdrug,nmlocat,strikveh,prf1,prf2,prf3,druginv,alcinvol,drugsts,drugres1,drugres2,drugres3,drugtst1,drugtst2,drugtst3,alcsts,alctst,alcres,nmact1,nmact2,nmact3,nmact4,nmact5,nmact6,nmprior1,nmprior2,nmprior3,nmprior4,nmprior5,nmprior6,nmcond1,nmcond2,nmcond3,nmcond4,nmcond5,nmcond6,nmsafe_helmet,nmsafe_pads,nmsafe_oth,nmprev_ref,nmprev_lgt,nmprev_oth,crashlocation,nmcrashtype,crosswalk,schoolzone,sidewalk,train_inv,wildlife_inv,rotr_fars,intersect_fars,dd_inv,aid_inv,dpd_inv,id_inv,mj_inv,impnm_inv,ainm_inv,dpnm_inv,speed_inv,unlic_inv,unendmc_inv,drowsy_inv,drdist_inv,nmdist_inv,fty_inv,unrestfat_inv,dr1617_inv,dr1820_inv,dr1620_inv,dr2125_inv,dr1625_inv,dr65_inv,dr70_inv,dr75_inv,mc_inv,pv_inv,ht_inv,ped_inv,bike_inv,unrest_fat,mc_fat,unhelmet_mc,pv_fat,ht_fat,ped_fat,bike_fat,dr_alc7,dr_alc8,dr_drug,dr_imp,dr_dist,dr_spd,dr_fty,dr_unlic,dr_alc7only,dr_alc8only,dr_drugonly,dr_drink,nm_imp,nm_alc7,nm_alc8,nm_drug,nm_dist,agegrp1,agegrp2,roadclass,urbrur,dayweek,restuse,vehtype,race_me,intersect,lanedep,oppdir,wrongway,rep_typ,investag,repag_long,rotr,st_rd,cty_rd,city_rd,oth_rd,drug_thc,thc_res,drug_cthc,cthc_res,drug_cann,prevpersemin,prevperse,prevsusoth,drugtst4,drugtst5,drugtst6,drugtst7,drugtst8,drugres4,drugres5,drugres6,drugres7,drugres8,adspresent,adsengaged,adslevel,race1,race2,race3,race4,race5,helmet,helmetmisuse,nmdistract1,nmdistract2,nmdistract3,nmdistract4,nmdistract5,nmdistract6,lab,isedtcase,crf1,crf2,crf3,CoRoadName,CoMP,IntCoRoadName,IntCoMP,crashzip,dcity,crashcity
3975,4073,4073,2021,606,EB24863,35.0,2021-04-24,23:33,24,4,,53,Pierce,0,2,,2,2,2,1,1,2,1,,,,8,0,0,4.0,1,0,1,3,2,2,4,0,0,0,0,CR-BROOKDALE RD E,,-122.3633111,47.112594444,0,1,13,80,5,35,6,0,0,1,2,8,1,1,2,1,1,2,2,53,0,51,43,2004,0,,8,,,,,,1,1,40,1,0.0,,0,0,3,0,11,0,,,,,0.0,0.0,3.0,3.0,1,0,,,,96,,,,,,98,,,,,,98439,53,71.0,165.0,6.0,1.0,0.0,0.0,0.0,0.0,,0,,,,,,0,,,20,0,0,0,8.0,9,8,,,0,,,8,8,8.0,95.0,,,96.0,,,8,95,995.0,,,,,,,,,,,,,,,,,,,,,,,,,,,,,,0,0,0,0,0,0,0,0,0,0,0,0,0,0,0,0,0,0,0,0,0,0,0,0,0,0,0,0,0,1,0,1,0,0,0,,0,0,0,0,0,0,0,0,0,0,0,0,0,0,0,0,,,,,,36-40,36-45,County road,U,Saturday,Belt Used,PV,Not Fatal,0,0,0,0,County Road,County Sheriff,Law Enforcement Support Agency,0,0,1,0,0,,,,,,0.0,0.0,0.0,,,,,,,,,,,98.0,98.0,98.0,0.0,,,,,20.0,,,,,,,,,1.0,0.0,,,BROOKDALE RD E,4.0,,,98446,Lakewood,Tacoma
3976,4074,4074,2021,607,EB28406,35.0,2021-05-07,22:50,7,5,,53,Pierce,0,1,,3,1,1,1,1,3,1,,,,8,0,0,5.0,1,0,1,3,2,2,4,0,0,0,0,CR-176TH ST E,,-122.3302222,47.096522222,0,1,13,80,5,45,4,0,0,1,2,8,1,1,2,2,1,3,2,53,0,55,33,2007,0,,8,,,,,,1,1,34,1,0.0,,0,0,3,0,11,0,,,,,0.0,0.0,0.0,3.0,1,0,,,,96,,,,,,98,,,,,,98446,53,72.0,155.0,6.0,1.0,0.0,0.0,0.0,0.0,,0,,,,,,0,,,20,0,0,0,8.0,9,8,,,0,,,8,8,8.0,95.0,,,96.0,,,8,95,995.0,,,,,,,,,,,,,,,,,,,,,,,,,,,,,,0,0,0,0,0,0,0,0,0,1,0,1,0,0,0,0,0,0,0,0,0,0,0,0,0,0,0,0,0,1,0,1,0,0,0,,0,0,0,0,0,0,0,0,0,0,0,0,0,0,0,0,,,,,,31-35,26-35,County road,U,Friday,Belt Used,PV,Not Fatal,0,0,0,0,County Road,County Sheriff,Law Enforcement Support Agency,0,0,1,0,0,,,,,,0.0,0.0,0.0,,,,,,,,,,,98.0,98.0,98.0,0.0,,,,,20.0,,,,,,,,,1.0,0.0,,,176 ST E,4.95,,,98375,Tacoma,Puyallup
3977,4075,4075,2021,608,EB39478,35.0,2021-06-15,6:12,15,6,,53,Pierce,0,10,,4,2,2,1,0,3,2,,,,12,0,2,4.0,1,0,1,3,2,2,4,0,0,0,0,CR-SPANAWAY LOOP RD S,,-122.4604417,47.145880556,0,1,50,10,2,40,34,0,0,1,2,12,2,1,2,1,14,1,2,53,0,7,472,1993,0,,68,12.0,,,,,1,1,33,1,7.0,,4,0,20,7,11,5,06/21/2021,6:08,223053030563.0,30563.0,0.0,0.0,0.0,3.0,1,28,,,,92,,,,,,98,,,,,,98404,53,69.0,188.0,6.0,1.0,0.0,3.0,1.0,2.0,,2,,,,,,0,05/15/2018,10/15/2021,20,0,0,0,0.0,9,8,,,0,,,8,8,2.0,996.0,401.0,417.0,1.0,1.0,1.0,2,1,0.0,,,,,,,,,,,,,,,,,,,,,,,,,,,,,,0,0,0,0,0,0,1,1,0,0,0,0,0,0,0,0,1,0,0,1,0,0,0,1,1,0,0,0,0,1,0,0,0,1,0,,1,0,0,0,0,0,1,1,1,0,0,0,0,0,1,0,,,,,,31-35,26-35,County road,U,Tuesday,Not Used,PV,White,0,1,1,0,County Road,County Sheriff,Law Enforcement Support Agency,0,0,1,0,0,,,,,,0.0,0.0,5.0,1.0,1.0,,,,151.0,996.0,,,,0.0,0.0,0.0,1.0,,,,,20.0,,,,,,,,,1.0,0.0,,,SPANAWAY LOOP RD S,4.03,,,98444,Tacoma,Tacoma
3978,4076,4076,2021,608,EB39478,35.0,2021-06-15,6:12,15,6,,53,Pierce,0,10,,4,2,2,1,0,3,2,,,,12,0,2,4.0,1,0,1,3,2,2,4,0,0,0,0,CR-SPANAWAY LOOP RD S,,-122.4604417,47.145880556,0,2,51,62,4,40,6,0,0,1,2,12,3,1,2,1,14,2,1,53,0,2,1,2020,0,,12,,,,,,1,1,23,2,0.0,,3,0,3,0,11,5,,,,,,,,,1,0,,,,96,,,,,,98,,,,,,nan,11,,,,,,,,,,0,,,,,,0,,,8,0,0,0,8.0,9,8,,,0,,,8,8,8.0,95.0,,,96.0,,,8,95,995.0,,,,,,,,,,,,,,,,,,,,,,,,,,,,,,0,0,0,0,0,0,1,1,0,0,0,0,0,0,0,0,1,0,0,1,0,0,0,1,1,0,0,0,0,1,0,0,0,0,0,,0,0,0,0,0,0,0,0,0,0,0,0,0,0,0,0,,,,,,21-25,16-25,County road,U,Tuesday,Belt Used,PV,Not Fatal,0,1,1,0,County Road,County Sheriff,Law Enforcement Support Agency,0,0,1,0,0,,,,,,,,,,,,,,,,,,,98.0,98.0,98.0,0.0,,,,,20.0,,,,,,,,,1.0,0.0,,,SPANAWAY LOOP RD S,4.03,,,98444,District of Columbia,Tacoma
3979,4077,4077,2021,609,EB44315,129.0,2021-06-24,12:39,24,6,,53,Pierce,0,1,,1,1,2,1,0,4,2,,,,12,0,6,0.0,2,0,2,5,2,2,6,0,3,20,3,68TH AVE E,10TH ST E,-122.3389444,47.248138889,0,1,88,17,2,30,20,0,0,1,2,12,1,2,2,1,4,1,3,53,0,12,444,2021,0,,12,,,,,,1,1,53,1,0.0,,1,0,3,0,11,0,,,,,0.0,0.0,0.0,3.0,1,38,,,,96,,,,,,98,,,,,,98003,53,69.0,200.0,6.0,1.0,0.0,0.0,0.0,0.0,,97,,,,,,0,,,8,0,0,0,8.0,9,8,,,0,,,8,8,0.0,0.0,,,0.0,,,0,0,996.0,,,,,,,,,,,,,,,,,,,,,,,,,,,,,,0,0,0,1,0,0,0,0,0,0,0,0,0,0,0,0,0,0,1,0,0,0,0,0,0,0,0,0,0,1,0,0,0,0,0,,0,0,0,0,0,0,0,0,0,0,1,0,0,0,0,0,,,,,,51-55,46-55,City street,U,Thursday,Belt Used,PV,Not Fatal,1,0,0,0,County Road,Municipal/City Police,Fife Police Department,0,0,1,0,0,,,,,,0.0,0.0,0.0,,,,,,,,,,,98.0,98.0,98.0,0.0,,,,,20.0,,,,,,,,,1.0,0.0,,,010 ST E,0.12,,,98424,Federal Way,Fife
3980,4078,4078,2021,609,EB44315,129.0,2021-06-24,12:39,24,6,,53,Pierce,0,1,,1,1,2,1,0,4,2,,,,12,0,6,0.0,2,0,2,5,2,2,6,0,3,20,3,68TH AVE E,10TH ST E,-122.3389444,47.248138889,0,2,89,66,4,30,14,0,0,1,2,12,1,2,2,1,4,3,2,53,0,49,403,2002,0,,12,63.0,35.0,,,,1,1,46,2,0.0,,1,0,3,0,11,0,,,,,0.0,0.0,3.0,3.0,1,0,,,,96,,,,,,98,,,,,,98023,53,64.0,128.0,6.0,1.0,0.0,0.0,0.0,1.0,,0,,,,,,0,05/15/2017,05/15/2017,20,0,0,0,8.0,9,8,,,0,,,8,8,0.0,0.0,,,0.0,,,0,0,996.0,,,,,,,,,,,,,,,,,,,,,,,,,,,,,,0,0,0,1,0,0,0,0,0,0,0,0,0,0,0,0,0,0,1,0,0,0,0,0,0,0,0,0,0,1,0,0,0,0,0,,0,0,0,0,0,0,0,0,0,0,0,0,0,0,0,0,,,,,,46-50,46-55,City street,U,Thursday,Belt Used,PV,Not Fatal,1,0,0,0,County Road,Municipal/City Police,Fife Police Department,0,0,1,0,0,,,,,,0.0,0.0,0.0,,,,,,,,,,,98.0,98.0,98.0,0.0,,,,,20.0,,,,,,,,,1.0,0.0,,,010 ST E,0.12,,,98424,Federal Way,Fife
3981,4079,4079,2021,610,EB45400,346.0,2021-06-29,18:08,29,6,,63,Spokane,0,1,,1,1,2,1,0,2,2,,,,12,0,6,,2,0,2,3,2,2,4,0,0,20,3,CR-N HARVARD RD,WELLESLEY AVE,-117.1117944,47.700377778,0,1,83,17,2,35,6,0,0,1,2,12,1,1,2,1,1,1,3,16,0,48,34,2004,0,,12,,,,,,1,1,81,1,7.0,,4,0,2,0,11,5,07/14/2021,10:30,211053034629.0,34629.0,0.0,0.0,3.0,3.0,1,10,39.0,,,0,,,,,,98,,,,,,99032,53,73.0,290.0,6.0,1.0,0.0,2.0,0.0,1.0,,37,,,,,,0,06/15/2018,08/15/2021,1,0,0,0,0.0,9,8,,,0,,,8,8,0.0,0.0,,,0.0,,,0,0,996.0,,,,,,,,,,,,,,,,,,,,,,,,,,,,,,0,0,0,1,0,0,0,0,0,0,0,0,0,0,0,0,0,0,0,0,0,0,0,0,0,1,1,1,0,1,0,0,0,0,0,,1,0,0,0,0,0,0,0,0,0,0,0,0,0,0,0,,,,,,81+,76+,County road,U,Tuesday,Belt Used,PV,White,1,0,0,0,County Road,Municipal/City Police,LIBERTY LAKE POLICE DEPT,0,0,1,0,0,,,,,,0.0,0.0,0.0,,,,,,,,,,,98.0,98.0,98.0,1.0,,,,,20.0,,,,,,,,,1.0,0.0,,,,,,,99027,Sprague,Otis Orchards
3982,4080,4080,2021,610,EB45400,346.0,2021-06-29,18:08,29,6,,63,Spokane,0,1,,1,1,2,1,0,2,2,,,,12,0,6,,2,0,2,3,2,2,4,0,0,20,3,CR-N HARVARD RD,WELLESLEY AVE,-117.1117944,47.700377778,0,2,82,66,4,35,14,0,0,1,2,12,1,1,2,1,11,1,1,53,0,49,403,2011,0,,12,,,,,,1,1,41,2,0.0,,2,0,3,0,11,6,,,,,0.0,0.0,0.0,3.0,1,0,,,,96,,,,,,98,,,,,,99019,53,62.0,140.0,6.0,1.0,0.0,0.0,0.0,0.0,,0,,,,,,0,,,8,0,0,0,8.0,9,8,,,0,,,8,8,0.0,0.0,,,0.0,,,0,0,996.0,,,,,,,,,,,,,,,,,,,,,,,,,,,,,,0,0,0,1,0,0,0,0,0,0,0,0,0,0,0,0,0,0,0,0,0,0,0,0,0,1,1,1,0,1,0,0,0,0,0,,0,0,0,0,0,0,0,0,0,0,0,0,0,0,0,0,,,,,,41-45,36-45,County road,U,Tuesday,Belt Used,PV,Not Fatal,1,0,0,0,County Road,Municipal/City Police,LIBERTY LAKE POLICE DEPT,0,0,1,0,0,,,,,,0.0,0.0,0.0,,,,,,,,,,,98.0,98.0,98.0,0.0,,,,,20.0,,,,,,,,,1.0,0.0,,,,,,,99027,Liberty Lake,Otis Orchards
3983,4081,4081,2021,611,EB97658,130.0,2021-11-28,6:18,28,11,,53,Pierce,750,1,,3,2,2,1,1,2,2,,,,14,0,0,0.0,1,0,1,5,2,4,6,0,0,0,0,CLAREMONT ST,,-122.5146472,47.224636111,0,1,11,98,7,25,6,0,0,1,2,14,1,1,2,1,1,2,1,53,0,7,21,2007,0,,14,8.0,,,,,1,1,24,8,0.0,,3,0,99,7,11,4,,,,,0.0,0.0,0.0,2.0,1,0,,,,96,,,,,,9,,,,,,98387,53,63.0,160.0,1.0,1.0,1.0,2.0,1.0,5.0,,97,,,,,,4,05/15/2018,12/15/2021,1,0,0,0,8.0,9,8,,,0,,,8,1,2.0,1.0,,,1.0,,,2,1,0.16,,,,,,,,,,,,,,,,,,,,,,,,,,,,,,0,0,0,0,1,1,0,1,0,0,0,0,1,1,0,0,0,0,0,0,0,0,0,1,1,0,0,0,0,1,0,1,0,0,0,,0,0,0,0,0,1,0,1,0,1,0,1,0,1,0,1,,,,,,21-25,16-25,City street,U,Sunday,Unknown,PV,Not Fatal,0,1,0,0,City Street,Municipal/City Police,Fircrest Police Department,1,0,0,1,0,,,,,,0.0,1.0,1.0,,,,,,,,,,,98.0,98.0,98.0,0.0,,,,,20.0,,,,,,,,,1.0,15.0,,,,,,,98466,Spanaway,Tacoma
3984,4082,4082,2021,612,EC05553,25.0,2021-12-15,19:26,15,12,,33,King,229,10,,3,2,2,1,0,3,3,,,,12,0,6,,2,0,2,3,2,4,6,0,0,3,3,1ST AVE S,S 136th St,-122.333825,47.4813,0,1,88,17,2,35,20,0,0,1,5,12,1,1,4,1,1,1,1,53,0,7,442,1996,0,,12,12.0,,,,,1,1,55,2,0.0,,0,0,3,0,11,0,,,,,0.0,0.0,0.0,3.0,1,39,,,,96,,,,,,98,,,,,,98125,53,66.0,126.0,6.0,1.0,0.0,0.0,0.0,0.0,,0,,,,,,0,,,8,0,0,0,8.0,9,8,,,0,,,8,8,2.0,996.0,605.0,,1.0,1.0,,2,1,0.0,,,,,,,,,,,,,,,,,,,,,,,,,,,,,,0,0,0,1,0,0,1,1,1,0,0,0,0,0,0,0,0,0,0,1,0,0,0,0,0,1,0,0,0,1,0,0,0,0,0,,0,0,0,0,0,0,1,1,0,0,0,0,0,0,1,0,,,,,,51-55,46-55,City street,U,Wednesday,Belt Used,PV,Not Fatal,1,0,0,0,City Street,County Sheriff,King County Police,0,0,0,1,0,,,carboxy-thc,18.0,,0.0,0.0,0.0,,,,,,,,,,,0.0,0.0,0.0,0.0,,,,,20.0,,,,,,,,,1.0,0.0,,,,,,,98168,Seattle,Seattle
3985,4083,4083,2021,612,EC05553,25.0,2021-12-15,19:26,15,12,,33,King,229,10,,3,2,2,1,0,3,3,,,,12,0,6,,2,0,2,3,2,4,6,0,0,3,3,1ST AVE S,S 136th St,-122.333825,47.4813,0,2,89,66,4,35,4,0,0,1,5,12,1,1,4,1,1,1,1,53,0,59,31,2001,0,,12,,,,,,1,1,69,2,7.0,,4,0,20,7,11,4,12/24/2021,3:09,196053068553.0,68553.0,0.0,0.0,0.0,3.0,1,0,,,,96,,,,,,0,,,,,,98168,53,68.0,130.0,6.0,1.0,0.0,0.0,0.0,0.0,,0,,,,,,0,,,8,0,0,0,0.0,9,8,,,0,,,8,8,8.0,95.0,,,96.0,,,8,95,995.0,,,,,,,,,,,,,,,,,,,,,,,,,,,,,,0,0,0,1,0,0,1,1,1,0,0,0,0,0,0,0,0,0,0,1,0,0,0,0,0,1,0,0,0,1,0,0,0,1,0,,1,0,0,0,0,0,0,0,0,0,0,0,0,0,0,0,,,,,,66-70,66-75,City street,U,Wednesday,Not Used,PV,White,1,0,0,0,City Street,County Sheriff,King County Police,0,0,0,1,0,,,,,,0.0,0.0,0.0,,,,,,,,,,,98.0,98.0,98.0,1.0,,,,,20.0,,,,,,,,,1.0,0.0,,,,,,,98168,Seattle,Seattle
3986,4084,4084,2021,612,EC05553,25.0,2021-12-15,19:26,15,12,,33,King,229,10,,3,2,2,1,0,3,3,,,,12,0,6,,2,0,2,3,2,4,6,0,0,3,3,1ST AVE S,S 136th St,-122.333825,47.4813,0,3,98,66,4,35,4,0,0,1,5,12,1,1,4,1,1,1,1,53,0,49,46,2002,0,,12,,,,,,1,1,69,1,0.0,,0,0,3,0,11,0,,,,,0.0,0.0,3.0,3.0,1,0,,,,96,,,,,,0,,,,,,98168,53,64.0,170.0,6.0,1.0,0.0,0.0,0.0,0.0,,0,,,,,,0,,,8,0,0,0,8.0,9,8,,,0,,,8,8,8.0,95.0,,,96.0,,,8,95,995.0,,,,,,,,,,,,,,,,,,,,,,,,,,,,,,0,0,0,1,0,0,1,1,1,0,0,0,0,0,0,0,0,0,0,1,0,0,0,0,0,1,0,0,0,1,0,0,0,0,0,,0,0,0,0,0,0,0,0,0,0,0,0,0,0,0,0,,,,,,66-70,66-75,City street,U,Wednesday,Belt Used,PV,Not Fatal,1,0,0,0,City Street,County Sheriff,King County Police,0,0,0,1,0,,,,,,0.0,0.0,0.0,,,,,,,,,,,98.0,98.0,98.0,0.0,,,,,20.0,,,,,,,,,1.0,0.0,,,,,,,98168,Seattle,Seattle
3987,4085,4085,2021,613,EB43049,171.0,2021-06-25,15:50,25,6,,33,King,1107,1,,1,1,2,1,0,4,2,,,,12,0,1,5.7,1,0,1,3,2,1,3,0,0,0,0,SR-522,,-122.2797861,47.752205556,0,1,28,52,3,40,80,0,0,1,2,12,8,8,6,1,1,1,2,6,0,72,706,2007,0,,12,,,,,,1,1,71,1,7.0,,4,0,20,7,11,5,07/24/2021,1:08,196053036738.0,36738.0,0.0,0.0,3.0,3.0,1,26,,,,96,,,,,,98,,,,,,95966,6,71.0,200.0,6.0,1.0,0.0,0.0,0.0,0.0,,0,,,,,,4,,,20,8,0,0,0.0,9,8,,,0,,,8,8,0.0,0.0,,,0.0,,,0,0,996.0,,,,,,,,,,,,,,,,,,,,,,,,,,,,,,0,0,0,0,0,0,0,0,0,0,0,0,1,0,0,0,0,0,0,0,0,0,0,0,0,1,1,0,1,1,0,0,0,0,1,0.0,0,0,0,0,0,0,0,0,0,1,0,0,0,0,0,0,,,,,,71-75,66-75,State route,U,Friday,,MC,White,0,0,0,0,State Route,Municipal/City Police,Lake Forest Park Police Department,0,1,0,0,0,,,,,,0.0,0.0,0.0,,,,,,,,,,,0.0,0.0,0.0,1.0,,,,,5.0,,,,,,,,,1.0,0.0,,,,,,,98155,Oroville,Seattle
3988,4086,4086,2021,613,EB43049,171.0,2021-06-25,15:50,25,6,,33,King,1107,1,,1,1,2,1,0,4,2,,,,12,0,1,5.7,1,0,1,3,2,1,3,0,0,0,0,SR-522,,-122.2797861,47.752205556,0,2,29,53,3,40,6,0,0,1,5,12,8,8,6,1,2,3,1,53,0,41,52,2010,0,,12,,,,,,1,1,47,2,0.0,,0,0,3,0,11,0,,,,,0.0,0.0,0.0,3.0,1,0,,,,96,,,,,,98,,,,,,98115,53,69.0,145.0,6.0,1.0,0.0,0.0,0.0,0.0,,0,,,,,,0,,,20,0,0,0,8.0,9,8,,,0,,,8,8,0.0,0.0,,,0.0,,,0,0,996.0,,,,,,,,,,,,,,,,,,,,,,,,,,,,,,0,0,0,0,0,0,0,0,0,0,0,0,1,0,0,0,0,0,0,0,0,0,0,0,0,1,1,0,1,1,0,0,0,0,0,,0,0,0,0,0,0,0,0,0,0,0,0,0,0,0,0,,,,,,46-50,46-55,State route,U,Friday,Belt Used,PV,Not Fatal,0,0,0,0,State Route,Municipal/City Police,Lake Forest Park Police Department,0,1,0,0,0,,,,,,0.0,0.0,0.0,,,,,,,,,,,98.0,98.0,98.0,0.0,,,,,20.0,,,,,,,,,1.0,0.0,,,,,,,98155,Seattle,Seattle
3989,4087,4087,2021,614,EB56748,213.0,2021-08-09,15:58,9,8,,33,King,532,1,,1,1,2,1,0,2,2,,,,12,0,2,24.5,1,0,1,3,2,1,3,0,0,0,0,SR-509,,-122.3325417,47.408358333,0,1,50,10,2,35,4,0,0,1,2,12,2,2,2,1,14,1,2,53,0,24,1,2002,0,,68,12.0,,,,,1,1,54,1,7.0,,4,0,99,7,11,5,08/22/2021,22:11,196053040976.0,40976.0,0.0,0.0,0.0,3.0,1,28,,,,96,,,,,,98,,,,,,85602,4,66.0,160.0,6.0,1.0,0.0,0.0,0.0,0.0,,0,,,,,,0,,,8,0,0,1,0.0,9,2,,,0,,,8,8,0.0,0.0,,,0.0,,,0,0,996.0,,,,,,,,,,,,,,,,,,,,,,,,,,,,,,0,0,0,0,0,0,0,0,0,0,0,0,0,0,0,0,0,0,0,0,0,0,0,0,0,0,0,0,0,1,0,0,0,0,0,,1,0,0,0,0,0,0,0,0,0,0,0,0,0,0,0,,,,,,51-55,46-55,State route,U,Monday,Unknown,PV,White,0,1,1,0,State Route,County Sheriff,Normandy Park Police Department,0,1,0,0,0,,,,,,0.0,0.0,0.0,,,,,,,,,,,98.0,98.0,98.0,1.0,,,,,20.0,,,,,,,,,1.0,0.0,,,,,,,98198,Benson,Seattle
3990,4088,4088,2021,614,EB56748,213.0,2021-08-09,15:58,9,8,,33,King,532,1,,1,1,2,1,0,2,2,,,,12,0,2,24.5,1,0,1,3,2,1,3,0,0,0,0,SR-509,,-122.3325417,47.408358333,0,2,51,62,4,35,4,0,0,1,2,12,3,2,2,1,14,1,1,53,0,42,48,2016,0,,12,,,,,,1,1,56,1,0.0,,1,0,3,0,11,0,,,,,0.0,0.0,0.0,3.0,1,0,,,,96,,,,,,98,,,,,,98023,53,70.0,170.0,6.0,1.0,0.0,0.0,1.0,0.0,,0,,,,,,0,09/15/2020,09/15/2020,8,0,0,0,8.0,9,2,,,0,,,8,8,0.0,0.0,,,0.0,,,0,0,996.0,,,,,,,,,,,,,,,,,,,,,,,,,,,,,,0,0,0,0,0,0,0,0,0,0,0,0,0,0,0,0,0,0,0,0,0,0,0,0,0,0,0,0,0,1,0,0,0,0,0,,0,0,0,0,0,0,0,0,0,0,0,0,0,0,0,0,,,,,,56-60,56-65,State route,U,Monday,Belt Used,PV,Not Fatal,0,1,1,0,State Route,County Sheriff,Normandy Park Police Department,0,1,0,0,0,,,,,,0.0,0.0,0.0,,,,,,,,,,,98.0,98.0,98.0,0.0,,,,,20.0,,,,,,,,,1.0,0.0,,,,,,,98198,Federal Way,Seattle
3991,4089,4089,2021,615,EA98151,263.0,2021-01-03,7:00,3,1,,33,King,1960,2,,3,2,2,1,0,1,1,,,,30,0,0,32.7,1,0,1,3,2,1,3,0,0,0,0,SR-99,,-122.3448556,47.715002778,0,1,1,13,2,35,14,0,0,1,5,30,1,2,2,1,1,1,2,53,0,20,401,2002,0,,63,30.0,,,,,1,1,56,2,7.0,,4,0,99,7,11,5,01/03/2021,8:48,196053006683.0,6683.0,0.0,0.0,0.0,2.0,1,0,,,,96,,,,,,1,,,,,,98133,53,64.0,140.0,1.0,1.0,0.0,1.0,0.0,0.0,,0,,,,,,0,05/15/2017,08/15/2019,8,0,0,0,0.0,9,8,,,0,,,8,8,2.0,407.0,402.0,167.0,1.0,1.0,1.0,2,1,0.0,,,,,,,,,,,,,,,,,,,,,,,,,,,,,,0,0,1,0,0,0,1,1,0,0,0,0,0,1,0,0,0,0,0,0,0,0,0,0,0,0,0,0,0,1,0,0,0,0,0,,1,0,0,0,0,0,1,1,0,0,0,1,0,0,1,0,,,,,,56-60,56-65,State route,U,Sunday,Unknown,PV,AIAN,0,1,0,0,State Route,Municipal/City Police,Seattle Police Department,1,1,0,0,0,,,,,,0.0,0.0,2.0,1.0,1.0,1.0,,,177.0,522.0,996.0,417.0,,98.0,98.0,98.0,3.0,,,,,20.0,,,,,,,,,1.0,0.0,,,,,,,98133,Seattle,Seattle
3992,4090,4090,2021,616,EA99060,2.0,2021-01-16,18:15,16,1,,57,Skagit,0,1,,3,1,2,1,0,1,1,,,,42,0,0,,1,0,1,7,1,2,4,0,0,0,0,CR-PACIFIC HWY,,-122.3189861,48.306861111,0,1,6,12,2,50,5,0,0,1,5,42,2,1,2,1,14,1,1,53,0,41,51,2014,0,,68,64.0,42.0,,,,1,1,73,1,7.0,,4,0,3,0,11,1,02/03/2021,3:10,196053006778.0,6778.0,6.0,0.0,0.0,3.0,1,0,,,,92,,,,,,98,,,,,,98274,53,73.0,185.0,6.0,1.0,0.0,0.0,0.0,0.0,,0,,,,,,0,,,8,0,0,0,0.0,9,8,,,0,,,9,9,0.0,0.0,,,0.0,,,0,0,996.0,,,,,,,,,,,,,,,,,,,,,,,,,,,,,,0,0,1,0,0,0,0,0,0,0,0,0,0,0,0,0,1,0,0,0,0,0,0,0,0,1,1,0,0,1,0,0,0,0,0,,1,0,0,0,0,0,0,0,1,0,0,0,0,0,0,0,,,,,,71-75,66-75,County road,R,Saturday,Belt Used,PV,White,0,1,0,0,County Road,State Patrol,Washington State Patrol,1,0,1,0,0,,,,,,0.0,0.0,0.0,,,,,,,,,,,98.0,98.0,98.0,1.0,,,,,20.0,,,,,,,,,1.0,0.0,,,PACIFIC HIGHWAY,0.023,,,98273,Mount Vernon,Mount Vernon
3993,4091,4091,2021,617,EB07358,248.0,2021-02-12,11:45,12,2,,33,King,1830,1,,1,1,2,1,0,1,1,,,,41,0,0,4.1,1,0,1,3,2,1,3,0,0,0,0,SR-900,,-122.1953056,47.502341667,0,1,1,8,1,40,4,0,0,1,2,41,2,3,4,1,14,1,1,53,0,13,1,1992,0,,63,41.0,,,,,1,1,81,1,7.0,,4,0,3,0,11,8,02/14/2021,2:50,183053008144.0,8144.0,0.0,0.0,0.0,0.0,1,0,,,,92,,,,,,98,,,,,,98056,53,68.0,200.0,0.0,0.0,0.0,2.0,2.0,0.0,,0,,,,,,0,07/15/2017,04/15/2017,8,0,0,0,0.0,9,8,,,0,,,8,8,2.0,1.0,,,1.0,,,2,1,0.0,,,,,,,,,,,,,,,,,,,,,,,,,,,,,,0,0,1,0,0,0,0,0,0,0,0,0,0,1,0,0,1,0,0,0,0,0,0,0,0,1,1,1,0,1,0,0,0,0,0,,1,0,0,0,0,0,0,0,1,0,0,1,0,0,0,0,,,,,,81+,76+,State route,U,Friday,Belt Used,PV,White,1,0,0,0,State Route,Municipal/City Police,Renton Police Department,0,1,0,0,0,,,,,,0.0,0.0,2.0,,,,,,,,,,,0.0,0.0,0.0,1.0,,,,,20.0,,,,,,,,,1.0,0.0,,,,,,,98056,Renton,Renton