,index,Unnamed: 0,year,case,par,repjur,crash_dt,crash_tm,accday,accmon,holiday,county,co_char,city,weather,weather2,lightcond,surfcond,surftype,numfatal,nmforms,pforms,vforms,not_tm,arr_tm,hosp_tm,fhevent,hitrun,manncol,milepnt,reljunc,reljuncinter,intersectiontype,funcsystem,landuse,ownership,route,schlbus,spejur,contdev,devfunc,trafid1,trafid2,lon,lat,wk_zone,vnumber,crashtype,criticalevent,criticaleventcat,spdlim,body,trailer,emerg,hazcargo,leave,mhevent,roadalgn,roadprof,traflane,trafflow,vehmanvr,numoccs,regowner,regstate,spuse,make,model,modelyr,vrf1,vrf2,seqevent1,seqevent2,seqevent3,seqevent4,seqevent5,seqevent6,pnumber,ptype,age,sex,hispanic,race,injury,diedscene,restraint,restraintmisuse,seatpos,takehosp,death_dt,death_tm,cert,cernum_wa,commlic,licendor,licrestrict,liccomp,drivpres,drf1,drf2,drf3,drf4,distract1,distract2,distract3,distract4,distract5,distract6,dricond1,dricond2,dricond3,dricond4,dricond5,dricond6,dzip,licstate,drhgt_in,weight,noncdl,noncdltype,prevdwi,prevoth,prevacc,prevspd,prevsus,driviol1,driviol2,driviol3,driviol4,driviol5,driviol6,spdrel,first_dt,last_dt,airbag,ejection,ejectpath,extricat,injurwrk,methalc,methdrug,nmlocat,strikveh,prf1,prf2,prf3,druginv,alcinvol,drugsts,drugres1,drugres2,drugres3,drugtst1,drugtst2,drugtst3,alcsts,alctst,alcres,nmact1,nmact2,nmact3,nmact4,nmact5,nmact6,nmprior1,nmprior2,nmprior3,nmprior4,nmprior5,nmprior6,nmcond1,nmcond2,nmcond3,nmcond4,nmcond5,nmcond6,nmsafe_helmet,nmsafe_pads,nmsafe_oth,nmprev_ref,nmprev_lgt,nmprev_oth,crashlocation,nmcrashtype,crosswalk,schoolzone,sidewalk,train_inv,wildlife_inv,rotr_fars,intersect_fars,dd_inv,aid_inv,dpd_inv,id_inv,mj_inv,impnm_inv,ainm_inv,dpnm_inv,speed_inv,unlic_inv,unendmc_inv,drowsy_inv,drdist_inv,nmdist_inv,fty_inv,unrestfat_inv,dr1617_inv,dr1820_inv,dr1620_inv,dr2125_inv,dr1625_inv,dr65_inv,dr70_inv,dr75_inv,mc_inv,pv_inv,ht_inv,ped_inv,bike_inv,unrest_fat,mc_fat,unhelmet_mc,pv_fat,ht_fat,ped_fat,bike_fat,dr_alc7,dr_alc8,dr_drug,dr_imp,dr_dist,dr_spd,dr_fty,dr_unlic,dr_alc7only,dr_alc8only,dr_drugonly,dr_drink,nm_imp,nm_alc7,nm_alc8,nm_drug,nm_dist,agegrp1,agegrp2,roadclass,urbrur,dayweek,restuse,vehtype,race_me,intersect,lanedep,oppdir,wrongway,rep_typ,investag,repag_long,rotr,st_rd,cty_rd,city_rd,oth_rd,drug_thc,thc_res,drug_cthc,cthc_res,drug_cann,prevpersemin,prevperse,prevsusoth,drugtst4,drugtst5,drugtst6,drugtst7,drugtst8,drugres4,drugres5,drugres6,drugres7,drugres8,adspresent,adsengaged,adslevel,race1,race2,race3,race4,race5,helmet,helmetmisuse,nmdistract1,nmdistract2,nmdistract3,nmdistract4,nmdistract5,nmdistract6,lab,isedtcase,crf1,crf2,crf3,CoRoadName,CoMP,IntCoRoadName,IntCoMP,crashzip,dcity,crashcity
3994,4092,4092,2021,618,EB27254,330.0,2021-05-02,19:57,2,5,,77,Yakima,2590,1,,1,1,2,1,0,2,2,,,,12,0,6,0.0,2,0,3,7,2,4,6,0,0,0,0,E MAPLE ST,S 8th St,-120.492325,46.598427778,0,1,68,15,2,25,4,0,0,1,5,12,1,1,2,1,11,1,2,53,0,48,38,2003,0,,12,,,,,,1,1,17,1,0.0,,0,0,3,0,11,0,,,,,0.0,0.0,0.0,3.0,1,38,,,,96,,,,,,98,,,,,,98901,53,68.0,180.0,6.0,1.0,0.0,0.0,0.0,0.0,,2,46.0,,,,,0,,,20,0,0,0,8.0,9,8,,,0,,,9,9,2.0,1.0,,,1.0,,,2,1,0.0,,,,,,,,,,,,,,,,,,,,,,,,,,,,,,0,0,0,1,0,0,0,0,0,0,0,0,0,0,0,0,0,0,1,0,1,0,1,1,1,0,0,0,1,1,0,0,0,0,0,,0,0,0,0,0,0,0,0,0,0,1,0,0,0,0,0,,,,,,16-17,16-25,City street,U,Sunday,Belt Used,PV,Not Fatal,1,0,0,0,City Street,Municipal/City Police,Yakima Police Department,0,0,0,1,0,,,,,,0.0,0.0,0.0,,,,,,,,,,,98.0,98.0,98.0,0.0,,,,,20.0,,,,,,,,,1.0,0.0,,,,,,,98901,Yakima,Yakima
3995,4093,4093,2021,618,EB27254,330.0,2021-05-02,19:57,2,5,,77,Yakima,2590,1,,1,1,2,1,0,2,2,,,,12,0,6,0.0,2,0,3,7,2,4,6,0,0,0,0,E MAPLE ST,S 8th St,-120.492325,46.598427778,0,2,69,62,4,25,83,0,0,1,5,12,1,1,2,1,1,1,9,99,0,37,701,9999,0,,12,,,,,,1,1,23,1,1.0,,4,0,20,7,11,0,05/03/2021,9:31,196053022295.0,22295.0,0.0,0.0,0.0,3.0,1,0,,,,96,,,,,,98,,,,,,98901,53,63.0,145.0,6.0,1.0,0.0,4.0,1.0,2.0,,93,,,,,,0,08/15/2017,11/15/2019,20,8,0,0,0.0,9,8,,,0,,,9,9,0.0,0.0,,,0.0,,,0,0,996.0,,,,,,,,,,,,,,,,,,,,,,,,,,,,,,0,0,0,1,0,0,0,0,0,0,0,0,0,0,0,0,0,0,1,0,1,0,1,1,1,0,0,0,1,1,0,0,0,0,1,1.0,0,0,0,0,0,0,0,0,0,0,0,0,0,0,0,0,,,,,,21-25,16-25,City street,U,Sunday,,MC,Hispanic,1,0,0,0,City Street,Municipal/City Police,Yakima Police Department,0,0,0,1,0,,,,,,0.0,0.0,6.0,,,,,,,,,,,0.0,0.0,0.0,98.0,,,,,17.0,,,,,,,,,1.0,0.0,,,,,,,98901,Yakima,Yakima
3996,4094,4094,2021,619,EB31034,248.0,2021-05-17,17:15,17,5,,33,King,1830,2,,1,2,2,1,1,2,1,,,,8,0,0,0.0,3,0,3,3,2,4,6,0,0,0,0,SE CARR RD,103RD AVE SE,-122.2036056,47.442933333,0,1,13,80,5,35,14,0,0,1,5,8,8,8,4,1,1,2,1,53,0,34,402,2020,0,,8,,,,,,1,1,55,1,0.0,,0,0,3,0,11,0,,,,,0.0,0.0,3.0,3.0,1,0,,,,96,,,,,,98,,,,,,98057,53,76.0,160.0,6.0,1.0,0.0,0.0,0.0,0.0,,0,,,,,,0,,,20,0,0,0,8.0,9,8,,,0,,,8,8,0.0,0.0,,,0.0,,,0,0,996.0,,,,,,,,,,,,,,,,,,,,,,,,,,,,,,0,0,0,1,0,0,0,0,0,0,0,0,0,0,0,0,0,0,0,0,0,0,0,0,0,0,0,0,0,1,0,1,0,0,0,,0,0,0,0,0,0,0,0,0,0,0,0,0,0,0,0,,,,,,51-55,46-55,City street,U,Monday,Belt Used,PV,Not Fatal,1,0,0,0,City Street,Municipal/City Police,Renton Police Department,0,0,0,1,0,,,,,,0.0,0.0,0.0,,,,,,,,,,,98.0,98.0,98.0,0.0,,,,,20.0,,,,,,,,,1.0,0.0,,,,,,,98055,Renton,Renton
3997,4095,4095,2021,620,EB31981,298.0,2021-05-13,15:03,13,5,,67,Thurston,2320,1,,1,1,2,1,0,2,2,,,,12,0,2,0.0,8,0,1,4,2,4,6,0,0,0,0,HENDERSON BLVD SE,,-122.8809889,47.003086111,0,1,68,15,2,35,14,0,0,1,2,12,1,1,4,1,11,1,1,53,0,49,402,2018,0,,12,,,,,,1,1,68,2,0.0,,2,0,3,0,11,0,,,,,0.0,0.0,0.0,3.0,1,10,38.0,48.0,,0,,,,,,98,,,,,,98501,53,64.0,143.0,6.0,1.0,0.0,0.0,0.0,0.0,,49,,,,,,0,,,8,0,0,0,8.0,9,8,,,0,,,8,8,8.0,95.0,,,96.0,,,8,95,995.0,,,,,,,,,,,,,,,,,,,,,,,,,,,,,,0,0,0,0,1,0,1,1,0,0,0,0,0,0,0,0,0,0,1,0,0,0,0,0,0,1,0,0,1,1,0,0,0,0,0,,0,0,0,0,0,0,0,0,0,0,1,0,0,0,0,0,,,,,,66-70,66-75,City street,U,Thursday,Belt Used,PV,Not Fatal,0,0,0,0,City Street,Municipal/City Police,Tumwater Police Department,0,0,0,1,0,,,,,,0.0,0.0,0.0,,,,,,,,,,,98.0,98.0,98.0,0.0,,,,,20.0,,,,,,,,,1.0,0.0,,,,,,,98501,Olympia,Olympia
3998,4096,4096,2021,620,EB31981,298.0,2021-05-13,15:03,13,5,,67,Thurston,2320,1,,1,1,2,1,0,2,2,,,,12,0,2,0.0,8,0,1,4,2,4,6,0,0,0,0,HENDERSON BLVD SE,,-122.8809889,47.003086111,0,2,69,62,4,35,80,0,0,1,2,12,1,1,4,1,1,1,1,53,0,76,706,1999,0,,12,,,,,,1,1,69,1,7.0,,4,0,20,7,11,1,05/17/2021,8:45,196053025236.0,25236.0,0.0,0.0,0.0,3.0,1,0,,,,96,,,,,,98,,,,,,98512,53,69.0,200.0,6.0,1.0,0.0,0.0,0.0,0.0,,0,,,,,,0,,,20,8,0,0,0.0,9,8,,,0,,,8,8,2.0,348.0,189.0,996.0,1.0,1.0,1.0,2,1,0.052,,,,,,,,,,,,,,,,,,,,,,,,,,,,,,0,0,0,0,1,0,1,1,0,0,0,0,0,0,0,0,0,0,1,0,0,0,0,0,0,1,0,0,1,1,0,0,0,0,1,1.0,0,0,0,0,1,0,1,1,0,0,0,0,0,0,0,1,,,,,,66-70,66-75,City street,U,Thursday,,MC,White,0,0,0,0,City Street,Municipal/City Police,Tumwater Police Department,0,0,0,1,0,,,,,,0.0,0.0,0.0,1.0,,,,,522.0,,,,,0.0,0.0,0.0,1.0,,,,,16.0,,,,,,,,,1.0,0.0,,,,,,,98501,Olympia,Olympia
3999,4097,4097,2021,621,EB33439,330.0,2021-05-24,13:24,24,5,,77,Yakima,2590,1,,1,1,2,1,1,2,1,,,,8,0,0,0.0,3,0,2,4,2,4,6,0,0,3,3,TIETON DR,S 40th Ave,-120.5619444,46.592686111,0,1,13,16,2,35,14,0,0,1,2,8,1,1,5,1,10,2,2,53,0,12,401,2001,0,,8,,,,,,1,1,64,1,0.0,,0,0,3,0,11,0,,,,,0.0,0.0,0.0,3.0,1,10,38.0,,,0,,,,,,98,,,,,,98902,53,72.0,170.0,6.0,1.0,0.0,0.0,0.0,0.0,,97,,,,,,0,,,20,0,0,0,8.0,9,8,,,0,,,8,8,0.0,0.0,,,0.0,,,0,0,996.0,,,,,,,,,,,,,,,,,,,,,,,,,,,,,,0,0,0,1,0,0,0,0,0,0,0,0,0,0,0,0,0,0,1,0,0,0,0,0,0,0,0,0,0,1,0,1,0,0,0,,0,0,0,0,0,0,0,0,0,0,1,0,0,0,0,0,,,,,,61-65,56-65,City street,U,Monday,Belt Used,PV,Not Fatal,1,0,0,0,City Street,Municipal/City Police,Yakima Police Department,0,0,0,1,0,,,,,,0.0,0.0,0.0,,,,,,,,,,,98.0,98.0,98.0,0.0,,,,,20.0,,,,,,,,,1.0,0.0,,,,,,,98908,Yakima,Yakima
4000,4098,4098,2021,622,EB35062,25.0,2021-05-29,20:32,29,5,,33,King,0,1,,3,1,2,1,0,2,2,,,,12,0,7,0.3,1,0,1,4,2,2,4,0,0,0,0,CR-244TH AVE SE,,-122.0163722,47.183505556,0,1,44,51,3,35,80,0,0,1,2,12,1,1,2,1,6,1,1,53,0,37,705,2002,0,,12,68.0,64.0,67.0,53.0,,1,1,61,1,7.0,,4,0,20,7,11,5,06/08/2021,18:31,196053027502.0,27502.0,0.0,0.0,0.0,3.0,1,33,,,,96,,,,,,98,,,,,,98022,53,66.0,140.0,6.0,1.0,0.0,0.0,0.0,0.0,,0,,,,,,4,,,20,8,0,0,0.0,9,8,,,0,,,8,8,8.0,95.0,,,96.0,,,8,95,995.0,,,,,,,,,,,,,,,,,,,,,,,,,,,,,,0,0,0,0,0,0,0,0,0,0,0,0,1,0,0,0,0,0,0,0,1,0,1,0,1,0,0,0,1,1,0,0,0,0,1,0.0,0,0,0,0,0,0,0,0,0,1,0,0,0,0,0,0,,,,,,61-65,56-65,County road,U,Saturday,,MC,White,0,0,0,0,County Road,County Sheriff,King County Police,0,0,1,0,0,,,,,,0.0,0.0,0.0,,,,,,,,,,,0.0,0.0,0.0,1.0,,,,,5.0,,,,,,,,,1.0,0.0,,,244 AVE SE,0.294,,,98022,Enumclaw,Enumclaw
4001,4099,4099,2021,622,EB35062,25.0,2021-05-29,20:32,29,5,,33,King,0,1,,3,1,2,1,0,2,2,,,,12,0,7,0.3,1,0,1,4,2,2,4,0,0,0,0,CR-244TH AVE SE,,-122.0163722,47.183505556,0,2,45,98,7,35,4,0,0,1,5,12,1,1,2,1,1,1,2,53,0,55,35,2009,0,,12,,,,,,1,1,17,2,0.0,,0,0,3,0,11,0,,,,,0.0,0.0,3.0,3.0,1,0,,,,96,,,,,,98,,,,,,98042,53,67.0,145.0,6.0,2.0,0.0,0.0,0.0,0.0,,0,,,,,,0,,,20,0,0,0,8.0,9,8,,,0,,,8,8,8.0,95.0,,,96.0,,,8,95,995.0,,,,,,,,,,,,,,,,,,,,,,,,,,,,,,0,0,0,0,0,0,0,0,0,0,0,0,1,0,0,0,0,0,0,0,1,0,1,0,1,0,0,0,1,1,0,0,0,0,0,,0,0,0,0,0,0,0,0,0,0,0,0,0,0,0,0,,,,,,16-17,16-25,County road,U,Saturday,Belt Used,PV,Not Fatal,0,0,0,0,County Road,County Sheriff,King County Police,0,0,1,0,0,,,,,,0.0,0.0,0.0,,,,,,,,,,,98.0,98.0,98.0,0.0,,,,,20.0,,,,,,,,,1.0,0.0,,,244 AVE SE,0.294,,,98022,Kent,Enumclaw
4002,4100,4100,2021,623,3890344,263.0,2021-06-15,16:04,15,6,,33,King,1960,1,,1,1,2,1,0,1,1,,,,33,0,0,0.0,1,0,1,4,2,4,6,0,0,0,0,MARTIN LUTHER KING JR WAY S,,-122.2976833,47.595180556,0,1,6,8,1,25,14,0,0,1,2,39,1,2,3,5,1,1,1,53,0,35,404,2020,0,,68,64.0,33.0,39.0,,,1,1,91,1,7.0,,4,0,3,0,11,5,07/03/2021,7:41,196053034064.0,34064.0,0.0,0.0,0.0,2.0,1,0,,,,92,,,,,,1,,,,,,98101,53,71.0,180.0,1.0,1.0,0.0,0.0,0.0,0.0,,97,,,,,,0,,,8,0,0,0,0.0,9,8,,,0,,,8,8,0.0,0.0,,,0.0,,,0,0,996.0,,,,,,,,,,,,,,,,,,,,,,,,,,,,,,0,0,1,0,0,0,0,0,0,0,0,0,0,1,0,0,1,0,0,0,0,0,0,0,0,1,1,1,0,1,0,0,0,0,0,,1,0,0,0,0,0,0,0,1,0,0,1,0,0,0,0,,,,,,81+,76+,City street,U,Tuesday,Belt Used,PV,Black,0,1,0,0,City Street,Municipal/City Police,Seattle Police Department,1,0,0,1,0,,,,,,0.0,0.0,0.0,,,,,,,,,,,98.0,98.0,98.0,2.0,,,,,20.0,,,,,,,,,1.0,0.0,,,,,,,98144,Seattle,Seattle
4003,4101,4101,2021,624,EB52044,57.0,2021-07-26,9:59,26,7,,11,Clark,107,1,,1,1,2,1,0,4,3,,,,12,0,1,8.6,1,0,1,2,2,1,3,0,0,50,3,SR-503,,-122.5474778,45.791091667,0,1,28,52,3,55,63,0,0,1,2,12,8,8,2,1,1,1,3,53,0,85,881,2007,0,,12,,,,,,1,1,57,1,0.0,,0,0,3,0,11,0,,,,,6.0,3.0,0.0,3.0,1,0,,,,92,,,,,,98,,,,,,98329,53,72.0,250.0,6.0,1.0,0.0,0.0,0.0,0.0,,97,,,,,,0,,,20,0,0,0,8.0,2,3,,,0,,,8,0,0.0,0.0,,,0.0,,,2,10,0.0,,,,,,,,,,,,,,,,,,,,,,,,,,,,,,0,0,0,0,0,0,0,0,0,0,0,0,0,0,0,0,1,0,0,0,1,0,1,0,1,0,0,0,0,1,1,0,0,0,0,,0,0,0,0,0,0,0,0,1,0,0,0,0,0,0,0,,,,,,56-60,56-65,State route,U,Monday,,MHTRUCK,Not Fatal,1,0,0,0,State Route,Municipal/City Police,Battleground Police Department,0,1,0,0,0,,,,,,0.0,0.0,0.0,,,,,,,,,,,98.0,98.0,98.0,0.0,,,,,20.0,,,,,,,,,1.0,0.0,,,,,,,98604,Gig Harbor,Battle Ground
4004,4102,4102,2021,624,EB52044,57.0,2021-07-26,9:59,26,7,,11,Clark,107,1,,1,1,2,1,0,4,3,,,,12,0,1,8.6,1,0,1,2,2,1,3,0,0,50,3,SR-503,,-122.5474778,45.791091667,0,2,29,53,3,55,4,0,0,1,5,12,8,8,2,1,2,1,1,53,0,34,34,2016,0,,12,68.0,12.0,,,,1,1,17,2,0.0,,1,0,3,0,11,0,,,,,0.0,0.0,3.0,3.0,1,0,,,,96,,,,,,98,,,,,,98665,53,62.0,116.0,6.0,2.0,0.0,0.0,0.0,0.0,,0,,,,,,0,,,8,0,0,0,8.0,2,3,,,0,,,8,0,0.0,0.0,,,0.0,,,2,10,0.0,,,,,,,,,,,,,,,,,,,,,,,,,,,,,,0,0,0,0,0,0,0,0,0,0,0,0,0,0,0,0,1,0,0,0,1,0,1,0,1,0,0,0,0,1,1,0,0,0,0,,0,0,0,0,0,0,0,0,0,0,0,0,0,0,0,0,,,,,,16-17,16-25,State route,U,Monday,Belt Used,PV,Not Fatal,1,0,0,0,State Route,Municipal/City Police,Battleground Police Department,0,1,0,0,0,,,,,,0.0,0.0,0.0,,,,,,,,,,,98.0,98.0,98.0,0.0,,,,,20.0,,,,,,,,,1.0,0.0,,,,,,,98604,Vancouver,Battle Ground
4005,4103,4103,2021,624,EB52044,57.0,2021-07-26,9:59,26,7,,11,Clark,107,1,,1,1,2,1,0,4,3,,,,12,0,1,8.6,1,0,1,2,2,1,3,0,0,50,3,SR-503,,-122.5474778,45.791091667,0,3,98,62,4,55,14,0,0,1,5,12,8,8,2,1,1,2,2,53,0,48,498,2021,0,,12,,,,,,1,1,58,2,0.0,,9,0,3,0,11,5,,,,,0.0,0.0,3.0,3.0,1,0,,,,96,,,,,,98,,,,,,98604,53,66.0,230.0,6.0,1.0,0.0,0.0,0.0,0.0,,0,,,,,,0,,,8,0,0,0,8.0,2,3,,,0,,,8,0,0.0,0.0,,,0.0,,,2,10,0.0,,,,,,,,,,,,,,,,,,,,,,,,,,,,,,0,0,0,0,0,0,0,0,0,0,0,0,0,0,0,0,1,0,0,0,1,0,1,0,1,0,0,0,0,1,1,0,0,0,0,,0,0,0,0,0,0,0,0,0,0,0,0,0,0,0,0,,,,,,56-60,56-65,State route,U,Monday,Belt Used,PV,Not Fatal,1,0,0,0,State Route,Municipal/City Police,Battleground Police Department,0,1,0,0,0,,,,,,0.0,0.0,0.0,,,,,,,,,,,98.0,98.0,98.0,0.0,,,,,20.0,,,,,,,,,1.0,0.0,,,,,,,98604,Battle Ground,Battle Ground
4006,4104,4104,2021,625,3907086,263.0,2021-07-28,12:00,28,7,,33,King,1960,1,,1,1,1,1,1,1,1,,,,8,0,0,0.0,3,0,2,4,2,4,6,0,0,3,3,LENORA ST,5th Ave,-122.3405222,47.614472222,0,1,13,80,5,25,61,0,0,1,5,8,1,1,3,4,11,1,3,53,0,12,881,2006,0,,8,,,,,,1,1,29,1,0.0,,0,0,3,0,11,0,,,,,0.0,0.0,3.0,3.0,1,38,,,,92,,,,,,98,,,,,,98290,53,68.0,145.0,6.0,1.0,0.0,1.0,0.0,0.0,,2,,,,,,0,05/15/2017,05/15/2017,20,0,0,0,8.0,9,2,,,0,,,8,8,0.0,0.0,,,0.0,,,0,0,996.0,,,,,,,,,,,,,,,,,,,,,,,,,,,,,,0,0,0,1,0,0,0,0,0,0,0,0,0,0,0,0,1,0,1,0,0,0,0,0,0,0,0,0,0,0,1,1,0,0,0,,0,0,0,0,0,0,0,0,1,0,1,0,0,0,0,0,,,,,,26-30,26-35,City street,U,Wednesday,,MHTRUCK,Not Fatal,1,0,0,0,City Street,Municipal/City Police,Seattle Police Department,0,0,0,1,0,,,,,,0.0,0.0,0.0,,,,,,,,,,,98.0,98.0,98.0,0.0,,,,,20.0,,,,,,,,,1.0,0.0,,,,,,,98121,Snohomish,Seattle
4007,4105,4105,2021,626,EB63350,40.0,2021-08-28,15:00,28,8,,63,Spokane,0,1,,1,1,2,1,0,1,1,,,,18,0,0,,1,0,1,6,1,2,4,0,0,0,0,CR-E VALLEY SPRINGS RD,,-117.3268889,47.702008333,0,1,1,13,2,35,80,0,0,1,5,18,1,1,2,1,1,1,1,53,0,37,706,2012,0,,63,18.0,,,,,1,1,72,1,7.0,,4,0,20,7,11,5,09/02/2021,22:45,211053053895.0,53895.0,0.0,0.0,3.0,3.0,1,58,,,,92,,,,,,98,,,,,,99205,53,71.0,240.0,6.0,1.0,0.0,0.0,0.0,0.0,,0,,,,,,0,,,20,8,0,0,0.0,9,8,,,0,,,8,8,0.0,0.0,,,0.0,,,0,0,996.0,,,,,,,,,,,,,,,,,,,,,,,,,,,,,,0,0,1,0,0,0,0,0,0,0,0,0,0,0,0,0,1,0,0,0,0,0,0,0,0,1,1,0,1,0,0,0,0,0,1,0.0,0,0,0,0,0,0,0,0,1,0,0,0,0,0,0,0,,,,,,71-75,66-75,County road,R,Saturday,,MC,White,0,1,0,0,County Road,County Sheriff,Spokane County Sheriff's Office,1,0,1,0,0,,,,,,0.0,0.0,0.0,,,,,,,,,,,0.0,0.0,0.0,1.0,,,,,5.0,,,,,,,,,1.0,0.0,,,VALLEY SPRINGS RD,0.38,,,99217,Spokane,Spokane
4008,4106,4106,2021,627,EB86913,30.0,2021-11-06,9:00,6,11,,43,Lincoln,0,10,,1,2,2,1,0,2,1,,,,35,0,0,6.5,1,0,1,5,1,2,4,0,0,0,0,CR-SPRAGUE HIGHWAY RD E,,-117.9316417,47.300311111,0,1,2,4,1,50,14,0,0,1,7,1,1,1,2,1,1,2,2,32,0,12,401,2000,0,,63,69.0,68.0,64.0,69.0,35.0,1,1,37,1,0.0,,0,0,3,0,11,0,,,,,0.0,0.0,0.0,0.0,1,28,,,,96,,,,,,98,,,,,,99032,53,71.0,150.0,0.0,0.0,0.0,2.0,0.0,0.0,,62,72.0,76.0,,,,0,03/15/2017,11/15/2021,20,0,0,0,8.0,9,8,,,0,,,8,8,8.0,95.0,,,96.0,,,8,95,995.0,,,,,,,,,,,,,,,,,,,,,,,,,,,,,,0,0,0,0,0,0,0,0,0,0,0,0,0,1,0,0,0,0,0,1,0,0,0,0,0,0,0,0,0,1,0,0,0,0,0,,0,0,0,0,0,0,0,0,0,0,0,1,0,0,0,0,,,,,,36-40,36-45,County road,R,Saturday,Belt Used,PV,Not Fatal,0,1,0,0,County Road,County Sheriff,Lincoln County Sheriff's Office,1,0,1,0,0,,,,,,0.0,0.0,0.0,,,,,,,,,,,98.0,98.0,98.0,0.0,,,,,20.0,,,,,,,,,1.0,0.0,,,SPRAGUE HIGHWAY ROAD #93150,6.46,,,99032,Sprague,Sprague
4009,4107,4107,2021,628,EC01621,290.0,2021-12-17,16:45,17,12,,53,Pierce,2230,2,,3,2,2,1,0,5,3,,,,12,0,6,,2,0,2,3,2,4,6,0,0,20,3,S ORCHARD ST,48th St W,-122.5052333,47.213811111,0,1,83,17,2,30,80,0,0,1,2,12,1,2,5,5,1,1,5,53,0,37,706,2008,0,,12,12.0,,,,,1,1,47,1,7.0,,4,0,20,7,11,0,12/20/2021,9:02,196053068591.0,68591.0,0.0,0.0,0.0,0.0,1,0,,,,96,,,,,,98,,,,,,98466,53,72.0,260.0,0.0,0.0,0.0,0.0,0.0,0.0,,0,,,,,,3,,,20,8,0,0,0.0,9,8,,,0,,,8,8,8.0,95.0,,,96.0,,,8,95,995.0,,,,,,,,,,,,,,,,,,,,,,,,,,,,,,0,0,0,1,0,0,0,0,0,0,0,0,1,1,1,0,0,0,0,0,0,0,0,0,0,0,0,0,1,1,0,0,0,0,1,0.0,0,0,0,0,0,0,0,0,0,1,0,1,0,0,0,0,,,,,,46-50,46-55,City street,U,Friday,,MC,White,1,0,0,0,City Street,Municipal/City Police,Tacoma Police Department,0,0,0,1,0,,,,,,0.0,0.0,0.0,,,,,,,,,,,0.0,0.0,0.0,1.0,,,,,99.0,,,,,,,,,1.0,0.0,,,,,,,98409,Tacoma,Tacoma
4010,4108,4108,2021,628,EC01621,290.0,2021-12-17,16:45,17,12,,53,Pierce,2230,2,,3,2,2,1,0,5,3,,,,12,0,6,,2,0,2,3,2,4,6,0,0,20,3,S ORCHARD ST,48th St W,-122.5052333,47.213811111,0,2,82,66,4,30,4,0,0,1,2,12,1,2,5,5,11,1,1,53,0,7,24,2010,0,,12,,,,,,1,1,26,2,0.0,,0,0,3,0,11,0,,,,,0.0,0.0,0.0,3.0,1,0,,,,96,,,,,,0,,,,,,98405,53,73.0,250.0,6.0,1.0,0.0,0.0,0.0,0.0,,0,,,,,,0,,,8,0,0,0,8.0,9,8,,,0,,,8,8,8.0,95.0,,,96.0,,,8,95,995.0,,,,,,,,,,,,,,,,,,,,,,,,,,,,,,0,0,0,1,0,0,0,0,0,0,0,0,1,1,1,0,0,0,0,0,0,0,0,0,0,0,0,0,1,1,0,0,0,0,0,,0,0,0,0,0,0,0,0,0,0,0,0,0,0,0,0,,,,,,26-30,26-35,City street,U,Friday,Belt Used,PV,Not Fatal,1,0,0,0,City Street,Municipal/City Police,Tacoma Police Department,0,0,0,1,0,,,,,,0.0,0.0,0.0,,,,,,,,,,,98.0,98.0,98.0,0.0,,,,,20.0,,,,,,,,,1.0,0.0,,,,,,,98409,Tacoma,Tacoma
4011,4109,4109,2021,628,EC01621,290.0,2021-12-17,16:45,17,12,,53,Pierce,2230,2,,3,2,2,1,0,5,3,,,,12,0,6,,2,0,2,3,2,4,6,0,0,20,3,S ORCHARD ST,48th St W,-122.5052333,47.213811111,0,3,98,62,4,30,15,0,0,1,2,12,1,2,5,5,1,3,1,53,0,2,422,2020,0,,12,,,,,,1,1,44,2,0.0,,0,0,3,0,11,0,,,,,0.0,0.0,0.0,3.0,1,0,,,,96,,,,,,0,,,,,,98467,53,64.0,150.0,6.0,1.0,0.0,0.0,0.0,0.0,,0,,,,,,0,,,8,0,0,0,8.0,9,8,,,0,,,8,8,8.0,95.0,,,96.0,,,8,95,995.0,,,,,,,,,,,,,,,,,,,,,,,,,,,,,,0,0,0,1,0,0,0,0,0,0,0,0,1,1,1,0,0,0,0,0,0,0,0,0,0,0,0,0,1,1,0,0,0,0,0,,0,0,0,0,0,0,0,0,0,0,0,0,0,0,0,0,,,,,,41-45,36-45,City street,U,Friday,Belt Used,PV,Not Fatal,1,0,0,0,City Street,Municipal/City Police,Tacoma Police Department,0,0,0,1,0,,,,,,0.0,0.0,0.0,,,,,,,,,,,98.0,98.0,98.0,0.0,,,,,20.0,,,,,,,,,1.0,0.0,,,,,,,98409,University Place,Tacoma